M,X,Taw,hg0,sigma,hg,q,Twg,Twc,Tb,p,h,rho,v,Re,Pr,f,hc,eta_fin,hce,kw,Tsat,xq,chf,chf_ratio,Rg,Rw,Rc,G,hc_lo,q_c,T_sl,q_nb_max,x,r,s,nx,nr,w,Dh,pitch,A_flow,regime,onb,margin_sat
0.04964516467402698,1.0002992802299642,2792.9804310902146,741.4122254509282,1.4325321490643421,1062.0968486677946,2436156.5778297354,499.2568588138761,410.3239980983742,283.6209364635034,3099854.285173115,414883.7566822921,75.99191091130167,41.55771799127511,289494.2218917483,1.094612486181639,0.03486646546125236,18422.953721799095,0.5792228463666573,19227.290535805525,13.69660527183002,272.8716738449232,1.0708976461103827,,,0.0009415337228938362,3.650539605082701e-05,5.2009408093031925e-05,3158.050403269977,18422.953721799095,2334244.640909483,290.845320548747,14915953.267665038,0.0,0.0485,0.0,-0.0,1.0,0.005557521601035995,0.0013216415145030625,0.006157521601035994,0.0002084070600388498,vapour,False,
0.04964516467402698,1.0002992802299642,2792.9804310902146,741.4122254509282,1.432642239499019,1062.1784710619693,2436738.889352071,498.88489466325973,409.88697125464523,283.37919238283894,3100711.53450923,414525.5449088987,76.17929515363497,41.45549518279164,289701.64289744163,1.097357643816523,0.0348663013788116,18457.994945442373,0.5787139836872085,19261.57356553768,13.68986374077696,272.8824444768938,1.0693850410467767,,,0.0009414613713646417,3.652337302019215e-05,5.191683828932723e-05,3158.050403269977,18457.994945442373,2335079.9429749427,290.84870896130917,14906985.710336301,0.0003174978133424253,0.0485,0.0003174978133424253,-0.0,1.0,0.005557521601035995,0.0013216415145030625,0.006157521601035994,0.0002084070600388498,vapour,False,
0.04964516467402698,1.0002992802299642,2792.9804310902146,741.4122254509282,1.4327526831529125,1062.2603553371894,2437323.0548447133,498.5118080274224,409.44855375282987,283.13827922113586,3101567.2626491366,414167.2472605033,76.3674610612386,41.35335075154005,289908.38392346434,1.1001342116315782,0.03486613806643831,18493.50727705956,0.5782000585865309,19296.31666055112,13.683101267163142,272.8931752827269,1.067872015264745,,,0.0009413887988717923,3.6541423631783354e-05,5.182336181517862e-05,3158.050403269977,18493.50727705956,2335919.9812192745,290.8520857757963,14898069.855834112,0.0006349956266848506,0.0485,0.0006349956266848506,-0.0,1.0,0.005557521601035995,0.0013216415145030625,0.006157521601035994,0.0002084070600388498,vapour,False,
0.04964516467402698,1.0002992802299642,2792.9804310902146,741.4122254509282,1.432863481910754,1062.342502890818,2437909.0841419813,498.13759320317877,409.0087381165768,282.89824287525295,3102421.5138387317,413808.86346311803,76.55649167724638,41.25124250186339,290114.36857517285,1.1029427953164839,0.03486597558157461,18529.503270246885,0.5776809533403947,19331.532078094064,13.676317741169203,272.9039039267816,1.0663586484205334,,,0.0009413160042818834,3.6559548371333355e-05,5.1728957433910335e-05,3158.050403269977,18529.503270246885,2336764.833986565,290.8554628393435,14889141.306394702,0.0009524934400272759,0.0485,0.0009524934400272759,-0.0,1.0,0.005557521601035995,0.0013216415145030625,0.006157521601035994,0.0002084070600388498,vapour,False,
0.04964516467402698,1.0002992802299642,2792.9804310902146,741.4122254509282,1.4329747018003878,1062.4249626767057,2438497.326323581,497.76202791945616,408.5672622644511,282.6589096508078,3103274.401889044,413450.3931914388,76.74640723825341,41.149162767529276,290319.77169010096,1.1057851295800971,0.0348658137835838,18566.00410576661,0.577156391625593,19367.240343507987,13.669509126552388,272.91459277706133,1.064844005573042,,,0.0009412429443304586,3.657775823337893e-05,5.16335823929198e-05,3158.050403269977,18566.00410576661,2337614.991575211,290.85882830127144,14880266.150045412,0.0012699912533697011,0.0485,0.0012699912533697011,-0.0,1.0,0.005557521601035995,0.0013216415145030625,0.006157521601035994,0.0002084070600388498,vapour,False,
0.04964516467402698,1.0002992802299642,2792.9804310902146,741.4122254509282,1.4330863141056878,1062.5077134043659,2439087.629353916,497.38520991401265,408.1242401997799,282.4203966807744,3104125.8911050702,413091.8361425114,76.93724550900448,41.04709471175919,290524.45285708917,1.108661095438731,0.034865652780423396,18603.013557269427,0.5766263885228032,19403.44512206696,13.662677187815744,272.92527948270873,1.0633285936672914,,,0.0009411696380028285,3.659604871919946e-05,5.153723958343509e-05,3158.050403269977,18603.013557269427,2338470.305184934,290.8621940104663,14871379.159993457,0.0015874890667121264,0.0485,0.0015874890667121264,1.4210854715202007e-14,1.0,0.005557521601035995,0.0013216415145030625,0.006157521601035994,0.0002084070600388498,vapour,False,
0.04964516467402698,1.0002992802299642,2792.9804310902146,741.4122254509282,1.4331982912525063,1062.5907346299882,2439679.8472499074,497.00723299956417,407.6797813810767,282.18275325266336,3104975.9020955293,412733.1920348418,77.12891240130332,40.94509185917954,290728.3787819012,1.1115701765442907,0.03486549259536792,18640.525644677306,0.576091070040692,19440.140405185804,13.655823618867114,272.93593896610014,1.0618127903414922,,,0.0009410961035230715,3.661441550176378e-05,5.1439957693579333e-05,3158.050403269977,18640.525644677306,2339330.5711584785,290.86555206530835,14862522.625202239,0.0019049868800545518,0.0485,0.0019049868800545518,-0.0,1.0,0.005557521601035995,0.0013216415145030625,0.006157521601035994,0.0002084070600388498,vapour,False,
0.04964516467402698,1.0002992802299642,2792.9804310902146,741.4122254509282,1.4333106672731184,1062.6740515855176,2440274.1598514714,496.62798302717556,407.2337507344401,281.9459297226405,3105824.5135305854,412374.4605604987,77.32148677993774,40.84311534590643,290931.5760885504,1.1145136589552314,0.034865333204598496,18678.56006575378,0.5755502107307892,19477.345364811215,13.648946342871508,272.94658378009314,1.0602961930601393,,,0.0009410223186573461,3.663286435741152e-05,5.13416988439632e-05,3158.050403269977,18678.56006575378,2340196.0902763065,290.86890641512304,14853675.82225212,0.002222484693396977,0.0485,0.002222484693396977,-0.0,1.0,0.005557521601035995,0.0013216415145030625,0.006157521601035994,0.0002084070600388498,vapour,False,
0.04964516467402698,1.0002992802299642,2792.9804310902146,741.4122254509282,1.4334234772378234,1062.7576902725025,2440870.75246889,496.2473424375935,406.7860090784709,281.70985051584535,3106671.7599603725,412015.64138430933,77.51499578285261,40.74115429376804,291134.1135185003,1.11749272206093,0.03486517455146337,18717.133433683353,0.5750036212527455,19515.07609858955,13.642043220340659,272.9572013988815,1.0587783482066695,,,0.0009409482605047904,3.665140125450463e-05,5.124243405191102e-05,3158.050403269977,18717.133433683353,2341067.1491891984,290.8722531076439,14844860.681585122,0.0025399825067394023,0.0485,0.0025399825067394023,-0.0,1.0,0.005557521601035995,0.0013216415145030625,0.006157521601035994,0.0002084070600388498,vapour,False,
0.04964516467402698,1.0002992802299642,2792.9804310902146,741.4122254509282,1.433536661380016,1062.8416063792513,2441469.3088701954,495.86551366853837,406.336793635603,281.47466027518,3107517.482877491,411656.7342175885,77.70934972580443,40.6392591678232,291335.8537296523,1.1205061811324764,0.03486501674072404,18756.233461688986,0.574451532479226,19553.32047565397,13.63511791507819,272.96779183843375,1.0572601143819476,,,0.0009408739684238258,3.6670016578813923e-05,5.114220887675368e-05,3158.050403269977,18756.233461688986,2341943.3238326386,290.8755921411168,14836075.39802498,0.0028574803200818277,0.0485,0.0028574803200818277,-0.0,1.0,0.005557521601035995,0.0013216415145030625,0.006157521601035994,0.0002084070600388498,vapour,False,
0.04964516467402698,1.0002992802299642,2792.9804310902146,741.4122254509282,1.4336502538201206,1062.9258252030636,2442070.009343067,495.4823823655738,405.88596898851114,281.2403238170158,3108361.8046735115,411297.7387451478,77.90465508795835,40.53737738398785,291536.80017537164,1.1235554394130864,0.03486485976666037,18795.882749432185,0.5738936899122847,19592.100518097628,13.628168345677645,272.97838017333225,1.0557411130071208,,,0.0009407994201372969,3.668871614420449e-05,5.104097945374868e-05,3158.050403269977,18795.882749432185,2342824.931870755,290.878931417692,14827278.237878764,0.0031749781334242527,0.0485,0.0031749781334242527,-0.0,1.0,0.005557521601035995,0.0013216415145030625,0.006157521601035994,0.0002084070600388498,vapour,False,
0.04964516467402698,1.0002992802299642,2792.9804310902146,741.4122254509282,1.4337642265830206,1063.010326002846,2442672.70579362,495.09804364567344,405.43364616744685,281.00688891179976,3109204.645953031,410938.6546735695,78.10081616252941,40.43556211625252,291736.92102674476,1.1266399492007892,0.03486470365109408,18836.075270409525,0.5733302242023637,19631.410153805642,13.621196230012975,272.9889413508616,1.0542217238864315,,,0.000940724634124883,3.6707495550082366e-05,5.0938775776438314e-05,3158.050403269977,18836.075270409525,2343711.7653203434,290.8822630328705,14818511.382121751,0.003492475946766678,0.0485,0.003492475946766678,-0.0,1.0,0.005557521601035995,0.0013216415145030625,0.006157521601035994,0.0002084070600388498,vapour,False,
0.04964516467402698,1.0002992802299642,2792.9804310902146,741.4122254509282,1.433878646627197,1063.0951584224354,2443277.752139712,494.7122725131603,404.9795594407398,280.77422585877207,3110046.1209704964,410579.481657408,78.29793551119822,40.33376337002284,291936.3234988951,1.129761845503124,0.034864548307485775,18876.841310923515,0.5727607656489699,19671.27885476272,13.614197478726764,272.9994753868829,1.0527010899201112,,,0.0009406495665768392,3.672636604407191e-05,5.083553577696778e-05,3158.050403269977,18876.841310923515,2344604.371997125,290.8855869849071,14809776.063419202,0.0038099737601091036,0.0485,0.0038099737601091036,-0.0,1.0,0.005557521601035995,0.0013216415145030625,0.006157521601035994,0.0002084070600388498,vapour,False,
0.04964516467402698,1.0002992802299642,2792.9804310902146,741.4122254509282,1.4339934852474996,1063.1803011794814,2443884.9964189567,494.3251665901712,404.52382273614694,280.5424234460078,3110886.193408952,410220.2193735572,78.49599750376032,40.231992760123745,292134.90965239314,1.1329208250735474,0.034864393809270255,18918.18120796704,0.5721853761184637,19711.706839989918,13.607173854723156,273.0099948191069,1.0511796650843372,,,0.000940574236458868,3.6745323116926744e-05,5.073127396412271e-05,3158.050403269977,18918.18120796704,2345502.5781881684,290.88890722487037,14801050.341981146,0.004127471573451529,0.0485,0.004127471573451529,-0.0,1.0,0.005557521601035995,0.0013216415145030625,0.006157521601035994,0.0002084070600388498,vapour,False,
0.04964516467402698,1.0002992802299642,2792.9804310902146,741.4122254509282,1.4341087136404242,1063.2657329187148,2444494.286163496,493.936823756756,404.0665503585321,280.31155585848626,3111724.7835926395,409860.8675213243,78.69495898495822,40.13027573816523,292332.60425776726,1.13611647287809,0.03486424021185902,18960.092916751528,0.5716041447513188,19752.691970444805,13.600127126195135,273.0204996559006,1.0496578788761746,,,0.0009404986627895481,3.676436222694953e-05,5.0626010950621906e-05,3158.050403269977,18960.092916751528,2346406.194632943,290.89222375187944,14792333.327096606,0.004444969386793954,0.0485,0.004444969386793954,-0.0,1.0,0.005557521601035995,0.0013216415145030625,0.006157521601035994,0.0002084070600388498,vapour,False,
0.04964516467402698,1.0002992802299642,2792.9804310902146,741.4122254509282,1.4342243998032331,1063.3515040541367,2445105.9807508294,493.54701567808434,403.60747246966923,280.081481285021,3112562.006041712,409501.4257471864,78.89489735234423,40.02857610887228,292529.5349448238,1.1393509192160982,0.03486408741307964,19002.6062315174,0.5710167115964648,19794.26319353191,13.593053141735659,273.0309773886471,1.0481348496151248,,,0.0009404228011033015,3.678349483272574e-05,5.051968796326634e-05,3158.050403269977,19002.6062315174,2347315.7698397595,290.89553261167464,14783647.760038922,0.004762467200136379,0.0485,0.004762467200136379,-0.0,1.0,0.005557521601035995,0.0013216415145030625,0.006157521601035994,0.0002084070600388498,vapour,False,
0.04964516467402698,1.0002992802299642,2792.9804310902146,741.4122254509282,1.4343404824002524,1063.437569110729,2445719.755695923,493.1559498645888,403.1468324678316,279.8523546829721,3113397.745180249,409141.89374532143,79.09574686533085,39.92693069384505,292725.5441759008,1.1426229464566284,0.03486393553213092,19045.710057583932,0.5704233007473694,19836.409542717218,13.585955658887727,273.0414405475647,1.0466114601189627,,,0.0009403466917538214,3.6802711016718766e-05,5.041234896096114e-05,3158.050403269977,19045.710057583932,2348230.8755916576,290.8988377561883,14774970.855625749,0.0050799650134788045,0.0485,0.0050799650134788045,-0.0,1.0,0.005557521601035995,0.0013216415145030625,0.006157521601035994,0.0002084070600388498,vapour,False,
0.04964516467402698,1.0002992802299642,2792.9804310902146,741.4122254509282,1.4344569974132566,1063.5239547658189,2446335.801081921,492.7635059147133,402.6844875643003,279.62410176623257,3114232.079822554,408782.27118196414,79.29753588667033,39.82532834038334,292920.6992274109,1.1459338248957502,0.03486378451373091,19089.42344427674,0.5698237062956165,19879.149453473707,13.578832484416736,273.05187662889875,1.0450872582173836,,,0.0009402703112786901,3.682201695718739e-05,5.030396307148135e-05,3158.050403269977,19089.42344427674,2349151.813715374,290.90213523059595,14766324.93620479,0.00539746282682123,0.0485,0.00539746282682123,-0.0,1.0,0.005557521601035995,0.0013216415145030625,0.006157521601035994,0.0002084070600388498,vapour,False,
0.04964516467402698,1.0002992802299642,2792.9804310902146,741.4122254509282,1.434573948080425,1063.6106634202322,2446954.133855241,492.369673779247,402.2204249063766,279.39674316973617,3115064.9662925713,408422.55772085814,79.50029760268137,39.72375574055037,293114.96211244946,1.1492841081306826,0.03486363438419302,19133.75845521018,0.5692178336828038,19922.49458131389,13.571683427479027,273.06229815789413,1.0435622679535872,,,0.0009401936576907939,3.684141342315971e-05,5.019451735416408e-05,3158.050403269977,19133.75845521018,2350078.658928488,290.90542898740387,14757688.037127411,0.005714960640163655,0.0485,0.005714960640163655,-0.0,1.0,0.005557521601035995,0.0013216415145030625,0.006157521601035994,0.0002084070600388498,vapour,False,
0.04964516467402698,1.0002992802299642,2792.9804310902146,741.4122254509282,1.4346913382684707,1063.6976979407973,2447574.7742822543,491.97444130524855,401.75462914673244,279.17027187479977,3115896.4471596233,408062.7530227677,79.70401110200174,39.622226781390474,293308.3399837314,1.1526741960761373,0.03486348513488393,19178.723267323476,0.5686056325088085,19966.45272489966,13.564508258905864,273.0726926356361,1.0420364667171016,,,0.000940116728592993,3.686090129155414e-05,5.008400910157292e-05,3158.050403269977,19178.723267323476,2351011.4650211097,290.90871507122483,14749082.056176638,0.00603245845350608,0.0485,0.00603245845350608,-0.0,1.0,0.005557521601035995,0.0013216415145030625,0.006157521601035994,0.0002084070600388498,vapour,False,
0.04964516467402698,1.0002992802299642,2792.9804310902146,741.4122254509282,1.4348091710087527,1063.7850605750007,2448197.7382112807,491.5777991638247,401.2870882502888,278.9447225174205,3116726.5213861177,407702.8567461275,79.90873707537135,39.5207147410082,293500.7714950683,1.1561047296817342,0.03486333680998731,19224.332518245967,0.5679869828793974,20011.03806964844,13.557306800672526,273.0830850871596,1.0405099009145178,,,0.000940039522137561,3.6880481304383914e-05,4.997242004735081e-05,3158.050403269977,19224.332518245967,2351950.3199175214,290.9120013899335,14740464.10200164,0.0063499562668485054,0.0485,0.0063499562668485054,-0.0,1.0,0.005557521601035995,0.0013216415145030625,0.006157521601035994,0.0002084070600388498,vapour,False,
0.04964516467402698,1.0002992802299642,2792.9804310902146,741.4122254509282,1.4349274508395373,1063.8727546875687,2448823.049453117,491.17973296793616,400.8177842031937,278.7200601898344,3117555.146179262,407342.8685458717,80.11440008408036,39.419260456991395,293692.30954978114,1.1595759552902387,0.034863189365574386,19270.590635770837,0.5673618781738048,20056.254686493412,13.550078782766315,273.0934380064581,1.0389825026362094,,,0.0009399620354914283,3.6900154457841654e-05,4.9859757747962546e-05,3158.050403269977,19270.590635770837,2352895.257020774,290.9152760782706,14731897.957935868,0.006667454080190931,0.0485,0.006667454080190931,-0.0,1.0,0.005557521601035995,0.0013216415145030625,0.006157521601035994,0.0002084070600388498,vapour,False,
0.04964516467402698,1.0002992802299642,2792.9804310902146,741.4122254509282,1.4350461808853743,1063.9607825950807,2449450.724343504,490.78023310067147,400.3467045978157,278.4963195622181,3118382.3634800687,406982.7880745332,80.32106098197129,39.31783724792713,293882.89248153224,1.1630885204278618,0.034863042845976265,19317.512748842273,0.566730196086458,20102.117228664618,13.542824021657779,273.10377641606954,1.0374543180977125,,,0.0009398842667498745,3.6919921517136785e-05,4.97460037977517e-05,3158.050403269977,19317.512748842273,2353846.3663764964,290.9185470443982,14723341.219369702,0.006984951893533356,0.0485,0.006984951893533356,-0.0,1.0,0.005557521601035995,0.0013216415145030625,0.006157521601035994,0.0002084070600388498,vapour,False,
0.04964516467402698,1.0002992802299642,2792.9804310902146,741.4122254509282,1.4351653649057738,1064.0491470848833,2450080.7825717577,490.3792878214954,399.87383450632774,278.2735075125105,3119208.1301493384,406622.61498175043,80.52872625656528,39.21644548565686,294072.50417650584,1.166642916691945,0.034862897260351695,19365.110071426334,0.5660918587774273,20148.636464574072,13.535542295113554,273.11410032416666,1.0359253476334576,,,0.0009398062135942167,3.6939783356925733e-05,4.963115006607169e-05,3158.050403269977,19365.110071426334,2354803.7169567063,290.92181428745056,14714793.403988257,0.007302449706875782,0.0485,0.007302449706875782,-0.0,1.0,0.005557521601035995,0.0013216415145030625,0.006157521601035994,0.0002084070600388498,vapour,False,
0.04964516467402698,1.0002992802299642,2792.9804310902146,741.4122254509282,1.4352850070025838,1064.1378511981368,2450713.2456337595,489.9768842523249,399.3991576415587,278.0516168525955,3120032.4881791933,406262.3489140018,80.73737489025976,39.115098893944435,294261.15176469623,1.1702395568580082,0.03486275260000991,19413.391916277884,0.5654468105702247,20195.821272520232,13.528233360090056,273.12439724385257,1.0343955696072096,,,0.0009397278734837572,3.69597409130346e-05,4.95151935891147e-05,3158.050403269977,19413.391916277884,2355767.3674126593,290.92507385064215,14706276.34828579,0.007619947520218207,0.0485,0.007619947520218207,-0.0,1.0,0.005557521601035995,0.0013216415145030625,0.006157521601035994,0.0002084070600388498,vapour,False,
0.04964516467402698,1.0002992802299642,2792.9804310902146,741.4122254509282,1.4354050773009603,1064.2268727852666,2451347.955419663,489.57312377043263,398.92279251120476,277.83073283429883,3120855.3579725134,405901.9895410086,80.94698887919266,39.01380949429918,294448.7385089429,1.1738780212997584,0.03486260893581106,19462.358962215265,0.5647951243510798,20243.672144649896,13.520899048949271,273.1346796831426,1.032865436418773,,,0.0009396492661220124,3.6979789449641346e-05,4.939815231419292e-05,3158.050403269977,19462.358962215265,2356737.132905935,290.9283296884705,14697767.768995482,0.007937445333560632,0.0485,0.007937445333560632,-1.4210854715201978e-14,1.0,0.005557521601035995,0.0013216415145030625,0.006157521601035994,0.0002084070600388498,vapour,False,
0.04964516467402698,1.0002992802299642,2792.9804310902146,741.4122254509282,1.4355256465075537,1064.316264269048,2451985.285502974,489.16776955304385,398.4444585778337,277.6107332798217,3121676.896742687,405541.53647757514,81.15767861096978,38.91252753061267,294635.3628020192,1.1775607912555897,0.03486246618911007,19512.049414389465,0.5641363674159571,20292.22619310666,13.513535050396165,273.14494765014985,1.0313340890460232,,,0.0009395703453679541,3.699994103210928e-05,4.9279955313119044e-05,3158.050403269977,19512.049414389465,2357713.6189395725,290.93158180007447,14689269.395344414,0.008254943146903058,0.0485,0.008254943146903058,1.421085471520203e-14,1.0,0.005557521601035995,0.0013216415145030625,0.006157521601035994,0.0002084070600388498,vapour,False,
0.04964516467402698,1.0002992802299642,2792.9804310902146,741.4122254509282,1.43564665187275,1064.4059791261495,2452624.9039936406,488.76103351863776,397.9644047690046,277.39173937138105,3122496.9041026253,405180.98938729503,81.36931873098632,38.8113167533177,294820.91752966016,1.1812862790066931,0.03486232443856249,19562.446788890797,0.5634708352174627,20341.46708049784,13.506145204777441,273.1551886651289,1.029802365894252,,,0.000939491152446339,3.702018543552592e-05,4.9160662603275996e-05,3158.050403269977,19562.446788890797,2358696.3510357453,290.9348262278352,14680800.357828952,0.008572440960245483,0.0485,0.008572440960245483,-0.0,1.0,0.005557521601035995,0.0013216415145030625,0.006157521601035994,0.0002084070600388498,vapour,False,
0.04964516467402698,1.0002992802299642,2792.9804310902146,741.4122254509282,1.4357681644196423,1064.4960700139611,2453267.1861133864,488.3526779025383,397.4823492998217,277.1736441288841,3123315.579247646,404820.3478786026,81.58204840375578,38.7101141128566,295005.47628955997,1.1850570984462572,0.034862183624649705,19613.592817307388,0.562798061317886,20391.43537142823,13.498725182556624,273.16541522879436,1.0282694295284887,,,0.0009394116410283081,3.704053480888047e-05,4.9040196621036555e-05,3158.050403269977,19613.592817307388,2359685.9556002533,290.9380669270957,14672341.479617372,0.008889938773587907,0.0485,0.008889938773587907,-1.4210854715202004e-14,1.0,0.005557521601035995,0.0013216415145030625,0.006157521601035994,0.0002084070600388498,vapour,False,
0.04964516467402698,1.0002992802299642,2792.9804310902146,741.4122254509282,1.4358901210443724,1064.5864901465109,2453911.798112663,487.942915749446,396.9985424881669,276.9565675323392,3124132.763772991,404459.61160899495,81.79574118111356,38.60898327551512,295188.93312950927,1.1888716168559446,0.034862043824898305,19665.470803692777,0.5621183460310857,20442.114510492167,13.491278845051218,273.1756148661382,1.0267361189375421,,,0.0009393318525603097,3.706097885475154e-05,4.89186184475553e-05,3158.050403269977,19665.470803692777,2360681.953711449,290.94129993968465,14663912.334750421,0.009207436586930334,0.0485,0.009207436586930334,1.4210854715202004e-14,1.0,0.005557521601035995,0.0013216415145030625,0.006157521601035994,0.0002084070600388498,vapour,False,
0.04964516467402698,1.0002992802299642,2792.9804310902146,741.4122254509282,1.4360125596235127,1064.6772676059522,2454558.939996287,487.53162075199634,396.51283404658585,276.74045248802724,3124948.4946990167,404098.78020656743,82.01045622075316,38.507899465517376,295371.32824590313,1.1927313587237633,0.03486190500530091,19718.107487755242,0.5614314221492938,20493.530378672607,13.483803887326282,273.1857875923472,1.0252020052479414,,,0.0009392517624130489,3.708152418843475e-05,4.8795887361637264e-05,3158.050403269977,19718.107487755242,2361684.6936360924,290.94452526391484,14655513.294633726,0.009524934400272758,0.0485,0.009524934400272758,-1.4210854715202004e-14,1.0,0.005557521601035995,0.0013216415145030625,0.006157521601035994,0.0002084070600388498,vapour,False,
0.04964516467402698,1.0002992802299642,2792.9804310902146,741.4122254509282,1.4361354838417921,1064.7684051241886,2455208.631035847,487.1187815332055,396.02520932952393,276.52533431543907,3125762.8126816507,403737.85329658247,82.2262563164116,38.406836754401276,295552.5968481098,1.1966369977796625,0.03486176721178872,19771.52091511606,0.5607371525754555,20545.700409698864,13.47630009253619,273.1959583791731,1.0236671306022938,,,0.0009391713683346621,3.71021717063813e-05,4.867198392165482e-05,3158.050403269977,19771.52091511606,2362694.278194735,290.94775081383966,14647102.162171086,0.009842432213615184,0.0485,0.009842432213615184,1.4210854715202004e-14,1.0,0.005557521601035995,0.0013216415145030625,0.006157521601035994,0.0002084070600388498,vapour,False,
0.04964516467402698,1.0002992802299642,2792.9804310902146,741.4122254509282,1.4362589328252175,1064.8599317097198,2455861.0782072204,486.7042673659075,395.53551269116883,276.3111288616635,3126575.7959391405,403376.8304738761,82.44314625335917,38.30579674342913,295732.8251949023,1.200589954177737,0.03486163037547035,19825.73503724174,0.5600353052180378,20598.647687030032,13.468765077295242,273.2061022756158,1.022131023895413,,,0.0009390906449023939,3.7122928281143395e-05,4.854687624128119e-05,3158.050403269977,19825.73503724174,2363711.0437821806,290.950968673148,14638722.409392815,0.010159930026957609,0.0485,0.010159930026957609,-0.0,1.0,0.005557521601035995,0.0013216415145030625,0.006157521601035994,0.0002084070600388498,vapour,False,
0.04964516467402698,1.0002992802299642,2792.9804310902146,741.4122254509282,1.4363828424648935,1064.9517998314266,2456515.9425802925,486.288294442209,395.0439982968285,276.0979679122379,3127387.2449182784,403015.7113831086,82.66102534474773,38.20482978645557,295911.88579610543,1.2045885824524931,0.03486149458979396,19880.73504377336,0.5593261659244642,20652.35749892275,13.461202762013254,273.2162192967589,1.0205945460859762,,,0.0009390096341996812,3.7143783422605556e-05,4.842062220025782e-05,3158.050403269977,19880.73504377336,2364734.5145846605,290.95417884016155,14630371.806174377,0.010477427840300034,0.0485,0.010477427840300034,-1.4210854715202004e-14,1.0,0.005557521601035995,0.0013216415145030625,0.006157521601035994,0.0002084070600388498,vapour,False,
0.04964516467402698,1.0002992802299642,2792.9804310902146,741.4122254509282,1.4365072512978558,1065.044038061139,2457173.427120018,485.87073486283316,394.5505137588031,275.88580986299894,3128197.279283165,402654.4956391034,82.87998231532475,38.10389813133495,296089.7928509315,1.2086345432904257,0.03486135984052031,19936.552208593806,0.5586094284575277,20706.860139958604,13.453610807188364,273.22632192884356,1.0190572881359783,,,0.0009389283111902598,3.7164743886663225e-05,4.8293174012909476e-05,3158.050403269977,19936.552208593806,2365765.064536025,290.95738527190156,14622030.358825035,0.01079492565364246,0.0485,0.01079492565364246,1.4210854715202004e-14,1.0,0.005557521601035995,0.0013216415145030625,0.006157521601035994,0.0002084070600388498,vapour,False,
0.04964516467402698,1.0002992802299642,2792.9804310902146,741.4122254509282,1.4366321639236634,1065.136649809026,2457833.5559192086,485.45157424364334,394.05504079504345,275.67466148336473,3129005.898260497,402293.1828531423,83.10002428799172,38.00300216911402,296266.52905825555,1.2127283430227902,0.0348612261373104,19993.201516186422,0.557884996956238,20762.169966089412,13.445988940606094,273.23641017979344,1.0175192503911883,,,0.0009388466730342021,3.7185810743159955e-05,4.8164522380526085e-05,3158.050403269977,19993.201516186422,2366802.779140979,290.96058796752175,14613698.05329356,0.011112423466984885,0.0485,0.011112423466984885,-1.4210854715201953e-14,1.0,0.005557521601035995,0.0013216415145030625,0.006157521601035994,0.0002084070600388498,vapour,False,
0.04964516467402698,1.0002992802299642,2792.9804310902146,741.4122254509282,1.436757585323516,1065.2296387682097,2458496.35508361,485.0307969376013,393.55755960791265,275.46451505953905,3129813.060410706,401931.7726326694,83.32113001615416,37.90215522350332,296442.10166466795,1.2168704004454252,0.03486109347125794,20050.695977576623,0.5571527985378251,20818.299371361823,13.438336866895057,273.2464715910216,1.015980413569996,,,0.0009387647166449116,3.720698513160026e-05,4.803466326243848e-05,3158.050403269977,20050.695977576623,2367847.7333058515,290.96378296693285,14605395.681249747,0.01142992128032731,0.0485,0.01142992128032731,1.4210854715202004e-14,1.0,0.005557521601035995,0.0013216415145030625,0.006157521601035994,0.0002084070600388498,vapour,False,
0.04964516467402698,1.0002992802299642,2792.9804310902146,741.4122254509282,1.4368835200082073,1065.3230082830482,2459161.848230166,484.60838889286333,393.0580522626345,275.2553917275933,3130618.806014974,401570.264581657,83.54333501920841,37.80134468589114,296616.4687664954,1.221061305238561,0.034860961870588486,20109.053713824098,0.5564127088899065,20875.26577974588,13.43065431950681,273.25651864161176,1.0144407980404808,,,0.0009386824392459827,3.72282681174956e-05,4.790358171009467e-05,3158.050403269977,20109.053713824098,2368900.0283305296,290.9669742279876,14597102.406921519,0.011747419093669735,0.0485,0.011747419093669735,-0.0,1.0,0.005557521601035995,0.0013216415145030625,0.006157521601035994,0.0002084070600388498,vapour,False,
0.04964516467402698,1.0002992802299642,2792.9804310902146,741.4122254509282,1.4370099731658574,1065.416762200077,2459830.0625507385,484.1843338041076,392.556498136286,275.0472836709929,3131423.0938562616,401208.65830008005,83.76661801862814,37.70058381213009,296789.63765192044,1.2253014720061586,0.03486083132635112,20168.288533671443,0.5556646513990712,20933.082343744714,13.422940990706977,273.26653887762046,1.0129003849158797,,,0.0009385998376212967,3.724966088625153e-05,4.777127341205071e-05,3158.050403269977,20168.288533671443,2369959.74270111,290.97015779005324,14588839.004234511,0.01206491690701216,0.0485,0.01206491690701216,-1.4210854715202004e-14,1.0,0.005557521601035995,0.0013216415145030625,0.006157521601035994,0.0002084070600388498,vapour,False,
0.04964516467402698,1.0002992802299642,2792.9804310902146,741.4122254509282,1.4371369495260287,1065.5109040258512,2460501.0228109676,483.7586169216461,392.05287842158447,274.84021205497226,3132225.964003468,400846.9533842728,83.99101480474202,37.59986006374193,296961.56602300785,1.2295914869097533,0.03486070186697001,20228.419464127302,0.5549084973616504,20991.76734974298,13.415196600861027,273.2765447733811,1.0113591941740843,,,0.0009385169088572163,3.727116455139454e-05,4.7637723081579596e-05,3158.050403269977,20228.419464127302,2371026.9817726384,290.97333761153493,14580584.65547281,0.012382414720354586,0.0485,0.012382414720354586,1.4210854715202054e-14,1.0,0.005557521601035995,0.0013216415145030625,0.006157521601035994,0.0002084070600388498,vapour,False,
0.04964516467402698,1.0002992802299642,2792.9804310902146,741.4122254509282,1.4372644898789941,1065.605464002778,2461174.9443136267,483.33110265245205,391.5470312878248,274.6341089287306,3133027.454040451,400485.14939891914,84.21656018391712,37.499161642000566,297132.31376291334,1.2339329451703536,0.034860573443948446,20289.47763307217,0.5541439593649766,21051.350822915952,13.407418671461086,273.2865238795722,1.00981677690848,,,0.000938433626497802,3.729278634852327e-05,4.750288988160447e-05,3158.050403269977,20289.47763307217,2372102.1232219446,290.97650973125883,14572360.976461355,0.012699912533697011,0.0485,0.012699912533697011,-1.4210854715201953e-14,1.0,0.005557521601035995,0.0013216415145030625,0.006157521601035994,0.0002084070600388498,vapour,False,
0.04964516467402698,1.0002992802299642,2792.9804310902146,741.4122254509282,1.437392528587439,1065.70039346655,2461851.479999117,482.9020121538051,391.0392170096853,274.42911583996397,3133827.4463286814,400123.24595972215,84.4431782813724,37.39852605674154,297301.732740049,1.238324066979882,0.03486044616521441,20351.45038416637,0.553371315263799,21111.820119390784,13.399611214403038,273.2964886657981,1.0082740134899777,,,0.0009383500335841697,3.731451547359506e-05,4.736683025645525e-05,3158.050403269977,20351.45038416637,2373184.6882482045,290.97967810818005,14564145.444161177,0.013017410347039437,0.0485,0.013017410347039437,1.4210854715202004e-14,1.0,0.005557521601035995,0.0013216415145030625,0.006157521601035994,0.0002084070600388498,vapour,False,
0.04964516467402698,1.0002992802299642,2792.9804310902146,741.4122254509282,1.4374815707884625,1065.76641044297,2462321.9515510313,482.6036661407511,390.68607393457864,274.2252385764766,3134625.938584515,399761.27335905295,84.67087571915195,37.297953711321405,297642.14886470913,1.2460623044688703,0.03486019085748828,20383.440439296577,0.552951040105738,21142.918509726547,13.394182182383593,273.3064391398389,1.0067309044116428,,,0.0009382919091852076,3.7329640077437065e-05,4.7297160017902064e-05,3158.050403269977,20383.440439296577,2373872.501032598,290.98284274146374,14555938.029654864,0.013334908160381862,0.0485,0.013334908160381862,-0.0,1.0,0.005557521601035995,0.0013216415145030625,0.006157521601035994,0.0002084070600388498,vapour,False,
0.04964516467402698,1.0002992802299642,2792.9804310902146,741.4122254509282,1.4375599902408045,1065.8245515836495,2462736.2874638056,482.34095125785143,390.3750652053616,274.02234969965326,3135423.0874454216,399399.2398491076,84.89974443725502,37.197407650666456,298028.8408122411,1.2548375085250816,0.03485990154669085,20407.374898762846,0.5526255090994819,21166.126435123744,13.389401185447111,273.3163628592763,1.0051865708052037,,,0.0009382407249993965,3.734296949317256e-05,4.724530031818047e-05,3158.050403269977,20407.374898762846,2374453.4858140866,290.9859996691277,14547761.618908944,0.013652405973724286,0.0485,0.013652405973724286,-1.4210854715202004e-14,1.0,0.005557521601035995,0.0013216415145030625,0.006157521601035994,0.0002084070600388498,vapour,False,
0.04964516467402698,1.0002992802299642,2792.9804310902146,741.4122254509282,1.437638983034642,1065.8831178067232,2463153.6454606624,482.07635135479813,390.06178600263075,273.82058915377644,3136218.734746953,399037.14498562575,85.12970705197363,37.0969255343721,298412.35487180593,1.2637149758456494,0.03485961534951847,20432.013593667427,0.5522923764688359,21190.023091928782,13.384585560087372,273.32627228666684,1.0036418927344994,,,0.0009381891722403001,3.735640507921234e-05,4.719202030416366e-05,3158.050403269977,20432.013593667427,2375041.7141599627,290.9891528509476,14539593.279014489,0.013969903787066713,0.0485,0.013969903787066713,1.4210854715202054e-14,1.0,0.005557521601035995,0.0013216415145030625,0.006157521601035994,0.0002084070600388498,vapour,False,
0.04964516467402698,1.0002992802299642,2792.9804310902146,741.4122254509282,1.4377185462631221,1065.9421069570146,2463574.0100251483,481.8098769425728,389.74624788869653,273.61994772656425,3137012.840488298,398674.9883266283,85.36074136773978,36.99652032853,298792.7392056341,1.2726970148869028,0.034859332209175004,20457.356843806534,0.5519516683609342,21214.60863375114,13.379735490241439,273.3361549841641,1.002096852839322,,,0.0009381372529271199,3.736994654077257e-05,4.7137329623373836e-05,3158.050403269977,20457.356843806534,2375637.161367729,290.992298324405,14531453.72867625,0.014287401600409137,0.0485,0.014287401600409137,-1.4210854715202004e-14,1.0,0.005557521601035995,0.0013216415145030625,0.006157521601035994,0.0002084070600388498,vapour,False,
0.04964516467402698,1.0002992802299642,2792.9804310902146,741.4122254509282,1.4377986998506256,1066.0015338067035,2463997.4862649483,481.54146208049315,389.4283718788349,273.42038752873094,3137805.522895335,398312.7694146847,85.59294114185924,36.89615476626649,299170.09522647597,1.2817885791184112,0.03485905203003769,20483.41774425972,0.5516032568777195,21239.895685358824,13.374849768206875,273.34602340964705,1.0005510391703527,,,0.0009380849541829351,3.7383597473262194e-05,4.708121051127969e-05,3158.050403269977,20483.41774425972,2376240.0051127244,290.9954400498208,14523323.074322661,0.014604899413751564,0.0485,0.014604899413751564,1.4210854715202054e-14,1.0,0.005557521601035995,0.0013216415145030625,0.006157521601035994,0.0002084070600388498,vapour,False,
0.04964516467402698,1.0002992802299642,2792.9804310902146,741.4122254509282,1.386650626124013,1028.0797266375275,2192170.9586369875,660.6837795389033,593.4852829159718,273.35468322386185,3138501.7921730503,397990.5102468657,85.75309013955334,36.82724900211306,38883.42957900808,2.15878238970043,0.036287725230173325,6219.651554253316,0.8145425376662773,6847.739518638138,16.311160731302007,273.35468322386185,0.9991750705191751,,,0.0009726872090656179,3.0653857701277676e-05,0.0001460335921479206,3158.050403269977,20199.832761221875,1991100.781939078,290.9981976542404,14516195.62275666,0.014922397227093988,0.0485,0.014922397227093988,-1.4210854715202004e-14,1.0,0.005557521601035995,0.0013216415145030625,0.006157521601035994,0.0002084070600388498,two-phase,False,
0.04964516467402698,1.0002992802299642,2792.9804310902146,741.4122254509282,1.3861217454777568,1027.6876080605887,2189343.3338451204,662.621636576031,595.6357330137023,273.3627943048375,3139154.028100844,397668.6667528374,85.88068946374902,36.77253202075208,38888.65269104589,2.158839947955646,0.036287512747587604,6168.338812873964,0.8160063290892858,6793.444533743281,16.34182131922736,273.3627943048375,0.9978002401511548,,,0.0009730583420064395,3.059634481572217e-05,0.00014720073079760413,3158.050403269977,20201.067819970332,1987888.6761768425,291.0007810764317,14509520.852421159,0.015239895040436414,0.0485,0.015239895040436414,1.4210854715202054e-14,1.0,0.005557521601035995,0.0013216415145030625,0.006157521601035994,0.0002084070600388498,two-phase,False,
0.04964516467402698,1.0002992802299642,2792.9804310902146,741.4122254509282,1.385748097119492,1027.4105805997515,2187345.4320022636,663.9918131947288,597.1556853101929,273.370891716636,3139805.359067052,397347.1169595275,86.00852395855769,36.717876995443504,38893.86794383504,2.158897470879024,0.036287300639360996,6132.544896340273,0.8170305357078681,6755.553303556347,16.36349607042667,273.370891716636,0.9964260159652536,,,0.0009733207141163073,3.0555817525060386e-05,0.00014802636513482425,3158.050403269977,20202.301076762647,1985624.7834647563,291.0033606801955,14502859.55164184,0.015557392853778839,0.0485,0.015557392853778839,-0.0,1.0,0.005557521601035995,0.0013216415145030625,0.006157521601035994,0.0002084070600388498,two-phase,False,
0.04964516467402698,1.0002992802299642,2792.9804310902146,741.4122254509282,1.3854387628101255,1027.1812363610359,2185691.2829711726,665.126839532842,598.4144457662999,273.3789879009403,3140455.781651231,397025.8103336987,86.13659087571214,36.66328526777636,38899.08334837424,2.15895504671537,0.03628708857953801,6103.192281743387,0.8178723355607204,6724.470300334303,16.381448480322227,273.3789879009403,0.9950528464646403,,,0.0009735380326286625,3.052233144099629e-05,0.00014871059806008594,3158.050403269977,20203.53442591835,1983753.8977367906,291.00594042771456,14496190.556517078,0.015874890667121264,0.0485,0.015874890667121264,-0.0,1.0,0.005557521601035995,0.0013216415145030625,0.006157521601035994,0.0002084070600388498,two-phase,False,
0.04964516467402698,1.0002992802299642,2792.9804310902146,741.4122254509282,1.3851665745081672,1026.979432626339,2184235.6664402555,666.1260881026292,599.5223746829087,273.3870579907596,3141105.3015318103,396704.7176901645,86.26486360971838,36.60876828783624,38904.282881426254,2.159012498342528,0.036286877219360504,6077.5697214623315,0.818608554666099,6697.329466167673,16.397251401552776,273.3870579907596,0.9936802674964255,,,0.0009737293350098128,3.0492915413411992e-05,0.00014931324568271794,3158.050403269977,20204.76407804974,1982110.1258277337,291.00851239282474,14489556.154874828,0.016192388480463688,0.0485,0.016192388480463688,1.4210854715202004e-14,1.0,0.005557521601035995,0.0013216415145030625,0.006157521601035994,0.0002084070600388498,two-phase,False,
0.04964516467402698,1.0002992802299642,2792.9804310902146,741.4122254509282,1.3849191510243106,1026.7959898305442,2182912.406129398,667.034841363426,600.5297617889073,273.39512686147077,3141753.919539019,396383.8195719546,86.39340361978347,36.554300108009706,38909.482565713486,2.1590700025695764,0.036286665907240306,6054.44263178183,0.8192741826476977,6672.825720864442,16.41162163924239,273.39512686147077,0.9923083134871735,,,0.0009739032971535403,3.046621540460285e-05,0.00014986154918945693,3158.050403269977,20205.993822234206,1980617.880037057,291.01108450078675,14482914.122591883,0.016509886293806116,0.0485,0.016509886293806116,-1.4210854715201953e-14,1.0,0.005557521601035995,0.0013216415145030625,0.006157521601035994,0.0002084070600388498,two-phase,False,
0.04964516467402698,1.0002992802299642,2792.9804310902146,741.4122254509282,1.3846897505231612,1026.6259094944676,2181685.465433266,667.8777571205169,601.4639922331057,273.4031820835405,3142401.677478804,396063.1018196446,86.5221811006526,36.49989358909212,38914.674389254156,2.1591274706763657,0.03628645496863839,6033.137527292937,0.8198882998929565,6650.247143017845,16.424949474945418,273.4031820835405,0.9909369681859028,,,0.0009740646429744026,3.0441493945701258e-05,0.00015037035143121097,3158.050403269977,20207.22176355769,1979235.984947466,291.0136527880736,14476286.016845021,0.01682738410714854,0.0485,0.01682738410714854,-0.0,1.0,0.005557521601035995,0.0013216415145030625,0.006157521601035994,0.0002084070600388498,two-phase,False,
0.04964516467402698,1.0002992802299642,2792.9804310902146,741.4122254509282,1.3844740653873608,1026.465997897937,2180531.8198785894,668.6705909746897,602.342563587895,273.4112112349258,3143048.495118301,395742.5536585132,86.65116605649544,36.445561519748836,38919.8503391304,2.159184813619434,0.03628624472872064,6013.224724132262,0.8204630843901876,6629.1394975894755,16.43748431686898,273.4112112349258,0.9895662160473624,,,0.0009742163910425325,3.0418279972859026e-05,0.0001508491411839539,3158.050403269977,20208.446006537208,1977938.1405111356,291.01621329028,14469692.035197493,0.017144881920490965,0.0485,0.017144881920490965,-0.0,1.0,0.005557521601035995,0.0013216415145030625,0.006157521601035994,0.0002084070600388498,two-phase,False,
0.04964516467402698,1.0002992802299642,2792.9804310902146,741.4122254509282,1.3842693125320193,1026.314191627791,2179436.590214069,669.4235242551231,603.1767833870076,273.4192391797121,3143694.499814114,395422.1665011569,86.78045446685229,36.39126370876824,38925.02643945997,2.1592422086945775,0.036286034536344165,5994.426460142473,0.8210064062520851,6609.209185655538,16.449387257804148,273.4192391797121,0.9881956593974895,,,0.0009743604913169376,3.0396269001617858e-05,0.0001513040322842822,3158.050403269977,20209.670341099623,1976707.3484278128,291.01877393398877,14463091.377672844,0.01746237973383339,0.0485,0.01746237973383339,-0.0,1.0,0.005557521601035995,0.0013216415145030625,0.006157521601035994,0.0002084070600388498,two-phase,False,
0.04964516467402698,1.0002992802299642,2792.9804310902146,741.4122254509282,1.384073428087237,1026.1689605056538,2178388.749336736,670.1441018142682,603.9750308180761,273.4272659183195,3144339.6920675123,395101.9333812072,86.91004737201735,36.33700013707256,38930.20269044854,2.159299655907527,0.03628582439148472,5976.5372069261375,0.8215240923841548,6590.238932631609,16.46077779648815,273.4272659183195,0.9868252982928388,,,0.0009744983901162253,3.0375235373547983e-05,0.00015173956668680004,3158.050403269977,20210.894767371414,1975531.0155896686,291.0213347191895,14456484.061358113,0.017779877547175815,0.0485,0.017779877547175815,1.4210854715202054e-14,1.0,0.005557521601035995,0.0013216415145030625,0.006157521601035994,0.0002084070600388498,two-phase,False,
0.04964516467402698,1.0002992802299642,2792.9804310902146,741.4122254509282,1.3838850681357573,1026.0293081348411,2177381.1131091327,670.8372370841225,604.7427641595382,273.4352666061772,3144983.987176159,394781.8483883964,87.03984990983942,36.28281076473887,38935.36306605694,2.1593569771669188,0.03628561494450107,5959.421171319178,0.8220199805144991,6572.085235585229,16.471733692419164,273.4352666061772,0.9854555324747206,,,0.0009746310286378092,3.0355031797904584e-05,0.00015215870825676414,3158.050403269977,20212.115494259677,1974400.9151362756,291.02388771708763,14449911.29267019,0.018097375360518243,0.0485,0.018097375360518243,-1.4210854715201953e-14,1.0,0.005557521601035995,0.0013216415145030625,0.006157521601035994,0.0002084070600388498,two-phase,False,
0.04964516467402698,1.0002992802299642,2792.9804310902146,741.4122254509282,1.3837030459341961,1025.8943546493003,2176407.3351823194,671.5072742110938,605.4848074000017,273.44325367550607,3145627.386185251,394461.9065453993,87.1698933399646,36.22868265943044,38940.515578443505,2.159414261124441,0.03628540586981115,5942.960395011292,0.8224974161714358,6554.623392071424,16.482323671801172,273.44325367550607,0.9840863787113068,,,0.0009747592385785647,3.0335528530811853e-05,0.00015256406664181742,3158.050403269977,20213.33441678944,1973309.8032826919,291.02643689097215,14443351.997780668,0.018414873173860667,0.0485,0.018414873173860667,-0.0,1.0,0.005557521601035995,0.0013216415145030625,0.006157521601035994,0.0002084070600388498,two-phase,False,
0.04964516467402698,1.0002992802299642,2792.9804310902146,741.4122254509282,1.3835265224506357,1025.7634779805094,2175462.935535906,672.1572762057294,606.2045632609925,273.4512395510767,3146269.935022417,394142.10353347415,87.30024373125161,36.17458861846754,38945.66824069812,2.1594715967538898,0.03628519684212637,5927.070947964967,0.822958775577399,6537.764705942978,16.492596273929994,273.4512395510767,0.9827174218727515,,,0.000974883607640982,3.031663370007758e-05,0.00015295747781974732,3158.050403269977,20214.553430552725,1972252.5577998238,291.02898620500616,14436785.622200033,0.018732370987203092,0.0485,0.018732370987203092,-0.0,1.0,0.005557521601035995,0.0013216415145030625,0.006157521601035994,0.0002084070600388498,two-phase,False,
0.04964516467402698,1.0002992802299642,2792.9804310902146,741.4122254509282,1.38335475516697,1025.636127616467,2174543.940493314,672.7899639828811,606.9050529794034,273.45921181637135,3146911.6748756766,393822.4356180279,87.43087124849269,36.120541385139425,38950.8130392006,2.159528894771576,0.03628498818639533,5911.678587496689,0.8234061622035912,6521.4306854410925,16.502594504366225,273.45921181637135,0.9813486468288467,,,0.0009750046562068321,3.029826612219739e-05,0.000153340585560845,3158.050403269977,20215.770639638627,1971224.6392933188,291.03153169413383,14430233.656383187,0.019049868800545516,0.0485,0.019049868800545516,-0.0,1.0,0.005557521601035995,0.0013216415145030625,0.006157521601035994,0.0002084070600388498,two-phase,False,
0.04964516467402698,1.0002992802299642,2792.9804310902146,741.4122254509282,1.3831871838662846,1025.5118882055042,2173647.359543936,673.4073822126429,607.5885479502699,273.4671580622746,3147552.480995615,393502.8995040863,87.5617110569272,36.0665679684675,38955.9419593969,2.1595860655731136,0.036284780227275354,5896.727014731459,0.8238411689376044,6505.561826713906,16.512350787611553,273.4671580622746,0.9799804704225047,,,0.0009751227767333383,3.0280364463618754e-05,0.00015371462552145486,3158.050403269977,20216.984147567884,1970222.6259521646,291.0340693924299,14423715.760441458,0.01936736661388794,0.0485,0.01936736661388794,1.4210854715202004e-14,1.0,0.005557521601035995,0.0013216415145030625,0.006157521601035994,0.0002084070600388498,two-phase,False,
0.04964516467402698,1.0002992802299642,2792.9804310902146,741.4122254509282,1.3830233887548564,1025.3904485074222,2172770.9491588967,674.0110645219738,608.2567522821606,273.475103126758,3148192.479881139,393183.49222648394,87.69286051642067,36.01262844742789,38961.07102866568,2.1596432875825475,0.036284572314652305,5882.1741152236,0.8242649867416731,6490.1136446410055,16.521889402740317,273.475103126758,0.978612492244504,,,0.0009752382630983339,3.0262882640835867e-05,0.00015408050686843006,3158.050403269977,20218.197746251273,1969243.9509137783,291.03660722953975,14417191.236039067,0.01968486442723037,0.0485,0.01968486442723037,-1.4210854715201953e-14,1.0,0.005557521601035995,0.0013216415145030625,0.006157521601035994,0.0002084070600388498,two-phase,False,
0.04964516467402698,1.0002992802299642,2792.9804310902146,741.4122254509282,1.3828629414426012,1025.2714909085755,2171912.4169295235,674.602580746578,608.9114089629682,273.48304701022823,3148831.6720276424,392864.2111570501,87.82432069515947,35.958722803352536,38966.20024720743,2.1597005608054998,0.03628436444850273,5867.977251981254,0.8246788244654011,6475.041061779787,16.531235156558957,273.48304701022823,0.9772447123514595,,,0.0009753514155687871,3.0245773849609737e-05,0.00015443917505059514,3158.050403269977,20219.411435812242,1968285.997608012,291.03914520545305,14410660.099958953,0.020002362240572794,0.0485,0.020002362240572794,-0.0,1.0,0.005557521601035995,0.0013216415145030625,0.006157521601035994,0.0002084070600388498,two-phase,False,
0.04964516467402698,1.0002992802299642,2792.9804310902146,741.4122254509282,1.382705502714591,1025.1547639108692,2171069.9508296354,675.1831703652024,609.5538947183408,273.49096489398397,3149469.9731740737,392545.0539339902,87.95599538563106,35.904890728868864,38971.313585704804,2.1597577060295006,0.036284157278167736,5854.1020617029335,0.8250836530956066,6460.3077523734755,16.540407687201448,273.49096489398397,0.9758775332176691,,,0.0009754624718175174,3.022900096875408e-05,0.00015479138739677014,3158.050403269977,20220.621423164906,1967346.6903466952,291.04167538833497,14404163.451474356,0.020319860053915218,0.0485,0.020319860053915218,-0.0,1.0,0.005557521601035995,0.0013216415145030625,0.006157521601035994,0.0002084070600388498,two-phase,False,
0.04964516467402698,1.0002992802299642,2792.9804310902146,741.4122254509282,1.38255079061996,1025.0400584724848,2170242.0431360095,675.7538649693693,610.1853553398739,273.4988816049031,3150107.5143252397,392226.0184171518,88.0880177512321,35.851078090876946,38976.42707293531,2.1598149021589927,0.0362839501539699,5840.520670363366,0.8254802631572179,6445.884264552774,16.549423308530827,273.4988816049031,0.9745101218449214,,,0.0009755716293568083,3.0212533130520756e-05,0.00015513775286025582,3158.050403269977,20221.83150107104,1966424.3092808498,291.04420570913385,14397660.687513594,0.020637357867257643,0.0485,0.020637357867257643,-0.0,1.0,0.005557521601035995,0.0013216415145030625,0.006157521601035994,0.0002084070600388498,two-phase,False,
0.04964516467402698,1.0002992802299642,2792.9804310902146,741.4122254509282,1.3823986019021053,1024.9272238964916,2169427.6087690555,676.3154053321045,610.80661445487,273.5067723316189,3150744.1260676966,391907.1026258943,88.22025619133784,35.7973388381529,38981.52467865743,2.159871969662231,0.036283743724961515,5827.211747102838,0.8258692529367089,6431.748070538189,16.558293777965126,273.5067723316189,0.9731433128307446,,,0.0009756790303591263,3.019634792718636e-05,0.00015547872662809742,3158.050403269977,20223.037875879207,1965517.6023165411,291.04672823515153,14391191.955002898,0.020954855680600067,0.0485,0.020954855680600067,1.4210854715202004e-14,1.0,0.005557521601035995,0.0013216415145030625,0.006157521601035994,0.0002084070600388498,two-phase,False,
0.04964516467402698,1.0002992802299642,2792.9804310902146,741.4122254509282,1.3822486959936349,1024.8160818232843,2168625.361904356,676.8686717527899,611.4186494498759,273.51466189363794,3151379.934293228,391588.304768599,88.35280907166398,35.74363324100364,38986.62243257102,2.15992908776374,0.03628353734175559,5814.151888009763,0.82625128843353,6417.874431101313,16.56703302458456,273.51466189363794,0.9717767038140861,,,0.0009757848434822244,3.0180419104496725e-05,0.00015581482790531927,3158.050403269977,20224.244340915153,1964625.1072161284,291.0492508982026,14384716.627525767,0.021272353493942495,0.0485,0.021272353493942495,-1.4210854715202004e-14,1.0,0.005557521601035995,0.0013216415145030625,0.006157521601035994,0.0002084070600388498,two-phase,False,
0.04964516467402698,1.0002992802299642,2792.9804310902146,741.4122254509282,1.382100838093408,1024.7064581684265,2167834.046179817,677.41452546039,612.022416024392,273.5225378891308,3152014.8998055416,391269.6232383383,88.48564619378593,35.6899739010072,38991.712319183476,2.159986166541652,0.03628333132872324,5801.317871163139,0.8266270291295534,6404.238778820394,16.575654653728332,273.5225378891308,0.9704102810758283,,,0.0009758892334761048,3.016472111932761e-05,0.00015614658268319463,3158.050403269977,20225.448999128483,1963745.3924126353,291.05176973150265,14378255.260341976,0.02158985130728492,0.0485,0.02158985130728492,-0.0,1.0,0.005557521601035995,0.0013216415145030625,0.006157521601035994,0.0002084070600388498,two-phase,False,
0.04964516467402698,1.0002992802299642,2792.9804310902146,741.4122254509282,1.3819549928449621,1024.598326718205,2167053.4747514813,677.9530898953803,612.6180537032894,273.5304003239759,3152648.978399887,390951.05645565136,88.6187328993944,35.63637506366962,38996.79433799538,2.160043205763006,0.0362831256856259,5788.7044931901255,0.8269966115235834,6390.835682617295,16.58416066672212,273.5304003239759,0.9690444767690323,,,0.0009759922243900265,3.0149249639344314e-05,0.00015647405905301907,3158.050403269977,20226.651850215323,1962878.2227021274,291.0542847343963,14371807.36406851,0.021907349120627344,0.0485,0.021907349120627344,-0.0,1.0,0.005557521601035995,0.0013216415145030625,0.006157521601035994,0.0002084070600388498,two-phase,False,
0.04964516467402698,1.0002992802299642,2792.9804310902146,741.4122254509282,1.3818108808297473,1024.4914803082902,2166282.153050516,678.485391659884,613.2067004371378,273.5382492040392,3153282.261140295,390632.603060786,88.75214124112468,35.58280802138716,39001.86848849636,2.1601002051957257,0.036282920412226,5776.285384162684,0.8273607921969965,6377.637208243098,16.592567287069574,273.5382492040392,0.9676784283823608,,,0.0009760940127087048,3.0133974529043804e-05,0.000156797880993842,3158.050403269977,20227.852893868137,1962021.9103189227,291.0567959062293,14365373.908980845,0.02222484693396977,0.0485,0.02222484693396977,-0.0,1.0,0.005557521601035995,0.0013216415145030625,0.006157521601035994,0.0002084070600388498,two-phase,False,
0.04964516467402698,1.0002992802299642,2792.9804310902146,741.4122254509282,1.3816684779174075,1024.3859010481417,2165519.9526777617,679.011515213861,613.7884519685872,273.54609693193964,3153914.6981370915,390314.26171286515,88.88583230458008,35.52928876728592,39006.94278656748,2.160157254772947,0.036282715184106896,5764.056894261561,0.8277196659859277,6364.639559482574,16.60087586299212,273.54609693193964,0.9663130129199256,,,0.0009761946147216685,3.0118892769666234e-05,0.00015711808825216443,3158.050403269977,20229.0540273774,1961176.2922687775,291.05930721376603,14358933.401327748,0.022542344747312194,0.0485,0.022542344747312194,1.4210854715202105e-14,1.0,0.005557521601035995,0.0013216415145030625,0.006157521601035994,0.0002084070600388498,two-phase,False,
0.04964516467402698,1.0002992802299642,2792.9804310902146,741.4122254509282,1.3815275546317694,1024.281418801319,2164765.6462105694,679.5323039691352,614.3642430745087,273.55391871817284,3154546.340843239,389996.0312514486,89.01981572598608,35.47581375579168,39012.001199163205,2.1602141740115246,0.0362825106494619,5751.9970475111495,0.828073862023539,6351.819447662004,16.60909973760677,273.55391871817284,0.9649473410518532,,,0.0009762941918542908,3.0103979619550758e-05,0.00015743520549345636,3158.050403269977,20230.25145538525,1960339.9794589612,291.0618107217332,14352528.276986297,0.02285984256065462,0.0485,0.02285984256065462,-1.4210854715202004e-14,1.0,0.005557521601035995,0.0013216415145030625,0.006157521601035994,0.0002084070600388498,two-phase,False,
0.04964516467402698,1.0002992802299642,2792.9804310902146,741.4122254509282,1.3813881210154775,1024.1780410135614,2164019.2858663844,680.0477189957455,614.9340324879352,273.5617393602893,3155177.0996597097,389677.9105084199,89.15408368476021,35.42238642075581,39017.05975877836,2.1602711430895725,0.036282306159767394,5740.105611534755,0.8284233779913621,6339.176697791391,16.61723826377726,273.5617393602893,0.9635823030013658,,,0.0009763927363745917,3.008923577210267e-05,0.0001577491916810595,3158.050403269977,20231.448972918457,1959513.0154044866,291.0643143645281,14346115.680168271,0.023177340373997046,0.0485,0.023177340373997046,-0.0,1.0,0.005557521601035995,0.0013216415145030625,0.006157521601035994,0.0002084070600388498,two-phase,False,
0.04964516467402698,1.0002992802299642,2792.9804310902146,741.4122254509282,1.381250026179849,1024.0756558141547,2163280.0692461138,680.5583097711842,615.4984298662403,273.56954646734926,3155807.060168948,389359.8984336189,89.28864151088953,35.369004946556664,39022.11044851571,2.1603280716106816,0.03628210203896686,5728.368045433084,0.8287686291337074,6326.6959133208165,16.62530020349542,273.56954646734926,0.9622174544660527,,,0.0009764903543234662,3.007464490144223e-05,0.00015806038629018136,3158.050403269977,20232.644682071936,1958694.4894728223,291.06681417408254,14339717.463307695,0.02349483818733947,0.0485,0.02349483818733947,-0.0,1.0,0.005557521601035995,0.0013216415145030625,0.006157521601035994,0.0002084070600388498,two-phase,False,
0.04964516467402698,1.0002992802299642,2792.9804310902146,741.4122254509282,1.3811131849750558,1023.9742000719755,2162547.5374884177,681.0643912755281,616.0577848437224,273.57734004516624,3156436.183556425,389041.99404434016,89.42349017352188,35.315669262538684,39027.15326787567,2.1603849593432924,0.03628189828682453,5716.775676201057,0.8291098599860731,6314.367930584791,16.633290492997887,273.57734004516624,0.9608527960318103,,,0.0009765871053486598,3.0060197662662412e-05,0.00015836897865205445,3158.050403269977,20233.83858254039,1957883.8763989045,291.0693101497466,14333333.195773324,0.023812336000681895,0.0485,0.023812336000681895,-0.0,1.0,0.005557521601035995,0.0013216415145030625,0.006157521601035994,0.0002084070600388498,two-phase,False,
0.04964516467402698,1.0002992802299642,2792.9804310902146,741.4122254509282,1.3809775305373893,1023.8736242134529,2161821.335110884,681.5662057539471,616.6123668668349,273.58513248726047,3157064.5098795057,388724.1964101359,89.5586623408308,35.26236681887316,39032.19623388817,2.160441896616979,0.036281694579282014,5705.321831679503,0.8294472588198408,6302.1857113500655,16.64121299179909,273.58513248726047,0.9594883406490129,,,0.0009766830362176848,3.0045886693860816e-05,0.00015867510825633512,3158.050403269977,20235.032572317716,1957080.7691664281,291.07180625935587,14326942.393190019,0.02412983381402432,0.0485,0.02412983381402432,1.4210854715202105e-14,1.0,0.005557521601035995,0.0013216415145030625,0.006157521601035994,0.0002084070600388498,two-phase,False,
0.04964516467402698,1.0002992802299642,2792.9804310902146,741.4122254509282,1.380842972224459,1023.7738610352104,2161100.9764427096,682.064086481194,617.1625456335357,273.5928990221836,3157692.000648415,388406.504671954,89.69409565270873,35.20912252126158,39037.22331118085,2.1604987021602997,0.036281491563823355,5693.997215947547,0.8297810878850375,6290.139416440822,16.649072951252528,273.5928990221836,0.9581240639983176,,,0.000976778210559927,3.0031702153265206e-05,0.00015897898819003197,3158.050403269977,20236.222854626918,1956284.6112891214,291.0742945655068,14320586.442458255,0.024447331627366748,0.0485,0.024447331627366748,-1.4210854715201903e-14,1.0,0.005557521601035995,0.0013216415145030625,0.006157521601035994,0.0002084070600388498,two-phase,False,
0.04964516467402698,1.0002992802299642,2792.9804310902146,741.4122254509282,1.3807094646119222,1023.6748768590849,2160386.2210995266,682.5581965149327,617.7085029181608,273.60066442935477,3158318.656456983,388088.9180060801,89.82985453246677,35.15591135827319,39042.25053457212,2.1605555569411674,0.03628128859263753,5682.797393820631,0.8301114724366943,6278.224380435918,16.656873003383428,273.60066442935477,0.9567599912181403,,,0.0009768726600659324,3.0017638958911284e-05,0.00015928070412968686,3158.050403269977,20237.413225910794,1955495.1277574368,291.076783004733,14314223.539889323,0.024764829440709173,0.0485,0.024764829440709173,-0.0,1.0,0.005557521601035995,0.0013216415145030625,0.006157521601035994,0.0002084070600388498,two-phase,False,
0.04964516467402698,1.0002992802299642,2792.9804310902146,741.4122254509282,1.3805769386220617,1023.5766204700122,2159676.69722615,683.0487913518468,618.2505220962676,273.60841632682946,3158944.517409811,387771.43564346415,89.96590827251518,35.10274573901867,39047.26988600007,2.160612370169922,0.03628108598931486,5671.715265952846,0.8304386124057453,6266.433094135488,16.664617142071315,273.60841632682946,0.9553961105300748,,,0.0009769664331926748,3.0003689597986943e-05,0.00015958041600026994,3158.050403269977,20238.60178755369,1954711.892582657,291.079267607904,14307875.006720515,0.025082327254051597,0.0485,0.025082327254051597,-0.0,1.0,0.005557521601035995,0.0013216415145030625,0.006157521601035994,0.0002084070600388498,two-phase,False,
0.04964516467402698,1.0002992802299642,2792.9804310902146,741.4122254509282,1.3804453720078733,1023.4790753737918,2158972.2881305707,683.5359489525827,618.7886906542593,273.6161423398336,3159569.4609981496,387454.0568322104,90.10218922916425,35.04965229244152,39052.27334647014,2.1606690507433997,0.036280884077164295,5660.747856046913,0.8307625873800402,6254.762433088718,16.672306634074744,273.6161423398336,0.9540328428364565,,,0.00097705954529142,2.998985149290042e-05,0.0001598781745426231,3158.050403269977,20239.786640371956,1953934.7628371348,291.0817444050426,14301560.385708116,0.025399825067394022,0.0485,0.025399825067394022,-0.0,1.0,0.005557521601035995,0.0013216415145030625,0.006157521601035994,0.0002084070600388498,two-phase,False,
0.04964516467402698,1.0002992802299642,2792.9804310902146,741.4122254509282,1.3803146593623312,1023.3821634203658,2158272.426737223,684.0200603878302,619.3234415471281,273.623879615723,3160193.6561517986,387136.7809037858,90.23886746489701,34.99656513861348,39057.2849709157,2.1607258710525525,0.03628068188532738,5649.885977226058,0.8310836647009492,6243.202666150542,16.679947618679897,273.623879615723,0.9526693597862448,,,0.000977152070598712,2.9976113320646722e-05,0.00016017420120314368,3158.050403269977,20240.973480675082,1953163.1072894367,291.08422530350055,14295218.86557724,0.025717322880736446,0.0485,0.025717322880736446,1.4210854715202004e-14,1.0,0.005557521601035995,0.0013216415145030625,0.006157521601035994,0.0002084070600388498,two-phase,False,
0.04964516467402698,1.0002992802299642,2792.9804310902146,741.4122254509282,1.3801847647460455,1023.2858579638313,2157576.9243323426,684.5012534090515,619.8549171763898,273.6315910186282,3160817.019516879,386819.60721739905,90.37581164739105,34.94353572824751,39062.280703377786,2.160782558247988,0.03628048038419808,5639.125250857336,0.831401964166192,6231.7491668635075,16.687542172283685,273.6315910186282,0.9513060589278224,,,0.0009772440342230798,2.9962471095980167e-05,0.00016046858967260207,3158.050403269977,20242.156611532067,1952396.700972048,291.0866983946388,14288912.15172712,0.026034820694078874,0.0485,0.026034820694078874,-1.4210854715202004e-14,1.0,0.005557521601035995,0.0013216415145030625,0.006157521601035994,0.0002084070600388498,two-phase,False,
0.04964516467402698,1.0002992802299642,2792.9804310902146,741.4122254509282,1.380055666275532,1023.1901427795055,2156885.662552422,684.9796085908674,620.3832074108218,273.63930130998835,3161439.590758944,386502.5351496589,90.51308674042215,34.89053922475087,39067.27658100046,2.1608392940824666,0.03628027892667134,5628.4634668533845,0.8317175472137581,6220.399622322989,16.695091546514064,273.63930130998835,0.9499429636350323,,,0.0009773354513399539,2.9948922328874563e-05,0.00016076137558933122,3158.050403269977,20243.33983080249,1951635.4078425812,291.0891716171122,14282598.93882824,0.0263523185074213,0.0485,0.0263523185074213,-0.0,1.0,0.005557521601035995,0.0013216415145030625,0.006157521601035994,0.0002084070600388498,two-phase,False,
0.04964516467402698,1.0002992802299642,2792.9804310902146,741.4122254509282,1.3799273445125655,1023.0950034556508,2156198.539979495,685.4551937499641,620.9083882498207,273.6469857433798,3162061.2868554643,386185.564092083,90.65059253386053,34.837614570366505,39072.25656513938,2.1608958961899445,0.036280078159249815,5617.897895805698,0.8320304865676862,6209.1511593762625,16.702596846366887,273.6469857433798,0.9485804841812053,,,0.0009774263354061508,2.9935464802214808e-05,0.00016105260998356086,3158.050403269977,20244.51933971801,1950879.1024354706,291.0916370305605,14276320.026690401,0.026669816320763724,0.0485,0.026669816320763724,-0.0,1.0,0.005557521601035995,0.0013216415145030625,0.006157521601035994,0.0002084070600388498,two-phase,False,
0.04964516467402698,1.0002992802299642,2792.9804310902146,741.4122254509282,1.3797996979151566,1023.0003647077947,2155515.0109194596,685.9283856736411,621.4308765372818,273.654669073087,3162682.1984035964,385868.6935164085,90.78846841689466,34.78470843641087,39077.23669387424,2.160952546635636,0.036279877435108986,5607.419762378264,0.832341038349079,6197.994470744177,16.71006399923389,273.654669073087,0.9472177790272823,,,0.0009775167580567145,2.992208767260997e-05,0.00016134251244014623,3158.050403269977,20245.698936706554,1950127.1786196893,291.09410257448314,14270034.687495688,0.026987314134106148,0.0485,0.026987314134106148,-0.0,1.0,0.005557521601035995,0.0013216415145030625,0.006157521601035994,0.0002084070600388498,two-phase,False,
0.04964516467402698,1.0002992802299642,2792.9804310902146,741.4122254509282,1.379672723350338,1022.906224213117,2154835.0586162084,686.399194600192,621.9506843794192,273.6623389296288,3163302.2811019938,385551.9228968357,90.92664630048564,34.73184739304643,39082.20894751071,2.1610091540835668,0.03627967707735043,5597.027960425288,0.8326492290418793,6186.928407935636,16.717493168070824,273.6623389296288,0.9458552697155447,,,0.0009776067212507796,2.9908790449214183e-05,0.0001616310928565707,3158.050403269977,20246.87672215718,1949379.6077727387,291.0965642782757,14263763.281209225,0.027304811947448573,0.0485,0.027304811947448573,1.4210854715202105e-14,1.0,0.005557521601035995,0.0013216415145030625,0.006157521601035994,0.0002084070600388498,two-phase,False,
0.04964516467402698,1.0002992802299642,2792.9804310902146,741.4122254509282,1.3795464813005112,1022.8126268140093,2154159.009288622,686.8673925773064,622.4675610625852,273.67000768676866,3163921.5295090685,385235.25165960944,91.06512199838308,34.679033355119756,39087.18134563799,2.1610658097252906,0.036279476762691366,5586.7270978085035,0.8329549185509144,6175.957911515493,16.724880784790532,273.67000768676866,0.9444933994867505,,,0.000977696181865618,2.9895579312869954e-05,0.0001619182018930913,3158.050403269977,20248.054595621437,1948636.7430939828,291.09902611210396,14257484.921425777,0.027622309760791,0.0485,0.027622309760791,-1.4210854715202004e-14,1.0,0.005557521601035995,0.0013216415145030625,0.006157521601035994,0.0002084070600388498,two-phase,False,
0.04964516467402698,1.0002992802299642,2792.9804310902146,741.4122254509282,1.37942075394702,1022.7194110170574,2153485.6938101007,687.3337888029255,622.9824004805514,273.67765061225714,3164539.9956871266,384918.67940284126,91.20390690422319,34.626262300214506,39092.1378477467,2.1611223305730833,0.03627927713707882,5576.498134595107,0.8332586633461144,6165.062727094534,16.73223958294425,273.67765061225714,0.9431312834782306,,,0.0009777852940187537,2.988243131001228e-05,0.00016220435123963112,3158.050403269977,20249.22875719456,1947897.2860457539,291.10148013393075,14251241.792554446,0.027939807574133425,0.0485,0.027939807574133425,-0.0,1.0,0.005557521601035995,0.0013216415145030625,0.006157521601035994,0.0002084070600388498,two-phase,False,
0.04964516467402698,1.0002992802299642,2792.9804310902146,741.4122254509282,1.3792956158283936,1022.6266320860377,2152815.5147184907,687.7981023970915,623.4948934749136,273.6852924461487,3165157.673890433,384602.205665468,91.34302927012102,34.573523874831665,39097.09449377884,2.161178899314998,0.036279077554246385,5566.347153819539,0.8335602816487259,6154.249364189018,16.739565185027757,273.6852924461487,0.9417693751406435,,,0.0009778740046698354,2.9869354100500246e-05,0.00016248935342446527,3158.050403269977,20250.403006438468,1947161.6770652141,291.10393428493705,14244992.196333969,0.02825730538747585,0.0485,0.02825730538747585,-0.0,1.0,0.005557521601035995,0.0013216415145030625,0.006157521601035994,0.0002084070600388498,two-phase,False,
0.04964516467402698,1.0002992802299642,2792.9804310902146,741.4122254509282,1.3791710298677315,1022.5342625316835,2152148.271914221,688.2604713054575,624.0051928561365,273.69292082602414,3165774.526111787,384285.83001584193,91.4824578661443,34.52083029831562,39102.043263099025,2.161235424305289,0.03627887833701926,5556.270341397485,0.8338598808899198,6143.513783979641,16.74685974329441,273.69292082602414,0.9404076646374144,,,0.0009779623398868894,2.9856343676622978e-05,0.0001627732980119108,3158.050403269977,20251.575443170936,1946429.6873084812,291.1063845936822,14238756.529511785,0.028574803200818275,0.0485,0.028574803200818275,-0.0,1.0,0.005557521601035995,0.0013216415145030625,0.006157521601035994,0.0002084070600388498,two-phase,False,
0.04964516467402698,1.0002992802299642,2792.9804310902146,741.4122254509282,1.379047052240543,1022.4423440032034,2151484.268358376,688.7206838514644,624.5130658090598,273.7005357575303,3166390.508291236,383969.5519777787,91.62215582300824,34.46819576446731,39106.984155187645,2.1612919053172304,0.036278679485169586,5546.271801366764,0.8341573352668659,6132.860385694755,16.7541199467753,273.7005357575303,0.9390465849322654,,,0.0009780502596211595,2.9843405776513856e-05,0.00016305605168064104,3158.050403269977,20252.746067077314,1945701.6429909281,291.10883105953087,14232534.30902168,0.0288923010141607,0.0485,0.0288923010141607,1.4210854715202105e-14,1.0,0.005557521601035995,0.0013216415145030625,0.006157521601035994,0.0002084070600388498,two-phase,False,
0.04964516467402698,1.0002992802299642,2792.9804310902146,741.4122254509282,1.3789234937613721,1022.350736236188,2150822.4889746006,689.1794430917985,625.0192886959971,273.7081372463016,3167005.749709716,383653.3712243149,91.76219990350552,34.41559167708372,39111.917169525426,2.161348342124407,0.03627848099847003,5536.335567654311,0.8344531145853847,6122.27217980178,16.761356867272077,273.7081372463016,0.9376852718933587,,,0.0009781378978426984,2.983052052165842e-05,0.00016333805009505095,3158.050403269977,20253.914877842744,1944976.4230845398,291.111273681849,14226326.904075801,0.029209798827503127,0.0485,0.029209798827503127,-1.4210854715201903e-14,1.0,0.005557521601035995,0.0013216415145030625,0.006157521601035994,0.0002084070600388498,two-phase,False,
0.04964516467402698,1.0002992802299642,2792.9804310902146,741.4122254509282,1.3788004144173822,1022.2594837058534,2150163.256792409,689.636523731464,625.5236135323049,273.7157252979597,3167620.1289401925,383337.2873810002,91.90255335701563,34.363032232650134,39116.842305586266,2.1614047345010454,0.03627828287669404,5526.466125014027,0.8347470822255768,6111.753967722715,16.768566971248017,273.7157252979597,0.9363241584481167,,,0.000978225211836471,2.981769407351969e-05,0.00016361915176579128,3158.050403269977,20255.081875150037,1944254.3768398294,291.1137124600034,14220133.004902361,0.02952729664084555,0.0485,0.02952729664084555,-0.0,1.0,0.005557521601035995,0.0013216415145030625,0.006157521601035994,0.0002084070600388498,two-phase,False,
0.04964516467402698,1.0002992802299642,2792.9804310902146,741.4122254509282,1.37867784448678,1022.1686088608323,2149506.7317258273,690.0918145816622,626.0259180808598,273.7233122738797,3168233.7236255473,383021.30004987615,92.04324988352872,34.310505194744486,39121.767584594934,2.1614611741810896,0.03627808479704425,5516.6656275379755,0.835039171423298,6101.3080695278795,16.775748480308305,273.7233122738797,0.934963254369776,,,0.0009783121799391411,2.9804929454379314e-05,0.0001638992800567404,3158.050403269977,20256.24895954411,1943535.6759474282,291.11615136562506,14213932.667060567,0.029844794454187976,0.0485,0.029844794454187976,-0.0,1.0,0.005557521601035995,0.0013216415145030625,0.006157521601035994,0.0002084070600388498,two-phase,False,
0.04964516467402698,1.0002992802299642,2792.9804310902146,741.4122254509282,1.3785556702917694,1022.0780274190167,2148852.3087003394,690.5457332945011,626.526663863951,273.73088582040117,3168846.534447709,382705.40892193315,92.1842580108216,34.25802269731618,39126.68498475265,2.1615175691330477,0.0362778870820028,5506.924318383122,0.8353296679428104,6090.924105205932,16.78290802892316,273.73088582040117,0.9336025507048653,,,0.0009783988826422881,2.9792214742422173e-05,0.00016417869977156614,3158.050403269977,20257.414230132887,1942819.6495309188,291.1185864262345,14207746.661916435,0.0301622922675304,0.0485,0.0301622922675304,1.4210854715202105e-14,1.0,0.005557521601035995,0.0013216415145030625,0.006157521601035994,0.0002084070600388498,two-phase,False,
0.04964516467402698,1.0002992802299642,2792.9804310902146,741.4122254509282,1.3784339441595768,1021.9877781764523,2148200.265405048,690.9980871935845,627.025638672733,273.73843359084924,3169458.485558947,382389.61364734,92.32554605541473,34.20559680605066,39131.58648332294,2.1615738270182923,0.03627769005377863,5497.245773176392,0.8356184607716012,6080.6059050656695,16.790042550152176,273.73843359084924,0.9322420392065428,,,0.0009784852826560358,2.9779555263573067e-05,0.00016445729514667505,3158.050403269977,20258.57578545475,1942106.5948536862,291.12101366852414,14201594.913866974,0.03047979008087283,0.0485,0.03047979008087283,-1.4210854715202004e-14,1.0,0.005557521601035995,0.0013216415145030625,0.006157521601035994,0.0002084070600388498,two-phase,False,
0.04964516467402698,1.0002992802299642,2792.9804310902146,741.4122254509282,1.3783125970064898,1021.8978099136299,2147550.234239089,691.4491298140151,627.5231227768536,273.74599264762,3170069.654065045,382073.91393030435,92.46721334276441,34.153191051226756,39136.49614641118,2.161630223952195,0.03627749274484374,5487.624679905886,0.8359057083759617,6070.347830156789,16.79715606975627,273.74599264762,0.9308817469615833,,,0.0009785714288638306,2.9766943756643628e-05,0.00016473520595180973,3158.050403269977,20259.73932862358,1941396.110483458,291.1234450098947,14195415.995406702,0.030797287894215254,0.0485,0.030797287894215254,-0.0,1.0,0.005557521601035995,0.0013216415145030625,0.006157521601035994,0.0002084070600388498,two-phase,False,
0.04964516467402698,1.0002992802299642,2792.9804310902146,741.4122254509282,1.3781916208516147,1021.8081167134176,2146902.168395998,691.8988940777904,628.01915268173,273.7535259394728,3170680.002593186,381758.30948191485,92.60916269719918,34.10084176655111,39141.38990686374,2.1616864833696847,0.03627729612227668,5478.059365647252,0.8361914537985076,6060.148110157911,16.804249058281343,273.7535259394728,0.9295216480564263,,,0.0009786573267948173,2.9754379280256728e-05,0.00016501246864310427,3158.050403269977,20260.89915589076,1940688.1345023157,291.1258685316872,14189271.733302144,0.031114785707557678,0.0485,0.031114785707557678,1.4210854715202004e-14,1.0,0.005557521601035995,0.0013216415145030625,0.006157521601035994,0.0002084070600388498,two-phase,False,
0.04964516467402698,1.0002992802299642,2792.9804310902146,741.4122254509282,1.3780710619367227,1021.7187328600295,2146256.321406844,692.3472016308983,628.5135325042884,273.7610581712915,3171289.5699269073,381442.7999759898,92.75146086678758,34.04852466750538,39146.28380927066,2.161742789503336,0.03627709954118918,5468.553665429581,0.8364755824824567,6050.010857407607,16.81131878186325,273.7610581712915,0.9281617602144585,,,0.0009787429434720907,2.974186656548449e-05,0.00016528895956866002,3158.050403269977,20262.059069650364,1939982.943833923,291.1282921792466,14183121.059745645,0.031432283520900106,0.0485,0.031432283520900106,-1.4210854715201903e-14,1.0,0.005557521601035995,0.0013216415145030625,0.006157521601035994,0.0002084070600388498,two-phase,False,
0.04964516467402698,1.0002992802299642,2792.9804310902146,741.4122254509282,1.3779507996801421,1021.6295689527403,2145612.0447165887,692.7945027247811,629.006759013438,273.7685646527849,3171898.280643716,381127.38518168806,92.89404316422508,33.99626386900759,39151.161807530574,2.161798957518431,0.036276903645885615,5459.097167884473,0.8367583994880069,6039.924982104461,16.81837230695969,273.7685646527849,0.9268020672389785,,,0.0009788283643993266,2.972939300392896e-05,0.0001655649702542456,3158.050403269977,20263.21526659004,1939279.820758635,291.1307080055608,14177004.612455424,0.03174978133424253,0.0485,0.03174978133424253,1.4210854715202105e-14,1.0,0.005557521601035995,0.0013216415145030625,0.006157521601035994,0.0002084070600388498,two-phase,False,
0.04964516467402698,1.0002992802299642,2792.9804310902146,741.4122254509282,1.3778309241737272,1021.5406917867522,2144969.819973246,693.2404626103184,629.4984634234411,273.7760700818682,3172506.2116259295,380812.064797364,93.03697656652902,33.94403515479368,39156.039947156605,2.16185517195467,0.036276707791750754,5449.6970897165775,0.8370396888953261,6029.898201864387,16.82540434356842,273.7760700818682,0.9254425861466545,,,0.0009789135254621372,2.971696785350226e-05,0.0001658402789769833,3158.050403269977,20264.371549668216,1938579.2917405851,291.1331239568008,14170881.75993976,0.032067279147584955,0.0485,0.032067279147584955,-1.4210854715201903e-14,1.0,0.005557521601035995,0.0013216415145030625,0.006157521601035994,0.0002084070600388498,two-phase,False,
0.04964516467402698,1.0002992802299642,2792.9804310902146,741.4122254509282,1.377711328588739,1021.452022157932,2144329.075933419,693.6854770273858,629.9890825158282,273.7835621170213,3173113.3702724357,380496.8386053475,93.18026839680597,33.89183630402838,39160.91020472009,2.161911340244708,0.036276512300791805,5440.344451774301,0.8373197149914723,6019.920953309858,16.83242114704243,273.7835621170213,0.9240828764462863,,,0.0009789985024332203,2.9704579966967696e-05,0.00016611513801525622,3158.050403269977,20265.526016998665,1937880.726593026,291.1355360590457,14164773.290982824,0.032384776960927376,0.0485,0.032384776960927376,1.4210854715202105e-14,1.0,0.005557521601035995,0.0013216415145030625,0.006157521601035994,0.0002084070600388498,two-phase,False,
0.04964516467402698,1.0002992802299642,2792.9804310902146,741.4122254509282,1.3775920473810015,1021.3635856122488,2143689.999437843,694.1294150215108,630.4784723860686,273.79105310390327,3173719.705413832,380181.7063605018,93.32387472736758,33.83968370897342,39165.780603526415,2.161967554814011,0.03627631685082715,5431.041923612376,0.8375983967943742,6009.9961017745645,16.839420680034095,273.79105310390327,0.9227238118343302,,,0.0009790832707243595,2.9692232856492046e-05,0.00016638945900559422,3158.050403269977,20266.680570396333,1937184.3277465452,291.1379482857883,14158657.956728458,0.032702274774269804,0.0485,0.032702274774269804,-0.0,1.0,0.005557521601035995,0.0013216415145030625,0.006157521601035994,0.0002084070600388498,two-phase,False,
0.04964516467402698,1.0002992802299642,2792.9804310902146,741.4122254509282,1.3774730903799128,1021.2753894373387,2143052.640619386,694.5722418944688,630.9665949937898,273.79851836602705,3174325.2249550656,379866.6678103206,93.46776947744667,33.78758711078475,39170.63509560975,2.162023630218184,0.036276122085621504,5421.789540590247,0.837875728185401,6000.123697653012,16.846402363974022,273.79851836602705,0.9213649447893348,,,0.0009791678232361398,2.9679927452596552e-05,0.00016666323069158668,3158.050403269977,20267.83140541316,1936490.14209314,291.1403526883763,14152577.221062845,0.03301977258761223,0.0485,0.03301977258761223,-1.4210854715201903e-14,1.0,0.005557521601035995,0.0013216415145030625,0.006157521601035994,0.0002084070600388498,two-phase,False,
0.04964516467402698,1.0002992802299642,2792.9804310902146,741.4122254509282,1.3773543428174722,1021.1873485428027,2142416.3852234934,695.0143837428363,631.453920381184,273.8059825874492,3174929.9742154405,379551.72279259574,93.61205957049344,33.735508200114374,39175.48972834354,2.162079751607867,0.03627592736110179,5412.5783921171205,0.8381519755547937,5990.294249813576,16.853372929594507,273.8059825874492,0.9200058580320671,,,0.0009792522414490972,2.966765181597569e-05,0.0001669367076635878,3158.050403269977,20268.982326140453,1935797.5000876174,291.1427572146254,14146490.176562171,0.033337270400954654,0.0485,0.033337270400954654,1.4210854715202206e-14,1.0,0.005557521601035995,0.0013216415145030625,0.006157521601035994,0.0002084070600388498,two-phase,False,
0.04964516467402698,1.0002992802299642,2792.9804310902146,741.4122254509282,1.3772359449926121,1021.0995669479847,2141781.9845663826,695.4553180710591,631.9398729204173,273.8134334335271,3175533.902115711,379236.8710346721,93.75663413778138,33.68348738531952,39180.33647736684,2.162135826111473,0.03627573299900645,5403.419022730746,0.8384268198298033,5980.519024607749,16.860324126569886,273.8134334335271,0.9186474102813449,,,0.0009793364255250344,2.965542039681544e-05,0.0001672095675785578,3158.050403269977,20270.131430123933,1935107.215666294,291.14515788979696,14140416.960326176,0.03365476821429708,0.0485,0.03365476821429708,-1.4210854715201802e-14,1.0,0.005557521601035995,0.0013216415145030625,0.006157521601035994,0.0002084070600388498,two-phase,False,
0.04964516467402698,1.0002992802299642,2792.9804310902146,741.4122254509282,1.377117764543014,1021.0119465178433,2141148.7330593304,695.8955337374377,632.4249919846741,273.82087090974403,3176137.0612208243,378922.1123676193,93.90157338733893,33.63149614376736,39185.17534214516,2.1621918535069184,0.03627553899911521,5394.300853290795,0.8387005757375512,5970.786745676965,16.867263725270547,273.82087090974403,0.9172887363241964,,,0.000979420469476871,2.9643219442339046e-05,0.00016748211627622288,3158.050403269977,20271.278717041187,1934418.516308091,291.14755471327015,14134358.118195185,0.0339722660276395,0.0485,0.0339722660276395,1.4210854715202206e-14,1.0,0.005557521601035995,0.0013216415145030625,0.006157521601035994,0.0002084070600388498,two-phase,False,
0.04964516467402698,1.0002992802299642,2792.9804310902146,741.4122254509282,1.3769997879269842,1020.9244772124015,2140516.55367092,696.3350851822338,632.9093374842795,273.8282950215712,3176739.407371948,378607.4466338311,94.04683896585341,33.579548637637934,39190.00632214858,2.1622478335721476,0.03627534536120811,5385.222517060077,0.8389732816330815,5961.095965942617,16.874192511410904,273.8282950215712,0.9159302696297238,,,0.00097950438286137,2.9631047510088733e-05,0.00016775438706460614,3158.050403269977,20272.424186571287,1933731.3153195824,291.1499476844253,14128313.169036072,0.03428976384098193,0.0485,0.03428976384098193,-0.0,1.0,0.005557521601035995,0.0013216415145030625,0.006157521601035994,0.0002084070600388498,two-phase,False,
0.04964516467402698,1.0002992802299642,2792.9804310902146,741.4122254509282,1.3768821381786598,1020.8372502506726,2139886.107507961,696.7735117379875,633.3924022255219,273.8357181043172,3177340.9340912225,378292.8735785153,94.19242553171772,33.527647105833964,39194.83744207914,2.162303859189032,0.03627515176350825,5376.193564701716,0.8392446503426085,5951.456896811897,16.88110324959772,273.8357181043172,0.9145724503453524,,,0.0009795880780745845,2.9618917235869347e-05,0.00016802608459378819,3158.050403269977,20273.569741378684,1933046.331317909,291.1523407779837,14122261.38550746,0.03460726165432436,0.0485,0.03460726165432436,-1.4210854715201802e-14,1.0,0.005557521601035995,0.0013216415145030625,0.006157521601035994,0.0002084070600388498,two-phase,False,
0.04964516467402698,1.0002992802299642,2792.9804310902146,741.4122254509282,1.3767646743123798,1020.7501611041639,2139256.640647215,697.2113367869206,633.8747633165848,273.84312783017134,3177941.6940555163,377978.3930577101,94.33838064764615,33.475774987757056,39199.66067663782,2.1623598371836104,0.036274958527487404,5367.202623765491,0.8395150197512142,5941.857408605262,16.888004224361328,273.84312783017134,0.9132144061548547,,,0.0009796716553228675,2.9606814005810034e-05,0.00016829754254145437,3158.050403269977,20274.71347843901,1932362.7386212589,291.1547300183936,14116223.97566943,0.03492475946766678,0.0485,0.03492475946766678,1.4210854715202206e-14,1.0,0.005557521601035995,0.0013216415145030625,0.006157521601035994,0.0002084070600388498,two-phase,False,
0.04964516467402698,1.0002992802299642,2792.9804310902146,741.4122254509282,1.3766473839015099,1020.6632005596167,2138628.0838333652,697.6486089369496,634.3564742809904,273.8505242045792,3178541.680693493,377664.00493763434,94.48466562893859,33.4239464388043,39204.4760252962,2.1624157673343145,0.03627476565292673,5358.248481254208,0.8397844239661725,5932.296216969709,16.89489614672063,273.8505242045792,0.9118565706344596,,,0.0009797551233861597,2.9594736520298297e-05,0.0001685687908064059,3158.050403269977,20275.855397431194,1931680.4594800358,291.1571154050374,14110200.857221518,0.03524225728100921,0.0485,0.03524225728100921,-1.4210854715201802e-14,1.0,0.005557521601035995,0.0013216415145030625,0.006157521601035994,0.0002084070600388498,two-phase,False,
0.04964516467402698,1.0002992802299642,2792.9804310902146,741.4122254509282,1.3765303412295335,1020.576423691714,2138000.837431098,698.0850486382633,634.837227607926,273.85790723297436,3179140.857154886,377349.7090256516,94.63128162786016,33.372161392562425,39209.28348751495,2.1624716494204943,0.036274573139608225,5349.33670012053,0.8400526943683602,5922.779275029776,16.9017746588107,273.85790723297436,0.9104989443712637,,,0.0009798384293287089,2.9582692355879668e-05,0.00016883965340663024,3158.050403269977,20276.995498030596,1930999.9264662957,291.15949693729897,14104191.62735202,0.03555975509435163,0.0485,0.03555975509435163,1.4210854715202206e-14,1.0,0.005557521601035995,0.0013216415145030625,0.006157521601035994,0.0002084070600388498,two-phase,False,
0.04964516467402698,1.0002992802299642,2792.9804310902146,741.4122254509282,1.3764134952421558,1020.4897926481773,2137374.626324947,698.5208473461707,635.3172343334492,273.8652769207783,3179739.2242093678,377035.50516956864,94.7782298020667,33.32041978274122,39214.08306276158,2.1625274832214227,0.03627438098731423,5340.463091189837,0.840319954571923,5913.302120770367,16.90864275349844,273.8652769207783,0.9091415279523908,,,0.0009799216094116864,2.9570676209156334e-05,0.00016911025000524124,3158.050403269977,20278.133779914613,1930320.8378006897,291.1618746145628,14098196.282173935,0.03587725290769406,0.0485,0.03587725290769406,-0.0,1.0,0.005557521601035995,0.0013216415145030625,0.006157521601035994,0.0002084070600388498,two-phase,False,
0.04964516467402698,1.0002992802299642,2792.9804310902146,741.4122254509282,1.3762968484932512,1020.4033093224803,2136749.466902104,698.9559925367498,635.7964810423446,273.87264559475204,3180336.7824200373,376721.3932147831,94.92554507000742,33.26870971286939,39218.88277690359,2.1625833619966435,0.036274188874601584,5331.627877703428,0.8405861972667876,5903.865005905396,16.91550026547786,273.87264559475204,0.9077843276162737,,,0.0009800046617488654,2.9558688312661327e-05,0.0001693805666287662,3158.050403269977,20279.27214645601,1929643.2106777322,291.1642524125666,14092194.20668085,0.036194750721036485,0.0485,0.036194750721036485,-1.4210854715201903e-14,1.0,0.005557521601035995,0.0013216415145030625,0.006157521601035994,0.0002084070600388498,two-phase,False,
0.04964516467402698,1.0002992802299642,2792.9804310902146,741.4122254509282,1.37618038101953,1020.3169589135961,2136125.2499557408,699.3905605168343,636.2750518760033,273.88000093556144,3180933.569911678,376407.3730227467,95.07319495959253,33.2170429805393,39223.674603468884,2.1626391921963717,0.03627399712261164,5322.829097865864,0.8408514783077929,5894.465844421271,16.92234837329541,273.88000093556144,0.9064273379450064,,,0.0009800876004891373,2.954672655179663e-05,0.00016965065646218564,3158.050403269977,20280.408693918023,1928966.9220683658,291.1666263547482,14086206.416036945,0.036512248534378906,0.0485,0.036512248534378906,1.4210854715202206e-14,1.0,0.005557521601035995,0.0013216415145030625,0.006157521601035994,0.0002084070600388498,two-phase,False,
0.04964516467402698,1.0002992802299642,2792.9804310902146,741.4122254509282,1.3760640039810104,1020.2306755544759,2135501.498738087,699.8248831280025,636.7533123817013,273.8873429486026,3181529.59470893,376093.4445249951,95.22122142415408,33.165405316560005,39228.458541925575,2.162694973600408,0.03627380573112776,5314.059776928303,0.841116005729455,5885.097194631826,16.92919229273609,273.8873429486026,0.9050701262527725,,,0.000980170488851964,2.953478177541512e-05,0.00016992072805733168,3158.050403269977,20281.543421977636,1928291.4525805246,291.16899644049477,14080232.982560182,0.036829746347721334,0.0485,0.036829746347721334,-1.4210854715201802e-14,1.0,0.005557521601035995,0.0013216415145030625,0.006157521601035994,0.0002084070600388498,two-phase,False,
0.04964516467402698,1.0002992802299642,2792.9804310902146,741.4122254509282,1.3759478718800577,1020.1445737950622,2134879.044561687,700.2583803129637,637.230624266801,273.8946716392595,3182124.7680496275,375779.6075308574,95.36954420658333,33.11382506378779,39233.234591740715,2.1627507059889046,0.036273614699933836,5305.331574630613,0.8413794273233489,5875.771525286319,16.93602294041734,273.8946716392595,0.9037135596374575,,,0.0009802532167375827,2.9522869788205357e-05,0.0001701904159643565,3158.050403269977,20282.676330311442,1927617.7016733885,291.17136266919425,14074272.955606783,0.037147244161063755,0.0485,0.037147244161063755,1.4210854715202206e-14,1.0,0.005557521601035995,0.0013216415145030625,0.006157521601035994,0.0002084070600388498,two-phase,False,
0.04964516467402698,1.0002992802299642,2792.9804310902146,741.4122254509282,1.3758318959613673,1020.0585878310873,2134257.40891401,700.6913857599825,637.7073549547242,273.90198701290444,3182719.135557762,375465.86192000605,95.5182051513002,33.062287950947635,39238.00275237594,2.162806389142673,0.03627342402881452,5296.637482071163,0.8416419519191458,5866.481357843304,16.94284552470903,273.90198701290444,0.902357205448622,,,0.0009803358473029111,2.9510981450595907e-05,0.00017045992972653548,3158.050403269977,20283.807418594108,1926945.1480193336,291.17372504023587,14068326.80574299,0.037464741974406184,0.0485,0.037464741974406184,-0.0,1.0,0.005557521601035995,0.0013216415145030625,0.006157521601035994,0.0002084070600388498,two-phase,False,
0.04964516467402698,1.0002992802299642,2792.9804310902146,741.4122254509282,1.3757160413175193,1019.972691781763,2133636.405667413,701.1240286014181,638.1836468348852,273.90930138782124,3183312.7795850295,375152.2075994752,95.66728063504434,33.01076796901381,39242.77105085301,2.1628621166972124,0.036273233396657896,5287.974884529922,0.8419036578183193,5857.223909218365,16.94966209119775,273.90930138782124,0.9010006356614798,,,0.0009804184053723308,2.9499113156931816e-05,0.00017072934473721493,3158.050403269977,20284.938590903257,1926273.5898026505,291.17608753036603,14062374.81895423,0.03778223978774861,0.0485,0.03778223978774861,-1.4210854715201802e-14,1.0,0.005557521601035995,0.0013216415145030625,0.006157521601035994,0.0002084070600388498,two-phase,False,
0.04964516467402698,1.0002992802299642,2792.9804310902146,741.4122254509282,1.375600328588098,1019.8869009495298,2133016.1452948237,701.5562316922674,638.6594151722113,273.9166024530824,3183905.6188494046,374838.64446005906,95.81669702928565,32.95929103363626,39247.531459539445,2.1629177947285396,0.036273043124277336,5279.344995012031,0.842164505877806,5848.000483939236,16.956471434564936,273.9166024530824,0.899644279051103,,,0.0009805008761941988,2.948726696645002e-05,0.0001709986178603043,3158.050403269977,20286.067942793707,1925603.1427953437,291.1784461620199,14056436.710759753,0.03809973760109103,0.0485,0.03809973760109103,1.4210854715202105e-14,1.0,0.005557521601035995,0.0013216415145030625,0.006157521601035994,0.0002084070600388498,two-phase,False,
0.04964516467402698,1.0002992802299642,2792.9804310902146,741.4122254509282,1.375484789743316,1019.8012390374939,2132396.799944728,701.9878745825158,639.1345275894764,273.9238902140347,3184497.646522913,374525.172367245,95.96641415258016,32.90787127097287,39252.283977901905,2.162973423017719,0.036272853211458365,5270.750066586823,0.8424244265535272,5838.813500255727,16.963271663010048,273.9238902140347,0.8982885696538919,,,0.0009805832369294014,2.947544612459962e-05,0.00017126767278252716,3158.050403269977,20287.19547394131,1924933.9912648255,291.18080093458883,14050512.397150155,0.03841723541443346,0.0485,0.03841723541443346,-1.4210854715201802e-14,1.0,0.005557521601035995,0.0013216415145030625,0.006157521601035994,0.0002084070600388498,two-phase,False,
0.04964516467402698,1.0002992802299642,2792.9804310902146,741.4122254509282,1.3753693406536627,1019.7156436710078,2131777.9177009673,702.419272269015,639.6093309043579,273.9311646760131,3185088.9157256726,374211.7912529544,96.11651586385153,32.85648023013377,39257.02860539868,2.1630290013466023,0.036272663657987335,5262.1835863361775,0.8426836146928635,5829.656005138125,16.97006772641652,273.9311646760131,0.8969326411943792,,,0.0009806655475049584,2.9463641987808518e-05,0.0001715367080182129,3158.050403269977,20288.32118401907,1924265.644208308,291.1831518474653,14044602.42648511,0.03873473322777588,0.0485,0.03873473322777588,1.4210854715202206e-14,1.0,0.005557521601035995,0.0013216415145030625,0.006157521601035994,0.0002084070600388498,two-phase,False,
0.04964516467402698,1.0002992802299642,2792.9804310902146,741.4122254509282,1.3752540137477036,1019.6301388930063,2131159.674741334,702.8503011049488,640.08368930197,273.93842584434094,3185679.3823933136,373898.5010232095,96.26696211544305,32.80513203982538,39261.76534149684,2.1630845294968544,0.036272474463650735,5253.647889229189,0.8429419985844763,5820.530503702543,16.97685770765303,273.93842584434094,0.8955769276738927,,,0.0009807477847660344,2.9451857853211792e-05,0.00017180564544140475,3158.050403269977,20289.445072702667,1923598.2905154377,291.18549890004294,14038706.321731001,0.03905223104111831,0.0485,0.03905223104111831,-0.0,1.0,0.005557521601035995,0.0013216415145030625,0.006157521601035994,0.0002084070600388498,two-phase,False,
0.04964516467402698,1.0002992802299642,2792.9804310902146,741.4122254509282,1.37513881362051,1019.5447281103316,2130542.0936496123,703.280945714569,640.5575858856996,273.94568602889484,3186269.0470808763,373585.30158071266,96.41778846587678,32.75381497043611,39266.50221436728,2.1631401014779073,0.03627228530766511,5245.143311903016,0.8431995674618268,5811.437366004165,16.9836413376329,273.94568602889484,0.8942214335615509,,,0.0009808299453947875,2.9440094150603847e-05,0.0001720744691923921,3158.050403269977,20290.569044772466,1922931.9545979782,291.18784607007,14032803.542215709,0.03936972885446074,0.0485,0.03936972885446074,-1.4210854715201802e-14,1.0,0.005557521601035995,0.0013216415145030625,0.006157521601035994,0.0002084070600388498,two-phase,False,
0.04964516467402698,1.0002992802299642,2792.9804310902146,741.4122254509282,1.3750237236418636,1019.4593989931362,2129925.0842179735,703.7112690994741,641.0310900765696,273.95293292708425,3186857.94737885,373272.1928414273,96.56896192384181,32.702540654424176,39271.23119522037,2.1631956229937357,0.03627209651051869,5236.668262177096,0.8434563668239363,5802.374896827771,16.990419598511956,273.95293292708425,0.8928661552091524,,,0.0009809120412128671,2.942834914117075e-05,0.00017234322459010914,3158.050403269977,20291.691195076422,1922266.5352831664,291.1901893789858,14026915.021320906,0.03968722666780316,0.0485,0.03968722666780316,1.4210854715202206e-14,1.0,0.005557521601035995,0.0013216415145030625,0.006157521601035994,0.0002084070600388498,two-phase,False,
0.04964516467402698,1.0002992802299642,2792.9804310902146,741.4122254509282,1.3749087380429708,1019.3741472643662,2129308.6181196226,704.1412900997143,641.5042228824908,273.9601665442072,3187446.0471575046,372959.17472548084,96.72048372308927,32.65130902686007,39275.952283520695,2.163251093826726,0.03627190807199917,5228.222214942999,0.8437124113385429,5793.342543294537,16.99719281823383,273.9601665442072,0.8915110932041886,,,0.0009809940763002873,2.9416622223854652e-05,0.00017261192351856406,3158.050403269977,20292.81152328893,1921602.0003180758,291.19252882618616,14021040.366247827,0.04000472448114559,0.0485,0.04000472448114559,-1.4210854715201802e-14,1.0,0.005557521601035995,0.0013216415145030625,0.006157521601035994,0.0002084070600388498,two-phase,False,
0.04964516467402698,1.0002992802299642,2792.9804310902146,741.4122254509282,1.3747938123347891,1019.2889399393017,2128692.4545351486,704.5711772216191,641.9771696603411,273.96738688554984,3188033.391759524,372646.24718840246,96.87239723323867,32.600105845077536,39280.665478725365,2.163306513759984,0.03627171999189507,5219.8016957610325,0.8439678045437566,5784.336596937239,17.003963617852733,273.96738688554984,0.8901558144753916,,,0.0009810760823712554,2.9404908834022794e-05,0.00017288067235393808,3158.050403269977,20293.930029081894,1920938.088184505,291.19486441106784,14015180.04230038,0.04032222229448801,0.0485,0.04032222229448801,1.4210854715202206e-14,1.0,0.005557521601035995,0.0013216415145030625,0.006157521601035994,0.0002084070600388498,two-phase,False,
0.04964516467402698,1.0002992802299642,2792.9804310902146,741.4122254509282,1.3746790293519482,1019.2038384325498,2128077.0395011497,705.0006185593334,642.4495875455995,273.974606254314,3188619.9290468222,372333.41012015176,97.02465414005606,32.5489478036304,39285.37880993168,2.1633619770999792,0.03627153194968311,5211.412926123318,0.8442223581473499,5775.363722235649,17.010727121619354,273.974606254314,0.8888011900664892,,,0.0009811580002857096,2.9393217375437035e-05,0.00017314926783743741,3158.050403269977,20295.048617800167,1920275.280454453,291.1972001121757,14009312.983319245,0.040639720107830436,0.0485,0.040639720107830436,-0.0,1.0,0.005557521601035995,0.0013216415145030625,0.006157521601035994,0.0002084070600388498,two-phase,False,
0.04964516467402698,1.0002992802299642,2792.9804310902146,741.4122254509282,1.3745643770769962,1019.1188338342246,2127462.3093948965,705.4296580456639,642.9215250618843,273.9818123545312,3189205.667822372,372020.6634200412,97.17726324494426,32.49783228932697,39290.08424742474,2.1634173892546604,0.0362713442655935,5203.054696072179,0.8444761062753529,5766.422632530272,17.017484028413847,273.9818123545312,0.8874467834135555,,,0.0009812398385747676,2.9381546600258723e-05,0.00017341774332645576,3158.050403269977,20296.16538372629,1919613.5047695136,291.19953195015705,14003459.789960843,0.040957217921172864,0.0485,0.040957217921172864,-1.4210854715201802e-14,1.0,0.005557521601035995,0.0013216415145030625,0.006157521601035994,0.0002084070600388498,two-phase,False,
0.04964516467402698,1.0002992802299642,2792.9804310902146,741.4122254509282,1.3744497260392219,1019.0338301531581,2126847.5681481697,705.8587819213053,643.3935170193995,273.9890051914625,3189790.6899784794,371708.0070897085,97.33026831459041,32.4467450666276,39294.781790663335,2.1634727500075988,0.03627115693941577,5194.71730258225,0.8447293413424335,5757.502954210866,17.024241964619186,273.9890051914625,0.8860921613409439,,,0.0009813216896338982,2.9369883313402758e-05,0.00017368640675531564,3158.050403269977,20297.280326532327,1918952.0092445335,291.201859924411,13997621.31113837,0.041274715734515285,0.0485,0.041274715734515285,1.4210854715202206e-14,1.0,0.005557521601035995,0.0013216415145030625,0.006157521601035994,0.0002084070600388498,two-phase,False,
0.04964516467402698,1.0002992802299642,2792.9804310902146,741.4122254509282,1.3743351529197039,1018.9488842416393,2126233.226762205,706.2877032752463,643.865247923854,273.9961847703573,3190374.9148746324,371395.44107037236,97.48362835875423,32.395700246690474,39299.47143910157,2.1635280591429717,0.036270969970940085,5186.406290245735,0.8449818942519214,5748.610626241569,17.03099641621817,273.9961847703573,0.8847377581300132,,,0.0009814034987086302,2.9358235289384665e-05,0.00017395507628141415,3158.050403269977,20298.393445888698,1918291.2357065924,291.20418403433774,13991796.686644256,0.04159221354785771,0.0485,0.04159221354785771,-1.4210854715201802e-14,1.0,0.005557521601035995,0.0013216415145030625,0.006157521601035994,0.0002084070600388498,two-phase,False,
0.04964516467402698,1.0002992802299642,2792.9804310902146,741.4122254509282,1.3742206909295505,1018.8640207227902,2125619.4633935397,706.7162975450842,644.3365808751739,274.0033510964532,3190958.298707967,371082.9652770615,97.63730188532989,32.34471193170565,39304.15319220195,2.163583316444786,0.03627078335995681,5178.123971531668,0.8452336935587458,5739.748130794601,17.037745415240405,274.0033510964532,0.8833840082010203,,,0.000981485242054766,2.93466058926286e-05,0.00017422367274878343,3158.050403269977,20299.504741468238,1917631.3745719388,291.2065042793387,13985985.444589132,0.041909711361200135,0.0485,0.041909711361200135,1.4210854715202206e-14,1.0,0.005557521601035995,0.0013216415145030625,0.006157521601035994,0.0002084070600388498,two-phase,False,
0.04964516467402698,1.0002992802299642,2792.9804310902146,741.4122254509282,1.3741062696087203,1018.7791873566745,2125005.90202591,707.144826674843,644.8078041879317,274.0105164646677,3191540.931322512,370770.57968008093,97.79141044660996,32.293740205272336,39308.83508021462,2.163638616589091,0.036270596786265624,5169.865273537147,0.8454848931655143,5730.910048111947,17.04449312182093,274.0105164646677,0.882030046799189,,,0.0009815669699678505,2.9334987929907007e-05,0.00017449235664228422,3158.050403269977,20300.616119319464,1916972.0213222643,291.20882463894793,13980168.048218768,0.04222720917454256,0.0485,0.04222720917454256,-0.0,1.0,0.005557521601035995,0.0013216415145030625,0.006157521601035994,0.0002084070600388498,two-phase,False,
0.04964516467402698,1.0002992802299642,2792.9804310902146,741.4122254509282,1.3739919552114255,1018.694433264975,2124392.8958176286,707.5730444916389,645.2786471207062,274.01766858724767,3192122.805089823,370458.28419781965,97.94587793642445,32.24281072165009,39313.509072265915,2.163693864616044,0.03627041056977698,5161.634708966505,0.8457353536675039,5722.101213570376,17.051235628526292,274.01766858724767,0.8806763056679517,,,0.0009816486351014423,2.932338810470207e-05,0.00017476097724878194,3158.050403269977,20301.725673017925,1916313.5528831682,291.21114113282937,13974364.888339566,0.04254470698788499,0.0485,0.04254470698788499,-1.4210854715201802e-14,1.0,0.005557521601035995,0.0013216415145030625,0.006157521601035994,0.0002084070600388498,two-phase,False,
0.04964516467402698,1.0002992802299642,2792.9804310902146,741.4122254509282,1.3738776566444937,1018.6096909101003,2123779.9588739364,708.0012895935374,645.7494822036915,274.0248074694056,3192703.884337148,370146.0788200954,98.10070564528377,32.1919234168302,39318.175167808906,2.1637490603107414,0.03627022471028268,5153.425573985442,0.8459852775973703,5713.314458858681,17.057978297513145,274.0248074694056,0.8793227853950694,,,0.000981730302513151,2.931179717076403e-05,0.00017502974975400966,3158.050403269977,20302.8334022332,1915655.4452570893,291.2134537603865,13968575.578454114,0.04286220480122741,0.0485,0.04286220480122741,1.4210854715202004e-14,1.0,0.005557521601035995,0.0013216415145030625,0.006157521601035994,0.0002084070600388498,two-phase,False,
0.04964516467402698,1.0002992802299642,2792.9804310902146,741.4122254509282,1.3737634123125424,1018.5249887657031,2123167.2946706973,708.4294204727412,646.2201537862373,274.0319331163426,3193284.1698097633,369833.96350681415,98.25589486991358,32.141078226920584,39322.8333662994,2.163804203458474,0.03627003920757489,5145.240525641459,0.846234583009806,5704.552634280707,17.06471887355761,274.0319331163426,0.8779694865683181,,,0.00098181194475341,2.930021899011579e-05,0.0001752985841502523,3158.050403269977,20303.939306635435,1914997.9161571288,291.21576252102403,13962800.114571175,0.04317970261456984,0.0485,0.04317970261456984,-1.4210854715201802e-14,1.0,0.005557521601035995,0.0013216415145030625,0.006157521601035994,0.0002084070600388498,two-phase,False,
0.04964516467402698,1.0002992802299642,2792.9804310902146,741.4122254509282,1.3736492350186593,1018.4403363241493,2122554.972750116,708.8573881920497,646.6906081897537,274.039057816399,3193863.7427830216,369521.93820765876,98.41152544293018,32.09024948100578,39327.491698914106,2.163859389029003,0.03626985374170936,5137.080575613027,0.846483239104509,5695.816831094777,17.071456593631755,274.039057816399,0.8766159773495489,,,0.0009818935526545367,2.92886548524815e-05,0.0001755674435562551,3158.050403269977,20305.045292837305,1914341.0408950392,291.2180713950626,13957018.897021424,0.04349720042791226,0.0485,0.04349720042791226,1.4210854715202206e-14,1.0,0.005557521601035995,0.0013216415145030625,0.006157521601035994,0.0002084070600388498,two-phase,False,
0.04964516467402698,1.0002992802299642,2792.9804310902146,741.4122254509282,1.3735350876180472,1018.355706045832,2121942.794979031,709.285330860147,647.1609973757345,274.04615700682467,3194442.4787095566,369210.00290143857,98.56744180659139,32.0394883481575,39332.134101899406,2.163914426512698,0.03626966895201634,5128.942606410286,0.8467313375571901,5687.103715523625,17.078193647835533,274.04615700682467,0.8752631229668982,,,0.0009819751527517773,2.927710098095587e-05,0.0001758364274719276,3158.050403269977,20306.14754676524,1913684.601852074,291.220372420274,13951271.494830713,0.04381469824125469,0.0485,0.04381469824125469,-0.0,1.0,0.005557521601035995,0.0013216415145030625,0.006157521601035994,0.0002084070600388498,two-phase,False,
0.04964516467402698,1.0002992802299642,2792.9804310902146,741.4122254509282,1.373420993399458,1018.2711151973166,2121330.883906487,709.7131634181628,647.6312277670606,274.05325525746537,3195020.422840662,368898.15754894767,98.72375885749216,31.988757719695677,39336.77663838072,2.1639695061371316,0.036269484198878835,5120.828512051343,0.8469788215690573,5678.415324265408,17.08492866450132,274.05325525746537,0.873910493018749,,,0.000982056728385371,2.9265559711635718e-05,0.00017610547008189571,3158.050403269977,20307.249882113832,1913028.7331014678,291.2226735580903,13945517.4984015,0.04413219605459712,0.0485,0.04413219605459712,-1.4210854715201802e-14,1.0,0.005557521601035995,0.0013216415145030625,0.006157521601035994,0.0002084070600388498,two-phase,False,
0.04964516467402698,1.0002992802299642,2792.9804310902146,741.4122254509282,1.373306953864059,1018.1865648915872,2120719.250271055,710.140877518948,648.1012904680686,274.06035256860855,3195597.6562748123,368586.4021094016,98.88052190709564,31.938043432225815,39341.419308506855,2.1640246279072075,0.03626929948228027,5112.73834273196,0.8472256888030658,5669.751718035452,17.09166155902857,274.06035256860855,0.8725576534530078,,,0.0009821382784661633,2.9254031170297658e-05,0.00017637456624758452,3158.050403269977,20308.35229897565,1912373.4449499932,291.22497480850404,13939757.766552242,0.04444969386793954,0.0485,0.04444969386793954,1.4210854715202408e-14,1.0,0.005557521601035995,0.0013216415145030625,0.006157521601035994,0.0002084070600388498,two-phase,False,
0.04964516467402698,1.0002992802299642,2792.9804310902146,741.4122254509282,1.3731928943990335,1018.1019998097888,2120107.4921496706,710.5687547102757,648.5714947638794,274.06742438724046,3196174.0991457626,368274.7366011003,99.03761819761323,31.887382398157115,39346.04604712974,2.164079600876624,0.03626911544117262,5104.666285196912,0.8474721128575781,5661.106673733819,17.098396719328676,274.06742438724046,0.8712050366246713,,,0.0009822198563472315,2.9242507833192398e-05,0.00017664390686007752,3158.050403269977,20309.450982428447,1911718.3017206406,291.2272682081196,13934032.294242222,0.044767191681281966,0.0485,0.044767191681281966,-1.4210854715201802e-14,1.0,0.005557521601035995,0.0013216415145030625,0.006157521601035994,0.0002084070600388498,two-phase,False,
0.04964516467402698,1.0002992802299642,2792.9804310902146,741.4122254509282,1.3730789146973785,1018.0174938655286,2119496.144475385,710.9964207492762,649.0414295365381,274.07449527343533,3196749.7434708537,367963.1609637062,99.1950756689913,31.836765907697107,39350.672918768374,2.1641346157103767,0.03626893143631869,5096.619741661871,0.8477178695346983,5652.488128428411,17.105128279314567,274.07449527343533,0.8698530792167856,,,0.0009823013907186268,2.9230999723320162e-05,0.00017691324197049397,3158.050403269977,20310.549747014415,1911063.8796357585,291.2295617195396,13928300.157090733,0.04508468949462439,0.0485,0.04508468949462439,1.4210854715202206e-14,1.0,0.005557521601035995,0.0013216415145030625,0.006157521601035994,0.0002084070600388498,two-phase,False,
0.04964516467402698,1.0002992802299642,2792.9804310902146,741.4122254509282,1.3729649676917437,1017.9330121624974,2118884.954783237,711.4240521671295,649.5112888074473,274.08155295405885,3197324.6431339723,367651.6751739952,99.35294836524017,31.786177010674997,39355.29189045956,2.1641895767925554,0.03626874778706076,5088.595075601514,0.8479630674334371,5643.892191881937,17.111859007758838,274.08155295405885,0.8685009124500076,,,0.0009823829152328988,2.921950208760431e-05,0.00017718268988879346,3158.050403269977,20311.646685036067,1910409.9050979293,291.2318513606748,13922582.32501331,0.045402187307966815,0.0485,0.045402187307966815,-0.0,1.0,0.005557521601035995,0.0013216415145030625,0.006157521601035994,0.0002084070600388498,two-phase,False,
0.04964516467402698,1.0002992802299642,2792.9804310902146,741.4122254509282,1.3728510001851688,1017.8485152598187,2118273.639857793,711.8518465315615,649.9812898118373,274.08859743423955,3197898.7541996315,367340.27925037715,99.51119370067705,31.735629790244293,39359.90296165147,2.1642444839106574,0.03626856449319437,5080.588456566417,0.8482078225598325,5635.314766188408,17.118592042525673,274.08859743423955,0.8671489710549912,,,0.0009824644679515373,2.920800955814063e-05,0.00017745237692842774,3158.050403269977,20312.741796160186,1909756.0738012944,291.23413713093646,13916878.326513916,0.04571968512130924,0.0485,0.04571968512130924,-1.4210854715201802e-14,1.0,0.005557521601035995,0.0013216415145030625,0.006157521601035994,0.0002084070600388498,two-phase,False,
0.04964516467402698,1.0002992802299642,2792.9804310902146,741.4122254509282,1.3727370967245112,1017.7640658415659,2117662.649934192,712.2794896759142,650.4510872434502,274.0956287190943,3198472.0774038914,367028.97314507526,99.66981303242474,31.685124183413436,39364.50613179726,2.164299336852227,0.03626838155451544,5072.605760952969,0.8484519544751837,5626.762152559952,17.12532239731839,274.0956287190943,0.8657972556197434,,,0.0009825459883702249,2.919653063455867e-05,0.00017772210249637795,3158.050403269977,20313.83508005499,1909102.8670767439,291.23641902973696,13911188.1575731,0.046037182934651665,0.0485,0.046037182934651665,1.4210854715202206e-14,1.0,0.005557521601035995,0.0013216415145030625,0.006157521601035994,0.0002084070600388498,two-phase,False,
0.04964516467402698,1.0002992802299642,2792.9804310902146,741.4122254509282,1.3726231766280106,1017.6796040892958,2117051.553589334,712.7072831539863,650.9210125196894,274.1026590823205,3199044.6490392564,366717.756873734,99.82884340444838,31.63464882063588,39369.109434152015,2.1643542312429465,0.036268198651649305,5064.641375296429,0.8486956346249754,5618.22834338458,17.132054838847683,274.1026590823205,0.8644457667165042,,,0.0009826275342276149,2.9185057175174818e-05,0.0001779920535229744,3158.050403269977,20314.928444599584,1908449.8237899716,291.23870103915044,13905491.810242137,0.04635468074799409,0.0485,0.04635468074799409,-1.4210854715201802e-14,1.0,0.005557521601035995,0.0013216415145030625,0.006157521601035994,0.0002084070600388498,two-phase,False,
0.04964516467402698,1.0002992802299642,2792.9804310902146,741.4122254509282,1.3725092647796806,1017.5951484523202,2116440.483973062,713.1351338794361,651.3909633526619,274.1096639902257,3199616.4786781995,366406.63043242414,99.98825963153645,31.584212135580795,39373.69680079545,2.164408975267441,0.03626801642279713,5056.696649142751,0.848938818786697,5609.714787214775,17.1387878881237,274.1096639902257,0.8630940704400345,,,0.0009827090877161894,2.9173591695272355e-05,0.0001782621822911785,3158.050403269977,20316.018073180712,1907797.0822702537,291.24097519346225,13899830.12996606,0.046672178561336514,0.0485,0.046672178561336514,1.4210854715202206e-14,1.0,0.005557521601035995,0.0013216415145030625,0.006157521601035994,0.0002084070600388498,two-phase,False,
0.04964516467402698,1.0002992802299642,2792.9804310902146,741.4122254509282,1.3723954119813953,1017.5107365957697,2115829.7157958453,713.5628488495968,651.8607279975181,274.11666798347846,3200187.4777727462,366095.59377683274,100.1480451677904,31.533819736360353,39378.28429900978,2.164463760462129,0.0362678342294765,5048.775455956404,0.8491813900443288,5601.225643937871,17.145518554120983,274.11666798347846,0.8617430358306116,,,0.0009827906124564795,2.916213927398675e-05,0.00017853235408973146,3158.050403269977,20317.10778202717,1907144.9388322062,291.2432494576016,13894161.437084187,0.04698967637467894,0.0485,0.04698967637467894,-0.0,1.0,0.005557521601035995,0.0013216415145030625,0.006157521601035994,0.0002084070600388498,two-phase,False,
0.04964516467402698,1.0002992802299642,2792.9804310902146,741.4122254509282,1.3722814951317486,1017.4262772507568,2115218.5857739905,713.990893401412,652.3308173439231,274.1236710623545,3200757.7715318953,365784.6469601526,100.30829120840377,31.483443344765075,39382.87192893631,2.16451858683197,0.03626765207167158,5040.8690110753,0.8494236155421646,5592.751502900603,17.152254108492098,274.1236710623545,0.8603917942153373,,,0.0009828721965999883,2.9150687532809436e-05,0.00017880286643906206,3158.050403269977,20318.197571227523,1906492.6834579816,291.245523831561,13888487.047784215,0.04730717418802137,0.0485,0.04730717418802137,-1.4210854715201802e-14,1.0,0.005557521601035995,0.0013216415145030625,0.006157521601035994,0.0002084070600388498,two-phase,False,
0.04964516467402698,1.0002992802299642,2792.9804310902146,741.4122254509282,1.3721676528377709,1017.3418731822284,2114607.8379576514,714.4187462721175,652.8006589752088,274.1306487027537,3201327.2361732237,365473.7899261978,100.46883757568884,31.433133690741066,39387.443621273575,2.164573262129196,0.03626747058721098,5032.986652077503,0.8496652069841406,5584.302375665238,17.15898635224065,274.1306487027537,0.8590412158974955,,,0.0009829537408816338,2.913925040418889e-05,0.00017907339766516019,3158.050403269977,20319.283623324867,1905841.1072433176,291.24779034847336,13882846.373835752,0.04762467200136379,0.0485,0.04762467200136379,1.4210854715202206e-14,1.0,0.005557521601035995,0.0013216415145030625,0.006157521601035994,0.0002084070600388498,two-phase,False,
0.04964516467402698,1.0002992802299642,2792.9804310902146,741.4122254509282,1.3720537400490236,1017.2574168480159,2113996.6960106436,714.8469508145067,653.2708497429301,274.13762543571727,3201895.961273899,365163.0227329073,100.62984764019804,31.382839955810965,39392.015444684854,2.1646279783233453,0.03626728913798632,5025.118510372908,0.8499064674991026,5575.867691030069,17.165723870315446,274.13762543571727,0.8576904313274913,,,0.000983035349202478,2.9127813296859923e-05,0.00017934428422839119,3158.050403269977,20320.369755390773,1905189.3833635384,291.2500569744232,13877199.636840401,0.04794216981470622,0.0485,0.04794216981470622,-1.4210854715201802e-14,1.0,0.005557521601035995,0.0013216415145030625,0.006157521601035994,0.0002084070600388498,two-phase,False,
0.04964516467402698,1.0002992802299642,2792.9804310902146,741.4122254509282,1.3719398689085696,1017.1729913923573,2113385.7596981814,715.2750873755008,653.7409287304996,274.14458900251435,3202463.9383972744,364852.345350052,100.79124192412341,31.332587464765904,39396.57936412384,2.1646826391496345,0.03626710804278072,5017.272166982567,0.8501471631508076,5567.455579820952,17.172460030619668,274.14458900251435,0.8563398760567343,,,0.0009831169412305668,2.9116387466237562e-05,0.00017961526332144705,3158.050403269977,20321.45405845786,1904538.150005679,291.2523197255908,13871567.090683816,0.04825966762804864,0.0485,0.04825966762804864,1.4210854715202206e-14,1.0,0.005557521601035995,0.0013216415145030625,0.006157521601035994,0.0002084070600388498,two-phase,False,
0.04964516467402698,1.0002992802299642,2792.9804310902146,741.4122254509282,1.3718260307042607,1017.0885903559592,2112774.983257754,715.7031877005038,654.2109309163782,274.1515394081898,3203031.0883648456,364541.7577541298,100.95297627493376,31.282390275145445,39401.135379045576,2.164737244397316,0.03626692730139307,5009.446943940887,0.8503873138104466,5559.065321011108,17.179195347105615,274.1515394081898,0.8549899852244219,,,0.0009831985231984772,2.9104972025610092e-05,0.00017988635539510362,3158.050403269977,20322.536532193975,1903887.3573067274,291.2545786013949,13865947.89872192,0.04857716544139107,0.0485,0.04857716544139107,-0.0,1.0,0.005557521601035995,0.0013216415145030625,0.006157521601035994,0.0002084070600388498,two-phase,False,
0.04964516467402698,1.0002992802299642,2792.9804310902146,741.4122254509282,1.3717121128988665,1017.0041303023435,2112163.7636457635,716.1316743227844,654.681320223146,274.1584889136084,3203597.5360604366,364231.2600102891,101.11517929924118,31.23220890430322,39405.69152453843,2.1647918902695653,0.03626674659494769,5001.6351354144135,0.8506271556465665,5550.688657437263,17.18593647337666,274.1584889136084,0.853639888916153,,,0.0009832801757675377,2.9093555697390573e-05,0.0001801578257609745,3158.050403269977,20323.61908559875,1903236.3629051552,291.2568375854498,13860323.031181838,0.048894663254733496,0.0485,0.048894663254733496,-1.4210854715201802e-14,1.0,0.005557521601035995,0.0013216415145030625,0.006157521601035994,0.0002084070600388498,two-phase,False,
0.04964516467402698,1.0002992802299642,2792.9804310902146,741.4122254509282,1.3715982169890033,1016.9196864823421,2111552.643548437,716.5601674088484,655.1516795776213,274.16541301054855,3204163.2024083696,363920.8521039007,101.27773467866305,31.182079785748876,39410.23172899505,2.1648463838018817,0.03626656656065689,4993.84337088844,0.8508664826897722,5542.332700269913,17.192677414169196,274.16541301054855,0.8522900249286676,,,0.0009833618262019596,2.9082148635437627e-05,0.0001804294426336585,3158.050403269977,20324.697899808492,1902585.7416955126,291.2590887089784,13854732.2971299,0.04921216106807592,0.0485,0.04921216106807592,1.4210854715202206e-14,1.0,0.005557521601035995,0.0013216415145030625,0.006157521601035994,0.0002084070600388498,two-phase,False,
0.04964516467402698,1.0002992802299642,2792.9804310902146,741.4122254509282,1.3714842802092606,1016.8352123609124,2110941.287884962,716.9889014659329,655.6222664993682,274.17233621410566,3204728.132324052,363610.53406959394,101.44076228379242,31.13196640256863,39414.772063380835,2.1649009176822562,0.036266386561031594,4986.067601958317,0.8511054202967226,5533.993114918964,17.19942187668529,274.17233621410566,0.8509399561519512,,,0.000983443519504184,2.907074456251207e-05,0.00018070134516505327,3158.050403269977,20325.776793299006,1901935.139164606,291.2613399399812,13849135.521690046,0.049529658881418345,0.0485,0.049529658881418345,-1.4210854715201802e-14,1.0,0.005557521601035995,0.0013216415145030625,0.006157521601035994,0.0002084070600388498,two-phase,False,
0.04964516467402698,1.0002992802299642,2792.9804310902146,741.4122254509282,1.3713703653705511,1016.7507545068328,2110330.0318820863,717.4176419524915,656.0928234712507,274.17924627345786,3205292.2375716413,363300.30589271826,101.60413553350008,31.081908100371862,39419.304491498486,2.164955395288283,0.03626620691454799,4978.311910634228,0.851343841372979,5525.674283083023,17.206166150558015,274.17924627345786,0.8495905538792538,,,0.0009835252106452012,2.9059349748507713e-05,0.00018097338872497836,3158.050403269977,20326.85385639997,1901284.9101966966,291.26358729368627,13843552.094031392,0.049847156694760766,0.0485,0.049847156694760766,1.4210854715202408e-14,1.0,0.005557521601035995,0.0013216415145030625,0.006157521601035994,0.0002084070600388498,two-phase,False,
0.04964516467402698,1.0002992802299642,2792.9804310902146,741.4122254509282,1.3712564425201577,1016.6662907127928,2109718.7157734097,717.8465006691822,656.5634732917904,274.1861554431168,3205855.5984053784,362990.16758210945,101.76793817625551,31.03187958667726,39423.837049360125,2.1650099131092975,0.036266027302576914,4970.574343118631,0.8515818060698321,5517.3741152929315,17.212912008910635,274.1861554431168,0.8482413819364286,,,0.0009836069211057368,2.9047961189900013e-05,0.0001812456395204782,3158.050403269977,20327.930998673,1900634.8854891346,291.2658347544712,13837962.546485854,0.050164654508103194,0.0485,0.050164654508103194,-0.0,1.0,0.005557521601035995,0.0013216415145030625,0.006157521601035994,0.0002084070600388498,two-phase,False,
0.04964516467402698,1.0002992802299642,2792.9804310902146,741.4122254509282,1.3711424035842668,1016.581740851546,2109106.760599915,718.2758836396488,657.0346615565135,274.1930392274705,3206418.2249056953,362680.119231713,101.9321452418828,30.981888939705833,39428.35366351382,2.1650642776107385,0.036265848361841706,4962.8471255212135,0.8518195502772842,5509.084272940389,17.219665846452166,274.1930392274705,0.8468920102690893,,,0.0009836887284266427,2.9036568099433643e-05,0.00018151837046890288,3158.050403269977,20329.004400129812,1899984.4449055688,291.2680743520409,13832407.560282638,0.05048215232144562,0.0485,0.05048215232144562,-1.4210854715201802e-14,1.0,0.005557521601035995,0.0013216415145030625,0.006157521601035994,0.0002084070600388498,two-phase,False,
0.04964516467402698,1.0002992802299642,2792.9804310902146,741.4122254509282,1.371025777006519,1016.4952724809913,2108490.6031104177,718.7055572246827,657.5065338130328,274.1999221289541,3206980.02868138,362370.1614592886,102.09673848488774,30.93194209859533,39432.87040676657,2.165118682051916,0.036265669455344526,4955.119429680948,0.8520578886926976,5500.793721889242,17.22650530652964,274.1999221289541,0.8455433044727171,,,0.000983772406102066,2.9025039675950816e-05,0.00018179194686408838,3158.050403269977,20330.07788036892,1899330.0390809483,291.27031405591833,13826845.630800815,0.050799650134788044,0.0485,0.050799650134788044,1.4210854715202408e-14,1.0,0.005557521601035995,0.0013216415145030625,0.006157521601035994,0.0002084070600388498,two-phase,False,
0.04964516467402698,1.0002992802299642,2792.9804310902146,741.4122254509282,1.3709117356549907,1016.4107208287612,2107878.6266101417,719.1351012304322,657.9778256295962,274.2067919030278,3207541.134357674,362060.2936502117,102.26177589288804,30.882021905993604,39437.37924199756,2.1651730295261213,0.0362654909013181,4947.429438174087,0.8522946860714498,5492.542274860631,17.233261340547248,274.2067919030278,0.8441943977400405,,,0.0009838542426870702,2.9013660857308297e-05,0.00018206505293131756,3158.050403269977,20331.14952915709,1898680.109777325,291.27254988057473,13821298.33154945,0.05111714794813047,0.0485,0.05111714794813047,-1.4210854715202004e-14,1.0,0.005557521601035995,0.0013216415145030625,0.006157521601035994,0.0002084070600388498,two-phase,False,
0.04964516467402698,1.0002992802299642,2792.9804310902146,741.4122254509282,1.3707976647806743,1016.3261472879752,2107266.475026922,719.5648443220534,658.4492990253198,274.2136485546539,3208101.463056336,361750.5158302203,102.4272125354043,30.83214240725712,39441.88016865308,2.16522731982525,0.03626531269956522,4939.755736546742,0.8525310793622988,5484.307540036031,17.240020233768288,274.2136485546539,0.8428457254123894,,,0.0009839361140795788,2.9002286147010574e-05,0.00018233842517034158,3158.050403269977,20332.219346158432,1898030.2585982406,291.27478182543655,13815764.831500662,0.05143464576147289,0.0485,0.05143464576147289,1.4210854715202206e-14,1.0,0.005557521601035995,0.0013216415145030625,0.006157521601035994,0.0002084070600388498,two-phase,False,
0.04964516467402698,1.0002992802299642,2792.9804310902146,741.4122254509282,1.3706835732464053,1016.2415584296477,2106654.1948337466,719.9947542506802,658.9209185704967,274.22050433046013,3208661.015303137,361440.8280182206,102.59308668408535,30.782292504704085,39446.38122389212,2.1652816497947165,0.03626513453176258,4932.099019919639,0.8527670473762247,5476.090268827432,17.246781468461876,274.22050433046013,0.8414972850471092,,,0.0009840180139309151,2.8990916416162582e-05,0.00018261203722160795,3158.050403269977,20333.289241634426,1897380.536035964,291.2770138758301,13810224.868547972,0.05175214357481532,0.0485,0.05175214357481532,-0.0,1.0,0.005557521601035995,0.0013216415145030625,0.006157521601035994,0.0002084070600388498,two-phase,False,
0.04964516467402698,1.0002992802299642,2792.9804310902146,741.4122254509282,1.3705694477882657,1016.1569444197478,2106041.7152267904,720.4248806979517,659.3927387807239,274.2273469905916,3209219.8266658504,361131.2302435274,102.75936318566596,30.73248320509734,39450.87436990665,2.1653359223152036,0.03626495671596129,4924.458181085998,0.8530026224338935,5467.889275925196,17.253545829040693,274.2273469905916,0.8401490799086875,,,0.0009840999517756839,2.897955034601721e-05,0.00018288592719002979,3158.050403269977,20334.357304931582,1896730.8646721104,291.2792420456614,13804699.069868049,0.05206964138815775,0.0485,0.05206964138815775,-1.4210854715201802e-14,1.0,0.005557521601035995,0.0013216415145030625,0.006157521601035994,0.0002084070600388498,two-phase,False,
0.04964516467402698,1.0002992802299642,2792.9804310902146,741.4122254509282,1.370455285217478,1016.072302894077,2105429.0195204215,720.8552353501755,659.8647724913397,274.23417653998706,3209777.862960811,360821.7225379083,102.92604354444194,30.68271444735343,39455.35960614219,2.165390137179264,0.03626477925196515,4916.832964564925,0.8532378117131725,5459.704291165791,17.260313505026957,274.23417653998706,0.8388011105854779,,,0.0009841819299194572,2.8968187620368434e-05,0.00018316010294148617,3158.050403269977,20335.423535713344,1896081.2263184283,291.28146633435944,13799187.069215667,0.05238713920150017,0.0485,0.05238713920150017,1.4210854715202206e-14,1.0,0.005557521601035995,0.0013216415145030625,0.006157521601035994,0.0002084070600388498,two-phase,False,
0.04964516467402698,1.0002992802299642,2792.9804310902146,741.4122254509282,1.370341084495917,1015.9876330829562,2104816.1009931485,721.2858233456254,660.3370252620052,274.24099298357334,3210335.1249032766,360512.30493411893,103.09312927223887,30.632986170499173,39459.83693204302,2.165444294179801,0.0362646021395785,4909.223237005919,0.8534726185208299,5451.535175257299,17.26708456256518,274.24099298357334,0.8374533776658354,,,0.0009842639491246142,2.8956828130904832e-05,0.0001834345680348293,3158.050403269977,20336.487933642893,1895431.613377065,291.2836867413541,13793688.862513982,0.0527046370148426,0.0485,0.0527046370148426,-1.42108547152016e-14,1.0,0.005557521601035995,0.0013216415145030625,0.006157521601035994,0.0002084070600388498,two-phase,False,
0.04964516467402698,1.0002992802299642,2792.9804310902146,741.4122254509282,1.3702268536291282,1015.9029409217952,2104203.0044194115,721.7166128064223,660.8094622261154,274.2478085617176,3210891.6477176077,360202.977458333,103.26065893953259,30.583287340043697,39464.31438568147,2.165498490445732,0.03626442506072096,4901.629679457944,0.8537070223031942,5443.382664764318,17.27385852376241,274.2478085617176,0.8361058779972885,,,0.000984346003657234,2.8945472681288077e-05,0.0001837092965139347,3158.050403269977,20337.55240954003,1894782.0745417553,291.2859072527251,13788184.574632104,0.05302213482818502,0.0485,0.05302213482818502,1.4210854715202206e-14,1.0,0.005557521601035995,0.0013216415145030625,0.006157521601035994,0.0002084070600388498,two-phase,False,
0.04964516467402698,1.0002992802299642,2792.9804310902146,741.4122254509282,1.370112529387869,1015.8181795316602,2103589.3897737847,722.1478429752451,661.2823456825859,274.2545988068747,3211447.4418608476,359893.74018670944,103.42860775788496,30.533625770759933,39468.775889473516,2.165552531169652,0.03626424865102824,4894.047676962802,0.8539411625221254,5435.241805671685,17.280639141573893,274.2545988068747,0.8347581844192162,,,0.0009844281389618827,2.8934114988669385e-05,0.00018398445474063327,3158.050403269977,20338.61314089345,1894132.245517222,291.28811989479357,13782714.76575929,0.05333963264152745,0.0485,0.05333963264152745,-0.0,1.0,0.005557521601035995,0.0013216415145030625,0.006157521601035994,0.0002084070600388498,two-phase,False,
0.04964516467402698,1.0002992802299642,2792.9804310902146,741.4122254509282,1.3699982096008554,1015.7334214439574,2102975.7808679263,722.5791461956455,661.7552723614668,274.2613881932966,3212002.419057204,359584.59311840445,103.59695614217553,30.484007647250724,39473.23752034985,2.165606610886836,0.03626407227459542,4886.484050514946,0.8541748301933464,5427.119928311556,17.287420615473913,274.2613881932966,0.8334111599340216,,,0.0009845102847737442,2.8922764773389713e-05,0.00018425979399926628,3158.050403269977,20339.673949819844,1893482.6846598499,291.2903326404767,13777238.060290752,0.053657130454869875,0.0485,0.053657130454869875,-1.4210854715201802e-14,1.0,0.005557521601035995,0.0013216415145030625,0.006157521601035994,0.0002084070600388498,two-phase,False,
0.04964516467402698,1.0002992802299642,2792.9804310902146,741.4122254509282,1.3698838148876786,1015.6486078050812,2102361.7538074977,723.01081989672,662.2285685590862,274.26817672123434,3212556.703164344,359275.5363148887,103.76580142656734,30.4344047832065,39477.69927844436,2.1656607296018064,0.03626389593140801,4878.933473443645,0.8544081890439365,5419.01131671756,17.294207663757483,274.26817672123434,0.8320639344581754,,,0.0009845924981486467,2.891141414057508e-05,0.000184535506858053,3158.050403269977,20340.73483640218,1892832.9421080083,291.2925454897679,13771755.749137422,0.053974628268212296,0.0485,0.053974628268212296,1.4210854715202206e-14,1.0,0.005557521601035995,0.0013216415145030625,0.006157521601035994,0.0002084070600388498,two-phase,False,
0.04964516467402698,1.0002992802299642,2792.9804310902146,741.4122254509282,1.3697693972398193,1015.5637771621509,2101747.5852485513,723.4426703780441,662.7020216970488,274.27493993240796,3213110.171710634,358966.5697969631,103.93497483818932,30.384867155513078,39482.14508479139,2.1657146920863353,0.03626372025674322,4871.399025096391,0.8546411412365101,5410.919279109537,17.30099719783002,274.27493993240796,0.8307173871549793,,,0.0009846747417423239,2.8900068260962005e-05,0.0001848114799754632,3158.050403269977,20341.791977287503,1892183.3074293074,291.29475046786933,13766306.976143114,0.054292126081554724,0.0485,0.054292126081554724,-1.4210854715201802e-14,1.0,0.005557521601035995,0.0013216415145030625,0.006157521601035994,0.0002084070600388498,two-phase,False,
0.04964516467402698,1.0002992802299642,2792.9804310902146,741.4122254509282,1.3696549007720336,1015.4788880811636,2101132.9762509195,723.874907664519,663.1758620555386,274.2817022917702,3213662.9484266816,358657.6936293741,104.10464869649363,30.33534470181968,39486.591017698825,2.1657686932974967,0.03626354461505624,4863.877277129093,0.8548737938800095,5402.840139145421,17.30779252927871,274.2817022917702,0.8293706396167647,,,0.0009847570557469567,2.8888721606419507e-05,0.00018508783792336528,3158.050403269977,20342.849195432067,1891533.466883204,291.2969555488199,13760852.60037266,0.054609623894897145,0.0485,0.054609623894897145,0.0005951044302922737,0.9999998229253428,0.005557521601035995,0.0013216415145030625,0.006157521601035994,0.0002084070600388498,two-phase,False,
0.0496459404488976,1.0002992895833784,2792.9804274572134,741.422623670401,1.3695396790487162,1015.4077020610181,2100543.925654524,724.3099600272767,663.651877925457,274.2884515733793,3214214.964990896,358348.9052578893,104.2747392998277,30.286121154817206,39491.326352121134,2.165822635483498,0.03626336799924575,4856.402795381355,0.8551055126199205,5394.815700422591,17.314625296993317,274.2884515733793,0.8280241318247519,,,0.0009848260929774864,2.8877321421840124e-05,0.00018536314408695503,3158.077387821561,20344.081783112055,1890905.6321554922,291.299156744846,13755412.11142742,0.054927121325627465,0.048499622111450126,0.054927121708239574,0.0030620226138962613,0.9999953119977673,0.0055574741141603086,0.0013216401717013203,0.006157474114160308,0.0002084052792810116,two-phase,False,
0.04964915649675413,1.0002993283603978,2792.9804123956574,741.4657302822293,1.3694222892336332,1015.379697751378,2100035.8701269245,724.7532508938216,664.1341422937269,274.29518778209234,3214766.2533280673,358040.1977607967,104.4452482251688,30.237749506507498,39496.98914932106,2.1658765184394153,0.03626318757599333,4849.046188033135,0.8553350447780996,5386.931823572419,17.32156673550661,274.29518778209234,0.8266778643674182,,,0.000984853254614567,2.8865749134290207e-05,0.00018563442656247247,3158.189252977651,20345.869984978457,1890347.096321464,291.30135405538414,13749985.827523772,0.055244615061796835,0.04849805563357213,0.055244619521582,0.00684656434602552,0.999976562003658,0.005557277264744568,0.0013216346051110916,0.0061572772647445675,0.00020839789742792129,two-phase,False,
0.049654866885834724,1.000299397218756,2792.9803856500766,741.5422692972106,1.369302738798018,1015.3958602831678,2099610.8112466396,725.2047590475495,664.6225750040677,274.3019231458806,3215316.880047617,357731.56658157066,104.61621465535077,30.190232775455833,39503.60838983935,2.1659304398560133,0.03626300295626886,4841.813001313167,0.8555622418350691,5379.194775503395,17.328616031238585,274.3019231458806,0.8253318326723329,,,0.000984837578243746,2.8854006523004588e-05,0.0001859014298113825,3158.3878725320938,20348.22811044235,1889859.6068480005,291.303551468009,13744554.250628298,0.05556210047763087,0.04849527458393021,0.05556211733492442,0.01069929063905513,0.9999427609517562,0.005556927787739595,0.0013216247215978986,0.0061569277877395944,0.00020838479204023482,two-phase,False,
0.049663108474532945,1.0002994966133838,2792.980347043775,741.6527334877283,1.3691808519906117,1015.4567215178938,2099269.1114378073,725.665150882739,665.1178695974925,274.3086454433962,3215866.8878818476,357423.00724515837,104.78765164666855,30.143575759722225,39511.19030309205,2.165984301772484,0.03626281442231805,4834.69471834921,0.8557873787099367,5371.595606479504,17.335783431363986,274.3086454433962,0.8239856068164726,,,0.0009847785521624308,2.8842076966386043e-05,0.00018616442362000353,3158.674516094735,20351.162681251924,1889443.2918999624,291.30574499439155,13739137.996539714,0.05587957271755614,0.04849126164818842,0.05587961514826685,0.014547541323630593,0.9998941789216683,0.005556423507361765,0.0013216104581801813,0.006156423507361765,0.0002083658815260662,two-phase,False,
0.04967384174521915,1.0002996260827501,2792.980296756024,741.7965913812276,1.3690567444689015,1015.5616264545114,2099009.7915698024,726.1339952688531,665.6196025885795,274.3153546794724,3216416.2645628913,357114.51541014627,104.95951218491993,30.09777509114116,39519.71980411448,2.1660381039844046,0.036262622075244215,4827.694544003069,0.8560103261526959,5364.137503708787,17.34306252282711,274.3153546794724,0.8226396226399507,,,0.0009846768270392024,2.8829971600569105e-05,0.00018642325990126014,3159.04779141761,20354.66465130258,1889097.382676021,291.30793463397043,13733736.925533963,0.056197027324168876,0.048486036981859694,0.05619711296160927,0.01839994072450204,0.999830706760567,0.005555766956427533,0.0013215918844172831,0.006155766956427533,0.00020834126086603246,two-phase,False,
0.049687115969229645,1.0002997862408947,2792.9802345483313,741.974500995846,1.368930382649924,1015.7114375647299,2098834.4335090183,726.6114255673233,666.1278695832907,274.32206307747384,3216965.07677876,356806.086511616,105.13183568853974,30.052831932628646,39529.22380495315,2.166091944392249,0.03626242555509302,4820.814761551304,0.8562310337168962,5356.823198274523,17.350455006837816,274.32206307747384,0.8212938750377078,,,0.0009845315933407232,2.8817688055036597e-05,0.00018667780566700582,3159.509388716415,20358.747136163016,1888823.2156647558,291.31012437487664,13728331.558788503,0.05651445921648022,0.048479577796244296,0.0565146107749517,0.022247621147261337,0.9997524910463028,0.005554955271224433,0.0013215689165735312,0.006154955271224433,0.00020831082267091624,two-phase,False,
0.04970288118515171,1.000299976509318,2792.980160645405,742.1857898016824,1.3688018025306221,1015.9052468931563,2098741.2258093674,727.0973116024038,666.6425890951416,274.3287584206258,3217513.3665052433,356497.71624379157,105.30463549525189,30.0087220951094,39539.6750158191,2.166145724826436,0.03626222531057938,4814.052077436858,0.8564495662578094,5349.6488313984355,17.357959302164296,274.3287584206258,0.8199479345210512,,,0.000984343769321206,2.8805229422196938e-05,0.00018692815762611338,3160.057541903807,20363.396725079783,1888619.211565865,291.3123102282278,13722942.482332362,0.05683186420787308,0.048471909874795244,0.05683210858829413,0.02609949485293602,0.9996593501630551,0.005553991691796728,0.0013215416429777434,0.006153991691796728,0.00020827468844237732,two-phase,False,
0.04972119948227707,1.0003001976663743,2792.980074744935,742.4312864548602,1.3686709091674263,1016.1441038265154,2098731.897049218,727.5920169429178,667.1640952000821,274.3354529292344,3218061.155788482,356189.4000596612,105.47790210715682,29.965464921099677,39551.105103103226,2.166199543326636,0.03626202097419078,4807.406009426262,0.8566659660930361,5342.614237385937,17.365580649793284,274.3354529292344,0.818602230979933,,,0.0009841123874402052,2.8792587479990305e-05,0.00018717428501618442,3160.6943755431935,20368.629394074007,1888486.7755276328,291.31449618252435,13717549.76901683,0.05714923690240289,0.048463004773700365,0.05714960640163655,0.029946339125042253,0.9995515078138835,0.005552872643789562,0.0013215099584617976,0.006152872643789562,0.00020823272414210856,two-phase,False,
0.04974200996730878,1.0003004490105285,2792.9799771194253,742.7101708504911,1.3685377599727024,1016.4269135246742,2098804.3251653877,728.0953334342812,667.6922333561477,274.3421466035401,3218608.5203657607,355881.1337199636,105.65168707050194,29.923021777015048,39563.490476207655,2.166253399897792,0.03626181270840103,4800.873674265028,0.8568802801435017,5335.7159330827935,17.373316290476144,274.3421466035401,0.8172563289888074,,,0.0009838385689063364,2.877976729601673e-05,0.0001874162741310395,3161.4177329890085,20374.43108456844,1888424.076260459,291.31668223775984,13712154.204718769,0.05746657347755784,0.04845289412734532,0.05746710421497898,0.03379748806722198,0.9994287017093045,0.0055516021024970795,0.001321473970951894,0.006151602102497079,0.0002081850788436405,two-phase,False,
0.04976538813973352,1.0003007314920513,2792.979867399792,743.0234501689896,1.3684023044813591,1016.7550014949356,2098960.975855814,728.6074544097305,668.2271367887231,274.34881501887486,3219155.414335833,355572.91263991885,105.82586668692126,29.88144857453436,39576.843630781215,2.1663070977791623,0.0362616010880626,4794.458333190016,0.857092439567515,5328.957852832234,17.38116871983422,274.34881501887486,0.8159106768279466,,,0.0009835211024580152,2.8766765230777238e-05,0.00018765395178881367,3162.2301932607666,20380.81502057503,1888433.202072347,291.31886041507215,13706795.5748133,0.057783868125900195,0.04844154357174913,0.0577846020283214,0.03764322981965301,0.9992912424557442,0.005550175749614073,0.0013214335528546307,0.006150175749614073,0.00020813159061052776,two-phase,False,
0.049791261502053145,1.0003010442780187,2792.9797459095766,743.3701477525282,1.3682646457797916,1017.1270918978843,2099199.5272317817,729.1279972408533,668.7684732999613,274.3554948174007,3219701.94716626,355264.73257467116,106.00060689007177,29.840670529382603,39591.16052314781,2.166360931914739,0.036261385356695645,4788.159357184848,0.8573024181295889,5322.338872590117,17.389132569099182,274.3554948174007,0.8145648203264019,,,0.0009831613059623392,2.875359067010102e-05,0.00018788732246080187,3163.129186121235,20387.77017531436,1888512.1935164188,291.3210426821862,13701414.611381924,0.05810111749067227,0.048428990899636,0.058102099841663826,0.04149345456379965,0.9991387757605856,0.005548598334314332,0.0013213888328342711,0.006148598334314332,0.00020807243753678746,two-phase,False,
0.049819719745466465,1.0003013885006544,2792.97961220903,743.7514597118925,1.3681246308092905,1017.5446912322038,2099522.4126468366,729.6575480897595,669.3167908777276,274.3621615759603,3220248.072771404,354956.58894281386,106.17578361994056,29.800748002021827,39606.45891368701,2.1664147054749336,0.036261166080360445,4781.9746108747695,0.8575103213733855,5315.857207088677,17.397216323200116,274.3621615759603,0.8132192080077522,,,0.0009827578175353084,2.8740230086880242e-05,0.00018811641491545402,3164.1177715750455,20395.312940031556,1888663.0097685077,291.3232210600567,13696051.09080978,0.05841831524675391,0.0484151954773493,0.058419597655006254,0.04533782679345596,0.9989717120427618,0.00554686475042197,0.001321339659562386,0.0061468647504219695,0.00020800742814082386,two-phase,False,
0.04985067790940398,1.000301763184962,2792.97946667688,744.1662413686832,1.3679823511548745,1018.0062845176171,2099926.7714218386,730.1957654771468,669.8718167895719,274.3688275072461,3220793.900614106,354648.4775845597,106.35148718379331,29.761623651893228,39622.713736068035,2.1664685168467703,0.036260943168275835,4775.901207837442,0.8577161845531946,5309.5092283179365,17.405415403902122,274.3688275072461,0.8118733979112571,,,0.0009823122069171218,2.8726691572549596e-05,0.00018834132440462902,3165.1929363832023,20403.425550309617,1888883.204216778,291.3253995381049,13690686.016903441,0.05873545861578542,0.048400201647936826,0.058737095468348675,0.04918692743726072,0.9987895905391093,0.005544980570248714,0.0013212861838975381,0.006144980570248714,0.00020793677138432679,two-phase,False,
0.049884240850287746,1.0003021696576446,2792.9793087978433,744.615890723939,1.3678377502233332,1018.5137247483759,2100416.113765744,730.7428727747033,670.4336851566243,274.3754804051006,3221339.4290491696,354340.3938499366,106.52768158884109,29.723337702754577,39639.95642579093,2.1665222673754134,0.03626071686015758,4769.94479244389,0.8579198811237513,5303.301607104664,17.413732440462358,274.3754804051006,0.8105273971101173,,,0.0009818228028758771,2.8712971312124074e-05,0.00018856178171355216,3166.358254556635,20412.12969708253,1889175.7712592066,291.3275741261628,13685339.47580354,0.059052540636452065,0.04838396207392035,0.0590545932816911,0.05303462702126929,0.9985926738849603,0.00554293984519161,0.0013212282291464135,0.0061429398451916094,0.0002078602441946854,two-phase,False,
0.04992031662056621,1.000302606867662,2792.979138980187,745.0991684838675,1.3676908398655243,1019.0653075268045,2100986.8795788856,731.2988285417678,671.0024601828281,274.38214468406414,3221884.756630037,354032.3336256786,106.70444590619898,29.68583392680674,39658.16716124796,2.166576154315113,0.03626048677217808,4764.096800201658,0.8581216197984762,5297.2245683805195,17.422167675770062,274.38214468406414,0.809181191508862,,,0.0009812913781030632,2.86990694444628e-05,0.00018877810202139918,3167.6104604233565,20421.407881306106,1889537.5759626334,291.3297528043636,13679972.277430002,0.05936955905544285,0.04836652497356224,0.059372091095033525,0.05687743842270523,0.9983811681910228,0.005540748634536212,0.0013211659588774935,0.0061407486345362115,0.00020777807379510793,two-phase,False,
0.049959006837256396,1.000303076113978,2792.9789567194107,745.6174278955757,1.36754159485148,1019.662846493374,2101642.612972162,731.863735938618,671.5781486206712,274.38879593309457,3222429.8032304836,353724.2922879436,106.88165491893619,29.649176041498823,39677.36788978335,2.166629980282396,0.03626025348104296,4758.364381667792,0.8583212243711248,5291.286382052854,17.430721889529583,274.38879593309457,0.8078352311843189,,,0.0009807163254393404,2.868498523290328e-05,0.00018898995968009413,3168.9530022982676,20431.27905678435,1889971.6686062512,291.3319275921947,13674623.793607585,0.059686506680736745,0.04834784524219844,0.05968958890837595,0.060724568085083336,0.998154560592136,0.005538401270263271,0.0013210992028578196,0.006138401270263271,0.00020769004763487268,two-phase,False,
0.05000023268595341,1.0003035765132464,2792.9787623586503,746.1696046022179,1.3673900572792264,1020.3048983770444,2102380.401187264,732.4374432574377,672.1606793115443,274.395446358822,3222974.678324998,353416.26566964155,107.05939990799747,29.61330871843029,39697.53561052177,2.1666838439412213,0.03626001690913177,4752.74194558167,0.858518817422939,5285.480547358821,17.439393420941062,274.395446358822,0.806489073333908,,,0.0009800991856362322,2.8670721964423637e-05,0.00018919755565077325,3170.3830606854167,20441.726741725553,1890475.5071484675,291.3341024798112,13669275.05188161,0.06000338128391206,0.048327965232830616,0.06000708672171838,0.06456451763530437,0.997913534862876,0.0055359030746079405,0.001321028102621489,0.00613590307460794,0.00020759636529779778,two-phase,False,
0.050044082023414364,1.0003041092094078,2792.9785554536234,746.756866139648,1.3672361468982086,1020.9929803305537,2103202.956991053,733.020262390603,672.7503036458359,274.4020837611295,3223519.4246856887,353108.2492144118,107.23769577654433,29.57825203088071,39718.69486889094,2.166737646360206,0.03625977735446215,4747.23185790484,0.8587143643338042,5279.810105841019,17.448186466310382,274.4020837611295,0.8051422899673436,,,0.0009794386634041723,2.865627330183678e-05,0.0001894007511546119,3171.90359288954,20452.768587480667,1891051.3599763603,291.3362734763127,13663946.566105865,0.06032017578220862,0.048306847161254926,0.0603245845350608,0.06841003301701783,0.9976572895451677,0.005533249299467133,0.0013209525125645726,0.006133249299467133,0.0002074968487300175,two-phase,False,
0.05009049387772925,1.0003046735445569,2792.9783362599082,747.3783861033065,1.3670799287397495,1021.7259908157373,2104108.160526856,733.6119509074579,673.3468318525947,274.40873254246634,3224064.0177639537,352800.2387124277,107.4165201315518,29.5439880616783,39740.83742419422,2.166791585346854,0.03625953440788551,4741.831893303042,0.8589078944587184,5274.272284761538,17.457097849681038,274.40873254246634,0.8037957370838785,,,0.000978735990851724,2.8641645037759563e-05,0.0001895996160246043,3173.512388393593,20464.39404490383,1891697.402762463,291.33844856329773,13658597.932994707,0.060636887734371966,0.04828452526837929,0.06064208234840323,0.07224769330680016,0.9973867207918133,0.005530444247680242,0.0013208725441013936,0.006130444247680241,0.00020739165928800908,two-phase,False,
0.050139539778276,1.0003052704763455,2792.978104405583,748.0351119561107,1.3669213383583947,1022.5051563741184,2105098.176293599,734.2127640346471,673.9504718413259,274.4153805012053,3224608.567968073,352492.22964759514,107.59588781633522,29.510531388840796,39763.98139201815,2.1668455620389224,0.03625928840895175,4736.543739281706,0.8590993847416597,5268.869298145199,17.466130972420025,274.4153805012053,0.8024489865478238,,,0.0009779901781092983,2.8626832169616002e-05,0.00018979404183588883,3175.2118247141534,20476.616963786237,1892415.4355103928,291.3406237500489,13653250.366314722,0.060953510362999085,0.048260970309679026,0.06095958016174566,0.07609139214246338,0.9971008474782388,0.005527484244271906,0.0013207880806667828,0.0061274842442719055,0.00020728065916019646,two-phase,False,
0.050191178193438886,1.0003058995926528,2792.9778600507657,748.7264765431676,1.3667604479400908,1023.3297344647456,2106171.646896775,734.8224327598627,674.5609834675537,274.4220154417537,3225153.038997754,352184.21774325153,107.7757624282931,29.47787408963899,39788.10157468904,2.1668994772974415,0.03625903987594955,4731.3669843723665,0.8592888159289936,5263.600436838668,17.47528205536858,274.4220154417537,0.8011020466786203,,,0.0009772021337023417,2.861184148077284e-05,0.00018998402557330178,3177.000354776069,20489.42538943798,1893204.3024781,291.34279504511716,13647923.547079235,0.06127004083383795,0.04823620768756534,0.06127707797508808,0.07992649151786525,0.9968007604098447,0.0055243724814032676,0.00132069920086281,0.006124372481403267,0.00020716396805262256,two-phase,False,
0.05024546265944327,1.0003065616442945,2792.9776029038803,749.4531849931226,1.366597133963704,1024.200574651571,2107329.726598606,735.4414339601058,675.1788381970842,274.42864956318795,3225697.462639121,351876.1985668053,107.95618519915728,29.4460175043359,39813.225171673206,2.166953430132457,0.036258788560767884,4726.298122529079,0.8594763184331027,5258.462220023428,17.484558206599065,274.42864956318795,0.7997549094286572,,,0.000976371254566222,2.8596661928311624e-05,0.0001901696652287719,3178.879719075713,20502.83283774257,1894064.8641435583,291.34496643957306,13642597.735490948,0.06158647286752018,0.04821021746692645,0.06159457578843051,0.08376817061380752,0.9964852701329889,0.005521106453954294,0.0013206058199999745,0.006121106453954294,0.00020704149202328603,two-phase,False,
0.05030237289465366,1.0003072564881548,2792.9773330205653,750.214953501398,1.3664314748669806,1025.1173253801785,2108571.879555348,736.0694773530636,675.8037493528136,274.43529505855844,3226241.9377622413,351568.1678096584,108.13719767079746,29.414939206618904,39839.35112135186,2.167007519830078,0.03625853433328539,4721.339385136828,0.8596618041862237,5253.456909718896,17.493955101202975,274.43529505855844,0.798407566037495,,,0.0009754980968926036,2.8581301204186663e-05,0.0001903508522454995,3180.8490954606386,20516.835981897457,1894996.6912109582,291.34714192521835,13637253.905254724,0.06190280303230585,0.04818301539924164,0.06191207360177293,0.08760043592656326,0.9961556924625167,0.005517688141314253,0.0013205079808319721,0.006117688141314252,0.0002069133052992845,two-phase,False,
0.05036194256577497,1.0003079846448795,2792.97705019865,751.0122198091282,1.3662633941022226,1026.080504448664,2109898.7515843874,736.7068623949326,676.4360166211252,274.4419397322694,3226786.5070847543,351260.1210839049,108.31881560670091,29.384641120117088,39866.482683249014,2.1670616472516664,0.03625827761983668,4716.487996123347,0.8598453679968368,5248.581690341016,17.503477216021572,274.4419397322694,0.7970595888532535,,,0.0009745823993969385,2.856575261184856e-05,0.0001905276623283398,3182.909523159044,20531.43988347016,1896000.2381589746,291.3493175106042,13631912.546005508,0.06221902576530333,0.048154591714836,0.062229571415115356,0.09143989105165895,0.995810597616063,0.005514116315789584,0.0013204056337261364,0.006114116315789584,0.00020677936184210942,two-phase,False,
0.050424174669293886,1.0003087462665858,2792.976754379108,751.8450104480916,1.3660930056697005,1027.0902101208007,2111310.8670102083,737.35316240476,677.0751788554571,274.4485713947527,3227331.078820645,350952.0539758557,108.5008982953207,29.355157640654213,39894.611303094985,2.1671157129815573,0.03625801889772451,4711.750285044234,0.8600268053396668,5243.8433722149575,17.513117913801025,274.4485713947527,0.7957118588184079,,,0.0009736243127878567,2.8550027611358705e-05,0.00019069982244294378,3185.060973611729,20546.64257954823,1897076.0324693671,291.35148920355005,13626592.74296893,0.06253513680562765,0.04812495161534612,0.06254706922845778,0.09526904749157979,0.9954515601424546,0.005510391631037221,0.0013202987822003701,0.0061103916310372205,0.00020663968616389577,two-phase,False,
0.05048908090869851,1.0003095416174959,2792.9764454593724,752.7134678411271,1.3659201563969494,1028.1464977156425,2112807.6161115235,738.0089667918828,677.7218781542448,274.4552144273547,3227875.842039336,350643.96217794635,108.68363099048726,29.32643751673954,39923.755972081875,2.167169915795702,0.03625775769686088,4707.116979308796,0.8602064036613846,5239.232017309543,17.522886440998683,274.4552144273547,0.7943634859437899,,,0.0009726240396887224,2.853411175627658e-05,0.00019086766852396836,3187.3037133349017,20562.449846621614,1898223.3600180545,291.3536649882148,13621256.371621294,0.06285113155393786,0.04809409643931652,0.06286456704180021,0.09910607326617568,0.995076874538726,0.005506514255263628,0.0013201874152123073,0.0061065142552636275,0.00020649428457238605,two-phase,False,
0.05055668981250006,1.0003103711743442,2792.97612325434,753.6179588199018,1.3657448603055786,1029.249853892262,2114389.919518977,738.6742338510085,678.3760470271593,274.46185663899996,3228420.7948148996,350335.8413042849,108.86697766760807,29.298494839765482,39953.917685997745,2.1672241563475496,0.03625749447312864,4702.590408754348,0.8603840958990859,5234.750275762928,17.53278192009148,274.46185663899996,0.7930144789855218,,,0.0009715813864032631,2.8518007141070467e-05,0.00019103108024656572,3189.638583415279,20578.865451057227,1899442.9976791358,291.3558408726009,13615923.442713825,0.06316700465849151,0.04806201985266246,0.06318206485514263,0.10293184419006192,0.9946884112382293,0.005502483392504243,0.0013200714932967753,0.006102483392504243,0.00020634312721890915,two-phase,False,
0.05062698880185577,1.0003112349155996,2792.97578777244,754.5582995849838,1.3655672127366851,1030.400074011599,2116057.5984526617,739.3486075895689,679.0373197141016,274.46849802992267,3228965.878684255,350027.68701411533,109.05083583658241,29.27134830585205,39985.08979840838,2.167278434642124,0.03625722943165359,4698.174294698234,0.8605597509444277,5230.402060256964,17.54279897671861,274.46849802992267,0.7916657100070003,,,0.0009704968247010658,2.850172316650038e-05,0.00019118989104077995,3192.0649988168966,20595.885711147406,1900734.8384729628,291.35801685670185,13610593.355943205,0.0634827527621211,0.04802873533220668,0.06349956266848505,0.10676623397228724,0.9942841501720596,0.005498300736306558,0.0013199510478964238,0.0060983007363065575,0.0002061862776114959,two-phase,False,
0.0507000344254486,1.0003121336753251,2792.975438689786,755.5352303114234,1.365387090067187,1031.5980495581564,2117811.865719944,740.0325636746352,679.7061655206946,274.475138600357,3229511.182428849,349719.49485152424,109.23531352851852,29.244981780427757,40017.291869711604,2.1673327506839066,0.03625696269185008,4693.865124729131,0.860733499650488,5226.183892716274,17.552944735037272,274.475138600357,0.7903163067944747,,,0.0009693698048656741,2.848524891677888e-05,0.00019134420459136517,3194.5847539208376,20613.522604597812,1902099.7847195447,291.36019294051135,13605267.017080538,0.06379836912751771,0.04799422393475491,0.06381706048182748,0.11058834072938367,0.9938662982990829,0.005493963906198573,0.0013198259924463724,0.006093963906198573,0.00020602364648244652,two-phase,False,
0.05077578726889048,1.0003130671136615,2792.975076138455,756.5482069942813,1.365204630264501,1032.8431152068988,2119651.75296855,740.7255894930972,680.3820767460651,274.481790532811,3230056.759964575,349411.26052249933,109.42040030192526,29.21938063522351,40050.51500578004,2.1673872042439837,0.03625669419487589,4689.666753981748,0.8609051925255368,5222.099675620618,17.56321149097176,274.481790532811,0.7889666954065697,,,0.000968201254650064,2.8468597571521663e-05,0.00019149385536789003,3197.1963256804793,20631.768224493484,1903537.0776859738,291.3623731171119,13599924.981333775,0.06411385195283173,0.04795851239331059,0.06413455829516991,0.11441988649915386,0.9934324786182103,0.00548947626154858,0.001319696405140135,0.00608947626154858,0.00020585535980807172,two-phase,False,
0.05085433463410486,1.0003140364582406,2792.974699641706,757.5983793887596,1.3650196201019753,1034.1366520231168,2121579.1140340227,741.4285041911289,681.0658656990204,274.48844164223283,3230602.655426523,349102.9795305205,109.606112704989,29.194562915153757,40084.782112306755,2.16744169569943,0.03625642435026029,4685.572730530779,0.8610750669417987,5218.142937857014,17.57361148412509,274.48844164223283,0.7876164492110571,,,0.0009669901922958304,2.8451749969075448e-05,0.0001916390585518686,3199.902553251235,20650.639496793003,1905048.091009933,291.36455339377414,13594587.702319125,0.06442919278448297,0.047921567994080067,0.06445205610851233,0.11823922856070415,0.9929851382721544,0.005484833691420024,0.0013195621478166847,0.006084833691420024,0.00020568126342825093,two-phase,False,
0.05093560907522959,1.0003150410346693,2792.974309461557,758.6848274704685,1.36483216957745,1035.4774591020127,2123591.7697416916,742.1408981931804,681.7571689168014,274.49509192885756,3231148.9005297795,348794.6477207991,109.79245391763318,29.17050145063606,40120.06534858572,2.1674962250549887,0.036256153458912505,4681.582416165952,0.8612430974223967,5214.312575940028,17.5841389327076,274.49509192885756,0.7862655680668839,,,0.0009657380672170502,2.8434716190166623e-05,0.0001917798339543773,3202.7009362732115,20670.120147460704,1906630.9783979822,291.3667337704919,13589255.499893343,0.06474439163449837,0.047883431183468,0.06476955392185475,0.12206654049175944,0.992521918998454,0.005480041278458015,0.0013194233473396108,0.006080041278458015,0.0002055015479421756,two-phase,False,
0.05101972683238052,1.0003160824447135,2792.9739049759605,759.8090860328343,1.364642266188224,1036.8675930342504,2125693.7386684567,742.8628271980292,682.4559318852607,274.50174139292005,3231695.403695022,348486.2604230947,109.97931982288476,29.14725512354192,40156.406482368104,2.167550792315171,0.036255881600250874,4677.704600830136,0.861409063741814,5210.618712123185,17.594793836550238,274.50174139292005,0.7849149243645209,,,0.0009644432970208255,2.8417496939426125e-05,0.00019191578874757606,3205.5952931912334,20690.235496814537,1908289.1937939557,291.3689142472586,13583927.435017845,0.0650594382396853,0.047844056474279244,0.06508705173519719,0.12589362397268294,0.992043746738532,0.0054750933065730294,0.0013192798172499487,0.006075093306573029,0.00020531599899648858,two-phase,False,
0.05110661048174647,1.0003171599016676,2792.973486490564,760.970100479997,1.3644498745810205,1038.3055581598385,2127881.6597929634,743.5944351406397,683.1624085585515,274.5084022109005,3232242.36708601,348177.81350866216,110.16691396188736,29.12474039500712,40193.781887157595,2.1676054975293515,0.03625560878688676,4673.928777611356,0.8615732426066445,5207.049549840281,17.605579194854073,274.5084022109005,0.7835631985797916,,,0.0009631076248616771,2.840008808947023e-05,0.0001920473370626315,3208.5827692590547,20710.968891384637,1910019.7203544602,291.37109881788996,13578585.60081654,0.0653743335345873,0.047803489478321255,0.06540454954853961,0.1297057016056426,0.9915525356585942,0.005469995507513837,0.0013191317021626486,0.006069995507513836,0.00020512483153176887,two-phase,False,
0.05119635793642459,1.000318274798017,2792.973053464617,762.1691587207848,1.3642549986715686,1039.7930846181348,2130158.9342794893,744.3357180261028,683.8764997925084,274.5150743785088,3232789.7663748018,347869.3023807532,110.35513231477132,29.103010134652397,40232.22614953112,2.1676603409105466,0.036255335140891,4670.262915369503,0.8617354289565577,5203.614219696434,17.616494196544775,274.5150743785088,0.782211262598364,,,0.0009617298045093761,2.8382491682032166e-05,0.00019217412317286227,3211.666534167696,20732.34139919461,1911825.4840938011,291.3732874829302,13573229.763584094,0.06568906814546299,0.047761694132654506,0.06572204736188203,0.1335294276127387,0.9910448486125208,0.0054647433494778,0.0013189788480815496,0.0060647433494778,0.0002049278756054175,two-phase,False,
0.05128892915327543,1.000319426822244,2792.972606019209,763.405704446199,1.364057628586516,1041.329374856301,2132523.7299830136,745.0867195029539,684.5983096666012,274.52174571822854,3233337.6459125066,347560.7227902148,110.54399201613371,29.08204189753712,40271.713324545555,2.1677152224892695,0.03625506126437781,4666.701275554487,0.8618957697383768,5200.30627805273,17.627540017603497,274.52174571822854,0.7808586905175284,,,0.000960310948817703,2.8364706561476077e-05,0.0001922963661237378,3214.8450073342096,20754.340866029015,1913704.8240528714,291.3754762487342,13567880.3429881,0.06600364111244363,0.04771869908686606,0.06603954517522446,0.13733687119235397,0.9905243983926367,0.005459340432678211,0.0013188213366303117,0.006059340432678211,0.00020472526622543292,two-phase,False,
0.051384385670845946,1.000320616932746,2792.9721437822004,764.6805376545083,1.3638577604974667,1042.9154855814763,2134978.0255205464,745.8474677781887,685.3278145574479,274.5284162302965,3233885.9931878457,347252.0702281986,110.73344198683594,29.061862729937584,40312.26395750092,2.167770142270172,0.03625478733924755,4663.247853564767,0.8620541634074343,5197.130361472189,17.6387166143647,274.5284162302965,0.7795059185927211,,,0.0009588504666247727,2.8346733548222418e-05,0.00019241387659106753,3218.120090634933,20776.980018187893,1915659.4124947868,291.3776651152953,13562537.205640089,0.06631804519988148,0.047674486042832795,0.06635704298856689,0.14115702611397038,0.9899872190986406,0.005453784457705102,0.0013186590769441145,0.006053784457705102,0.00020451691716394133,two-phase,False,
0.051482728402968324,1.0003218453416147,2792.9716666713207,765.9936476615089,1.3636553327393508,1044.551322478084,2137521.213913774,746.6182057013627,686.065292673663,274.535098085151,3234434.9667292265,346943.3403621615,110.92363426580414,29.04242741134666,40353.88374272824,2.167825200581347,0.03625451331340655,4659.897706590555,0.8622107554901804,5194.081119736734,17.650027942800868,274.535098085151,0.7781520625188327,,,0.0009573488429727024,2.8328567049319664e-05,0.00019252683524717185,3221.491596367382,20800.259784224338,1917688.6099557716,291.37985807716507,13557182.021283232,0.06663227707814934,0.04762906521916008,0.06667454080190931,0.14495954597631844,0.989437582685406,0.005448076708666294,0.001318492081837742,0.0060480767086662935,0.00020430287657498603,two-phase,False,
0.051583978872755135,1.000323112525281,2792.9711745016366,767.3452982463015,1.3634504055179404,1046.2372580662047,2140154.1233840827,747.3987129169659,686.8104927286165,274.54177910980655,3234984.440149331,346634.5287679998,111.11442325265409,29.023775154258576,40396.56969443256,2.167880297243942,0.03625423973975001,4656.654938367701,0.8623654191838708,5191.16307565095,17.661470470093327,274.54177910980655,0.7767980060237036,,,0.0009558061446295015,2.8310213515158e-05,0.0001926350579681229,3224.9600368801534,20824.181797376168,1919793.141207531,291.382051140147,13551833.448124358,0.06694633215060218,0.047582437597622,0.06699203861525173,0.1487759142741247,0.9888709356290629,0.005442217308935157,0.0013183203295568028,0.006042217308935157,0.00020408314908506838,two-phase,False,
0.05168818282143089,1.0003244192724314,2792.970666966941,768.736075515516,1.3632429324782263,1047.9740218875752,2142877.8807567265,748.1891781118568,687.5635854047503,274.54848363884815,3235534.560782623,346325.6309541776,111.30594733808924,29.005878144227673,40440.352423224096,2.1679356331892836,0.036253966226357376,4653.519652516527,0.8625181670391038,5188.376578954525,17.673046852584015,274.54848363884815,0.7754432890466332,,,0.0009542221268031378,2.8291669465409352e-05,0.00019273851556116293,3228.526745216439,20848.75897881538,1921973.8928537387,291.3842522940881,13546453.127723604,0.06726020419254157,0.04753459340572591,0.06730953642859416,0.15257321772122154,0.988292169975151,0.00543620503046405,0.0013181437578515549,0.00603620503046405,0.00020385768864240186,two-phase,False,
0.05179531782064288,1.000325765525171,2792.9701440898393,770.1656548723724,1.363032859613843,1049.7610949370578,2145691.024791983,748.989818337116,688.3248467239625,274.5551751664557,3236085.3282803767,346016.64266928023,111.49808912698144,28.98875432370983,40485.19573241799,2.167990907242444,0.03625369400352436,4650.4845799649065,0.8626692005132742,5185.713628345931,17.684760807889,274.5551751664557,0.7740879461872179,,,0.0009525976956308888,2.8272929751866076e-05,0.0001928374900098304,3232.1907132651672,20873.979029472674,1924229.4772353296,291.3864495547544,13541100.846807126,0.06757389179894886,0.04748555451206374,0.06762703424193658,0.15638558179531395,0.9876960817005103,0.00543004262134128,0.0013179624204993207,0.00603004262134128,0.000203626598300298,two-phase,False,
0.051905478618235294,1.0003271527066486,2792.9696053177145,771.6352743904652,1.3628202870156028,1051.600206116177,2148597.306522551,749.800258234892,689.0937778246043,274.56189018983605,3236636.76460085,345707.5592235953,111.69091799965628,28.9724087701748,40531.15665857884,2.168046421008466,0.03625342234216239,4647.563350927106,0.8628181385986757,5183.1894496271325,17.696605798929077,274.56189018983605,0.7727323780444231,,,0.0009509317268900606,2.825400563707295e-05,0.00019293140058230707,3235.9549322021157,20899.867776097148,1926563.208761982,291.38865490747446,13535717.062970234,0.06788738527135942,0.04743528950068958,0.067944532055279,0.16018572414537094,0.9870868927202018,0.005423726133722654,0.0013177761734757022,0.006023726133722654,0.00020338973001459952,two-phase,False,
0.052018606259620674,1.000328580314932,2792.969050845645,773.1441205556682,1.3626051235269017,1053.4901398938541,2151593.6815093993,750.6208597878854,689.8708533016114,274.56860437488405,3237188.962016222,345398.3764136959,111.88446706184178,28.956808896612483,40578.19324193327,2.1681019735661744,0.0362531522094375,4644.743164822799,0.8629653359296054,5180.789863454386,17.70858808052581,274.56860437488405,0.7713757349033036,,,0.0009492257802249164,2.823488793834736e-05,0.00019302076060912299,3239.8171312090863,20926.406562496715,1928972.2820379536,291.39086036238825,13530342.558239799,0.06820068612287568,0.047383837527055724,0.06826202986862144,0.16398551293508387,0.9864627471665706,0.005417260488027421,0.001317585133272062,0.0060172604880274205,0.0002031472683010283,two-phase,False,
0.052134813988986166,1.000330050028384,2792.968480021906,774.6936758427889,1.3623873368737187,1055.432853924369,2154683.8230451723,751.4517553591222,690.656111384085,274.57532988294093,3237741.908927937,345089.08958260855,112.07872533313186,28.941986112027553,40626.35276871063,2.1681576656645145,0.03625288349961864,4642.0308173949925,0.8631106311824417,5178.522822590997,17.720708937057125,274.57532988294093,0.7700184406697527,,,0.0009474785594192416,2.8215575447684935e-05,0.00019310526075844633,3243.780912045253,20953.621332453396,1931459.810254103,291.39306991515605,13524957.30638532,0.06851378318961061,0.04733115968512285,0.06857952768196386,0.16779172870655637,0.9858224666630728,0.0054106407951784894,0.0013173891260012335,0.006010640795178489,0.00020289902981919338,two-phase,False,
0.05225405363258936,1.0003315614964416,2792.967892982797,776.2832689957112,1.362166932007175,1057.4273988963885,2157865.6083656116,752.2929392056164,691.4496129628369,274.5820667096873,3238295.673593488,344779.6944694328,112.27369652895779,28.927918639083707,40675.61357318325,2.1682134975198633,0.03625261656478309,4639.420606555248,0.8632541657867929,5176.381869398901,17.732968770931503,274.5820667096873,0.7686604946595559,,,0.0009456914025905475,2.8196068377429128e-05,0.00019318512915588346,3247.8443584988654,20981.499705648166,1934023.8842909855,291.39528356632763,13519562.01194651,0.06882667752611545,0.047277290777253414,0.06889702549530628,0.17157518614565875,0.9851710285524451,0.0054038714285697086,0.001317188250833919,0.006003871428569708,0.00020264517857136407,two-phase,False,
0.052376399509196224,1.0003331159278428,2792.967289259003,777.913861083892,1.3619439405687062,1059.475069387613,2161141.6040392043,753.1442990980686,692.251171219521,274.58880269274584,3238850.257046568,344470.18647766364,112.46934357211082,28.914632378931476,40725.991560793525,2.1682693684635708,0.036252351968856476,4636.919321439997,0.8633957562517112,5174.374726797201,17.745365358383722,274.58880269274584,0.7673019090282314,,,0.0009438636442648998,2.8176371120123323e-05,0.00019326006576624055,3252.009723287324,21010.05480747386,1936666.706460196,291.3974973204144,13514176.581326155,0.06913936088617519,0.04722221047059475,0.06921452330864872,0.17537685834850691,0.9845013750908669,0.005396949833099456,0.0013169824009393706,0.005996949833099455,0.0002023856187412296,two-phase,False,
0.05250186250045801,1.0003347137382192,2792.966668689256,779.5855663629758,1.361718295449073,1061.5759285844915,2164511.4546326254,754.0061041644071,693.0610854802745,274.5955621454164,3239405.728300858,344160.56118206476,112.66575178643049,28.90210233012014,40777.50349037922,2.1683254804126983,0.03625208941549432,4634.522395835892,0.8635355410124786,5172.496499551704,17.757902953897798,274.5955621454164,0.7659426575896684,,,0.0009419957377268369,2.8156477783332618e-05,0.0001933302419995198,3256.27708723133,21039.291383345844,1939387.8397805865,291.3997191698597,13508761.94744071,0.06945183001027184,0.04716592752125998,0.06953202112199114,0.17915407369957795,0.9838210293934797,0.005389877109093355,0.0013167715770184,0.005989877109093355,0.0002021203915910008,two-phase,False,
0.05263045855632922,1.0003363554163733,2792.9660310838717,781.2985657744689,1.3614900253464735,1063.730204119445,2167975.524309643,754.8782566521102,693.8792481007006,274.60232074878854,3239962.135339542,343850.8141388519,112.86289963023155,28.890332490998574,40830.13486692002,2.1683816317432862,0.03625182983852485,4632.230948359687,0.8636734810131882,5170.748454970418,17.770580012644718,274.60232074878854,0.7645823287562812,,,0.0009400879998775622,2.8136391701577735e-05,0.00019339560001971148,3260.6466962155896,21069.20736131516,1942187.558812683,291.40194112295103,13503358.371129857,0.06976408136866427,0.047108448702938205,0.06984951893533356,0.18295097665651522,0.9831220372570372,0.005382654107758287,0.0013165557717372668,0.005982654107758287,0.00020184952904093575,two-phase,False,
0.052762262903939636,1.0003380422197923,2792.965375954631,783.0538286642657,1.361259039203926,1065.9391024524741,2171535.680381222,755.7611159879673,694.705989546063,274.6090906565782,3240519.467153916,343540.94076539995,113.06077573759765,28.879341913529395,40883.91797495436,2.168437923558055,0.03625157322032029,4630.044497999994,0.8638096199226019,5169.130469950194,17.783401713593214,274.6090906565782,0.7632213456966028,,,0.0009381398972035421,2.8116105571512327e-05,0.00019345613460780673,3265.120799534951,21099.819823062295,1945067.3353301194,291.4041671762799,13497945.864044748,0.07007610660206492,0.047049754749371966,0.07016701674867598,0.18672696059827784,0.9824118495751816,0.005375278408024935,0.0013163348789948716,0.005975278408024935,0.00020157294030093506,two-phase,False,
0.05289723538446851,1.0003397739406639,2792.9647033824212,784.8507866223878,1.3610254905334243,1068.2019268582792,2175190.90103132,756.6541085973704,695.5407414172857,274.61588401637874,3241077.7932537026,343230.9366707621,113.25942510605758,28.86910044453299,40938.84195401411,2.168494457244435,0.03625131962948294,4627.967018650812,0.8639438034640718,5167.64658296142,17.796359466020128,274.61588401637874,0.7618596941602767,,,0.000936152589558727,2.8095633882575032e-05,0.00019351168543475173,3269.6977196768376,21131.119971270684,1948026.3573816936,291.4064013271852,13492505.281526802,0.07038790706339819,0.04698987819101783,0.07048451456201842,0.19051354662117237,0.9816845667289582,0.00536775409779103,0.001316108986726647,0.00596775409779103,0.00020129077866716362,two-phase,False,
0.053035498380288655,1.0003415524668362,2792.964012634218,786.6910342363666,1.3607891735960436,1070.520642353922,2178944.1199437287,757.5580300344413,696.3842631125011,274.6226765184392,3241637.116306393,342920.79715966404,113.458769401838,28.859658002352425,40994.93148537399,2.168551030753755,0.03625106995828965,4625.994800997825,0.8640761968575426,5166.293444454732,17.80946498459159,274.6226765184392,0.7604974004036168,,,0.0009341249112218357,2.8074959041868496e-05,0.00019356236937593144,3274.3812823048124,21163.129347967595,1951066.9068447244,291.4086355828374,13487076.382676752,0.07069947040375332,0.04692877979191629,0.07080201237536084,0.1943031871990919,0.9809415229483736,0.005360076246520491,0.0013158779114023898,0.005960076246520491,0.0002010028592445184,two-phase,False,
0.0531770024867971,1.0003433774917436,2792.963303829279,788.5738780852764,1.3605501735567234,1072.8943266912213,2182793.564965273,758.4725709935931,697.2362862689774,274.62949246073515,3242197.588444315,342610.5178901722,113.65895205550237,28.85095648574837,41052.18034017653,2.1686078467152514,0.03625082398964639,4624.12691799024,0.8642067936894894,5165.069745555758,17.82271389243702,274.62949246073515,0.7591339995337485,,,0.0009320582420115637,2.8054088901251597e-05,0.00019360822781927422,3279.169479969059,21195.83898251784,1954187.4509742442,291.4108779375513,13481621.006859982,0.0710107990982462,0.04686649682238321,0.07111951018870326,0.19806402409791307,0.9801890850025525,0.005352249537739335,0.001315641757512137,0.0059522495377393346,0.00020070935766522503,two-phase,False,
0.05332182646290041,1.0003452503694357,2792.9625764419193,790.5003293996236,1.3603085052474506,1075.3243214832194,2186741.7888593576,759.3976833470297,698.0966932595545,274.63630753964634,3242759.130607295,342300.0941933799,113.85983769635502,28.843046880691457,41110.59658537135,2.1686647027957915,0.03625058266104869,4622.368971522923,0.8643354474029609,5163.981951090335,17.836104977578067,274.63630753964634,0.7577699553587159,,,0.0009299519968270384,2.8033026304148503e-05,0.00019364901145497955,3284.064636503888,21229.26051405909,1957390.1476208323,291.41312039774886,13476178.056414569,0.07132188459868229,0.04680301032356625,0.0714370080020457,0.20184833458872486,0.9794167906584806,0.005344271589007915,0.0013154004160186865,0.005944271589007915,0.00020041018458779683,two-phase,False,
0.05346999798839529,1.0003471718096504,2792.9618301967,792.4707183144326,1.360064049199107,1077.810934022452,2190788.6726085613,760.3338400236808,698.9659920490311,274.6431460469857,3243321.827458959,341989.52156612714,114.06157053551478,28.835893800749865,41170.20242053371,2.168721801910992,0.03625034573104284,4620.714441808553,0.8644623642285507,5163.023139692084,17.849645579176595,274.6431460469857,0.7564048021923461,,,0.0009278065089467434,2.801176066953958e-05,0.00019368497350171447,3289.067334708844,21263.402086090584,1960674.7025109578,291.4153709584983,13470708.71287068,0.07163272289583685,0.04673832433853149,0.07175450581538811,0.20560185738003883,0.9786357219322612,0.0053361429083928985,0.001315153863960604,0.005936142908392898,0.0002001053590647337,two-phase,False,
0.05362151921480218,1.0003491422017883,2792.961064942605,794.4850344849191,1.3598168960573627,1080.3541735573094,2194934.355091331,761.2807060247369,699.8438326744524,274.649995829515,3243885.7030466096,341678.7955222893,114.26405610888152,28.829514715625695,41230.98548414915,2.1687790429698635,0.03625011388860669,4619.166773239904,0.8645874258803598,5162.197014374398,17.863330565154357,274.649995829515,0.7550389901646325,,,0.0009256223787309256,2.7990301034642446e-05,0.00019371596961825546,3294.17728705808,21298.260113945933,1964041.2433405237,291.4176256231975,13465233.070863113,0.07194331245715707,0.04667245436789579,0.07207200362873054,0.20938060220321264,0.9778342208273445,0.0053278654437592474,0.0013149021214092277,0.005927865443759247,0.0001997949541409718,two-phase,False,
0.053776501543262606,1.0003511633705482,2792.9602799711924,796.5447184980594,1.3595669297951987,1082.9558573729873,2199181.7868698016,762.2387395710762,700.7306197211201,274.65685688285225,3244450.8438421576,341367.9113155254,114.46735636961346,28.823919610661772,41292.98199237519,2.168836426193437,0.03624988748519825,4617.726584508664,0.8647106575007212,5161.50483479684,17.87716639879844,274.65685688285225,0.7536720815499972,,,0.0009233986715079782,2.7968638253185696e-05,0.0001937419477471749,3299.397878042711,21333.85725397039,1967492.1416199089,291.41988439240646,13459752.011204371,0.07225364175156446,0.0466053689140204,0.07238950144207297,0.21314909801767296,0.9770196835347037,0.00531943523699694,0.00131464502773793,0.00591943523699694,0.00019947882138738525,two-phase,False,
0.053934897158498744,1.0003532350804338,2792.959475374162,798.6490933962485,1.3593142484509864,1085.6150921659832,2203529.292173208,763.2075788923257,701.6260274238404,274.66372920260943,3245017.205033142,341056.8645222391,114.67141783969913,28.819100499316868,41356.16913039346,2.16889395180331,0.03624966694131547,4616.3934382881025,0.864832036383375,5160.945829065796,17.89114791384298,274.66372920260943,0.752304512619948,,,0.0009211367889192045,2.7946781414351468e-05,0.0001937629328267943,3304.7271151214463,21370.18067644905,1971025.9519048985,291.42214726668584,13454265.085854996,0.07256371415282714,0.04653710595673349,0.07270699925541539,0.2168994270281264,0.9761939553976302,0.005310857060791946,0.0013143826873466967,0.0059108570607919455,0.00019915713977969798,two-phase,False,
0.05409680821016085,1.0003553590673795,2792.958650477572,800.799473706466,1.359058756054371,1088.3335365845046,2207979.5689678956,764.1876030492683,702.5303848545026,274.6706249239713,3245584.908352575,340745.6504087457,114.87634475191707,28.815053712088844,41420.58770914882,2.1689517217656267,0.036249452333477226,4615.168396890055,0.8649515698699247,5160.521684316353,17.90528046524289,274.6706249239713,0.7509358305656074,,,0.0009188359692914362,2.7924723154746597e-05,0.0001937788582575206,3310.1680442749257,21407.252837964053,1974644.8423323543,291.4244182448935,13448753.727066796,0.0728735190561241,0.04646763907924391,0.07302449706875781,0.22066974829367597,0.975348584962323,0.005302127595512382,0.00131411495672461,0.005902127595512382,0.0001988297848317143,two-phase,False,
0.05426224492824546,1.0003575358808945,2792.957805068268,802.9959512331287,1.3588004504084246,1091.1112602117166,2212532.4656298067,765.1788366792036,703.443729558938,274.67753189984745,3246153.99299752,340434.2644178649,115.08210017283746,28.81178394285509,41486.22767667519,2.1690096347039383,0.0362492443817826,4614.049801630577,0.8650693008944914,5160.230628509055,17.919564481515973,274.67753189984745,0.7495660492388002,,,0.0009164968197706643,2.790246384144826e-05,0.0001937897880911051,3315.7206058697993,21445.071675049086,1978348.5892548237,291.426693329677,13443238.152569048,0.07318305467271326,0.04639698198594142,0.07334199488210023,0.22440423738828197,0.9744961458323905,0.0052932485633026575,0.0013138418454551896,0.005893248563302657,0.00019849682112384965,two-phase,False,
0.05443122908019172,1.0003597662336854,2792.9569388697255,805.2387699504733,1.3585392848309785,1093.9485026466928,2217187.9850280154,766.1814739700858,704.3662734417564,274.6844501258265,3246724.4634575034,340122.7020304939,115.28868885616123,28.809288685193977,41553.0914761122,2.1690676908417745,0.03624904350648832,4613.034465133955,0.8651853264324768,5160.069299458811,17.934003012834335,274.6844501258265,0.7481951678402992,,,0.000914119812386603,2.7879999777081488e-05,0.00019379584690943594,3321.385119394655,21483.639642130333,1982137.0599979835,291.4289725216008,13437718.411405219,0.07349231830226062,0.046325143725599295,0.07365949269544267,0.22816840596359234,0.9736216814143127,0.005284221101265158,0.001313563344610603,0.005884221101265158,0.00019815829129744345,two-phase,False,
0.05460387068102037,1.0003620520214165,2792.9560511460118,807.5293433376652,1.3582753388006097,1096.847192413401,2221950.0786245815,767.1952213848413,705.2976019763078,274.691391732386,3247296.3463341556,339810.9583532217,115.4960987446457,28.807595093647645,41621.222184783706,2.1691259923650437,0.03624884982506604,4612.1343035984955,0.8652993205580237,5160.05116917829,17.9485907524116,274.691391732386,0.7468236072144059,,,0.000911704024878518,2.785734027240101e-05,0.00019379652782769682,3327.1648475316997,21522.98067207,1986013.6736085378,291.43125982009974,13432174.992743548,0.07380129859201272,0.04625209641872775,0.07397699050878509,0.23192033509746554,0.9727347830566558,0.005275041705959872,0.0013132793008076328,0.005875041705959871,0.00019781406397349522,two-phase,False,
0.05478013103367996,1.0003643931893123,2792.955141918694,809.8671100279236,1.3580085318089323,1099.8064450493634,2226816.3123838045,768.220405722584,706.2381367441302,274.6983567104008,3247869.779157877,339499.02892940474,115.70445258099112,28.806653374167706,41690.599739862635,2.169184539717575,0.03624866378788252,4611.338827364658,0.86541157560372,5160.164636988403,17.96333329744567,274.6983567104008,0.7454504916379492,,,0.00090925090001188,2.783447769524482e-05,0.00019379226640017135,3333.058059348435,21563.083703474404,1989976.1432219401,291.4335552263159,13426609.308575163,0.0741099991072701,0.04617787569141743,0.07429448832212751,0.23565222075546793,0.971837450838882,0.005265714854293384,0.0013129898063241655,0.005865714854293384,0.0001974643070360019,two-phase,False,
0.054960110965544824,1.0003667915478873,2792.9542104849406,812.2533581498739,1.3577388266091586,1102.8279214037584,2231789.5882436456,769.2571813030318,707.1879654720788,274.7053329189693,3248444.7052640677,339186.9089758585,115.91359517558521,28.806523304831163,41761.246586789566,2.1692432312356873,0.036248486137855356,4610.651859273943,0.8655220094819583,5160.414361771114,17.978232513215378,274.7053329189693,0.7440767101285388,,,0.0009067597769261485,2.7811410250282485e-05,0.0001937828883292985,3339.0676807722607,21603.966414719373,1994026.853884684,291.4358547421411,13421040.578963734,0.07441840954539056,0.04610245867170485,0.07461198613546995,0.23940710865092676,0.9709192738469061,0.005256237672089997,0.0013126947248145557,0.005856237672089997,0.0001971089127033749,two-phase,False,
0.055143838802454104,1.0003692479642317,2792.953256508327,814.6884123914724,1.357466275363786,1105.9120447510882,2236870.665248935,770.3053652355663,708.146881878148,274.71232035364426,3249021.2152780835,338874.5937793915,116.12359035873902,28.80718885633043,41833.16682473894,2.169302067145426,0.03624831733566596,4610.076337761313,0.8656305316438022,5160.80364560978,17.993285424828265,274.71232035364426,0.74270182467721,,,0.0009042310414704578,2.778814364329866e-05,0.00019376827112007746,3345.1941981393466,21645.63239947516,1998166.4160520644,291.4381583681453,13415469.72005432,0.07472652703481422,0.046025853610373486,0.07492948394881237,0.24312188635986035,0.9699957465746039,0.00524661119617374,0.0013123940400341732,0.00584661119617374,0.00019674791985651528,two-phase,False,
0.055331322102627194,1.0003717630416045,2792.952279754904,817.1723209992648,1.3571908095853216,1109.0587639077085,2242058.82710911,771.3652366938695,709.1152088159151,274.7193311385701,3249599.3153100093,338562.07876972726,116.33448550255407,28.808632121480834,41906.365324796716,2.169361149929583,0.036248157549387754,4609.60645411039,0.8657373128668511,5161.326205711459,18.0084965705141,274.7193311385701,0.7413258181879445,,,0.0009016654775591459,2.7764671972599106e-05,0.00019374865299027458,3351.4373958848255,21688.082661706198,2002394.0413804369,291.44047010454045,13409877.039556928,0.07503435107881672,0.04594807771898132,0.07524698176215479,0.2468687246769292,0.9690489320856747,0.005236837589412779,0.0013120877703464901,0.005836837589412779,0.00019638140960297922,two-phase,False,
0.055522701888966214,1.0003743391945634,2792.9512792873074,819.7068985096384,1.3569123866518342,1112.2704440116863,2247358.343953226,772.4369735690357,710.0930204399426,274.72636526454244,3250179.1189121148,338249.35898245586,116.54628585210604,28.81088369343563,41980.88690324667,2.1694204800367256,0.03624800726835087,4609.248924554351,0.8658422009072679,5161.990054217204,18.023867842481227,274.72636526454244,0.7399486893048276,,,0.0008990619191437341,2.774099346320819e-05,0.00019372373629101194,3357.8014865869295,21731.34545828159,2006713.2871540382,291.44278995248,13404263.703670433,0.07534186728501653,0.045869093453295685,0.07556447957549722,0.25061381191356974,0.9680871434319072,0.005226912133859692,0.0013117757171589015,0.005826912133859692,0.00019600920501973844,two-phase,False,
0.05571793641213811,1.0003769764014794,2792.950255114303,822.2915366068198,1.3566310691387249,1115.546246450635,2252767.44947886,773.5203510233218,711.0801390129316,274.73342272232946,3250760.6830072636,337936.42983152025,116.75905686201993,28.813906828499174,42056.70964202517,2.1694800579175184,0.03624786697629652,4609.001288295897,0.8659452374693097,5162.792259856362,18.03939622357449,274.73342272232946,0.7385699992563733,,,0.0008964218231039083,2.7717113910197463e-05,0.00019369363508494564,3364.2845858056794,21775.408749589846,2011122.5775270693,291.44511791312163,13398630.306514699,0.0756490806571329,0.04578893943895861,0.07588197738883964,0.25431404091543613,0.967121692752914,0.0052168396833558095,0.0013114579811590835,0.005816839683355809,0.00019563148812584287,two-phase,False,
0.05591710298619839,1.0003796762605845,2792.9492066155894,824.927202319008,1.3563467942516456,1118.8873663563652,2258287.943191405,774.6156271191337,712.0767939561068,274.74049137884475,3251343.9514081576,337623.2865215471,116.97264103531138,28.817753679031863,42133.84622056158,2.1695397815446626,0.03624773747469847,4608.863449228563,0.8660464482041214,5163.7331039822475,18.05508536835416,274.74049137884475,0.7371906383141996,,,0.0008937450096129698,2.7693028850274458e-05,0.00019365834365622122,3370.888756541418,21820.284547209194,2015623.2999691062,291.4474499874016,13392996.036704812,0.07595598377904507,0.045707605557450175,0.07619947520218207,0.2580519972310144,0.9661310297910344,0.005206618966370415,0.001311134469679617,0.005806618966370415,0.00019524821123889055,two-phase,False,
0.05612029003589596,1.0003824405476194,2792.948133101952,827.6150071834421,1.356059492275472,1122.2951864407396,2263921.957779696,775.7230882725917,713.0832353532558,274.7475833518268,3251929.068519317,337309.92418492044,117.1872068120102,28.82239879976911,42212.33007629496,2.169599753701726,0.03624761899129636,4608.835975210903,0.8661458447415092,5164.813647812329,18.07093928441255,274.7475833518268,0.7358097137807434,,,0.000891031176184059,2.766873332540523e-05,0.0001936178279004456,3377.6164089667773,21865.991277977766,2020217.122161713,291.44979017631823,13387342.620148083,0.07626256806269827,0.04562507796944711,0.07651697301552449,0.26176823444045905,0.9651307639060754,0.005196248243802859,0.0013108050734053245,0.0057962482438028585,0.0001948593091426072,two-phase,False,
0.05632748527638734,1.0003852696897124,2792.94703440793,830.3547286083074,1.3557692394926206,1125.7693989143863,2269668.8397807153,776.8424556465727,714.099197370949,274.75469863197765,3252516.028302282,336996.33814230823,117.40269943988869,28.827843135764784,42292.14950057446,2.16965997484312,0.036247512035109536,4608.919529548793,0.8662433861841147,5166.034504347347,18.08695389877838,274.75469863197765,0.7344276617051997,,,0.0008882813842375982,2.7644234778182896e-05,0.0001935720714134749,3384.4666031684515,21912.52317228742,2024903.44043787,291.45213848103884,13381670.015322173,0.07656883606879614,0.04554138428686125,0.07683447082886692,0.265472998383424,0.9641182951947933,0.005185730985468314,0.0013104698473104337,0.005785730985468314,0.0001944649119550618,two-phase,False,
0.056538795988300486,1.0003881657649945,2792.9459097269205,833.1477234416908,1.3554759289095761,1129.3116843510245,2275531.141414494,777.9741592821697,715.1250700097482,274.761837209972,3253104.8761003097,336682.5234841546,117.61912437796289,28.834106341859535,42373.33577519415,2.169720445425416,0.03624741716062128,4609.113771203545,0.8663391198737693,5167.395849437615,18.10313536566234,274.761837209972,0.7330444807211766,,,0.0008854951328823491,2.7619525010479116e-05,0.00019352107505153364,3391.442340150585,21959.900542544507,2029684.2406291612,291.4544949027342,13375978.697468553,0.07687477739991065,0.04545650420707985,0.07715196864220934,0.26920024364000694,0.9630842272741056,0.005175064640065219,0.001310128653720879,0.005775064640065219,0.00019406492400244571,two-phase,False,
0.05675426602104791,1.0003911300114563,2792.944758578607,835.9945074408624,1.3551796485766527,1132.92274280572,2281510.277072321,779.1178744769718,716.1604808140657,274.7689990764578,3253695.657722673,336368.4753067805,117.8364871288284,28.84118991844477,42455.8970117768,2.1697811659064934,0.03624733491627403,4609.4245133054565,0.8664328726768672,5168.904184763132,18.11947846259536,274.7689990764578,0.7316601694601521,,,0.0008826727209337042,2.7594613224225333e-05,0.00019346460376413912,3398.544504604912,22008.129713822236,2034560.7158855477,291.4568594425794,13370269.145821523,0.07718038878594055,0.04537044374418415,0.07746946645555176,0.27289080099770147,0.9620450149191735,0.0051642499633453125,0.0013097814588540558,0.005764249963345312,0.0001936593736254492,two-phase,False,
0.05697391198958712,1.0003941633119495,2792.9435806206147,838.8952349090156,1.3548803212701708,1136.6026453855425,2287605.661335255,780.2739193079003,717.2057912565898,274.7761842220558,3254288.5060148714,336054.1888613347,118.05485469169673,28.84907257685547,42539.83134871251,2.1698421367459875,0.03624726584595108,4609.8455580677455,0.8665248281980483,5170.5528404130855,18.135988271874158,274.7761842220558,0.7302742889250101,,,0.0008798149503345507,2.7569492905738984e-05,0.00019340291664442366,3405.7730710508854,22057.21099648748,2039532.158745805,291.45923210175306,13364542.713254703,0.07748567025531447,0.04528322017353706,0.0777869642688942,0.2765956430999077,0.9609863943980417,0.0051532891261947215,0.001309428273636806,0.005753289126194721,0.00019324834223230204,two-phase,False,
0.057197861826933996,1.0003972681118622,2792.9423749037924,841.8515280462785,1.3545778571327292,1140.3534388848416,2293820.620961764,781.4426567068579,718.2612996573177,274.783380523186,3254883.3457344715,335739.6591307861,118.27412839463408,28.85780437518698,42625.168002041275,2.169903255473756,0.036247210851451626,4610.378873441581,0.8666149703707648,5172.344601598954,18.152669775383266,274.783380523186,0.7288872932416941,,,0.0008769211070016205,2.7544157756786122e-05,0.0001933359195926089,3413.131659858098,22107.166764047473,2044601.2292138352,291.46160888002794,13358818.352172948,0.07779060937828233,0.04519480717101778,0.07810446208223662,0.28031162292859996,0.9599090550938325,0.005142178820626867,0.0013090689311631733,0.0057421788206268665,0.0001928317057735075,two-phase,False,
0.05742613024253717,1.0004004453185784,2792.941141076287,844.8635115586507,1.3542723515920891,1144.175294572884,2300155.5069468245,782.6237379152064,719.3266388100297,274.79061220039034,3255480.311552176,335424.8812367546,118.49446217132454,28.867341856765297,42711.92116008183,2.1699647283394836,0.03624716991357861,4611.028304150985,0.8667031734478183,5174.2836783995035,18.169517556601015,274.79061220039034,0.7274987076327748,,,0.0008739919527569383,2.7518617290878437e-05,0.0001932634664339311,3420.620147633169,22158.000867638173,2049768.2009118625,291.4639977812102,13353058.04237173,0.07809520676967441,0.045105223967888415,0.07842195989557904,0.2839812040625544,0.9588298471257461,0.005130921463313416,0.0013087034477474292,0.005730921463313416,0.0001924095548742531,two-phase,False,
0.057658755571790725,1.0004036961871334,2792.9398786512625,847.9316204181333,1.3539637372083317,1148.0686656784524,2306610.5164195076,783.8174407904453,720.4021065122879,274.7978671284132,3256079.400056139,335109.85033595056,118.71575710320148,28.87770974194375,42800.08745953958,2.1700264529524445,0.036247143910363086,4611.789702754977,0.8667895665811131,5176.365735677913,18.18653597489578,274.7978671284132,0.7261089861065101,,,0.0008710280403037121,2.749286618904155e-05,0.0001931857312761995,3428.2391754213495,22209.715986500905,2055033.0426945172,291.46639480527955,13347281.46411045,0.07839946062059432,0.04501448079777748,0.07873945770892148,0.2876800988315519,0.9577265584373592,0.005119518340250057,0.0013083318025798908,0.005719518340250057,0.00019198193775937718,two-phase,False,
0.05789587826030348,1.0004070234306985,2792.9385865756676,851.0576335908322,1.353651953088439,1152.0358279010552,2313189.5209297547,785.0240192446702,721.4878716735036,274.8051574070471,3256680.7488113507,334794.56128944666,118.93812478851873,28.88890936143876,42889.71693696773,2.1700885329402606,0.036247133216621166,4612.667646640506,0.8668740594625315,5178.596455715732,18.203728187475747,274.8051574070471,0.7247176710132333,,,0.0008680285593391171,2.746690100240029e-05,0.00019310251504464645,3435.99270663501,22262.34099896648,2060398.9044104496,291.4688039554411,13341470.343624832,0.0787033573843745,0.04492254883227679,0.0790569555222639,0.291384244329262,0.9566060956091933,0.005107965828752176,0.0013079538131686849,0.005707965828752176,0.00019154871857820658,two-phase,False,
0.058137500981124024,1.0004104278639883,2792.937264533719,854.2415106969388,1.3533370037539545,1156.0766465688469,2319891.8261609497,786.2434756346668,722.5839673593687,274.812458806579,3257284.3715467076,334479.0092378016,119.16148472022422,28.900950529404106,42980.784220292066,2.1701507625257213,0.03624713900251873,4613.658994913473,0.8669567315022328,5180.972397415161,18.22109445244604,274.812458806579,0.7233247976736425,,,0.0008649945511553484,2.7440722691214575e-05,0.00019301396017838465,3443.8801749095437,22315.868503261292,2065865.048100553,291.4712172290724,13335664.179363893,0.07900689978230535,0.04482945354160214,0.07937445333560632,0.29503780671185126,0.9554855794885971,0.005096267129501486,0.0013075695182789347,0.005696267129501486,0.00019111001735630574,two-phase,False,
0.058383675837813,1.0004139110179673,2792.935911931516,857.4838611948219,1.3530189475746506,1160.1919114360658,2326718.8310835515,787.4756013148192,723.6901454785386,274.8197955343731,3257890.266161563,334163.18919379555,119.38586777263635,28.913829430199154,43073.316053459035,2.170213348578875,0.0362471613152271,4614.768171323599,0.8670374562252614,5183.498601261967,18.238631366495078,274.8197955343731,0.7219307652541677,,,0.0008619263676491393,2.74143377292287e-05,0.0001929198938640673,3451.9026171543173,22370.310123709958,2071432.6039732206,291.4736426316008,13329823.632817732,0.0793100850343495,0.04473520158291708,0.07969195114894874,0.29872443680659294,0.9543394107206219,0.005084423079061827,0.0013071788787417007,0.005684423079061827,0.00019066586546481854,two-phase,False,
0.058634546748056786,1.0004174757584692,2792.934527656826,860.786500745211,1.352697664044545,1164.3838887991249,2333674.0779916556,788.7208826205092,724.8068302295617,274.8271675759001,3258498.573484766,333847.095942843,119.61134312763085,28.9275577651006,43167.35405701043,2.1702762918046585,0.0362472008757477,4615.996082955916,0.8671162555133749,5186.176780144458,18.256345754116005,274.8271675759001,0.7205351339298512,,,0.0008588232881093361,2.7387737213909412e-05,0.00019282026864733014,3460.06403768581,22425.692981391177,2077104.360219126,291.4760801648421,13323950.150893543,0.07961289957956706,0.04463976531736208,0.08000944896229117,0.30241616340591476,0.9531759880058074,0.005072430204231682,0.0013067817113235018,0.005672430204231682,0.00019021613265868807,two-phase,False,
0.05889012332581275,1.0004211230813314,2792.933111323626,864.1494735598268,1.3523731544047093,1168.6525494352718,2340757.034556746,789.9793371776057,725.9340667826261,274.8345507112303,3259109.3092583236,333530.724538495,119.83782987554618,28.94214663685243,43262.874476808225,2.170339385966964,0.036247258884559,4617.339701509736,0.8671932073774112,5189.003648113586,18.274238051622277,274.8345507112303,0.7191379401244752,,,0.0008556863205263448,2.7360921893846786e-05,0.0001927152239261849,3468.364044900233,22482.01084012716,2082879.7048882851,291.4785218249732,13318083.20645553,0.07991534609681004,0.04454316912440827,0.0803269467756336,0.30605892490785364,0.9520125705494905,0.005060291568625745,0.0013063780471749913,0.005660291568625745,0.00018976093382346547,two-phase,False,
0.059150462617648406,1.0004248546822687,2792.9316622741408,867.573446279619,1.3520454767436239,1172.9987537852362,2347969.207712607,791.2507567013326,727.0716052650572,274.84196913772035,3259722.473049858,333214.0699073975,120.06535894152319,28.95759281836672,43359.90504832411,2.170402838408353,0.036247335433923285,4618.803552237954,0.8672681836698761,5191.984381694693,18.292304861992093,274.84196913772035,0.7177395819927752,,,0.0008525158247381135,2.7333898257890084e-05,0.00019260458554646003,3476.8037758196742,22539.276065736096,2088759.8497722207,291.48097561865353,13312183.519790486,0.08021742188470805,0.04444541972517365,0.08064444458897602,0.3097266716172991,0.9508256353763658,0.005048008016844612,0.0013059678433124612,0.005648008016844612,0.00018930030063167295,two-phase,False,
0.05941570196851738,1.0004286734464949,2792.9301793887344,871.0601383487949,1.3517144266210093,1177.4245554605584,2355313.2788679786,792.5359562984233,728.2202417231451,274.84942284069456,3260338.262341624,332897.12686198234,120.29406405888655,28.973889711786992,43458.483992352776,2.170466649841979,0.03624743128983547,4620.382806776926,0.8673413772179027,5195.1144201864945,18.310558270414816,274.84942284069456,0.7163391815968377,,,0.0008493113171135136,2.7306649672602952e-05,0.00019248854194901484,3485.3869450248185,22597.51391713358,2094746.7366588507,291.48344154771945,13306253.10104323,0.08051911467146078,0.04434649454591979,0.08096194240231845,0.3134053778643935,0.9496194338395127,0.0050355767121886535,0.0013055509319183467,0.005635576712188653,0.0001888341267070745,two-phase,False,
0.05968587900789385,1.0004325808663812,2792.9286620886774,874.6099547371969,1.3513801472503815,1181.9305294194025,2362790.53836698,793.834401000719,729.3793884305733,274.8569118054131,3260956.625232344,332579.89026212273,120.52382513599301,28.991064692272463,43558.61409452236,2.1705308209852636,0.03624754713523307,4622.084879105216,0.8674125595713902,5198.401971032883,18.328989819027512,274.8569118054131,0.7149376128142476,,,0.0008460734155764874,2.7279190230164507e-05,0.0001923668091794963,3494.114011477707,22656.728083190817,2100841.4664226067,291.4859196140158,13300291.46358364,0.08082042454741709,0.044246409184081986,0.08127944021566087,0.31704282387605337,0.9484112229558957,0.0050229996146893925,0.0013051273038131792,0.005622999614689392,0.00018836248555085223,two-phase,False,
0.059961045928392936,1.0004365786739182,2792.927109702231,878.2234895362594,1.3510426292297901,1186.517372354429,2370401.819498251,795.1461460787336,730.5490931044739,274.86442392111246,3261577.6708480855,332262.354961857,120.75466848978516,29.009113541396474,43660.2941932557,2.1705952487708378,0.03624768396058471,4623.90930467044,0.8674817496796807,5201.846758957856,18.34760031887832,274.86442392111246,0.7135344556032313,,,0.0008428026620593687,2.7251520161224413e-05,0.00019223941925585313,3502.9858888738686,22716.92313900885,2107044.5818326157,291.4884058157468,13294319.34177,0.08112135013656703,0.04414517424532221,0.0815969380290033,0.32068475678450314,0.9471859831976316,0.00501027805709362,0.0013046969280216267,0.0056102780570936196,0.00018788542714101076,two-phase,False,
0.06024132231721536,1.0004406696190549,2792.925521162418,881.9022187009017,1.350701679164648,1191.1868076583366,2378149.1338365125,796.4719686658668,731.7301315622024,274.87195917800835,3262201.4728197474,331944.51575921365,120.98666543538839,29.028038976745265,43763.55511604523,2.1706599336832233,0.0362478425596624,4625.850142187747,0.8675491641731333,5205.442908957339,18.366401389171465,274.87195917800835,0.7121292703419229,,,0.0008394988876394827,2.7223623692270603e-05,0.00019210661176962215,3512.0056399248933,22778.120062592236,2113357.4416830586,291.49090015414896,13288337.480561728,0.08142188197493663,0.04404277628380491,0.08191443584234573,0.32434982301376525,0.9459372031540673,0.004997410349747807,0.0013042596697398917,0.005597410349747807,0.00018740288811554276,two-phase,False,
0.06052679725667022,1.0004448560546215,2792.923895556518,885.6472137347698,1.3503574299407792,1195.9402953730958,2386035.462378467,797.8113706172198,732.9219085922145,274.87954175143096,3262828.017825158,331626.36731527717,121.21978335396018,29.047860148645086,43868.43433561083,2.170725084105678,0.03624802314223409,4627.9181520417205,0.8676144966371725,5209.202543501522,18.38538483690159,274.87954175143096,0.7107228909607501,,,0.0008361621427665262,2.7195514504349254e-05,0.00019196796278299824,3521.175314114891,22840.33744120934,2119782.5839066147,291.4934106385964,13282306.564264491,0.08172201459246892,0.04393921405122811,0.08223193365568815,0.3279877141859828,0.9446819884718105,0.004984396335785702,0.0013038154438367998,0.0055843963357857015,0.00018691486259196383,two-phase,False,
0.06081750719092892,1.0004491396001498,2792.9222322566015,889.4588525517563,1.3500097823541521,1200.7781519463704,2394060.411863684,799.1647609176255,734.1248799892469,274.8871474395863,3263457.435499859,331307.9044944844,121.45406973970836,29.068562752637405,43974.91530514848,2.1707904929515576,0.03624822700216759,4630.106004044104,0.8676779661259529,5213.117830218355,18.404557155478347,274.8871474395863,0.7093144796606293,,,0.0008327933002270868,2.716718450632042e-05,0.00019182378618096845,3530.4952477919123,22903.573912803222,2126319.3827617844,291.4959292630393,13276267.11663233,0.08202174939631103,0.0438345060439229,0.08254943146903057,0.33159657994433833,0.9434212782046089,0.004971238339524819,0.0013033642485704524,0.005571238339524819,0.0001864214377321807,two-phase,False,
0.06111354149011527,1.0004535226908633,2792.920530318052,893.3382042713728,1.3496587298444447,1205.701706098418,2402226.0242206287,800.5321874383733,735.3390530683623,274.89480041087484,3264089.768009342,330989.1220387356,121.68955667039815,29.090149982402867,44083.03503899444,2.1708563689324016,0.03624845437500961,4632.416188017236,0.8677395182604299,5217.191897512036,18.423918771772275,274.89480041087484,0.7079044315470876,,,0.0008293925395825663,2.713863463000401e-05,0.00019167399237832866,3539.9674548339954,22967.84788794142,2132969.4096900434,291.49846403770704,13270180.404567279,0.0823210814798642,0.0437286521997971,0.082866929282373,0.3352473668384388,0.9421301412373416,0.004957936353162425,0.0013029060013297618,0.005557936353162425,0.00018592261324359093,two-phase,False,
0.06141506677726371,1.0004580089603532,2792.918788330993,897.2873458242592,1.349304265584475,1210.7136431756448,2410537.025355165,801.9136989421925,736.5643615167567,274.90247647020874,3264725.076891637,330670.0143812396,121.92616232546682,29.1126721159299,44192.82125164655,2.1709225046465397,0.03624870675767165,4634.856378843806,0.867798970853345,5221.433918271416,18.443469515705505,274.90247647020874,0.7064927858094846,,,0.0008259591404099876,2.7109866696947982e-05,0.00019151827173387946,3549.5963861349605,23033.185344723017,2139736.532777049,291.50100695572553,13264086.239313383,0.08261999638413117,0.043621625977139,0.08318442709571543,0.33889174750067097,0.9408253735289783,0.0049444870413686585,0.001302440502221319,0.005544487041368658,0.00018541826405132472,two-phase,False,
0.06172209162186009,1.0004625997433578,2792.9170057782408,901.3062797729679,1.3489463393007475,1215.8138066885203,2418992.2577395155,803.3095145390516,737.8010833576388,274.91018769330793,3265363.385374769,330350.57632155466,122.16393882596611,29.136105524046368,44304.27330058067,2.1709890048636304,0.036248984591034386,4637.4200283144455,0.8678565076073895,5225.836758504033,18.46321316290257,274.91018769330793,0.7050795198009554,,,0.0008224943609775853,2.708087674601683e-05,0.00019135691492327893,3559.381412866494,23099.585034015938,2146619.5104781804,291.5035620232727,13257965.292979881,0.08291849998358371,0.043513457960344004,0.08350192490905785,0.3424860546197454,0.9395229121160381,0.004930894247491997,0.001301967797500074,0.005530894247491997,0.0001849085342809499,two-phase,False,
0.062034708784839084,1.0004672976675861,2792.9151816406147,905.3961083494871,1.3485849448998322,1221.0035608910155,2427593.7841820093,804.7196825132442,739.0492267026189,274.9179461489232,3266004.8495079596,330030.80250054604,122.40300461767939,29.16043266325535,44417.41940308326,2.1710559746835614,0.03624928844760501,4640.109393115253,0.8679120801987463,5230.4033059050835,18.483150103164295,274.9179461489232,0.7036641717831248,,,0.0008189984304961893,2.7051665825859443e-05,0.00019118984550789956,3569.324573933973,23167.063469188677,2153619.9145358135,291.5061332473866,13251799.591321703,0.08321658781845229,0.04340414937925552,0.08381942272240027,0.3460958046350553,0.9381991760889655,0.004917158126079121,0.0013014878048270833,0.0055171581260791205,0.00018439342972796703,two-phase,False,
0.06235304898883673,1.000472105986306,2792.913314656106,909.5584259872458,1.3482201011768096,1226.284953110744,2436345.1289009294,806.1441524637471,740.3086554559636,274.92572765213754,3266649.4778565103,329710.687366149,122.6432121156585,29.185708863398716,44532.27345229426,2.171123206225951,0.03624961981899679,4642.930499293994,0.8679655395336231,5235.14074828273,18.503278927270014,274.92572765213754,0.7022472203173143,,,0.0008154711492327114,2.702223762422471e-05,0.00019101683184507073,3579.429082879663,23235.638443006737,2160740.5893511185,291.5087126199419,13245628.368448518,0.0835142508456956,0.04329368919563014,0.0841369205357427,0.34972698937913693,0.93685166002938,0.004903277290023454,0.0013010003857434468,0.005503277290023454,0.00018387289837587954,two-phase,False,
0.06267722192727301,1.0004770276966144,2792.911403662249,913.7945472059571,1.3478516065711916,1231.6594485275439,2445247.5792816323,807.5837368263064,741.5802064654345,274.9335563537665,3267297.3919279077,329390.22548892105,122.88472550095622,29.211909242413867,44648.877502552525,2.1711909090373696,0.03624997906359182,4645.875447450684,0.8680171533757404,5240.041000393955,18.523612039479698,274.9335563537665,0.7008281820882799,,,0.0008119127419478704,2.699257568849646e-05,0.0001908382014424731,3589.6974486128743,23305.33183972259,2167982.214388908,291.51130815334085,13239413.753311116,0.08381148301088197,0.043182074835844846,0.08445441834908513,0.3533341322576136,0.9354971891896625,0.00488925141591399,0.0013005054364440562,0.0054892514159139896,0.00018334692809677462,two-phase,False,
0.0630072803201832,1.0004820649828303,2792.9094478122315,918.1050380236917,1.347479663753821,1237.1278679268532,2454303.0681579374,809.0376656085093,742.8630296163462,274.9414322331312,3267948.601154438,329069.41137590446,123.12748703877968,29.239046727461233,44767.235833292805,2.1712590841237773,0.03625036702048251,4648.9550209631725,0.8680665946288735,5245.116023460508,18.54413727677023,274.9414322331312,0.6994074927465366,,,0.0008083238814074847,2.6962699452529255e-05,0.00019065355189993335,3600.1303469617565,23376.149019921562,2175346.4595718053,291.5139198501712,13233155.88797151,0.08410828597015602,0.04306932413322565,0.08477191616242755,0.3569111453203555,0.9341383379061755,0.004875082744752568,0.0013000029419923697,0.005475082744752568,0.0001828156029282213,two-phase,False,
0.063343327025425,1.0004872208425581,2792.9074459435333,922.4911157060509,1.3471041279742817,1242.691589987222,2463512.943067817,810.5065325414009,744.1577299391624,274.949331115608,3268603.229979524,328748.23953742837,123.37148096424848,29.267136831572945,44887.35133490216,2.1713275231197993,0.03625078517889327,4652.1633153497505,0.868114062823822,5250.359859807666,18.564863618086633,274.949331115608,0.6979847552210529,,,0.0008047048906239741,2.6932597528638994e-05,0.00019046313523291193,3610.730014494457,23448.10131649819,2182834.1002609353,291.5165397010407,13226895.110812202,0.08440465527301161,0.042955438391478924,0.08508941397576998,0.36050820590340454,0.9327560417795794,0.004860771440367762,0.001299492812716274,0.005460771440367762,0.00018227892901379107,two-phase,False,
0.06368551345897233,1.0004924990838386,2792.9053965790495,926.95462617302,1.346724960415981,1248.3529322402708,2472880.903785707,811.9905127185043,745.4644063084979,274.9572771412466,3269261.2902455255,328426.70430464344,123.6167395946525,29.29619559482628,45009.27903137714,2.171396436084073,0.03625123402281364,4655.504478339383,0.8681594756771283,5255.777756571827,18.58579313619465,274.9572771412466,0.6965603618746012,,,0.0008010555141689127,2.690226864874988e-05,0.00019026679709765115,3621.500181959646,23521.218857985048,2190448.046928745,291.51917571968335,13220592.50261731,0.08470058047183779,0.042840403581008844,0.0854069117891124,0.3641186232133271,0.931352579976687,0.004846315739748567,0.0012989748877087939,0.005446315739748566,0.00018173684024057126,two-phase,False,
0.06403393645750571,1.0004979027432885,2792.9032985412878,931.4966978363531,1.346342148597516,1254.1132655764868,2482408.8745337864,813.4896820266099,746.7831024622335,274.9652702890819,3269922.909586144,328104.8000529274,123.86333863971244,29.326214371174682,45133.03683787952,2.171465824039272,0.03625171451553862,4658.979704769321,0.8682028146538461,5261.371455801126,18.606926713564174,274.9652702890819,0.6951338714330787,,,0.0007973761441238907,2.6871713297796104e-05,0.00019006451234257786,3632.4428216776114,23595.515706789123,2198189.7044429714,291.5218279087257,13214249.378438508,0.0849960585891646,0.04272422524420143,0.08572440960245482,0.3676999038084761,0.9299445041179809,0.0048317163393717475,0.0012984490913548242,0.005431716339371747,0.00018118936272644055,two-phase,False,
0.06438867288256186,1.0005034346059898,2792.9011507504997,936.1181944271185,1.345955727602516,1259.973645502106,2492098.3742219307,815.0039279646876,748.1136749755937,274.9732984664864,3270588.1595237562,327782.52115886926,124.11124157161248,29.357205706013676,45258.62636264504,2.1715355830704173,0.03625222786919788,4662.591244026049,0.868244019681595,5267.14374412297,18.62826243629443,274.9732984664864,0.6937053036938711,,,0.0007936673942108487,2.6840936008386027e-05,0.0001898562197236008,3643.559249246584,23670.999344286633,2206060.1767065516,291.5244922641495,13207885.996411921,0.08529108966930629,0.042606916341559935,0.08604190741579726,0.37125859991609,0.9285295105640664,0.004816974867902181,0.001297915380131052,0.00541697486790218,0.00018063655754633177,two-phase,False,
0.06474983691247654,1.000509098099126,2792.898951877728,940.8204614250129,1.345565577842747,1265.9356278236276,2501951.1252121134,816.5337479744142,749.4566187953203,274.9813737274304,3271257.054356549,327459.8619942122,124.36043529846688,29.389185643670864,45386.079583975516,2.171605818984973,0.03625277482956219,4666.335255519618,0.8682832315842879,5273.0909593694905,18.649807735002987,274.9813737274304,0.6922750722300834,,,0.0007899295809528491,2.6809927861163547e-05,0.00018964209184048878,3654.8519197143623,23747.68931756138,2214060.5639316053,291.5271727948262,13201483.024736132,0.08558566927399401,0.042488478254089766,0.08635940522913968,0.37482860059251016,0.9270941269244781,0.004802091498882119,0.001297373656355175,0.005402091498882119,0.0001800784312080795,two-phase,False,
0.06511757653250944,1.0005148972543234,2792.89670035944,945.6052788016032,1.345171710504015,1272.0014703471786,2511970.8612727495,818.0791236257155,750.8118296181451,274.9894960506333,3271929.8254121887,327136.81675406476,124.6110646925171,29.422140915610267,45515.430176213966,2.17167653282301,0.036253356507188875,4670.217582381399,0.8683203110738582,5279.220171190935,18.671561702705464,274.9894960506333,0.6908422969331403,,,0.0007861626132610218,2.677869200022788e-05,0.00018942191603545317,3666.3243050274655,23825.60975720391,2222193.82831674,291.52986950342523,13195042.80328612,0.08587978889646739,0.042368902421421425,0.0866769030424821,0.3784170307764429,0.9256352147678591,0.00478706515658381,0.0012968237742945238,0.00538706515658381,0.0001795149433718929,two-phase,False,
0.06549202710324574,1.0005208359863091,2792.894394677603,950.4742559486457,1.3447741150018375,1278.17317637537,2522160.682346298,819.6401213414856,752.1793107355988,274.9976533486056,3272606.3916717344,326813.37956469593,124.86295713876484,29.456129523466483,45646.69772890195,2.1717476204289614,0.03625397428212192,4674.241601757183,0.8683551867247045,5285.535693382345,18.693524875360747,274.9976533486056,0.689407875499991,,,0.0007823665982694062,2.6747229499720074e-05,0.00018919558168002367,3677.979438162501,23904.77964949713,2230462.3545537265,291.53257838529726,13188584.048478477,0.08617344209571193,0.04224818570426347,0.08699440085582452,0.3819845127845922,0.924168724850997,0.0047718954465122525,0.001296265610079493,0.005371895446512252,0.00017894607924420948,two-phase,False,
0.06587326628894964,1.0005269173684037,2792.8920336409665,955.428246612858,1.3443726802307732,1284.451632667116,2532520.9474083874,821.2172091481968,753.5595651503102,275.005869733865,3273286.948454006,326489.5447468186,125.11635071262285,29.491097671741077,45779.909647293025,2.1718192931742992,0.03625462860828084,4678.400946005284,0.8683880585294952,5292.030908265261,18.715704521779504,275.005869733865,0.6879708814396528,,,0.0007785423557939175,2.6715531836813783e-05,0.00018896337102607778,3689.818519197772,23985.212566532347,2238866.0613506217,291.535307457585,13182069.77480354,0.08646663051190476,0.04212634453937374,0.08731189866916696,0.3855238199644947,0.9226978835133328,0.004756584434171358,0.0012956991282983403,0.005356584434171358,0.00017837191628142593,two-phase,False,
0.06626142099963145,1.000533145328483,2792.8896157266217,960.4687395636164,1.3439674922468348,1290.8387632927918,2543055.0366672464,822.8100759859769,754.952190783715,275.0141210544544,3273971.4554265183,326165.3064158581,125.37102577613084,29.52711140732079,45915.072418297386,2.1718913416250762,0.03625532114882336,4682.703476107923,0.8684187140153161,5298.714974000327,18.738095278737568,275.0141210544544,0.6865322359882653,,,0.0007746900917734349,2.6683608582530713e-05,0.0001887250031199618,3701.8442453419016,24066.923053039693,2247407.667437736,291.53804870810575,13175538.571452864,0.0867593497225448,0.04200338038880868,0.08762939648250938,0.38905846921054704,0.9212130630508589,0.004741132303288554,0.0012951242224984718,0.005341132303288554,0.00017779246137332078,two-phase,False,
0.06665662157861055,1.0005395239322772,2792.8871393582617,965.5972620703527,1.3435585021412595,1297.3364110989444,2553765.4681247226,824.4189407655115,756.3573693831911,275.0224314153137,3274660.0929185944,325840.6586568533,125.6271528737253,29.564145120262726,46052.230030670835,2.1719639775155644,0.03625605250615448,4687.149880184133,0.8684471611326449,5305.5892408440795,18.760700173814104,275.0224314153137,0.6850914505699641,,,0.000770810093237823,2.6651457321294027e-05,0.00018848047871887412,3714.059378604245,24149.93518293035,2256088.9968245733,291.54081015494256,13168953.333425783,0.08705159530778887,0.04187929473389767,0.0879468942958518,0.3926167126605486,0.9197021892654297,0.004725539240013181,0.0012945407838959636,0.005325539240013181,0.0001772077215004943,two-phase,False,
0.06705905985836809,1.0005460583326904,2792.8846025376465,970.8161322677483,1.3431455836500223,1303.9474005916222,2564656.2587852813,826.0443315101074,757.7755685010573,275.0307887303316,3275353.004548195,325515.59541124303,125.88476515755994,29.602220154445735,46191.418371858555,2.1720370966287104,0.036256824262984266,4691.740115307021,0.8684734513040784,5312.654566670481,18.783526650726795,275.0307887303316,0.6836481067933301,,,0.0007669021001508831,2.6619069427021224e-05,0.00018822981758942307,3726.468532284789,24234.27860992617,2264913.0487053674,291.54358779328106,13162334.991332415,0.08734335511004564,0.04175407112533964,0.08826439210919423,0.39617628364465035,0.9181744672324065,0.004709803177265105,0.0012939486161910457,0.005309803177265105,0.00017661761914744144,two-phase,False,
0.06746882911785926,1.000552752180281,2792.8820038499357,976.1263829803047,1.3427287315236822,1310.6729400259446,2575728.83419439,827.6862974798905,759.2068219858068,275.03919297754175,3276050.1729867263,325190.1107599727,126.14380361015567,29.641354737350934,46332.6493456474,2.1721107000443336,0.03625763751881482,4696.474123082966,0.8684975962458602,5319.9112866556825,18.806575368826582,275.03919297754175,0.6822026405902465,,,0.0007629668466186577,2.6586445974038975e-05,0.0001879730593456271,3739.073230727354,24319.964694082017,2273880.7408717503,291.5463816258845,13155683.410782147,0.08763463061415111,0.041627725158450354,0.08858188992253666,0.3997019723622933,0.9166451512388492,0.004693926074809502,0.0012933476714157316,0.0052939260748095015,0.00017602222780535633,two-phase,False,
0.06788605659437434,1.0005596097614275,2792.879341633586,981.5294814927332,1.3423080385768371,1317.5149131078506,2586986.4346195506,829.3445012444342,760.6507058164163,275.04765618977706,3276751.724540923,324864.19861307525,126.40432495135272,29.681547751570285,46475.95488086454,2.1721848945839044,0.036258493199477104,4701.359791057817,0.8685193828315969,5327.36859171,18.829840588225895,275.04765618977706,0.6807550247170308,,,0.0007590046913709135,2.6553597076793357e-05,0.00018770993273416734,3751.8760070485832,24407.013862308457,2282994.6519297357,291.54919566425,13148980.449500607,0.08792541929045683,0.04150026276706996,0.08889938773587908,0.4032158396621954,0.9151049047215902,0.004677908678314716,0.0012927378541767775,0.005277908678314716,0.00017542157543680185,two-phase,False,
0.06831088743927806,1.0005666357513412,2792.8766140762627,987.0271203758937,1.3418833605637384,1324.4752692575537,2598431.1696392857,831.0195451286038,762.1078200246562,275.0561662861295,3277457.7467772802,324537.8529141917,126.66629282125443,29.72282377528534,46621.35344906652,2.172259575786589,0.03625939282893079,4706.392193923333,0.8685389875080899,5335.021757331413,18.853331314226807,275.0561662861295,0.6793052802360245,,,0.0007550159849798923,2.6520512034003125e-05,0.00018744066012960398,3764.879899794836,24495.445356327917,2292256.1011924525,291.5520259029243,13142246.454320446,0.08821571674001868,0.04137168551867919,0.08921688554922151,0.40672471880339295,0.9135507665774797,0.004661751184756187,0.0012921190458332788,0.005261751184756187,0.00017481566942835703,two-phase,False,
0.06874347081149172,1.0005738349936315,2792.8738193004233,992.6210367286518,1.3414546708744617,1331.5561261279006,2610066.0615701303,832.7115622575502,763.5782449765375,275.06472324426215,3278168.349757234,324211.06755002576,126.92978802324066,29.765180266567576,46768.87345524727,2.172334744753257,0.036260337691405846,4711.573409210407,0.8685563781321243,5342.87372909311,18.877049187157755,275.06472324426215,0.6778529651641438,,,0.0007510010133091052,2.648719061134592e-05,0.00018716519436998526,3778.0880217089684,24585.281243814836,2301667.3190335184,291.5548723447211,13135482.547294624,0.08850551856772268,0.04124199500127524,0.08953438336256393,0.410246516981524,0.9119746681265484,0.004645453793687527,0.001291491125117927,0.005245453793687527,0.00017420451726328227,two-phase,False,
0.06918399854940938,1.0005812131549197,2792.8709551092124,998.3135114864409,1.341021886911071,1338.7602689023643,2621895.1065540803,834.4209118436283,765.0622738286647,275.07335114007066,3278883.6668144455,323883.8362822508,127.19491579690552,29.808618612392397,46918.57534348532,2.17241061461051,0.036261328676304785,4716.905185598242,0.8685715495771245,5350.927307024837,18.90099907951217,275.07335114007066,0.6763980265943004,,,0.0007469597232818163,2.645362808053768e-05,0.0001868834956302198,3791.5047344253217,24676.556641956668,2311231.2903155256,291.5577430113296,13128651.2716142,0.08879481520639995,0.04111118143109275,0.08985188117590635,0.4137751684844216,0.9103791023225921,0.00462901527564452,0.00129085391240775,0.005229015275644519,0.0001735880728366695,two-phase,False,
0.06963261635102992,1.0005887752488984,2792.868019559438,1004.1062207178453,1.3405851525585357,1346.0898910860074,2633922.3121001935,836.1470534914288,766.559249682696,275.08202584490715,3279603.6659297347,323556.1527415689,127.46145149394043,29.853205749988987,47070.46603351348,2.1724869748235243,0.03626236763612993,4722.3984225966105,0.8685842010970576,5359.195064081983,18.925171998096893,275.08202584490715,0.6749413888745884,,,0.0007428924372897662,2.6419839145994542e-05,0.00018659518603868872,3805.132936640845,24769.287652059087,2320951.2665937347,291.5606298876944,13121791.183616027,0.08908360386280648,0.04097925023949258,0.09016937898924877,0.4172798482912811,0.9087780412234912,0.0046124363131521025,0.0012902072986413313,0.005212436313152102,0.00017296636174320384,two-phase,False,
0.07008945885943399,1.0005965262116978,2792.865010738211,1010.000690259746,1.3401442263830334,1353.546593694477,2646148.4427274955,837.8909780343283,768.0702225228943,275.09075938131963,3280328.6323734997,323228.0107620486,127.72966637381879,29.898889208524164,47224.57651156805,2.1725639327120687,0.03626345561269295,4728.04129926526,0.8685947082427556,5367.664660642406,18.94958328182341,275.09075938131963,0.6734817062694822,,,0.0007387998349362478,2.6385804508936296e-05,0.00018630075893755988,3818.9751435525623,24863.494834806927,2330827.261422981,291.5635369865959,13114885.743305467,0.08937188382622477,0.040846211223615064,0.09048687680259121,0.420766460164655,0.9071689952817533,0.004595718137355238,0.0012895511938538931,0.005195718137355238,0.00017233943015082143,two-phase,False,
0.07055469253917628,1.0006044716332094,2792.861926479068,1015.9988487226775,1.3396992055278647,1361.1328504509963,2658577.7428258075,839.6523320262438,769.5947276717557,275.0995396772592,3281058.494228519,322899.40397024853,127.99938231224075,29.94572876728183,47380.92832611913,2.1726413833988527,0.036264594280519744,4733.843138503236,0.8686028245437876,5376.347045171643,18.974226761833858,275.0995396772592,0.6720198789974487,,,0.0007346821433842119,2.6351534967724557e-05,0.00018599989762529818,3833.0347851019733,24959.200224314547,2340862.652710615,291.5664603014917,13107953.673182549,0.08965965072873204,0.04071206606330812,0.09080437461593363,0.424247731719814,0.9055461678625738,0.004578860959349841,0.001288885465659202,0.00517886095934984,0.00017170728597561903,two-phase,False,
0.0710284885483236,1.0006126173101486,2792.8587645354855,1022.1026764395772,1.3392499972223386,1368.8510065826486,2671213.1538859075,841.4315156673854,771.1331331708288,275.10840283377775,3281793.5000112033,322570.32598857756,128.270824579259,29.993690219008432,47539.581928614876,2.1727196471740156,0.036265784299668154,4739.802931715096,0.8686086161373409,5385.241885159245,18.999108222843947,275.10840283377775,0.6705553876896004,,,0.0007305396973016887,2.6317024680075e-05,0.0001856926803521713,3847.315376567067,25056.435913787023,2351059.471054745,291.5694118664872,13100939.345427701,0.08994690020768877,0.04057681646032691,0.09112187242927605,0.42772359440102875,0.9039095788809101,0.004561864992984773,0.001288209978701312,0.005161864992984773,0.000171069937236929,two-phase,False,
0.07151102289327599,1.0006209692549197,2792.855522577455,1028.314207072872,1.3387966773149116,1376.703643664879,2684058.956827889,843.2282595284946,772.6850635597139,275.1173126918262,3282533.644717238,322240.7702793267,128.54379080819822,30.04283985063141,47700.54117709511,2.172798406602287,0.03626702793698855,4745.9287106223765,0.868611876148368,5394.3587624925285,19.024222818141972,275.1173126918262,0.669088744541011,,,0.0007263727415857866,2.6282282581509062e-05,0.00018537884557347052,3861.820521043765,25155.220476195933,2361421.0743237096,291.5723796547769,13093900.895014746,0.0902336279060222,0.04044046413861268,0.09143937024261849,0.43120215159069203,0.9022553432723787,0.004544730454896879,0.0012875245945788358,0.005144730454896879,0.00017042739205863297,two-phase,False,
0.07200249520712276,1.0006295340304707,2792.8521980615237,1034.635768651966,1.3383390174917285,1384.6934180794713,2697117.872786336,845.0435080143372,774.2514695349328,275.1262812654568,3283279.12013857,321910.7303675061,128.81848492203187,30.093153725107516,47863.854772683386,2.1728777694155794,0.0362683265038428,4752.212796072248,0.8686128759383914,5403.6901686680085,19.049584746531906,275.1262812654568,0.6676190417137587,,,0.0007221815218757741,2.6247291300721298e-05,0.00018505872261112568,3876.5544693941497,25255.586311484934,2371949.1065361737,291.5753676802032,13086820.884928714,0.09051982697253894,0.04030300566435947,0.09175686805596091,0.43469119193685374,0.9005795731930174,0.004527456913581377,0.001286829145472539,0.005127456913581377,0.00016977963425930166,two-phase,False,
0.07250311036468185,1.0006383184447047,2792.8487883494345,1041.069745991853,1.3378771279740982,1392.8234017883044,2710395.2501834705,846.8768534268302,775.831802284049,275.1353205605608,3284029.988842794,321580.199549643,129.0948222033403,30.14467578899969,48029.57222904962,2.172957843739216,0.03626968135645811,4758.6670650992655,0.8686113064329718,5413.250040930582,19.075186846838353,275.1353205605608,0.6661471279328446,,,0.0007179661102161681,2.6212063033231747e-05,0.00018473190642198596,3891.5215613582523,25357.566512610705,2382647.857188639,291.5783799576239,13079680.63854354,0.09080549056422306,0.04016443782409596,0.09207436586930333,0.4381655165232141,0.8988943097661398,0.004510043965221551,0.0012861234606709956,0.005110043965221551,0.00016912664869580816,two-phase,False,
0.07301302158673093,1.0006473285492388,2792.8452910967776,1047.6178498887473,1.337410937557171,1401.095570821337,2723893.267311512,848.7286126643871,777.4263655053758,275.14441850811886,3284786.3827412617,321249.17122687126,129.37283981282894,30.197408781005866,48197.706508754,2.173038524559141,0.036271094230154614,4765.289079865442,0.8686072619199812,5423.036371495128,19.101033809193527,275.14441850811886,0.6646725860465629,,,0.000713727186657074,2.6176593633342754e-05,0.00018439854197848586,3906.724528987586,25461.178690976332,2393518.677039581,291.5814124801311,13072500.862056065,0.09109061949634278,0.04002477317550862,0.09239186368264576,0.44161721277008853,0.8972035651875099,0.0044924931878628244,0.001285407446478987,0.005092493187862824,0.00016846849454485593,two-phase,False,
0.07353242588776841,1.0006565713159312,2792.841703602245,1054.282343864321,1.3369403384195413,1409.5125935957126,2737615.1903434484,850.5992555516727,779.0355956873257,275.15359914081563,3285548.5243648873,320917.63875961595,129.65272003803267,30.2513310210611,48368.312646975945,2.173120027085551,0.03627256624095666,4772.077194321264,0.8686008298986739,5433.04823174161,19.127132370904032,275.15359914081563,0.6631949194308066,,,0.0007094651048480293,2.614087623299947e-05,0.00018405873781088107,3922.167351651488,25566.456078092833,2404563.784348666,291.58447327479604,13065245.141946329,0.0913752094482254,0.039884013542051316,0.09270936149598819,0.4450631180027071,0.8954992021178514,0.0044748048106471655,0.0012846809515816816,0.005074804810647165,0.00016780518039926872,two-phase,False,
0.07406152599929419,1.0006660539836354,2792.8380230612265,1061.0655537161413,1.3364696817362423,1418.081942876301,2751600.5779115227,852.4701961284325,780.638839431077,275.1628263286747,3286316.306179869,320585.59114149323,129.9341849960104,30.306528727636277,48541.397871734385,2.17320203249854,0.03627409982963667,4779.301483318179,0.8685841220212053,5443.582893327298,19.15319927413288,275.1628263286747,0.6617150828160228,,,0.0007051778672054001,2.6105299320686802e-05,0.0001837025392275724,3937.8541102835957,25673.420584972057,2415822.259202071,291.5875503112142,13057970.465458037,0.09165925610662892,0.03974216077095716,0.0930268593093306,0.44850315774688865,0.8937812470012276,0.004456979065704736,0.0012839438212053312,0.0050569790657047356,0.0001671367149639276,two-phase,False,
0.07460053056583346,1.0006757840700824,2792.8342465612136,1067.9698695231477,1.336001681534988,1426.809541511627,2765872.9174492136,854.3324094352004,782.225873026938,275.1721361290297,3287090.0690113623,320253.0150039983,130.21753951221305,30.3629526810724,48717.028712973464,2.173284863197726,0.036275695939487936,4787.099612208438,0.8685530566618767,5454.792492745405,19.17907207322388,275.1721361290297,0.6602321127049124,,,0.0007008643907304926,2.6070082957665906e-05,0.00018332503048098508,3953.7889904550007,25782.109399158562,2427316.747272816,291.5906556289372,13050622.280344957,0.09194275516610932,0.03959921673355852,0.09334435712267303,0.45193725652612626,0.8920497274051701,0.0044390161881940945,0.0012831958970258045,0.005039016188194094,0.00016646310705727854,two-phase,False,
0.07514965434902034,1.000685769384373,2792.8303710769815,1074.997747728256,1.3355293398187735,1435.691032330186,2780383.4767320426,856.2134986992492,783.8272535288816,275.1815164739063,3287869.8654898815,319919.9033145558,130.5026753736122,30.420650566712006,48895.233583047244,2.173368414127103,0.03627735658165211,4795.07902401577,0.8685193140084106,5466.247476741428,19.205192023623784,275.1815164739063,0.6587464709493622,,,0.0006965286941835657,2.603462643773432e-05,0.00018294085737152282,3969.9762855617087,25892.550823132256,2438996.5044073532,291.5937852209379,13043220.495885028,0.09222570232940233,0.039455183325614006,0.09366185493601546,0.4553653378357237,0.8903046720633095,0.0044209164163432945,0.0012824370170741294,0.005020916416343294,0.00016578436561287354,two-phase,False,
0.07570911844012349,1.0006960180401103,2792.8263934655174,1082.1517133014572,1.3350525744734756,1444.7294308139928,2795136.4422974032,858.1136488635327,785.443100609669,275.190967326332,3288655.8428653353,319586.2489793597,130.78968083925048,30.47962480335816,49076.05152062029,2.173452687113424,0.03627908355429817,4803.242145814051,0.8684828729045423,5477.951506662876,19.23156291963721,275.190967326332,0.6572577134662316,,,0.0006921711281513644,2.599892697693611e-05,0.00018254999132133462,3986.4204001313165,26004.776391899366,2450864.551578053,291.59693909187774,13035766.624595324,0.09250809330782035,0.039310062467642945,0.09397935274935788,0.4587873241159247,0.8885461109197144,0.004402679991491913,0.0012816670156389305,0.005002679991491913,0.00016510049968094677,two-phase,False,
0.07627915048141831,1.000706538469218,2792.8223104606814,1089.4343619869878,1.3345713906572318,1453.9279315067486,2810136.5566662666,860.0328676208021,787.0733267441335,275.2004886490748,3289448.103500376,319252.04478880885,131.07849547202986,30.5399130409482,49259.52247028991,2.173537683997472,0.0362808787003225,4811.594310879698,0.8684436206532823,5489.911453641936,19.258184213470855,275.2004886490748,0.655766275485499,,,0.0006877920000915523,2.5962987707338284e-05,0.00018215230035023845,4003.125853254114,26118.818480242455,2462924.435672029,291.60011724645335,13028261.736355204,0.09278992382166559,0.03916385610526726,0.0942968505627003,0.46221465291348146,0.8867680726278263,0.004384307158134011,0.0012808857231656424,0.0049843071581340105,0.0001644115184300254,two-phase,False,
0.07686001384276295,1.0007173399767852,2792.818118457911,1096.8487319488436,1.334085735737095,1463.2902475542726,2825389.221610393,861.9713665351687,788.718044406588,275.21009242331843,3290246.7768914183,318917.28338331037,131.36918192517444,30.601531255199976,49445.70612600355,2.1736235141088374,0.036282743761910416,4820.139917218346,0.8684014857515168,5502.133337367375,19.28505861243415,275.21009242331843,0.6542721247322182,,,0.0006833914198986764,2.5926807382250953e-05,0.00018174768561288147,4020.0981266532776,26234.718482253164,2475180.1771636,291.6033237026159,13020687.896812811,0.09307118576142197,0.0390165589112639,0.09461434837604274,0.4656390483753123,0.8849747321975546,0.004365797246830998,0.001280092926728696,0.004965797246830998,0.00016371739675616242,two-phase,False,
0.07745193014363405,1.0007284313152984,2792.813814067593,1104.3973138347524,1.3335954670194194,1472.819251518449,2840897.608029782,863.9297333490188,790.3778245872309,275.2197665883342,3291052.0666180383,318581.9575089029,131.66178127722966,30.664490149285708,49634.62828196027,2.1737100720519624,0.03628468086071853,4828.87479521203,0.8683566297120237,5514.613551936067,19.31219499163905,275.2197665883342,0.6527748444113085,,,0.0006789699407914575,2.5890376532365594e-05,0.00018133636937241426,4037.3413950130184,26352.504155151586,2487633.761821249,291.6065544524488,13013066.449922508,0.09335187751865898,0.038868178076077405,0.09493184618938516,0.4690445657565222,0.8831744988020632,0.004347151161160781,0.0012792884761644381,0.004947151161160781,0.0001630181685435293,two-phase,False,
0.07805513711868482,1.0007398217579933,2792.8093936985133,1112.0827898747057,1.3331006127611993,1482.5182486231542,2856666.6422257833,865.90789020685,792.0524870374686,275.22952312041895,3291864.1091606715,318246.05977751646,131.95635770278065,30.72879770716494,49826.33841018577,2.1737974673970566,0.03628669169445453,4837.805296264502,0.8683089100715436,5527.360124586647,19.33959141536492,275.22952312041895,0.651274401671792,,,0.0006745279533177558,2.5853700280490928e-05,0.00018091819195058929,4054.8602220230428,26472.210910249556,2500288.8720690203,291.6098135145183,13005379.542859305,0.09363199630401689,0.0387187184077395,0.09524934400272758,0.4724392729726288,0.8813632244160712,0.004328369505318449,0.0012784722047456737,0.004928369505318449,0.00016231385644944183,two-phase,False,
0.07866989091618126,1.0007515211608058,2792.804853533867,1119.9080619225088,1.3326011409002636,1492.3907610213382,2872701.19965722,867.9060437266776,793.7421536812687,275.23936197470255,3292683.0444275765,317909.5827081198,132.2529268446402,30.794476285719586,50020.88042309285,2.1738857023633926,0.03628877830112789,4846.934433807355,0.868258285230356,5540.377497683665,19.367250004674393,275.23936197470255,0.649770791320127,,,0.0006700657938378258,2.5816778318001898e-05,0.00018049311629362484,4072.65961943428,26593.874778216563,2513149.0351477987,291.61310089448455,12997628.631711038,0.09391153789212728,0.03856818196479408,0.09556684181607002,0.47582744931181326,0.8795386509309376,0.004309452537988253,0.0012776439265803799,0.004909452537988253,0.0001616044701745595,two-phase,False,
0.07929645548499567,1.000763539778585,2792.8001896026217,1127.8761151740596,1.3320969491301278,1502.4403320201054,2889005.8363240347,869.9246019647264,795.447172048078,275.24928310596,3293509.015869309,317572.51878928894,132.55150452184353,30.861548855430094,50218.29927268137,2.1739747791902397,0.03629094277066742,4856.262334046851,0.8682048024357646,5553.666975079732,19.39517676400261,275.24928310596,0.6482640081440677,,,0.0006655838363014726,2.5779605212363855e-05,0.00018006121081569595,4090.744732661637,26717.53277471614,2526217.4143202947,291.616416598056,12989815.204762988,0.0941904980692834,0.0384165708328471,0.09588433962941244,0.47920900965590146,0.8777008175139238,0.004290400521255171,0.0012768034513813101,0.004890400521255171,0.00016089001954706892,two-phase,False,
0.07993510285857716,1.0007758882839173,2792.795397772261,1135.9900210008857,1.3315880916210399,1512.6707841651144,2905586.4714303166,871.9633820775891,797.1672273424372,275.25928646861144,3294342.0972615024,317234.8603337413,132.8520297383486,30.930056945106234,50418.640979576645,2.1740647001368747,0.03629318724652288,4865.7978009907365,0.8681482552452382,5567.239437985019,19.423367964026983,275.25928646861144,0.6467544869711315,,,0.0006610823785771259,2.5742188529096714e-05,0.0001796222366828784,4109.120845080069,26843.22293291515,2539498.5110234646,291.61976063098865,12981940.067227207,0.09446887263397273,0.0382638871249612,0.09620183744275486,0.4825838675992185,0.8758497649328794,0.0042712137206544825,0.0012759505843433082,0.004871213720654482,0.0001601705145245431,two-phase,False,
0.08058611345128636,1.0007885777869727,2792.7904737411245,1144.252939898046,1.3310743934423095,1523.085787919371,2922447.274229915,874.023128257481,798.9030343880323,275.2693840222057,3295182.6339650443,316896.5996964909,133.15472192599722,30.99997749072087,50621.96284723529,2.1741555755936663,0.036295513682953785,4875.536566926614,0.8680888205711722,5581.091421814092,19.451834547150792,275.2693840222057,0.6452413134091524,,,0.0006565618351452557,2.570451639345439e-05,0.00017917642346646195,4127.793382489111,26970.986891832614,2552995.0100318533,291.62313701395044,12973987.46447855,0.09474665739743068,0.038110132982059675,0.09651933525609728,0.4859519354131342,0.873985535617283,0.004251892405222546,0.001275085126016431,0.004851892405222546,0.00015944596519584548,two-phase,False,
0.08124977636772163,1.000801619856435,2792.78541303034,1152.6681245517245,1.330555943986434,1533.6894245659923,2939594.755965771,876.1035158479128,800.6541146738107,275.2795637104508,3296030.6597165023,316557.7290173644,133.45947144786518,31.071364757903538,50828.30302104067,2.174247299968047,0.036297924581978384,4885.489628626519,0.868026230495132,5595.236294897697,19.480570489768105,275.2795637104508,0.6437249508701697,,,0.0006520224916351515,2.5666599459323738e-05,0.00017872346176191008,4146.767917753632,27100.86229307984,2566711.9198758095,291.6265417384936,12965977.034137063,0.09502384818421636,0.037955310573339694,0.09683683306943972,0.4893131240089317,0.8721081737219414,0.004232436847548715,0.0012742068721747104,0.004832436847548715,0.00015871638178307682,two-phase,False,
0.08192638972569714,1.0008150265415823,2792.780210975306,1161.2389230320528,1.3300325488595721,1544.4855646352655,2957033.2044785307,878.2053698845498,802.4212680426784,275.2898254866551,3296886.3333767373,316218.24049327674,133.76629485553795,31.144244371334377,51037.71091363571,2.174339875582602,0.03630042225786233,4895.65171454512,0.867960692485226,5609.669554409588,19.509587978284625,275.2898254866551,0.642205394065232,,,0.0006474647759081858,2.5628424370444465e-05,0.0001782636196839671,4166.050175628842,27232.890431388474,2580651.950540038,291.62997481052446,12957910.403895985,0.09530044083281126,0.0377994220966955,0.09715433088278214,0.49266734289959124,0.8702177251931017,0.004212847323828527,0.0012733156136803877,0.004812847323828527,0.00015798177464356977,two-phase,False,
0.08261626099357627,1.000828810395591,2792.7748627167116,1169.9687821170432,1.3295043376059306,1555.4785706881369,2974769.7972077373,880.3282027208029,804.203827950156,275.3001933010478,3297749.866205804,315878.12606083165,134.07530888197476,31.21861939145504,51250.25774647847,2.174433521664404,0.03630300860303921,4906.03679586314,0.8678918580782334,5624.4079305321775,19.53887835644194,275.3001933010478,0.6406825783203578,,,0.000642888959606563,2.5590005264306827e-05,0.00017779649206656686,4185.646037778141,27367.118948550706,2594820.6930542793,291.63344426743447,12949751.349846598,0.09557643119624197,0.03764246977915143,0.09747182869612456,0.49601450015994447,0.8683142378373628,0.004193124113918113,0.0012724111363434326,0.004793124113918113,0.00015724215427192925,two-phase,False,
0.08331970734270343,1.0008429845001376,2792.769363191049,1178.8612507538032,1.328971141933159,1566.6725825950339,2992809.3284190698,882.4727500584022,806.0024882740414,275.3106430996886,3298621.3771307766,315537.377686261,134.3864310034883,31.29454005578584,51465.97491169522,2.1745280241409284,0.036305686541522726,4916.6409659861,0.8678198956621015,5639.4484965862175,19.568452223025808,275.3106430996886,0.6391565568625219,,,0.0006382954620572996,2.555133100469029e-05,0.00017732230387516434,4205.561547992765,27503.58636855928,2609221.266298976,291.6369420849467,12941539.503407585,0.09585181514272773,0.03748445587730539,0.09778932650946699,0.4993545023854395,0.8663977613933396,0.00417326750138993,0.0012714932207761633,0.00477326750138993,0.00015649753130212238,two-phase,False,
0.08403705601570657,1.0008575624913827,2792.7637071206036,1187.9199836635266,1.328432941040412,1578.072037618817,3011158.0434774924,884.6391274461,807.817249294136,275.3211988226696,3299501.164412828,315195.9872151259,134.69985792522425,31.37199238894928,51684.93629892336,2.1746236027386665,0.036308458097103306,4927.4698117318,0.8677447035115728,5654.7988305480285,19.598310506812997,275.3211988226696,0.6376268237905122,,,0.0006336846329961711,2.551240321588864e-05,0.00017684095048578168,4225.802917622685,27642.342831066453,2623858.213564564,291.64047630172763,12933239.521595592,0.09612658855635378,0.03732538267778298,0.09810682432280941,0.5026872546495682,0.8644683476061342,0.004153277773589825,0.0012705616422427654,0.004753277773589825,0.00015574791650961844,two-phase,False,
0.08476864471154558,1.0008725585874223,2792.7578890028717,1197.1487450971265,1.3278896223566663,1589.6813950317803,3029821.5645776805,886.827823993141,809.6485252155828,275.33184841602025,3300389.4061227757,314853.94645981514,135.01555844785287,31.45101631282638,51907.18614183318,2.1747201517702828,0.036311326082736295,4938.523355141435,0.8676663400688894,5670.460414459894,19.628460044124537,275.33184841602025,0.636093402643699,,,0.000629056868329272,2.547321587511227e-05,0.00017635252288332023,4246.376531228784,27783.43197074952,2638735.387416197,291.6440429090619,12924872.414381258,0.09640074733777212,0.03716525249770246,0.09842432213615183,0.5060126604594836,0.8625260503049837,0.004133155221695466,0.0012696161705035066,0.004733155221695466,0.00015499332081357996,two-phase,False,
0.08551482198813663,1.0008879876173036,2792.7519030993863,1206.551412748728,1.3273412461922536,1601.5054557929207,3048807.188410099,889.0386329497035,811.4959493329809,275.3426038131611,3301286.205933488,314511.24702742544,135.3335223827494,31.531647719905408,52132.79080426026,2.174817782917476,0.03631429290213262,4949.812033281756,0.8675845661709722,5686.4462637161605,19.658896534195996,275.3426038131611,0.6345566972386019,,,0.0006244124841303712,2.5433777482386494e-05,0.00017585675721245417,4267.288952466788,27926.90399397093,2653858.2813382754,291.64764593091166,12916420.147850713,0.09667428740492999,0.037004067685151,0.09874181994949427,0.5093306217099868,0.8605709254840755,0.004112900140776189,0.0012686565696534264,0.004712900140776189,0.00015423375527910712,two-phase,False,
0.0862759476835315,1.0009038650517015,2792.745743423896,1216.1319818346262,1.3267877131584858,1613.5489710772608,3068121.0056447666,891.2719978849655,813.359877829218,275.3534649506123,3302191.7503071753,314167.88047426,135.65376831883597,31.613916689246597,52361.80768897993,2.174916499339745,0.03631736127024116,4961.336973485104,0.8674994122914856,5702.759172012043,19.689625975069603,275.3534649506123,0.6330167009333032,,,0.000619751874857796,2.539408319046205e-05,0.00017535371384921745,4288.54693021404,28072.80788084304,2669231.108186719,291.65128537530865,12907884.660174156,0.0969472046938279,0.03684183061967268,0.09905931776283669,0.5126410386358358,0.8586030313866657,0.004092512829854324,0.0012676825979552762,0.0046925128298543235,0.00015346923111953713,two-phase,False,
0.08705239335663413,1.0009202070353693,2792.73940372987,1225.894569345754,1.3262289160288077,1625.8168258690214,3087769.212984776,893.5283955436796,815.2407009021067,275.36441977993326,3303106.392180678,313823.83831135865,135.9764251868497,31.697828495109626,52594.28505873763,2.175016195093786,0.03632053421011912,4973.0988743512335,0.8674109216751348,5719.401501704456,19.720654868696887,275.36441977993326,0.6314725567807032,,,0.0006150754402885985,2.5354127605248198e-05,0.00017484346914655092,4310.157404950866,28221.191364571107,2684858.1259376113,291.6549572328621,12899288.618412515,0.0972194951593083,0.036678543712768304,0.09937681557617911,0.5159438097621604,0.8566224285927304,0.004071993591967996,0.0012666940076664734,0.004671993591967996,0.00015269975969879984,two-phase,False,
0.08784454274851447,1.0009370304214738,2792.7328774972775,1235.8434184821301,1.3256648727309466,1638.314208077491,3107759.3190263,895.807792123602,817.1382341699002,275.3754922076732,3304030.2196481526,313479.11187668773,136.3014540287621,31.78342847681354,52830.30430932177,2.1751170915568543,0.03632381411567804,4985.106306432155,0.8673189154804157,5736.384358529736,19.75198157879099,275.3754922076732,0.6299250774419906,,,0.0006103835241552765,2.5313915872465328e-05,0.00017432583618861707,4332.127515408849,28372.1116703861,2700744.861545874,291.6586695464583,12890594.75301954,0.09749115477587608,0.0365142094084076,0.09969431338952153,0.5192388318530591,0.8546291801102222,0.004051342734235501,0.0012656905448598164,0.004651342734235501,0.00015192535253383128,two-phase,False,
0.0886527922654454,1.0009543528079428,2792.726157918595,1245.9829032782154,1.3250955213334383,1651.046364791998,3128098.327930769,898.1104798635135,819.0526540163232,275.3866701817871,3304963.4662224483,313133.6924113336,136.6289046444629,31.870742262263587,53069.91673658205,2.17521908297043,0.036327204165444445,4997.362979795031,0.8672233543279817,5753.713531731279,19.78360961998252,275.3866701817871,0.628373846192526,,,0.0006056765099543294,2.527344653500304e-05,0.00017380079743022978,4354.464605499065,28525.61955844306,2716896.2609885545,291.66241830716916,12881824.5736156,0.09776217953855235,0.03634883018355412,0.10001181120286397,0.5225259998579036,0.8526233514703302,0.0040305605679212585,0.0012646719492377051,0.004630560567921258,0.0001511460212970472,two-phase,False,
0.08947755148485774,1.000972192575959,2792.719237883985,1256.3175334286311,1.3245208207806605,1664.0187305380252,3148793.643301933,900.4366658700046,820.9840376656921,275.3979656133908,3305906.3935961784,312787.571035269,136.95884889216808,31.95979133104671,53313.19643131327,2.1753222821245433,0.036330707152018936,5009.874243761073,0.8671241552781803,5771.396677076612,19.815541124736594,275.3979656133908,0.6268188245885863,,,0.0006009547739145167,2.5232719957156682e-05,0.00017326828425637353,4377.176231534049,28681.772758804967,2733317.610129597,291.6662075417756,12872961.647419875,0.09803256546376281,0.03618240854870335,0.10032930901620639,0.5258052068561122,0.8506050108264124,0.004009647408503435,0.00126363795393959,0.004609647408503435,0.0001503617778188788,two-phase,False,
0.09031924368548756,1.000990568930738,2792.712109965612,1266.8519593242027,1.3239406199199906,1677.2367683745395,3169851.8689572625,902.7870089142791,822.9329645365385,275.40937842850036,3306859.248841574,312440.7388555246,137.29139002468884,32.05059085618389,53560.20852885794,2.175426692714452,0.0363343261865479,5022.638997314731,0.8670214204857459,5789.434372114488,19.847785379301772,275.40937842850036,0.6252595642390577,,,0.0005962187443393159,2.5191727462018213e-05,0.0001727284456002509,4400.270169758068,28840.6279737051,2750013.315535842,291.67003725965475,12864008.51125602,0.09830230859026261,0.036014947048434116,0.10064680682954881,0.5290763439990022,0.8485742290575701,0.003988603575743237,0.0012625882853423657,0.004588603575743237,0.00014957263409037138,two-phase,False,
0.0911783064030679,1.0010095019447534,2792.7047664010083,1277.5909773088486,1.3233550088666386,1690.7064191044888,3191282.0598693136,905.161178816104,824.8989017042327,275.42090855240747,3307822.138752086,312093.1867184656,137.62638607971417,32.1432143225703,53811.01982762154,2.175532318476499,0.03633806446695024,5035.6706193030295,0.8669148414254729,5807.843261499896,19.880335910612335,275.42090855240747,0.6236969391341032,,,0.0005914687427103204,2.515048046713812e-05,0.00017218095512821165,4423.754424201058,29002.2436137183,2766990.1860682373,291.6739074702811,12854966.339833379,0.09857140498009875,0.03584644826197413,0.10096430464289124,0.5323393004498671,0.8465310798763067,0.003967429393755978,0.0012615226628534054,0.004567429393755978,0.00014877860226584916,two-phase,False,
0.09205519201300708,1.0010290126035672,2792.697199075441,1288.5395351684522,1.3227637977678879,1704.4334491134907,3213090.9085125993,907.5599939919623,826.8825994740635,275.43256787895274,3308795.5154231973,311744.90549028275,137.9640748535509,32.23764766004251,54065.70969643607,2.175639273060251,0.03634192505308129,5048.966203352695,0.8668045761441234,5826.622040837486,19.913204483814457,275.43256787895274,0.6221300277858512,,,0.0005867052189806059,2.5108967288836022e-05,0.00017162602842456993,4447.637234872505,29166.68262827019,2784252.572361489,291.67782220262103,12845820.595464101,0.09883985071961197,0.03567691480377985,0.10128180245623367,0.5355939633214319,0.8444756399409286,0.003946125191083945,0.0012604407986959287,0.0045461251910839445,0.00014797969466564794,two-phase,False,
0.09295036834158987,1.0010491228544467,2792.689399503225,1299.702737863461,1.3221669523221753,1718.4240078457192,3235286.785212255,909.9836351278007,828.8840890649612,275.444332390837,3309779.422082721,311395.88589576475,138.30429330212812,32.333971560401665,54324.32675371008,2.17574734066594,0.03634591178232291,5062.531921715621,0.8666905240450956,5845.779502099003,19.946392688224233,275.444332390837,0.6205593274449093,,,0.0005819285551379356,2.5067189231423556e-05,0.000171063585214074,4471.927086312461,29334.001518735786,2801806.4349092795,291.68177342788266,12836609.939328574,0.09910764192048,0.0355063493241312,0.10159930026957609,0.5388402176105768,0.8424079889729122,0.003924691300771136,0.0012593423976863629,0.004524691300771136,0.00014717592377891763,two-phase,False,
0.0938643193073399,1.0010698556579622,2792.681358807876,1311.085853517671,1.3215644556986248,1732.6844623782479,3257878.4845370576,912.4322105784524,830.9033156993012,275.45623791110546,3310774.2965943194,311046.11849616974,138.647302774075,32.432168722713534,54586.97582416151,2.1758568551578468,0.03635002745139797,5076.375776770927,0.8665725387743946,5865.326535716079,19.979900925715675,275.45623791110546,0.6189842922753883,,,0.000577139128163832,2.5025149116553495e-05,0.00017049349152355644,4496.632716517949,29504.272562866227,2819658.0909621934,291.6857732150071,12827281.619025907,0.09937477472080361,0.03533475450974152,0.10191679808291852,0.5420779461308364,0.840328209879077,0.003903128060439907,0.0012582271570033595,0.004503128060439907,0.00014636730226649653,two-phase,False,
0.09479754559428655,1.001091235042769,2792.6730677010582,1322.6943196763252,1.320959828899083,1747.2260622054275,3280910.573155531,914.8905390829709,832.9422659691604,275.46827238484195,3311780.247231045,310695.58989189257,138.9929920079283,32.53231016140743,54853.72019269981,2.1759677109588296,0.03635427586790395,5090.505151003958,0.8664754437975913,5885.315926686884,20.018180057308644,275.46827238484195,0.6174053870091664,,,0.0005723357850659318,2.497729556675907e-05,0.0001699144128296518,4521.763126263948,29677.558949792114,2837824.2358917207,291.68981755547657,12817855.889972487,0.0996412452862378,0.035162133084383485,0.10223429589626094,0.5453070294417065,0.8382363888793315,0.003881435812369627,0.001257094765948099,0.004481435812369627,0.00014555384296386102,two-phase,False,
0.0957505653590033,1.0011132861637988,2792.6645164602223,1334.5337498474557,1.3203550280643477,1762.0583467326567,3304410.339136264,917.3518486001858,835.0026249906327,275.4804476842024,3312797.6757361204,310344.2846592497,139.34152097888042,32.63440471220838,55124.647007012,2.176080022806028,0.03635866049157519,5104.920482659081,0.8664112888244803,5905.771876717865,20.063397044297975,275.4804476842024,0.6158221290753938,,,0.0005675180971471669,2.4921004099956252e-05,0.00016932587659578723,4547.327588839458,29853.931525922635,2856316.223433603,291.6939104810103,12808317.783707429,0.09990704981116984,0.03498848780953125,0.10255179370960336,0.5485273457749107,0.8361326156400858,0.0038596149035773726,0.001255944905695501,0.004459614903577372,0.00014473555888415147,two-phase,False,
0.09672391497340553,1.0011360353641015,2792.655694904843,1346.6099403412077,1.3197444553282136,1777.1810022551654,3328334.8234585337,919.8386778227216,837.0815587640964,275.49275175768406,3313826.8494797912,309992.1928463227,139.69286264200463,32.73850627530229,55399.82340296841,2.1761936849691916,0.03636318533758568,5119.626551496058,0.8663435154264602,5926.640242707919,20.10905443132162,275.49275175768406,0.6142345424201673,,,0.0005626888869119372,2.4864421234108654e-05,0.00016872966116517537,4573.335660220209,30033.45763970366,2875124.9673730233,291.6980479826799,12798689.056775512,0.1001721845199465,0.0348138214850195,0.10286929152294579,0.5517486572760648,0.8340104430965235,0.0038376656859007464,0.0012547772490359404,0.004437665685900746,0.00014391246322127799,two-phase,False,
0.09771818551575678,1.0011595110880638,2792.646592042567,1358.929319590979,1.319128086135188,1792.6018325450414,3352695.1010971847,922.3511141353481,839.1789546230184,275.5051964701469,3314868.0441201306,309639.30423367757,140.0470948220349,32.844652322815534,55679.35031078304,2.1763088125581946,0.036367854262236717,5134.634037649126,0.8662719221040871,5947.935401647552,20.155152401688966,275.5051964701469,0.6126425849725367,,,0.0005578483642294691,2.4807552432999758e-05,0.0001681255650024384,4599.798138250116,30216.218972548726,2894258.4647413357,291.7022340931391,12788953.534962734,0.10043664149039845,0.03463813068830136,0.10318678933628822,0.5549708663219591,0.8318697840009903,0.003815587729249825,0.0012535914176410208,0.004415587729249825,0.00014308453984686846,two-phase,False,
0.09873395395857101,1.0011837423257097,2792.637196672739,1371.4980916020386,1.3185058069442306,1808.328197990218,3377500.545089571,924.8896556880127,841.2951913009306,275.51778172404653,3315921.486473488,309285.6085439239,140.40424356057008,32.952887286324454,55963.31051064197,2.17642541048195,0.03637267129759398,5149.945923540519,0.8661965260902139,5969.663135923774,20.201699776734976,275.51778172404653,0.61104624739577,,,0.000552996962117498,2.4750392567254093e-05,0.0001675136397533519,4626.725212573112,30402.29050405364,2913723.0640817885,291.7064688247954,12779113.582902545,0.10070041689113488,0.034461418281662645,0.10350428714963064,0.5581756415635909,0.8297228170690942,0.0037933813933100505,0.001252387065356979,0.00439338139331005,0.00014225180224912692,two-phase,False,
0.09977178676088663,1.0012087587124217,2792.627497347956,1384.3222802863743,1.317877593262362,1824.367315043272,3402760.773210402,927.4544342525492,843.4302459859655,275.5305313160064,3316987.5831842558,308931.0953845129,140.76444101234915,33.0632262848483,56251.803258935106,2.176543705580625,0.036377640001101136,5165.569488623955,0.8661172089525155,5991.833919458742,20.248697686995087,275.5305313160064,0.6094454526411146,,,0.0005481352311863147,2.4692946071348066e-05,0.00016689381138426692,4654.12656605148,30591.749824499137,2933525.4386973907,291.71076023443004,12769135.382341718,0.10096351053156945,0.034283692484330504,0.10382178496297306,0.5613628464764517,0.827569788353741,0.003771047710939969,0.0012511638735247716,0.004371047710939969,0.00014141428916024883,two-phase,False,
0.10083230183538491,1.0012345920633814,2792.617481779417,1397.4084932590226,1.31724340593719,1840.7271231460718,3428486.491766258,930.0456488037214,845.5841431958381,275.54342123982667,3318066.637208597,308575.75416181993,141.12760876542728,33.17574106815509,56544.893262583864,2.1766634815696677,0.03638276507820742,5181.512416425141,0.8660338512838848,6014.458896904606,20.29614832870248,275.54342123982667,0.6078402581014268,,,0.0005432635763474022,2.4635216096292923e-05,0.0001662659961837396,4682.01300596971,30784.670877029384,2953673.078683025,291.7151002919304,12759059.973435273,0.10122591874073956,0.03410495624272143,0.1041392827763155,0.5645406941212721,0.8254052366450508,0.0037485870523971962,0.001249921478256042,0.004348587052397196,0.00014057201446489488,two-phase,False,
0.10191613966764267,1.001261275757193,2792.607137076284,1410.763560469764,1.3166030931717245,1857.4156674484464,3454687.6054732474,932.663955796354,847.7574286668815,275.55646333655363,3319158.9973786813,308219.57422108675,141.4939138763706,33.29044728492918,56842.68132935038,2.176784854763659,0.03638805070502315,5197.776178570755,0.8659465248411499,6037.542427910583,20.34406377383253,275.55646333655363,0.6062301784664852,,,0.0005383824512332836,2.4577193895898173e-05,0.00016563030602934759,4710.395681039625,30981.138881162155,2974172.546949169,291.7194930329864,12748871.944749655,0.10148763788376224,0.03392521254492819,0.10445678058965792,0.5677090484416314,0.8232292732389304,0.003725999793176544,0.0012486595058125315,0.004325999793176544,0.00013972499224412042,two-phase,False,
0.10302396432395987,1.0012888448259643,2792.5964497111295,1424.394543209562,1.3159566504319722,1874.4414719756344,3481375.861789158,935.3094050962673,849.9499444432337,275.5696694345595,3320265.045801136,307862.5446862495,141.86343892049993,33.40738199226232,57145.27094322274,2.176907942111482,0.0363935011954225,5214.371544835177,0.8658550280270152,6061.099263439335,20.39244294162151,275.5696694345595,0.6046151688999071,,,0.0005334922508655414,2.451888679700493e-05,0.00016498657364548026,4739.286094753115,31181.24183361232,2995032.161919834,291.723942494895,12738556.246680416,0.10174866436337686,0.03374446442148572,0.10477427840300034,0.5708348439024614,0.8210649066832979,0.0037032863141062636,0.0012473775722803987,0.0043032863141062635,0.0001388732367789849,two-phase,False,
0.10415633348925313,1.0013173327370788,2792.585406767808,1438.3071348744797,1.3153041129918752,1891.811290245963,3508559.8835763475,937.9818838550211,852.1614384399411,275.5830394132016,3321384.9187245746,307504.65470086486,142.23603874653188,33.52661368981251,57452.722855274544,2.177032749705786,0.03639912053903444,5231.305374995029,0.8657592321585224,6085.139314096355,20.441282182857595,275.5830394132016,0.6029961017741547,,,0.0005285939486437812,2.44603051573403e-05,0.0001643347749957801,4768.692723824178,31385.04448377746,3016257.6779346103,291.7284486930276,12728114.418620279,0.10200900923549436,0.033562735800691926,0.10509177621634277,0.5729773136237747,0.8195712281873263,0.0036804496221049523,0.001246075433430727,0.004280449622104952,0.0001380168608289357,two-phase,False,
0.10531014233106163,1.0013466803313509,2792.5740312373046,1452.4620752383894,1.3146468887955962,1909.4747483057438,3536153.0955376797,940.6757022987993,854.3880184607428,275.59657315042523,3322519.2033522334,307145.89991121937,142.61200542903214,33.64744292635084,57764.150543587806,2.1771592837198197,0.03640489355356953,5248.486027775718,0.8656606197489298,6109.546234985868,20.4904856536321,275.59657315042523,0.6013716410376605,,,0.0005237042285514848,2.4401569023395554e-05,0.00016367827683725077,4798.529313285795,31591.965436842358,3037778.813707315,291.7330116429462,12717552.316724056,0.1022690882183511,0.033380626536365726,0.1054092740296852,0.5735764363510371,0.8191520442889981,0.003657565097026639,0.0012447570313235013,0.004257565097026639,0.000137158691138499,two-phase,False,
0.10648347732628258,1.0013768561467533,2792.5623353721808,1466.8349019893988,1.313986077563006,1927.4006392975662,3564102.9136255793,943.38638255912,856.6262211163416,275.61028245276486,3323667.969776845,306786.2768208745,142.99124804140712,33.769490655424335,58079.00452727162,2.177287662212931,0.03641081056228068,5265.867786091087,0.8655597623607648,6134.260140648717,20.53997396014661,275.61028245276486,0.5997426239019232,,,0.000518833489836574,2.434277672260647e-05,0.00016301884450147346,4828.741614541761,31801.643515349868,3059553.114614004,291.7376353847391,12706851.958806403,0.10252916720120782,0.033198517272039534,0.10572677184302762,0.5735764363510589,0.8191520442889828,0.003634680571948326,0.0012434248672075767,0.004234680571948326,0.00013630052144806223,two-phase,False,
0.10767679013348122,1.0014078886864752,2792.550308183862,1481.4301920224752,1.3133216503972185,1945.5943447352254,3592415.939225716,946.1140513419427,858.876076872313,275.62416718617783,3324831.655909112,306425.77983748046,143.3738860401852,33.89276041396903,58397.33877437517,2.1774178919742107,0.03641687429097228,5283.454475950199,0.8654566093779539,6159.287058586571,20.589748679208206,275.62416718617783,0.5981085967782204,,,0.0005139817571458296,2.4283929240229456e-05,0.00016235645302582785,4859.336769179696,32014.13315673221,3081584.9128377116,291.74231993550814,12696017.795400117,0.10278924618406454,0.03301640800771334,0.10604426965637004,0.5735764363510637,0.8191520442889794,0.0036117960468700144,0.0012420787244723903,0.004211796046870014,0.00013544235175762555,two-phase,False,
0.10889054589532439,1.00143980762032,2792.5379382360675,1496.252644349527,1.3126535111169224,1964.0612871233864,3621098.1997445235,948.8591164575093,861.1379383342505,275.638215291167,3326010.4838406467,306064.4033686144,143.75989752140558,34.01728983711227,58719.196629901235,2.1775498677748018,0.036423087739321555,5301.245703419847,0.8653512339566983,6184.628373390481,20.639817414766444,275.638215291167,0.5964695832879433,,,0.0005091490813225208,2.4225020500534205e-05,0.00016169120270872298,4890.322100939212,32229.48717181417,3103877.891135657,291.74706128746203,12685071.053397829,0.10304932516692128,0.032834298743387134,0.10636176746971247,0.5735764363510322,0.8191520442890015,0.0035889115217917003,0.0012407183819375407,0.0041889115217917,0.00013458418206718876,two-phase,False,
0.11012522374089846,1.001472643840515,2792.5252136235276,1511.3070840584207,1.3119816645908209,1982.8071838508665,3650156.9851096077,951.621562053871,863.4116666190786,275.652462401971,3327204.806860983,305702.1417097887,144.14947775630262,34.14306592131511,59044.66965719472,2.1776839329211066,0.036429453140868484,5319.247978959194,0.8652435121070007,6210.293193062964,20.690178619517464,275.652462401971,0.5948254647674253,,,0.000504335473537004,2.4166055266837566e-05,0.00016102299342598227,4921.705121556587,32447.7721146324,3126436.959146514,291.7518715334782,12673958.814829886,0.10330940414977802,0.03265218947906094,0.1066792652830549,0.5735764363510236,0.8191520442890075,0.003566026996713387,0.0012393436137316388,0.004166026996713387,0.00013372601237675202,two-phase,False,
0.11138131731084389,1.0015064295206069,2792.5121219495268,1526.598466423332,1.3113061015446057,2001.837883629553,3679599.61841427,954.4014295178549,865.6971859426369,275.6668845257229,3328414.819003094,305338.9890572733,144.54246158924687,34.27016173913336,59373.79193616421,2.1778198705725855,0.03643597384326424,5337.466521476779,0.8651333553678873,6236.289237312025,20.740831949567788,275.6668845257229,0.5931767419821715,,,0.0004995409509319954,2.410703684479828e-05,0.00016035176720427766,4953.493536835961,32669.040794764976,3149266.9804696306,291.7567426418886,12662720.903955394,0.10356948313263475,0.03247008021473474,0.10699676309639732,0.5735764363510513,0.8191520442889881,0.003543142471635074,0.0012379541891672802,0.004143142471635074,0.00013286784268631529,two-phase,False,
0.11265933530655808,1.0015411981776308,2792.4986503022055,1542.131881173083,1.3106267529092173,2021.1592999796605,3709432.9370056675,957.1990096242064,867.9947061226271,275.6814934361358,3329641.0391257056,304974.93957193627,144.93911754903814,34.39854841996317,59706.634132883446,2.1779578004795614,0.03644265264195156,5355.903252113535,0.8650207753594354,6262.62061617905,20.791782410699604,275.6814934361358,0.5915224823781398,,,0.0004947655536157211,2.404796232105124e-05,0.00015967756332174566,4985.695252957322,32893.35682433953,3172372.2620973955,291.7616786570024,12651343.706201216,0.10382956211549149,0.032287970950408536,0.10731426090973975,0.5735764363510552,0.8191520442889855,0.0035202579465567607,0.0012365498726119996,0.0041202579465567605,0.00013200967299587852,two-phase,False,
0.11395980206479067,1.001576984737765,2792.484785229556,1557.9125569244895,1.3099436442773018,2040.7776522830352,3739665.031077921,960.0141939849264,870.303972334538,275.6963008923047,3330883.633294574,304609.9872720753,145.33935403505362,34.52828324681976,60043.26844077289,2.178097843133841,0.03644949241139504,5374.566229762147,0.8649056076326331,6289.298323392441,20.843026370238317,275.6963008923047,0.5898635210535295,,,0.0004900092858628139,2.3988838814403087e-05,0.00015900024908670592,5018.318383032148,33120.78554408086,3195758.3108909326,291.7666836249943,12639810.291821431,0.10408964109834823,0.032105861686082336,0.10763175872308217,0.5735764363510465,0.8191520442889915,0.0034973734214784474,0.0012351304233550523,0.004097373421478447,0.0001311515033054418,two-phase,False,
0.11528325815904156,1.0016138256056966,2792.470512713002,1573.9458657880755,1.3092566283885283,2060.699057507759,3770302.2099798676,962.8476008940734,872.6255681564019,275.7112948228104,3332143.0776489135,304244.126224089,145.7433337282937,34.65936399763772,60383.74445125537,2.1782398939695837,0.03645649651172456,5393.4524451687985,0.8647880072934833,6316.321083970455,20.89457583460993,275.7112948228104,0.5881989965654647,,,0.00048527221689974244,2.392965542625643e-05,0.0001583200072804718,5051.3712539181215,33351.387735404234,3219428.747067216,291.7717535396648,12628144.29039319,0.10434972008120497,0.03192375242175614,0.10794925653642459,0.5735764363510504,0.8191520442889888,0.0034744888964001333,0.0012336955954698663,0.004074488896400133,0.000130293333615005,two-phase,False,
0.11663026102924962,1.0016517587379337,2792.455818139497,1590.2373281538723,1.3085657809543103,2080.930151218368,3801353.5379402735,965.6989057488472,874.9589823686024,275.72648697634776,3333419.484418754,303877.350290601,146.15096449027155,34.79184985907777,60728.137137605205,2.178384074027837,0.03646366797506269,5412.573482272512,0.8646677121624825,6343.703933232003,20.946422458451607,275.72648697634776,0.5865297437412004,,,0.000480554332597136,2.3870424698622295e-05,0.00015763661269899745,5084.862413304934,33585.232239086596,3243389.914276102,291.7768924485423,12616328.278097266,0.1046097990640617,0.03174164315742994,0.10826675434976703,0.5735764363510418,0.8191520442889949,0.00345160437132182,0.0012322451376719993,0.00405160437132182,0.00012943516392456827,two-phase,False,
0.11800138564160473,1.001690823720331,2792.4406862720275,1606.7926176654419,1.3078709904648982,2101.477452337788,3832826.1241697134,968.5685719622179,877.3046135889449,275.7419009872894,3334713.552139546,303509.65333802527,146.56257776202628,34.925700101940464,61076.53533994335,2.1785306183777218,0.03647100972023354,5431.929252385258,0.8645447988331886,6371.4489676286585,20.998574861794285,275.7419009872894,0.5848547898448774,,,0.0004758556885240669,2.3811139722139982e-05,0.00015695017021727516,5118.800637083858,33822.39302397197,3267646.095725159,291.78210842911636,12604331.70898524,0.10486987804691844,0.03155953389310373,0.10858425216310945,0.5735764363510599,0.8191520442889821,0.003428719846243507,0.0012307787931724289,0.004028719846243507,0.0001285769942341315,two-phase,False,
0.11939722517897415,1.0017310618500712,2792.4251012184436,1623.6175663906565,1.3071721941581156,2122.3477367325345,3864727.833318487,971.4568562745505,879.6626182780763,275.7575128701654,3336025.56832056,303141.0291802071,146.97810217557037,35.06097072105846,61428.980711894525,2.178679309908969,0.03647852555357421,5451.522466907105,0.8644192609725129,6399.561452139134,21.051037176575992,275.7575128701654,0.583174194152585,,,0.00047117632171792565,2.375179882140735e-05,0.0001562607074685934,5153.194937014411,34062.93315737673,3292202.2500111293,291.787393448901,12592195.167918278,0.10512995702977516,0.03137742462877754,0.10890174997645187,0.5735764363510504,0.8191520442889888,0.0034058353211651946,0.0012292962995259934,0.004005835321165194,0.0001277188245436948,two-phase,False,
0.12081839176697874,1.001772516222488,2792.4090463984503,1640.7181701982195,1.3064695168831018,2143.5482751601944,3897068.9971432234,974.3632191581084,882.0322246892408,275.7733343470738,3337355.6656721956,302771.4713618329,147.39744535599075,35.19772378803546,61785.552893871114,2.1788302710441347,0.03648621876667749,5471.368438265525,0.8642907379488369,6428.060782653024,21.10379629051456,275.7733343470738,0.5814887904158593,,,0.00046651620193870685,2.369241974841906e-05,0.00015556791290751836,5188.054568702212,34306.9272673534,3317065.758036012,291.79275155885733,12579901.495515306,0.1053900360126319,0.03119531536445134,0.10921924778979429,0.5735764363510599,0.8191520442889821,0.0033829507960868813,0.0012277973884748008,0.003982950796086881,0.00012686065485325806,two-phase,False,
0.12226551723275104,1.0018152318229143,2792.3925045087212,1658.1005943493658,1.3057627166941976,2165.0859366298914,3929855.7840765896,977.2886707118573,884.4144575066293,275.78936523341275,3338704.4473153264,302400.9735737503,147.8208331025686,35.33594643103165,62146.32087813695,2.1789835112626053,0.03649409294153555,5491.458920991025,0.8641595414323253,6456.940132715473,21.15687255079421,275.78936523341275,0.5797976787108665,,,0.0004618754309385845,2.3632982559193537e-05,0.00015487211890556106,5223.389039902834,34554.448804023115,3342239.6925027403,291.7981827826914,12567456.747703454,0.10565011499548864,0.031013206100125135,0.10953674560313673,0.5735764363510418,0.8191520442889949,0.0033600662710085664,0.0012262817857864037,0.003960066271008566,0.00012600248516282124,two-phase,False,
0.12373925390318284,1.001859255624033,2792.3754574859304,1675.7711793146825,1.3050518804533826,2186.968328774209,3963098.5407580063,980.2328266965242,886.8087181780245,275.80562911633405,3340072.3674810003,302029.529274982,148.2484186382273,35.47564397298181,62511.3801984546,2.179139268072557,0.03650215136338855,5511.807279297815,0.8640253718320292,6486.216864867386,21.210256129836274,275.80562911633405,0.5781007681243687,,,0.00045725399259005173,2.357350127878251e-05,0.00015417307512742955,5259.208119167311,34805.5799369002,3367731.2739636763,291.8036952039715,12554828.184136985,0.10591019397834538,0.030831096835798932,0.10985424341647915,0.5735764363510418,0.8191520442889949,0.003337181745930254,0.001224749211086539,0.003937181745930254,0.0001251443154723845,two-phase,False,
0.12524027544123986,1.0019046366889943,2792.3578864676233,1693.7364468265139,1.3043369157626064,2209.2029731684106,3996805.6869016546,983.1960595805776,889.2152840368892,275.8221257849786,3341459.701781433,301657.13189510914,148.68014943961052,35.61687195503344,62880.803411815235,2.1792975523119247,0.036510397809762576,5532.415266511631,0.8638882598524872,6515.895446718093,21.26395352549351,275.8221257849786,0.5763984852381744,,,0.0004526519347227805,2.351397163281731e-05,0.00015347084804801113,5295.5218448458445,35060.39851899788,3393545.673086655,291.8092888497863,12542018.830604577,0.10617027296120211,0.03064898757147274,0.11017174122982157,0.5735764363510637,0.8191520442889794,0.0033142972208519417,0.0012231993776862162,0.0039142972208519415,0.0001242861457819478,two-phase,False,
0.1267692777268484,1.0019514262808238,2792.3397717507105,1712.0031061779534,1.3036178697422731,2231.7978422678584,4030987.611270108,986.1781495251109,891.6337389665814,275.8388431459222,3342866.855163437,301283.7746704845,149.11601080428207,35.75967802321313,63254.652078410974,2.1794582606725688,0.03651883634897877,5553.293763441974,0.8637479798870074,6545.990618999985,21.31795834072408,275.8388431459222,0.5746908522887505,,,0.00044806925657022876,2.3454403653882793e-05,0.00015276526628337387,5332.340534467096,35318.98128520596,3419689.9545202665,291.8149597169127,12529051.582584936,0.10643035194405885,0.030466878307146533,0.110489239043164,0.5735764363510418,0.8191520442889949,0.0032914126957736276,0.0012216319924029321,0.0038914126957736274,0.00012342797609151104,two-phase,False,
0.1283269797793853,1.0019996779783846,2792.3210927475143,1730.578060780007,1.3028945597880572,2254.760740678837,4065652.0914455596,989.1798467182257,894.0647933830423,275.8557928698113,3344294.367237138,300909.4509075807,149.55619755518003,35.90406069618271,63633.01458653372,2.179621518264485,0.03652747076470059,5574.439136345025,0.8636047187144938,6576.50096985048,21.372285189802174,275.8557928698113,0.5729773718699853,,,0.0004435060367863828,2.3394784205788906e-05,0.00015205654261809309,5369.674794511477,35581.41397688788,3446168.4469016963,291.8207118629707,12515913.257072685,0.10669043092691559,0.030284769042820334,0.11080673685650642,0.5735764363510552,0.8191520442889855,0.003268528170695314,0.0012200467553757763,0.0038685281706953138,0.00012256980640107428,two-phase,False,
0.12991412472941918,1.0020494477995077,2792.3018279391154,1749.468414989167,1.302167068517037,2278.100157409591,4100810.5098590716,992.2007671841441,896.5078322478305,275.872998481952,3345742.741913492,300534.1536702545,150.00086809757724,36.05002823770505,64015.994143884054,2.179787565796153,0.036536304761563734,5595.865453116396,0.8634581691676996,6607.444968849454,21.426924111943404,275.872998481952,0.5712579495486066,,,0.0004389622628080988,2.33351272160104e-05,0.00015134443112496004,5407.53553059793,35847.78826597703,3472989.025271117,291.8265533794972,12502571.76518638,0.10695050990977231,0.030102659778494138,0.11112423466984885,0.5735764363510552,0.8191520442889855,0.0032456436456170016,0.0012184433598741813,0.0038456436456170014,0.00012171163671063757,two-phase,False,
0.13153148084057373,1.0021007943317277,2792.2819548258476,1768.6814812182358,1.3014352214197549,2301.824375130275,4136471.240579992,995.2416222653399,898.9635137942289,275.8904360005918,3347212.3493157215,300157.8760785365,150.4499547894492,36.19764436437458,64403.64489329787,2.179956186156217,0.03654534291655015,5617.569641647554,0.8633085027690804,6638.821974506815,21.48188880248493,275.8904360005918,0.5695326454607602,,,0.0004344380096085322,2.3275420732191955e-05,0.00015062913327696032,5445.933958104717,36118.184766271355,3500156.40634144,291.8324762337524,12489068.291822346,0.10721058889262906,0.02992055051416793,0.11144173248319128,0.5735764363510284,0.8191520442890042,0.003222759120538687,0.001216821492100066,0.003822759120538687,0.00012085346702020075,two-phase,False,
0.13317984258446158,1.0021537788711639,2792.2614498747453,1788.2247873439758,1.3006991135215737,2325.942395675614,4172646.4130389313,998.3019688503207,901.4311445821552,275.908140794301,3348703.7958662743,299780.61098758335,150.9036754727284,36.34690537565573,64796.086920176385,2.1801277362588327,0.03655458897421607,5639.567185369912,0.8631553799511428,6670.652218657785,21.537167896331,275.908140794301,0.5678013247115237,,,0.0004299332613994213,2.3215680093443408e-05,0.00014991037865877708,5484.88161324592,36392.70382321462,3527679.0058560017,291.8384925526782,12475353.169897117,0.1074706678754858,0.02973844124984173,0.1117592302965337,0.5735764363510418,0.8191520442889949,0.0031998745954603743,0.0012151808309830967,0.003799874595460374,0.00011999529732976403,two-phase,False,
0.13486003177277686,1.002208465570152,2792.2402884637036,1808.1060844258877,1.299958619900271,2350.46309014356,4209345.602539546,1001.3822995886471,903.9111193972788,275.92608887865504,3350217.347092953,299402.3512439772,151.36186527266761,36.497900938752935,65193.37804612575,2.180301999186555,0.03656404773980929,5661.858736911336,0.8629988728492716,6702.939398194321,21.592770264375556,275.92608887865504,0.5660644909538589,,,0.00042544807625076247,2.3155898658585556e-05,0.000149188280035679,5524.390364626691,36671.43131664368,3555562.5316914013,291.8445943039438,12461466.562126728,0.10773074685834252,0.029556331985515535,0.11207672810987612,0.5735764363510371,0.8191520442889981,0.0031769900703820615,0.0012135210479687953,0.0037769900703820613,0.0001191371276393273,two-phase,False,
0.13657289874869818,1.0022649215942137,2792.2184448221583,1828.3333547511925,1.299213678734484,2375.395703779257,4246579.490750302,1004.4828334484453,906.4035094113017,275.9443155805461,3351753.8258601124,299023.08960805787,151.82494166855653,36.65058167747642,65595.64290726045,2.1804793340197066,0.036573723206765454,5684.449907581589,0.8628389217767604,6735.692860544247,21.648698808028552,275.9443155805461,0.5643211201253963,,,0.00042098249079469116,2.3096076324669082e-05,0.00014846282642394705,5564.472425301524,36954.47332553663,3583813.706105201,291.8507936198712,12447360.96169867,0.10799082584119926,0.029374222721189336,0.11239422592321854,0.5735764363510552,0.8191520442889855,0.0031541055453037483,0.0012118418067991877,0.003754105545303748,0.00011827895794889056,two-phase,False,
0.13831932364648497,1.002323217289216,2792.1958919679437,1848.9148202219317,1.2984642774946338,2400.749846188591,4284359.735374449,1007.6035729571731,908.908127859235,275.96280876497366,3353313.601248087,298642.81869087595,152.29279952912952,36.80502546864781,66002.95640856893,2.18065963974925,0.03658362024162588,5707.34942764148,0.8626753805154943,6768.925539263528,21.704951688109592,275.96280876497366,0.5625716757539247,,,0.00041653652569741535,2.3036218056818344e-05,0.00014773393416716503,5605.140365361288,37241.9249571113,3612440.1046609865,291.8570865027662,12433058.927244224,0.108250904824056,0.029192113456863133,0.11271172373656098,0.5735764363510418,0.8191520442889949,0.003131221020225434,0.0012101427632857003,0.003731221020225434,0.00011742078825845379,two-phase,False,
0.14010021771409611,1.0023834263591578,2792.172601640186,1869.8589511009798,1.2977103130124246,2426.5352447223363,4322697.091202863,1010.7449052551285,911.425233672461,275.98156815779186,3354897.1091291495,298261.53105957445,152.76548969999757,36.961274016564545,66415.40848012477,2.1808429306662283,0.03659374365332446,5730.56034160114,0.8625082628999686,6802.6440828578425,21.761535365151328,275.98156815779186,0.5608161385017851,,,0.00041211023090432304,2.2976319988923862e-05,0.00014700166403236142,5646.407125076279,37533.88780410551,3641448.268920023,291.8634729880783,12418565.04863609,0.10851098380691274,0.029010004192536933,0.1130292215499034,0.5735764363510465,0.8191520442889915,0.003108336495147121,0.0012084235650739678,0.003708336495147121,0.00011656261856801704,two-phase,False,
0.14191652471358088,1.0024456260557233,2792.1485442278095,1891.174475134704,1.2969518601253298,2452.7622533474987,4361605.094881193,1013.9064463936106,913.9541767774799,276.00061716982293,3356505.038452122,297879.2190172935,153.24318037818085,37.11934204567113,66833.11786398002,2.1810294534891868,0.03660409802344647,5754.098189294686,0.8623372449387711,6836.869281775919,21.81843949933325,276.00061716982293,0.5590544079036315,,,0.0004077035997415619,2.291639601518154e-05,0.0001462657773296265,5688.286028624174,37830.47381013086,3670847.4221925186,291.8699611821921,12403849.277684651,0.10877106278976947,0.028827894928210734,0.11334671936324582,0.5735764363510552,0.8191520442889855,0.0030854519700688077,0.0012066838514002256,0.0036854519700688076,0.00011570444887758029,two-phase,False,
0.14376922239771353,1.0025098973802766,2792.123688693394,1912.8703870709783,1.296188761912349,2479.4410987163274,4401094.445050161,1017.0888038845856,916.495464549175,276.0199554942716,3358137.937311758,297495.87488025404,153.72592527743515,37.27927340876862,67256.17933956189,2.181219224242623,0.03661468844137868,5777.962987035946,0.8621624293014976,6871.6045856999135,21.875675239170082,276.0199554942716,0.5572864629932336,,,0.0004033166992826434,2.2856437322890564e-05,0.00014552641781528588,5730.79079843344,38131.79112951546,3700643.7854222385,291.8765511248138,12388917.332513032,0.10903114177262621,0.028645785663884527,0.11366421717658826,0.5735764363510418,0.8191520442889949,0.003062567444990494,0.0012049232528389263,0.003662567444990494,0.00011484627918714351,two-phase,False,
0.14565932407042026,1.0025763252993198,2792.0980024920236,1934.95595859235,1.2954209093285802,2506.582407390457,4441176.815657319,1020.292374812333,919.0493535153065,276.03958281999417,3359796.430513046,297111.49091696675,154.21388094126408,37.441088538416345,67684.68997781131,2.1814122592141816,0.03662552014033242,5802.158218221042,0.8619838251668319,6906.857435237564,21.933249120587814,276.03958281999417,0.5555118385902065,,,0.00039894958053307176,2.2796440110219292e-05,0.00014478364572839987,5773.935570174665,38437.95130244624,3730844.425436234,291.88324285625316,12373775.631959626,0.10929122075548295,0.02846367639955833,0.11398171498993068,0.5735764363510418,0.8191520442889949,0.0030396829199121813,0.0012031413910412142,0.003639682919912181,0.0001139881094967068,two-phase,False,
0.14758788023641975,1.0026449989744453,2792.0714514847436,1957.4407486852597,1.2946484243385017,2534.1975810213485,4481867.549384203,1023.516551523908,921.6149135417083,276.05952249444175,3361481.1234981027,296726.05905850296,154.70711987420978,37.604829778775176,68118.77636944666,2.18160880846982,0.03663659814883918,5826.703671567819,0.8618010044900565,6942.653738997351,21.991145766307937,276.05952249444175,0.5537308749388399,,,0.00039460222339766167,2.273642334571021e-05,0.0001440371416455545,5817.734908434225,38749.07678602225,3761459.9672155073,291.8900444911368,12358393.516593043,0.10955129973833967,0.02828156713523213,0.1142992128032731,0.5735764363510465,0.8191520442889915,0.003016798394833868,0.0012013378784638627,0.003616798394833868,0.00011312993980627007,two-phase,False,
0.14955598034629325,1.0027160120079142,2792.043999846195,1980.3346144674006,1.2938710925971992,2562.297711328989,4523177.586020595,1026.762172515305,924.1929089096344,276.0797741713592,3363192.7644874584,296339.57130857965,155.20580292416494,37.77051961111969,68558.54088704412,2.181808890177791,0.03664792801130418,5851.596336752302,0.8616141592595715,6978.993857063507,22.049381203564096,276.0797741713592,0.551943104975533,,,0.0003902747114742296,2.267637333600905e-05,0.00014328712999050577,5862.20382310675,39065.286482727606,3792496.4450355424,291.8969560743703,12342778.632321622,0.10981137872119642,0.028099457870905925,0.11461671061661553,0.5735764363510371,0.8191520442889981,0.0029939138697555536,0.0011995123180882756,0.0035939138697555534,0.00011227177011583326,two-phase,False,
0.1515647546437257,1.0027894627050924,2792.0156099660067,2003.6477224966009,1.2930889029314676,2590.8946353442634,4565121.160213938,1030.0291910905241,926.7830575191806,276.1003374994411,3364931.9778264454,295952.0194879997,155.70999055557596,37.9382065689403,69004.08842417857,2.1820125228136056,0.03665951543233752,5876.847410778646,0.8614230995889376,7015.894259610041,22.107952144568326,276.1003374994411,0.5501485054758025,,,0.0003859670657225031,2.261629646791344e-05,0.00014253350506676283,5907.357786545184,39386.703105520595,3823963.058386412,291.9039776515626,12326937.450452937,0.11007145770405315,0.02791734860657973,0.11493420842995795,0.5735764363510418,0.8191520442889949,0.0029710293446772408,0.0011976643031291166,0.0035710293446772406,0.00011141360042539652,two-phase,False,
0.15361537612222362,1.0028654543550908,2791.986242343413,2027.3905605859622,1.2923018050166875,2620.0004809190327,4607712.369986077,1033.317721652988,929.3852605176565,276.1212239403644,3366699.2561482866,295563.395277604,156.21969934244575,38.10795166401967,69455.54030952945,2.1822198426079322,0.03667136610966785,5902.465918686207,0.8612276990956517,7053.369100383512,22.166858744864793,276.1212239403644,0.5483474556652311,,,0.00038167931925311104,2.2556195523907092e-05,0.00014177621867904618,5953.212751509608,39713.45712422996,3855868.711800847,291.9111133076063,12310856.82095846,0.11033153668690988,0.027735239342253533,0.11525170624330038,0.5735764363510418,0.8191520442889949,0.002948144819598928,0.00119579341673212,0.003548144819598928,0.0001105554307349598,two-phase,False,
0.15570906259923992,1.002944095531077,2791.955855474594,2051.5739501513985,1.2915097452791264,2649.627749781324,4650965.703011915,1036.6278840658695,931.999419137871,276.1424449323305,3368495.4125154605,295173.69021674915,156.73515539285083,38.27976662236561,69913.02090294009,2.1824309870474825,0.03668348591850571,5928.46106590178,0.8610278304282295,7091.432867121328,22.22610121544139,276.1424449323305,0.5465394448513504,,,0.00037741150623234936,2.249607320480613e-05,0.00014101522481251897,5999.785169958538,40045.68326294749,3888222.536377695,291.91836713046547,12294526.632282007,0.11059161566976662,0.027553130077927333,0.1155692040566428,0.5735764363510418,0.8191520442889949,0.0029252602945206148,0.0011938992316606134,0.0035252602945206146,0.00010969726104452305,two-phase,False,
0.15784707891632782,1.0030255004118653,2791.9244057321325,2076.2090591192914,1.2907126159944895,2679.789226047318,4694895.272075165,1039.9600249363627,934.6256960608266,276.1640118893973,3370321.2202818403,294782.89576650073,157.25648357712996,38.45368963603512,70376.65769066641,2.1826460949164503,0.03669588091805369,5954.838693480207,0.8608234595336722,7130.096382119717,22.285684649031793,276.1640118893973,0.5447244055288853,,,0.0003731636765608605,2.243592727234084e-05,0.0001402505585349056,6047.092012729209,40383.5206741611,3921033.1150781717,291.92574321126835,12277936.460096722,0.11085169465262336,0.027371020813601127,0.11588670186998523,0.5735764363510322,0.8191520442890015,0.002902375769442301,0.001191981309970255,0.003502375769442301,0.0001088390913540863,two-phase,False,
0.16003073927469796,1.0031097891265408,2791.891847235949,2101.307415423611,1.289910398099467,2710.4982847584324,4739516.997219818,1043.3140953624713,937.263780267074,276.185924396867,3372177.478587193,294391.00319135725,157.7837505419666,38.629775051107984,70846.56728135979,2.1828651881687486,0.036708557527512196,5981.611141066871,0.8606143822642653,7169.377941091333,22.3456054466052,276.185924396867,0.542902311706956,,,0.0003689358542018494,2.237576427252103e-05,0.00013948211521511427,6095.150790156307,40727.109229391404,3954310.66778583,291.9332416040134,12261094.494573811,0.1111117736354801,0.02718891154927493,0.11620419968332765,0.5735764363510418,0.8191520442889949,0.0028794912443639883,0.0011900392026714646,0.003479491244363988,0.00010798092166364955,two-phase,False,
0.16226140971639588,1.0031970881240417,2791.8581317150256,2126.8809211235753,1.2891029929246403,2741.7685610147164,4784846.06757032,1046.6903828371005,939.9137513408581,276.2082056320378,3374064.9208174255,293998.00365443365,158.31714498084295,38.80804933935132,71322.89763507126,2.183088525977742,0.03672152202304137,6008.785864818593,0.8604005300022272,7209.2904730217815,22.405867278828268,276.2082056320378,0.5410730514666936,,,0.00036472808617730464,2.2315583404015766e-05,0.00013870990546741683,6143.97957368179,41076.60131907762,3988064.5014568693,291.9408704455879,12243971.69971773,0.11137185261833683,0.027006802284948728,0.11652169749667007,0.5735764363510599,0.8191520442889821,0.0028566067192856742,0.0011880724493790057,0.003456606719285674,0.00010712275197321279,two-phase,False,
0.1645405107622303,1.003287530569813,2791.8232083591274,2152.941867174794,1.2882903121867642,2773.61415018257,4830898.315894103,1050.0891190748937,942.5756162565945,276.23084334424317,3375984.305334692,293603.88819848775,158.85667653563434,38.98858489037088,71805.75764917102,2.1833160139149546,0.03673478139120101,6036.37116086716,0.8601818130531946,7249.847995025157,22.466472532563838,276.23084334424317,0.5392366401457079,,,0.0003605404161693421,2.225538518676126e-05,0.00013793392643351966,6193.597018511767,41432.14259046525,4022304.3704026933,291.94862575387333,12226594.242187703,0.11163193160119357,0.026824693020622528,0.11683919531001251,0.5735764363510371,0.8191520442889981,0.002833722194207361,0.0011860805779481394,0.003433722194207361,0.00010626458228277604,two-phase,False,
0.16686952021862506,1.0033812567718434,2791.787023659708,2179.502948888851,1.2874723125881185,2806.0497018985525,4877690.805946346,1053.5103271898856,945.2491274988752,276.2538724524465,3377936.6730870493,293208.6476811304,159.402707244912,39.17136976718127,72295.31653830866,2.183548032677326,0.03674834216004633,6064.379455092443,0.8599580403822573,7291.069359838481,22.527418963893908,276.2538724524465,0.5373924751939015,,,0.0003563728751217084,2.2195174724693542e-05,0.00013715409230754497,6244.022387380192,41793.89960944541,4057041.0802578907,291.956519714315,12208917.76983886,0.11189201058405031,0.026642583756296325,0.11715669312335493,0.5735764363510465,0.8191520442889915,0.002810837669129048,0.0011840631040967485,0.0034108376691290476,0.0001054064125923393,two-phase,False,
0.16924997616662277,1.0034784146386353,2791.749521239054,2206.577282118357,1.2866489434327768,2839.0903286403523,4925241.046617506,1056.9540492766607,947.9340518865838,276.27726888777215,3379922.408976742,292812.27277667675,159.9549728150184,39.35654806282972,72791.6755455735,2.1837843705610163,0.03676221190957279,6092.8226526477465,0.8597290359133687,7332.972987523927,22.58870466211265,276.27726888777215,0.5355415045298993,,,0.00035222549628384053,2.2134956717488755e-05,0.0001363703373381255,6295.275575482892,42162.02449888599,4092285.662259672,291.9645443064171,12190983.274232803,0.11215208956690703,0.02646047449197013,0.11747419093669735,0.5735764363510504,0.8191520442889888,0.002787953144050735,0.0011820195310127978,0.003387953144050735,0.00010454824290190256,two-phase,False,
0.17168348014772694,1.0035791601719122,2791.7106416666597,2234.1784202068243,1.2858200643936293,2872.751440137196,4973565.652602273,1060.420707176279,950.6305993206645,276.3010792882454,3381942.87697157,292414.7540862743,160.51401047465237,39.54406919296387,73295.0259683911,2.1840255309819887,0.036776397457549896,6121.707465200732,0.859494768362546,7375.571593489136,22.650335944396005,276.3010792882454,0.5336826338338285,,,0.0003480983373738183,2.2074727775669335e-05,0.00013558271210908733,6347.37713664978,42536.69902832046,4128048.056787686,291.9727157671228,12172731.310102101,0.11241216854976378,0.026278365227643926,0.11779168875003979,0.5735764363510504,0.8191520442889888,0.0027650686189724214,0.0011799493489464575,0.003365068618972421,0.00010369007321146581,two-phase,False,
0.17417170056233303,1.003683657997145,2791.670322261713,2262.320371745076,1.2849855742202094,2907.049041956924,5022682.426607488,1063.910537643015,953.3387525721373,276.3252913327554,3383998.950361542,292016.0820802888,161.07983898592371,39.73401234518777,73805.49080992848,2.184271423486656,0.03679090668350741,6151.043368097098,0.859255134133345,7418.881180608523,22.712315005984127,276.3252913327554,0.5318158753398865,,,0.00034399144478375733,2.2014488609737163e-05,0.00013479121388462195,6400.348310827551,42918.09078958262,4164339.1608689614,291.98103012375435,12154189.162294546,0.1126722475326205,0.026096255963317726,0.1181091865633822,0.5735764363510552,0.8191520442889855,0.0027421840938941077,0.0011778520347861957,0.0033421840938941075,0.00010283190352102905,two-phase,False,
0.17671637629837667,1.0037920819353097,2791.628496880477,2291.0176191785554,1.284145406623264,2941.999752161108,5072610.355478171,1067.4236080962485,956.0582846597927,276.3499280177006,3386091.6300586057,291616.24704427447,161.65266323298633,39.926413359783545,74323.24061924977,2.1845223171016284,0.0368057472243101,6180.843297646585,0.8590099468476098,7462.92186333853,22.774640251337082,276.3499280177006,0.5299411090069213,,,0.00033990485528267935,2.1954243600868532e-05,0.0001339957751551014,6454.211052950096,43306.385680484826,4201170.840505648,291.9894955370498,12135330.681352697,0.11293232651547724,0.025914146698991527,0.11842668437672463,0.5735764363510465,0.8191520442889915,0.0027192995688157945,0.0011757270516180862,0.0033192995688157943,0.0001019737338305923,two-phase,False,
0.17931932060936218,1.003904615619636,2791.5850956871795,2320.285138312616,1.2832995722583413,2977.620925513966,5123370.395087723,1070.9596288294802,958.788533520624,276.3749887620382,3388221.6728057773,291215.23896677874,162.2324552614779,40.121368149105564,74848.42076124778,2.1847782430539433,0.03682092729792331,6211.126264705131,0.8587588679725943,7507.720845283329,22.837302163185797,276.3749887620382,0.5280587476371759,,,0.00033583858557394787,2.1894004660761127e-05,0.0001331962150175366,6508.988063279053,43701.76782855936,4238556.691240583,291.9981120831751,12116163.910361744,0.11319240549833398,0.025732037434665327,0.11874418219006705,0.5735764363510685,0.8191520442889761,0.0026964150437374813,0.0011735738482675645,0.003296415043737481,0.00010111556414015555,two-phase,False,
0.18198242526292902,1.004021453161513,2791.5400449069402,2350.138418765862,1.2824478279308864,3013.9299104832075,5174979.842242948,1074.5194120637332,961.5301414444568,276.4004847328625,3390390.2243680977,290813.04786998755,162.81947356999783,40.31890458410275,75381.19546284297,2.1850393537432367,0.03683645522797896,6241.893567958075,0.8585020214173643,7553.285413276685,22.90031528604304,276.4004847328625,0.5261682674997051,,,0.0003317927190415902,2.1833760529259306e-05,0.00013239271989408258,6564.702819302582,44104.43215811887,4276506.397445424,292.0068838860002,12096682.308607934,0.11345248448119072,0.02554992817033912,0.11906168000340948,0.5735764363510322,0.8191520442890015,0.0026735305186591676,0.0011713918588228012,0.0032735305186591675,0.00010025739444971878,two-phase,False,
0.18470766498326194,1.0041427998701589,2791.4932665590636,2380.593485424779,1.2815902519333962,3050.945404736544,5227462.201448528,1078.1023309713678,964.2820246770759,276.4264388174088,3392598.203497364,290409.66336888954,163.41381779074803,40.51909256391794,75921.74845901644,2.185305924210832,0.03685233946107444,6273.170853909538,0.8582389116451183,7599.650724527239,22.963662511733613,276.4264388174088,0.5242699902690104,,,0.0003277672548474699,2.1773530234757536e-05,0.00013158499465937078,6621.379609286539,44514.58488595011,4315035.612913734,292.0158191207282,12076859.231442083,0.11371256346404746,0.025367818906012928,0.1193791778167519,0.5735764363510418,0.8191520442889949,0.0026506459935808553,0.0011691805021388352,0.003250645993580855,9.939922475928207e-05,two-phase,False,
0.18749710221306945,1.0042688730311755,2791.444678168863,2411.6669209563006,1.2807265380148944,3088.6858265214028,5280835.002641809,1081.7094382499201,967.0450954452309,276.4528621015353,3394847.125801516,290005.0751809097,164.01586814282203,40.721935281059594,76470.2533116007,2.185578111340813,0.03686858889472541,6304.956132582356,0.8579697555532595,7646.820725268178,23.02736349187817,276.4528621015353,0.5223629424368279,,,0.00032376229120274064,2.171329775448899e-05,0.00013077330251716205,6679.043567578803,44932.435437178334,4354153.736734079,292.02492192200117,12056691.694734603,0.11397264244690418,0.02518570964168673,0.11969667563009433,0.5735764363510599,0.8191520442889821,0.002627761468502542,0.001166939181321544,0.003227761468502542,9.854105506884532e-05,two-phase,False,
0.19035289222356266,1.004399902749667,2791.3941924559836,2443.3758894385487,1.2798566920318621,3127.1709832472297,5335121.967646297,1085.340383365459,969.8185796912956,276.47976563713996,3397137.8836177234,289599.27269364404,164.62566852211702,40.927522252517555,77026.88833446972,2.185856073929764,0.03688521272913003,6337.271196292419,0.8576941676507297,7694.826626610261,23.091406981033373,276.47976563713996,0.5204474873556253,,,0.0003197778456493632,2.165307641975588e-05,0.00012995744394575423,6737.720711774524,45358.200925652396,4393876.095576946,292.03419642900565,12036171.087738875,0.11423272142976093,0.025003600377360522,0.12001417344343676,0.5735764363510284,0.8191520442890042,0.0026048769434242275,0.0011646672831904994,0.0032048769434242274,9.768288537840853e-05,two-phase,False,
0.19327728860392346,1.0045361328642508,2791.3417169969516,2475.7381611739675,1.278980502941843,3166.4208385305947,5390343.732766734,1088.9957536384707,972.6028150662343,276.5071604412384,3399471.8969465205,289192.2452502241,165.24349426739735,41.135888659302665,77591.83675729779,2.1861399727481152,0.036902220479751544,6370.12256981266,0.8574121567675823,7743.682490979846,23.155802228591998,276.5071604412384,0.5185230945263228,,,0.00031581399030460483,2.1592860185280775e-05,0.00012913752612724505,6797.437981857775,45792.106508473786,4434214.640275205,292.04364678560484,12015293.659623746,0.11449280041261767,0.024821491113034323,0.12033167125677918,0.5735764363510552,0.8191520442889855,0.0025819924183459147,0.0011623641777196844,0.0031819924183459146,9.682471568797181e-05,two-phase,False,
0.19627264916517825,1.0046778219390053,2791.2871538594477,2508.7721387531906,1.2780980708530925,3206.4568307504396,5446527.420712351,1092.6747264351106,975.3964378438675,276.53505749502386,3401849.935155919,288783.9817086688,165.86927676120922,41.34715852964548,78165.28689618171,2.1864299706018975,0.03691962199054598,6403.541019812241,0.8571231258550368,7793.430247917925,23.220527371845712,276.53505749502386,0.5165905717076631,,,0.0003118707198580808,2.153267201873447e-05,0.00012831320332496178,6858.223281443359,46234.38576026538,4475187.516226424,292.05327714047377,11994049.811829265,0.11475287939547439,0.024639381848708126,0.1206491690701216,0.5735764363510552,0.8191520442889855,0.002559107893267602,0.0011600292174550068,0.003159107893267602,9.596654599753508e-05,two-phase,False,
0.19934144229727094,1.004825244341229,2791.2303992054854,2542.496884442501,1.2772090800054152,3247.300106695441,5503693.398754709,1096.3783011789042,978.2002581105246,276.5634794650836,3404273.7091710246,288374.47100441775,166.50347781949975,41.561327197940926,78747.4479413888,2.186726354829181,0.03693742729800748,6437.527137833576,0.8568272466462725,7844.077685579675,23.28560050520631,276.5634794650836,0.5146488927107289,,,0.00030794813141481794,2.1472497558661092e-05,0.0001274847139566671,6920.105521251328,46685.28554401036,4516805.803432156,292.0630956981955,11972420.586112686,0.11501295837833114,0.02445727258438192,0.12096666688346404,0.5735764363510284,0.8191520442890042,0.002536223368189288,0.0011576617369074716,0.0031362233681892877,9.510837630709829e-05,two-phase,False,
0.20248625382251342,1.004978691413805,2791.17134286037,2576.932148972562,1.2763134083783494,3288.973054214915,5561866.417491298,1100.1065862295413,981.0140067075406,276.5924372393676,3406744.586886567,287963.7018715716,167.14626905521973,41.77846567816369,79338.51925911198,2.187029293490703,0.03695564694943567,6472.096884277904,0.8565243079349097,7895.650358478401,23.351020020789022,276.5924372393676,0.5126979684331753,,,0.00030404627326407276,2.1412340855125745e-05,0.00012665201149974852,6983.114664956612,47145.057613003104,4559084.644973113,292.073106619921,11950401.995760975,0.11527303736118787,0.02427516332005572,0.12128416469680646,0.5735764363510552,0.8191520442889855,0.0025133388431109746,0.0011552610519208217,0.0031133388431109745,9.425020661666157e-05,two-phase,False,
0.20570979439355458,1.0051384727520312,2791.109867843938,2612.0984018112936,1.2754110303343207,3331.4991139887743,5621074.020053019,1103.8592254978391,983.8368425538491,276.6219416664111,3409263.6645166064,287551.6626928393,167.79770609335233,41.99867770329235,79938.70586798199,2.1873389569197492,0.036974291864592855,6507.274714782401,0.8562138946452214,7948.183802405037,23.4167739473902,276.6219416664111,0.5107381555905698,,,0.00030016517062875903,2.135221534457888e-05,0.00012581490625536497,7047.28177756648,47613.963398042404,4602041.642462168,292.0833140721284,11927987.65994888,0.1155331163440446,0.024093054055729524,0.12160166251014888,0.5735764363510552,0.8191520442889855,0.002490454318032662,0.001152826459012387,0.0030904543180326617,9.339203692622482e-05,two-phase,False,
0.20901490748948479,1.0053049175959725,2791.0458498601556,2648.016863009319,1.2745016622281005,3374.9018935134172,5681339.777747143,1107.636981392982,986.6692588213042,276.652015257416,3411832.830792226,287138.3418493032,168.45826932515567,42.221964555276585,80548.23459230397,2.187655641235836,0.0369933732059641,6543.066561700063,0.8558960609299433,8001.692676124322,23.482874840355517,276.652015257416,0.5087684209965689,,,0.00029630490946181467,2.1292111949630026e-05,0.00012497355753037458,7112.63907648996,48092.27908850269,4645690.084593326,292.09372628021487,11905160.524105592,0.11579319532690134,0.023910944791403318,0.12191916032349132,0.5735764363510371,0.8191520442889981,0.0024675697929543478,0.0011503572346857989,0.0030675697929543476,9.253386723578804e-05,two-phase,False,
0.21240457807143304,1.005478376350832,2790.9791567406487,2684.7095367123898,1.2735853186909871,3419.206650906581,5742694.045669979,1111.4392423726943,989.5100795312865,276.6826687592271,3414453.0667251265,286723.72728268255,169.12790180626715,42.44846597635459,81167.32272122777,2.1879795225837544,0.03701290269170374,6579.50242416569,0.8555702706269095,8056.219442305255,23.54930482520998,276.6826687592271,0.5067895651594718,,,0.0002924655050418951,2.1232049256279552e-05,0.00012412770123275762,7179.219985475571,48580.287043286145,4690049.677186517,292.104347424346,11881913.367056621,0.11605327430975808,0.023728835527077122,0.12223665813683374,0.5735764363510371,0.8191520442889981,0.002444685267876035,0.0011478526347141707,0.003044685267876035,9.167569754535132e-05,two-phase,False,
0.2158819419617744,1.0056592222491836,2790.9096478372953,2722.199246441701,1.2726617017982118,3464.4387256103046,5805162.122045512,1115.2667567877907,992.359755910586,276.71392456522545,3417126.2861225856,286307.80692466226,169.80697383651,42.678218849743146,81796.21002642227,2.1883109037936306,0.03703289232042931,6616.589513436394,0.8552365599489777,8111.780810812861,23.61607589727698,276.71392456522545,0.5048009978048145,,,0.0002886470447890047,2.1172018678075637e-05,0.00012327749273834145,7247.059191607183,49078.285501022176,4735134.703014183,292.1151857457525,11858229.596017951,0.11631335329261482,0.023546726262750922,0.12255415595017616,0.5735764363510552,0.8191520442889855,0.0024218007427977218,0.0011453118933922434,0.0030218007427977216,9.081752785491457e-05,two-phase,False,
0.21945029602837895,1.0058478531711756,2790.8371733581694,2760.5096722498506,1.2717307638038375,3510.6250739781835,5868775.367887047,1119.1191048614255,995.2173141237547,276.74580499707156,3419854.0127522796,285890.5683217174,170.49574127095573,42.911292980245335,82435.14328710469,2.1886500917710436,0.03705335453881703,6654.35588308021,0.854894459721376,8168.41766630477,23.683174120996377,276.74580499707156,0.5028025733547372,,,0.0002848495578215694,2.1112034959736404e-05,0.0001224227311643309,7316.192705562087,49586.58462444204,4780965.113582661,292.1262494952918,11834089.274980895,0.11657343227547154,0.023364616998424726,0.12287165376351858,0.5735764363510371,0.8191520442889981,0.002398916217719409,0.001142734222755924,0.002998916217719409,8.995935816447784e-05,two-phase,False,
0.22311310925409103,1.006044693640331,2790.761573640676,2799.665389867788,1.2707922270656573,3557.7930158287277,5933561.678203886,1122.99685213909,998.08295769557,276.7783206263271,3422638.1819470716,285471.9989488565,171.1945225337773,43.147746878957165,83084.36011718454,2.1889972727612315,0.03707430240243454,6692.812915874472,0.8545439175583003,8226.152132215231,23.750607186803972,276.7783206263271,0.5007937438591471,,,0.0002810731247014568,2.105209336617735e-05,0.00012156351887583055,7386.657925351352,50105.502287680756,4827556.991257177,292.13754287680376,11809494.069032567,0.11683351125832829,0.02318250773409852,0.12318915157686101,0.5735764363510418,0.8191520442889949,0.002376031692641095,0.0011401188117675417,0.0029760316926410947,8.910118847404106e-05,two-phase,False,
0.22687403479095683,1.0062501970154027,2790.6826783546626,2839.691911966031,1.2698459236509825,3605.971198834729,5999552.35329681,1126.9000182947132,1000.9562150840584,276.8114936452702,3425480.3412486953,285052.0860328726,171.90346071257414,43.38768790844847,83744.12172350952,2.1893527611520907,0.03709574931150002,6731.982240043251,0.8541846390308104,8285.018416451925,23.81837057620809,276.8114936452702,0.49877480713682204,,,0.0002773178000764816,2.0992200049966665e-05,0.00012069979205046256,7458.4937037794,50635.37417860322,4874929.40394699,292.149074158646,11784424.497181572,0.11709359024118501,0.02300039846977232,0.12350664939020344,0.5735764363510552,0.8191520442889855,0.0023531471675627812,0.0011374648254650528,0.002953147167562781,8.82430187836043e-05,two-phase,False,
0.23073692310759392,1.006464847901307,2790.600305627472,2880.6157316622525,1.2688916802495713,3655.189335902264,6066779.877535577,1130.8285893045952,1003.8365577053389,276.84535782948046,3428382.5715443594,284630.81653923116,172.62301791437886,43.63114786704937,84414.71380052174,2.189717001514482,0.03711770903979192,6771.886881614053,0.8538163062717739,8345.05270293718,23.88645886334139,276.84535782948046,0.49674511365604895,,,0.0002735836390683591,2.0932361839843548e-05,0.00011983147807419278,7531.740419878576,51176.55472820143,4923102.169488186,292.1608556786238,11758848.31362892,0.11735366922404175,0.022818289205446124,0.12382414720354586,0.5735764363510552,0.8191520442889855,0.002330262642484469,0.0011347714040733225,0.0029302626424844687,8.738484909316758e-05,two-phase,False,
0.23470583635373818,1.006689164805422,2790.514261081717,2922.4643684165912,1.2679293219514476,3705.478265073714,6135278.071654259,1134.7824950954418,1006.7233718729426,276.8799002271915,3431346.429602862,284208.17715173465,173.35314624447034,43.878292487796514,85096.363414212,2.1900899404476433,0.037140196449025796,6812.551132361432,0.8534385783055739,8406.293006662912,23.954865210947887,276.8799002271915,0.4947051025089074,,,0.000269870696429549,2.087258665815783e-05,0.00011895849921093519,7606.440054594633,51729.3932401721,4972095.969206861,292.1728835500134,11732799.52876722,0.1176137482068985,0.022636179941119917,0.12414164501688829,0.5735764363510465,0.8191520442889915,0.002307378117406155,0.0011320376620754919,0.0029073781174061546,8.65266794027308e-05,two-phase,False,
0.23878506408302042,1.006923703069273,2790.424336775336,2965.266416466247,1.2669484729966578,3756.839758370183,6204849.698487363,1138.810188297736,1009.6069715268684,276.9151777727569,3434374.284751022,283784.1701364857,174.09445364264994,44.12912709321986,85789.40612982339,2.1904722834175527,0.037163226132423906,6853.997716979175,0.8529925983665401,8468.567208451206,24.011978391726913,276.9151777727569,0.49265402111737333,,,0.00026618116936502677,2.0822940610852375e-05,0.00011808372955959422,7682.636271021172,52294.28382328181,5021867.881640056,292.185178250651,11706213.408718124,0.11787382718975523,0.022454070676793718,0.12445914283023071,0.5735764363510418,0.8191520442889949,0.0022844935923278416,0.0011292626872423277,0.0028844935923278414,8.566850971229405e-05,two-phase,False,
0.24297914049448585,1.0071690581099546,2790.3303100319586,3009.0515959618397,1.2659358247937995,3809.2662139810504,6275282.185599077,1142.957342879631,1012.4784896112908,276.9512006677963,3437468.2235280285,283358.8139458728,174.8471630051713,44.38375988563127,86494.11951315547,2.1908642382882024,0.03718681382261808,6896.223634688179,0.8524245975555736,8531.678266638946,24.047123454915173,276.9512006677963,0.4905917572336902,,,0.00026251775114317975,2.0792507716668343e-05,0.0001172102332914096,7760.374499505354,52871.61702761369,5072360.673970249,292.19774403462804,11679093.61605916,0.11813390617261196,0.022271961412467522,0.12477664064357313,0.5735764363510465,0.8191520442889915,0.002261609067249529,0.0011264455396173146,0.0028616090672495286,8.481034002185733e-05,two-phase,False,
0.24729286337741826,1.0074258690107911,2790.2319421478664,3053.850806979825,1.2649161666479023,3862.8652562795232,6347074.311885727,1147.131836192102,1015.3533959963545,276.98799068645786,3440630.1623307667,282932.0949244954,175.61144015855967,44.64231954874269,87210.80687711314,2.191266143845485,0.03721097572893657,6939.30403077886,0.8518446791480945,8596.115508989507,24.0823700085447,276.98799068645786,0.488518596339134,,,0.00025887519591173604,2.0762076150420173e-05,0.00011633161501311099,7839.702027973326,53461.80529044607,5123742.033254634,292.2105892270533,11651424.792074898,0.1183939851554687,0.022089852148141315,0.12509413845691555,0.5735764363510552,0.8191520442889855,0.002238724542171215,0.0011235852504551248,0.002838724542171215,8.395217033142057e-05,two-phase,False,
0.2517313149707425,1.0076948225066926,2790.128976959803,3099.696186598035,1.263887011441896,3917.6657496572325,6420250.157033301,1151.3342029046078,1018.2321636523297,277.0255695109399,3443862.4808053332,282504.0000628166,176.3877139085855,44.90487416803726,87939.78095181455,2.1916783443329937,0.037235728705210865,6983.238785094305,0.8512532615050393,8661.890231117664,24.117775328988586,277.0255695109399,0.4864339232151529,,,0.00025525403745520984,2.0731597055679523e-05,0.00011544824204854506,7920.6680978527875,54065.278934325055,5176022.635975808,292.2237221656047,11623195.835867826,0.11865406413832542,0.021907742883815126,0.12541163627025798,0.5735764363510495,0.8191520442889895,0.002215840017092903,0.0011206808211109386,0.0028158400170929026,8.309400064098385e-05,two-phase,False,
0.25629988497590195,1.007976657416446,2790.0211392555802,3146.621169235357,1.262848109050147,3973.704593466033,6494848.518211737,1155.5643331580097,1021.1139853171805,277.063981958398,3447167.81255464,282074.51607710833,177.17642874855486,45.17149410071763,88681.39922140255,2.1921014460698705,0.03726109002066166,7028.057964748094,0.8506499237488109,8729.048436116876,24.153334753364664,277.063981958398,0.48433746794318844,,,0.00025165433828279563,2.070107523891076e-05,0.00011456002419031722,8003.324006001563,54682.49766820723,5229226.552276537,292.23715933100067,11594363.063039692,0.11891414312118218,0.02172563361948892,0.12572913408360042,0.5735764363510542,0.8191520442889861,0.002192955492014589,0.0011177312218779477,0.002792955492014589,8.223583095054709e-05,two-phase,False,
0.26100429601094277,1.0082721695831822,2789.908133006347,3194.6605504713643,1.2617991328119689,4031.0199122133745,6570908.291954248,1159.8223395709435,1023.9982915912724,277.103226255012,3450548.338707054,281643.629488596,177.97776310671057,45.44232420898718,89435.95997111822,2.1925355502777224,0.03728707818013442,7073.788130830484,0.8500343255115845,8797.63248803358,24.189046010974938,277.103226255012,0.4822291579729411,,,0.00024807617470956985,2.0670513412275225e-05,0.00011366694407389562,8087.723213085459,55313.92029733496,5283377.448151498,292.2509009617524,11564949.043795526,0.11917422210403888,0.02154352435516273,0.12604663189694285,0.5735764363510495,0.8191520442889895,0.0021700709669362768,0.001114735390770196,0.0027700709669362766,8.137766126011038e-05,two-phase,False,
0.26585063182266544,1.0085822173932075,2789.7896393963847,3243.850554578235,1.2607398004539137,4089.651500881281,6648471.277498428,1164.1080193205066,1026.884122036262,277.14335858232073,3454006.9088800824,281211.3265205961,178.79224505802281,45.71742726444323,90203.85978712085,2.1929814063221924,0.03731371178437517,7120.462932700884,0.8494059920336626,8867.693476969205,24.224903275144655,277.14335858232073,0.48010866564350835,,,0.00024451961243751683,2.06399172917653e-05,0.00011276889560934388,8173.921458886668,55960.05308825124,5338501.315308651,292.2649676378028,11534895.031533632,0.11943430108689561,0.02136141509083654,0.12636412971028527,0.5735764363510446,0.8191520442889928,0.0021471864418579653,0.0011116922322477328,0.002747186441857965,8.05194915696737e-05,two-phase,False,
0.2708453686367,1.0089077279557386,2789.6653146220974,3294.2289060146422,1.2596697522464149,4149.6405098824425,6727579.438082644,1168.4213967307057,1029.7707573895968,277.18438855595184,3457546.206312283,280777.59318023204,179.62013573597883,45.996941552306986,90985.4363487283,2.193439257231375,0.037341010737402314,7168.112510426919,0.8487645294361544,8939.278887696326,24.260903051198554,277.18438855595184,0.47797586166421757,,,0.00024098473051303656,2.060929055051389e-05,0.00011186584651434926,8261.976885065265,56621.40346371151,5394623.765613218,292.27936369370224,11504210.895972516,0.11969438006975233,0.021179305826510356,0.1266816275236277,0.5735764363510408,0.8191520442889955,0.0021243019167796534,0.001108600615880867,0.002724301916779653,7.9661321879237e-05,two-phase,False,
0.27599541008794404,1.0092497040401323,2789.534787427109,3345.8349051506707,1.2585884743216254,4211.029248605622,6808273.037804205,1172.7630587437725,1032.6581152005888,277.22636045775295,3461169.320530312,280342.41545969236,180.46204754922164,46.28092321552506,91781.09242284161,2.193909741174083,0.03736899538500954,7216.758113065364,0.8481097355132023,9012.42633111429,24.297047861504378,277.22636045775295,0.475830010050333,,,0.00023747163483396017,2.0578631727197905e-05,0.00011095791113960326,8351.950165941958,57298.51862661989,5451768.244907565,292.29410568337835,11472858.046583755,0.11995445905260906,0.02099719656218416,0.1269991253369701,0.5735764363510408,0.8191520442889955,0.002101417391701341,0.001105459374950101,0.002701417391701341,7.880315218880028e-05,two-phase,False,
0.28130812623923385,1.0096092318834036,2789.397656334962,3398.709508513412,1.257495739985403,4273.862728403498,6890601.614523677,1177.132112865422,1035.5443544044833,277.26930681265526,3464878.8900280558,279905.7788374798,181.31826315745093,46.5695209124516,92591.22571344528,2.194393376729859,0.037397687071675116,7266.448518077472,0.8474408582985619,9087.206069100166,24.333324043775463,277.26930681265526,0.4736713217244818,,,0.0002339803740897289,2.0547953049920505e-05,0.00011004482482249047,8443.904647920313,57991.96556312026,5509966.595868763,292.309206115314,11440811.717364421,0.12021453803546578,0.020815087297857974,0.12731662315031253,0.5735764363510542,0.8191520442889861,0.002078532866623029,0.0011022673049780993,0.002678532866623029,7.794498249836359e-05,two-phase,False,
0.2867913972998948,1.0099874900020107,2789.2534865337398,3452.8954138656245,1.256391012531039,4338.186765190412,6974609.442861752,1181.5289185584784,1038.4290762494215,277.3132599898305,3468678.5834274925,279467.6687183969,182.18934647092777,46.86281971807899,93416.2470044913,2.1948906919432525,0.03742710805669479,7317.210967778561,0.846757595448126,9163.663786593745,24.36973140682596,277.3132599898305,0.4714991023828359,,,0.00023051105314874748,2.0517255264452774e-05,0.00010912665755622548,8537.906498221719,58702.33783114649,5569244.99848441,292.3246775194757,11408056.379182776,0.1204746170183225,0.020632978033531778,0.12763412096365495,0.5735764363510495,0.8191520442889895,0.0020556483415447163,0.0010990231621898117,0.002655648341544716,7.708681280792687e-05,two-phase,False,
0.2924536627539047,1.0103857591657612,2789.101806358974,3508.4371504542487,1.2552737657453752,4404.0491137316785,7060343.441237423,1185.9535991276998,1041.3115810701363,277.3582406446918,3472571.302302757,279028.07036668935,183.07566511211547,47.160964065756204,94256.56217734706,2.1954020930708804,0.03745728168320391,7369.077777031769,0.8460595516871574,9241.851651968074,24.406267058675816,277.3582406446918,0.4693131559157482,,,0.00022706377112871728,2.0486541378816166e-05,0.0001082034247744117,8634.024863666895,59430.25139295582,5629631.583618329,292.3405283748346,11374587.355222346,0.12073469600117923,0.020450868769205578,0.1279516187769974,0.5735764363510556,0.8191520442889851,0.002032763816466403,0.0010957256618966168,0.002632763816466403,7.622864311749012e-05,two-phase,False,
0.29830397674536746,1.0108054337219994,2788.9421033110348,3565.3811747924537,1.254143642043675,4471.500131828164,7147857.618261717,1190.4052795316447,1044.1899651456636,277.40431547543886,3476560.880523057,278586.9685720945,183.97788021824272,47.46403225184526,95112.66540916132,2.195928523328578,0.037488231824125196,7422.101260169155,0.8453459438729352,9321.845839623931,24.442917105771556,277.40431547543886,0.467113072605936,,,0.00022363859342908082,2.045582357606319e-05,0.00010727489139000208,8732.332040304796,60176.37495948377,5691160.736696998,292.3567834767764,11340339.487255806,0.12099477498403595,0.02026875950487939,0.12826911659033982,0.5735764363510495,0.8191520442889895,0.0020098792913880916,0.0010923734768000753,0.0026098792913880915,7.537047342705344e-05,two-phase,False,
0.30435207072912374,1.0112480344947696,2788.7738195310108,3623.775972367879,1.2529998653231824,4540.590805338337,7237197.905476783,1194.8847826752638,1047.0643021269984,277.4515047582297,3480651.00213168,278144.3482630734,184.89652304412493,47.77214578910942,95984.99221013252,2.19647041223604,0.037519983910201025,7476.302887786365,0.8446166192540494,9403.687062143536,24.479686030765297,277.4515047582297,0.4648981945470238,,,0.0002202356571801863,2.0425098564238763e-05,0.00010634126735519564,8832.903654763366,60941.3862217731,5753858.379445468,292.3734513567639,11305315.589997314,0.12125485396689267,0.0200866502405532,0.12858661440368224,0.5735764363510408,0.8191520442889955,0.0019869947663097793,0.001088965235210585,0.002586994766309779,7.451230373661672e-05,two-phase,False,
0.3106084245930817,1.011715223528763,2788.5963466440644,3683.672165701544,1.2518420752830952,4611.375808574395,7328424.312425553,1199.3907349914473,1049.9320417301278,277.49985167355385,3484845.038636964,277700.1937549968,185.8318529938852,48.08550694789743,96874.03091155991,2.1970284650905567,0.03755256425925095,7531.746434497904,0.843870593300207,9487.466222619241,24.5165542147899,277.49985167355385,0.46266910898654023,,,0.00021685502147549967,2.0394383142895714e-05,0.00010540221978507621,8935.81885827812,61726.008048286385,5817763.393350009,292.3905487207705,11269481.770537678,0.1215149329497494,0.019904540976227007,0.12890411221702466,0.5735764363510408,0.8191520442889955,0.0019641102412314673,0.001085499519175921,0.002564110241231467,7.365413404618002e-05,two-phase,False,
0.31708434770408783,1.012208821003671,2788.409019860696,3745.1226292164597,1.2506694213699,4683.910351641468,7421587.013118219,1203.9237381307976,1052.7929437311318,277.54941068591336,3489147.691657396,277254.4894733148,186.7847828805502,48.404160098131285,97780.30580000074,2.197603535278427,0.03758600026717575,7588.459925267451,0.8431076096686333,9573.233050994484,24.55352346488632,277.54941068591336,0.46042453695341967,,,0.00021349682742103547,2.036367614265397e-05,0.00010445791872747925,9041.160534444844,62531.00529677263,5882904.482836392,292.40809638517857,11232798.942477763,0.12177501193260612,0.019722431711900818,0.12922161003036708,0.5735764363510446,0.8191520442889928,0.001941225716153155,0.0010819748625142903,0.002541225716153155,7.279596435574331e-05,two-phase,False,
0.3237920716338684,1.012730824714091,2788.2111112033,3808.1826114128344,1.2494812424123598,4758.252740641253,7516744.773870771,1208.4831766888828,1055.6452990553146,277.60021297741497,3493563.037480301,276807.2195530672,187.7558128431101,48.72826776067565,98704.32064790596,2.1981962243375026,0.03762032082401587,7646.495119381554,0.8423269532243027,9661.065802449111,24.590582158868703,277.60021297741497,0.4581642027506499,,,0.00021016117774887963,2.0332987514070412e-05,0.00010350824851503411,9149.015521842373,63357.169102638756,5949317.95335346,292.4261070448517,11195257.253572335,0.12203509091546284,0.019540322447574632,0.1295391078437095,0.573576436351047,0.8191520442889911,0.001918341191074844,0.0010783897487461735,0.0025183411910748438,7.193779466530665e-05,two-phase,False,
0.3307448567030076,1.013283432597299,2788.001821696567,3872.9098648879717,1.2482767845776985,4834.463473101606,7613957.701575266,1213.068482363579,1058.4874250216658,277.65231250752527,3498095.172666223,276358.36788960587,188.7454540928401,49.05800193856691,99646.63587081619,2.1988074172647445,0.03765555591920125,7705.904373288433,0.8415279147980432,9751.044208372969,24.627719050770114,277.65231250752527,0.4558881705138034,,,0.0002068481860632279,2.030232677940042e-05,0.00010255311929991312,9259.474852782241,64205.34330889764,6017040.708339882,292.44460158660735,11156813.442465149,0.12229516989831958,0.019358213183248426,0.12985660565705195,0.5735764363510542,0.8191520442889861,0.0018954566659965294,0.0010747426089188202,0.0024954566659965293,7.107962497486986e-05,two-phase,False,
0.3379571149595415,1.013869068901114,2787.780272324004,3939.364784784117,1.2470551561335734,4912.605166756058,7713286.136036669,1217.6793026321966,1061.31786825676,277.7057744149995,3502749.652086944,275907.91825770336,189.75474811989812,49.39340966394396,100607.85137558928,2.199438153690227,0.03769173684232627,7766.737146319734,0.8407098592560875,9843.245397376753,24.664925103962783,277.7057744149995,0.4535950843659248,,,0.0002035579831994376,2.027170153132424e-05,0.00010159250934315852,9372.634009564628,65076.42162129638,6086109.157546187,292.4636050222445,11117420.348038562,0.1225552488811763,0.019176103918922233,0.13017410347039438,0.5735764363510408,0.8191520442889955,0.0018725721409182175,0.0010710318193168505,0.0024725721409182173,7.022145528443316e-05,two-phase,False,
0.3454445528226822,1.0144904147243599,2787.5454935066346,4007.610556297023,1.245815365531197,4992.7428100998595,7814791.986116016,1222.3152616774662,1064.1351226073537,277.76062907725003,3507530.6604033797,275455.85435401194,190.78394236100291,49.734757979802325,101588.52881386805,2.2000890862102946,0.03772889671245695,7829.043953013165,0.8398721459839485,9937.74855417135,24.7021909073305,277.76062907725003,0.451285555061155,,,0.0002002907095428773,2.0241119578248523e-05,0.00010062641397585492,9488.593199757037,65971.32534617798,6156560.473375648,292.48313015944865,11077070.546030443,0.12281532786403303,0.018993994654596044,0.1304916012837368,0.5735764363510495,0.8191520442889895,0.0018496876158399056,0.001067255699051928,0.0024496876158399054,6.936328559399646e-05,two-phase,False,
0.353224337394315,1.0151504438412342,2787.2964128012327,4077.71331193188,1.2445564324938465,5074.944332230608,7918542.424279823,1226.9753716442435,1066.9369238163188,277.81694100729595,3512443.907032469,275002.15963217337,191.83411676352293,50.08211164027059,102589.31019260417,2.2007612943237413,0.03776706989065419,7892.888698496345,0.8390138921324177,10034.649478894531,24.739500200582906,277.81694100729595,0.4489582105761103,,,0.00019704649638205323,2.021059422971767e-05,9.965470165183739e-05,9607.457652163459,66891.0439504382,6228436.194070966,292.50320209786827,11035719.363688687,0.12307540684688974,0.018811885390269855,0.13080909909707922,0.5735764363510495,0.8191520442889895,0.0018268030907615937,0.0010634125075240043,0.0024268030907615935,6.850511590355976e-05,two-phase,False,
0.36131529145369917,1.0158524649533465,2787.031840439205,4149.742299252788,1.243277066196564,5159.27943128679,8024600.710673778,1231.6594638218098,1069.721967118002,277.8747743337448,3517495.200107693,274546.8176731275,192.9060758846114,50.43562205444127,103610.86083763189,2.201455882015482,0.03780629241630378,7958.3199612503195,0.8381345311107928,10134.026847349221,24.776845616402237,277.8747743337448,0.44661257547449057,,,0.00019382551639591795,2.0180131391261552e-05,9.867745715135658e-05,9729.337935321628,67836.62000978536,6301773.320594984,292.52384599109496,10993323.74017636,0.12333548582974646,0.018629776125943666,0.13112659691042164,0.5735764363510495,0.8191520442889895,0.0018039185656832817,0.0010595004417460684,0.0024039185656832816,6.764694621312307e-05,two-phase,False,
0.3697381234558944,1.0166001718153954,2786.7504522283953,4223.770059936878,1.2419761124636475,5245.8215189807515,8133040.164142696,1236.365992003198,1072.487271700938,277.9341927844056,3522689.862663981,274089.8117595737,194.00048972361125,50.79549188042658,104653.87046687111,2.2021739790535313,0.03784660210709369,8025.414558436527,0.837232968655018,10235.99351629606,24.814204520092705,277.9341927844056,0.4442486194606556,,,0.0001906279114494725,2.014974929360065e-05,9.76944737614346e-05,9854.350300554475,68809.15279668439,6376617.846987305,292.54508704917464,10949837.392434305,0.12359556481260318,0.018447666861617477,0.13144409472376406,0.5735764363510408,0.8191520442889955,0.0017810340406049698,0.0010555176335237666,0.0023810340406049697,6.678877652268637e-05,two-phase,False,
0.3785157005769332,1.0173977030790808,2786.450769209998,4299.872621015696,1.2406520379244839,5334.645730078814,8243929.045245645,1241.094345865303,1075.230964363191,277.99525966933425,3528034.7020047205,273631.1253192915,195.11835575950334,51.16185513636321,105719.05432346494,2.2029167423567237,0.03788803866640132,8094.231221246793,0.8363084805753458,10340.64204188065,24.8515644941819,277.99525966933425,0.4418653945371546,,,0.00018745387240273704,2.0119457675071403e-05,9.670579408414859e-05,9982.61705181309,69809.8021614332,6453010.131625705,292.5669505412236,10905227.240894012,0.12385564379545991,0.018265557597291284,0.13176159253710648,0.5735764363510518,0.8191520442889878,0.0017581495155266575,0.00105146214648062,0.0023581495155266573,6.593060683224965e-05,two-phase,False,
0.38767337513520705,1.0182497142303557,2786.1311332900377,4378.129699264951,1.2393032456542956,5425.83034619452,8357340.848006365,1245.8432299154142,1077.9503338986747,278.05803786333644,3533535.8682920197,273170.7417875563,196.26054160772648,51.53489775341695,106807.1543728482,2.2036853574335997,0.03793064379874279,8164.842840009724,0.8353600903362374,10448.082684918307,24.88890550548695,278.05803786333644,0.4394623967755563,,,0.00018430358787413316,2.00892723020613e-05,9.571134055471144e-05,10114.266944784416,70839.79273456491,6530994.886063068,292.5894617981475,10859455.54212643,0.12411572277831665,0.01808344833296508,0.13207909035044893,0.5735764363510336,0.8191520442890005,0.0017352649904483438,0.0010473319729188922,0.0023352649904483437,6.507243714181289e-05,two-phase,False,
0.3972393777911876,1.0191614647094456,2785.7896778327395,4458.624919790167,1.2379279020672662,5519.456193060674,8473349.72233813,1250.611314973146,1080.6426213047762,278.1226125723125,3539200.6669106213,272708.64473363856,197.42809121342694,51.91477846443513,107918.98266024563,2.204481321702895,0.03797446112932255,8237.323327338716,0.8343868240999907,10558.427989504364,24.92620711338381,278.1226125723125,0.43703899927977785,,,0.0001811772691043817,2.005920907764308e-05,9.471106882521271e-05,10249.435618001351,71900.43244068931,6610616.788587993,292.61265440532867,10812461.921415716,0.12437580176117337,0.017901339068638892,0.13239658816379135,0.570887967011391,0.8210279709739499,0.001712380465370032,0.0010431250305054133,0.0023123804653700317,6.42142674513762e-05,two-phase,False,
0.4071491427790782,1.0201294156297485,2785.4278429595843,4540.656895802325,1.2365352360327575,5614.682246394696,8590835.509882778,1255.361646355292,1083.2916752296542,278.18902290651585,3545033.876958931,272244.86022355716,198.62160566778385,52.29513830961691,109045.68734370488,2.2053056039471564,0.03801910187991537,8310.845431216094,0.8334008929580329,10670.484670611586,24.963203787632857,278.18902290651585,0.43459524569134333,,,0.00017810446898257166,2.0029480360517965e-05,9.371645533161e-05,10386.944339674947,72983.0521071459,6691083.699719714,292.6365456434901,10764232.328385489,0.12463706672634321,0.01772094060226071,0.13271408597713377,0.562075256703779,0.8270860933429971,0.0016897109255023294,0.0010388797958641898,0.002289710925502329,6.336415970633735e-05,two-phase,False,
0.41729588294380565,1.0211452253375786,2785.0488554243607,4623.212720965067,1.2351384147013125,5710.307630999734,8708226.572287923,1260.0475533905985,1085.8800611074437,278.25731895850623,3551039.560245983,271779.4484254156,199.8422670253419,52.66704951390267,110174.98849871315,2.206159342425012,0.038064006088857356,8384.226226947709,0.8324196492190619,10782.542538508651,24.999575001431502,278.25731895850623,0.4321297473130474,,,0.00017512191367261324,2.0000340004634858e-05,9.274250450935957e-05,10525.10257239424,74075.018407006,6771291.776204549,292.6611569478146,10714731.145021698,0.12490097794504704,0.01754443724095565,0.1330315837904762,0.5496664146917245,0.8353842424656723,0.001667530858973934,0.00103464916659741,0.002267530858973934,6.253240721152252e-05,two-phase,False,
0.42767977144501745,1.0222106636999568,2784.6521613063815,4706.183469969268,1.2337377774575897,5806.196334547532,8825351.354687912,1264.6637134173457,1088.405439224614,278.3275049699822,3557219.542922631,271312.4450242882,201.09015764660828,53.02964797358461,111305.77009649889,2.2070431332372813,0.03810911315782405,8457.365409108188,0.8314443742281239,10894.44728896151,25.035282443074756,278.3275049699822,0.4296436163964591,,,0.00017222979423721612,1.997181382462532e-05,9.178987914450894e-05,10663.74027095227,75175.13536255618,6851125.099846939,292.6864934162025,10663970.899805719,0.12516751100396672,0.017371918691798903,0.13334908160381861,0.5370490176633733,0.8435510373574356,0.001645851538708382,0.0010304383506974334,0.002245851538708382,6.171943270156433e-05,two-phase,False,
0.4383033271649037,1.023327792977198,2784.2371082595687,4789.475165283366,1.2323330812336522,5902.228687925705,8942054.075886052,1269.207015613553,1090.867488719417,278.3995962879937,3563576.1159088733,270843.8874630596,202.3659336210388,53.382074067929324,112437.15695467035,2.2079577355771747,0.03815437085855187,8530.154909724108,0.8304765586778177,11006.039942237854,25.070308953982188,278.3995962879937,0.42713653662831297,,,0.00016942752524071422,1.994391058035125e-05,9.085920142469248e-05,10802.713257383963,76282.40087063343,6930476.981617103,292.7125642849065,10611951.978714349,0.12543660780785068,0.01720342706029011,0.13366657941716104,0.5243023584317271,0.8515321702337081,0.0016246782558388068,0.0010262516101986136,0.0022246782558388066,6.0925434593955255e-05,two-phase,False,
0.4491689794948811,1.0244987332207072,2783.8030341467424,4872.988466913565,1.230924229837193,5998.279575641104,9058178.839168543,1273.6735503604866,1093.2650121673425,278.4736306072255,3570112.49011858,270373.81524353486,203.6705968628541,53.72336130815123,113568.28886745361,2.208904222135929,0.038199724040848725,8602.499990140575,0.829517409902295,11117.175566860376,25.104628998963808,278.4736306072255,0.42460761222184384,,,0.0001667144699391773,1.9916645652108123e-05,8.995090470469308e-05,10941.869063109923,77395.75543232527,7009242.8518375335,292.739387044379,10558650.348884322,0.12570820864991966,0.01703900226082743,0.13398407723050346,0.5114331855508166,0.8593230456105223,0.0016040160261564093,0.001022093313087219,0.002204016026156409,6.015060098086535e-05,two-phase,False,
0.46027906458458934,1.0257256621201776,2783.349267993424,4956.61868238683,1.229511053884131,6094.217459883204,9173562.210678004,1278.0596600879956,1095.5972166354945,278.5496225934979,3576829.9522143486,269902.2700391071,205.0045093689132,54.05269810395017,114698.23400758268,2.209883404529132,0.03824511502536798,8674.296367810766,0.8285682795984738,11227.696253648692,25.13822032934154,278.5496225934979,0.42205742812174063,,,0.0001640899765364075,1.9890031730543626e-05,8.906546609461648e-05,11081.04685486629,78514.05118604025,7087312.977327017,292.7669710336118,10504059.76735327,0.1259822524560294,0.0168786821555395,0.1343015750438459,0.4984477880087757,0.8669197209829517,0.001583869607556597,0.0010179679291604476,0.002183869607556597,5.939511028337239e-05,two-phase,False,
0.47163582266222515,1.0270108148463266,2782.8751309873624,5040.255809609188,1.228093326621909,6189.904524248351,9288033.807385104,1282.3618725033045,1097.8636309178596,278.6275753199339,3583730.7355534425,269429.2957793986,206.36847506971642,54.36914434000623,115826.010019803,2.2108959720404697,0.03829048351534087,8745.431708494427,0.827630634517714,11337.43289729376,25.171063224154366,278.6275753199339,0.4194852503320518,,,0.00016155338036032656,1.986407946090238e-05,8.820338863824274e-05,11220.077408292389,79636.0573902298,7164572.977368003,292.79532152936025,10448198.30587308,0.12625867699337343,0.016722502680160043,0.13461907285718833,0.4853520465361525,0.8743188153775305,0.0015642435158568528,0.001013880025031218,0.0021642435158568526,5.8659131844631975e-05,two-phase,False,
0.4832413966171962,1.028356483926181,2782.379937510566,5123.784614721688,1.2266708141399765,6285.197044818538,9401418.317151655,1286.5766635460525,1100.0638099088203,278.7074916160911,3590815.7546675387,268954.9386380506,207.76297541428082,54.67183510828798,116950.60654353462,2.2119426356254204,0.03833576653298202,8815.791102781657,0.826705955407449,11446.211720503274,25.20313783691664,278.7074916160911,0.4168912561325073,,,0.00015910400149258508,1.983879956675943e-05,8.736514965984147e-05,11358.783133456851,80760.46697902103,7240905.723018541,292.82444384731707,10391073.8972413,0.12653741904916457,0.0165704979584165,0.13493657067053075,0.47215147778213123,0.8815174314942102,0.0015451420391712333,0.001009834258272646,0.002145142039171233,5.7942826468921256e-05,two-phase,False,
0.49509783210104263,1.0297650192019236,2781.862996185587,5207.084746977875,1.2252433539747416,6379.94597981789,9513538.822129546,1290.7000847401982,1102.1968651590723,278.7893628128119,3598085.307384355,268479.24686566764,209.18842156321884,54.95991637925699,118070.96339526973,2.2130239792088524,0.03838089856362255,8885.26575529055,0.8257955795307167,11553.86463570124,25.23441998303698,278.7893628128119,0.4142756793318462,,,0.0001567411390571906,1.981420616507567e-05,8.655112653042666e-05,11496.978156623267,81885.8882614312,7316194.483246551,292.8543392286454,10332706.027078435,0.12681841458380907,0.016422700406203382,0.13525406848387317,0.458851272539587,0.8885130892051065,0.0015265692510011823,0.0010058353706985845,0.002126569251001182,5.724634691254433e-05,two-phase,False,
0.5072070794626212,1.0312388279399058,2781.3236109124146,5290.030892524506,1.2238106325425266,6473.9960527499225,9624208.702839315,1294.7288363061966,1104.2627880842626,278.8732025401766,3605539.7796237445,268002.27104393014,210.64539780150994,55.23248351936156,119186.04007037517,2.2141409059857837,0.03842581135207162,8953.72933813437,0.8249011351683064,11660.201281186704,25.264893120544592,278.8732025401766,0.41163863242595117,,,0.0001544641040637082,1.9790307349189466e-05,8.576181284395685e-05,11634.468462501258,83010.86886368407,7390314.947476651,292.88501717728184,10273083.550831338,0.12710159886233655,0.01627914082664177,0.1355715662972156,0.4454563289774819,0.8953036685806138,0.001508529022181054,0.0010018881807798991,0.002108529022181054,5.6569838331789526e-05,two-phase,False,
0.5195709979039502,1.0327803751755715,2780.761081865817,5372.492968780101,1.2223723619900084,6567.1869200224455,9733238.621494936,1298.659424028176,1106.2613995644788,278.9589904556592,3613179.745336962,267524.06399979943,212.13461638143963,55.48859635395582,120294.70283284833,2.215293892471424,0.0384704344512629,9021.056613914541,0.8240241993078098,11765.03115950031,25.294538882678218,278.9589904556592,0.4089794833168079,,,0.00015227219998126414,1.9767112668829936e-05,8.49976499375861e-05,11771.052101090967,84133.85647686514,7463141.869398552,292.91647489061904,10212244.937860547,0.1273869065672359,0.01613984849698255,0.135889064110558,0.431931256679513,0.9019065303584716,0.0014910250317987017,0.000997997575200199,0.0020910250317987015,5.5913438692451314e-05,two-phase,False,
0.5321889059171857,1.0343918669197083,2780.1748217357585,5454.320660093868,1.2209283889901472,6659.334936564083,9840409.783444408,1302.488254355861,1108.1930020872414,279.0467061148207,3621004.211654047,267044.6816604717,213.6564480533475,55.72728364422408,121395.61830145007,2.2164834302020333,0.03851468643371453,9087.092661370352,0.8231667926778579,11868.122466739844,25.323340813906523,279.0467061148207,0.40629851742017326,,,0.00015016514554769562,1.974463020793137e-05,8.425932600564902e-05,11906.493483086324,85253.0209613859,7534529.221333393,292.948709586613,10150216.469160447,0.1276742836904591,0.016004876843439483,0.13620656192390046,0.41824116275204504,0.9083360225047873,0.001474063993590151,0.0009941692310822443,0.002074063993590151,5.527739975963066e-05,two-phase,False,
0.545059564839377,1.036075474162619,2779.564273973036,5535.358277807269,1.219478783346987,6750.251978010081,9945507.375760436,1306.210774257861,1110.0567631080673,279.1363401623539,3629011.918222794,266564.18224737287,215.21135500863622,55.947549379483895,122487.44675939243,2.2177101795578418,0.03855848295860978,9151.70270335153,0.8223305426002303,11969.265769762174,25.351271986392213,279.1363401623539,0.4035959589405055,,,0.00014814261797302443,1.9722876243384738e-05,8.354731353081733e-05,12040.547911371314,86366.45117928278,7604336.680942282,292.9817226268355,10087006.989175307,0.12796367383087318,0.015874277381223233,0.13652405973724288,0.40449728008989255,0.9145392011280211,0.0014576523811476974,0.000990408902412823,0.0020576523811476973,5.466196429303865e-05,two-phase,False,
0.558188273891577,1.0378342853807305,2778.9285696436264,5615.488181951441,1.2180226650059345,6839.791880689824,10048360.699536249,1309.8252877287348,1111.8540172641674,279.22784958468606,3637201.2261681478,266082.6249855233,216.7997441264087,56.14874352035625,123569.22548971011,2.218974355922174,0.038601760933540445,9214.761060331984,0.8215170555290222,12068.273962060193,25.378330593010634,279.22784958468606,0.40087175223249,,,0.00014620327890724438,1.970184753356879e-05,8.28618908672246e-05,12173.033228232583,87472.68159724955,7672451.187746334,293.0155030232089,10022669.529646281,0.12825498975941052,0.0157480327134855,0.1368415575505853,0.390743947463928,0.9204994120151881,0.001441788008318907,0.0009867204329387354,0.002041788008318907,5.406705031195901e-05,two-phase,False,
0.571576428523104,1.0396709625996159,2778.2670172271023,5694.563954102344,1.2165597434176412,6927.777262878096,10148770.17233841,1313.32815051155,1113.5845779296442,279.3212025829998,3645569.0564363296,265600.071794021,218.42173890742563,56.33010335746903,124639.71262241513,2.2202763364245874,0.038644441440034726,9276.138800791221,0.8207278750757271,12164.947512074947,25.404497479329034,279.3212025829998,0.3981267056508638,,,0.00014434644216384016,1.968155443369178e-05,8.220339619282356e-05,12303.7191281734,88569.86227521863,7738742.866132058,293.05004391406874,9957230.3753964,0.12854816417139778,0.015626166345050898,0.13715905536392772,0.3769180972551667,0.9262465913359923,0.0014264738288071546,0.00098310887771319,0.0020264738288071544,5.34927685802683e-05,two-phase,False,
0.585225378441798,1.0415882283591724,2777.5789265274657,5772.436053883916,1.215089623097548,7014.027149068505,10246530.979861256,1316.7161779106398,1115.2488522144035,279.4163673633295,3654113.585515152,265116.5868007651,220.0780367362399,56.49073264793536,125697.65063591927,2.22161650824382,0.03868644389665933,9335.695530128021,0.8199647321531893,12259.07244043877,25.429758757284908,279.4163673633295,0.3953602416379844,,,0.00014257144700855693,1.966200327625067e-05,8.157224005800953e-05,12432.369534949425,89656.07964094912,7803077.592759968,293.08533844417315,9890725.5401804,0.12884312958568422,0.015508700610876273,0.13747655317727014,0.3629227053022566,0.9318192474810183,0.0014117126493058936,0.0009795793046956415,0.0020117126493058935,5.293922434897102e-05,two-phase,False,
0.5991283168590551,1.043587685669931,2776.8640311703143,5848.908352729218,1.2136124951612208,7098.308259925012,10341372.240093345,1319.9855945887798,1116.8479509157462,279.5132677153995,3662830.2994392156,264632.23834727897,221.76862374969346,56.62961024829479,126741.19520045565,2.2229946333442547,0.03872766253160323,9393.227015774231,0.819230309084128,12350.34502639728,25.454101103827448,279.5132677153995,0.3925729564908742,,,0.00014087863803347478,1.9643200047037476e-05,8.096939784780329e-05,12558.670728245872,90728.75325056104,7865274.767482256,293.12136322519154,9823231.76714404,0.12913984234580567,0.015395720961673272,0.13779405099061257,0.34878202295681604,0.9372038734779914,0.0013975152078682415,0.0009761387505531355,0.0019975152078682413,5.240682029505906e-05,two-phase,False,
0.6132869014943869,1.045672154176676,2776.121651281504,5923.833214165773,1.2121279864263048,7180.444025812024,10433103.173558181,1323.1330706235942,1118.3818182387254,279.611861034449,3671714.299648949,264147.0952981626,223.49354370845086,56.74610596889861,127769.11963896405,2.2244109423849086,0.03876801793077069,9448.612242786607,0.8185259907891674,12438.575182560187,25.477507590398467,279.611861034449,0.38976572997358194,,,0.0001392671534525209,1.962515360758568e-05,8.039506015142914e-05,12682.388314644426,91785.93118052774,7925212.086521924,293.158107239705,9754776.495299662,0.1294382269261101,0.015287234118767468,0.138111548803955,0.33467096818462283,0.9423350481937766,0.0013838823491208805,0.0009727919276039379,0.0019838823491208804,5.1895588092033015e-05,two-phase,False,
0.6277075055936768,1.0478452425885039,2775.350854209893,5997.084401537261,1.2106350986284695,7260.280865938318,10521555.373910159,1326.1568673392,1119.851662311137,279.71209376922934,3680761.7962079956,263661.227718384,225.25334619809527,56.83965431626448,128780.41001390501,2.2258655078454486,0.038807442474499916,9501.731039327864,0.8178532228018172,12523.580328647888,25.499975564065252,279.71209376922934,0.3869381156273484,,,0.00013773571828212738,1.9607861926919005e-05,7.984937004895352e-05,12803.322331481582,92825.90704884687,7982780.215782163,293.19555532005677,9685410.632775182,0.12973819795887423,0.015183214536566625,0.13842904661729744,0.32054936460986116,0.9472318115689603,0.0013708108629100148,0.000969542513349653,0.0019708108629100146,5.140540735912556e-05,two-phase,False,
0.642389071769359,1.05010953885461,2774.551099419475,6068.4945185338765,1.209133519682347,7337.620136367896,10606508.610983081,1329.0540017415244,1121.2584017070612,279.81386839310915,3689965.8924998986,263174.7088958565,227.04763702973113,56.90966038407511,129773.51279688768,2.22735774813635,0.03884584625359657,9552.424078101765,0.8172139899328217,12605.119162412668,25.521494702544167,279.81386839310915,0.38409131783794936,,,0.0001362839696543623,1.959132902784712e-05,7.933284779900456e-05,12921.203914368754,93846.37400427237,8037835.0204153,293.2336757025684,9615221.67305763,0.1300396919427566,0.01508369447137983,0.13874654443063986,0.30618468957957734,0.9519721297743217,0.0013583048026829902,0.0009663959411521779,0.00195830480268299,5.0936430100612137e-05,two-phase,False,
0.6573153039115438,1.052465232934597,2773.722715083962,6137.827994343807,1.2076241730435913,7412.189455953245,10687654.38529874,1331.8202315047356,1122.603388016788,279.91710999145226,3699320.1685349494,262687.616973875,228.87658916235708,56.954932556393466,130746.20248185635,2.2288873839491736,0.03888310176839392,9600.455293289408,0.8166113911014181,12682.838992398321,25.54205055176262,279.91710999145226,0.3812254942867712,,,0.00013491290339277964,1.9575562227735693e-05,7.88466999068085e-05,13035.650699479424,94844.11743786115,8090171.938450684,293.2724448430445,9544269.510677477,0.130342672429858,0.014988796210159501,0.13906404224398228,0.29178240296593966,0.9564847250842127,0.001346379535471461,0.0009633605313519742,0.0019463795354714608,5.048923258017979e-05,two-phase,False,
0.6725035461586403,1.0549178182170982,2772.864189817889,6205.0093150303655,1.2061051442103368,7483.893654731182,10764901.972182728,1334.454924691927,1123.887444293869,280.0217330576658,3708817.4477131316,262200.0270909494,230.7400797891066,56.97555244360064,131697.93589326364,2.2304539536898855,0.03891916925916518,9645.771854912291,0.8160458673028245,12756.652899681056,25.561644067338115,280.0217330576658,0.3783413396494845,,,0.0001336202845918071,1.956055716458726e-05,7.839046871182033e-05,13146.54351686484,95817.98543433557,8139736.126767712,293.31183499566066,9472622.622318618,0.13064703246003123,0.014898420968414728,0.1393815400573247,0.2774734632294671,0.9607333018082831,0.0013350226476501895,0.0009604375155023523,0.0019350226476501893,5.0063349286882104e-05,two-phase,False,
0.6879503641773753,1.0574696202616471,2771.9751610737476,6269.863570816221,1.2045762642288806,7552.528837358554,10838029.386363806,1336.9552333439074,1125.1116746840305,280.1276525998132,3718449.9040111415,261712.01885476254,232.63797453755672,56.97091427128212,132627.10147586325,2.2320569719328036,0.038953954382830905,9688.210196291588,0.8155194644808977,12826.312809597253,25.580266529993274,280.1276525998132,0.37543955874756474,,,0.00013240598235832003,1.9546317057085466e-05,7.796472882306073e-05,13253.598103623855,96765.495232259,8186382.81845979,293.3518183472274,9400343.821402121,0.13095271049030457,0.014812608528296802,0.13969903787066712,0.26292199453885934,0.9648170939549672,0.001324239138391746,0.000957632449808914,0.0019242391383917459,4.9658967689690475e-05,two-phase,False,
0.7036361811234224,1.0601202037074042,2771.0562492925433,6332.158083431713,1.2030387052176652,7617.83126192526,10906746.306949751,1339.3172238480126,1126.2773996764884,280.23475126651425,3728208.6236258443,261223.67600360414,234.56985233746568,56.940112655882764,133531.3987865376,2.2336954219013316,0.03898733127170924,9727.549145551342,0.8150350586041483,12891.485231208553,25.597904873805263,280.23475126651425,0.3725210622554491,,,0.00013127095699770976,1.9532848585262844e-05,7.757058105136981e-05,13356.43381776908,97683.34095870264,8229921.441640438,293.39235454845056,9327531.112534732,0.13125966307225595,0.014731473198219845,0.14001653568400954,0.24835995615195205,0.9686678131228478,0.0013140433721150918,0.0009549533138699617,0.0019140433721150918,4.9276626454315946e-05,two-phase,False,
0.7195832954327129,1.0628761966641584,2770.105653998152,6391.83200127089,1.2014899877543088,7679.722152934561,10970978.014859043,1341.541209037492,1127.386165588729,280.3429125105438,3738084.4721815116,260735.07926348812,236.53548773195266,56.88344189831882,134410.32424206924,2.235368241556706,0.039019268092913915,9763.735192152406,0.8145931690504274,12952.08712777077,25.614568394425596,280.3429125105438,0.36958630754129185,,,0.00013021304418127705,1.9520141518715308e-05,7.720763380720969e-05,13454.952673291033,98570.46037920422,8270306.019354736,293.43340313960886,9254279.1282599,0.13156778703489977,0.014654907011248063,0.14033403349735196,0.23381518475252236,0.9722810598685669,0.0013044217812949346,0.0009524006656067992,0.0019044217812949347,4.891581679856005e-05,two-phase,False,
0.7357736038486281,1.065737400170816,2769.12397113461,6448.669230357268,1.1999311566479145,7737.959128422413,11030463.13442994,1343.6236613806107,1128.4391603131894,280.4520533697144,3748067.780001145,260246.31520273397,238.53470103912494,56.80011922807886,135261.80104471877,2.237074836426695,0.03904964758376759,9796.57160394606,0.8141963324993305,13007.819392665844,25.630245393402937,280.4520533697144,0.3666360370082657,,,0.00012923304238282742,1.9508201826608218e-05,7.687683614086976e-05,13548.799459056443,99423.74164794618,8307366.412394818,293.47493603158597,9180633.59254046,0.1318770332393642,0.014583007362936964,0.1406515313106944,0.2191102398913633,0.975700109036967,0.0012953866050177411,0.0009499817309646249,0.001895386605017741,4.8576997688165295e-05,two-phase,False,
0.7522064871123841,1.068706569790538,2768.1108026520496,6502.528750177719,1.1983616585769357,7792.38113800718,11085032.683349935,1345.5632543445222,1129.4380919609416,280.56201516618273,3758146.760976935,259757.4704346075,240.56641587157733,56.69013256145352,136084.3419549922,2.23881336818031,0.03907839401967881,9825.925895559758,0.81384622305483,13058.48166343139,25.644937778406728,280.56201516618273,0.3636719394075992,,,0.00012833047848782967,1.9497025273385713e-05,7.657858132162273e-05,13637.742005593474,100240.97310909789,8340993.425098795,293.51689590338646,9106725.162875043,0.13218732829297933,0.014515778366674689,0.14096902912403683,0.20447594710047523,0.9788715886454993,0.0012869383601871098,0.0009477005185877794,0.0018869383601871099,4.826018850701662e-05,two-phase,False,
0.7688963683555023,1.0717893030340155,2767.064822611208,6553.317682227545,1.196779721868997,7842.877713055463,11134576.814587051,1347.3592984447228,1130.3841728733198,280.6726839293461,3768311.4246504954,259268.63172773967,242.63056563881818,56.55357896831767,136877.03746594145,2.2405826210175097,0.0391054576048821,9851.717779170252,0.8135437687123183,13103.94994002631,25.658648163618285,280.6726839293461,0.3606940495233271,,,0.00012750421931676602,1.9486607276097897e-05,7.631286784341853e-05,13721.626853982489,101020.60380329512,8371117.782794573,293.55924193494775,9032637.204381362,0.13249858887952912,0.014453170947545413,0.14128652693737925,0.18968238128550258,0.9818455042570909,0.00127907087986724,0.0009455590432239572,0.0018790708798672399,4.7965157995021504e-05,two-phase,False,
0.7858027466503391,1.074980995595949,2765.988193308372,6600.785836932818,1.1951882241599732,7889.181502504037,11178812.86160396,1349.008135484149,1131.278916521828,280.7839356954748,3778548.7284849393,258779.8914308338,244.72606049264027,56.389744363578174,137637.29017119188,2.2423811486197307,0.03913070228712371,9873.72913804344,0.8132918734685219,13143.890456287543,25.671365825131794,280.7839356954748,0.35770436797904814,,,0.0001267558617687524,1.9476953560083245e-05,7.608097490812832e-05,13800.039990285553,101758.9528671738,8397557.073944861,293.60192901255675,8958444.364254873,0.13281077139925254,0.014395335616281476,0.14160402475072167,0.1748780666530409,0.9845900983676885,0.0012718030777945713,0.0009435659870360988,0.0018718030777945714,4.7692615417296425e-05,two-phase,False,
0.8029681965858331,1.0782926163654274,2764.877846805681,6644.929638372156,1.1935829261842528,7931.274562056707,11217730.799507752,1350.5111253239306,1132.123767296078,280.89562579076875,3788847.8935806085,258291.33742379647,246.85249747028524,56.19944817997591,138364.980553042,2.2442070859633536,0.039154127147435255,9891.950222852203,0.8130905396297964,13178.289406257585,25.683104784108156,280.89562579076875,0.35470316587483663,,,0.00012608313987565246,1.946805124236316e-05,7.588238269567517e-05,13872.97413967893,102455.59709131249,8420306.404061513,293.6449035363192,8884263.499785686,0.13312377586408858,0.01434212830011512,0.1419215225640641,0.16007050711533874,0.9871055833860115,0.001265116849251153,0.0009417197194207044,0.001865116849251153,4.744188184691824e-05,two-phase,False,
0.8203462113211368,1.0817181396358773,2763.7364634704004,6685.512789114341,1.191967180489144,7968.911829364735,11251077.278486462,1351.8652419784976,1132.9203635211074,281.0076106791809,3799194.8352085347,257803.06419129096,249.00850523111737,55.982172360045446,139057.5417708002,2.246058490351186,0.039175603615723795,9906.183552884382,0.8129424402936268,13206.842180673533,25.693858101997254,281.0076106791809,0.3516926246759129,,,0.000125487647675444,1.9459903530841624e-05,7.571832738816003e-05,13940.03705896569,103106.98409948083,8439204.100695152,293.6881117409884,8810186.162275149,0.1334375545442867,0.0142936955307976,0.14223902037740652,0.14517372678703755,0.989406180014438,0.0012590306079599159,0.0009400284418053794,0.001859030607959916,4.721364779849685e-05,two-phase,False,
0.8379683911323627,1.0852666875284784,2762.5616864706262,6722.503191443728,1.190337719186174,8002.049116124902,11278813.715649791,1353.070998276537,1133.669848834741,281.119758754993,3809577.7567827716,257315.1629235985,251.19370649103783,55.73855214133277,139714.51074865865,2.247933520636504,0.03919511480686035,9916.399101913637,0.8128479067078401,13229.502696545092,25.703634061046497,281.119758754993,0.34867299116442063,,,0.00012496799075937978,1.9452502273121884e-05,7.558863117818872e-05,14001.173506825351,103712.29785999509,8454226.947603205,293.7315038750865,8736303.48087284,0.1337520205336813,0.014249947129367294,0.14255651819074897,0.13030647621339703,0.9914737627677535,0.0012535330216983261,0.0009384919101326435,0.001853533021698326,4.7007488313687235e-05,two-phase,False,
0.8558070272238717,1.0889356358057578,2761.3551005436884,6755.741334834511,1.1886962239820953,8030.524214917543,11300777.150439179,1354.1272723221139,1134.3741365478463,281.2319179272289,3819983.2988190134,256827.72861389923,253.4070209253891,55.468539807740825,140334.015060791,2.2498298943266404,0.03921257404370343,9922.463092759655,0.8128088036259096,13246.064845683726,25.712436618077263,281.2319179272289,0.3456456160392762,,,0.0001245248720055404,1.944584278132833e-05,7.549411932147179e-05,14056.117427760957,104268.98245867559,8465272.177138165,293.77502166397045,8662721.475649316,0.13406711153699455,0.014210954709632293,0.1428740160040914,0.1153540104942459,0.9933244446115747,0.001248633089722919,0.0009371152935549744,0.0018486330897229191,4.682374086460946e-05,two-phase,False,
0.8738685761938457,1.0927291679685855,2760.1160632640353,6785.151784671851,1.1870416469555087,8054.257749319983,11316897.35008195,1355.0334718809336,1135.0338542216373,281.34394807256183,3830396.779244998,256340.85523622195,255.6469171556794,55.17274267510304,140915.03591261772,2.2517454233830603,0.039227940533275815,9924.328121867686,0.8128257453916221,13256.449758357268,25.720265949752537,281.34394807256183,0.3426127580120573,,,0.0001241579337443515,1.9439923404244996e-05,7.543497831080827e-05,14104.741575913684,104775.61785511664,8472298.742949855,293.81861083861395,8589521.064084329,0.13438275285385876,0.014176700665862348,0.1431915138174338,0.10042075025042878,0.9949450602516406,0.0012443285996323835,0.0009359003826112846,0.0018443285996323834,4.666232248621438e-05,two-phase,False,
0.8921512387452974,1.0966498275294938,2758.844511712897,6810.649229634955,1.185373419945231,8073.1625693797405,11327087.660310296,1355.7899388653007,1135.6510038556175,281.4556994676778,3840806.279386003,255854.6380514113,257.91294972729764,54.85146202682002,141456.38271741103,2.253677648062803,0.03924116803995305,9921.913526787263,0.8128999394785701,13260.536088320627,25.72713377534067,281.4556994676778,0.33957439581500487,,,0.00012386719472153894,1.94347339414563e-05,7.541173247744952e-05,14146.902368192008,105230.63962791747,8475251.94512486,293.86221277079767,8516813.148915576,0.13469887291299407,0.014147190433702253,0.14350901163077623,0.08542523476938785,0.9963445835977606,0.0012406202344899878,0.0009348495104651473,0.0018406202344899878,4.652325879337454e-05,two-phase,False,
0.9106305878590504,1.100695157568468,2757.5420220715037,6832.133443165853,1.1836930951349043,8087.149181715679,11331275.258359585,1356.3962037182841,1136.2264461742277,281.56702358833024,3851196.1355413315,255369.17260267978,260.2031188132956,54.50523309874941,141956.6668142978,2.255624015237051,0.03925220205713251,9915.16865941396,0.8130321405337965,13258.234752827213,25.733042050728017,281.56702358833024,0.3365333883286294,,,0.00012365296812638383,1.9430271750006892e-05,7.542482228162071e-05,14182.431643940263,105632.28213526434,8474092.32129652,293.9057686512099,8444681.157302361,0.13501540269729165,0.01412245812538813,0.14382650944411865,0.07044271374819344,0.9975158264808585,0.001237512280965749,0.0009339657617343863,0.001837512280965749,4.640671053621559e-05,two-phase,False,
0.9293398739523582,1.10487531063507,2756.2061428058537,6849.581237213424,1.1819974005387544,8096.187217165292,11329434.378815347,1356.8518449216567,1136.7601632392452,281.67778377512076,3861554.323731823,254884.55401617175,262.5167281619522,54.13479340055544,142415.27511898594,2.257582067125054,0.03926103015074259,9904.081456736134,0.8132225581537381,13249.523848117935,25.737988578694917,281.67778377512076,0.3334901721020726,,,0.00012351493032174826,1.942653748839892e-05,7.547441036094649e-05,14211.288843237055,105979.83880080111,8468805.538432447,293.94922368753816,8373216.820860792,0.13533226684081126,0.014102461331704466,0.14414400725746107,0.055416437191254636,0.9984633285649642,0.0012349994097604713,0.0009332492017537913,0.0018349994097604711,4.631247786601768e-05,two-phase,False,
0.9482034250802944,1.1091759946281563,2754.8422534159226,6862.882231403963,1.1802916725604264,8100.202747489015,11321507.841488276,1357.1602207041076,1137.2569167135175,281.7878551076232,3871867.5259374073,254400.87823681644,264.8526286570031,53.7404124218029,142830.67690810646,2.259549448989344,0.03926759194575626,9888.56482815885,0.813472787993364,13234.269185884337,25.742013958036605,281.7878551076232,0.3304460898947835,,,0.0001234537000089276,1.94234996847984e-05,7.556140697716798e-05,14233.28949502596,106271.43887978599,8459361.274174104,293.99252712219544,8302487.790503007,0.1356493977874041,0.014087270304177633,0.1444615050708035,0.04040095808144307,0.9991835479961134,0.00123309044894132,0.000932703636588747,0.00183309044894132,4.62408918352995e-05,two-phase,False,
0.9673202022974726,1.1136225766726082,2753.4431714117873,6872.066327869751,1.178567656294473,8099.195105937618,11307495.687785966,1357.3173169430754,1137.7123010614564,281.8970710749252,3882121.885737874,253918.24069652832,267.20919815947406,53.323319816977886,143202.63469276333,2.2615229505505785,0.03927190419243872,9868.674017848705,0.8137819180887838,13212.543188748727,25.745076091252475,281.8970710749252,0.3274027959478122,,,0.00012346905919909102,1.9421189443284938e-05,7.568565610075432e-05,14248.481531495854,106507.08471822433,8445761.524247294,294.0356112339461,8232609.4536225945,0.1359667198805887,0.01407680787622464,0.14477900288414594,0.02535596720161879,0.9996784857779377,0.0012317757014694867,0.0009323272814548022,0.0018317757014694866,4.619158880510575e-05,two-phase,False,
0.9863880465528143,1.1181461894681803,2752.0312706971736,6877.023275273466,1.176848418299801,8093.213964116495,11287528.736096593,1357.3407576151055,1138.1428479800925,282.0053089256974,3892303.6928502657,253436.73082285642,269.58488919591605,52.883830152481835,143529.52614931556,2.2635000317039093,0.03927390645731227,9844.345807672793,0.8141520174391543,13184.24694770852,25.747345754554637,282.0053089256974,0.32436216873439183,,,0.00012356030675004725,1.9419477439205607e-05,7.584809386279012e-05,14256.681491912459,106684.92884307116,8428113.993381437,294.0784249287863,8163642.566524616,0.13628416441293262,0.014071170005965195,0.14509650069748836,0.009234574872332897,0.9999573604043961,0.0012310672257979278,0.0009321242685003403,0.001831067225797928,4.616502096742229e-05,two-phase,False,
1.0123047339732674,1.1244361750829828,2750.086933413323,6877.2218394220745,1.1746000596128716,8077.985182556111,11255430.772743488,1356.7406325252173,1138.1404697804458,282.1123938286876,3902396.848946001,252956.69022186138,271.97726759623697,52.41985881697111,143805.17773032578,2.2654770861270186,0.03927330769136431,9815.0867816797,0.8145653832795665,13148.436469480695,25.74433301288259,282.1123938286876,0.3213269586255418,,,0.0001237932451472473,1.9421750011926804e-05,7.605467025080401e-05,14257.009968820314,106797.33561262472,8401989.853020808,294.1208959204928,8095696.464978238,0.13660165208029026,0.014070944297267006,0.14541399851083078,-0.02366497544107104,0.9997199452533562,0.0012310388624064048,0.0009321161379775046,0.0018310388624064046,4.616395734024018e-05,two-phase,False,
1.051406171931217,1.1342348129120496,2747.100978313091,6863.828462837724,1.1713365127494861,8039.852895771006,11194043.844058214,1354.7814932207302,1137.2533216673219,282.2178560150578,3912355.828589194,252479.01292141946,274.37936512672826,51.88019396668128,143936.2499021866,2.267444835040025,0.03926526443853114,9772.180002104862,0.8151177256736649,13091.905884300171,25.73010144874455,282.2178560150578,0.3183044075999487,,,0.00012438038518416226,1.9432492366810957e-05,7.638307278080888e-05,14234.854683229529,106722.98521520665,8355560.478537475,294.162833767773,8029055.509760678,0.13691873714718672,0.014086191360938652,0.1457314963241732,-0.07755712328475109,0.9969879099707247,0.0012329548649351908,0.0009326648478523144,0.0018329548649351909,4.623580743506966e-05,two-phase,False,
1.091255761649587,1.1446029713732793,2743.997139687545,6834.131639077125,1.168019416421422,7982.398448822039,11109692.335560227,1352.2234257106786,1136.1820452057043,282.3211763614693,3922130.6991204796,252004.10640165233,276.7842112237993,51.25197094255416,143891.80748931062,2.2693926954951893,0.039248289176579104,9713.037198119517,0.8158898233894006,13011.127153066556,25.71195460238333,282.3211763614693,0.31530078526707217,,,0.00012527563067809145,1.944620732776392e-05,7.685729208820411e-05,14185.736350999934,106423.92757899515,8293582.381102704,294.204026416776,7964034.067922071,0.13723436546095516,0.014120163981053924,0.14604899413751563,-0.13629526268702066,0.9906682599988132,0.0012372239902862844,0.0009338836459809799,0.0018372239902862844,4.639589963573567e-05,two-phase,False,
1.1316232495366025,1.1554990860792373,2740.7952782003395,6788.610161411359,1.1646644179453434,7906.452702298004,11003412.313280886,1349.0950141764044,1134.9382957506327,282.4219026424538,3931677.7784562637,251532.30064026895,279.1857778178408,50.541470574075966,143673.50880058922,2.2713109660046515,0.03922264280396428,9638.261704312572,0.8168762060963927,12906.980325813656,25.690093671039268,282.4219026424538,0.3123210587427525,,,0.0001264789707411202,1.9462755037115947e-05,7.747745597783423e-05,14110.459774280911,105906.06637239126,8216776.103993243,294.24428655495666,7900901.111614081,0.13754744117683113,0.01417268790507228,0.14636649195085805,-0.1945161411717283,0.9808993173734296,0.0012438243412396357,0.0009357577160982272,0.0018438243412396357,4.664341279648634e-05,two-phase,False,
1.1724596562417073,1.1669244420530083,2737.50211884722,6727.888770055811,1.1612735222177053,7812.919089091656,10876272.252639119,1345.4139468572534,1133.521486251968,282.51963821357094,3940957.564254411,251063.91165164844,281.57834751747583,49.75551423210535,143284.1525763214,2.2731906846006726,0.0391886651195405,9548.596043868456,0.8180691695310034,12780.55068588803,25.664604161871363,282.51963821357094,0.30936991226833177,,,0.00012799313401263724,1.948208500884753e-05,7.824388984303903e-05,14010.075477358474,105177.62769584903,8125872.879504183,294.2834475087778,7839881.711833381,0.13785686899137958,0.01424360884686153,0.14668398976420047,-0.25211045057497916,0.9676984657995904,0.0012527365296280666,0.0009382685973132337,0.0018527365296280665,4.6977619861052495e-05,two-phase,False,
1.213681332810863,1.1788683341221207,2734.1277451222973,6652.813522279509,1.1578517689683285,7702.971905387746,10729646.318472682,1341.2047992437115,1131.932524124841,282.6140413244568,3949936.506909926,250599.235467274,283.956536049359,48.90185450481355,142728.58297388934,2.2750236832024386,0.03914681609234744,9444.993072403391,0.8194584787579522,12633.242459406689,25.635613490554515,282.6140413244568,0.3064517344719268,,,0.00012982002430783407,1.9504116809384175e-05,7.915624220885604e-05,13886.001211576597,104250.14540403422,8021807.186313787,294.3213633473861,7781169.454590564,0.13816156701558985,0.014332683551847716,0.14700148757754292,-0.3004682210025941,0.9537918264314997,0.001263929987180278,0.0009413907101233828,0.001863929987180278,4.739737451926043e-05,two-phase,False,
1.253306916083314,1.1907387754676386,2730.841193810843,6568.70725041279,1.154550253062235,7583.902618255824,10572451.750326613,1336.7763854261977,1130.3270908924142,282.7049712846315,3958599.51588122,250138.31084940754,286.3174981128018,48.013298812206344,142059.98739017046,2.276805532295868,0.03910001228521565,9332.793173446289,0.8209800117098807,12473.072027920613,25.605444121768354,282.7049712846315,0.3035685820571806,,,0.00013185823319946372,1.95270973478225e-05,8.017271108204369e-05,13747.047592053277,103196.50357015319,7910681.931537587,294.35796815813916,7724827.67796681,0.1384623454825354,0.014434349047306666,0.14731898539088534,-0.3204165624885236,0.9472767422897271,0.001276705650126574,0.0009449119930515117,0.001876705650126574,4.7876461879746533e-05,two-phase,False,
1.2880679224678169,1.201465946004246,2727.9270393181046,6486.137860489859,1.151618776337202,7469.55814605173,10421593.63035168,1332.7181893996737,1129.0005073745801,282.79262281826146,3966964.471322639,249680.74966223858,288.663776494111,47.150609506577666,141390.92945654792,2.2785384000623474,0.03905405302734442,9222.375672444192,0.8225028939103416,12315.64231502747,25.578520054699915,282.79262281826146,0.3007172032986095,,,0.0001338767274378313,1.954765165970295e-05,8.119755140824497e-05,13610.67300416784,102161.0780417683,7804047.008362656,294.39333130197485,7670718.410220082,0.13876308162303075,0.014536145997613005,0.14763648320422776,-0.3199697806562151,0.9474277489427959,0.0012894978321761836,0.0009483936279551701,0.0018894978321761834,4.835616870660688e-05,two-phase,False,
1.3193208814943242,1.2113610658056295,2725.284683317509,6405.498318729621,1.1489530617195929,7359.616905144103,10276481.350050371,1328.950949850012,1127.8776654352403,282.87719932940905,3975046.5593145425,249226.39530543084,290.9966073843034,46.31503039604403,140726.59156576486,2.280224799089498,0.03900915297901261,9114.143279831456,0.8240161507530065,12161.509682248276,25.55406945273778,282.87719932940905,0.29789665547144406,,,0.00013587663772295493,1.9566355211045716e-05,8.22266335453126e-05,13477.516716149703,101149.35302896418,7701455.319612909,294.42752663596644,7618678.4567427,0.13906395776856137,0.014637528394137725,0.14795398101757018,-0.31866354779959877,0.9478678933816531,0.0013022379198611993,0.0009518179451259295,0.0019022379198611991,4.8833921994794976e-05,two-phase,False,
1.3479590138613429,1.220636567332952,2722.8466885832713,6326.7281804855265,1.1464843178610844,7253.494642296449,10136277.67525913,1325.4130134892487,1126.9079231306223,282.95885029993315,3982861.527334785,248775.13135106367,293.31766208715044,45.50516904308007,140067.15997266004,2.2818663224605795,0.03896527827100508,9008.014435662975,0.8255173248112824,12010.532390611019,25.531530846253283,282.95885029993315,0.2951048847477673,,,0.00013786458104881168,1.9583627907426255e-05,8.326025587189865e-05,13347.469796596819,100160.58218780816,7602305.431023232,294.4606071043586,7568613.699881428,0.13936497339860607,0.014738495892503903,0.1482714788309126,-0.31735623479711794,0.9483063957579304,0.00131492586990594,0.0009551862532231022,0.00191492586990594,4.9309720121472746e-05,two-phase,False,
1.3745448734854455,1.2294256456333732,2720.5704905786456,6249.769397765224,1.1441695310386575,7150.79572094079,10000433.623020656,1322.0640846782746,1126.0581442402395,283.03772389889986,3990421.6141276783,248326.86094522933,295.6274182232746,44.71989871043715,139412.8187752661,2.283464663867875,0.03892239641321407,8903.943948412329,0.8270045366046501,11862.623231560005,25.510537080334547,283.03772389889986,0.29234175439592536,,,0.00013984457660726402,1.959974415377706e-05,8.429838666202789e-05,13220.428198972882,99194.05654005057,7506206.570086289,294.492625847409,7520411.395316182,0.1396661279909866,0.014839048151202188,0.14858897664425502,-0.31604785069698077,0.9487432508691795,0.001327561639395076,0.000958499820815152,0.001927561639395076,4.9783561477315347e-05,two-phase,False,
1.3994603405527826,1.2378183209799225,2718.427123290756,6174.566205042312,1.1419793080681877,7051.226842455435,9868540.85021763,1318.877644780272,1125.3073929551165,283.11397747394966,3997740.6252283966,247881.50116534182,297.9277998010446,43.957940480074996,138763.7759749037,2.285021826637282,0.038880476147693604,8801.857248947941,0.828477116466903,11717.665644036742,25.49085088531961,283.11397747394966,0.2896050767447801,,,0.00014181929220869767,1.961488073699235e-05,8.534123010319139e-05,13096.292491014017,98249.11249477661,7412866.219069132,294.5236404289968,7473958.3976428965,0.1399674210218791,0.014939184831601506,0.14890647445759747,-0.31473840458087565,0.9491784535491127,0.0013401451857749705,0.0009617598778991613,0.0019401451857749704,5.0255444466561394e-05,two-phase,False,
1.4229789885850506,1.245878804336681,2716.3957780967276,6101.065011407558,1.1398929515850766,6954.561003665801,9740299.588313542,1315.8329556296649,1124.638884859689,283.18772556882027,4004828.882972822,247438.97861438792,300.2190326686122,43.2183379134712,138120.1334727209,2.2865390523969,0.03883948774664542,8701.721296778673,0.8299340657459092,11575.597086968377,25.472284650584207,283.18772556882027,0.2868948963346537,,,0.00014379052818328756,1.962917762810618e-05,8.638863226552555e-05,12974.967601927532,97325.07874784843,7322073.473000455,294.5536916328951,7429172.285129323,0.14026885196582525,0.01503890559795948,0.1492239722709399,-0.3134279055634344,0.9496119986679395,0.0013526764668549927,0.0009649676173516697,0.0019526764668549926,5.072536750706224e-05,two-phase,False,
1.4453049330286636,1.253654801542288,2714.460881863074,6029.214298658362,1.1378946910507364,6860.61094165054,9615454.374266852,1312.9159675622573,1124.0422380054042,283.2591129548493,4011698.58967071,246999.22778560058,302.50271987828154,42.49999005366104,137482.06997226016,2.288018303293391,0.03879940243674003,8603.461529862689,0.8313754169611836,11436.307518289796,25.45471621920959,283.2591129548493,0.28420953945851746,,,0.000145759613612402,1.9642725367437854e-05,8.744081062884374e-05,12856.362586032377,96421.3463368011,7233645.2713301815,294.5828331107835,7385947.057684385,0.14057042029574443,0.015138210117432986,0.1495414700842823,-0.3121163627921509,0.9500438811325499,0.001365155440808842,0.0009681241963144813,0.001965155440808842,5.1193329030331575e-05,two-phase,False,
1.4665953908721538,1.2611829057697777,2712.6103995924977,5958.964524954239,1.135972804727723,6769.221644685271,9493810.193897694,1310.113821370453,1123.5071894771731,283.328231517326,4018358.636307796,246562.1886137102,304.7789204074268,41.80207208745319,136849.63408733194,2.289460539981336,0.03876019292953926,8507.052047044159,0.8328005112440614,11299.747635849993,25.438029982040465,283.328231517326,0.2815491661833649,,,0.00014772747185566476,1.9655610137774255e-05,8.849755164684947e-05,12740.390401607414,95537.28585422829,7147446.124195747,294.6110974459551,7344219.983676355,0.14087212548294514,0.015237098060088524,0.14985896789762473,-0.31080378544695114,0.9504740958868083,0.0013775820661758517,0.0009712307375188156,0.0019775820661758516,5.165932748159444e-05,two-phase,False,
1.4869745981959757,1.268491917717205,2710.8347868996016,5890.268033691987,1.1341176696250779,6680.257055837846,9375185.415220527,1307.4179218213937,1123.0278502149374,283.39519314269387,4024819.381418464,246127.80611335955,307.0489750099275,41.12362760178527,136222.92601133892,2.2908672166141417,0.03872183284946023,8412.424233397225,0.8342096147910151,11165.817975579133,25.422153518194733,283.39519314269387,0.2789122955584704,,,0.00014969483833351962,1.9667885320657357e-05,8.955904548928789e-05,12626.967703818133,94672.31698632568,7063346.111506244,294.6385258236296,7303914.126640593,0.1411739669971368,0.01533556909891238,0.15017646571096716,-0.30949018273987683,0.9509026379118094,0.0013899563018622669,0.0009742883305509627,0.0019899563018622667,5.212336131983501e-05,two-phase,False,
1.5065428196553625,1.275604990653474,2709.126311629063,5823.078967278153,1.132321725639544,6593.5988247637315,9259430.40671802,1304.820309276878,1122.5984046013486,283.46011928947735,4031089.675848064,245696.02912697435,309.31371712152026,40.46382025071855,135602.07086271362,2.2922400707315416,0.03868429675136235,8319.535020975749,0.8356026379482578,11034.451137307711,25.407017952110788,283.46011928947735,0.27629832542703037,,,0.00015166224494039232,1.9679601948660038e-05,9.062525970312914e-05,12516.0146506868,93825.89632651323,6981240.352093653,294.66516379580673,7264933.378476603,0.14147594430644175,0.015433622909820907,0.15049396352430958,-0.3081755639149524,0.9513295022260695,0.0014022781071425356,0.0009772980330624642,0.0020022781071425354,5.2585429017845086e-05,two-phase,False,
1.525382414383182,1.2825410717364953,2707.4785969180466,5757.353185499146,1.130578837384843,6509.141670875548,9146415.203316124,1302.3140351693337,1122.2137598377803,283.5230789592454,4037177.7046703408,245266.80960172694,311.5733974411693,39.821932241505735,134987.0665940614,2.293579802455016,0.03864756052432553,8228.347559770584,0.8369794598062775,10905.58821249234,25.392563077647033,283.5230789592454,0.2737070337717021,,,0.00015363008681688282,1.9690804684468733e-05,9.169610850100695e-05,12407.45472115798,92997.45700287222,6901038.417409222,294.6910357806834,7227239.255930834,0.14177805687740705,0.015531259171670536,0.150811461337652,-0.3068599382477035,0.9517546838858296,0.0014145474416605661,0.0009802608719276032,0.002014547441660566,5.304552906227123e-05,two-phase,False,
1.5435620557585554,1.2893159026383192,2705.886303177409,5693.048188209511,1.128883746713702,6426.789568927606,9036017.41861425,1299.8938832136685,1121.8705599460127,283.5841612944675,4043091.385268601,244840.10240642188,313.82889078743756,39.19720237841427,134377.96291905947,2.2948875962270705,0.038611600819817155,8138.81010911381,0.8383403074552247,10779.153083181893,25.378746033823646,283.5841612944675,0.2711375351246462,,,0.00015559868411357727,1.9701525021512986e-05,9.277166696521305e-05,12301.214544388458,92186.47686465614,6822653.815677805,294.71617477820837,7190768.7693903,0.14208030417501658,0.01562847756626776,0.15112895915099445,-0.30554331504493987,0.95217817798527,0.0014267642654309837,0.0009831778443508865,0.0020267642654309835,5.350365995366189e-05,two-phase,False,
1.5611397492194814,1.2959427336866336,2704.344900541882,5630.123042078079,1.1272321641736054,6346.455781285356,8928131.823253479,1297.554696538404,1121.565188266928,283.64346518071306,4048838.2503844947,244415.86468049037,316.08087810484295,38.58893272061952,133774.83504326045,2.2961649073124795,0.038576395079544405,8050.887611473374,0.8396851563953539,10655.090538015389,25.36552295345134,283.64346518071306,0.2685893385191564,,,0.0001575682608470753,1.9711795452337318e-05,9.385185385635019e-05,12197.223739462124,91392.46681359227,6746013.61977923,294.74061812979653,7155446.055102781,0.14238268566270307,0.015725277778379034,0.15144645696433687,-0.30422570364438545,0.95259997965677,0.001438928538840372,0.0009860499189270058,0.002038928538840372,5.395982020651395e-05,two-phase,False,
1.578165042269227,1.3024328457628185,2702.850502138945,5568.538311149336,1.1256202241731381,6268.059342112623,8822654.44949216,1295.292920445961,1121.2957428300585,283.7010683149028,4054425.6039270815,243994.05591630444,318.33018370930233,37.99644326483334,133177.7083894311,2.297412793596307,0.038541921723357915,7964.525259401404,0.8410144031279567,10533.32204457864,25.352866553295758,283.7010683149028,0.2660616072365838,,,0.00015953901286182688,1.972163577435792e-05,9.493681060617402e-05,12095.41476479448,90614.94058645442,6671043.942316056,294.7643947550212,7121218.85237586,0.14268520080236044,0.015821659495740513,0.1517639547776793,-0.30290711341445004,0.9530200840711205,0.0014510402226484997,0.0009888780366556437,0.0020510402226484995,5.441400834931874e-05,two-phase,False,
1.5946806765347166,1.3087959396239237,2701.39973937695,5508.255990993397,1.1240447245611422,6191.526088208435,8719494.642547764,1293.1048346435653,1121.0598907579201,283.7570273397662,4059860.381604176,243574.63745866215,320.57741597432454,37.41911369549182,132586.55976055283,2.2986319032797238,0.03850816011402812,7879.683553143101,0.8423282011663961,10413.788156595849,25.3407465677789,283.7570273397662,0.2635536534787712,,,0.00016151106944448934,1.973106824862677e-05,9.602653568160242e-05,11995.722776550227,89853.41427902781,6597681.601875653,294.7875251306435,7088057.234439824,0.1429878490543558,0.01591762240906779,0.1520814525910217,-0.30158755375387986,0.9534384864377726,0.0014630992779895414,0.0009916631119133569,0.002063099277989541,5.48662229246078e-05,two-phase,False,
1.610723845181026,1.3150404315983442,2699.9896669629848,5449.239446233401,1.1225030543869867,6116.787922483045,8618574.374210203,1290.9863659769364,1120.854681719947,283.81141909886907,4065147.46361713,243157.57201687692,322.82234136340475,36.85645003750572,132001.41706001185,2.299823366794713,0.03847509021112363,7796.339809138343,0.8436264218770935,10296.450325903592,25.32912788070551,283.81141909886907,0.26106609337081177,,,0.00016348449752922947,1.9740119057982867e-05,9.712084925852759e-05,11898.085495450943,89107.44353828672,6525873.710343749,294.81003830728747,7055896.830113631,0.1432906298775419,0.016013166212065385,0.15239895040436413,-0.3002670340914003,0.953855182005085,0.0014751056663732725,0.0009944060333846297,0.0020751056663732724,5.5316462488997725e-05,two-phase,False,
1.6263271652996116,1.321173681767755,2698.6176893995034,5391.453351252624,1.120992639064105,6043.779520611692,8519810.316023154,1288.9351741841133,1120.679143725586,283.86432001050554,4070294.3513207072,242742.82403018384,325.0666221237685,36.30776671037137,131422.30900737122,2.300988351851609,0.03844269268870922,7714.444022021036,0.8449094891601695,10181.237323448737,25.31799393105023,283.86432001050554,0.2585970669704676,,,0.00016545937795870984,1.974880005744828e-05,9.821988902045017e-05,11802.443081398233,88376.60315947613,6455561.114347392,294.8319634013556,7024689.031481958,0.14359354272926964,0.01610829060143636,0.15271644821770655,-0.2989455638854537,0.9542701660605387,0.001487059349686275,0.0009971076649540969,0.0020870593496862748,5.576472561323531e-05,two-phase,False,
1.6415194405986555,1.3272021725572487,2697.2815032885355,5334.8636338971055,1.1195114150150776,5972.440735696628,8423132.014743524,1286.9482094980453,1120.5312961466366,283.9157752981779,4075305.3690468557,242330.35914978563,327.3096705054763,35.77266139830418,130849.19183644626,2.3021273786334477,0.038410949139474515,7633.967294161117,0.8461774545393134,10068.103931661648,25.30731956600193,283.9157752981779,0.25614741463082813,,,0.00016743573427578927,1.9757129896589457e-05,9.93235674549656e-05,11708.73801538291,87660.45827534144,6386695.523944701,294.8533168056734,6994403.113073724,0.1438965870654003,0.016202995276891535,0.15303394603104897,-0.29762315262384653,0.9546834339309772,0.0014989602901930984,0.0009997688465618014,0.0020989602901930983,5.6211010882241195e-05,two-phase,False,
1.6563262672505799,1.333131650292994,2695.979051463364,5279.437422000974,1.1180572799570974,5902.713443746119,8328463.831746816,1285.023918520097,1120.4108749704487,283.9658606760869,4080187.2296309858,241920.14459099065,329.55322823083566,35.25049671203187,130282.0967997185,2.3032416767051576,0.038379841572200805,7554.857455805872,0.8474308457267478,9956.977074904127,25.29709569835792,283.9658606760869,0.2537152519169319,,,0.000169413611134976,1.9765114776889424e-05,0.00010043208822087488,11616.91498819056,86958.61967748162,6319222.852613408,294.8741277456382,6964987.41598345,0.14419976234031814,0.016297279941158895,0.15335144384439142,-0.29629980982345255,0.9550949809828265,0.0015108084505374392,0.0010023903950232647,0.002110808450537439,5.665531689515397e-05,two-phase,False,
1.6707705206797738,1.3389672386939209,2694.708486101874,5225.14299257337,1.116628739672641,5834.544834406534,8235747.812458531,1283.1591628552667,1120.3155732319478,284.01462075331943,4084943.9353294,241512.14835892635,331.7967328413342,34.7409110895738,129720.98323965065,2.3043318201900225,0.038349352855592544,7477.098438825467,0.8486695195537526,9847.827851982502,25.287295101726244,284.01462075331943,0.2513014012993987,,,0.00017139297552449365,1.9772775142164864e-05,0.00010154523566318094,11526.92079545186,86270.68707130148,6253104.546166204,294.8944127091987,6936410.6483411705,0.14450306800694318,0.01639114429999266,0.15366894165773384,-0.2949755450298228,0.955504802622341,0.001522603793743282,0.0010049731048160514,0.002122603793743282,5.709764226537308e-05,two-phase,False,
1.6848727507597125,1.3447135308085902,2693.4681387521223,5171.949723495728,1.115224213013803,5767.883560132479,8144920.576270883,1281.3521535112886,1120.2446459461667,284.0620998935865,4089580.398875042,241106.33959963758,334.04079921361136,34.24343453119512,129165.81246702767,2.30539840463082,0.038319466455219296,7400.652211622142,0.849893778573425,9740.60103827941,25.277905106248994,284.0620998935865,0.24890519632542096,,,0.0001733738189362879,1.9780120144386258e-05,0.00010266306935990072,11438.704238619395,85596.27645646207,6188296.208763862,294.91418822226143,6908647.054621438,0.14480650351674365,0.016484588062182427,0.15398643947107626,-0.29365036781702347,0.9559128942957756,0.001534346283216049,0.0010075177488344047,0.0021343462832160488,5.753798562060184e-05,two-phase,False,
1.6986515056781395,1.3503746641907248,2692.2564957436716,5119.828047588154,1.1138423866975755,5702.681492006777,8055925.837975664,1279.6007391022852,1120.1968257874632,284.10836268329456,4094101.1536119524,240702.6883307344,336.2859376482534,33.75762932840356,128616.59565853598,2.306442509054919,0.0382901662449899,7325.491960794672,0.851103729497639,9635.255350930458,25.268908618527014,284.10836268329456,0.246526288264633,,,0.0001753561024584067,1.9787162459141706e-05,0.00010378552135657016,11352.21603148437,84935.03739537827,6124759.314982762,294.9334793825034,6881646.224998869,0.14511006831974882,0.016577610939562094,0.15430393728441869,-0.2923242877871113,0.9563192514896677,0.0015460358827437187,0.0010100250791134648,0.0021460358827437185,5.7976345602889455e-05,two-phase,False,
1.7121235996584507,1.3559543829074872,2691.072177839642,5068.749408912278,1.112481902000533,5638.891983190809,7968704.489791006,1277.9036841807413,1120.171887343475,284.15345297805464,4098510.8271306385,240301.16566101313,338.53281664597625,33.2830619598626,128073.29722085752,2.307464774874346,0.038261436802893165,7251.577035013826,0.8522997688644252,9531.732988447378,25.2602983341793,284.15345297805464,0.24416399218405102,,,0.0001773398041638213,1.979390715759909e-05,0.00010491271641914612,11267.408711874832,84286.61578272775,6062452.079492495,294.9523027950212,6855381.857392754,0.14541376186456198,0.01667021264701877,0.1546214350977611,-0.2909971942040459,0.9567239063415175,0.0015576725564979488,0.0010124958275244803,0.0021576725564979487,5.841272086867308e-05,two-phase,False,
1.725304325165117,1.3614560845418033,2689.9139242175493,5018.686262394732,1.1111415737981882,5576.470951996629,7883202.202892083,1276.2596129600793,1120.1693647187662,284.1974144216467,4102813.8359123566,239901.74362909392,340.78213647283604,32.81931600771446,127535.88387616684,2.3084658626510577,0.03823326325074403,7178.873095677029,0.8534821905802867,9429.984104239684,25.252065044783468,284.1974144216467,0.24181761473151311,,,0.00017932488281714346,1.9800360846262322e-05,0.00010604471746144344,11184.236626686083,83650.6721235878,6001336.542728645,294.97067509794664,6829826.873906655,0.1457175836215146,0.016762392826037458,0.15493893291110353,-0.2896691174675659,0.9571268475941741,0.0015692562594264172,0.00101493070443271,0.002169256259426417,5.884710972849065e-05,two-phase,False,
1.7382076641483506,1.3668828733390337,2688.780576094232,4969.611942952552,1.109820519702158,5515.377309245653,7799373.491632107,1274.66635428792,1120.187772337781,284.2402802506434,4107012.9316576007,239504.39482649713,343.0332230264945,32.36612361751008,127004.29977223474,2.3094462175714185,0.03820563126296532,7107.363101301667,0.8546509642588267,9329.980130880176,25.24419046696552,284.2402802506434,0.23948802863906113,,,0.00018131125831113295,1.9806537296345416e-05,0.000107181364372923,11102.655701388427,83026.87077896998,5941382.359885789,294.98860868952596,6804956.857375762,0.14602153303208193,0.01685415121081547,0.15525643072444598,-0.2883402824615532,0.9575280056008763,0.001580786958127372,0.0010173304037603417,0.002180786958127372,5.927951092977645e-05,two-phase,False,
1.7508464392845968,1.3722375938619007,2687.6710652715547,4921.500653810378,1.1085177842117802,5455.570999758707,7717169.91831367,1273.1225388835762,1120.226545301101,284.2821039325632,4111112.772979487,239109.09261053608,345.2873600861019,31.923043477928324,126478.53795050165,2.310406768865934,0.038178526813691376,7037.017880311322,0.8558063138550991,9231.678011614948,25.236664929846132,284.2821039325632,0.23717394560279625,,,0.00018329887009888216,1.981244357722859e-05,0.0001083226688302861,11022.623408407724,82414.90637165717,5882555.980857259,295.0061245389913,6780735.43029587,0.14632560952234838,0.01694548758563181,0.1555739285377884,-0.28701067824625126,0.9579273827240908,0.0015922646254925132,0.001019695602385899,0.002192264625492513,5.9709923455969245e-05,two-phase,False,
1.7632324334936158,1.3775228555491832,2686.584405178813,4874.32748754165,1.1072323450496802,5397.013054570857,7636540.783000506,1271.6275196228405,1120.2859377663422,284.3229183397019,4115116.6724271537,238715.81128701576,347.5447407503553,31.489755153652794,125958.54614352537,2.311347995335055,0.03815193651597173,6967.797831845285,0.8569486868519773,9135.022250431795,25.229486468039774,284.3229183397019,0.23487523286251627,,,0.00018528767484693714,1.981808074585229e-05,0.0001094688083493975,10944.098791168424,81814.46841230898,5824821.314263782,295.02323510167173,6757141.99706347,0.14662981253530755,0.017036401677742945,0.15589142635113082,-0.2856802198575359,0.9583250033168027,0.0016036892272478787,0.0010220269579448943,0.0022036892272478785,6.013834602179545e-05,two-phase,False,
1.7753765135949455,1.3827410626578198,2685.5196813155117,4828.068358939272,1.1059635540043096,5339.667641228232,7557446.773695903,1270.1793864732026,1120.3646349928922,284.36275619629066,4119027.802375698,238324.52558923114,349.80556621602307,31.065950322308126,125444.27404300185,2.31227038938467,0.03812584742139276,6899.6881905484115,0.8580780515619345,9039.987786360733,25.222638955847916,284.36275619629066,0.23259175241231367,,,0.00018727757365999276,1.982346101354609e-05,0.00011061961848098628,10867.042342533838,81225.25823037926,5768152.290409196,295.03995285608477,6734155.481223603,0.1469341415125923,0.017126893217501514,0.15620892416447324,-0.28434891705963655,0.958720863112414,0.0016150607295085805,0.0010243251109946102,0.0022150607295085803,6.056477735657177e-05,two-phase,False,
1.7872887291695765,1.387894436856493,2684.476043678332,4782.699972382544,1.1047105819303875,5283.499269689169,7479842.958633045,1268.7773605074933,1120.4626437054148,284.40165008450685,4122849.3380134916,237935.2110252597,352.07004595311764,30.651332214832934,124935.67323636534,2.313174456603662,0.03810024700164011,6832.656155438828,0.8591947492200579,8946.527843905851,25.216118534665288,284.40165008450685,0.23032336103478804,,,0.00018926850349670448,1.9828586993380298e-05,0.00011177520681178842,10791.415941400506,80646.98843392899,5712517.294386198,295.0562903030448,6711755.098076699,0.1472385958944881,0.017216961938364517,0.15652642197781566,-0.28301677964248223,0.9591149578860705,0.0016263790987798379,0.0010265906855612236,0.0022263790987798377,6.098921620424392e-05,two-phase,False,
1.7989783979845986,1.3929850367045167,2683.452700207278,4738.199790716431,1.1034728279294663,5228.4747223566665,7403691.348137621,1267.419967662957,1120.5790959203987,284.43965278745515,4126584.8598491875,237547.8435751715,354.3391373705838,30.245551965052044,124432.74348158539,2.3140611907843964,0.03807512296229774,6766.683174747186,0.8602988492989155,8854.61319752674,25.209913494377005,284.43965278745515,0.22806923753782596,,,0.0001912603681000992,1.9833467501248012e-05,0.00011293548093996007,10717.182792593707,80079.39957092259,5657890.701590169,295.0722685195628,6689900.048307736,0.14754317511994622,0.01730660757690141,0.15684391979115808,-0.281683817421421,0.9595072834548446,0.001637644301957993,0.0010288242896659937,0.002237644301957993,6.141166132342475e-05,two-phase,False,
1.8104541801649696,1.398014774528681,2682.448911085858,4694.546005563198,1.1022496386660654,5174.561638333256,7328952.470608619,1266.1062365072828,1120.7136919128354,284.47677625632707,4130236.5988818826,237162.39982130533,356.6123432068615,29.848398611628465,123935.3932561056,2.3149306501029696,0.03805046373055626,6701.743325768881,0.8613905800578912,8764.205852900963,25.204017479203426,284.47677625632707,0.22582989911313092,,,0.00019325308497476965,1.9838107175277302e-05,0.00011410046920212386,10644.307369865259,79522.20792200688,5604245.16826256,295.0878914980783,6668587.550566253,0.14784787862659696,0.017395829872802093,0.1571614176045005,-0.2803500402367598,0.9598978356779679,0.0016488563063315129,0.0010310265158314453,0.0022488563063315127,6.183211148743173e-05,two-phase,False,
1.8217241428636237,1.4029854311032728,2681.463983763157,4651.717508991186,1.1010403583862045,5121.728713211038,7255587.030911846,1264.835451252891,1120.8664031478136,284.5130526818978,4133807.7504234966,236778.85699240572,358.8903587710617,29.459569206630285,123443.57948555832,2.3157833771686014,0.03802625793671782,6637.8082926977895,0.8624702312356404,8675.265098023347,25.19842676745452,284.5130526818978,0.22360468877186995,,,0.00019524657708257568,1.9842508606362044e-05,0.00011527025268978228,10572.755361808464,78975.1569777759,5551553.205348235,295.1031718011015,6647797.711850702,0.1481527058507633,0.017484628568884802,0.15747891541784295,-0.2790154579534689,0.9602866104570115,0.0016600150795819846,0.0010331979415684276,0.0022600150795819844,6.225056548432443e-05,two-phase,False,
1.8327958169017655,1.4078986684810206,2680.497268586239,4609.693866470005,1.0998444333712543,5069.946138582648,7183558.999336712,1263.6066738974077,1121.0369026160638,284.5485141346456,4137301.122918322,236397.19284291414,361.17391044413847,29.07877151924538,122957.26076156662,2.316619926178159,0.038002494566116304,6574.8551624059855,0.8635379950765135,8587.756982948591,25.193135034076974,284.5485141346456,0.22139294334897966,,,0.00019724075417486774,1.9846676458633882e-05,0.00011644484141616358,10502.493620517494,78437.99962091222,5499789.999299715,295.1181220101817,6627508.802936127,0.1484576562274741,0.01757300341110388,0.15779641323118537,-0.27768008046088866,0.9606736037360631,0.0016711205897850892,0.001035339129844887,0.002271120589785089,6.266702211694085e-05,two-phase,False,
1.8436762465582375,1.4127560412463915,2679.5481549538777,4568.455291045444,1.0986613573441575,5019.185291026086,7112833.996467837,1262.4189628547072,1121.2248295905815,284.5831925696634,4140719.011758294,236017.3856136498,363.4628147151967,28.705797926001534,122476.39728987994,2.3174408625413805,0.03797916294478071,6512.862509424158,0.8645940441741287,8501.649549495227,25.18813576751866,284.5831925696634,0.21919499148309135,,,0.0001992355217066647,1.9850615568174546e-05,0.00011762423211850382,10433.490112830174,77910.497715082,5448931.951576792,295.1327547251654,6607696.601798702,0.1487627291904778,0.01766095414855742,0.1581139110445278,-0.2763439176722585,0.9610588115019538,0.0016821728054115625,0.0010374506295371426,0.0022821728054115624,6.30814802029336e-05,two-phase,False,
1.8543720335037688,1.4175590064240455,2678.6160679161767,4527.982618671358,1.0974906943234823,4969.418788050289,7043379.934534532,1261.2712565930913,1121.429653408771,284.61710969476684,4144064.016564981,235639.41395543003,365.75767704420883,28.3403863393161,122000.92814268752,2.3182465213287147,0.03795625281222279,6451.812067703047,0.8656384961080392,8416.914860374913,25.18342100687622,284.61710969476684,0.21701024889714848,,,0.0002012307762035773,1.9854331937804527e-05,0.00011880837772374202,10365.713874003686,77392.41337907009,5398957.267939296,295.14707828090746,6588349.8653330505,0.149067924172256,0.017748480533494832,0.15843140885787022,-0.2750069795244603,0.9614422297844177,0.0016931716953281486,0.0010395329758644334,0.0022931716953281485,6.349393857480557e-05,two-phase,False,
1.864889375703663,1.4223089322335003,2677.7004651577345,4488.257284639386,1.0963319916828782,4920.620048053885,6975164.573912616,1260.1627349947832,1121.6511053847846,284.65028713547514,4147338.12333266,235263.25698100214,368.0581662132962,27.982356891150594,121530.79427104261,2.3190372454841124,0.03793375422365506,6391.682831574233,0.8666715338004247,8333.521810052747,25.178985308137307,284.65028713547514,0.21483912575940742,,,0.00020322642070189957,1.985782960993312e-05,0.00011999728599662361,10299.13496368288,76883.51714375404,5349843.760017697,295.16110102527546,6569454.227582212,0.14937324060403712,0.01783558232132429,0.15874890667121264,-0.27366927597762297,0.9618238546562898,0.0017041172287985311,0.0010415866908074442,0.002304117228798531,6.390439607994493e-05,two-phase,False,
1.875234101979384,1.4270071058501266,2676.8008343120496,4449.261301050797,1.0951847188134443,4872.762986918856,6908153.925229279,1259.0930689693644,1121.8894742428254,284.68275656278973,4150544.11645599,234888.89440336713,370.36555093788877,27.631415497782307,121065.9609656941,2.319813628090435,0.037911657450321684,6332.44730825827,0.8676934838200157,8251.431551304684,25.174828469319383,284.68275656278973,0.2126804406177283,,,0.00020522237643910517,1.9861108511994473e-05,0.00012119109196777908,10233.724424029862,76383.59583531551,5301567.425828683,295.1748356031983,6550988.662200932,0.14967867791580983,0.017922259270619967,0.15906640448455506,-0.27233081701479867,0.9622036822336798,0.001715009375484246,0.0010436122835114996,0.002315009375484246,6.431285158065922e-05,two-phase,False,
1.8854117028100035,1.431654740307014,2675.9166905631296,4410.977235277738,1.094048538288915,4825.823196681288,6842319.744930774,1258.0612354282985,1122.1442008690724,284.71453942937967,4153683.8050613096,234516.3062678338,372.6795202436362,27.287397582898564,120606.37250149962,2.3205760290709554,0.03788995314096801,6274.0901989867,0.8687044307512234,8170.620244293224,25.170942579494085,284.71453942937967,0.21053459553161272,,,0.00020721853230920242,1.9864174669697632e-05,0.00012238972931075224,10169.454239891995,75892.43561342676,5254109.231179527,295.1882903900251,6532938.226960241,0.14998423553633716,0.01800851114312936,0.15938390229789748,-0.2709916126415316,0.9625817086761737,0.001725848105445601,0.0010456102506750818,0.0023258481054456008,6.471930395421004e-05,two-phase,False,
1.895427357864425,1.436252980651211,2675.047574497076,4373.3881893645,1.0929231487968358,4779.777190831142,6777635.09061439,1257.0661874952593,1122.4146779000762,284.7456470015451,4156759.178199372,234145.4729193415,375.0000886740716,26.950119762978318,120151.95253192242,2.3213245717623976,0.03786863231262548,6216.5973638817195,0.869704442305805,8091.065612565761,25.167319367568524,284.7456470015451,0.2084015808039595,,,0.00020921477300621052,1.986703441465114e-05,0.00012359311466303752,10106.297300893719,75409.82188238976,5207451.089289162,295.2014694863511,6515300.087557829,0.1502899128931702,0.018094337703780307,0.15970140011123993,-0.2696516728855486,0.9629579301869968,0.0017366333891425567,0.0010475810769242813,0.0023366333891425566,6.512375209284588e-05,two-phase,False,
1.9052859606812094,1.4408029094505919,2674.193050172016,4336.4777803218285,1.0918080761484685,4734.601462593757,6714068.764065945,1256.1077441306968,1122.7013011704084,284.7761208213041,4159772.50375182,233776.3752732292,377.32825021439925,26.61933571005445,119702.69349258735,2.3220601170521142,0.03784768598792455,6159.942443340342,0.8706938486231255,8012.730636962915,25.16395990733578,284.7761208213041,0.20628061094266129,,,0.0002112110191112411,1.9869686720262194e-05,0.00012480139983577838,10044.227365344519,74935.57162847879,5161570.882776059,295.214389862084,6498039.98616179,0.15059570941266187,0.01817973872068797,0.16001889792458235,-0.2683110077964208,0.963332343013183,0.001747365197435605,0.0010495252351737764,0.002347365197435605,6.552619490383519e-05,two-phase,False,
1.9149921408511863,1.4453055517332345,2673.35270337942,4300.230121270149,1.0907029820803358,4690.273816901035,6651593.679793901,1255.185248885526,1123.0038829538794,284.8059619088218,4162725.6126520555,233408.99462895206,379.66389100206294,26.294886773438524,119258.5000694015,2.322782557638344,0.0378271058010018,6104.107239047573,0.8716728181296881,7935.58837690835,25.160859977924375,284.8059619088218,0.2041717600776962,,,0.00021320716850188536,1.9872134753688458e-05,0.0001260146006198967,9983.21902586235,74469.4760318768,5116449.997605761,295.2270513525978,6481165.509054057,0.15090162451998088,0.0182647139651617,0.16033639573792477,-0.2669696274451559,0.9637049434457595,0.001758043501586632,0.0010514431869749047,0.002358043501586632,6.59266313094987e-05,two-phase,False,
1.9245502840067985,1.4497618794292864,2672.5261400737068,4264.62980338997,1.089607636646016,4646.773201241909,6590185.98585188,1254.2976833694784,1123.3217906232987,284.8351914565444,4165620.1590386187,233043.31252690763,382.0072139757666,25.97659759704886,118819.32337408786,2.323492279066279,0.037806883460005485,6049.080034931241,0.8726413914362514,7859.619930003502,25.158011324355282,284.8351914565444,0.20207491823178333,,,0.00021520310045102637,1.987438488494334e-05,0.00012723261543253205,9923.247676618228,74011.34917678163,5072072.5465770075,295.2394623746492,6464661.405812129,0.15120765763912572,0.018349263211711788,0.1606538935512672,-0.26562754192386084,0.9640757278199091,0.0017686682732597644,0.0010533353828513596,0.002368668273259764,6.632506024724117e-05,two-phase,False,
1.933964549879218,1.4541728153753264,2671.7129849503012,4229.661878639995,1.0885216485029667,4604.078520747363,6529818.000534159,1253.444818777888,1123.6553041220727,284.86384068576064,4168457.9499962456,232679.3109945306,384.358590304657,25.664287805547954,118385.13804312801,2.3241899194057596,0.03778701082338091,5994.838104257855,0.8735998468056474,7784.793104335111,25.155414202181113,284.86384068576064,0.1999898799977651,,,0.00021719872836523078,1.9876436777441225e-05,0.0001284555654334771,9864.28948211341,73561.01937158525,5028419.026534213,295.251635644951,6448502.4545953795,0.15151380819293886,0.018433386238056144,0.1609713913646096,-0.2642847613453071,0.9644446925151562,0.0017792394845222111,0.0010552022626230193,0.002379239484522211,6.672148066958293e-05,two-phase,False,
1.9432388886481768,1.4585392369328458,2670.912880155022,4195.31184320576,1.0874447447171598,4562.169816343765,6470465.566511366,1252.6260063671987,1124.0041908733804,284.89192056197436,4171240.6209656196,232316.97238513635,386.7180767992976,25.35780439479098,117955.87602017909,2.324875631865243,0.037767480159231044,5941.365778671693,0.8745483215505274,7711.0844346372005,25.153064204813422,284.89192056197436,0.19791662048546518,,,0.00021919394504289289,1.9878293790715065e-05,0.00012968344575610253,9806.321347406343,73118.30488778651,4985472.927291699,295.2635753120514,6432684.542817068,0.15182007560312064,0.018517082825126714,0.16128888917795203,-0.2629411781011306,0.9648118660437327,0.0017897571078450687,0.0010570442557183983,0.0023897571078450685,6.711589154419007e-05,two-phase,False,
1.9523770476102928,1.4628619753921979,2670.125484813438,4161.565651764661,1.0863766857056316,4521.027900110489,6412105.793733692,1251.8405426707482,1124.368137027549,284.919442012105,4173969.979693873,231956.27933965062,389.0862673488069,25.056964891212242,117531.47144844943,2.3255495734040967,0.03774828397668633,5888.648981664373,0.8754869259864545,7638.472525847126,25.150956245704798,284.919442012105,0.19585461141758864,,,0.0002211886372069416,1.9879959835936196e-05,0.00013091622659061635,9749.320940611875,72683.03033225852,4943218.703062181,295.27528553062655,6417204.505301918,0.15212645931051527,0.018600352682282294,0.16160638699129448,-0.26159674119647214,0.9651772609191464,0.0018002211067052864,0.001058861779850366,0.0024002211067052862,6.750829150144824e-05,two-phase,False,
1.9613825970359828,1.4671418247471384,2669.3504728927433,4128.409656381126,1.085317109907438,4480.633636777523,6354713.102551126,1251.0883212204983,1124.7475135340683,284.9464260031469,4176647.437309559,231597.21496964025,391.4634061625266,24.761616119880568,117111.8817267543,2.326212152432168,0.03772941490105663,5836.665764381054,0.8764159435585686,7566.926498314573,25.149091647107085,284.9464260031469,0.1938037304729182,,,0.0002231827194689368,1.988143377168516e-05,0.00013215405227244323,9693.266588377373,72255.03364274016,4901638.256481706,295.28677475353436,6402046.30448907,0.15243295874471754,0.018683195558059654,0.1619238848046369,-0.26025175501958586,0.9655407935500319,0.0018106314495030629,0.0010606552437609376,0.0024106314495030627,6.789867935636486e-05,two-phase,False,
1.970258954587757,1.4713795502484341,2668.5875311847244,4095.8305477434537,1.084265970670171,4440.969684549594,6298270.158673548,1250.367951666851,1125.1411747401032,284.972893446836,4179274.2297458514,231239.7624206517,393.84919649220683,24.471643616148885,116697.06473692911,2.326863783098331,0.037710865730450356,5785.413282655729,0.8773352587606289,7496.438866959664,25.147457729259322,284.972893446836,0.1917643542728996,,,0.0002251760473571935,1.9882725537629393e-05,0.00013339667243969278,9638.137175063881,71834.15725334205,4860720.734260103,295.2980514425238,6387193.130410201,0.15273957329354426,0.018765611355117513,0.16224138261797932,-0.2589062910735419,0.9659024445784069,0.0018209881240061313,0.0010624250499271007,0.002420988124006131,6.828705465022992e-05,two-phase,False,
1.9790093678842062,1.4755758772678158,2667.8363608783534,4063.8154468528282,1.0832227719808998,4402.0174331587195,6242748.850713151,1249.6800392588834,1125.5502946875768,284.99886520166945,4181852.517834229,230883.90551077714,396.2449875548225,24.18683541144985,116286.98032678953,2.3275048851187288,0.0376926294876433,5734.860865613364,0.8782453529067482,7426.968334978981,25.14606338824374,284.99886520166945,0.18973535041608092,,,0.0002271685687719865,1.988382802827736e-05,0.00013464444102855193,9583.912296600485,71420.24931827319,4820445.4984941,295.30912406792345,6372633.097943243,0.15304630237424263,0.018847599867382256,0.16255888043132175,-0.25756018316888735,0.9662622584195293,0.0018312911043185183,0.001064171589125354,0.002431291104318518,6.867341641194445e-05,two-phase,False,
1.9876369371179172,1.4797314993763553,2667.096675674098,4032.351845968348,1.082187389649079,4363.760318335131,6188130.738820991,1249.0236635472781,1125.9742475810094,285.02433188401574,4184383.037500063,230529.6282130837,398.6499939596642,23.907117281306075,115881.52504654642,2.328135135494786,0.037674699663508227,5685.000166840975,0.8791462386586271,7358.50093247487,25.144900892976715,285.02433188401574,0.18771737202628636,,,0.00022916015707790332,1.9884747294416907e-05,0.00013589724444917233,9530.57215978565,71013.13969911759,4780800.411042313,295.31998822482075,6358379.446924776,0.15335314540298928,0.01892916089202529,0.16287637824466417,-0.25621344153540554,0.9666202317231848,0.0018415403649520309,0.0010658952431478628,0.0024415403649520307,6.905776368570116e-05,two-phase,False,
1.9961446244680574,1.4838470804038975,2666.3682010293783,4001.427595761217,1.0811596484214117,4326.182052616932,6134396.443776705,1248.3981828545827,1126.4127217821801,285.0493243509202,4186867.2018223475,230176.91473477814,401.06464895057024,23.632343524994848,115480.68339781289,2.328755209851306,0.037657069568760825,5635.819655417123,0.8800380020437687,7291.018913474769,25.143965476901123,285.0493243509202,0.18571019294419974,,,0.0002311506977370715,1.9885487054909157e-05,0.0001371550412730198,9478.09755973134,70612.69421037757,4741772.372591623,295.3306566884556,6344405.722323411,0.15366010179490477,0.019010294229468937,0.1631938760580066,-0.25486607642101217,0.9669763611845735,0.001851735880826998,0.0010675963850556563,0.0024517358808269977,6.944009553101242e-05,two-phase,False,
2.004535262742234,1.4879232563266265,2665.6506734639315,3971.0308929891044,1.080139309146482,4289.266565352588,6081525.402086207,1247.803284073179,1126.8657763453432,285.07385328320146,4189306.496984425,229825.74961143415,403.4896277241892,23.36235979960406,115084.39802602756,2.329365290282804,0.03763973287670296,5587.303667232056,0.8809208222813563,7224.499588881496,25.143255869685973,285.07385328320146,0.18371326968280777,,,0.00023314009161326104,1.9886048274393383e-05,0.00013841789146738965,9426.469858300805,70218.76772930472,4703347.098771429,295.34113365298055,6330707.560305385,0.15396717096406795,0.01909099968339204,0.163511373871349,-0.2535180980912826,0.9673306435444805,0.0018618776272729762,0.0010692753794232712,0.002461877627272976,6.98204110227366e-05,two-phase,False,
2.0128115633228565,1.4919606369995089,2664.943839919326,3941.150268666535,1.0791262528106735,4252.998721189897,6029500.29205634,1247.2381956605343,1127.332924603093,285.0979393824375,4191701.927285321,229476.11754576626,405.9246469356404,23.097072410524838,114692.63433771294,2.3299658128051854,0.03762268334110748,5539.443451679286,0.8817947354350819,7158.928799991232,25.142765780362808,285.0979393824375,0.18172696714639133,,,0.0002351282155382877,1.9886435898413125e-05,0.00013968570269915588,9375.670963489216,69831.22725977845,4665513.073655761,295.3514276139827,6317267.420537364,0.15427435232353037,0.01917127706073553,0.16382887168469146,-0.252169516829199,0.9676830755893834,0.0018719655800294465,0.0010709325825751818,0.0024719655800294464,7.019870925110425e-05,two-phase,False,
2.0209761234866574,1.495959807749415,2664.2474571673624,3911.774576708529,1.0781201787863248,4217.363106012799,5978299.828140727,1246.7029683806802,1127.8146246925119,285.1215832119849,4194054.890359336,229128.00366179357,408.37022855647075,22.836344712650394,114305.31641901596,2.330556715608924,0.03760591506911617,5492.219480666756,0.8826600139838928,7094.279332884315,25.142497753275034,285.1215832119849,0.17975083281348225,,,0.00023711498746083193,1.9886647894196215e-05,0.00014095864471598565,9325.683309699394,69449.92883275883,4628255.1386416685,295.36153847974026,6304091.358101916,0.1545816452853308,0.019251126171707884,0.16414636949803388,-0.25082034293463557,0.968033654151627,0.0018819997152465036,0.0010725683428143393,0.0024819997152465034,7.057498932174389e-05,two-phase,False,
2.0290314331569013,1.4999213308422696,2663.561291262794,3882.892983025921,1.0771208546635815,4182.345008444104,5927904.758763842,1246.1974088486281,1128.3110378908557,285.1447953663813,4196366.434897353,228781.39341287108,410.8265011795809,22.580066797620752,113922.39118876429,2.331138189661939,0.037589422237288055,5445.616310411194,0.8835168484147404,7030.52904610537,25.142451627793594,285.1447953663813,0.17778482059663014,,,0.00023910031285822,1.9886684377559966e-05,0.0001422368065677731,9276.489838867757,69074.7403503169,4591559.842679398,295.37147045827084,6291172.905803632,0.15488904926050998,0.01933054682979042,0.1644638673113763,-0.24947058672405648,0.9683823761095381,0.001891980009485518,0.0010741830006431143,0.002491980009485518,7.094925035570692e-05,two-phase,False,
2.036979881141631,1.5038457468362927,2662.885117036273,3854.4949550517913,1.07612821310196,4147.930768390404,5878300.0245405,1245.720667393937,1128.8215534448832,285.167606489198,4198637.7527613705,228436.2723602994,413.2939537025322,22.328112714273647,113543.84907167839,2.3317109334049393,0.037573198989759485,5399.627857242949,0.8843652316483228,6967.667306900267,25.14262010190397,285.167606489198,0.1758286901995436,,,0.00024108406235238297,1.9886551122097915e-05,0.00014352005570209605,9228.073982397933,68705.54875854557,4555417.3538548825,295.3812363593735,6278484.999712165,0.15519656365912496,0.01940953885174253,0.16478136512471872,-0.24812025853015834,0.9687292383875524,0.0019019064397197962,0.0010757768889769473,0.002501906439719796,7.132149148949236e-05,two-phase,False,
2.0448237609053748,1.5077335758320154,2662.2187176238767,3826.5702516796114,1.0751420267123821,4114.106495748128,5829467.160934293,1245.272615971193,1129.3463875478687,285.1900070294562,4200870.027742665,228092.6263945478,415.7729772693994,22.08036631951116,113169.59720148727,2.332274640596789,0.03755723999767337,5354.238636393042,0.8852053635160392,6905.6720952038595,25.14300361626097,285.1900070294562,0.17388207982331488,,,0.00024306614353164805,1.988624778610899e-05,0.00014480849745161255,9180.419643862126,68342.2146957816,4519814.707729392,295.3908318048916,6266043.412381482,0.15550418789026396,0.019488102057606708,0.16509886293806114,-0.24676936870138722,0.9690742379563697,0.0019117789833352108,0.0010773503333509776,0.0025117789833352107,7.169171187507041e-05,two-phase,False,
2.0525652759166597,1.511585318628612,2661.5618840299494,3799.108913594577,1.0741620828829503,4080.8587437259334,5781388.416549703,1244.8531029582623,1129.8857178687954,285.2120175333836,4203063.9944767915,227750.44171658135,418.26329689913473,21.836750320062094,112799.60737450163,2.3328297636739475,0.03754153979571249,5309.434264848289,0.8860374255415385,6844.522818993853,25.14360230099455,285.2120175333836,0.17194534511299425,,,0.0002450464627175439,1.988577428224048e-05,0.00014610222311261143,9133.511182432407,67984.62514018918,4484739.487177032,295.40026531551075,6253829.5652833395,0.15581192136206076,0.01956623627071348,0.16541636075140356,-0.2454179276016277,0.9694173718330625,0.001921597618130821,0.0010789036521199236,0.002521597618130821,7.205991067990579e-05,two-phase,False,
2.060206544609144,1.5154014577950343,2660.9144147203638,3772.10125398057,1.073188443124151,4048.1754720660656,5734052.562006072,1244.460853956214,1130.4384151968445,285.2336484807609,4205220.653768251,227409.70447292854,420.7650579233754,21.597167411798385,112433.83148310627,2.333376505799224,0.03752609315357124,5265.215154086449,0.8868612802053053,6784.217017948057,25.14440413832534,285.2336484807609,0.17001843268609357,,,0.00024702486512760534,1.9885140138910483e-05,0.00014740094506918624,9087.333397006183,67632.66312579559,4450184.946019625,295.4095411178097,6241836.999620658,0.15611976348170986,0.01964394131768633,0.165733858564746,-0.24406594560980036,0.9697586370812038,0.0019313623223194912,0.001080437156651464,0.002531362322319491,7.242608708698092e-05,two-phase,False,
2.0677496049902606,1.519182458663558,2660.2761152435596,3745.537849586178,1.0722207095329446,4016.0432506657908,5687438.282502029,1244.0965754542035,1131.0056300358347,285.2549003052368,4207341.0913437,227070.40137363755,423.27885362485546,21.3615006598133,112072.20183468291,2.333914818505823,0.03751089507312683,5221.556628766527,0.8876773413384131,6724.721697034401,25.145418412861947,285.2549003052368,0.16810088089448277,,,0.00024900130242228274,1.9884338044828425e-05,0.00014870503866962992,9041.871510992367,67286.20778615194,4416135.329108931,295.41865914091744,6230070.362482317,0.1564277136554808,0.019721217028446304,0.16605135637808843,-0.24271343311949353,0.9700980308109841,0.0019410730745284695,0.0010819511515133705,0.0025410730745284694,7.279024029481761e-05,two-phase,False,
2.075196418927794,1.5229287702525522,2659.646797877046,3719.4095321338355,1.0712588343521623,3984.450319872014,5641532.495289244,1243.759525509083,1131.5868301740404,285.2757934701352,4209426.325034406,226732.51922480203,425.80503928575945,21.129649317485484,111714.69365502716,2.3344451631883203,0.03749594049704289,5178.4531793024125,0.8884856087710756,6666.027324021558,25.146638753927036,285.2757934701352,0.1661925357895717,,,0.00025097564776064803,1.9883373077919502e-05,0.00015001438658920893,8997.111157726227,66945.15641695428,4382582.078698059,295.4276279189743,6218512.714884736,0.15673577128873314,0.019798063236216606,0.16636885419143085,-0.24136040053847294,0.9704355501793553,0.0019507298537999665,0.0010834459346546238,0.0025507298537999663,7.315236951749875e-05,two-phase,False,
2.0825488761417397,1.5266408261245972,2659.026281297219,3693.7073800570697,1.070302561593674,3953.3844706525406,5596317.7821241915,1243.4498748870249,1132.1825271397597,285.2963383864416,4211477.174902067,226396.04520686896,428.3437923152954,20.901524726411207,111361.26238458203,2.3349677503828015,0.03748122459056798,5135.8881311157,0.8892863306851221,6608.110813995449,25.14806857280257,285.2963383864416,0.16429333888249734,,,0.00025294782418036393,1.9882242588631475e-05,0.00015132918138752763,8953.038366482893,66609.4021036817,4349512.725223977,295.43645168970676,6207156.818909586,0.1570439357859314,0.019874479777527106,0.16668635200477327,-0.24000685828847054,0.9707711923901008,0.001960332639591718,0.001084921797580732,0.002560332639591718,7.351247398468943e-05,two-phase,False,
2.0898087979260627,1.5303190451854374,2658.4143902706182,3668.422710551559,1.069352087614983,3922.8354837825236,5551786.937092615,1243.1659150173546,1132.7910612920869,285.3165354320345,4213494.15932467,226060.96627975247,430.89445307483163,20.67708109371681,111011.84398821129,2.3354825375166985,0.03746674273921306,5093.868411781994,0.8900792390162059,6550.977955895997,25.14969102886183,285.3165354320345,0.16240383363168087,,,0.00025491764927030995,1.9880959946036678e-05,0.00015264896428173478,8909.639549061047,66278.83377366849,4316923.717068443,295.4451303912583,6196004.541923893,0.15735220655065982,0.01995046649221866,0.1670038498181157,-0.23865261202900306,0.9711050050183729,0.001969881411777535,0.001086379025523479,0.002569881411777535,7.387055294165756e-05,two-phase,False,
2.096977928322566,1.5339638261647113,2657.810956399488,3643.5471145254073,1.0684068647455272,3892.7907491827027,5507916.7985352045,1242.9091151711611,1133.4144195537233,285.33640499423416,4215478.764686388,225727.27016247294,433.45868872126243,20.456162930524208,110666.41751605168,2.3359899943241635,0.03745249027863289,5052.3622688441765,0.8908649220541687,6494.587412923493,25.1515234024635,285.33640499423416,0.16052285108020034,,,0.00025688511518630986,1.987951155082029e-05,0.00015397436918165324,8866.90156013352,65953.35855960038,4284797.3617966445,295.4536725701418,6185041.50174125,0.15766058301741223,0.020026023093371273,0.16732134763145812,-0.23729776031924785,0.9714369629304151,0.001979376134301986,0.0010878178951367916,0.0025793761343019857,7.422660503632447e-05,two-phase,False,
2.1040579674718587,1.5375755635884965,2657.2158153150986,3619.0723445680046,1.0674669049100054,3863.2399543014044,5464696.690339052,1242.6785991490265,1134.0518841872251,285.35594741668075,4217431.648204544,225394.94459973753,436.03651849686605,20.238698207152442,110324.92092557624,2.3364900819023156,0.03743846281878678,5011.367113471947,0.8916433285169899,6438.933490283107,25.15355772408624,285.35594741668075,0.15865042702481777,,,0.0002588500874470873,1.9877903773477578e-05,0.00015530522275297365,8824.811505155516,65632.87109838874,4253126.906869173,295.46207817005,6174270.326810517,0.15796906457389331,0.020101149483430673,0.16763884544480054,-0.23594263484828726,0.9717669849613373,0.001988816794906039,0.0010892386806987593,0.002588816794906039,7.458062980897646e-05,two-phase,False,
2.1110505583661094,1.5411546402339806,2656.6288077996073,3594.990364990972,1.066532278660247,3834.173265735454,5422117.352920703,1242.4732709656046,1134.7024809576992,285.3751630370489,4219352.988793137,225063.97728850783,438.62661132621105,20.02467839289711,109987.2933875586,2.3369827618785948,0.03742465607999576,4970.883046706189,0.8924143492660441,6384.013840736101,25.15578364287291,285.3751630370489,0.15678760775084608,,,0.000260812417878091,1.987614486983629e-05,0.00015664126440626517,8783.356826373656,65317.26888660979,4221906.765756198,295.47034713561203,6163691.230422716,0.15827765060297874,0.02017584558607905,0.167956343258143,-0.2345871580389599,0.9720950906589355,0.001998203383999316,0.0010906416509964241,0.0025982033839993157,7.493262689997435e-05,two-phase,False,
2.1179572811443355,1.5447014233515146,2656.04978026434,3571.2933743757703,1.0656027142455378,3805.579913101926,5380162.474909093,1242.2935071701493,1135.3669172688087,285.39407218281974,4221244.104164231,224734.35632383873,441.2306921897898,19.813955594607084,109653.51639608918,2.3374685105630544,0.03741106570915058,4930.892916988234,0.8931782611308853,6329.80512967423,25.158206578332454,285.39407218281974,0.15493321891980294,,,0.0002627720407492115,1.98742306389449e-05,0.00015798274662706183,8742.525342026242,65006.466885328526,4191125.0814668415,295.47848802308636,6153289.107543444,0.15858634050486195,0.02025011125451999,0.1682738410714854,-0.23323122410679123,0.9724213058657486,0.0020075358831348356,0.0010920270677598322,0.0026075358831348355,7.528259561755634e-05,two-phase,False,
2.1247796627845714,1.5482162687996195,2655.478583933485,3547.9737745743164,1.0646779787368001,3777.4495469249587,5338816.916687627,1242.1395438306984,1136.0457298948222,285.41268515463526,4223105.742192277,224406.070146972,443.84898180106086,19.60645523650977,109323.55189658058,2.337947550491202,0.03739768755521941,4891.381767420326,0.8939352963444368,6276.286760430627,25.160830394477266,285.41268515463526,0.15308719369856646,,,0.00026472888322599895,1.9872158118825388e-05,0.0001593298773893799,8702.30519345294,64700.37542649673,4160770.965807388,295.4865050881344,6143056.588343525,0.15889513367893138,0.020323946345287985,0.16859133888482783,-0.2318748435486785,0.9727456280699883,0.0020168142742841904,0.0010933951872172368,0.0026168142742841903,7.563053528565714e-05,two-phase,False,
2.1315191796043917,1.551699521577853,2654.915074632896,3525.0241643791046,1.0637581043638993,3749.7730229368544,5298071.367611691,1242.010524089675,1136.7381976004147,285.4310022436205,4224938.553363439,224079.10720388516,446.48150651974424,19.402113431542464,108997.34257758228,2.338419848367498,0.0373845176677385,4852.347780197588,0.8946853973316332,6223.454231925291,25.16364720101531,285.4310022436205,0.1512495643335949,,,0.0002666828082348279,1.986993363902455e-05,0.0001606824703345877,8662.684834582044,64398.900276734785,4130838.5796557744,295.49439828295647,6132996.3568134075,0.15920402952378565,0.020397350718251984,0.16890883669817025,-0.23051802687257694,0.97306805480746,0.002026038539837993,0.0010947462602354024,0.0026260385398379927,7.597644524392474e-05,two-phase,False,
2.1381772596092152,1.5551515163266965,2654.359112591139,3502.437333424622,1.0628429854104438,3722.5409516700192,5257913.830009067,1241.9061944707234,1137.4442841526543,285.44902373602855,4226742.910763838,223753.45612462377,449.1275851503343,19.200898156679514,108674.83230838392,2.3388853713372106,0.03737155219592478,4813.782250174831,0.8954286623860039,6171.2946941018745,25.166655549374997,285.44902373602855,0.1494208688530878,,,0.00026863371363352673,1.986755844530233e-05,0.0001620405521965651,8623.653021826976,64101.94976127256,4101319.6618266352,295.50216756052066,6123109.70005443,0.1595130274372484,0.02047032423661883,0.16922633451151267,-0.22916078459721295,0.9733885836616277,0.0020352086626063085,0.0010960805324555967,0.0026352086626063084,7.632032484773657e-05,two-phase,False,
2.1447552846997016,1.5585725777969681,2653.81056225192,3480.2062563103686,1.0619324232074145,3695.743863025274,5218330.644130499,1241.8267133877673,1138.164416845362,285.46676988327516,4228519.946262979,223429.10584177275,451.78904942073905,19.002671302859245,108356.00630083475,2.3393446042295185,0.037358787185963645,4775.672193280554,0.8961652890448348,6119.7901304429415,25.169858367915893,285.46676988327516,0.14759992518527476,,,0.0002705815221678855,1.9865030334749588e-05,0.0001634042963377931,8585.198804373535,63809.4487474748,4072204.4418725977,295.50982148951994,6113380.754405253,0.1598221268163838,0.020542866766936653,0.1695438323248551,-0.22780312725161897,0.9737072122637187,0.0020443246258190794,0.0010973982444254353,0.0026443246258190793,7.666217346821548e-05,two-phase,False,
2.151254592748525,1.5619630212910187,2653.2692920970826,3458.3240869363644,1.0610263183872084,3669.372873751895,5179310.45503017,1241.771841925337,1138.8985623271244,285.48424094340436,4230270.067641264,223106.04546316245,454.465232886794,18.80740460727296,108040.81033961527,2.339797517317089,0.037346218975252136,4738.009437087549,0.8968953697826214,6068.928450406682,25.17325429527853,285.48424094340436,0.1457872690174715,,,0.00027252613304940866,1.986235049847248e-05,0.00016477373364535045,8547.311514840469,63521.310256132674,4043485.108461732,295.5173600275253,6103811.042281719,0.16013132705751135,0.020614978179098038,0.1698613301381975,-0.22644506537470727,0.9740239382928145,0.0020533864131265273,0.0010986996317267144,0.002653386413126527,7.700199049224477e-05,two-phase,False,
2.1576764795559633,1.5653231530777925,2652.73517447942,3436.7841530423216,1.0601247943877359,3643.42009359902,5140846.620434792,1241.7404254888932,1139.6456387033188,285.5014471491318,4231993.671316647,222784.2639911732,457.15564088448974,18.615062353451282,107729.21128895992,2.3402443406193725,0.03733384389150178,4700.796369372856,0.897618761998045,6018.710507274644,25.17683214928446,285.5014471491318,0.14398333472022146,,,0.0002744673889669929,1.9859527880047858e-05,0.00016614854607001423,8509.98076029676,63237.45660409722,4015157.9145788355,295.52478744126864,6094391.579785263,0.16044062755622127,0.020686658346343083,0.17017882795153996,-0.22508660951488058,0.9743387594759307,0.0020623940085995325,0.0010999849250993789,0.0026623940085995323,7.733977532248247e-05,two-phase,False,
2.1640222006929086,1.5686532707836416,2652.2080854646506,3415.579950942125,1.0592274972977904,3617.8762032569366,5102923.0424352605,1241.733332945083,1140.4068640906887,285.5183887411272,4233691.750276151,222463.75092669894,459.8617591343412,18.425529510368445,107421.15693598699,2.3406850462693645,0.037321658449987805,4664.012799490536,0.8983358332474596,5969.109643627713,25.18060236446294,285.5183887411272,0.1421871383479898,,,0.0002764052565147933,1.9856554373204495e-05,0.00016752917264093885,8473.19641361975,62957.805289862175,3987210.791167305,295.53210369113856,6085126.838089232,0.16075002770738955,0.020757907145262378,0.17049632576488238,-0.22372777022972398,0.9746516735880753,0.0020713473967300107,0.0011012543505617585,0.0026713473967300105,7.76755273773754e-05,two-phase,False,
2.1702929732392278,1.5719536637606342,2651.6879046819045,3394.7051404456643,1.0583343528357292,3592.733067881685,5065529.540332251,1241.7502765243685,1141.1821319325022,285.53507592910955,4235364.913137979,222144.49591433292,462.5838540354506,18.238744244049304,107116.61598162753,2.3411198668438353,0.03730965915023788,4627.6519830205225,0.8990466518195539,5920.115665438771,25.184562969166798,285.53507592910955,0.140398605632966,,,0.00027833963200322336,1.9853431668127212e-05,0.00016891561863190127,8436.948605179217,62682.28290735894,3959636.7954797726,295.53931304762193,6076008.935782693,0.16105952690519332,0.02082872445579981,0.1708138235782248,-0.22236855808549813,0.974962678452348,0.002080246562431266,0.0011025081295272057,0.002680246562431266,7.800924609117248e-05,two-phase,False,
2.176489977424699,1.5752246134339387,2651.1745151821788,3374.1535399603827,1.0574454131157354,3567.983183979328,5028658.622936902,1241.7904559982169,1141.9707486214525,285.5515089372858,4237013.437058822,221826.4885851327,465.32123053454086,18.054683868995557,106815.53812102457,2.341548776255964,0.037297842674853594,4591.7129075366465,0.8997511581922144,5871.7254236270865,25.188706494382323,285.5515089372858,0.13861827041266653,,,0.000280270379213142,1.9850165792019207e-05,0.00017030769115601447,8401.227714833138,62410.811148708635,3932431.2771205097,295.5464154737821,6067038.796523447,0.161369124543126,0.020899110161255296,0.17113132139156723,-0.22100898365677793,0.9752717719400055,0.0020890914910383336,0.001103746478917255,0.0026890914910383335,7.834093091393751e-05,two-phase,False,
2.1826143581791992,1.578466393629744,2650.66780330421,3353.919121765318,1.0565604869244751,3543.6184203976723,4992298.159250942,1241.854108659656,1142.773194906335,285.5677079206337,4238638.077606919,221509.7188614529,468.07511364677856,17.873251792948015,106517.91355158582,2.341972270325902,0.03728620558314836,4556.183495403275,0.9004495455970712,5823.922309230642,25.193036530123784,285.5677079206337,0.13684544712562186,,,0.00028219742685720034,1.9846754058493136e-05,0.00017170558721483066,8366.02436422163,62143.32748387683,3905585.4919733787,295.5534195541314,6058198.920137057,0.1616788200140127,0.02096906414828733,0.17144881920490965,-0.21964905752604594,0.9755789519705311,0.0020978821683082993,0.0011049696112714266,0.002697882168308299,7.867058131156123e-05,two-phase,False,
2.188667226598262,1.581679270885052,2650.1676585472965,3333.9960074506694,1.0556795523955367,3519.631412834029,4956439.56637783,1241.9407776572677,1143.589157789704,285.5836631149629,4240239.155192013,221194.1767453199,470.84458411048234,17.694436105887675,106223.67392795815,2.34239006457138,0.03727474481644572,4521.059319995722,0.9011418357849997,5776.699097080669,25.19754922721134,285.5836631149629,0.13508077106865765,,,0.0002841206600082006,1.984319964975165e-05,0.00017310924166110073,8331.329409346185,61879.7506135428,3879093.7383067776,295.5603209447661,6049500.895202837,0.16198861271002543,0.02103858630691543,0.17176631701825207,-0.21828879028332165,0.9758842165116947,0.002106618580420609,0.0011061777348537881,0.0027066185804206088,7.899819676577283e-05,two-phase,False,
2.1946496613296453,1.5848635047405715,2649.6739734506145,3314.378463516293,1.0548024093091621,3496.014388679385,4921070.976324381,1242.0507690783609,1144.419184588953,285.5993846873144,4241817.392514474,220879.85253938255,473.6306774582805,17.518151438053454,105932.79136527092,2.3428023963733144,0.03726345718814146,4486.328112506711,0.9018282312432269,5730.039033669224,25.202248852461626,285.5993846873144,0.1333236576051031,,,0.0002860400126607456,1.9839499360834324e-05,0.00017451888095771856,8297.133933422008,61620.01489276933,3852947.411876108,295.56712392315893,6040937.50186407,0.1622985020226984,0.021107676530522448,0.17208381483159452,-0.21692819252569656,0.9761875635796301,0.002115300713977357,0.0011073710537563876,0.0027153007139773568,7.932377677415089e-05,two-phase,False,
2.200562709886111,1.5880193480178506,2649.186643478618,3295.0608971227884,1.0539290045047471,3472.7602510871393,4886183.591450818,1242.183787487851,1145.263135161766,285.61489274937736,4243373.557000508,220566.73666391353,476.43468991932053,17.344306396730058,105645.25828311198,2.3432097665705247,0.03725233948104055,4451.9843733441885,0.9025087831674617,5683.93367238088,25.207133227970314,285.61489274937736,0.13157341635546702,,,0.00028795538064770016,1.9835655069462262e-05,0.000175934494953584,8263.429239991772,61364.06322097713,3827140.5417927518,295.573837080947,6032491.411201392,0.1626084873429434,0.021176334715856775,0.17240131264493694,-0.2155672091003115,0.976489005755161,0.0021239285560035615,0.0011085497679996588,0.0027239285560035614,7.964732085013356e-05,two-phase,False,
2.2064073863205147,1.5911470451694152,2648.7055672056945,3276.0378635827383,1.053059375987663,3449.862388336395,4851770.529543492,1242.339172433893,1146.1204519631192,285.63015760748226,4244907.495493817,220254.8195450305,479.25446275156094,17.172937356272833,105360.97013116512,2.3436113682516475,0.037241389069337674,4418.026318284572,0.9031834588158197,5638.379144272227,25.21219626391315,285.63015760748226,0.12983139717127906,,,0.00028986663450139056,1.9831671734035428e-05,0.0001773559341102229,8230.206866546747,61111.8064113415,3801668.7670916417,295.5804474524654,6024192.595477773,0.16291856807022476,0.02124456072126635,0.17271881045827936,-0.21420567305456464,0.9767885798018121,0.0021325020886987017,0.00110971407291924,0.0027325020886987015,7.996882832620132e-05,two-phase,False,
2.2121846700114878,1.5942468312164575,2648.2306464073777,3257.304069930954,1.052193360507772,3427.3137155362933,4817821.23622856,1242.517123776233,1146.991546195099,285.6452192718251,4246420.016558979,219944.09186171318,482.09172831115313,17.003939520215965,105079.9605607411,2.3440082280639176,0.03723060268681371,4384.443726896838,0.9038524212090167,5593.361329394415,25.217441015400315,285.6452192718251,0.1280967003025058,,,0.00029177369887878026,1.982754712084583e-05,0.0001787833721280918,8197.458591399234,60863.20478979644,3776524.4997643814,295.5869722561543,6016003.24564895,0.16322874361864312,0.02131235433745138,0.17303630827162178,-0.2128439058530185,0.9770862151014267,0.002141021285761389,0.0011108641587868086,0.0027410212857613887,8.028829821605209e-05,two-phase,False,
2.2178955356384704,1.5973189474868756,2647.76178359113,3238.854277692526,1.0513308064964402,3405.1072798909286,4784325.524946943,1242.717791819983,1147.8767700420565,285.6600679530832,4247911.842492279,219634.5445328287,484.94716237263196,16.8372492875563,104802.16490144303,2.3444000641989895,0.03721997760655042,4351.226826185175,0.9045158242946164,5548.866675112543,25.222869994745487,285.6600679530832,0.12636894449351813,,,0.0002936765034997757,1.982327943268001e-05,0.00018021698097111296,8165.176264161047,60618.18535402201,3751700.4441144513,295.593407152183,6007936.952915914,0.16353901334297946,0.021379715626923725,0.1733538060849642,-0.21148209591159184,0.9773818716903031,0.0021494861550470953,0.0011120002166446878,0.002749486155047095,8.060573081426608e-05,two-phase,False,
2.2235409179869254,1.6003636224185032,2647.2988848855157,3220.68341704053,1.0504719345551983,3383.237539688412,4751280.407403594,1242.9397904776265,1148.7747354165876,285.6747038182747,4249382.861775458,219326.16826098468,487.8192104243504,16.672881739557994,104527.53964755635,2.344786856891747,0.03720951108902552,4318.381842324583,0.9051734573682312,5504.90120896536,25.228469331450995,285.6747038182747,0.12464916747419168,,,0.00029557487119042124,1.981887975172067e-05,0.00018165630263652796,8133.3520056897505,60376.684135951786,3727195.5045639295,295.59975211294557,5999992.82638308,0.16384937663179797,0.021446644499992375,0.17367130389830662,-0.21012000877911655,0.977675601572763,0.0021578966852849155,0.0011131224311740728,0.0027578966852849153,8.092112569818433e-05,two-phase,False,
2.229121726320087,1.603381078913011,2646.84185885023,3202.786539650721,1.0496163372287703,3361.6970766737977,4718671.26296832,1243.1843741499222,1149.6870311157215,285.6891369776857,4250833.939105943,219018.9542969069,490.7098225882027,16.510731502291662,104256.06145715427,2.3451688500381214,0.037199200353924836,4285.888288139462,0.9058257244037391,5461.4383842635225,25.23425324098403,285.6891369776857,0.1229362706936186,,,0.0002974688013797607,1.981433709272318e-05,0.00018310194671084814,8101.978126290991,60138.64542911315,3702998.455463366,295.60601142523933,5992164.472891534,0.16415983287311778,0.02151314087034093,0.17398880171164904,-0.20875765508694966,0.9779674030572788,0.002166252865628012,0.0011142309834446635,0.002766252865628012,8.123448246105046e-05,two-phase,False,
2.2346388453379094,1.6063715345377485,2646.3906163909073,3185.158815250383,1.0487639515148715,3340.479745284418,4686490.14420907,1243.451367672293,1150.6136266551434,285.703367585821,4252265.4643728295,218712.8940188429,493.61910636715794,16.35075915028064,103987.68833666647,2.3455460252863296,0.03718904278636497,4253.740535168919,0.9064726907345405,5418.4698297507975,25.24022069506934,285.703367585821,0.12123027513787524,,,0.0002993581988969243,1.9809652460672607e-05,0.00018455394814775435,8071.04712018616,59904.008326294934,3679103.8282866287,295.61218506350826,5984453.495945232,0.16447038145442858,0.021579204655029015,0.1743062995249915,-0.20739504547073295,0.9782572745010346,0.002174554685653789,0.0011153260509989388,0.0027745546856537888,8.154580071201708e-05,two-phase,False,
2.240093136089108,1.6093352017176374,2645.945070677871,3167.7955282827224,1.0479149545675954,3319.580307099821,4654733.655485313,1243.739603459649,1151.553370728809,285.71741567651213,4253677.715089267,218407.97864408355,496.54677625786775,16.19293900318994,103722.41754212731,2.345918892577331,0.0371790356214198,4221.943015999026,0.9071141915290418,5375.999493118954,25.246360099538602,285.71741567651213,0.11953149796470143,,,0.0003012429004537801,1.9804835153608456e-05,0.00018601192230020792,8040.5516601742565,59672.72666919119,3655510.0634338916,295.6182816322255,5976840.360897602,0.16478102176270562,0.02164483577449352,0.1746237973383339,-0.20603219057002076,0.9785452143099564,0.002182802135364051,0.0011164078079340485,0.0027828021353640507,8.185508007615191e-05,two-phase,False,
2.2454854368391066,1.6122722879177414,2645.5051370685865,3150.6920746823525,1.0470690502704587,3298.992158332312,4623389.822777886,1244.049904415025,1152.507350538448,285.7312615084019,4255071.164736424,218104.19979858526,499.49332019959087,16.037220656482724,103460.17003343182,2.346286907136033,0.03716917657188269,4190.480304959006,0.9077505204163291,5334.007111284793,25.252681004571,285.7312615084019,0.11783966276111017,,,0.0003031228787477671,1.9799877878689188e-05,0.00018747631548603837,8010.484592480017,59444.729157078,3632208.129889802,295.62429247851605,5969347.699353319,0.16509175318442573,0.021710034152549858,0.17494129515167633,-0.20466910102777686,0.9788312209387692,0.0021909952051851617,0.0011174764249813965,0.0027909952051851615,8.216232019444357e-05,two-phase,False,
2.2508165638964837,1.6151829958170523,2645.0707330336163,3133.8439587577227,1.0462262740967545,3278.7098885717155,4592452.925299285,1244.3817177270905,1153.4751001855484,285.74492510134206,4256446.29311473,217801.54911756952,502.4593178685286,15.88355245482608,103200.94443106503,2.3466505805252678,0.037159462987008604,4159.351017340325,0.9083816497235779,5292.489597764217,25.259178316697543,285.74492510134206,0.11615457714211361,,,0.0003049980126285659,1.9794784839436988e-05,0.00018894699394826292,7980.838931780906,59219.97240480955,3609194.386513392,295.63022620915444,5961957.001893117,0.16540257510558243,0.021774799716392925,0.17525879296501876,-0.20330578749008882,0.9791152928910032,0.002199133885968161,0.0011185320695839898,0.002799133885968161,8.246752072380604e-05,two-phase,False,
2.256087312400347,1.6180675234740272,2644.6417780858737,3117.24679017637,1.0453842439490137,3258.720678951014,4561906.144058189,1244.7346999724246,1154.456786241557,285.7584065868148,4257803.17091425,217500.01898673538,505.44399970226294,15.731926506377794,102944.70157116004,2.347009897024247,0.03714989248101591,4128.539705002331,0.909008010993477,5251.42702104646,25.265903671954344,285.7584065868148,0.11447676849050224,,,0.0003068688907457699,1.9789515803268495e-05,0.00019042443053902107,7951.607856405641,58998.40110045689,3586455.752075792,295.6360828023652,5954668.354291786,0.16571348691170165,0.021839132396598068,0.17557629077836118,-0.20194226060570156,0.9793974287190358,0.00220721816898889,0.0011195749059716312,0.00280721816898889,8.277068133708337e-05,two-phase,False,
2.2612984570708954,1.620926064484353,2644.218193713002,3100.8962810491817,1.0445475540255642,3239.033625656891,4531761.6390080135,1245.1090263640676,1155.4519554251342,285.77170609446875,4259142.4193810485,217199.6006373995,508.4483515013946,15.582280245972656,102691.40303130103,2.3473648410900054,0.03714046272197948,4098.062013072647,0.9096289188645875,5210.836560328703,25.272750891531242,285.77170609446875,0.11280574727054156,,,0.0003087340594672571,1.97841541724509e-05,0.0001919077653698122,7922.784703697543,58779.96126304306,3564003.5933015477,295.64186223666565,5947484.536158258,0.16602448798785696,0.021903032127121823,0.1758937885917036,-0.20057853102565237,0.9796776270241101,0.0022152480459480817,0.0011206050952340136,0.0028152480459480815,8.307180172305306e-05,two-phase,False,
2.2664507529252726,1.6237588081313956,2643.7999033126966,3084.7882431099424,1.0437137716058735,3219.6359718217345,4502001.741588741,1245.5046360867507,1156.461085242084,285.7848336810675,4260464.369542853,216900.28612324945,511.4727340762219,15.434572440687761,102441.03009414836,2.3477156628742795,0.037131171323713304,4067.9001262898646,0.9102448629051417,5170.695460588479,25.279774328869234,285.7848336810675,0.11114142475254384,,,0.00031059411956879706,1.9778657574051416e-05,0.0001933975821283796,7894.362965536075,58564.606719552605,3541824.033682645,295.6475688076778,5940396.658240921,0.16633557771868518,0.02196649884530257,0.17621128640504602,-0.19921460940275137,0.9799558864563798,0.0022232235089714447,0.0011216227953917998,0.0028232235089714446,8.337088158642918e-05,two-phase,False,
2.2715449359606756,1.6265659395297507,2643.3868321308187,3068.9185849865858,1.042882915082835,3200.5227600626995,4472620.919513349,1245.9210883078536,1157.483823660637,285.797789465784,4261769.344309314,216602.06752778724,514.5172715258382,15.288770113940329,102193.54563048325,2.34806234804875,0.03712201605676728,4038.0519232877796,0.9108558374544284,5130.999860109677,25.286970019679888,285.797789465784,0.10948381866266765,,,0.00031244895755105006,1.977302933530071e-05,0.00019489378820186222,7866.3362840103555,58352.28597242656,3519913.4668836226,295.65320249564365,5933406.060267945,0.16664675548840208,0.022029532491861094,0.17652878421838847,-0.1978505063914167,0.9802322057148806,0.0022311445506097345,0.0011226281614657352,0.0028311445506097343,8.366792064786504e-05,two-phase,False,
2.276581723806535,1.629347639762284,2642.978907202146,3053.2833095608207,1.0420547210007363,3181.688287280606,4443608.789388452,1246.3591292205601,1158.5211457994285,285.8105834905817,4263057.870528344,216304.93729588276,517.5832653859441,15.144806587580987,101948.93209459481,2.348405148527923,0.03711299463406289,4008.5043376048743,0.9114620932229117,5091.732564382424,25.294346570343926,285.8105834905817,0.10783232969987654,,,0.00031429854520874563,1.97672629577322e-05,0.00019639680351540416,7838.698447238724,58142.95521819129,3498264.074488601,295.658767598634,5926504.848657303,0.1669580206808175,0.02209213301090095,0.1768462820317309,-0.19648623264697326,0.9805065835476066,0.002239011163838795,0.0011236213455438691,0.0028390111638387948,8.396291864395482e-05,two-phase,False,
2.281561816347507,1.6321040860110372,2642.57605729363,3037.8785114127927,1.04122943849665,3163.128536659381,4414964.126919771,1246.817372260088,1159.571634220048,285.8232059425263,4264329.886281215,216008.8876303749,520.668747062019,15.002712241528355,101707.13475412414,2.348743784776279,0.03710410503075598,3979.264278474102,0.9120634166069407,5052.900793908473,25.301889961052332,285.8232059425263,0.1061881006587796,,,0.00031614270125617856,1.9761369635614546e-05,0.00019790612180740823,7811.443385328583,57936.55885003578,3476875.909017633,295.6642597805853,5919702.723430975,0.16726937267935138,0.022154300349908757,0.1771637798450733,-0.19512179882549666,0.9807790187514731,0.0022468233420596014,0.0011246024968469344,0.002846823342059601,8.425587532723505e-05,two-phase,False,
2.286485896318834,1.6348354516823216,2642.1782128500186,3022.700374347717,1.04040672194316,3144.837787891471,4386675.384482894,1247.296924736255,1160.636661391553,285.8356668560213,4265586.056878559,215713.91119001093,523.7759636831429,14.862394814246187,101468.13731948394,2.3490785095748565,0.03709534505452182,3950.3156934662265,0.9126601309835929,5014.483764746934,25.309612590457604,285.8356668560213,0.10455002243257396,,,0.0003179814246223723,1.9755339921264276e-05,0.00019942232279826058,7784.565166471142,57733.055361429855,3455740.097373573,295.66968334081065,5912992.477900622,0.16758081086704876,0.022216034459754334,0.17748127765841573,-0.19375721558330927,0.9810495101723475,0.0022545810790982725,0.0011255717617919528,0.0028545810790982723,8.454679046618522e-05,two-phase,False,
2.291354629875613,1.6375419065263417,2641.7853059417175,3007.7451690014686,1.039586750719001,3126.8120272330098,4358740.3109950805,1247.7967089193908,1161.7151511863449,285.8479663373644,4266826.462907785,215420.00047402442,526.904115806446,14.72385157077747,101231.90522057287,2.3494093100443845,0.03708671266580095,3921.6627957072824,0.9132520878459298,4976.48546080263,25.317503689421446,285.8479663373644,0.10291862053778758,,,0.0003198145559408391,1.9749182468132424e-05,0.00020094502593778613,7758.057993165854,57532.397871918896,3434855.7528031194,295.67503826166126,5906374.287584404,0.1678923346265956,0.02227733529469069,0.17779877547175815,-0.19239249357653293,0.9813180567050642,0.0022622843692060714,0.0011265292840541116,0.002862284369206071,8.483566384522767e-05,two-phase,False,
2.2961686671373407,1.640223616751626,2641.3972702148026,2993.0092505222283,1.038769200980533,3109.0458276923187,4331148.045472011,1248.3177578787638,1162.8083849507711,285.8601243228688,4268051.704640441,215127.1484087075,530.054821259228,14.58701230223903,100998.44194462999,2.349736707808502,0.03707820565276135,3893.2907492774693,0.913839585697293,4938.886636676687,25.325574829786476,285.8601243228688,0.1012931838444286,,,0.0003216420906674919,1.97428884975171e-05,0.00020247478299540139,7731.916198569469,57334.55337638339,3414214.550697579,295.6803331637623,5899830.475243041,0.16820394334033445,0.022338202812353984,0.17811627328510057,-0.19102764346079246,0.9815846572934076,0.0022699332070594013,0.0011274752046269772,0.002869933207059401,8.512249526472755e-05,two-phase,False,
2.300928642709057,1.642880745134558,2641.0140408430334,2978.4890563255058,1.0379543083229352,3091.5355483057724,4303897.49203989,1248.858775347698,1163.9150381432241,285.8721210760998,4269261.795737841,214835.3476960588,533.2267556344199,14.451889672708923,100767.67659359552,2.350060156979045,0.037069822279617304,3865.2057640021244,0.9144224308733961,4901.693765056437,25.333812907711366,285.8721210760998,0.09967445501586172,,,0.0003234638529542451,1.973646848271327e-05,0.00020401111287875125,7706.134242965157,57139.464278156265,3393816.5440890887,295.6855593932903,5893381.300587469,0.16851563639027953,0.022398636973763188,0.17843377109844302,-0.1896626758906962,0.9818493109301348,0.002277527587759762,0.0011284096618810826,0.002877527587759762,8.540728454099107e-05,two-phase,False,
2.3056351761803118,1.6455134511242533,2640.635554481805,2964.1811039198087,1.037141970510614,3074.2766310697175,4276981.823509775,1249.4198843351767,1165.0353700458436,285.88396661077115,4270457.006968007,214544.59120685246,536.420310901254,14.318448713178535,100539.59509862671,2.3503799127977105,0.03706156052817961,3837.401405856359,0.9150007272456577,4864.897908140166,25.342219834583982,285.88396661077115,0.09806234070491851,,,0.00032527977147327907,1.9729921185422786e-05,0.0002055541593846718,7680.70671034689,56947.093229944454,3373656.8315023384,295.690721252981,5887017.687381253,0.16882741315813266,0.02245863774331979,0.17875126891178544,-0.18829741959687288,0.9821120515364624,0.0022850675068337126,0.001129332791620955,0.0028850675068337124,8.569003150626422e-05,two-phase,False,
2.3102888635938097,1.6481218858881541,2640.261749947173,2950.0820160491803,1.0363319245222067,3057.2641731905983,4250391.652731581,1250.0018927834985,1166.1703991499714,285.89567093097156,4271637.857593766,214254.8721634625,539.6368976558427,14.186628799586808,100314.18429822235,2.3506962316917304,0.03705341843583747,3809.8654638332855,0.915574716170918,4828.483104736075,25.350804742381865,285.89567093097156,0.0964562366820928,,,0.0003270898238919235,1.9723239758306068e-05,0.00020710438005243058,7655.628353604057,56757.404190594934,3353728.2857267987,295.6958230471728,5880731.795102386,0.16913927304728682,0.022518204973256503,0.17906876672512786,-0.186931999425204,0.9823728556871345,0.002292552945712267,0.001130244725375967,0.002892552945712267,8.597073546421002e-05,two-phase,False,
2.3148903016618148,1.650706205714775,2639.892566264125,2936.1884465779985,1.0355242702308152,3040.4943984028328,4224123.827277829,1250.604090844879,1167.3194496645847,285.9072341239658,4272804.548108652,213966.1837226218,542.8766966747252,14.05640361781506,100091.41212823175,2.351009103017211,0.037045394163146436,3782.5991824476005,0.9161443236366972,4792.449835389381,25.359560702995918,285.9072341239658,0.0948561571485036,,,0.00032889388006282743,1.9716429864691276e-05,0.00020866154771524093,7630.893963166096,56570.355075762076,3334029.125903273,295.7008647613585,5874524.4228620995,0.16945121542466998,0.02257733870727124,0.17938626453847029,-0.1855666799721438,0.9826316742727744,0.0022999839098866684,0.0011311455951117449,0.0028999839098866683,8.624939662075007e-05,two-phase,False,
2.3194400712878402,1.6532665626591578,2639.5279439875335,2922.4971300915327,1.0347188875811084,3023.9629794072926,4198171.57761915,1251.2266961852185,1168.4828773561399,285.91864637045734,4273957.327163318,213678.51922700336,546.1396216722762,13.927754284171565,99871.22872139115,2.351318247757591,0.0370374860235448,3755.595708836077,0.9167096669722048,4756.788718856719,25.36849058351524,285.91864637045734,0.09326222673685536,,,0.00033069187910362695,1.9709489547829314e-05,0.00021022586015557722,7606.498455501883,56385.898546638164,3314554.4386620414,295.7058420604679,5868406.748703862,0.16976323966239223,0.02263603896559576,0.1797037623518127,-0.18420135775166546,0.9828885286757817,0.002307360401899314,0.0011320355299620157,0.0029073604018993136,8.652601507122428e-05,two-phase,False,
2.3239387365858786,1.6558031038276897,2639.1678252740267,2909.0048840632867,1.0339159175564356,3007.6664538824457,4172532.605594312,1251.8688446280182,1169.6598307861036,285.92992756841977,4275096.290432751,213391.87190581023,549.4253436113238,13.8006682174933,99653.6404994956,2.351624192201151,0.03702969204549996,3728.8577847805327,0.9172706388065891,4721.502113261088,25.37758580596749,285.92992756841977,0.09167474878795424,,,0.0003324836764093805,1.970242574778039e-05,0.00021179700358310574,7582.436877462132,56204.00725263144,3295303.129256607,295.710763571495,5862358.759802812,0.17007534514105782,0.022694305726233897,0.18002126016515513,-0.18283597156492218,0.9831434318053043,0.0023146824189860834,0.0011329146560079154,0.0029146824189860833,8.680059071197813e-05,two-phase,False,
2.3283868488547093,1.6583159734622854,2638.8121535572805,2895.708596163039,1.033114994298643,2991.59996981551,4147196.271863226,1252.5317973240303,1170.8518212675644,285.94107779590104,4276222.070837418,213106.23545361983,552.736132339209,13.675068340703756,99438.61728004263,2.3519269267898424,0.037022010513325106,3702.369925631926,0.9178275626909024,4686.570145586697,25.386860232404,285.94107779590104,0.0900927166202899,,,0.00033426929071057225,1.96952279810402e-05,0.0002133756604372371,7558.704384114959,56024.64207296223,3276266.923498074,295.7156292814553,5856383.364326633,0.1703875312410364,0.022752138970568186,0.18033875797849755,-0.18147053205219585,0.9833963829487543,0.002321949958807438,0.0011337830970278124,0.002921949958807438,8.707312345527894e-05,two-phase,False,
2.3327849469657207,1.6608053130220344,2638.460873511682,2882.6052224568803,1.0323164099363518,2975.7606745104654,4122162.9574520043,1253.2140716565127,1172.0573054530582,285.9520971300034,4277334.5546731325,212821.6032792896,556.0700763098614,13.550983152955247,99226.12942569095,2.3522264420610384,0.03701443974764499,3676.140204008786,0.9183802067935787,4652.001724776177,25.396298733232154,285.9520971300034,0.08851716341567961,,,0.0003360485298988325,1.9687908275615312e-05,0.00021496122726569135,7535.296235937471,55847.76476322419,3257446.9812979624,295.72043917751614,5850479.860734569,0.17069979734247884,0.022809538683358714,0.18065625579184,-0.18010504984991807,0.9836473814424347,0.0023291630194482737,0.0011346409745458758,0.0029291630194482735,8.734361322931026e-05,two-phase,False,
2.337133557735299,1.6632712612616287,2638.1139310173535,2869.691785662195,1.0315199549218697,2960.144341385927,4097424.818579232,1253.9162885939995,1173.2770774966918,285.9629757491859,4278434.063810774,212537.96907737406,559.4281359656688,13.428369638807185,99016.12949596149,2.352522459173027,0.037006978215461,3650.158812750212,0.9189287625457142,4617.783951037887,25.40590838391782,285.9629757491859,0.08694770384585877,,,0.00033782136432299926,1.9680461428275666e-05,0.0002165540897112004,7512.207796095885,55673.33170525925,3238837.388171197,295.72518892495617,5844659.766018353,0.1710121428253325,0.02286650485274186,0.18097375360518242,-0.1787395355904426,0.983896426671483,0.0023363215994177634,0.001135488407879389,0.0029363215994177632,8.761205997816612e-05,two-phase,False,
2.341433196282544,1.6657139543067325,2637.771273126475,2856.9653734556805,1.0307253688867235,2944.746688451702,4072973.331629072,1254.6392884291522,1174.5121708698337,285.97373352594684,4279521.111510509,212255.32688304168,562.8121549487759,13.307165564845755,98808.62562249633,2.3528155075591513,0.03699962408567371,3624.414546274941,0.9194734566195517,4583.902238156894,25.41569855307616,285.97373352594684,0.08538361765584465,,,0.0003395877831942764,1.9672880481952485e-05,0.00021815473979263622,7489.434527810984,55501.318808831194,3220431.6372335884,295.72988715501276,5838905.161083027,0.17132456706935675,0.0229230374702289,0.18129125141852484,-0.17737399990147742,0.9841435180698751,0.002343425697649183,0.00113632551418483,0.0029434256976491827,8.787846366184437e-05,two-phase,False,
2.3456843663730047,1.6681335257264371,2637.432848030844,2844.42313683258,1.0299330910854876,2929.565513673058,4048811.4569165385,1255.3809915286893,1175.7603759679255,285.9843606349572,4280595.475375908,211973.67028129488,566.2198737659149,13.187407114736413,98603.57135956832,2.3531053088137526,0.03699237589323007,3598.9203786250773,0.9200139426164584,4550.371539742403,25.425647794864318,285.9843606349572,0.08382604972541746,,,0.00034134754636233096,1.9665182340054052e-05,0.00021976227463320724,7466.97199180578,55331.684077143254,3202233.0339936386,295.7345295335877,5833224.943382834,0.17163706945413856,0.022979136530704512,0.18160874923186726,-0.17600845340582422,0.9843886551203694,0.0023504753134997217,0.0011371524085027679,0.0029504753134997216,8.814282425623957e-05,two-phase,False,
2.3498875607491065,1.6705301066029408,2637.0986050306237,2832.0622885153493,1.029142691810304,2914.5962069771363,4024928.0889017456,1256.142958664712,1177.0235216444407,285.99487693379405,4281657.798759332,211692.99338805868,569.6542659076116,13.069007447826111,98400.97558166672,2.3533923942351627,0.0369852318716973,3573.6593257997206,0.9205505861007489,4517.170253498196,25.435773057071245,285.99487693379405,0.0822737673453424,,,0.000343100700401016,1.9657354186882007e-05,0.0002213775314812582,7444.815843832492,55164.40489633027,3184232.825724888,295.7391246944096,5827601.869102938,0.1719496493591079,0.023034802032425136,0.18192624704520968,-0.17464290672089175,0.9846318373544896,0.002357470446750278,0.0011379692038016003,0.0029574704467502776,8.840514175313541e-05,two-phase,False,
2.3540432614480125,1.6729038255986557,2636.7684945042065,2819.880101410099,1.0283542189099204,2899.8355991052094,4001319.98494285,1256.9247591636508,1178.301224316675,286.005262703361,4282708.045082439,211413.29031025042,573.1138721376614,12.951984227129229,98200.77461795992,2.3536762153963258,0.03697819073273935,3548.630844153304,0.9210833629593492,4484.296866824626,25.446070268467164,286.005262703361,0.08072751742135867,,,0.0003448471355785017,1.964939948388028e-05,0.00022300040111039967,7422.961832275948,54999.434650217525,3166428.971494438,295.74366398066894,5822055.821406943,0.17226230616355323,0.023090033977017203,0.1822437448585521,-0.1732773704583865,0.9848730643524712,0.002364411097605234,0.0011387760110201743,0.002964411097605234,8.866541616019628e-05,two-phase,False,
2.358151940107045,1.675254809020596,2636.442467879184,2807.873907109146,1.027567793480172,2885.2807950986944,3977985.124297378,1257.725661163217,1179.5927659155445,286.0155279037714,4283746.463256288,211134.5550644801,576.5991827402936,12.836309896686696,98002.96002083345,2.353957034049829,0.03697125088453235,3523.836916719545,0.9216121898746864,4451.752971179608,25.45653217948478,286.0155279037714,0.07918719979221217,,,0.00034658671755578434,1.9641324139308578e-05,0.00022463061326042627,7401.405795830692,54836.74603129342,3148820.459246174,295.74815170400353,5816577.762528273,0.172575039246637,0.023144832369475277,0.18256124267189452,-0.17191185522380836,0.9851123357432432,0.0023712972666922274,0.0011395729391093176,0.0029712972666922272,8.892364750095853e-05,two-phase,False,
2.3622140582578393,1.677583180882512,2636.120477604334,2796.0410944381497,1.0267830729780496,2870.9276671201123,3954914.157411069,1258.546879110184,1180.8995818098524,286.02568248711395,4284773.435826746,210856.7820952568,580.1118631880233,12.721931974794408,97807.5236667829,2.3542351129600005,0.03696441076474912,3499.2639735553266,0.9221373547975278,4419.5211866210875,25.467172038930663,286.02568248711395,0.0776522023719689,,,0.0003483194688088819,1.9633118244761127e-05,0.00022626885532922236,7380.1436612492735,54676.31239516844,3131399.9967750353,295.7525921773933,5811159.323105717,0.1728878479874111,0.023199197218160005,0.18287874048523697,-0.17054637161613564,0.9853496512043687,0.0023781289550618857,0.0011403600950723135,0.0029781289550618855,8.917983581482071e-05,two-phase,False,
2.366230067608728,1.679889062964295,2635.802477122652,2784.3791080462947,1.0260002714571697,2856.77372069517,3932106.6981867286,1259.387303004526,1182.220531639625,286.03572651268667,4285788.964397527,210579.9656522244,583.6509960682414,12.608856132747196,97614.43967737524,2.3545104447703284,0.03695766895266522,3474.917135814072,0.9226587010573398,4387.606970896782,25.47797859517056,286.03572651268667,0.07612304684820079,,,0.00035004522505781765,1.9624790802468794e-05,0.00022791467117110772,7359.171441159055,54518.10163332378,3114167.936191793,295.7569853909491,5805800.396334765,0.17320073176483208,0.02325312853479599,0.1831962382985794,-0.16918093022745878,0.9855850104619954,0.002384906164187567,0.001141137584004352,0.002984906164187567,8.943398115703378e-05,two-phase,False,
2.3702004103212455,1.6821725748718506,2635.4884208449603,2772.8854470380857,1.025219174462018,2842.81532889013,3909555.6229386297,1260.2476223281715,1183.5564648011227,286.04565015587616,4286793.421339184,210304.10026787294,587.2176932449632,12.497043798855666,97423.66459314481,2.35478275085976,0.03695102416974781,3450.787229387055,0.9231764134737498,4355.998344692855,25.48895954243314,286.04565015587616,0.07459934699300867,,,0.00035176396786576084,1.961633620892282e-05,0.00022956849862405324,7338.485231945297,54362.07623557854,3097118.8574145883,295.76132701042286,5800512.709258284,0.1735136899577769,0.023306626334469557,0.18351373611192182,-0.16781554164242787,0.9858184132908345,0.0023916288959650745,0.0011419055091309847,0.0029916288959650744,8.968608359869029e-05,two-phase,False,
2.374125519266744,1.6844338340892189,2635.178264125207,2761.5576636453807,1.0244398715516485,2829.049778227344,3887258.69250138,1261.127258583304,1184.9068263501417,286.0554732428301,4287786.802006189,210029.1804187327,590.8116093721135,12.386488511076173,97235.2095522157,2.3550525664546136,0.03694447482694098,3426.8752994834867,0.9236904341489247,4324.695823245081,25.500109213563924,286.0554732428301,0.07308139737560383,,,0.00035347557603832285,1.9607759159480065e-05,0.00023123013522131125,7318.081211698108,54208.2176684149,3080251.4998707557,295.7656256747901,5795276.003187937,0.1738267219450582,0.02335969063562631,0.18383123392526424,-0.16645021643807342,0.9860498595140706,0.002398297152712352,0.0011426639718456124,0.002998297152712352,8.99361432267132e-05,two-phase,False,
2.3780058182834405,1.6866729560344522,2634.871963235831,2750.3933619382797,1.0236622850507777,2815.47395367023,3865211.097952241,1262.0263388202395,1186.2718398629338,286.06517606603046,4288769.468739107,209755.20071094867,594.4335864121894,12.277158971230417,97049.0139783252,2.3553193415217373,0.03693801981522964,3403.1767526243493,0.9242008399887309,4293.693052270357,25.51142936164493,286.06517606603046,0.07156892549198911,,,0.00035517998619607463,1.95990586380755e-05,0.0002328997410448878,7297.955638221082,54056.48367632412,3063562.3907911456,295.76987272527,5790112.003215077,0.17413982710543952,0.0234123214600687,0.18414873173860666,-0.16508496518330748,0.9862793490033269,0.0024049109371691757,0.0011434130717460332,0.0030049109371691756,9.018416014384408e-05,two-phase,False,
2.3818417224193107,1.6888900541107148,2634.5694753443586,2739.3901965736372,1.0228864343103319,2802.0850703578867,3843409.617748298,1262.9445884320523,1187.651283561377,286.0747784434231,4289741.457083812,209482.1557725353,598.0832656033037,12.169049471327154,96865.08973740209,2.355583612313714,0.036931657599427806,3379.690335964632,0.9247076292668301,4262.987773007086,25.52291750474881,286.0747784434231,0.07006222492914653,,,0.0003568771021902909,1.959023688835611e-05,0.00023457726206298877,7278.104847099501,53906.856965141546,3047049.4014799166,295.7740768022081,5785000.66966341,0.17445300481765091,0.023464518832953318,0.18446622955194908,-0.16371979843848927,0.9865068816786127,0.0024114702524968157,0.00114415290667008,0.0030114702524968156,9.04301344686306e-05,two-phase,False,
2.385633638167242,1.691085239756144,2634.270758490711,2728.5458715798964,1.0221120031608546,2788.879486516808,3821845.90418033,1263.883144878316,1189.0464918801626,286.08428042592294,4290703.254017613,209210.0406223222,601.76338267598,12.062091943095824,96683.41304336711,2.3558453724737416,0.03692538689698915,3356.4040455125423,0.9252110584433637,4232.5646142214155,25.534586002093228,286.08428042592294,0.0685602831131055,,,0.0003585669459130905,1.9581284770350768e-05,0.00023626337484370597,7258.525249826027,53759.30867809228,3030706.019469962,295.7782378971035,5779944.232789877,0.1747662544604043,0.023516282782788195,0.18478372736529153,-0.16235472675512944,0.9867324575082485,0.002417975102277697,0.001144883572730369,0.0030179751022776967,9.067406633541364e-05,two-phase,False,
2.389381963691805,1.6932586224919617,2633.9757715652777,2717.85813917711,1.0213393235760684,2775.8553934428614,3800521.716180714,1264.8404321818487,1190.455803843168,286.0936820638905,4291654.706261659,208938.84995590855,605.4717352246204,11.956319198445053,96503.96052606998,2.3561046157015952,0.036919206451254606,3333.3266175338176,0.9257108874424799,4202.433543659942,25.546418669167462,286.0936820638905,0.06706413230655471,,,0.0003602493135493314,1.9572215051946247e-05,0.00023795736199294892,7239.213331981969,53613.81057048805,3014534.3324162257,295.78235600154477,5774941.861662184,0.17507957541240854,0.023567613341429865,0.18510122517863395,-0.16098976067541154,0.9869560765088149,0.0024244254905150305,0.001145605164348187,0.0030244254905150304,9.091595589431365e-05,two-phase,False,
2.393087089048042,1.6954103099689355,2633.684474287714,2707.3247986309493,1.0205683638545848,2763.0100401617315,3779433.213037707,1265.8164035598638,1191.8792452157209,286.10297353390666,4292595.97750073,208668.57854685312,609.208246322943,11.851720154892261,96326.69139064875,2.3563610631227667,0.03691311514541423,3310.455057610091,0.9262071576423337,4172.590220342365,25.558415400861048,286.10297353390666,0.06557389774672001,,,0.00036192412820239533,1.9563028151704403e-05,0.00023965928768292734,7220.165651472193,53470.32898922386,2998531.6396522736,295.7864267810594,5770004.256138638,0.17539296705238497,0.023618510544080398,0.18541872299197637,-0.1596249107319354,0.987177738745066,0.002430821421632438,0.0011463177742865442,0.0030308214216324377,9.115580331121642e-05,two-phase,False,
2.3967493963925794,1.6975404080122396,2633.3968271864464,2696.943695139609,1.019798669878023,2750.339593039294,3758570.182611978,1266.8127907553207,1193.3187986007233,286.1121746332852,4293527.583393365,208399.22170749932,612.9763811126775,11.748215850894411,96151.61877222416,2.356615253607645,0.036907111543945575,3287.7734034288114,0.9267002234406204,4143.0144834864905,25.570594768519822,286.1121746332852,0.06408833591181992,,,0.00036359146431620785,1.955371020996173e-05,0.00024137014340303858,7201.378836811851,53328.848894093986,2982689.809694586,295.7904588794469,5765113.737759117,0.17570642875908282,0.023668974429284315,0.1857362208053188,-0.15826018744720077,0.9873974443298792,0.002437162900473567,0.0011470214936824092,0.0030371629004735667,9.139360876775876e-05,two-phase,False,
2.4003692601874063,1.6996490206647907,2633.112791578844,2686.7127187525793,1.0190306443184953,2737.8425928891374,3737935.584416636,1267.8277331445167,1194.7724874011883,286.12126566584516,4294449.277190169,208130.77435107646,616.7732165346827,11.64585198076508,95978.6848673749,2.356866635559831,0.03690119469369943,3265.2923768013025,0.9271897980090066,4113.718767997607,25.582937586367674,286.12126566584516,0.06260871026700428,,,0.0003652510931772522,1.9544276270541893e-05,0.00024308905309216358,7182.849585463284,53189.33179104838,2967011.907503606,295.79444363599856,5760289.055710686,0.17601995991129413,0.023719005038925243,0.1860537186186612,-0.1568956013332633,0.9876151934241766,0.002443449932301669,0.0011477164120781566,0.0030434499323016687,9.162937246131259e-05,two-phase,False,
2.4039470473966285,1.7017362502291253,2632.8323295520413,2676.629803320188,1.018263907853976,2725.5155234072336,3717520.5123243164,1268.8626583476178,1196.2419547664465,286.1302762898414,4295361.651799012,207863.23184560798,620.602624507514,11.544544575374305,95807.92119174452,2.3571160220552057,0.03689536309068525,3242.998593877737,0.9276761755323633,4084.6860887961643,25.595459207917752,286.1302762898414,0.0611336597906162,,,0.0003669030652776747,1.9534714964024907e-05,0.0002448168545296266,7164.574662221276,53051.76966892953,2951490.8935713377,295.79839402272506,5755502.924864382,0.17633355988786917,0.0237686024182226,0.18637121643200363,-0.1555311628914078,0.9878309862368392,0.0024496825227991845,0.0011484026174522419,0.0030496825227991843,9.186309460496942e-05,two-phase,False,
2.4074831176764935,1.7038021973078807,2632.5554039443737,2666.692925472969,1.0174987902767287,2713.3568257082566,3697326.876067841,1269.9160190183816,1197.7255683094113,286.13917694277563,4296264.414740394,207596.58924100234,624.4612923344996,11.44434568702943,95639.25303474069,2.3573625879385762,0.03688961594419485,3220.900332293784,0.9281591284977826,4055.9259232960558,25.608143734780764,286.13917694277563,0.05966456476138529,,,0.00036854717762341266,1.952503879931384e-05,0.00024655282638578075,7146.550897645154,52916.11919486671,2936128.910867288,295.80229705159854,5750783.861013575,0.17664722806773184,0.02381776661572813,0.18668871424534605,-0.15416688261164138,0.9880448230246482,0.002455860678067305,0.0011490801962491329,0.0030558606780673046,9.209477542752392e-05,two-phase,False,
2.4109778235589507,1.7058469608429268,2632.281978327417,2656.9001036299105,1.0167348346056804,2701.362887427972,3677344.766020846,1270.9895791702909,1199.2253364274266,286.1479972724826,4297158.104850284,207330.84212376166,628.3531812738265,11.345172426889551,95472.71246941271,2.3576071476206244,0.03688395179447622,3198.982083305753,0.9286390039785485,4027.418717262484,25.62101002860867,286.1479972724826,0.05820006223012028,,,0.00037018351168366067,1.9515233764855294e-05,0.00024829799685683533,7128.775186536149,52782.373345091095,2920918.0486291563,295.8061656963769,5746104.355616334,0.17696096382989457,0.023866497683322226,0.1870062120586885,-0.15280277097245992,0.9882567040921797,0.002461984404625513,0.0011497492334085091,0.003061984404625513,9.232441517345675e-05,two-phase,False,
2.4144315106290355,1.7078706381532194,2632.0120169885945,2647.249397034625,1.0159724618761923,2689.5324871055336,3657577.534495714,1272.0814149113585,1200.7392116015378,286.15672745249725,4298042.556434504,207065.98566419247,632.2755721657264,11.247065044914603,95308.26099316838,2.3578494225461086,0.03687836966493153,3177.2548702165354,0.9291155092706347,3999.177327235664,25.634038232683803,286.15672745249725,0.05674130057331923,,,0.00037181183153366435,1.9505315372530425e-05,0.00025005142762479755,7111.244486458522,52650.50175940449,2905861.6519772764,295.8099956230819,5741473.534494911,0.1772747665534738,0.02391479567621026,0.18732370987203092,-0.15143883844035824,0.988466629791737,0.00246805370941112,0.0011504098123937569,0.00306805370941112,9.255201410291701e-05,two-phase,False,
2.4178445176963064,1.709873324971413,2631.745484914333,2637.7389048185873,1.0152111884921418,2677.8620484928383,3638015.036921837,1273.1934120137162,1202.2693313632635,286.165357662028,4298918.213117954,206802.01559541162,636.2311816526491,11.149965642796758,95145.86058580168,2.3580891334060796,0.03687286860147202,3155.7024894238957,0.9295890093071332,3971.1813739040554,25.647248463125404,286.165357662028,0.05528738174704062,,,0.00037343223134396437,1.9495268692034553e-05,0.00025181423507154074,7093.955816303021,52520.474635620114,2890951.590380112,295.813782496777,5736903.393832017,0.17758863561770488,0.023962660652918685,0.18764120768537335,-0.15007509546952127,0.9886746005232532,0.0024740685997787777,0.0011510620152197775,0.0030740685997787775,9.277757249170416e-05,two-phase,False,
2.4212171769605955,1.7118551154792954,2631.4823477737523,2628.366765090575,1.01445126560498,2666.349991320201,3618658.1659293193,1274.3243686227863,1203.8144398502786,286.1739076683592,4299785.035912267,206538.92741843592,640.2196432756665,11.053872415851684,94985.5264423144,2.3583268229051764,0.036867447322772175,3134.330926392893,0.9300593342442687,3943.4375869656246,25.66062843152554,286.1739076683592,0.05383859229723295,,,0.0003750445377596007,1.9485103466356326e-05,0.00025358585699576766,7076.906254891295,52392.28040656214,2876189.099329422,295.8175349662947,5732373.714354979,0.17790257040195734,0.024010092675291087,0.18795870549871577,-0.1487115525013758,0.9888806167342096,0.0024800290834999794,0.001151705922480123,0.0030800290834999793,9.300109063124924e-05,two-phase,False,
2.4245498141722805,1.7138161023420764,2631.222571902863,2619.1311540514885,1.013692663777038,2654.994036331881,3599503.6638665963,1275.474267157274,1205.3745812809204,286.1823676483036,4300643.157759131,206276.7167055942,644.2409446977736,10.958777143436548,94827.2212087755,2.3585622120261163,0.0368621049162822,3113.137637592594,0.9305265202223411,3915.942292027778,25.67417827103838,286.1823676483036,0.052395057627115944,,,0.0003766486803042285,1.947481998144503e-05,0.000255366378109258,7060.09293961993,52265.89023078642,2861571.8764417516,295.82124869709736,5727895.020900828,0.17821657028574994,0.02405709180848407,0.1882762033120582,-0.14734821996431027,0.9890846789195298,0.002485935168762546,0.0011523416133734808,0.0030859351687625458,9.322256882859547e-05,two-phase,False,
2.42784274878732,1.7157563767415946,2630.96612428925,2610.0302851337538,1.0129353677869164,2643.791986806949,3580548.5338294427,1276.6430339337694,1206.9497371004968,286.1907474999996,4301492.749956301,206015.37908494147,648.29576189876,10.864660050396493,94670.94303368301,2.358795570291608,0.03685684025683185,3092.1205924214246,0.9309905917496009,3888.6924529327553,25.687897520440128,286.1907474999996,0.05095666843420723,,,0.00037824458391212326,1.946441897793094e-05,0.00025715584662547043,7043.513065142814,52141.287531343834,2847097.832400841,295.82492801117553,5723458.087562716,0.17853063464876576,0.02410365812096308,0.1885937011254006,-0.14598510827318803,0.9892867876214994,0.0024917868641700985,0.0011529691657295301,0.0030917868641700983,9.34420074063787e-05,two-phase,False,
2.431096294117233,1.7176760284084664,2630.7129725572336,2601.06240816455,1.0121790781967415,2632.740950628191,3561785.6693410077,1277.8317980948773,1208.5412055555662,286.199037402416,4302334.108821542,205754.9105440431,652.3855486721914,10.771489185180616,94516.65529571715,2.3590266183813613,0.036851652472303466,3071.2695157031167,0.9314517734227962,3861.674975213311,25.70179831641852,286.199037402416,0.049523038261057854,1075317.6480323335,3.3123102516345098,0.0003798322807875924,1.9453891663315864e-05,0.00025895498881149675,7027.163882090632,52018.4444224078,2832761.3840962886,295.8285685736235,5719074.198736786,0.17884476287086717,0.024149791684498018,0.18891119893874303,-0.14462222782901987,0.9894869434296599,0.00249758417874151,0.001153588656034174,0.00309758417874151,9.365940670280664e-05,two-phase,False,
2.4343107574742393,1.7195751456532302,2630.463084953481,2592.2258085521084,1.011424048776633,2621.839522629055,3543216.134964976,1279.0393595944213,1210.1477304475522,286.20724724997916,4303167.1470516315,205495.30683680667,656.5095659269888,10.679269670544253,94364.35674573877,2.3592556262863393,0.036846540476211324,3050.590291509884,0.9319098991401514,3834.8965105442876,25.71586837793625,286.20724724997916,0.0480945693815332,1080733.4441923997,3.2785291822006277,0.0003814115972274489,1.9443247750831972e-05,0.00026076322979001846,7011.042695826263,51897.34521068295,2818563.8679754674,295.83217470705307,5714732.913148659,0.17915895433211101,0.024195492574158844,0.18922869675208548,-0.14325958901864516,0.9896851469806995,0.0025033271219103486,0.001154200159454177,0.0031033271219103485,9.387476707163808e-05,two-phase,False,
2.4374864403117504,1.7214538153965249,2630.2164303330524,2583.518806494396,1.010670183308514,2611.0854257406845,3524835.899921213,1280.2659977763215,1211.7696762813723,286.2153770773852,4303992.027525955,205236.56385841646,660.6681625246803,10.587988436590736,94214.02890566755,2.3594825895909612,0.03684150331765436,3030.078616789068,0.9323650498914706,3808.3512798251913,25.73011092414015,286.2153770773852,0.04667126947527423,1086122.8600358914,3.2453381008891875,0.0003829824907840121,1.9432485210582473e-05,0.0002625808194999022,6995.146865234964,51777.96875807055,2804502.2906951923,295.8357464056512,5710434.934072912,0.17947320841276332,0.024240760868310975,0.1895461945654279,-0.14189720221432983,0.9898813989583528,0.0025090157035243038,0.0011548037498612163,0.0031090157035243036,9.40880888821614e-05,two-phase,False,
2.440623638360368,1.7233121231983257,2629.9729781458796,2574.9397562094555,1.0099173352145583,2600.4762969290778,3506640.2673580972,1281.5122090555728,1213.407643319632,286.2234269189794,4304809.03656917,204978.67769802266,664.8632127363572,10.497608632643411,94065.65361407511,2.359707503917488,0.036836540064274954,3009.7288526320244,0.9328173397227402,3782.0318824784836,25.7445314382758,286.2234269189794,0.04525263368585381,1091488.498805187,3.2127138959289905,0.0003845449393947207,1.942160031922829e-05,0.00026440813591044316,6979.473801548216,51660.29435586228,2790573.0878060586,295.83928366366206,5706181.546970068,0.1797875244933145,0.024285596648610634,0.18986369237877032,-0.14053507777332952,0.990075700093303,0.0025146499338445987,0.0011553994998553647,0.0031146499338445986,9.429937251917245e-05,two-phase,False,
2.4437226417595896,1.7251501532862952,2629.7326984236356,2566.487045186787,1.0091654079225183,2590.0099458837826,3488625.33232893,1282.7782831043867,1215.0620035743152,286.2313968087568,4305618.249115434,204721.64458440887,669.0951306269563,10.408117842189007,93919.21302047021,2.359930364926113,0.03683164980186832,2989.5368849183524,0.9332668462950356,3755.932790024303,25.759133228662566,286.2313968087568,0.043838669417748374,1096830.6043916561,3.1806418587889915,0.0003860989034382926,1.9410591014904286e-05,0.0002662454457800693,6964.020967200209,51544.30171505441,2776773.358766731,295.84278647538696,5701973.036293009,0.18010190195449413,0.02433,0.19018119019211274,-0.13985404936819817,0.9901721289126036,0.002520229823545383,0.0011559874807880188,0.003120229823545383,9.450861838295186e-05,two-phase,False,
