M,X,Taw,hg0,sigma,hg,q,Twg,Twc,Tb,p,h,rho,v,Re,Pr,f,hc,eta_fin,hce,kw,Tsat,xq,chf,chf_ratio,Rg,Rw,Rc,G,hc_lo,q_c,T_sl,q_nb_max,x,r,s,nx,nr,w,Dh,pitch,A_flow,regime,onb,margin_sat
0.049702617666374245,1.000287615129978,3110.0700830834426,839.7416759805503,1.436387962420659,1206.194834921412,3098205.0065412144,541.4925060263545,432.4763215678215,309.2539695862494,4070053.3238202953,434566.4711634629,90.48456570007366,46.3632151142183,347129.0140365546,1.034126403450343,0.0348283756204704,24386.031047361004,0.527458829742901,25143.206218012714,14.209839676234909,283.86184412178994,1.2049963059245943,,,0.0008290534589009028,3.518688538310672e-05,3.9772175088934966e-05,4195.155384069134,24386.031047361004,3004904.101151462,294.830936616555,7026147.857994892,0.0,0.0485,0.0,-0.0,1.0,0.005557521601035995,0.0013216415145030625,0.006157521601035994,0.0002084070600388498,vapour,False,
0.049702617666374245,1.000287615129978,3110.0700830834426,839.7416759805503,1.4364698504903117,1206.2635997462648,3098750.8226416246,541.1864466266675,432.1124917347154,309.01572375141126,4071269.0111649074,434223.5545530744,90.68229223112303,46.262123297202194,347325.796109901,1.035857339024571,0.03482826711001765,24417.198629997896,0.5271141767589592,25173.291495857262,14.204815557074255,283.8743354591685,1.2033858804356452,,,0.0008290061974931085,3.519933067705275e-05,3.972464229258891e-05,4195.155384069134,24417.198629997896,3005678.2345591024,294.83611758420835,7018786.854643224,0.0003174978133424253,0.0485,0.0003174978133424253,-0.0,1.0,0.005557521601035995,0.0013216415145030625,0.006157521601035994,0.0002084070600388498,vapour,False,
0.049702617666374245,1.000287615129978,3110.0700830834426,839.7416759805503,1.4365519298531997,1206.33252520802,3099297.9038499435,540.8797155141847,431.7478173648691,308.77797013804553,4072482.859412947,433880.57740111795,90.88083292082813,46.161057829694315,347522.03078430047,1.0376048014045485,0.034828159023140716,24448.723360494907,0.5267666308649518,25203.72248762044,14.199780066179423,283.8868034816049,1.201774235713516,,,0.0008289588310881033,3.521181297665897e-05,3.967667873232535e-05,4195.155384069134,24448.723360494907,3006455.7765309317,294.8412904732717,7011444.454342087,0.0006349956266848506,0.0485,0.0006349956266848506,-0.0,1.0,0.005557521601035995,0.0013216415145030625,0.006157521601035994,0.0002084070600388498,vapour,False,
0.049702617666374245,1.000287615129978,3110.0700830834426,839.7416759805503,1.4366342022098846,1206.4016127347093,3099846.261432482,540.5723066293376,431.38229089262495,308.54071222005905,4073694.869683811,433537.53956634627,91.08019327782829,46.06001846386467,347717.7084683819,1.0393689918225824,0.03482805136389258,24480.609851137724,0.5264161631458636,25234.503617827308,14.194733101362838,283.899248204121,1.2001613724057347,,,0.0008289113587416121,3.5224332604886734e-05,3.962828098958659e-05,4195.155384069134,24480.609851137724,3007236.7609809265,294.84645528147774,7004120.6306535425,0.0009524934400272759,0.0485,0.0009524934400272759,-0.0,1.0,0.005557521601035995,0.0013216415145030625,0.006157521601035994,0.0002084070600388498,vapour,False,
0.049702617666374245,1.000287615129978,3110.0700830834426,839.7416759805503,1.4367166447832602,1206.470843199448,3100395.743511792,540.2643053575325,431.01601350110883,308.3040268676084,4074904.986499913,433194.4409243194,91.28032821166299,45.95903045332296,347912.7548586407,1.0411496054291305,0.034827944171853496,24512.853842875724,0.5260628438109659,25265.63075514077,14.189676061875588,283.9116696417019,1.1985477849004513,,,0.0008288637936314262,3.523688615721014e-05,3.957945913527336e-05,4195.155384069134,24512.853842875724,3008020.9931159155,294.85161200656347,6996815.040397954,0.0012699912533697011,0.0485,0.0012699912533697011,-0.0,1.0,0.005557521601035995,0.0013216415145030625,0.006157521601035994,0.0002084070600388498,vapour,False,
0.049702617666374245,1.000287615129978,3110.0700830834426,839.7416759805503,1.4367992586896001,1206.540217539617,3100946.3574670074,539.9557077910276,430.6489802153708,308.06791846729226,4076113.1606795527,432851.2813497807,91.48124169249532,45.85809403605072,348107.15947626985,1.0429468247504465,0.034827837451411464,24545.459612430823,0.5257066477033387,25297.107997317664,14.184608881098738,283.9240678092956,1.1969334741344426,,,0.0008288161351464977,3.5249473862212694e-05,3.9530210334953437e-05,4195.155384069134,24545.459612430823,3008808.50038635,294.85676064627035,6989527.376784016,0.0015874890667121264,0.0485,0.0015874890667121264,1.4210854715202007e-14,1.0,0.005557521601035995,0.0013216415145030625,0.006157521601035994,0.0002084070600388498,vapour,False,
0.049702617666374245,1.000287615129978,3110.0700830834426,839.7416759805503,1.436882069832098,1206.6097575072083,3101498.2758745058,539.6464174551816,430.28107594038386,307.8323178184706,4077319.4984918013,432508.06069837575,91.68298920340094,45.757183753706805,348300.9765221606,1.0447613569292684,0.034827731171489434,24578.440724080207,0.5253474475470542,25328.94839804395,14.179529972275787,283.9364427218132,1.1953179471207134,,,0.0008287683683794725,3.526209972951247e-05,3.9480517875634576e-05,4195.155384069134,24578.440724080207,3009599.54323668,294.86190119834407,6982258.202679608,0.0019049868800545518,0.0485,0.0019049868800545518,-0.0,1.0,0.005557521601035995,0.0013216415145030625,0.006157521601035994,0.0002084070600388498,vapour,False,
0.049702617666374245,1.000287615129978,3110.0700830834426,839.7416759805503,1.4369650790976185,1206.6794638469582,3102051.5045742663,539.3364313440143,429.91229672426243,307.59724007173344,4078524.0000106315,432164.7788251039,91.88559947655786,45.65628790547767,348494.1745130278,1.0465934578016514,0.034827625348056904,24611.80367245002,0.5249852003503142,25361.158220991,14.174439283225164,283.94880465186515,1.193701270078318,,,0.000828720492857272,3.527476396133203e-05,3.94303758245677e-05,4195.155384069134,24611.80367245002,3010394.1605166458,294.8670379235579,6974995.88104893,0.002222484693396977,0.0485,0.002222484693396977,-0.0,1.0,0.005557521601035995,0.0013216415145030625,0.006157521601035994,0.0002084070600388498,vapour,False,
0.049702617666374245,1.000287615129978,3110.0700830834426,839.7416759805503,1.4370482884433857,1206.74933820243,3102606.056538698,539.0257424581309,429.54263385989884,307.3626791817453,4079726.7146475604,431821.43558352883,92.0890538794457,45.55541844920066,348686.7630300064,1.0484432837503865,0.03482751997455903,24645.55160422948,0.5246198912651473,25393.740443852534,14.16933669614861,283.9611433520512,1.1920833776657735,,,0.0008286725074899124,3.528746692397435e-05,3.9379783463215084e-05,4195.155384069134,24645.55160422948,3011192.3780228533,294.8721665573644,6967752.279076653,0.0025399825067394023,0.0485,0.0025399825067394023,-0.0,1.0,0.005557521601035995,0.0013216415145030625,0.006157521601035994,0.0002084070600388498,vapour,False,
0.049702617666374245,1.000287615129978,3110.0700830834426,839.7416759805503,1.4371316757807937,1206.8193620249006,3103161.7844892037,538.7144335664643,429.1721854628295,307.12869952290976,4080927.439504997,431478.0308435126,92.29328327040724,45.454612030410466,348878.68994973425,1.0503104739416502,0.034827415078177396,24679.67848581141,0.524251606204419,25426.689188613032,14.16422356766583,283.9734485839508,1.1904646996399388,,,0.0008286244250524104,3.530020531032868e-05,3.9328753837437684e-05,4195.155384069134,24679.67848581141,3011993.994284865,294.8772828337767,6960537.819124776,0.0028574803200818277,0.0485,0.0028574803200818277,-0.0,1.0,0.005557521601035995,0.0013216415145030625,0.006157521601035994,0.0002084070600388498,vapour,False,
0.049702617666374245,1.000287615129978,3110.0700830834426,839.7416759805503,1.4372152408425494,1206.8895350899127,3103718.6865807176,538.4025059430937,428.80095270277377,306.8953279428256,4082126.2729278104,431134.5644751215,92.49833865397638,45.353845756761494,349069.90186602296,1.052195318266033,0.03482731068667688,24714.192263180164,0.5238802915651397,25460.012142117637,14.159099916108321,283.9857408710584,1.188845367403924,,,0.0008285762457336251,3.5312979141503706e-05,3.9277278990206524e-05,4195.155384069134,24714.192263180164,3012799.048280456,294.88239527768417,6953329.837081753,0.0031749781334242527,0.0485,0.0031749781334242527,-0.0,1.0,0.005557521601035995,0.0013216415145030625,0.006157521601035994,0.0002084070600388498,vapour,False,
0.049702617666374245,1.000287615129978,3110.0700830834426,839.7416759805503,1.4372990353029749,1206.9599007905483,3104277.107112021,538.0897670192994,428.4287060066772,306.66241310711433,4083323.3778317305,430791.03631032055,92.70430546840429,45.253080349099186,349260.53591647797,1.0540990556477206,0.03482720672384706,24749.11541693912,0.5235057228783693,25493.73092660822,14.153962575442886,283.9980099726331,1.1872243277790064,,,0.0008285279397807737,3.532579638634199e-05,3.922532966550941e-05,4195.155384069134,24749.11541693912,3013608.0368640963,294.8874996234687,6946140.80352198,0.003492475946766678,0.0485,0.003492475946766678,-0.0,1.0,0.005557521601035995,0.0013216415145030625,0.006157521601035994,0.0002084070600388498,vapour,False,
0.049702617666374245,1.000287615129978,3110.0700830834426,839.7416759805503,1.437383010606748,1207.0304183528797,3104836.72242805,537.7763983352761,428.0556610616509,306.43011440988136,4084518.591569435,430447.44621689146,92.91110892660068,45.152355111629184,349450.4332885659,1.0560208771644939,0.034827103274945266,24784.435624551945,0.5231280648527098,25527.83364927123,14.148814524847303,284.0102661499049,1.1856026345838107,,,0.0008284795352254714,3.533864968841947e-05,3.917292840979274e-05,4195.155384069134,24784.435624551945,3014420.5312917214,294.89260013372,6938958.222717688,0.0038099737601091036,0.0485,0.0038099737601091036,-0.0,1.0,0.005557521601035995,0.0013216415145030625,0.006157521601035994,0.0002084070600388498,vapour,False,
0.049702617666374245,1.000287615129978,3110.0700830834426,839.7416759805503,1.4374671695737127,1207.1010901448474,3105397.5512538496,537.4623896538774,427.68180532281326,306.1984132158401,4085711.866879916,430103.7940605438,93.11870650390706,45.05169306548641,349639.62634423876,1.057960892254129,0.03482700032088702,24820.15443122572,0.522747316844786,25562.321708298758,14.143655593456042,284.0224889222688,1.1839801596569604,,,0.0008284310304781549,3.535153954337936e-05,3.912007725320787e-05,4195.155384069134,24820.15443122572,3015236.552924222,294.89768827693047,6931804.926381166,0.004127471573451529,0.0485,0.004127471573451529,-0.0,1.0,0.005557521601035995,0.0013216415145030625,0.006157521601035994,0.0002084070600388498,vapour,False,
0.049702617666374245,1.000287615129978,3110.0700830834426,839.7416759805503,1.437551537636462,1207.1719375232599,3105959.762998846,537.1476463911963,427.3070257952208,305.9672538048939,4086903.3091618964,429760.07968823984,93.32717885273217,44.95105751229209,349828.1449864656,1.0599199121754685,0.03482689784400886,24856.288469509444,0.5223633297130497,25597.211137387425,14.138484224444797,284.0346885531151,1.1823564739515653,,,0.0008283824109195977,3.536446991506506e-05,3.906675593027377e-05,4195.155384069134,24856.288469509444,3016056.3754160665,294.9027683153404,6924669.9015389485,0.004444969386793954,0.0485,0.004444969386793954,-0.0,1.0,0.005557521601035995,0.0013216415145030625,0.006157521601035994,0.0002084070600388498,vapour,False,
0.049702617666374245,1.000287615129978,3110.0700830834426,839.7416759805503,1.4376361156840782,1207.2429612347162,3106523.3635113086,536.8321655609498,426.93131851413534,305.73665185728566,4088092.917783763,429416.30294629454,93.53655523305979,44.850437068334415,350015.956125159,1.0618982146190021,0.03482679586091317,24892.844899996035,0.5219760580216342,25632.508832316125,14.133300365683374,284.0468752968933,1.1807316419254599,,,0.0008283336760789584,3.537744101257725e-05,3.901295837024164e-05,4195.155384069134,24892.844899996035,3016880.0397956804,294.90784451262283,6917541.5827440135,0.004762467200136379,0.0485,0.004762467200136379,-0.0,1.0,0.005557521601035995,0.0013216415145030625,0.006157521601035994,0.0002084070600388498,vapour,False,
0.049702617666374245,1.000287615129978,3110.0700830834426,839.7416759805503,1.437720881278151,1207.3141424367484,3107088.203196132,536.5160311736154,426.55478313642584,305.5066707105297,4089280.636782796,429072.4636975776,93.7467648235545,44.749868349751026,350203.0085205823,1.063895419135884,0.034826694397974055,24929.817398026233,0.5215855922412852,25668.20862323025,14.128105394662754,284.0590389238839,1.1791060949017944,,,0.00082828483892492,3.5390449464574885e-05,3.895869846931896e-05,4195.155384069134,24929.817398026233,3017707.339153341,294.91291260138615,6910431.176844657,0.0050799650134788045,0.0485,0.0050799650134788045,-0.0,1.0,0.005557521601035995,0.0013216415145030625,0.006157521601035994,0.0002084070600388498,vapour,False,
0.049702617666374245,1.000287615129978,3110.0700830834426,839.7416759805503,1.4378058607168027,1207.3855032129857,3107654.457218464,536.199145467699,426.1773028256941,305.27724408678387,4090466.524222067,428728.56178557436,93.95786545278726,44.649326204384145,350389.3525480651,1.0659123121845235,0.03482659342642545,24967.221498515966,0.5211917934787282,25704.325453882535,14.122897701915065,284.07117944862694,1.1774793388904323,,,0.0008282358843458779,3.5403499377624186e-05,3.890395808262512e-05,4195.155384069134,24967.221498515966,3018538.5457179626,294.9179725794202,6903338.974217837,0.00539746282682123,0.0485,0.00539746282682123,-0.0,1.0,0.005557521601035995,0.0013216415145030625,0.006157521601035994,0.0002084070600388498,vapour,False,
0.049702617666374245,1.000287615129978,3110.0700830834426,839.7416759805503,1.4378910554709556,1207.4570447986227,3108222.1353006973,535.881503299157,425.79887103160235,305.0483768492287,4091650.5798498336,428384.5970526943,94.16986238618577,44.54881081661792,350574.9761943992,1.0679491270663548,0.034826492951378185,25005.06283741854,0.5207946299827717,25740.86471734221,14.117677199733937,284.08329688562617,1.175851374581029,,,0.0008281868115372817,3.5416591052912235e-05,3.884873375393163e-05,4195.155384069134,25005.06283741854,3019373.694679594,294.9230244445191,6896264.941753511,0.005714960640163655,0.0485,0.005714960640163655,-0.0,1.0,0.005557521601035995,0.0013216415145030625,0.006157521601035994,0.0002084070600388498,vapour,False,
0.049702617666374245,1.000287615129978,3110.0700830834426,839.7416759805503,1.437976442189513,1207.5287475847706,3108791.0817725277,535.5631920545106,425.41959145960436,304.8201433096707,4092832.6981835496,428040.56935857376,94.38270772009106,44.44834742938954,350759.80679075385,1.0700055227609695,0.034826393010704816,25043.336664583752,0.5203941805593274,25777.821784951815,14.112445321295816,284.09539124934963,1.1742226978087398,,,0.0008281376339901988,3.5429720974400884e-05,3.879303722177817e-05,4195.155384069134,25043.336664583752,3020212.581581801,294.9280681944811,6889208.465050751,0.00603245845350608,0.0485,0.00603245845350608,-0.0,1.0,0.005557521601035995,0.0013216415145030625,0.006157521601035994,0.0002084070600388498,vapour,False,
0.049702617666374245,1.000287615129978,3110.0700830834426,839.7416759805503,1.4380620474058026,1207.6006338525704,3109361.473354228,535.244113147894,425.0393462316208,304.5924776575969,4094012.985706366,427696.4785432928,94.59646020288021,44.34791085281437,350943.8939071493,1.0720823118662999,0.034826293576130235,25082.059160306413,0.5199903024179001,25815.21221901492,14.107200443137572,284.10746255422964,1.1725928143126287,,,0.0008280883364641268,3.5442893295191273e-05,3.873684986650708e-05,4195.155384069134,25082.059160306413,3021055.4832473206,294.9331038271092,6882170.101857187,0.0063499562668485054,0.0485,0.0063499562668485054,-0.0,1.0,0.005557521601035995,0.0013216415145030625,0.006157521601035994,0.0002084070600388498,vapour,False,
0.049702617666374245,1.000287615129978,3110.0700830834426,839.7416759805503,1.4381478727930082,1207.672705007064,3109933.321112991,534.9242606937578,424.65812789758894,304.36538432165923,4095191.442608383,427352.32444570673,94.811125583175,44.2475011056466,351127.2256572776,1.0741797406142832,0.03482619465264466,25121.236308608815,0.5195829620794024,25853.04174353607,14.101942465243742,284.1195108146625,1.170961724791328,,,0.0008280389180395948,3.545610835048588e-05,3.868016807925613e-05,4195.155384069134,25121.236308608815,3021902.4375818153,294.9381313402104,6875149.821737252,0.006667454080190931,0.0485,0.006667454080190931,-0.0,1.0,0.005557521601035995,0.0013216415145030625,0.006157521601035994,0.0002084070600388498,vapour,False,
0.049702617666374245,1.000287615129978,3110.0700830834426,839.7416759805503,1.4382338942236157,1207.7449407873726,3110506.464212136,534.6037249430524,424.27604360585525,304.13894836797056,4096368.0109847332,427008.10692246945,95.02667962990039,44.14713215707389,351309.7075722058,1.0762975128399737,0.034826096289712484,25160.865078926283,0.519172225624975,25891.307410529527,14.096672868096528,284.13154626945055,1.1693299875653635,,,0.0008279893926511204,3.546936249982759e-05,3.862300130866771e-05,4195.155384069134,25160.865078926283,3022753.244254535,294.943154999962,6868135.808643949,0.006984951893533356,0.0485,0.006984951893533356,-0.0,1.0,0.005557521601035995,0.0013216415145030625,0.006157521601035994,0.0002084070600388498,vapour,False,
0.049702617666374245,1.000287615129978,3110.0700830834426,839.7416759805503,1.4383201389924145,1207.8173641140681,3111081.0844329437,534.2824045258353,423.8929720991806,303.9130935750826,4097542.7490632986,426663.82581011846,95.24315759699235,44.04679023579129,351491.4100943471,1.0784364131399908,0.03482599844784366,25200.96048303473,0.518757961277505,25930.023623153465,14.091389982007678,284.1435587041112,1.1676970454523115,,,0.0008279397446264553,3.548266002420027e-05,3.856533316487529e-05,4195.155384069134,25200.96048303473,3023608.1774451006,294.94817053651633,6861139.836487578,0.007302449706875782,0.0485,0.007302449706875782,-0.0,1.0,0.005557521601035995,0.0013216415145030625,0.006157521601035994,0.0002084070600388498,vapour,False,
0.049702617666374245,1.000287615129978,3110.0700830834426,839.7416759805503,1.4384065834418318,1207.889955120901,3111657.0240740716,533.9603879228289,423.5090184350208,303.6878936025908,4098715.599066867,426319.480962643,95.46051038524341,43.94650067487628,351672.2610125115,1.080596084867357,0.03482590116441161,25241.517574458656,0.5183402513944771,25969.18555409765,14.086095258499927,284.15554813294784,1.1660633947641585,,,0.0008278899876271487,3.549599735230291e-05,3.8507176049739886e-05,4195.155384069134,25241.517574458656,3024467.0282491855,294.9531779476913,6854161.556115715,0.007619947520218207,0.0485,0.007619947520218207,-0.0,1.0,0.005557521601035995,0.0013216415145030625,0.006157521601035994,0.0002084070600388498,vapour,False,
0.049702617666374245,1.000287615129978,3110.0700830834426,839.7416759805503,1.4384932544537743,1207.9627363817287,3112234.462157572,533.6375753392022,423.12406319176387,303.4632835955141,4099886.6194362524,425975.07221422106,95.67879820238846,43.84623827731575,351852.30834792013,1.082777385133285,0.03482580441206493,25282.553658214034,0.5179189466591719,26008.809842779185,14.080787053466667,284.1675145702291,1.164428540789733,,,0.0008278401062232682,3.550937870883438e-05,3.844851056410909e-05,4195.155384069134,25282.553658214034,3025330.0809259084,294.95817723130955,6847201.258325849,0.007937445333560632,0.0485,0.007937445333560632,-1.4210854715201978e-14,1.0,0.005557521601035995,0.0013216415145030625,0.006157521601035994,0.0002084070600388498,vapour,False,
0.049702617666374245,1.000287615129978,3110.0700830834426,839.7416759805503,1.4385801537132539,1208.0357093115256,3112813.409824374,533.3139608671509,422.7380988644148,303.23926816941116,4101055.8103286554,425630.5993977979,95.89802691280907,43.746003115198484,352031.53962408745,1.084980574950186,0.034825708196028246,25324.075200067553,0.5174940120879057,26048.902668923973,14.075465266313513,284.1794580301876,1.162792484241489,,,0.0008277900994912744,3.55228044359314e-05,3.838933304445826e-05,4195.155384069134,25324.075200067553,3026197.3748404128,294.9631683851977,6840258.912820544,0.008254943146903058,0.0485,0.008254943146903058,1.421085471520203e-14,1.0,0.005557521601035995,0.0013216415145030625,0.006157521601035994,0.0002084070600388498,vapour,False,
0.049702617666374245,1.000287615129978,3110.0700830834426,839.7416759805503,1.4386672574157637,1208.1088539206553,3113393.7084008614,532.9896335055614,422.35123115741374,303.0159204576401,4102223.0663262377,425286.062363878,96.11814677466727,43.645820532765434,352209.88304547296,1.0872052889085282,0.03482561255330515,25366.077156851326,0.5170655320489904,26089.459105977483,14.070131357301683,284.19137852702096,1.161155721716937,,,0.0008277399811736474,3.5536270934707754e-05,3.83296562775763e-05,4195.155384069134,25366.077156851326,3027068.698747284,294.96815140718695,6833333.910087979,0.008572440960245483,0.0485,0.008572440960245483,-0.0,1.0,0.005557521601035995,0.0013216415145030625,0.006157521601035994,0.0002084070600388498,vapour,False,
0.049702617666374245,1.000287615129978,3110.0700830834426,839.7416759805503,1.4387545920971183,1208.1821924923472,3113975.534590962,532.6644948027774,421.9633421886291,302.79318736960084,4103388.540394716,424941.4609434113,96.33924367476644,43.54565412856719,352387.36316210043,1.0894524688528138,0.03482551746916459,25408.579467776963,0.5166333378189335,26130.49835606779,14.064783703945691,284.2032862862975,1.1595178190702562,,,0.00082768973604644,3.554978238732043e-05,3.826945764192779e-05,4195.155384069134,25408.579467776963,3027944.3489065627,294.9731305655768,6826415.6481866725,0.008889938773587907,0.0485,0.008889938773587907,-1.4210854715202004e-14,1.0,0.005557521601035995,0.0013216415145030625,0.006157521601035994,0.0002084070600388498,vapour,False,
0.049702617666374245,1.000287615129978,3110.0700830834426,839.7416759805503,1.4388421605730572,1208.2557273910952,3114558.9070649734,532.3385346553382,421.57441942980506,302.5710512947792,4104552.138676728,424596.79496528156,96.56127404332346,43.44552643523451,352564.012050806,1.0917222721339797,0.034825422924913293,25451.58509723329,0.516197424058389,26172.02316098376,14.059422136507173,284.2151608971758,1.1578786551271827,,,0.0008276393625372936,3.556333931404499e-05,3.820873892129063e-05,4195.155384069134,25451.58509723329,3028824.3509459905,294.97809731762584,6819526.412478399,0.009207436586930334,0.0485,0.009207436586930334,1.4210854715202004e-14,1.0,0.005557521601035995,0.0013216415145030625,0.006157521601035994,0.0002084070600388498,vapour,False,
0.049702617666374245,1.000287615129978,3110.0700830834426,839.7416759805503,1.4389299377867888,1208.329437575667,3115143.65881379,532.0118466939844,421.1845741411871,302.3496071470694,4105713.8494674233,424252.06427685433,96.78423714939713,43.34544041085378,352739.71332901466,1.094014438474551,0.03482532898127585,25495.092756158712,0.5157578463832213,26214.032263483427,14.05404819165679,284.2270227944121,1.1562388482076262,,,0.0008275888751054109,3.5576937917206364e-05,3.814750779081844e-05,4195.155384069134,25495.092756158712,3029708.5061900904,294.983060202453,6812643.295623798,0.009524934400272758,0.0485,0.009524934400272758,-1.4210854715202004e-14,1.0,0.005557521601035995,0.0013216415145030625,0.006157521601035994,0.0002084070600388498,vapour,False,
0.049702617666374245,1.000287615129978,3110.0700830834426,839.7416759805503,1.4390179515841202,1208.4033464293475,3115729.9752550703,531.6843276470727,420.7936826251895,302.1287801636701,4106873.7318392755,423907.26870497625,97.00817016134214,43.24538208577516,352914.535459157,1.096329824667641,0.03482523560005586,25539.119299648813,0.5153144626741083,26256.541830179634,14.048660167141277,284.2388617806709,1.1545978422304934,,,0.0008275382577802781,3.559058259302628e-05,3.808574664812051e-05,4195.155384069134,25539.119299648813,3030597.1006459338,294.98801494744026,6805778.00166948,0.009842432213615184,0.0485,0.009842432213615184,1.4210854715202004e-14,1.0,0.005557521601035995,0.0013216415145030625,0.006157521601035994,0.0002084070600388498,vapour,False,
0.049702617666374245,1.000287615129978,3110.0700830834426,839.7416759805503,1.4391062037112432,1208.4774554184867,3116317.8679309064,531.355971406656,420.40173710172905,301.90857505242496,4108031.7858805363,423562.40807521675,97.23307919075395,43.1453515509777,353088.4653581564,1.0986687119509573,0.03482514278670645,25583.67186420623,0.514867235796885,26299.558675244327,14.043257958802043,284.25067786998784,1.1529556379252377,,,0.0008274875096066294,3.56042736996517e-05,3.8023451737283185e-05,4195.155384069134,25583.67186420623,3031490.1760216095,294.99296155043834,6798930.500337413,0.010159930026957609,0.0485,0.010159930026957609,-0.0,1.0,0.005557521601035995,0.0013216415145030625,0.006157521601035994,0.0002084070600388498,vapour,False,
0.049702617666374245,1.000287615129978,3110.0700830834426,839.7416759805503,1.4391946700587468,1208.5517442974071,3116907.1761499345,531.0268680476215,420.00884461805333,301.68906385333395,4109187.9060984594,423217.48223092774,97.45891317834246,43.04537417108599,353261.43215446366,1.1010307165241047,0.03482505057745708,25628.74522431921,0.5144162542925823,26343.0776832485,14.037843045041095,284.2624710763637,1.1513127324566126,,,0.0008274366444949786,3.5618007581059705e-05,3.7960636643299184e-05,4195.155384069134,25628.74522431921,3032387.5162162976,294.9979000093021,6792100.185045226,0.010477427840300034,0.0485,0.010477427840300034,-1.4210854715202004e-14,1.0,0.005557521601035995,0.0013216415145030625,0.006157521601035994,0.0002084070600388498,vapour,False,
0.049702617666374245,1.000287615129978,3110.0700830834426,839.7416759805503,1.4392833781358174,1208.6262361667195,3117498.0830741674,530.6969156089153,419.6148829735905,301.4701835851886,4110342.198561134,422872.4909951919,97.68573500518944,42.94542477308761,353433.48077509843,1.1034167820083856,0.03482495894675966,25674.35894478157,0.5139613563820873,26387.117654981368,14.032413744663424,284.27424141376423,1.1496686303107913,,,0.0008273856466756846,3.563178859304599e-05,3.78972805243554e-05,4195.155384069134,25674.35894478157,3033289.419521147,295.0028303218909,6785287.605206261,0.01079492565364246,0.0485,0.01079492565364246,1.4210854715202004e-14,1.0,0.005557521601035995,0.0013216415145030625,0.006157521601035994,0.0002084070600388498,vapour,False,
0.049702617666374245,1.000287615129978,3110.0700830834426,839.7416759805503,1.4393723291649545,1208.7009320530074,3118090.596754222,530.366109944222,419.21984671189625,301.25195031076055,4111494.7093690825,422527.4341902011,97.91357609925586,42.845492435251955,353604.57473503525,1.1058272594244736,0.03482486791246729,25720.522525182667,0.5135024880157677,26431.687703843836,14.02696998565106,284.2859990925222,1.148023391452763,,,0.0008273345154962991,3.564561701575442e-05,3.783337678640077e-05,4195.155384069134,25720.522525182667,3034195.9366338267,295.0077567589521,6778481.6331952475,0.011112423466984885,0.0485,0.011112423466984885,-1.4210854715201953e-14,1.0,0.005557521601035995,0.0013216415145030625,0.006157521601035994,0.0002084070600388498,vapour,False,
0.049702617666374245,1.000287615129978,3110.0700830834426,839.7416759805503,1.4394614999888324,1208.775812510099,3118684.5628470676,530.0345375583192,418.8238386466011,301.03441290030196,4112645.2868372505,422182.3116552272,98.14233440416972,42.74562460265768,353774.6897810026,1.10826163747514,0.034824777485871976,25767.22667804792,0.5130397713964816,26476.778735336145,14.021513187875748,284.2977237316056,1.1463773946460791,,,0.0008272832643163475,3.565948933616841e-05,3.776894500634214e-05,4195.155384069134,25767.22667804792,3035106.833481982,295.01267077292886,6771704.117498754,0.01142992128032731,0.0485,0.01142992128032731,1.4210854715202004e-14,1.0,0.005557521601035995,0.0013216415145030625,0.006157521601035994,0.0002084070600388498,vapour,False,
0.049702617666374245,1.000287615129978,3110.0700830834426,839.7416759805503,1.43955091722417,1208.850899889163,3119280.1585570076,529.7020998664821,418.42674054203644,300.8175316633634,4113794.036705212,421837.1232099321,98.37212415956739,42.645774094135234,353943.8234553045,1.1107210092535207,0.03482468766666022,25814.495801954406,0.5125730087120979,26522.41425903044,14.016041725204058,284.30943573556203,1.1447302623331315,,,0.0008272318778864192,3.567340978308343e-05,3.7703958253329694e-05,4195.155384069134,25814.495801954406,3036022.428869684,295.0175809078031,6764932.916662169,0.011747419093669735,0.0485,0.011747419093669735,-0.0,1.0,0.005557521601035995,0.0013216415145030625,0.006157521601035994,0.0002084070600388498,vapour,False,
0.049702617666374245,1.000287615129978,3110.0700830834426,839.7416759805503,1.4396405570514779,1208.9261741879811,3119877.225135055,529.3688858158484,418.0286581485024,300.60136637174526,4114940.899432114,421491.8686915454,98.60286798400286,42.54597731122535,354111.9288595785,1.113204915540338,0.034824598478093556,25862.32253818778,0.512102307922646,26568.587062931692,14.01055705785146,284.3211249218306,1.1430824329216922,,,0.0008271803699441664,3.5687374737166644e-05,3.7638433599474055e-05,4195.155384069134,25862.32253818778,3036942.4947163784,295.0224828885653,6758179.024992273,0.01206491690701216,0.0485,0.01206491690701216,-1.4210854715202004e-14,1.0,0.005557521601035995,0.0013216415145030625,0.006157521601035994,0.0002084070600388498,vapour,False,
0.049702617666374245,1.000287615129978,3110.0700830834426,839.7416759805503,1.4397304735975287,1209.0016808590601,3120476.123008054,529.0346946207983,417.62935106393144,300.38578902980834,4116086.0404809387,421146.5478974107,98.83468914872994,42.446183826774785,354279.10509957,1.115715062549827,0.03482450986599986,25910.741287999732,0.5116273670386383,26615.33024815347,14.005055876943645,284.33279130421744,1.141432913476773,,,0.0008271287094402108,3.5701392725118934e-05,3.757233108423963e-05,4195.155384069134,25910.741287999732,3037867.603549711,295.0273767130942,6751443.311769912,0.012382414720354586,0.0485,0.012382414720354586,1.4210854715202054e-14,1.0,0.005557521601035995,0.0013216415145030625,0.006157521601035994,0.0002084070600388498,vapour,False,
0.049702617666374245,1.000287615129978,3110.0700830834426,839.7416759805503,1.4398205366452088,1209.077310553663,3121075.776393826,528.7001829530554,417.22916015133774,300.17100271167897,4117229.14272288,420801.1607439208,99.06741759530665,42.34646956486207,354445.17022671795,1.1182496297998423,0.0348244219251814,25959.719949817434,0.5111478079368046,26662.608097198867,13.999493760569166,284.3444348964943,1.139783195686365,,,0.0008270769712336079,3.571557718810483e-05,3.750570823208621e-05,4195.155384069134,25959.719949817434,3038796.98497518,295.0322623792729,6744724.024247899,0.012699912533697011,0.0485,0.012699912533697011,-1.4210854715201953e-14,1.0,0.005557521601035995,0.0013216415145030625,0.006157521601035994,0.0002084070600388498,vapour,False,
0.049702617666374245,1.000287615129978,3110.0700830834426,839.7416759805503,1.439909828747568,1209.15229285335,3121670.2371120825,528.3686253244828,416.82768773078965,299.9568254354689,4118370.5690821987,420455.7078057111,99.30126187445828,42.246747975598375,354610.25466054364,1.1208111240244691,0.03482433458490927,26009.30918152104,0.5106559470256843,26710.423588934762,13.993383525622274,284.35606589611007,1.1381318472070512,,,0.0008270256822986344,3.573117245621734e-05,3.743856763148701e-05,4195.155384069134,26009.30918152104,3039730.391749968,295.0371441599227,6738011.807810683,0.013017410347039437,0.0485,0.013017410347039437,1.4210854715202004e-14,1.0,0.005557521601035995,0.0013216415145030625,0.006157521601035994,0.0002084070600388498,vapour,False,
0.049702617666374245,1.000287615129978,3110.0700830834426,839.7416759805503,1.439999307692602,1209.2274320526178,3122266.118029982,528.0362693697948,416.42519422756965,299.74337069692604,4119510.062496718,420110.1889256183,99.53605902920593,42.14709146600016,354774.2803519335,1.1233982994795033,0.034824247884864844,26059.485984900646,0.5101600027992533,26758.80461544206,13.98725939182697,284.36766394724566,1.136479747120476,,,0.0008269742924228388,3.5746816870512875e-05,3.737087715132524e-05,4195.155384069134,26059.485984900646,3040668.3449894576,295.04201350340645,6731327.837069224,0.013334908160381862,0.0485,0.013334908160381862,-0.0,1.0,0.005557521601035995,0.0013216415145030625,0.006157521601035994,0.0002084070600388498,vapour,False,
0.049702617666374245,1.000287615129978,3110.0700830834426,839.7416759805503,1.440089034387869,1209.3027792980815,3122863.6555491863,527.7030291006531,416.02156204513994,299.530600396879,4120647.7286403147,419764.6039203182,99.77192588379559,42.04745319795905,354937.2414502209,1.1260123185836537,0.03482416182648157,26110.276702386174,0.5096597498259766,26807.776426282137,13.981118523438266,284.3792494289011,1.1348265145585381,,,0.000826922766670918,3.576251779582504e-05,3.730260891834385e-05,4195.155384069134,26110.276702386174,3041611.241963149,295.0468789578265,6724650.073545118,0.013652405973724286,0.0485,0.013652405973724286,-1.4210854715202004e-14,1.0,0.005557521601035995,0.0013216415145030625,0.006157521601035994,0.0002084070600388498,vapour,False,
0.049702617666374245,1.000287615129978,3110.0700830834426,839.7416759805503,1.4401789841741717,1209.3783138823853,3123462.692048673,527.3689909647719,415.6168957735136,299.3185614419723,4121783.462211689,419418.95262392925,100.00875761662996,41.94788020615849,355099.11670965294,1.1286526375170884,0.034824076419315016,26161.67166878741,0.5091553202098036,26857.329556796227,13.974962557538655,284.39080199358784,1.1331725327421072,,,0.0008268711192528066,3.5778271171845106e-05,3.723378371945958e-05,4195.155384069134,26161.67166878741,3042558.8384086494,295.05173197019593,6718000.48223127,0.013969903787066713,0.0485,0.013969903787066713,1.4210854715202054e-14,1.0,0.005557521601035995,0.0013216415145030625,0.006157521601035994,0.0002084070600388498,vapour,False,
0.049702617666374245,1.000287615129978,3110.0700830834426,839.7416759805503,1.4402692145580684,1209.4540840961831,3124063.5861144396,527.0339619155761,415.2109590325564,299.107163006571,4122917.519333352,419073.23483088793,100.24675821468968,41.848289748030936,355259.92931443866,1.1313212603164775,0.03482399164948485,26213.71447772048,0.5086463392664484,26907.505982106206,13.968787751937773,284.40235218719585,1.131516979077931,,,0.0008268193172023502,3.5794086708106735e-05,3.716435111693411e-05,4195.155384069134,26213.71447772048,3043511.758804678,295.05658536627016,6711346.611457766,0.014287401600409137,0.0485,0.014287401600409137,-1.4210854715202004e-14,1.0,0.005557521601035995,0.0013216415145030625,0.006157521601035994,0.0002084070600388498,vapour,False,
0.049702617666374245,1.000287615129978,3110.0700830834426,839.7416759805503,1.440359650857854,1209.5300272261347,3124665.839474752,526.6982203437656,414.80408842445075,298.8965582554812,4124049.4930165703,418727.45039077086,100.48564992569598,41.748800820527485,355419.59802051913,1.1340160076751562,0.03482390755814299,26266.362448109958,0.5081332564797916,26958.264358835233,13.962599226060858,284.413859317772,1.1298611188178265,,,0.0008267674034462306,3.580995142127706e-05,3.709437620646607e-05,4195.155384069134,26266.362448109958,3044469.1978833945,295.06142203947695,6704731.290846631,0.014604899413751564,0.0485,0.014604899413751564,1.4210854715202054e-14,1.0,0.005557521601035995,0.0013216415145030625,0.006157521601035994,0.0002084070600388498,vapour,False,
0.049702617666374245,1.000287615129978,3110.0700830834426,839.7416759805503,1.4404503711696712,1209.6062088528256,3125269.9744155896,526.3614748252608,414.3959303080806,298.68660388359694,4125179.7903295164,418381.59909535694,100.72572425939556,41.64929480442843,355578.17461247416,1.1367397341303955,0.03482382411633625,26319.67664639391,0.5076155359351737,27009.663533520445,13.956391619816795,284.42536409605714,1.1282036873166805,,,0.000826715333206157,3.5825879182843074e-05,3.702378590384683e-05,4195.155384069134,26319.67664639391,3045432.056464452,295.0662590935559,6698111.6660558,0.014922397227093988,0.0485,0.014922397227093988,-1.4210854715202004e-14,1.0,0.005557521601035995,0.0013216415145030625,0.006157521601035994,0.0002084070600388498,vapour,False,
0.049702617666374245,1.000287615129978,3110.0700830834426,839.7416759805503,1.4405413247710817,1209.6825863825104,3125875.6602374474,526.0239081399745,413.9867060837595,298.4773990403495,4126308.1548591703,418035.68077302125,100.96678868788632,41.549854547096785,355735.6092599983,1.1394910612187892,0.034823741348621554,26373.630683066578,0.5070934721585691,27061.677887676182,13.950168349746145,284.436836015793,1.1265455106542053,,,0.0008266631356498611,3.5841861364282294e-05,3.6952623712049925e-05,4195.155384069134,26373.630683066578,3046399.8044198365,295.0710836965446,6691520.078371482,0.015239895040436414,0.0485,0.015239895040436414,1.4210854715202054e-14,1.0,0.005557521601035995,0.0013216415145030625,0.006157521601035994,0.0002084070600388498,vapour,False,
0.049702617666374245,1.000287615129978,3110.0700830834426,839.7416759805503,1.4406325407172897,1209.7591842140553,3126483.080891684,525.6854206740659,413.57629360307027,298.26890725116857,4127434.7369714836,417689.6952317823,101.2089627148999,41.450433553860805,355891.89256273396,1.1422712257782508,0.03482365925825187,26428.25306107408,0.5065668433876156,27114.33482110247,13.943927504277857,284.44829543074985,1.1248862046325283,,,0.0008266107941554255,3.585790300807323e-05,3.688086049677762e-05,4195.155384069134,26428.25306107408,3047372.7863190975,295.0759044006218,6684934.832015026,0.015557392853778839,0.0485,0.015557392853778839,-0.0,1.0,0.005557521601035995,0.0013216415145030625,0.006157521601035994,0.0002084070600388498,vapour,False,
0.049702617666374245,1.000287615129978,3110.0700830834426,839.7416759805503,1.440724022031378,1209.8360048860686,3127092.2564049177,525.3460016577133,413.1646791006743,298.06111016642114,4128559.447326833,417343.6422774423,101.45220134377048,41.35105328916287,356047.0583357619,1.1450804528727132,0.03482357782580887,26483.54923795566,0.5060356378495792,27167.63941690726,13.93766887894788,284.4597220182358,1.1232256578679451,,,0.0008265583070444088,3.5874004781045117e-05,3.6808497957966464e-05,4195.155384069134,26483.54923795566,3048351.035334716,295.0807126487789,6678377.876345707,0.015874890667121264,0.0485,0.015874890667121264,-0.0,1.0,0.005557521601035995,0.0013216415145030625,0.006157521601035994,0.0002084070600388498,vapour,False,
0.049702617666374245,1.000287615129978,3110.0700830834426,839.7416759805503,1.440815742786838,1209.9130266269808,3127703.0140328403,525.0057477135592,412.7519790680753,297.85409951011366,4129682.269309855,416997.52173492004,101.6965013359548,41.251717895490046,356200.9904159483,1.1479184234128792,0.03482349711055934,26539.517945155407,0.5054999271325352,27221.590390230245,13.93139424971395,284.471136123676,1.1215644808991307,,,0.0008265056892459614,3.5890162250649565e-05,3.673554651527257e-05,4195.155384069134,26539.517945155407,3049334.3363888273,295.08551699454404,6671826.650072467,0.016192388480463688,0.0485,0.016192388480463688,1.4210854715202004e-14,1.0,0.005557521601035995,0.0013216415145030625,0.006157521601035994,0.0002084070600388498,vapour,False,
0.049702617666374245,1.000287615129978,3110.0700830834426,839.7416759805503,1.4409077320524861,1209.9902738470885,3128315.5472403034,524.6645514389447,412.3380625444479,297.6478046301513,4130803.2641182565,416651.33340772474,101.94190540973989,41.15241290818873,356353.7510574803,1.1507862214594808,0.03482341707814316,26596.182332282366,0.5049595345511012,27276.209890276536,13.92510163020674,284.4825275934246,1.1199021206674367,,,0.0008264529241384416,3.590638066981036e-05,3.666198507867039e-05,4195.155384069134,26596.182332282366,3050323.0112251225,295.0903131582142,6665292.67931439,0.016509886293806116,0.0485,0.016509886293806116,-1.4210854715201953e-14,1.0,0.005557521601035995,0.0013216415145030625,0.006157521601035994,0.0002084070600388498,vapour,False,
0.049702617666374245,1.000287615129978,3110.0700830834426,839.7416759805503,1.440999964910723,1210.0677256220447,3128929.6900056466,524.3225056929323,411.92304148171985,297.4422935011912,4131922.326114698,416305.0771177382,102.18835778073988,41.053163737795415,356505.2734838082,1.1536833923576577,0.034823337761842495,26653.53677386567,0.5044145664819089,27331.492370558477,13.918792727187691,284.4938964408376,1.1182390762010124,,,0.0008264000260695675,3.592265577914282e-05,3.6587830128046775e-05,4195.155384069134,26653.53677386567,3051316.8261986687,295.0951011377238,6658775.36758746,0.01682738410714854,0.0485,0.01682738410714854,-0.0,1.0,0.005557521601035995,0.0013216415145030625,0.006157521601035994,0.0002084070600388498,vapour,False,
0.049702617666374245,1.000287615129978,3110.0700830834426,839.7416759805503,1.4410924694680904,1210.1454055540844,3129545.6293768845,523.9795066836818,411.5067892383402,297.23751933482185,4133039.6050404524,415958.7526661428,102.4359541459027,40.95393476878093,356655.56981134485,1.1566111746506589,0.03482325915359298,26711.60957355009,0.5038648092788379,27387.46499403796,13.912465620374826,284.50525283599137,1.1165749050181848,,,0.0008263469789749224,3.593899267343017e-05,3.651305442901314e-05,4195.155384069134,26711.60957355009,3052316.1239174,295.09988521031244,6652264.30735296,0.017144881920490965,0.0485,0.017144881920490965,-0.0,1.0,0.005557521601035995,0.0013216415145030625,0.006157521601035994,0.0002084070600388498,vapour,False,
0.049702617666374245,1.000287615129978,3110.0700830834426,839.7416759805503,1.441185248826587,1210.2233162480848,3130163.385898883,523.6355433796743,411.08929167973025,297.033463577696,4134155.0567214047,415612.3598518475,102.68464915903094,40.854747213207744,356804.67432879517,1.1595698124658191,0.034823181233786984,26770.407007814858,0.5033102492657516,27444.133614098544,13.906120100046104,284.5165764766242,1.1149094981079029,,,0.0008262937811346952,3.5955392043417075e-05,3.64376596492841e-05,4195.155384069134,26770.407007814858,3053320.9399048244,295.104656815653,6645781.606630446,0.01746237973383339,0.0485,0.01746237973383339,-0.0,1.0,0.005557521601035995,0.0013216415145030625,0.006157521601035994,0.0002084070600388498,vapour,False,
0.049702617666374245,1.000287615129978,3110.0700830834426,839.7416759805503,1.4412783028733616,1210.3014576092799,3130782.9634657525,523.2906127438641,410.67054473081697,296.8301547313459,4135268.680718878,415265.8984733303,102.9345027102462,40.75558023414382,356952.5216994542,1.1625598163332094,0.034823104034891444,26829.94447323405,0.5027508052796292,27501.512982170025,13.899756138946046,284.5278876874638,1.1132429656016933,,,0.0008262404326731206,3.597185411037813e-05,3.636163583612025e-05,4195.155384069134,26829.94447323405,3054331.342497118,295.1094245106248,6639304.876432942,0.017779877547175815,0.0485,0.017779877547175815,1.4210854715202054e-14,1.0,0.005557521601035995,0.0013216415145030625,0.006157521601035994,0.0002084070600388498,vapour,False,
0.049702617666374245,1.000287615129978,3110.0700830834426,839.7416759805503,1.4413716084353443,1210.3798101782775,3131404.2035467518,522.9448045433737,410.25065631989696,296.6276362823204,4136380.371674018,414919.3683466126,103.18540523333043,40.65648019293756,357099.096221927,1.165580583611095,0.03482302756339288,26890.211840764987,0.5021866204778016,27559.59313976302,13.89337535670915,284.53916617435607,1.1115756980369385,,,0.0008261869469325579,3.5988374830638155e-05,3.6285005911687375e-05,4195.155384069134,26890.211840764987,3055347.078797919,295.11417973358266,6632855.864440821,0.018097375360518243,0.0485,0.018097375360518243,-1.4210854715201953e-14,1.0,0.005557521601035995,0.0013216415145030625,0.006157521601035994,0.0002084070600388498,vapour,False,
0.049702617666374245,1.000287615129978,3110.0700830834426,839.7416759805503,1.4414651935108893,1210.4583974664624,3132027.291851326,522.5980159667342,409.8295008251484,296.42587425254754,4137490.235064383,414572.7692671647,103.43748043936928,40.557401110791346,357244.3828745225,1.1686334730398416,0.034822951825415026,26951.24134139519,0.5016174565634095,27618.405041449063,13.886975845691211,284.55043225380535,1.109907306185485,,,0.0008261333079212303,3.600495929105672e-05,3.620773895158765e-05,4195.155384069134,26951.24134139519,3056368.508747622,295.1189310427384,6626412.783516396,0.018414873173860667,0.0485,0.018414873173860667,-0.0,1.0,0.005557521601035995,0.0013216415145030625,0.006157521601035994,0.0002084070600388498,vapour,False,
0.049702617666374245,1.000287615129978,3110.0700830834426,839.7416759805503,1.4415590607006135,1210.5372216576811,3132652.245580647,522.2502378655754,409.407066355659,296.22486180038516,4138598.3143627495,414226.1010285534,103.6907093074694,40.45835361806069,357388.3909671019,1.1717188122623452,0.03482287681440594,27013.042295278945,0.5010432809991399,27677.95748359699,13.880557430563448,284.56167578630914,1.1082377365439506,,,0.0008260795142099171,3.602160810192359e-05,3.612983366249616e-05,4195.155384069134,27013.042295278945,3057395.6787245255,295.1236741560864,6619987.003053357,0.018732370987203092,0.0485,0.018732370987203092,-0.0,1.0,0.005557521601035995,0.0013216415145030625,0.006157521601035994,0.0002084070600388498,vapour,False,
0.049702617666374245,1.000287615129978,3110.0700830834426,839.7416759805503,1.4416531841090303,1210.616261006414,3133278.8922177353,521.9015666511868,408.9834692632466,296.0246772221778,4139704.503419358,413879.3634434367,103.94506094161315,40.35935277796017,357531.0300956021,1.1748361853836786,0.03482280257572462,27075.611398032015,0.5004641887471258,27738.247157233753,13.874121884347137,284.57290692955957,1.1065675421409327,,,0.0008260255806977813,3.603831681514222e-05,3.605130469605805e-05,4195.155384069134,27075.611398032015,3058428.3572950903,295.1284133528706,6613566.7947196625,0.019049868800545516,0.0485,0.019049868800545516,-0.0,1.0,0.005557521601035995,0.0013216415145030625,0.006157521601035994,0.0002084070600388498,vapour,False,
0.049702617666374245,1.000287615129978,3110.0700830834426,839.7416759805503,1.4417475941691313,1210.6955410685127,3133907.43426599,521.5518900618304,408.5585723969832,295.8252398179182,4140808.864585554,413532.55630206293,104.20055396761656,40.260394252538276,357672.3849592955,1.177986725081564,0.03482272906357287,27138.973060849235,0.4998800040615661,27799.297355713654,13.867667128606548,284.584105405528,1.1048961181515313,,,0.0008259714900060167,3.605509097983671e-05,3.597213221630106e-05,4195.155384069134,27138.973060849235,3059466.8759230026,295.1331400688222,6607174.736085039,0.01936736661388794,0.0485,0.01936736661388794,1.4210854715202004e-14,1.0,0.005557521601035995,0.0013216415145030625,0.006157521601035994,0.0002084070600388498,vapour,False,
0.049702617666374245,1.000287615129978,3110.0700830834426,839.7416759805503,1.4418422923898626,1210.7750631111019,3134537.8816544106,521.2012030123783,408.13236876889437,295.6265664454715,4141911.354343875,413185.6793935818,104.45722254998032,40.16146783973556,357812.41413993895,1.1811709071820748,0.034822656297821074,27203.141856683516,0.499290658540249,27861.121977011346,13.86119306273402,284.59528137386195,1.1032235189890347,,,0.0008259172413334046,3.6071931019001233e-05,3.589230903282057e-05,4195.155384069134,27203.141856683516,3060511.3003040655,295.13785858286485,6600799.425875078,0.01968486442723037,0.0485,0.01968486442723037,-1.4210854715201953e-14,1.0,0.005557521601035995,0.0013216415145030625,0.006157521601035994,0.0002084070600388498,vapour,False,
0.049702617666374245,1.000287615129978,3110.0700830834426,839.7416759805503,1.4419372802931218,1210.8548284121828,3135170.244397066,520.8495003747166,407.70485132962466,295.4286740609853,4143012.058838203,412838.7325060347,104.71510116300125,40.062563445733446,357951.0757250596,1.1843892141744052,0.03482258429854789,27268.13266604497,0.49869608291248285,27923.735209613093,13.854699585252156,284.6064449861138,1.1015497981135023,,,0.0008258628338719343,3.6088837359723956e-05,3.581182791246844e-05,4195.155384069134,27268.13266604497,3061561.6969976407,295.14257317523703,6594430.1876944285,0.020002362240572794,0.0485,0.020002362240572794,-0.0,1.0,0.005557521601035995,0.0013216415145030625,0.006157521601035994,0.0002084070600388498,vapour,False,
0.049702617666374245,1.000287615129978,3110.0700830834426,839.7416759805503,1.442032532903178,1210.9348159985927,3135804.3561094017,520.496875112316,407.27613229070545,295.23161618568315,4144110.8291158257,412491.71544587566,104.97410446923377,39.96371681645226,358088.33150115504,1.1876410769660712,0.03482251308386616,27333.937614064096,0.4980964099508906,27987.12926896064,13.8481884059449,284.61758611276025,1.0998754024402781,,,0.0008258082819886171,3.610580570851813e-05,3.5730710012800715e-05,4195.155384069134,27333.937614064096,3062617.8132126792,295.1472795623064,6588077.323662955,0.020319860053915218,0.0485,0.020319860053915218,-0.0,1.0,0.005557521601035995,0.0013216415145030625,0.006157521601035994,0.0002084070600388498,vapour,False,
0.049702617666374245,1.000287615129978,3110.0700830834426,839.7416759805503,1.4421280798783938,1211.0150507756953,3136440.414116954,520.1432179235421,406.8460779624612,295.0353368572667,4145207.813814707,412144.62799772207,105.234305845109,39.864902898146624,358224.21345208574,1.190927820455628,0.034822442635468694,27400.58760737734,0.49749142140109864,28051.333736944896,13.841657499890815,284.6287047667848,1.098199833757429,,,0.000825753568759915,3.6122841502467755e-05,3.564892883089384e-05,4195.155384069134,27400.58760737734,3063680.007098668,295.1519777420544,6581741.596969952,0.020637357867257643,0.0485,0.020637357867257643,-0.0,1.0,0.005557521601035995,0.0013216415145030625,0.006157521601035994,0.0002084070600388498,vapour,False,
0.049702617666374245,1.000287615129978,3110.0700830834426,839.7416759805503,1.442223895550822,1211.0955111890455,3137078.247431833,519.7886243140429,406.4148036710125,294.8399010404841,4146302.864211014,411797.4699651134,105.49564614792702,39.76614710892093,358358.6584123259,1.1942489340925666,0.03482237298439377,27468.07714392309,0.4968812344671052,28116.343133365954,13.835108624015012,284.63980096113755,1.0965235922813563,,,0.0008256987089467507,3.6139940320533434e-05,3.5566502914573184e-05,4195.155384069134,27468.07714392309,3064748.0327810613,295.15666771246663,6575422.188514429,0.020954855680600067,0.0485,0.020954855680600067,1.4210854715202004e-14,1.0,0.005557521601035995,0.0013216415145030625,0.006157521601035994,0.0002084070600388498,vapour,False,
0.049702617666374245,1.000287615129978,3110.0700830834426,839.7416759805503,1.4423200376783862,1211.1762457403786,3137718.2404183564,519.4328810631009,405.982049230847,294.64519351673846,4147396.191312442,411450.2411090541,105.75826676453191,39.6673991774992,358491.7437475664,1.1976067220520912,0.03482230408887985,27536.457185813506,0.49626545413983686,28182.20633493915,13.828537833277975,284.65087470873596,1.0948456801536208,,,0.0008256436695459719,3.615711263390151e-05,3.5483382248899395e-05,4195.155384069134,27536.457185813506,3065822.560574646,295.16134947153284,6569120.191458078,0.021272353493942495,0.0485,0.021272353493942495,-1.4210854715202004e-14,1.0,0.005557521601035995,0.0013216415145030625,0.006157521601035994,0.0002084070600388498,vapour,False,
0.049702617666374245,1.000287615129978,3110.0700830834426,839.7416759805503,1.4424164521426988,1211.257208984229,3138360.0327008045,519.0761889520209,405.5480580233869,294.45135107981184,4148487.6260312474,411102.9412304291,106.02206858870524,39.568699610488956,358623.33350540674,1.200999805160654,0.034822236017612834,27605.706165493495,0.49564435109788807,28248.90241161467,13.821948829024748,284.6619361509968,1.0931671485106957,,,0.0008255884816063212,3.617434894202825e-05,3.5399605458258275e-05,4195.155384069134,27605.706165493495,3066903.0478382725,295.16602730113567,6562823.613668854,0.02158985130728492,0.0485,0.02158985130728492,-0.0,1.0,0.005557521601035995,0.0013216415145030625,0.006157521601035994,0.0002084070600388498,vapour,False,
0.049702617666374245,1.000287615129978,3110.0700830834426,839.7416759805503,1.4425131421045554,1211.338403574849,3139003.6452051667,518.7185367760885,405.11281561176077,294.2583538129103,4149577.0835580947,410755.5701278074,106.28700430835652,39.47006890793799,358753.4646506551,1.2044284572376494,0.03482216874974235,27675.832651774992,0.49501790936346834,28316.43935903099,13.815341397572205,284.67296504172424,1.0914878953355438,,,0.0008255331433799537,3.6191649964427656e-05,3.531517459948823e-05,4195.155384069134,27675.832651774992,3067989.5334475697,295.1706926318191,6556554.117801545,0.021907349120627344,0.0485,0.021907349120627344,-0.0,1.0,0.005557521601035995,0.0013216415145030625,0.006157521601035994,0.0002084070600388498,vapour,False,
0.049702617666374245,1.000287615129978,3110.0700830834426,839.7416759805503,1.4426101646863398,1211.4198774802846,3139649.458037589,518.3597137869097,404.67606464108593,294.0661121760412,4150664.859623422,410408.1275576944,106.55327187552014,39.37143656151718,358882.15920244536,1.207895200460085,0.03482210227221297,27746.894833510687,0.49438568726063165,28384.873043226286,13.808711638075224,284.683981648826,1.08980702488616,,,0.0008254776222427261,3.620902609200219e-05,3.5230032506297865e-05,4195.155384069134,27746.894833510687,3069082.7185872127,295.1753540296848,6550291.120701336,0.02222484693396977,0.0485,0.02222484693396977,-0.0,1.0,0.005557521601035995,0.0013216415145030625,0.006157521601035994,0.0002084070600388498,vapour,False,
0.049702617666374245,1.000287615129978,3110.0700830834426,839.7416759805503,1.4427074665388355,1211.5015859009754,3140297.115960845,517.9999178385056,404.23804503906433,293.8747372936181,4151750.700273539,410060.6133159071,106.82071603019646,39.27286335436314,359009.33594180224,1.2113984693452526,0.0348220366252945,27818.8656835196,0.49374799787706536,28454.177209004676,13.802063198700594,284.6949758565695,1.0881254859571636,,,0.0008254219487928405,3.622646794191414e-05,3.5144224788321686e-05,4195.155384069134,27818.8656835196,3070182.034559507,295.1800072088488,6544044.31422939,0.022542344747312194,0.0485,0.022542344747312194,1.4210854715202105e-14,1.0,0.005557521601035995,0.0013216415145030625,0.006157521601035994,0.0002084070600388498,vapour,False,
0.049702617666374245,1.000287615129978,3110.0700830834426,839.7416759805503,1.4428050780257646,1211.5835543346043,3140946.8209576015,517.6390371845123,403.7986198939775,293.684174900842,4152834.7532557263,409713.0271759104,107.08941283688594,39.17432426732059,359135.02342069073,1.2149396952725113,0.03482197179255831,27891.7798397223,0.49310460752154056,28524.38498103865,13.795394007303743,284.7059476777221,1.0864427797424119,,,0.0008253661057236742,3.6243981124082665e-05,3.505772344135524e-05,4195.155384069134,27891.7798397223,3071287.856921748,295.18465216732,6537814.452920959,0.02285984256065462,0.0485,0.02285984256065462,-1.4210854715202004e-14,1.0,0.005557521601035995,0.0013216415145030625,0.006157521601035994,0.0002084070600388498,vapour,False,
0.049702617666374245,1.000287615129978,3110.0700830834426,839.7416759805503,1.4429029730839382,1211.665760894825,3141598.399425863,517.2771687191985,403.35790630823385,293.494488215735,4153916.87066177,409365.3689303808,107.35930124587887,39.07584471382884,359259.1607683274,1.2185183326866031,0.03482190780371826,27965.632115748453,0.492455639205395,28595.49114684209,13.78870584718382,284.71689712501836,1.0847594070905493,,,0.0008253101080131965,3.6261561131360206e-05,3.497054814917679e-05,4195.155384069134,27965.632115748453,3072399.933353486,295.1892889031115,6531600.726892117,0.023177340373997046,0.0485,0.023177340373997046,-0.0,1.0,0.005557521601035995,0.0013216415145030625,0.006157521601035994,0.0002084070600388498,vapour,False,
0.049702617666374245,1.000287615129978,3110.0700830834426,839.7416759805503,1.4430012104428793,1211.7482548992664,3142252.243718399,516.9140946065972,402.9156381792012,293.30556547579164,4154997.2632869547,409017.6383285756,107.63052771252816,38.977374479423084,359381.818906865,1.222136867802461,0.03482184462055983,28040.47920090227,0.4918006711485553,28667.550036399665,13.781994696216174,284.7278242111603,1.0830743689396745,,,0.0008252539221384155,3.627921872131283e-05,3.48826460137083e-05,4195.155384069134,28040.47920090227,3073518.963849342,295.19391741424045,6525404.222418134,0.02349483818733947,0.0485,0.02349483818733947,-0.0,1.0,0.005557521601035995,0.0013216415145030625,0.006157521601035994,0.0002084070600388498,vapour,False,
0.049702617666374245,1.000287615129978,3110.0700830834426,839.7416759805503,1.443099735165747,1211.8309902151727,3142907.9873579405,516.5500190356615,402.47206324011484,293.1175401379648,4156075.719529982,408669.8351603076,107.9029893542425,38.87895422708407,359502.86642912717,1.2257938162824868,0.03482178230910824,28116.298262135628,0.49113999007986126,28740.53946924621,13.775264315704987,284.73873906354993,1.0813887159719318,,,0.0008251975795918868,3.629694418494438e-05,3.4794058095884006e-05,4195.155384069134,28116.298262135628,3074644.3878536522,295.19854198486644,6519212.785907174,0.023812336000681895,0.0485,0.023812336000681895,-0.0,1.0,0.005557521601035995,0.0013216415145030625,0.006157521601035994,0.0002084070600388498,vapour,False,
0.049702617666374245,1.000287615129978,3110.0700830834426,839.7416759805503,1.4431985507924028,1211.9139698151137,3143565.652902493,516.1849301776906,402.02716613484415,292.9303919087978,4157152.2398564727,408321.9592128933,108.17663832232157,38.780604103903734,359622.3412116272,1.2294894817330777,0.03482172084817662,28193.099858495527,0.49047357562219596,28814.469311339,13.768514473192667,284.7496214634065,1.0797023495811429,,,0.0008251410784154566,3.631473830916918e-05,3.470478630701286e-05,4195.155384069134,28193.099858495527,3075776.2499946663,295.20315404105787,6513048.41823074,0.02412983381402432,0.0485,0.02412983381402432,1.4210854715202105e-14,1.0,0.005557521601035995,0.0013216415145030625,0.006157521601035994,0.0002084070600388498,vapour,False,
0.049702617666374245,1.000287615129978,3110.0700830834426,839.7416759805503,1.4432977157618807,1211.9972427727816,3144225.6291559786,515.818612706591,401.580683504649,292.7440350775927,4158227.076354295,407974.0102306232,108.4516786714094,38.682254027434276,359740.2572156404,1.2332265798645317,0.034821660228944916,28270.94850936155,0.4898009572255096,28889.401452519713,13.761741179664718,284.76049165085294,1.0780143694294786,,,0.0008250843852682545,3.633261180197415e-05,3.4614770459800604e-05,4195.155384069134,28270.94850936155,3076915.2836127956,295.2077621534382,6506890.412117086,0.024447331627366748,0.0485,0.024447331627366748,-1.4210854715201903e-14,1.0,0.005557521601035995,0.0013216415145030625,0.006157521601035994,0.0002084070600388498,vapour,False,
0.049702617666374245,1.000287615129978,3110.0700830834426,839.7416759805503,1.443397175789374,1212.0807635029619,3144887.554697065,515.4512677429416,401.1328595102257,292.55857703614384,4159299.975995804,407625.98799778346,108.72795036054364,38.58396456622176,359856.5394101286,1.2370034293679315,0.03482160048834143,28349.81572937668,0.48912246515715935,28965.308202223587,13.754948145774932,284.771339523743,1.076325727247372,,,0.0008250275312595177,3.635055506578435e-05,3.45240586780027e-05,4195.155384069134,28349.81572937668,3078060.9010895137,295.2123620339016,6500748.4149508,0.024764829440709173,0.0485,0.024764829440709173,-0.0,1.0,0.005557521601035995,0.0013216415145030625,0.006157521601035994,0.0002084070600388498,vapour,False,
0.049702617666374245,1.000287615129978,3110.0700830834426,839.7416759805503,1.4434969620287226,1212.1645581668324,3145551.6367275007,515.0827807945957,400.6835536286443,292.3739652547939,4160371.044184072,407277.89227573085,109.00553227641693,38.48571073834154,359971.2127238449,1.2408215752280114,0.03482154161191474,28429.740558937538,0.48843784849825544,29042.226860562452,13.748133246409308,284.7821650946304,1.0746359236400767,,,0.0008249704986526823,3.636857390297613e-05,3.443262132759999e-05,4195.155384069134,28429.740558937538,3079213.4975138847,295.2169536804843,6494622.954764431,0.025082327254051597,0.0485,0.025082327254051597,-0.0,1.0,0.005557521601035995,0.0013216415145030625,0.006157521601035994,0.0002084070600388498,vapour,False,
0.049702617666374245,1.000287615129978,3110.0700830834426,839.7416759805503,1.4435970770314923,1212.248628907049,3146217.89208736,514.7131430438749,400.2327541100308,292.19020467544146,4161440.280615607,406929.7228239585,109.2844330842646,38.38749276243605,360084.25950622157,1.2446815226525174,0.03482148360711199,28510.741016144646,0.4877470421730801,29120.1744919221,13.741296310171967,284.79296837603687,1.072944959476681,,,0.0008249132860654088,3.6386668965858484e-05,3.4340453566904236e-05,4195.155384069134,28510.741016144646,3080373.145653581,295.22153709122676,6488514.002525639,0.025399825067394022,0.0485,0.025399825067394022,-0.0,1.0,0.005557521601035995,0.0013216415145030625,0.006157521601035994,0.0002084070600388498,vapour,False,
0.049702617666374245,1.000287615129978,3110.0700830834426,839.7416759805503,1.4436974937057987,1212.3329529734274,3146886.14034742,514.3424551003773,399.7805826846137,292.0073688099152,4162507.6207522927,406581.4794219264,109.56461752325782,38.289326234161386,360195.59421957255,1.2485827554785487,0.034821426516184036,28592.815275985766,0.48705015695787823,29199.14909474738,13.734439189885363,284.8037594835186,1.0712533845945578,,,0.0008248559090531614,3.64048355442297e-05,3.4247573336987735e-05,4195.155384069134,28592.815275985766,3081539.5960185616,295.2261165522163,6482410.232105897,0.025717322880736446,0.0485,0.025717322880736446,1.4210854715202004e-14,1.0,0.005557521601035995,0.0013216415145030625,0.006157521601035994,0.0002084070600388498,vapour,False,
0.049702617666374245,1.000287615129978,3110.0700830834426,839.7416759805503,1.4437982447999975,1212.4175578661268,3147556.599302,513.9705966641372,399.32689162497593,291.8253811081164,4163573.1288714213,406233.16182499274,109.84610969151487,38.191205822860304,360305.29529741127,1.2525267173064396,0.0348213702972954,28675.99923829875,0.4863469708068678,29279.184861391946,13.727559651996637,284.81451822147073,1.06956060255771,,,0.0008247983489780658,3.642307975163498e-05,3.415395629127018e-05,4195.155384069134,28675.99923829875,3082713.2336974284,295.2306834857313,6476333.882091672,0.026034820694078874,0.0485,0.026034820694078874,-1.4210854715202004e-14,1.0,0.005557521601035995,0.0013216415145030625,0.006157521601035994,0.0002084070600388498,vapour,False,
0.049702617666374245,1.000287615129978,3110.0700830834426,839.7416759805503,1.4438993317595537,1212.5024447989642,3148229.2784252404,513.5975630241333,398.87167414765486,291.64427130971546,4164636.8454010957,405884.7697874674,110.12897463903694,38.0931121697931,360413.2895230037,1.2565140821285095,0.03482131498638124,28760.31753704251,0.485637378530541,29360.3052494276,13.720657600721843,284.8252648065306,1.0678667105434334,,,0.0008247406050928024,3.644140204866675e-05,3.405959139404709e-05,4195.155384069134,28760.31753704251,3083894.15429151,295.23524646622457,6470263.225269158,0.0263523185074213,0.0485,0.0263523185074213,-0.0,1.0,0.005557521601035995,0.0013216415145030625,0.006157521601035994,0.0002084070600388498,vapour,False,
0.049702617666374245,1.000287615129978,3110.0700830834426,839.7416759805503,1.4440007579148797,1212.587616568626,3148904.199732168,513.2233425213703,398.4149149768325,291.4640319261868,4165698.728902073,405536.3030612239,110.41319325346697,37.99505530501815,360519.5865303836,1.2605453005092015,0.03482126057691826,28845.787317279985,0.48492132935161214,29442.526418795722,13.713732811603077,284.8359891480381,1.0661716611595895,,,0.0008246826755742359,3.6459803240220205e-05,3.3964476613719305e-05,4195.155384069134,28845.787317279985,3085082.4258742114,295.23980120370834,6464208.976846942,0.026669816320763724,0.0485,0.026669816320763724,-0.0,1.0,0.005557521601035995,0.0013216415145030625,0.006157521601035994,0.0002084070600388498,vapour,False,
0.049702617666374245,1.000287615129978,3110.0700830834426,839.7416759805503,1.444102496604105,1212.6730507860282,3149581.1856643436,512.8480341372292,397.9567339036653,291.2847229735801,4166758.6739366762,405187.7614177849,110.69870105038355,37.897060618260966,360624.1299980066,1.2646197527369347,0.034821207096152995,28932.404662679703,0.4841989553538424,29525.84429788839,13.7067871077337,284.846691258368,1.0644759563257886,,,0.000824624575727004,3.647827868559277e-05,3.386863352359808e-05,4195.155384069134,28932.404662679703,3086277.786411017,295.2443476962421,6458170.5578989275,0.026987314134106148,0.0485,0.026987314134106148,-0.0,1.0,0.005557521601035995,0.0013216415145030625,0.006157521601035994,0.0002084070600388498,vapour,False,
0.049702617666374245,1.000287615129978,3110.0700830834426,839.7416759805503,1.4442046094060925,1212.7587991615083,3150260.6458271737,512.4714113564355,397.4968533193759,291.10623884869256,4167816.890867888,404839.144583345,110.98565375035379,37.79907800971764,360726.97880650254,1.268740266888244,0.03482115451241062,29020.238408853213,0.4834697817587196,29610.324759382318,13.699816288103266,284.8573711498635,1.0627785949428348,,,0.0008245662704664704,3.649683977398976e-05,3.3772003790101636e-05,4195.155384069134,29020.238408853213,3087480.9964036187,295.24888594188934,6452149.042787832,0.027304811947448573,0.0485,0.027304811947448573,1.4210854715202105e-14,1.0,0.005557521601035995,0.0013216415145030625,0.006157521601035994,0.0002084070600388498,vapour,False,
0.049702617666374245,1.000287615129978,3110.0700830834426,839.7416759805503,1.444307010630941,1212.844789737685,3150942.0098935785,512.0937908531182,397.0356588550608,290.92874896631076,4168873.0636428576,404490.45234721276,111.27383890590869,37.70118318301652,360828.00144309393,1.2729038921307312,0.03482110289137318,29109.236255642805,0.4827343487920019,29695.917195187852,13.692826205221118,284.8680288348357,1.061081081264768,,,0.0008245078087990804,3.6515471131105745e-05,3.3674662864498e-05,4195.155384069134,29109.236255642805,3088691.108307825,295.2534159387177,6446142.751741974,0.027622309760791,0.0485,0.027622309760791,-1.4210854715202004e-14,1.0,0.005557521601035995,0.0013216415145030625,0.006157521601035994,0.0002084070600388498,vapour,False,
0.049702617666374245,1.000287615129978,3110.0700830834426,839.7416759805503,1.4444097911259137,1212.9310988027914,3151625.8822021573,511.7148382447781,396.57274106190545,290.7521062240287,4169927.548296956,404141.684431819,111.56351590400683,37.60329127381386,360927.26457601093,1.277114747358433,0.034821052197418566,29199.496387804633,0.48199195045204424,29782.71569652392,13.685810660529464,284.87867441520956,1.0593819593661056,,,0.0008244491389387556,3.653418949028895e-05,3.3576521704389594e-05,4195.155384069134,29199.496387804633,3089909.244703775,295.25794197503666,6440142.615145215,0.027939807574133425,0.0485,0.027939807574133425,-0.0,1.0,0.005557521601035995,0.0013216415145030625,0.006157521601035994,0.0002084070600388498,vapour,False,
0.049702617666374245,1.000287615129978,3110.0700830834426,839.7416759805503,1.4445129256070666,1213.017705124846,3152312.0943581397,511.3346474504583,396.10821350852166,290.5763452256274,4170980.198658819,403792.8405782295,111.85456315446305,37.50544694610204,361024.76866835996,1.2813720616727555,0.03482100242881221,29291.011123023607,0.4812427534595629,29870.712474338907,13.678771383077823,284.889287722042,1.0576816379250382,,,0.0008243902754058138,3.655299046949174e-05,3.347760790302783e-05,4195.155384069134,29291.011123023607,3091135.127707718,295.26245546875776,6434169.65830291,0.02825730538747585,0.0485,0.02825730538747585,-0.0,1.0,0.005557521601035995,0.0013216415145030625,0.006157521601035994,0.0002084070600388498,vapour,False,
0.049702617666374245,1.000287615129978,3110.0700830834426,839.7416759805503,1.4446163859624914,1213.1045850971082,3153000.459166992,510.9533227469078,395.6422025119484,290.40154972322296,4172030.909110098,403443.9205482255,112.1469718535406,37.40765635248571,361120.4027228251,1.2856753347968815,0.034820953640695644,29383.783073315448,0.4804868550230799,29959.909746063215,13.671710294472913,284.89988894494775,1.0559807121462166,,,0.0008243312343263056,3.657186915393723e-05,3.337793766656463e-05,4195.155384069134,29383.783073315448,3092368.5120380204,295.26696499874663,6428201.50305652,0.028574803200818275,0.0485,0.028574803200818275,-0.0,1.0,0.005557521601035995,0.0013216415145030625,0.006157521601035994,0.0002084070600388498,vapour,False,
0.049702617666374245,1.000287615129978,3110.0700830834426,839.7416759805503,1.4447202056264281,1213.191766795702,3153691.1989280153,510.5707415592369,395.17455717022216,290.2276576847431,4173079.8249580013,403094.9240789881,112.44079751824623,37.30990420437359,361214.21335040254,1.2900262373208033,0.03482090580777992,29477.858217008186,0.4797239878506033,30050.351314708205,13.664625115751353,284.9104680064788,1.054278635093098,,,0.0008242719967027249,3.659083185704414e-05,3.327748116909861e-05,4195.155384069134,29477.858217008186,3093609.823347561,295.2714662728479,6422249.785257782,0.0288923010141607,0.0485,0.0288923010141607,1.4210854715202105e-14,1.0,0.005557521601035995,0.0013216415145030625,0.006157521601035994,0.0002084070600388498,vapour,False,
0.049702617666374245,1.000287615129978,3110.0700830834426,839.7416759805503,1.444824357686019,1213.2792276207797,3154384.134428662,510.1870037247395,394.7053983980936,290.0547271358796,4174126.800637247,402745.8509275304,112.73597355699872,37.212215867795614,361306.14727028797,1.294424091188763,0.03482085895575076,29573.23405861971,0.47895428809973484,30142.034412039247,13.657517686502143,284.9210249188008,1.0525759093025466,,,0.0008242125779743079,3.660987387877629e-05,3.317626097595399e-05,4195.155384069134,29573.23405861971,3094858.7956291223,295.27595928914764,6416313.72007402,0.029209798827503127,0.0485,0.029209798827503127,-1.4210854715201903e-14,1.0,0.005557521601035995,0.0013216415145030625,0.006157521601035994,0.0002084070600388498,vapour,False,
0.049702617666374245,1.000287615129978,3110.0700830834426,839.7416759805503,1.444928905450727,1213.3670207359357,3155079.686710834,509.801876686005,394.2344406906653,289.8826561973409,4175172.0462181303,402396.7008042719,113.03266145490302,37.11454131992537,361396.2557498442,1.2988719362600738,0.034820813057029554,29669.98835208757,0.47817724500819697,30235.033373221053,13.650383689563142,284.93155969404984,1.0508715325023468,,,0.0008241529421110163,3.662900702068117e-05,3.3074215187924766e-05,4195.155384069134,29669.98835208757,3096116.230436487,295.2804440457372,6410394.374868356,0.02952729664084555,0.0485,0.02952729664084555,-0.0,1.0,0.005557521601035995,0.0013216415145030625,0.006157521601035994,0.0002084070600388498,vapour,False,
0.049702617666374245,1.000287615129978,3110.0700830834426,839.7416759805503,1.4450337919731404,1213.4550983200547,3155777.4767407402,509.41557093074925,393.7619402499663,289.71155579338364,4176215.3510036874,402047.47346157714,113.33071826348261,37.01693105231907,361484.4511999431,1.3033678456860902,0.034820768154797926,29768.092866345756,0.47739320939464985,30329.320676922223,13.643227013992453,284.9420723443286,1.0491665089526527,,,0.0008240931216856984,3.6648221090743524e-05,3.29713946003712e-05,4195.155384069134,29768.092866345756,3097381.5072825328,295.28492054071114,6404490.6268328335,0.029844794454187976,0.0485,0.029844794454187976,-0.0,1.0,0.005557521601035995,0.0013216415145030625,0.006157521601035994,0.0002084070600388498,vapour,False,
0.049702617666374245,1.000287615129978,3110.0700830834426,839.7416759805503,1.4451390500811478,1213.5434879400837,3156477.722756249,509.02796623752874,393.2877488623287,289.5413902196449,4177256.8595174416,401698.1686276597,113.63025894635796,36.91935073429308,361570.72041997645,1.307913719878996,0.0348207242543372,29867.60334029314,0.4766018617343373,30424.949502349045,13.63604542284447,284.95257295813576,1.0474603827377453,,,0.0008240330980618084,3.666752232743005e-05,3.286776202940919e-05,4195.155384069134,29867.60334029314,3098655.0879394733,295.28939306457136,6398592.351793759,0.0301622922675304,0.0485,0.0301622922675304,1.4210854715202105e-14,1.0,0.005557521601035995,0.0013216415145030625,0.006157521601035994,0.0002084070600388498,vapour,False,
0.049702617666374245,1.000287615129978,3110.0700830834426,839.7416759805503,1.445244683894127,1213.632193055235,3157180.4519929285,508.63904816260265,392.8118476288289,289.3721515612688,4178296.5712086614,401348.78602771915,113.93126444105678,36.82181010322702,361655.0734365617,1.3125100548695035,0.034820681349137496,29968.54377962273,0.47580313512616224,30521.942465210494,13.628838638262442,284.9630514673416,1.0457531094712584,,,0.000823972868981474,3.668691172234362e-05,3.276331449545911e-05,4195.155384069134,29968.54377962273,3099937.060151543,295.29385732363164,6392710.3851881875,0.03047979008087283,0.0485,0.03047979008087283,-1.4210854715202004e-14,1.0,0.005557521601035995,0.0013216415145030625,0.006157521601035994,0.0002084070600388498,vapour,False,
0.049702617666374245,1.000287615129978,3110.0700830834426,839.7416759805503,1.445350697631515,1213.7212172087459,3157885.69234888,508.2488019071734,392.3342171926246,289.20383179670296,4179334.4067850998,400999.325383868,114.23371546946527,36.72431879527285,361737.5206404605,1.3171573471214324,0.03482063943254623,30070.93885871813,0.474996961097787,30620.322810058664,13.621606375614817,284.97349781128275,1.0440446457705514,,,0.0008239124321314486,3.670639028999487e-05,3.2658048910950856e-05,4195.155384069134,30070.93885871813,3101227.513716797,295.2983090229808,6386855.123197884,0.030797287894215254,0.0485,0.030797287894215254,-0.0,1.0,0.005557521601035995,0.0013216415145030625,0.006157521601035994,0.0002084070600388498,vapour,False,
0.049702617666374245,1.000287615129978,3110.0700830834426,839.7416759805503,1.4454570629749959,1213.8105366205468,3158593.2552749156,507.85733242717333,391.8549847914323,289.036512693619,4180370.300417632,400649.7864390839,114.5376019343944,36.62688333977922,361817.9530378879,1.3218550215104257,0.034820598558607946,30174.793869900263,0.47418343888543063,30720.09523998841,13.614350569840312,284.9839321491861,1.0423355835519406,,,0.0008238518037453923,3.672595306217862e-05,3.255198241372305e-05,4195.155384069134,30174.793869900263,3102526.2015696075,295.3027567464555,6381004.523014458,0.031114785707557678,0.0485,0.031114785707557678,1.4210854715202004e-14,1.0,0.005557521601035995,0.0013216415145030625,0.006157521601035994,0.0002084070600388498,vapour,False,
0.049702617666374245,1.000287615129978,3110.0700830834426,839.7416759805503,1.4455638147928496,1213.9001805709854,3159303.3725527846,507.46451211570866,391.37399297325686,288.87013413131376,4181404.396375548,400300.1689106951,114.8429824789489,36.529488293619686,361896.4133354663,1.32660487409668,0.034820558704263406,30280.163284209706,0.47336227244363926,30821.31159007687,13.607068845458826,284.9943444184576,1.040625377217621,,,0.0008237909640392569,3.674560669007478e-05,3.244508258765849e-05,4195.155384069134,30280.163284209706,3103833.5829956196,295.30719619945927,6375170.148550499,0.031432283520900106,0.0485,0.031432283520900106,-1.4210854715201903e-14,1.0,0.005557521601035995,0.0013216415145030625,0.006157521601035994,0.0002084070600388498,vapour,False,
0.049702617666374245,1.000287615129978,3110.0700830834426,839.7416759805503,1.4456709562862842,1213.9901517482492,3160016.065299383,507.0703299563761,390.8912269477512,288.70471364279695,4182436.6938468935,399950.4725136928,115.14989673528794,36.432124587251316,361972.8527491196,1.3314075764293305,0.03482051989296925,30387.080202756042,0.47253334823862614,30924.0032084173,13.599760987416106,285.00474469813315,1.0389140712442824,,,0.0008237299112846302,3.676535201336636e-05,3.233733980883196e-05,4195.155384069134,30387.080202756042,3105149.7754376433,295.3116316740418,6369341.1580095785,0.03174978133424253,0.0485,0.03174978133424253,1.4210854715202105e-14,1.0,0.005557521601035995,0.0013216415145030625,0.006157521601035994,0.0002084070600388498,vapour,False,
0.049702617666374245,1.000287615129978,3110.0700830834426,839.7416759805503,1.4457784927467447,1214.0804545957853,3160731.3685317836,506.67476725644156,390.40666249938766,288.540230254235,4183467.1143968906,399600.6969591932,115.45829616594358,36.334811125565246,362047.3112835141,1.3362635429491456,0.03482048210312219,30495.56953750287,0.4716966095617153,31028.193477171542,13.592426638140491,285.0151128640458,1.0372015792155287,,,0.0008236686425636751,3.6785190261538344e-05,3.222875352816569e-05,4195.155384069134,30495.56953750287,3106474.8680693787,295.3160545807645,6363538.749202052,0.032067279147584955,0.0485,0.032067279147584955,-1.4210854715201903e-14,1.0,0.005557521601035995,0.0013216415145030625,0.006157521601035994,0.0002084070600388498,vapour,False,
0.049702617666374245,1.000287615129978,3110.0700830834426,839.7416759805503,1.4458864269281113,1214.1710914261416,3161449.300385548,506.2778146707833,389.92028683819075,288.3767143237543,4184495.735578589,399250.8419563056,115.76825010235123,36.23752955028843,362119.7102543774,1.3411735308313775,0.03482044537338882,30605.669240813284,0.47085191882191235,31133.918396815163,13.585065613176473,285.0254690604323,1.0354879889100326,,,0.0008236071564061203,3.680512220088494e-05,3.2119310754739265e-05,4195.155384069134,30605.669240813284,3107808.993907381,295.32047350592046,6357741.682809497,0.032384776960927376,0.0485,0.032384776960927376,1.4210854715202105e-14,1.0,0.005557521601035995,0.0013216415145030625,0.006157521601035994,0.0002084070600388498,vapour,False,
0.049702617666374245,1.000287615129978,3110.0700830834426,839.7416759805503,1.4459947331692158,1214.262040690566,3162169.6899949526,505.87956733892725,389.43221522034787,288.21419483402246,4185522.41353513,398900.9072330477,116.07962937166597,36.140323731022654,362190.0613835422,1.34613655061347,0.034820409696569965,30717.37476916427,0.46999945388449504,31241.173043354276,13.57767966580679,285.0357931704712,1.033773717483794,,,0.0008235454675263401,3.6825143346043864e-05,3.200904135745067e-05,4195.155384069134,30717.37476916427,3109151.8655996667,295.32487985886326,6351970.789082391,0.032702274774269804,0.0485,0.032702274774269804,-0.0,1.0,0.005557521601035995,0.0013216415145030625,0.006157521601035994,0.0002084070600388498,vapour,False,
0.049702617666374245,1.000287615129978,3110.0700830834426,839.7416759805503,1.4461034454499728,1214.3533309234085,3162892.7631941205,505.4799010900192,388.94229413190124,288.052651531411,4186547.252868258,398550.89249244577,116.39258347405233,36.04315033529924,362258.3151791519,1.351154728961914,0.03482037509653764,30830.75644749093,0.46913883767525105,31350.02445908905,13.57026648200704,285.04610533094706,1.03205834932162,,,0.0008234835566676366,3.684526023589553e-05,3.1897901748209906e-05,4195.155384069134,30830.75644749093,3110503.999090119,295.32928222710757,6346204.999078858,0.03301977258761223,0.0485,0.03301977258761223,-1.4210854715201903e-14,1.0,0.005557521601035995,0.0013216415145030625,0.006157521601035994,0.0002084070600388498,vapour,False,
0.049702617666374245,1.000287615129978,3110.0700830834426,839.7416759805503,1.4462125689094507,1214.4449664401593,3163618.553973394,505.07879784904617,388.4505000113784,287.89207613360384,4187570.253248878,398200.7974337647,116.70709344040257,35.94601887854764,362324.4820765445,1.3562285582744842,0.034820341566801506,30945.846060552612,0.4682699844349978,31460.50258125235,13.562825714805356,285.0563954902399,1.0303418423229294,,,0.0008234214210062141,3.6865474091744283e-05,3.178588763537143e-05,4195.155384069134,30945.846060552612,3111865.5054134093,295.3336763142504,6340455.081105667,0.033337270400954654,0.0485,0.033337270400954654,1.4210854715202206e-14,1.0,0.005557521601035995,0.0013216415145030625,0.006157521601035994,0.0002084070600388498,vapour,False,
0.049702617666374245,1.000287615129978,3110.0700830834426,839.7416759805503,1.4463221081614637,1214.5369511152303,3164347.0928260637,504.6762414877221,387.95681165531545,287.7324732212147,4188591.45289072,397850.6217528948,117.02316999411353,35.84892961180387,362388.5425724081,1.3613586142045275,0.03482030911607991,31062.67956362163,0.467392785920871,31572.64135903155,13.555357053104316,285.06666366010575,1.0286241974342911,,,0.0008233590580194081,3.6885786043200896e-05,3.167299145574793e-05,4195.155384069134,31062.67956362163,3113236.509254439,295.33806211843205,6334721.20629412,0.03365476821429708,0.0485,0.03365476821429708,-1.4210854715201802e-14,1.0,0.005557521601035995,0.0013216415145030625,0.006157521601035994,0.0002084070600388498,vapour,False,
0.049702617666374245,1.000287615129978,3110.0700830834426,839.7416759805503,1.4464320356393807,1214.6292617997726,3165078.1962196594,504.2723341227302,387.4613528959634,287.5739092623532,4189610.746395189,397500.36516603664,117.34077176657378,35.751898687138045,362450.42045440455,1.3665440952092407,0.03482027778182722,31181.264066399217,0.4665073591499041,31686.447075662985,13.547862379801638,285.0769199065007,1.0269059602747155,,,0.0008232964835033313,3.6906191248698e-05,3.1559234066606904e-05,4195.155384069134,31181.264066399217,3114616.756857167,295.3424439338449,6328992.048324448,0.0339722660276395,0.0485,0.0339722660276395,1.4210854715202206e-14,1.0,0.005557521601035995,0.0013216415145030625,0.006157521601035994,0.0002084070600388498,vapour,False,
0.049702617666374245,1.000287615129978,3110.0700830834426,839.7416759805503,1.4465424208210913,1214.7219568372657,3165812.3260360877,503.86682132729857,386.96381016088293,287.4162647073081,4190628.2664886746,397150.0273382777,117.66001369870362,35.65489457456485,362510.2098883609,1.3717882959921488,0.03482024751525074,31301.697364878073,0.4656131362024937,31802.012913643368,13.54033696159221,285.0871441308366,1.0251860422875625,,,0.000823233658016415,3.6926702889172774e-05,3.144455046652064e-05,4195.155384069134,31301.697364878073,3116007.1412042445,295.34681316684186,6323289.78820042,0.03428976384098193,0.0485,0.03428976384098193,-0.0,1.0,0.005557521601035995,0.0013216415145030625,0.006157521601035994,0.0002084070600388498,vapour,False,
0.049702617666374245,1.000287615129978,3110.0700830834426,839.7416759805503,1.4466532040189621,1214.8149861055163,3166549.085113704,503.4599232391811,386.46445204674563,287.25966761412803,4191643.8796461346,396799.6079786564,117.98080207765851,35.55794934592627,362567.7784002043,1.3770890139105934,0.03482021838233336,31423.958523793324,0.4647104584859493,31919.318238774104,13.532784871242308,285.09735645142257,1.0234655335954603,,,0.0008231706156390321,3.6947310162486905e-05,3.132898994018132e-05,4195.155384069134,31423.958523793324,3117407.031372433,295.3511784079698,6317592.2053662,0.03460726165432436,0.0485,0.03460726165432436,-1.4210854715201802e-14,1.0,0.005557521601035995,0.0013216415145030625,0.006157521601035994,0.0002084070600388498,vapour,False,
0.049702617666374245,1.000287615129978,3110.0700830834426,839.7416759805503,1.4467644228425098,1214.908381186803,3167288.7233747276,503.0515025706386,385.9631085938646,287.1040605672995,4192657.6903694673,396449.10676855413,118.30320019069302,35.4610473538075,362623.16291029943,1.3824481701837803,0.03482019036333018,31548.11836746276,0.4637989775512761,32038.43033693408,13.52520354836789,285.1075468256748,1.0217438904873293,,,0.0008231073350758629,3.6968020348968125e-05,3.121251539115493e-05,4195.155384069134,31548.11836746276,3118816.9488367625,295.355535359336,6311910.569600964,0.03492475946766678,0.0485,0.03492475946766678,1.4210854715202206e-14,1.0,0.005557521601035995,0.0013216415145030625,0.006157521601035994,0.0002084070600388498,vapour,False,
0.049702617666374245,1.000287615129978,3110.0700830834426,839.7416759805503,1.4468760827592024,1215.002146672386,3168031.276970323,502.64154014066753,385.45975470382916,286.9494480367825,4193669.6601215582,396098.5233853516,118.62721923777895,35.36418885163509,362676.34363421774,1.3878663033758392,0.0348201634672343,31674.219104178635,0.4628785696049639,32159.389044213407,13.517592623974455,285.11771526520954,1.0200211139245339,,,0.000823043813328867,3.698883476583048e-05,3.1095118089002836e-05,4195.155384069134,31674.219104178635,3120237.037391865,295.3598840190995,6306244.657367132,0.03524225728100921,0.0485,0.03524225728100921,-1.4210854715201802e-14,1.0,0.005557521601035995,0.0013216415145030625,0.006157521601035994,0.0002084070600388498,vapour,False,
0.049702617666374245,1.000287615129978,3110.0700830834426,839.7416759805503,1.446988157209431,1215.0962602590555,3168776.569070821,502.23013434123686,384.954509652854,286.79588189294475,4194679.684136098,395747.85752599797,118.95278618538225,35.267399096740654,362727.2776059159,1.3933423968152354,0.034820137714787425,31802.26853500432,0.46194936767239203,32282.201181759392,13.509953911951813,285.1278617816123,1.0182977081769027,,,0.0008229800656178487,3.7009748757001047e-05,3.0976822006952736e-05,4195.155384069134,31802.26853500432,3121667.0390481623,295.3642243854236,6300593.906215926,0.03555975509435163,0.0485,0.03555975509435163,1.4210854715202206e-14,1.0,0.005557521601035995,0.0013216415145030625,0.006157521601035994,0.0002084070600388498,vapour,False,
0.049702617666374245,1.000287615129978,3110.0700830834426,839.7416759805503,1.4471007164152443,1215.1907809151924,3169525.066434671,501.81702832637984,384.4470564000104,286.64327141155417,4195687.971473536,395397.1088357897,119.28008066348866,35.17062832900364,362775.99181439524,1.3988800335268197,0.034820113091394,31932.382951332485,0.46101072222828443,32406.97757053849,13.502282629934632,285.13798638643806,1.0165726676842404,,,0.0008229160521172433,3.70307757365038e-05,3.085755213744802e-05,4195.155384069134,31932.382951332485,3123107.9163411693,295.36855645647546,6294959.363240137,0.03587725290769406,0.0485,0.03587725290769406,-0.0,1.0,0.005557521601035995,0.0013216415145030625,0.006157521601035994,0.0002084070600388498,vapour,False,
0.049702617666374245,1.000287615129978,3110.0700830834426,839.7416759805503,1.4472137016680167,1215.2856593407164,3170276.3796021887,501.40243755058873,383.9376580631127,286.49171553559347,4196694.312521208,395046.277003122,119.60894506352003,35.07392680239122,362822.4207038673,1.4044766071231856,0.03482008962927532,32064.536810593505,0.46006302166505475,32533.693013507338,13.494582773810091,285.1480890912117,1.0148470001102172,,,0.0008228518063337411,3.705190507782027e-05,3.073736509362217e-05,4195.155384069134,32064.536810593505,3124559.0112166186,295.37288023042646,6289339.928961856,0.036194750721036485,0.0485,0.036194750721036485,-1.4210854715201903e-14,1.0,0.005557521601035995,0.0013216415145030625,0.006157521601035994,0.0002084070600388498,vapour,False,
0.049702617666374245,1.000287615129978,3110.0700830834426,839.7416759805503,1.4473271510532841,1215.38092751764,3171030.7604825757,500.98622411647557,383.4261435003354,286.3411843864599,4197698.849195173,394695.36168851296,119.93950596319375,34.97726083144378,362866.53607892344,1.4101342353685236,0.034820067341789676,32198.8177424247,0.4591058455935257,32662.430817559747,13.486851760661441,285.15817994718293,1.0131202428587014,,,0.0008227873067273273,3.7073144190581535e-05,3.0616214867338866e-05,4195.155384069134,32198.8177424247,3126020.9040384316,295.37720000388174,6283725.607435424,0.036512248534378906,0.0485,0.036512248534378906,1.4210854715202206e-14,1.0,0.005557521601035995,0.0013216415145030625,0.006157521601035994,0.0002084070600388498,vapour,False,
0.049702617666374245,1.000287615129978,3110.0700830834426,839.7416759805503,1.4474410718869621,1215.4765915894418,3171788.2574710455,500.5683621795506,382.91247924625145,286.1916691826232,4198701.543505539,394344.36254712514,120.2717445910911,34.88063965756993,362908.34900741396,1.415853282510473,0.034820046222497195,32335.272528572023,0.45813907070177634,32793.23503788345,13.479089096076809,285.1682489224785,1.0113923566581335,,,0.000822722549261381,3.7094494771573905e-05,3.0494094249767624e-05,4195.155384069134,32335.272528572023,3127493.7525916714,295.38151147718133,6278126.89190281,0.036829746347721334,0.0485,0.036829746347721334,-1.4210854715201802e-14,1.0,0.005557521601035995,0.0013216415145030625,0.006157521601035994,0.0002084070600388498,vapour,False,
0.049702617666374245,1.000287615129978,3110.0700830834426,839.7416759805503,1.4475554717666943,1215.5726579361801,3172548.920854478,500.14882486685383,382.3966305295077,286.0431610295303,4199702.395413227,393993.27922855626,120.60564194994004,34.7840724218393,362947.8709603616,1.4216340866836534,0.03482002626480427,32473.94968312458,0.45716256923728554,32926.15136038482,13.471294266353482,285.1782859923686,1.0096633032667686,,,0.0008226575297422508,3.711595857933434e-05,3.037099565797272e-05,4195.155384069134,32473.94968312458,3128977.720336745,295.38581034948714,6272554.440516668,0.037147244161063755,0.0485,0.037147244161063755,1.4210854715202206e-14,1.0,0.005557521601035995,0.0013216415145030625,0.006157521601035994,0.0002084070600388498,vapour,False,
0.049702617666374245,1.000287615129978,3110.0700830834426,839.7416759805503,1.447670356273598,1215.6691312445516,3173312.7875069,499.7275927232622,381.8785716578891,285.8956908000972,4200701.40399623,393642.1113783234,120.94127118270049,34.68754167245111,362985.01871868246,1.4274772449814834,0.03482000750996813,32614.909862453256,0.4561761476189194,33061.237161744255,13.46346689526849,285.18831124240546,1.007933162367122,,,0.0008225922451253175,3.713753700213105e-05,3.0246901986992724e-05,4195.155384069134,32614.909862453256,3130473.0075154714,295.39010521673026,6266986.849658793,0.037464741974406184,0.0485,0.037464741974406184,-0.0,1.0,0.005557521601035995,0.0013216415145030625,0.006157521601035994,0.0002084070600388498,vapour,False,
0.049702617666374245,1.000287615129978,3110.0700830834426,839.7416759805503,1.4477632904141489,1215.7471719154935,3173930.6916456916,499.3869040759646,381.45947768271276,285.74930762398515,4201698.5012045,393290.8751490549,121.27855804662063,34.591072417405194,363200.6155429745,1.4362678455323972,0.034819898736686096,32720.02749849544,0.45543626032069806,33161.89585389069,13.457135412510457,285.19832467862517,1.0062024380522037,,,0.0008225394416706156,3.715500993882947e-05,3.0155091385786256e-05,4195.155384069134,32720.02749849544,3131639.3962072423,295.3943960779825,6261423.769458869,0.03778223978774861,0.0485,0.03778223978774861,-1.4210854715201802e-14,1.0,0.005557521601035995,0.0013216415145030625,0.006157521601035994,0.0002084070600388498,vapour,False,
0.049702617666374245,1.000287615129978,3110.0700830834426,839.7416759805503,1.447826681417336,1215.800403982752,3174352.1600402636,499.15454987450903,381.1736022761276,285.6039438517841,4202693.751182134,392939.59227889095,121.61753837939794,34.494657924928,363654.8144460261,1.4490735991601122,0.034819670003399084,32775.67637037022,0.4550312253524949,33215.062315548596,13.45281685160751,285.20830624538166,1.0044705499248618,,,0.0008225034279674302,3.716693726788184e-05,3.0106822937733318e-05,4195.155384069134,32775.67637037022,3132360.195343109,295.3986743325166,6255886.847467831,0.03809973760109103,0.0485,0.03809973760109103,1.4210854715202105e-14,1.0,0.005557521601035995,0.0013216415145030625,0.006157521601035994,0.0002084070600388498,vapour,False,
0.049702617666374245,1.000287615129978,3110.0700830834426,839.7416759805503,1.4478905944688605,1215.8540744357563,3174777.0935238716,498.92030756684017,380.88536470002714,285.45966139001945,4203687.050007644,392588.26238437486,121.9581673378102,34.398314402749534,364104.0629603677,1.4620530508349097,0.034819444321642634,32832.77956742351,0.45461752428633023,33269.62216049938,13.448462872160635,285.21826598839357,1.0027380419833334,,,0.0008224671208706291,3.7178970173241056e-05,3.0057449861492205e-05,4195.155384069134,32832.77956742351,3133091.081843839,295.4029442778442,6250364.853765572,0.03841723541443346,0.0485,0.03841723541443346,-1.4210854715201802e-14,1.0,0.005557521601035995,0.0013216415145030625,0.006157521601035994,0.0002084070600388498,vapour,False,
0.049702617666374245,1.000287615129978,3110.0700830834426,839.7416759805503,1.447955046332597,1215.9081973518305,3175205.6034063175,498.68411634540234,380.5946891177429,285.3164325062134,4204678.538681827,392236.88506973215,122.3005758817232,34.30200842329856,364548.4993330421,1.4752144458544774,0.03481922160184907,32891.36893380537,0.45419500259401646,33325.60561380055,13.444072335472429,285.22821394625737,1.0010044492737193,,,0.0008224305109365455,3.7191112002628916e-05,3.000695656032992e-05,4195.155384069134,32891.36893380537,3133832.289579598,295.4072102126506,6244847.835847259,0.03873473322777588,0.0485,0.03873473322777588,1.4210854715202206e-14,1.0,0.005557521601035995,0.0013216415145030625,0.006157521601035994,0.0002084070600388498,vapour,False,
0.049702617666374245,1.000287615129978,3110.0700830834426,839.7416759805503,1.404393140124451,1179.3274492236942,2884151.4658319824,664.4800412926675,575.4886201517793,285.2373079738352,4205586.491180851,391917.71663667075,122.57205730262214,34.226033864403355,63496.850205692484,2.3334691199020687,0.035664537151285,9152.632759903889,0.7516765650273858,9936.738766795988,16.204660116989697,285.2373079738352,0.9994294637428497,,,0.0008479409180700928,3.085532164144421e-05,0.00010063663979388691,4195.155384069134,29767.028337853375,2656563.6684449427,295.4111108719779,6239813.866383107,0.03905223104111831,0.0485,0.03905223104111831,-0.0,1.0,0.005557521601035995,0.0013216415145030625,0.006157521601035994,0.0002084070600388498,two-phase,False,
0.049702617666374245,1.000287615129978,3110.0700830834426,839.7416759805503,1.4039324316204156,1178.9405730923772,2881057.888454892,666.3015385012181,577.5656731566323,285.2455384595124,4206407.093109926,391598.8905477115,122.768629210378,34.17123259460899,63506.526506038754,2.3336775401611107,0.03566438467418631,9074.416556876891,0.7534902905795852,9855.831147040306,16.233897518590307,285.2455384595124,0.9978528229841653,,,0.0008482191747604261,3.0799750917943347e-05,0.00010146277722100573,4195.155384069134,29769.709773257415,2652634.670204028,295.4146418868018,6235253.344304672,0.03936972885446074,0.0485,0.03936972885446074,-1.4210854715201802e-14,1.0,0.005557521601035995,0.0013216415145030625,0.006157521601035994,0.0002084070600388498,two-phase,False,
0.049702617666374245,1.000287615129978,3110.0700830834426,839.7416759805503,1.403631955397673,1178.688250685499,2879040.061381025,667.4903257076999,578.9206922998251,285.25375772206064,4207226.546499961,391280.2877572555,122.96562222811697,34.11648969893865,63516.192215370305,2.333885847539098,0.035664232409132766,9024.10145399199,0.7546622768997023,9803.759710028373,16.252974922695277,285.25375772206064,0.9962767438821285,,,0.0008484007534803389,3.0763598810566775e-05,0.00010200168400466701,4195.155384069134,29772.38877405413,2650080.2113125743,295.41816879851933,6230700.038105617,0.03968722666780316,0.0485,0.03968722666780316,1.4210854715202206e-14,1.0,0.005557521601035995,0.0013216415145030625,0.006157521601035994,0.0002084070600388498,two-phase,False,
0.049702617666374245,1.000287615129978,3110.0700830834426,839.7416759805503,1.4033870752746365,1178.482614640566,2877395.4831238417,668.4596194437736,580.0252028649699,285.26195574493386,4208044.8129827175,390961.8669605233,123.16300339700511,34.061814573865334,63525.83554058367,2.334093787318074,0.03566408054165171,8983.491012779858,0.75561120195041,9761.717280689625,16.268527539613483,285.26195574493386,0.9947011903749335,,,0.0008485487928093002,3.073418899052245e-05,0.00010244099180972737,4195.155384069134,29775.062069367665,2648002.9814006514,295.4216873049087,6226164.36672876,0.04000472448114559,0.0485,0.04000472448114559,-1.4210854715201802e-14,1.0,0.005557521601035995,0.0013216415145030625,0.006157521601035994,0.0002084070600388498,two-phase,False,
0.049702617666374245,1.000287615129978,3110.0700830834426,839.7416759805503,1.4031726891900993,1178.3025857106297,2875955.617614948,669.3085567217986,580.9923295883898,285.27014255709514,4208861.955394005,390643.60550341796,123.36086152737198,34.00718292761185,63535.46826491716,2.3343016130196914,0.03566392888592494,8948.221831723546,0.7564374803246157,9725.193927740707,16.282147182706115,285.27014255709514,0.9931256963757699,,,0.0008486784397548477,3.070848054555537e-05,0.00010282571303257429,4195.155384069134,29777.73292347935,2646187.730118464,295.4252017062146,6221636.007061606,0.04032222229448801,0.0485,0.04032222229448801,1.4210854715202206e-14,1.0,0.005557521601035995,0.0013216415145030625,0.006157521601035994,0.0002084070600388498,two-phase,False,
0.049702617666374245,1.000287615129978,3110.0700830834426,839.7416759805503,1.4029781454992625,1178.1392192656351,2874648.9564213497,670.0791979542696,581.8700684966046,285.27831816327927,4209677.913174702,390325.4886451697,123.55914476055399,33.952609434121214,63545.090384890675,2.3345093242179167,0.0356637774418396,8916.441935227984,0.7571837281247356,9692.275503923047,16.294509276395363,285.27831816327927,0.991550767139978,,,0.0008487961215851265,3.068518305883029e-05,0.00010317494582105511,4195.155384069134,29780.401334102487,2644543.1203147303,295.4287120016914,6217114.643552963,0.040639720107830436,0.0485,0.040639720107830436,-0.0,1.0,0.005557521601035995,0.0013216415145030625,0.006157521601035994,0.0002084070600388498,two-phase,False,
0.049702617666374245,1.000287615129978,3110.0700830834426,839.7416759805503,1.402797648693316,1177.9876485753005,2873436.588471767,670.7944319787794,582.6845376184418,285.2864825682125,4210492.749136123,390007.50595101906,123.75790814819116,33.898079297249744,63554.70189704326,2.3347169204860423,0.03566362620928272,8887.144404672068,0.7578731223287283,9661.921252263923,16.305981350519193,285.2864825682125,0.9899758989886199,,,0.0008489053354756605,3.066359449651153e-05,0.00010349908407354139,4195.155384069134,29783.067298955422,2643019.460900001,295.43221819059437,6212600.586627075,0.040957217921172864,0.0485,0.040957217921172864,-1.4210854715201802e-14,1.0,0.005557521601035995,0.0013216415145030625,0.006157521601035994,0.0002084070600388498,two-phase,False,
0.049702617666374245,1.000287615129978,3110.0700830834426,839.7416759805503,1.4026278223046906,1177.8450382790904,2872295.8460975788,671.4675906076977,583.4509510601395,285.29462576110905,4211306.424957901,389689.64949467545,123.95711900010622,33.8436018673969,63564.29100243421,2.3349241464227672,0.03566347537365595,8859.740877765886,0.7585191930779094,9633.523096371884,16.31677749151952,285.29462576110905,0.9884010566102296,,,0.0008490081186410278,3.064330565639385e-05,0.00010380418357813598,4195.155384069134,29785.727543106223,2641587.783216283,295.4357159697491,6208104.231888407,0.041274715734515285,0.0485,0.041274715734515285,1.4210854715202206e-14,1.0,0.005557521601035995,0.0013216415145030625,0.006157521601035994,0.0002084070600388498,two-phase,False,
0.049702617666374245,1.000287615129978,3110.0700830834426,839.7416759805503,1.4024664461237897,1177.7095239744774,2871211.821328477,672.107442143893,584.1793152739314,285.30276777913156,4212118.958938655,389371.91299960675,124.15679385060089,33.78917298007233,63573.88128702712,2.3351315113829965,0.035663324563787735,8833.844816912198,0.7591308289444528,9606.681572693265,16.327038477544058,285.30276777913156,0.9868268177663407,,,0.0008491058105951696,3.0624047385427054e-05,0.00010409421738745595,4195.155384069134,29788.3886085345,2640229.03998355,295.439213943036,6203604.461619658,0.04159221354785771,0.0485,0.04159221354785771,-1.4210854715201802e-14,1.0,0.005557521601035995,0.0013216415145030625,0.006157521601035994,0.0002084070600388498,two-phase,False,
0.049702617666374245,1.000287615129978,3110.0700830834426,839.7416759805503,1.4023118539714057,1177.579706501341,2870173.329897771,672.7205652106982,584.8771369469493,285.31088859741243,4212930.374546175,389054.2914269638,124.35691927966255,33.7347966512002,63583.449155013805,2.335338504817968,0.03566317415056214,8809.166449760496,0.75971469954769,9581.097155340492,16.336869966413957,285.31088859741243,0.9852526067496699,,,0.0008491994168030113,3.060561790770947e-05,0.00010437218032410841,4195.155384069134,29791.043946666097,2638928.944441361,295.44270350461414,6199122.5766650895,0.041909711361200135,0.0485,0.041909711361200135,1.4210854715202206e-14,1.0,0.005557521601035995,0.0013216415145030625,0.006157521601035994,0.0002084070600388498,two-phase,False,
0.049702617666374245,1.000287615129978,3110.0700830834426,839.7416759805503,1.4021629226672188,1177.454642678357,2869172.828880355,673.3113962657103,585.5494791799683,285.3190082473217,4213740.672544818,388736.78057261906,124.55756618896544,33.680454045679504,63593.01819813772,2.3355456367672685,0.03566302376293497,8785.510181298383,0.7602753009778384,9556.567726012136,16.346343175692056,285.3190082473217,0.9836784956362307,,,0.0008492896148638891,3.058788100959048e-05,0.00010464007880968479,4195.155384069134,29793.70010351289,2637677.8591147754,295.4461932593205,6194637.393969777,0.04222720917454256,0.0485,0.04222720917454256,-0.0,1.0,0.005557521601035995,0.0013216415145030625,0.006157521601035994,0.0002084070600388498,two-phase,False,
0.049702617666374245,1.000287615129978,3110.0700830834426,839.7416759805503,1.4020187530866526,1177.333577473147,2868204.283261712,673.8834847044195,586.2003923655634,285.3271067097424,4214549.854131337,388419.37690029683,124.75866715225999,33.62616385560784,63602.56481479919,2.3357523959986928,0.035662873771664334,8762.719036643186,0.7608162424191312,9532.931037761678,16.355515109899354,285.3271067097424,0.9821044142725412,,,0.0008493769473102523,3.057072777227111e-05,0.00010489953153325223,4195.155384069134,29796.35052646203,2636468.0678336467,295.449674600363,6190170.077771016,0.04254470698788499,0.0485,0.04254470698788499,-1.4210854715201802e-14,1.0,0.005557521601035995,0.0013216415145030625,0.006157521601035994,0.0002084070600388498,two-phase,False,
0.049702617666374245,1.000287615129978,3110.0700830834426,839.7416759805503,1.4018787228448983,1177.2159882432484,2867263.515025997,674.4392866441285,586.8326803996526,285.3351940019631,4215357.920284048,388102.0773360727,124.9602585661731,33.57191664138224,63612.10079985072,2.3359590374052672,0.03566272399118882,8740.683892667981,0.7613400264047815,9510.074360102422,16.364425229671472,285.3351940019631,0.9805303989403463,,,0.000849461789499048,3.0554082589678456e-05,0.00010515164888671072,4195.155384069134,29798.99848787633,2635294.2230361695,295.45315182991214,6185710.038326702,0.04286220480122741,0.0485,0.04286220480122741,1.4210854715202004e-14,1.0,0.005557521601035995,0.0013216415145030625,0.006157521601035994,0.0002084070600388498,two-phase,False,
0.049702617666374245,1.000287615129978,3110.0700830834426,839.7416759805503,1.4017422156710706,1177.1013574803148,2866346.386358727,674.9812369585993,587.4491209748585,285.3432701286457,4216164.871979878,387784.8792639245,125.16234225221564,33.51771234526311,63621.62614981503,2.336165560561779,0.03566257442139763,8719.2983572951,0.7618491065408995,9487.887700055975,16.37311262354923,285.3432701286457,0.9789564503643114,,,0.0008495445134313537,3.0537870928760164e-05,0.00010539753753557816,4195.155384069134,29801.64398546331,2634151.049012621,295.4566249472317,6181257.27215666,0.04317970261456984,0.0485,0.04317970261456984,-1.4210854715201802e-14,1.0,0.005557521601035995,0.0013216415145030625,0.006157521601035994,0.0002084070600388498,two-phase,False,
0.049702617666374245,1.000287615129978,3110.0700830834426,839.7416759805503,1.4016088366209216,1176.9893535332021,2865450.2448829934,675.5108950319927,588.0514942867792,285.3513350944441,4216970.71019437,387467.78036134975,125.36492004094745,33.46355090960762,63631.14086121653,2.33637196504303,0.03566242506218014,8698.492771433775,0.7623450778522263,9466.299101158686,16.38160232329175,285.3513350944441,0.9773825692695669,,,0.0008496253572711612,3.052204479955469e-05,0.00010563790445598734,4195.155384069134,29804.28701692996,2633035.1466463804,295.46009395158643,6176811.775774942,0.04349720042791226,0.0485,0.04349720042791226,1.4210854715202206e-14,1.0,0.005557521601035995,0.0013216415145030625,0.006157521601035994,0.0002084070600388498,two-phase,False,
0.049702617666374245,1.000287615129978,3110.0700830834426,839.7416759805503,1.4014782142353925,1176.8796644722572,2864572.599687736,676.0297252085502,588.641471599752,285.35937889998456,4217775.4361169385,387150.77858149726,125.5679588142077,33.40944157797732,63640.63312355387,2.336577994084065,0.03566227609868852,8678.20221862668,0.7628294319186424,9445.241472016303,16.38991787449641,285.35937889998456,0.9758087222535559,,,0.0008497045451528177,3.0506559204791795e-05,0.00010587341816116926,4195.155384069134,29806.924299274982,2631943.3297368637,295.4635545379124,6172384.097664669,0.04381469824125469,0.0485,0.04381469824125469,-0.0,1.0,0.005557521601035995,0.0013216415145030625,0.006157521601035994,0.0002084070600388498,two-phase,False,
0.049702617666374245,1.000287615129978,3110.0700830834426,839.7416759805503,1.4013501172267788,1176.772096075556,2863711.8949621986,676.5386418532703,589.2200974256996,285.36742155936906,4218579.050504804,386833.8720496863,125.77153027350936,33.35536567732085,63650.1265459421,2.3367841597701338,0.03566212716025677,8658.385491307185,0.7633031069555642,9424.672291587747,16.39807393570113,285.36742155936906,0.9742349785372328,,,0.0008497822163993545,3.049138587620483e-05,0.00010610448502199675,4195.155384069134,29809.562390607185,2630873.6002159016,295.46701531390045,6167953.125596776,0.04413219605459712,0.0485,0.04413219605459712,-1.4210854715201802e-14,1.0,0.005557521601035995,0.0013216415145030625,0.006157521601035994,0.0002084070600388498,two-phase,False,
0.049702617666374245,1.000287615129978,3110.0700830834426,839.7416759805503,1.4012242009789702,1176.6663589545878,2862865.815657767,677.0390085813319,589.788926407107,285.3754530717796,4219381.593288824,386517.05914742604,125.97560138183843,33.30133246479535,63659.60931932193,2.3369902055066016,0.03566197843206877,8638.983632471034,0.7637674677210993,9404.530569197803,16.406092374452303,285.3754530717796,0.9726613044804938,,,0.0008498585791884562,3.0476483283649188e-05,0.00010633172944062205,4195.155384069134,29812.198008929852,2629823.0136475507,295.4704719747248,6163529.608983786,0.04444969386793954,0.0485,0.04444969386793954,1.4210854715202408e-14,1.0,0.005557521601035995,0.0013216415145030625,0.006157521601035994,0.0002084070600388498,two-phase,False,
0.049702617666374245,1.000287615129978,3110.0700830834426,839.7416759805503,1.4011002750714512,1176.5622932053104,2862033.087130731,677.5315735127424,590.3488131464794,285.3834634420859,4220183.049145389,386200.3383972813,126.18019464744994,33.24733644444348,63669.069628862875,2.3371958740194034,0.03566183009918411,8619.962671773908,0.7642232896259655,9384.78122155495,16.41398525985566,285.3834634420859,0.9710871619986388,,,0.00084993374832343,3.0461828257082086e-05,0.00010655549409113573,4195.155384069134,29814.82786822057,2628789.9306363487,295.4739202146182,6159123.995320284,0.044767191681281966,0.0485,0.044767191681281966,-1.4210854715201802e-14,1.0,0.005557521601035995,0.0013216415145030625,0.006157521601035994,0.0002084070600388498,two-phase,False,
0.049702617666374245,1.000287615129978,3110.0700830834426,839.7416759805503,1.4009782121067869,1176.4597918467882,2861212.853782016,678.0168385857887,590.9003315640723,285.3914626774882,4220983.334915995,385883.7084165,126.3852355626739,33.1933976733285,63678.51927955296,2.3374014213941257,0.03566168197626242,8601.299383871647,0.7646710972266151,9365.400304775443,16.421760649039673,285.3914626774882,0.9695135964421376,,,0.0008500078004622799,3.0447405164758597e-05,0.00010677600182131001,4195.155384069134,29817.455247895123,2627773.2457214994,295.4773643374176,6154725.312836732,0.04508468949462439,0.0485,0.04508468949462439,1.4210854715202206e-14,1.0,0.005557521601035995,0.0013216415145030625,0.006157521601035994,0.0002084070600388498,two-phase,False,
0.049702617666374245,1.000287615129978,3110.0700830834426,839.7416759805503,1.400857783179672,1176.3586626576962,2860403.577683485,678.4957099912267,591.4445146002331,285.3994607795055,4221782.5518201385,385567.1679925216,126.59081690456593,33.13949215788512,63687.970082135216,2.337607104395079,0.03566153387808747,8582.955281102986,0.765111784366017,9346.34800325519,16.429433075765832,285.3994607795055,0.9679401361398573,,,0.000850080873923896,3.043318644619107e-05,0.00010699366208616619,4195.155384069134,29820.08343138617,2626771.010946062,295.4808086479004,6150323.540739439,0.045402187307966815,0.0485,0.045402187307966815,-0.0,1.0,0.005557521601035995,0.0013216415145030625,0.006157521601035994,0.0002084070600388498,two-phase,False,
0.049702617666374245,1.000287615129978,3110.0700830834426,839.7416759805503,1.4007388608494273,1176.258798620785,2859604.403774731,678.9686901521059,591.9819359686405,285.4074377574748,4222580.723569606,385250.7160074089,126.7969263889969,33.08562363096191,63697.3984061158,2.33781240839077,0.03566138617479611,8564.907184425,0.765545878520458,9327.60037269982,16.437010615107532,285.4074377574748,0.9663662101155165,,,0.0008501530455479217,3.0419156603843867e-05,0.00010720870964056489,4195.155384069134,29822.705845932815,2625782.122290303,295.4842445345632,6145939.8386422135,0.04571968512130924,0.0485,0.04571968512130924,-1.4210854715201802e-14,1.0,0.005557521601035995,0.0013216415145030625,0.006157521601035994,0.0002084070600388498,two-phase,False,
0.049702617666374245,1.000287615129978,3110.0700830834426,839.7416759805503,1.4006213756189865,1176.1601413764715,2858814.8652211996,679.436052350603,592.512908670696,285.4154036143134,4223377.728105022,384934.35139488603,127.00348869276249,33.03181217500053,63706.816060798184,2.338017589976318,0.03566123868114179,8547.141959372628,0.7659736723004313,9309.14389778688,16.444497657314002,285.4154036143134,0.964792863400716,,,0.0008502243570588018,3.0405307016332937e-05,0.00010742126354258378,4195.155384069134,29825.325773961853,2624805.9710860555,295.48767630195124,6141563.057415115,0.046037182934651665,0.0485,0.046037182934651665,1.4210854715202206e-14,1.0,0.005557521601035995,0.0013216415145030625,0.006157521601035994,0.0002084070600388498,two-phase,False,
0.049702617666374245,1.000287615129978,3110.0700830834426,839.7416759805503,1.400505098383554,1176.0624985359111,2858033.4222007976,679.8987054918739,593.0384675038841,285.42335835459517,4224173.689391765,384618.07325907814,127.21061851790844,32.97802835129325,63716.22304270819,2.3382226487276028,0.03566109139701623,8529.622053787069,0.7663960464547962,9290.939674922674,16.451908769786968,285.42335835459517,0.96321908546415,,,0.0008502949471179528,3.0391610298631287e-05,0.0001076317396289975,4195.155384069134,29827.943213173436,2623840.619077891,295.4911039493397,6137193.811194737,0.04635468074799409,0.0485,0.04635468074799409,-1.4210854715201802e-14,1.0,0.005557521601035995,0.0013216415145030625,0.006157521601035994,0.0002084070600388498,two-phase,False,
0.049702617666374245,1.000287615129978,3110.0700830834426,839.7416759805503,1.4003900517201184,1175.9658890579417,2857260.2273132387,680.3565566118791,593.5585089018546,285.43130198288634,4224968.546757931,384301.88068722334,127.41826148389742,32.924286795415895,63725.619348355845,2.3384275842211752,0.03566094432231165,8512.34869803733,0.7668129517652149,9272.989087473361,16.45924247546896,285.43130198288634,0.9616453826336584,,,0.0008503648016534674,3.0378068780820597e-05,0.00010784009239813233,4195.155384069134,29830.558161262637,2622886.2286465582,295.4945274760051,6132831.786894034,0.046672178561336514,0.0485,0.046672178561336514,1.4210854715202206e-14,1.0,0.005557521601035995,0.0013216415145030625,0.006157521601035994,0.0002084070600388498,two-phase,False,
0.049702617666374245,1.000287615129978,3110.0700830834426,839.7416759805503,1.400276095026645,1175.8701948731753,2856494.340194907,680.810159114541,594.0736637475882,285.43922451386527,4225762.301375944,383985.77287062304,127.62638392969708,32.8705966187997,63734.99315285315,2.3386321379997677,0.03566079764187411,8495.298236519538,0.7672249387034934,9255.267647016344,16.46650771460178,285.43922451386527,0.9600717239025427,,,0.000850434005692147,3.036466557851984e-05,0.00010804657824480892,4195.155384069134,29833.167325179445,2621941.6073514423,295.49794257455284,6128487.474827387,0.04698967637467894,0.0485,0.04698967637467894,-0.0,1.0,0.005557521601035995,0.0013216415145030625,0.006157521601035994,0.0002084070600388498,two-phase,False,
0.049702617666374245,1.000287615129978,3110.0700830834426,839.7416759805503,1.400163138562557,1175.775340622709,2855735.1535497056,681.259871740463,594.5843407627885,285.4471459332422,4226555.015319874,383669.74906778376,127.83511611237249,32.81692473593417,63744.36809410078,2.3388368255381833,0.03566065098565807,8478.455624298706,0.7676323550724469,9237.759807985307,16.47371017712749,285.4471459332422,0.9584976677902954,,,0.0008505026134247587,3.0351389858382506e-05,0.00010825135322695657,4195.155384069134,29835.777283111624,2621005.988182491,295.50135785737285,6124140.186255173,0.04730717418802137,0.0485,0.04730717418802137,-1.4210854715201802e-14,1.0,0.005557521601035995,0.0013216415145030625,0.006157521601035994,0.0002084070600388498,two-phase,False,
0.049702617666374245,1.000287615129978,3110.0700830834426,839.7416759805503,1.400051175088832,1175.6813202276346,2854982.619129826,681.7057210664921,595.0905717373022,285.4550562542761,4227346.566627356,383353.80854255124,128.04431026513424,32.7633096338483,63753.732348644764,2.339041388548196,0.035660504538540694,8461.817704692778,0.7680352599723212,9220.46237065571,16.480850297210413,285.4550562542761,0.9569241948383082,,,0.0008505706289578376,3.0338240502350243e-05,0.00010845443100364665,4195.155384069134,29838.384743009527,2620079.286915945,295.5047690173054,6119799.800406711,0.04762467200136379,0.0485,0.04762467200136379,1.4210854715202206e-14,1.0,0.005557521601035995,0.0013216415145030625,0.006157521601035994,0.0002084070600388498,two-phase,False,
0.049702617666374245,1.000287615129978,3110.0700830834426,839.7416759805503,1.399940127998993,1175.5880693583006,2854236.226097159,682.1480068963688,595.5926989537768,285.4629454958173,4228137.018057662,383037.950615302,128.2539895677945,32.70974570230888,63763.074087293535,2.3392455680673767,0.03566035848527745,8445.371074570896,0.76843396144471,9203.361477808265,16.487932941040704,285.4629454958173,0.9553507689000813,,,0.0008506380985525431,3.032520824702241e-05,0.00010865595167714145,4195.155384069134,29840.986408816607,2619160.849217654,295.50817174626326,6115477.0989806885,0.04794216981470622,0.0485,0.04794216981470622,-1.4210854715201802e-14,1.0,0.005557521601035995,0.0013216415145030625,0.006157521601035994,0.0002084070600388498,two-phase,False,
0.049702617666374245,1.000287615129978,3110.0700830834426,839.7416759805503,1.3998298350923428,1175.4954518080212,2853494.8838600023,682.5873740086759,596.091455675458,285.47082365086317,4228926.431862074,382722.1747271007,128.46424937521724,32.65620905794547,63772.4051294067,2.3394496218751732,0.0356602126408386,8429.090166626132,0.76882906549867,9186.430615575027,16.49496842652829,285.47082365086317,0.9537769160837133,,,0.0008507051205191028,3.031227384442078e-05,0.00010885620779680865,4195.155384069134,29843.58556997487,2618249.314949706,295.5115703504335,6111161.8979067085,0.04825966762804864,0.0485,0.04825966762804864,1.4210854715202206e-14,1.0,0.005557521601035995,0.0013216415145030625,0.006157521601035994,0.0002084070600388498,two-phase,False,
0.049702617666374245,1.000287615129978,3110.0700830834426,839.7416759805503,1.3997203344033693,1175.4034995159416,2852758.846811371,683.0236705228172,596.5866706288549,285.47870070682376,4229714.747211433,382406.48029085994,128.67507023576357,32.602705220075684,63781.73730006748,2.3396538084242895,0.03566006682031599,8412.979536657624,0.7692204504885283,9169.674590870558,16.501954315345607,285.47870070682376,0.9522031736522043,,,0.0008507716715254151,3.0299441535542048e-05,0.00010905512404939783,4195.155384069134,29846.18551992516,2617344.9846451436,295.5149691369291,6106843.420337229,0.04857716544139107,0.0485,0.04857716544139107,-0.0,1.0,0.005557521601035995,0.0013216415145030625,0.006157521601035994,0.0002084070600388498,two-phase,False,
0.049702617666374245,1.000287615129978,3110.0700830834426,839.7416759805503,1.3996115498659427,1175.3121486061623,2852027.604209196,683.4571976542393,597.0786869041277,285.4865567010156,4230501.965268468,382090.86677601264,128.8863823650319,32.54925234993111,63791.046940099775,2.339857609708823,0.0356599213932373,8397.025961388881,0.7696084224091388,9153.079708239404,16.508895438472866,285.4865567010156,0.9506294810235195,,,0.0008508377975892871,3.028670221235903e-05,0.00010925284514891985,4195.155384069134,29848.77966586465,2616447.206679997,295.51835948960604,6102542.597716059,0.048894663254733496,0.0485,0.048894663254733496,-1.4210854715201802e-14,1.0,0.005557521601035995,0.0013216415145030625,0.006157521601035994,0.0002084070600388498,two-phase,False,
0.049702617666374245,1.000287615129978,3110.0700830834426,839.7416759805503,1.399503454212182,1175.221376180707,2851300.973133842,683.8880624669168,597.5676271399032,285.4944016222241,4231288.14824991,381775.3336722341,129.09828188853,32.49582661132116,63800.34587314838,2.3400612840139767,0.03565977617466479,8381.22443880534,0.7699930926318492,9136.640826536766,16.515793521731243,285.4944016222241,0.9490553633919484,,,0.0008509035150890889,3.0274052490551373e-05,0.00010944941570818527,4195.155384069134,29851.371300230905,2615555.7444055825,295.521745715349,6098249.262471345,0.04921216106807592,0.0485,0.04921216106807592,1.4210854715202206e-14,1.0,0.005557521601035995,0.0013216415145030625,0.006157521601035994,0.0002084070600388498,two-phase,False,
0.049702617666374245,1.000287615129978,3110.0700830834426,839.7416759805503,1.399395998590106,1175.1311412165314,2850578.6272973632,684.3164566870237,598.0537100717368,285.50223547493624,4232073.174308132,381459.88050530746,129.31065448301584,32.44245728119907,63809.634095739544,2.340264830916966,0.03565963116449273,8365.566618964416,0.7703746534433544,9120.349315179792,16.52265166103691,285.50223547493624,0.9474818340634295,,,0.0008509688535398437,3.026148648882316e-05,0.00010964492317587144,4195.155384069134,29853.960420716976,2614670.182595099,295.52512781344467,6093962.798062013,0.049529658881418345,0.0485,0.049529658881418345,-1.4210854715201802e-14,1.0,0.005557521601035995,0.0013216415145030625,0.006157521601035994,0.0002084070600388498,two-phase,False,
0.049702617666374245,1.000287615129978,3110.0700830834426,839.7416759805503,1.399289152640539,1175.0414182197703,2849860.3619041946,684.742500825249,598.5370733364955,285.5100582636316,4232857.167166831,381144.5068236793,129.5236188816577,32.38911497602716,63818.91160438284,2.3404682499957965,0.0356594863626159,8350.046898828401,0.7707532308806456,9104.199397105796,16.5294717799293,285.5100582636316,0.9459078810721082,,,0.0008510338312287201,3.024900049178333e-05,0.00010983942204933448,4195.155384069134,29856.5470250102,2613790.2564586783,295.52850578318083,6089683.813517769,0.049847156694760766,0.0485,0.049847156694760766,1.4210854715202408e-14,1.0,0.005557521601035995,0.0013216415145030625,0.006157521601035994,0.0002084070600388498,two-phase,False,
0.049702617666374245,1.000287615129978,3110.0700830834426,839.7416759805503,1.3991828365258552,1174.952140147442,2849145.63797242,685.1665141475305,599.0180798428601,285.5178699927814,4233640.06625257,380829.2122354414,129.7371188631203,32.3358143053512,63828.1783956004,2.3406715408280676,0.03565934176892911,8334.652449315861,0.771129127517952,9088.177769753112,16.53625896377998,285.5178699927814,0.9443340114720047,,,0.0008510984965519637,3.0236585015702148e-05,0.0001100330589183849,4195.155384069134,29859.131110800932,2612915.2918879944,295.5318796238464,6085411.9982822165,0.050164654508103194,0.0485,0.050164654508103194,-0.0,1.0,0.005557521601035995,0.0013216415145030625,0.006157521601035994,0.0002084070600388498,two-phase,False,
0.049702617666374245,1.000287615129978,3110.0700830834426,839.7416759805503,1.3990770986171568,1174.863347618777,2848434.7848611814,685.5882991939261,599.4965067887799,285.5256706668491,4234421.910415785,380513.99631223764,129.95115647764268,32.282555213665105,63837.434465919105,2.340874702991315,0.035659197383327346,8319.389514174029,0.7715021827688504,9072.290981048282,16.54301011330151,285.5256706668491,0.9427602259994977,,,0.0008511628199371514,3.022424556205596e-05,0.0001102257414460104,4195.155384069134,29861.712675780018,2612045.681789244,295.53524933473136,6081147.5375564555,0.05048215232144562,0.0485,0.05048215232144562,-1.4210854715201802e-14,1.0,0.005557521601035995,0.0013216415145030625,0.006157521601035994,0.0002084070600388498,two-phase,False,
0.049702617666374245,1.000287615129978,3110.0700830834426,839.7416759805503,1.3989718678353376,1174.7749809456873,2847727.324214193,686.0081389639072,599.9726759172179,285.53346029029024,4235202.66263984,380198.8586786483,130.1657337859608,32.22933764555482,63846.67981183745,2.3410777360642734,0.03565905320570624,8304.246730010505,0.7718726647641387,9056.527248156392,16.54972974730675,285.53346029029024,0.9411865253914196,,,0.0008512268444762124,3.0211973707991724e-05,0.0001104175996603518,4195.155384069134,29864.291717629458,2611180.828156982,295.5386149151265,6076890.2385734925,0.050799650134788044,0.0485,0.050799650134788044,1.4210854715202408e-14,1.0,0.005557521601035995,0.0013216415145030625,0.006157521601035994,0.0002084070600388498,two-phase,False,
0.049702617666374245,1.000287615129978,3110.0700830834426,839.7416759805503,1.3988670256444937,1174.6869405886346,2847022.4587302255,686.4265059244208,600.4471237482096,285.54122889570334,4235982.34748559,379883.7990474852,130.38087576711226,32.176155892391506,63855.90258992397,2.34128037940821,0.03565890942052287,8289.205707195762,0.7722410133958953,9040.867463162915,16.556425428222813,285.54122889570334,0.9396123750646709,,,0.0008512906421679473,3.0199755506866717e-05,0.00011060885518723816,4195.155384069134,29866.86493031699,2610319.740840983,295.5419720546598,6072650.634011431,0.05111714794813047,0.0485,0.05111714794813047,-1.4210854715202004e-14,1.0,0.005557521601035995,0.0013216415145030625,0.006157521601035994,0.0002084070600388498,two-phase,False,
0.049702617666374245,1.000287615129978,3110.0700830834426,839.7416759805503,1.398762690267098,1174.5993258239562,2846320.9810693283,686.842929370669,600.9193170081035,285.5489964325975,4236760.9797981065,379568.8170438422,130.59659835888763,32.123006546775315,63865.12647519884,2.3414831528669606,0.035658765658519935,8274.283335130702,0.7726068107469858,9025.329256967483,16.563089602535083,285.5489964325975,0.9380383398018621,,,0.0008513541409522958,3.0187604607504623e-05,0.00011079928183539762,4195.155384069134,29869.43891797891,2609463.387932736,295.54532937172473,6068407.946091201,0.05143464576147289,0.0485,0.05143464576147289,1.4210854715202206e-14,1.0,0.005557521601035995,0.0013216415145030625,0.006157521601035994,0.0002084070600388498,two-phase,False,
0.049702617666374245,1.000287615129978,3110.0700830834426,839.7416759805503,1.3986587820290513,1174.5120697459906,2845622.3599393955,687.2577227517072,601.389612124128,285.55675293218195,4237538.522721371,379253.91235160746,130.81286726597432,32.069898563872655,63874.339625627195,2.341685795970199,0.03565862210418516,8259.467089609256,0.7729703545719063,9009.899626086659,16.5697273361542,285.55675293218195,0.9364643914875526,,,0.0008514173891940234,3.0175511633738744e-05,0.00011098902779168229,4195.155384069134,29872.010375569793,2608611.106313073,295.5486825561795,6064172.407577104,0.05175214357481532,0.0485,0.05175214357481532,-0.0,1.0,0.005557521601035995,0.0013216415145030625,0.006157521601035994,0.0002084070600388498,two-phase,False,
0.049702617666374245,1.000287615129978,3110.0700830834426,839.7416759805503,1.3985552647113224,1174.425141940108,2844926.349505665,687.6710319136514,601.8581748997174,285.5644884311376,4238314.977401726,378939.08468187385,131.02964793228236,32.01684084686879,63883.53019351623,2.3418880475788666,0.03565847894188729,8244.750670110046,0.7733317906695836,8994.572042424492,16.5763409383031,285.5644884311376,0.9348905029715735,,,0.000851480408830516,3.0163472256090335e-05,0.00011117816337267887,4195.155384069134,29874.575994071816,2607762.5834633997,295.5520272969725,6059954.417865335,0.05206964138815775,0.0485,0.05206964138815775,-1.4210854715201802e-14,1.0,0.005557521601035995,0.0013216415145030625,0.006157521601035994,0.0002084070600388498,two-phase,False,
0.049702617666374245,1.000287615129978,3110.0700830834426,839.7416759805503,1.3984520943617085,1174.3385054978119,2844232.6537389,688.0830321409153,602.3252045568329,285.5722129043515,4239090.405941354,378624.3337784937,131.24703911679035,31.963809715631523,63892.710016764184,2.342090167655516,0.03565833598699117,8230.127328024897,0.7736912790100277,8979.339512787892,16.582933207760234,285.5722129043515,0.9333161963992614,,,0.0008515432265214634,3.01514812690687e-05,0.00011136676573770864,4195.155384069134,29877.139075886487,2606917.4528327296,295.5553679032931,6055743.863798415,0.05238713920150017,0.0485,0.05238713920150017,1.4210854715202206e-14,1.0,0.005557521601035995,0.0013216415145030625,0.006157521601035994,0.0002084070600388498,two-phase,False,
0.049702617666374245,1.000287615129978,3110.0700830834426,839.7416759805503,1.3983493347587874,1174.2522139766318,2843541.7053933027,688.4934647489672,602.7904087596559,285.579936321244,4239864.686474534,378309.6593374295,131.4649597003619,31.91082546733999,63901.89093894498,2.3422924168292902,0.03565819305498012,8215.605930025566,0.7740485973399023,8964.211312239673,16.589500062564614,285.579936321244,0.931742513783749,,,0.0008516058033337466,3.013954598476934e-05,0.0001115547107456745,4195.155384069134,29879.7029273884,2606076.2384312274,295.55870868523897,6051529.741577772,0.0527046370148426,0.0485,0.0527046370148426,-1.42108547152016e-14,1.0,0.005557521601035995,0.0013216415145030625,0.006157521601035994,0.0002084070600388498,two-phase,False,
0.049702617666374245,1.000287615129978,3110.0700830834426,839.7416759805503,1.3982468684350635,1174.1661687342164,2842852.7110138764,688.9028013872326,603.2543223257767,285.5876387548127,4240637.942716709,377995.0611424499,131.6834587182441,31.857876645276143,63911.04926388781,2.342494272745399,0.03565805051460786,8201.168370755913,0.774404181040359,8949.16860357126,16.59604900265675,285.5876387548127,0.930168386816105,,,0.0008516682107082234,3.0127652667207624e-05,0.00011174222369672861,4195.155384069134,29882.260929873253,2605237.9577451167,295.5620410207363,6047333.443805505,0.05302213482818502,0.0485,0.05302213482818502,1.4210854715202206e-14,1.0,0.005557521601035995,0.0013216415145030625,0.006157521601035994,0.0002084070600388498,two-phase,False,
0.049702617666374245,1.000287615129978,3110.0700830834426,839.7416759805503,1.3981446913400795,1174.0803663692275,2842165.6455239262,689.3110559027464,603.7169615563362,285.5953301758233,4241410.175317965,377680.5389800984,131.90257562428428,31.804954256683775,63920.19683374555,2.342695995866977,0.03565790818132877,8186.813847646235,0.7747580457663957,8934.21058225476,16.60258027861896,285.5953301758233,0.928593843691944,,,0.0008517304510358515,3.011580077368499e-05,0.00011192930710478354,4195.155384069134,29884.816388720636,2604402.5770217944,295.56536921965863,6043144.568690431,0.05333963264152745,0.0485,0.05333963264152745,-0.0,1.0,0.005557521601035995,0.0013216415145030625,0.006157521601035994,0.0002084070600388498,two-phase,False,
0.049702617666374245,1.000287615129978,3110.0700830834426,839.7416759805503,1.3980428975624486,1173.9948858917953,2841481.1397885927,689.7178533289375,604.1779018961356,285.6030105886537,4242181.262676131,377366.09256710525,132.1221913938935,31.752087516942503,63929.33364504205,2.3428975857732874,0.03565776605504038,8172.555118146828,0.7751098717812233,8919.350574449552,16.609087871769468,285.6030105886537,0.9270198994061937,,,0.0008517924669155398,3.0104001126386475e-05,0.00011211578597040557,4195.155384069134,29887.369301614013,2603570.858468031,295.56869328130716,6038962.505548568,0.053657130454869875,0.0485,0.053657130454869875,-1.4210854715201802e-14,1.0,0.005557521601035995,0.0013216415145030625,0.006157521601035994,0.0002084070600388498,two-phase,False,
0.049702617666374245,1.000287615129978,3110.0700830834426,839.7416759805503,1.3979413183955711,1173.909585631957,2840798.061290634,690.1238657081649,604.6379053843,285.61067999767437,4242951.328235335,377051.72174552834,132.3424297741591,31.699247106374887,63938.45969429256,2.343099042044021,0.03565762413564064,8158.367714901181,0.7754602559159027,8904.563106950833,16.615582550211805,285.61067999767437,0.9254455403191816,,,0.000851854361050868,3.0092234111504345e-05,0.00011230197236958293,4195.155384069134,29889.919666233778,2602741.415768748,295.57201320498433,6034787.857533567,0.053974628268212296,0.0485,0.053974628268212296,1.4210854715202206e-14,1.0,0.005557521601035995,0.0013216415145030625,0.006157521601035994,0.0002084070600388498,two-phase,False,
0.049702617666374245,1.000287615129978,3110.0700830834426,839.7416759805503,1.3978400144651508,1173.8245164996424,2840116.8192745475,690.5288489781888,605.0966960747761,285.6183384072478,4243720.311536426,376737.4263121373,132.56323226279326,31.646447604360315,63947.57497801983,2.343300364258764,0.03565748242302755,8144.25978881152,0.7758089928294896,8889.856702688365,16.622060446524745,285.6183384072478,0.923871274332295,,,0.0008519160964383424,3.0080506662129088e-05,0.0001124877524401031,4195.155384069134,29892.467480261646,2601914.7417471954,295.57532898999364,6030620.317013738,0.054292126081554724,0.0485,0.054292126081554724,-1.4210854715201802e-14,1.0,0.005557521601035995,0.0013216415145030625,0.006157521601035994,0.0002084070600388498,two-phase,False,
0.049702617666374245,1.000287615129978,3110.0700830834426,839.7416759805503,1.3977390125329563,1173.739700967824,2839437.5886901356,690.9326999406248,605.5541570545593,285.6259858217286,4244488.213507176,376423.2060443413,132.7846010585924,31.593688956583033,63956.67949273836,2.343501551997491,0.035657340917099496,8130.234462203578,0.7761559996941738,8875.234643290316,16.628519840630588,285.6259858217286,0.9222971021885713,,,0.0008519776566946109,3.0068821806874604e-05,0.0001126730774105224,4195.155384069134,29895.01274137647,2601091.0431869277,295.5786406356393,6026459.880439554,0.054609623894897145,0.0485,0.054609623894897145,0.0005951044302922737,0.9999998229253428,0.005557521601035995,0.0013216415145030625,0.006157521601035994,0.0002084070600388498,two-phase,False,
0.04970339433441456,1.0002876241187693,3110.070079569994,839.7534532590299,1.3976375659142544,1173.6709723810402,2838795.1782111144,691.3383864345515,606.0124063263311,285.6336222454636,4245255.086040685,376109.0580913718,133.00653837181557,31.54124061653593,63966.25481201818,2.3437026048397933,0.035657202887465496,8116.332634582641,0.7765008238514404,8860.746464080992,16.63499894528381,285.6336222454636,0.9207230246314895,,,0.0008520275473553615,3.005711041188584e-05,0.00011285730881181654,4195.191230357954,29897.81668980717,2600300.7806634502,295.58194814122703,6022306.796004531,0.054927121325627465,0.048499622111450126,0.054927121708239574,0.0030620226138962613,0.9999953119977673,0.0055574741141603086,0.0013216401717013203,0.006157474114160308,0.0002084052792810116,two-phase,False,
0.049706614084988124,1.0002876613841483,3110.070065004076,839.8022768651426,1.397534315475217,1173.6525001332557,2838265.8369397135,691.751323624103,606.4749102158687,285.6412476827921,4246020.99732657,375794.97501254064,133.22910828053966,31.489663829624348,63977.33450978491,2.343903522366133,0.0356570753562347,8102.675990332821,0.7768416533571331,8846.533791157592,16.641564317160093,285.6412476827921,0.9191485348620898,,,0.0008520409575120922,3.004525238558377e-05,0.00011303862321755146,4195.339832074816,29901.439942343815,2599611.2142973025,295.5852515060633,6018161.391783775,0.055244615061796835,0.04849805563357213,0.055244619521582,0.00684656434602552,0.999976562003658,0.005557277264744568,0.0013216346051110916,0.0061572772647445675,0.00020839789742792129,two-phase,False,
0.0497123310485746,1.0002877275582083,3110.070039138624,839.8889668312803,1.39742915346037,1173.6853279197408,2837851.51901246,692.1719437076154,606.9420774343918,285.6488621380451,4246785.931100545,375480.9518576614,133.45225155655334,31.4389875736957,63989.95263770755,2.3441043041563523,0.03565695856586908,8089.258530824189,0.7771786579994262,8832.590866865805,16.648222290500055,285.6488621380451,0.917574141040029,,,0.0008520171260659929,3.0033236658866222e-05,0.00011321706338186186,4195.603678368193,29905.900856199936,2599023.8827319047,295.58855072945545,6014023.578424787,0.05556210047763087,0.04849527458393021,0.05556211733492442,0.01069929063905513,0.9999427609517562,0.005556927787739595,0.0013216247215978986,0.0061569277877395944,0.00020838479204023482,two-phase,False,
0.049720582125987886,1.0002878230781458,3110.0700018027574,840.0140812835334,1.3973220847282393,1173.7702272601834,2837554.041056147,692.600232033958,607.413838282507,285.65646561554655,4247549.993995025,375166.98361400794,133.67603269933923,31.38920546232698,64004.13244631313,2.344304949791009,0.035656852689938213,8076.086645744297,0.7775116882598883,8818.924699491494,16.654972209149378,285.65646561554655,0.9159993362399024,,,0.000851955499275358,3.0021064804018464e-05,0.00011339250918625723,4195.984455788299,29911.21194764321,2598540.4205654105,295.5918458107124,6009893.8727822155,0.05587957271755614,0.04849126164818842,0.05587961514826685,0.014547541323630593,0.9998941789216683,0.005556423507361765,0.0013216104581801813,0.006156423507361765,0.0002083658815260662,two-phase,False,
0.049731327754078694,1.0002879475004205,3110.069953169848,840.177018263048,1.397213123344127,1173.906355849269,2837371.3602535175,693.0361360211145,607.8902030224092,285.664058119612,4248313.169335309,374853.0654858942,133.9003921145037,31.340313860200016,64019.84963646285,2.3445054588504455,0.03565675758306338,8063.153719945591,0.7778408617582134,8805.528058902355,16.66181378443909,285.664058119612,0.9144246287502132,,,0.0008518567047680261,3.0008737732200756e-05,0.0001135650233933448,4196.480314872397,29917.359961684,2598158.938936717,295.59513674914365,6005772.182851046,0.056197027324168876,0.048486036981859694,0.05619711296160927,0.01839994072450204,0.999830706760567,0.005555766956427533,0.0013215918844172831,0.006155766956427533,0.00020834126086603246,two-phase,False,
0.049744617260881065,1.0002881014151352,3110.0698930092503,840.37852305731,1.3971021539253334,1174.0946446759583,2837305.1116302544,693.4801193514968,608.3716245092268,285.67164960340205,4249075.600274385,374539.1925073869,134.12543236790205,31.292301741784296,64037.14677820209,2.3447060939532576,0.03565667329415655,8050.452035739253,0.7781663894138464,8792.393344493692,16.66875390575621,285.67164960340205,0.912849536017,,,0.000851720093039001,2.9996243440089148e-05,0.00011373467505594005,4197.093500903673,29924.364819412596,2597880.669913602,295.5984278575504,6001648.879527895,0.05651445921648022,0.048479577796244296,0.0565146107749517,0.022247621147261337,0.9997524910463028,0.005554955271224433,0.0013215689165735312,0.006154955271224433,0.00020831082267091624,two-phase,False,
0.049760400627424976,1.000288284266341,3110.0698215382804,840.6178339424536,1.3969892985395296,1174.334118179087,2837353.427095493,693.9317027760749,608.8576465658942,285.67922017217893,4249837.233010091,374225.3599135848,134.35101828538387,31.24517939189821,64055.96909276467,2.3449063287691696,0.03565660000813865,8037.987311852662,0.7784880732732753,8779.526092619992,16.675785506721517,285.67922017217893,0.9112745172189376,,,0.0008515464078916416,2.998359506354077e-05,0.00011390136431630325,4197.821667811016,29932.203007231605,2597704.090817193,295.6017105084854,5997544.34163631,0.05683186420787308,0.048471909874795244,0.05683210858829413,0.02609949485293602,0.9996593501630551,0.005553991691796728,0.0013215416429777434,0.006153991691796728,0.00020827468844237732,two-phase,False,
0.049778740014443185,1.0002884968020493,3110.0697384645737,840.8958894747342,1.3968744461620763,1174.625979889986,2837518.614138859,694.3913329821603,609.3486829057599,285.68678972660973,4250598.173666578,373911.5626989599,134.5772905753218,31.198931260362404,64076.37872151596,2.3451066891200743,0.03565653765129355,8025.755009378835,0.7788060561868276,8766.922130583544,16.68291505256305,285.68678972660973,0.9096991139302942,,,0.0008513348224203749,2.9970781390700865e-05,0.00011406511716483537,4198.667637865282,29940.901987699966,2597631.060527602,295.6049933284644,5993438.437311532,0.05714923690240289,0.048463004773700365,0.05714960640163655,0.029946339125042253,0.9995515078138835,0.005552872643789562,0.0013215099584617976,0.006152872643789562,0.00020823272414210856,two-phase,False,
0.04979957445848224,1.000288738348072,3110.0696440516663,841.2117607832353,1.3967576249807538,1174.9689410974697,2837797.61004638,694.8589003568077,609.8447143387903,285.6943483221332,4251358.465970542,373597.79619430174,134.80421451761882,31.153540423090956,64098.32570633733,2.345306911548082,0.03565648618446079,8013.7462492161285,0.7791204973235789,8754.571666596712,16.69014162792158,285.6943483221332,0.908123302210266,,,0.00085108632664448,2.9957804502001995e-05,0.00011422603390358036,4199.628546177662,29950.43778895498,2597658.779848021,295.6082720033095,5989341.694837153,0.05746657347755784,0.04845289412734532,0.05746710421497898,0.03379748806722198,0.9994287017093045,0.0055516021024970795,0.001321473970951894,0.006151602102497079,0.0002081850788436405,two-phase,False,
0.04982297954589402,1.0002890098176345,3110.069537942623,841.5665886252041,1.3966388116871262,1175.3645602930935,2838193.979521364,695.3345055934928,610.3457416295337,285.7019059065587,4252118.130206168,373284.0553549267,135.0317675206401,31.10903379144903,64121.868391262135,2.3455072593323822,0.03565644578224442,8001.97059444644,0.7794311972823378,8742.4853553765,16.69746591870043,285.7019059065587,0.9065476141924473,,,0.0008507998571529468,2.9944663605512853e-05,0.00011438394911179516,4200.707818718683,29960.83897109092,2597790.4271235475,295.6115508467131,5985243.899563899,0.057783868125900195,0.04844154357174913,0.0577846020283214,0.03764322981965301,0.9992912424557442,0.005550175749614073,0.0013214335528546307,0.006150175749614073,0.00020813159061052776,two-phase,False,
0.04984888269565099,1.0002893104102817,3110.069420450335,841.959266814024,1.3965179764910123,1175.8112515789771,2838703.664202492,695.8182722405822,610.8520283533821,285.70945253798203,4252877.295609088,372970.33558549604,135.26004147184014,31.065361177336325,64146.9493532522,2.345707468685617,0.0356564163621615,7990.409036294286,0.7797385595712303,8730.642725221465,16.704890873904674,285.70945253798203,0.9049710103833911,,,0.0008504766378592796,2.993135386362017e-05,0.0001145391045622742,4201.902041184204,29972.077555592183,2598022.1758793737,295.6148255440543,5981155.988105328,0.05810111749067227,0.048428990899636,0.058102099841663826,0.04149345456379965,0.9991387757605856,0.005548598334314332,0.0013213888328342711,0.006148598334314332,0.00020807243753678746,two-phase,False,
0.04987737370214025,1.0002896412140987,3110.0692911495244,842.3911500941159,1.3963950768985443,1176.3108548143261,2839330.8174459375,696.3103720463682,611.3636344306276,285.71699816154774,4253635.92089424,372656.6318545202,135.48895029545807,31.022568772727965,64173.635481335434,2.3459078032155447,0.035656398166841255,7979.071228383045,0.7800423938620575,8719.054647626748,16.712418258425473,285.71699816154774,0.9033945305454019,,,0.0008501154230680327,2.9917872582438978e-05,0.0001146913329958531,4203.215278485569,29984.186780301843,2598357.7060743337,295.6181004094693,5977067.453113781,0.05841831524675391,0.0484151954773493,0.058419597655006254,0.04533782679345596,0.9989717120427618,0.00554686475042197,0.001321339659562386,0.0061468647504219695,0.00020800742814082386,two-phase,False,
0.04990836750690159,1.000290001292096,3110.069150406455,842.8609419746418,1.3962702143208603,1176.8616280936153,2840071.6081518945,696.8104117793027,611.8802579099731,285.72453283800326,4254394.073983232,372342.93955748505,135.7185225126177,30.98061672049237,64201.8613595092,2.346107998805452,0.035656391066418526,7967.953509255904,0.7803427119594365,8707.71655939874,16.720042757261044,285.72453283800326,0.9018176436614345,,,0.000849717567578347,2.9904229747430763e-05,0.00011484066955769736,4204.6435278349245,29997.134373133733,2598793.654151106,295.62137112789475,5972988.91808447,0.05873545861578542,0.048400201647936826,0.058737095468348675,0.04918692743726072,0.9987895905391093,0.005544980570248714,0.0013212861838975381,0.006144980570248714,0.00020793677138432679,two-phase,False,
0.049941969086987975,1.0002903919192574,3110.0689977227994,843.3702258658757,1.3961432998879149,1177.4656901675999,2840930.643209965,697.3187435683972,612.4021400854941,285.73206650983377,4255151.774907897,372029.2536082909,135.94873507104094,30.939541546685255,64231.703013534214,2.3463083193930117,0.03565639537621451,7957.061981728055,0.7806394231506797,8696.6357588675,16.72776893262069,285.73206650983377,0.9002408811451064,,,0.0008492816464636524,2.9890417665021302e-05,0.00011498699356016524,4206.191536949778,30010.958572391453,2599334.0230171937,295.6246420139104,5968910.1872074455,0.059052540636452065,0.04838396207392035,0.0590545932816911,0.05303462702126929,0.9985926738849603,0.00554293984519161,0.0013212282291464135,0.0061429398451916094,0.0002078602441946854,two-phase,False,
0.04997808638890037,1.0002908120855127,3110.0688334933916,843.9175981132644,1.396014323257021,1178.1210546147795,2841902.9730928577,697.8354199906512,612.9294952361852,285.73958924043325,4255909.152928799,371715.56948412856,136.17968128215236,30.89928635529618,64263.09043747171,2.346508500531076,0.03565641094196052,7946.376579983682,0.7809329444707823,8685.790487466187,16.735598730660794,285.73958924043325,0.8986632039721427,,,0.00084880920859782,2.9876433347076186e-05,0.00011513056888063614,4207.854967710193,30025.624657845627,2599974.206211705,295.62790875201085,5964842.17264057,0.05936955905544285,0.04836652497356224,0.059372091095033525,0.05687743842270523,0.9983811681910228,0.005540748634536212,0.0013211659588774935,0.0061407486345362115,0.00020777807379510793,two-phase,False,
0.050016821146540234,1.0002912630391874,3110.06865723033,844.5045914376809,1.3958832426046246,1178.8298074905238,2842993.3305184073,698.3606121389598,613.4623650821145,285.747110969632,4256666.227612736,371401.88215108536,136.41133848636406,30.859886337672933,64296.09736414096,2.346708806487686,0.03565643807346078,7935.908922573928,0.781223044545909,8675.19376910847,16.74353375408809,285.747110969632,0.897085143005111,,,0.0008482988754150914,2.98622744364176e-05,0.00011527120046135497,4209.638400859024,30041.169669648556,2600718.4091748325,295.63117565721836,5960774.685804125,0.059686506680736745,0.04834784524219844,0.05968958890837595,0.060724568085083336,0.998154560592136,0.005538401270263271,0.0013210992028578196,0.006138401270263271,0.00020769004763487268,two-phase,False,
0.050058094454661396,1.000291743931369,3110.068469265458,845.1300003224497,1.3957501186699632,1179.5902982416053,2844197.911825436,698.8940843411056,614.0006175253333,285.7546316977175,4257423.005327193,371088.18702739046,136.64370997172853,30.82130960765129,64330.67360003983,2.3469092373379152,0.03565647649476889,7925.651279582908,0.7815098441025052,8664.83684379043,16.751571225131126,285.7546316977175,0.8955066980716762,,,0.0008477519707399108,2.9847946397403456e-05,0.00011540898207640691,4211.538090976753,30057.566555630357,2601563.2175925956,295.63444272951256,5956707.759727012,0.06000338128391206,0.048327965232830616,0.06000708672171838,0.06456451763530437,0.997913534862876,0.0055359030746079405,0.001321028102621489,0.00613590307460794,0.00020759636529779778,two-phase,False,
0.05010199427104624,1.0002922558614016,3110.0682691691154,845.7951471473223,1.3956148748833208,1180.40428846293,2845520.4968059757,699.4361453979573,614.5444730205506,285.7621514249769,4258179.603533453,370774.4791248794,136.87679904660095,30.78358053298425,64366.87214828875,2.3471097931566596,0.035656526648442016,7915.6077445568,0.7817932887170014,8654.724752221238,16.75971515884104,285.7621514249769,0.8939278689993597,,,0.0008471673728855692,2.983344258904313e-05,0.00011554382474651775,4213.557966548142,30074.844276771306,2602511.891095288,295.63770996887274,5952641.97088229,0.06032017578220862,0.048306847161254926,0.0603245845350608,0.06841003301701783,0.9976572895451677,0.005533249299467133,0.0013209525125645726,0.006133249299467133,0.0002074968487300175,two-phase,False,
0.05014845955347046,1.0002927981970255,3110.0680571884664,846.4990959062203,1.3954775439282852,1181.2704792927261,2846957.993044005,699.9866719763409,615.0938987839933,285.7696602200892,4258935.992431643,370460.75383526564,137.11057044554377,30.746681874508255,64404.64169798456,2.3473102088369213,0.035656588523615265,7905.76976442565,0.78207353201009,8644.848024120045,16.76796437426681,285.7696602200892,0.8923486342903365,,,0.0008465461700175052,2.9818765643808975e-05,0.00011567583342239142,4215.695091121488,30092.97833981104,2603561.6079310128,295.6409730589115,5948587.428392232,0.060636887734371966,0.04828452526837929,0.06064208234840323,0.07224769330680016,0.9973867207918133,0.005530444247680242,0.0013208725441013936,0.006130444247680241,0.00020739165928800908,two-phase,False,
0.050197561913522926,1.0002933718585583,3110.067832963828,847.2429197188883,1.3953380440268548,1182.1902784161553,2848513.2859420404,700.5460005238347,615.6491725735194,285.77716801759,4259692.277814001,370147.0062453135,137.34513150999652,30.71060893544478,64444.036749606086,2.3475107493057967,0.035656662317611526,7896.137779217473,0.7823505995798893,8635.207736942339,16.776323419345516,285.77716801759,0.8907685069014832,,,0.0008458875176505042,2.9803908013804028e-05,0.00011580497313595519,4217.952622990738,30111.995443807293,2604714.7974802726,295.64423631553433,5944534.385544706,0.060953510362999085,0.048260970309679026,0.06095958016174566,0.07609139214246338,0.9971008474782388,0.005527484244271906,0.0013207880806667828,0.0061274842442719055,0.00020728065916019646,two-phase,False,
0.050249259771638015,1.0002939764499423,3110.06759665005,848.0259762117801,1.3951964403852937,1183.1628233649392,2850184.491376419,701.1138710162131,616.2100772845226,285.7846748177647,4260448.477768526,369833.23169317,137.58042048970054,30.67535694395264,64485.02971556823,2.3477114146392433,0.03565674792631152,7886.711467611156,0.7826244553086135,8625.803192183928,16.784788795088808,285.7846748177647,0.8891879952193652,,,0.0008451922087578611,2.9788876470480157e-05,0.00011593123303649297,4220.328507020659,30131.880885671428,2605969.8108246108,295.6474997387207,5940482.930899232,0.06127004083383795,0.04823620768756534,0.06127707797508808,0.07992649151786525,0.9968007604098447,0.0055243724814032676,0.00132069920086281,0.006124372481403267,0.00020716396805262256,two-phase,False,
0.05030360672552053,1.0002946126927221,3110.067347965149,848.849064030899,1.3950526580732499,1184.189143079296,2851973.603513564,701.6905948246335,616.7768914980552,285.7921905485498,4261204.636199109,369519.4253129013,137.81647959883534,30.640929644839048,64527.663683765946,2.34791247059021,0.03565684547779671,7877.488791566855,0.7828951739200491,8616.63271846712,16.793364862116864,285.7921905485498,0.887607119660495,,,0.0008444596928153375,2.9773663831238478e-05,0.00011605461584277642,4222.82505528731,30152.655214965525,2607328.271909836,295.65076764547814,5936423.041003745,0.06158647286752018,0.04821021746692645,0.06159457578843051,0.08376817061380752,0.9964852701329889,0.005521106453954294,0.0013206058199999745,0.006121106453954294,0.00020704149202328603,two-phase,False,
0.05036058247003115,1.0002952804493583,3110.067086962931,849.7118617322172,1.3949067697164652,1185.268828238651,2853879.859258928,702.2758827515722,617.3493319704037,285.7996953536106,4261960.796913619,369205.582371506,138.0532346863183,30.60733191253374,64571.900053206424,2.34811338604287,0.035656955331329725,7868.473602389849,0.7831626274030398,8607.700157299396,16.802047375105186,285.7996953536106,0.8860258386281139,,,0.0008436904575361468,2.9758278192979434e-05,0.00011617505044619756,4225.44117564306,30174.304053486812,2608789.5636011832,295.65403140195065,5932375.410337443,0.06190280303230585,0.04818301539924164,0.06191207360177293,0.08760043592656326,0.9961556924625167,0.005517688141314253,0.0013205079808319721,0.006117688141314252,0.0002069133052992845,two-phase,False,
0.05042022071046308,1.0002959802201978,3110.0668134478788,850.6148651120834,1.3947586835452457,1186.4024694677462,2855904.1126973964,702.870110647154,617.9277826700331,285.8071991622018,4262717.065777267,368891.6980598649,138.29079434458637,30.57454596770542,64617.769305935246,2.3483144265856235,0.03565707753622852,7859.658097506622,0.7834270213513689,8598.997636742542,16.810842018990964,285.8071991622018,0.8844436638444398,,,0.0008428842873604506,2.9742710057899377e-05,0.00011629262412250393,4228.1782485990525,30196.84115822199,2610354.233515951,295.65729532492526,5928330.311224947,0.06221902576530333,0.048154591714836,0.062229571415115356,0.09143989105165895,0.995810597616063,0.005514116315789584,0.0013204056337261364,0.006114116315789584,0.00020677936184210942,two-phase,False,
0.05048252444666433,1.000296712151426,3110.066527362905,851.5581042210401,1.394608430652286,1187.5901113369405,2858046.482884604,703.4731618564074,618.5121190780774,285.8147019746083,4263473.388243416,368577.7676100004,138.52909605610458,30.54258171513409,64665.270860098186,2.348515592294091,0.03565721219451854,7851.044996415664,0.783688274506937,8590.528017221577,16.819746965332644,285.8147019746083,0.8828611039489964,,,0.0008420413663382906,2.97269632551878e-05,0.00011640727997106616,4231.036236217234,30220.2665758829,2612022.391870606,295.6605594143816,5924287.476325512,0.06253513680562765,0.04812495161534612,0.06254706922845778,0.09526904749157979,0.9954515601424546,0.005510391631037221,0.0013202987822003701,0.0061103916310372205,0.00020663968616389577,two-phase,False,
0.050547505395266465,1.0002974764969597,3110.066228608821,852.5417403706894,1.394455980947554,1188.8319288673447,2860307.110163463,704.0851637423934,619.1024794665267,285.8222137134935,4264229.906570563,368263.7862585367,138.76824927957242,30.511413918667305,64714.42136264882,2.3487171495846506,0.03565735926756596,7842.630724432825,0.7839464710573127,8582.287654208134,16.828764203766937,285.8222137134935,0.8812776693074249,,,0.0008411617956398145,2.971103486541694e-05,0.00011651904949954367,4234.01549253784,30244.586593989825,2613794.0520418747,295.6638279882084,5920237.381141113,0.06285113155393786,0.04809409643931652,0.06286456704180021,0.09910607326617568,0.995076874538726,0.005506514255263628,0.0013201874152123073,0.0061065142552636275,0.00020649428457238605,two-phase,False,
0.05061519211743568,1.0002982737149464,3110.06591700661,853.5661890435765,1.3943012536890467,1190.1284074900404,2862686.639583723,704.706443551911,619.6992026244745,285.8297244541285,4264986.701480974,367949.7492309489,139.00821920832036,30.481054710232403,64765.223733788014,2.3489188325239136,0.03565751915858289,7834.407621909724,0.7842018082715024,8574.268768956263,16.837898797511627,285.8297244541285,0.8796933394574883,,,0.0008402454673853069,2.9694916569631124e-05,0.00011662802122795236,4237.117134860791,30269.806346309888,2615669.584500782,295.66709672891653,5916190.643430517,0.06316700465849151,0.04806201985266246,0.06318206485514263,0.10293184419006192,0.9946884112382293,0.005502483392504243,0.0013200714932967753,0.006102483392504243,0.00020634312721890915,two-phase,False,
0.05068557201969704,1.0002991037846918,3110.065592564422,854.6312420639562,1.3941444141879296,1191.479372313957,2865185.2881580563,705.336350300146,620.3015845506691,285.8372341967988,4265743.656116934,367635.6517510272,139.24887545293717,30.45152337662663,64817.667346737755,2.3491206411878243,0.03565769191107145,7826.392981658069,0.7844538268620731,8566.489328762931,16.84714047780905,285.8372341967988,0.8781091324217583,,,0.0008392927508748329,2.9678627103430222e-05,0.00011673393400986211,4240.340386024086,30295.920494080212,2617649.4442243557,295.67036563648537,5912146.691767039,0.0634827527621211,0.04802873533220668,0.06349956266848505,0.10676623397228724,0.9942841501720596,0.005498300736306558,0.0013199510478964238,0.0060983007363065575,0.0002061862776114959,two-phase,False,
0.05075870171460758,1.0002999675077284,3110.0652549690353,855.7377377722489,1.3939852719329573,1192.8858030917422,2867804.3580690376,705.975650887729,620.9104184202293,285.84474294179046,4266500.9656038415,367321.4889652169,139.49042344541678,30.422788352526776,64871.78405723192,2.3493225756525975,0.03565787787719339,7818.569854427846,0.784702978643488,8558.932077939979,16.856501033866795,285.84474294179046,0.8765235204448263,,,0.000838303211764431,2.9662146313486895e-05,0.00011683700617013037,4243.687629684254,30322.94680556849,2619734.389549225,295.67363471089465,5908106.472968986,0.06379836912751771,0.04799422393475491,0.06381706048182748,0.11058834072938367,0.9938662982990829,0.005493963906198573,0.0013198259924463724,0.006093963906198573,0.00020602364648244652,two-phase,False,
0.0508345417451941,1.000300864557478,3110.0649043481644,856.8850600151144,1.3938238996486438,1194.346875900929,2870542.058132608,706.6240647953518,621.5254622821243,285.85226060649325,4267258.621894426,367007.25624029775,139.73277206374635,30.394851400271413,64927.55843655268,2.349524903000184,0.03565807680668881,7810.9388843192555,0.784949205454197,8551.597338730902,16.8659764870195,285.85226060649325,0.8749375402309567,,,0.000837277695598837,2.9645481860170578e-05,0.00011693721773719584,4247.156842625567,30350.874231522877,2621922.8633921263,295.67690827091445,5904059.749622424,0.06411385195283173,0.04795851239331059,0.06413455829516991,0.11441988649915386,0.9934324786182103,0.00548947626154858,0.001319696405140135,0.00608947626154858,0.00020585535980807172,two-phase,False,
0.05091317951062312,1.000301796113676,3110.064540240768,858.0745110335021,1.3936602311597994,1195.8643213992823,2873402.0773678976,707.2818616792683,622.1468994808253,285.8597772714522,4268016.758710981,366692.94861038425,139.97602155893443,30.36771404874854,64985.028926413834,2.349727356634179,0.035658289378313265,7803.5043991206485,0.7851924444528111,8544.490370282188,16.87557028961974,285.8597772714522,0.8733501537231487,,,0.0008362152646463261,2.9628628331900156e-05,0.00011703448148037111,4250.7517963831815,30379.727323753363,2624218.037528466,295.6801819981743,5900017.373245849,0.06442919278448297,0.047921567994080067,0.06445205610851233,0.11823922856070415,0.9929851382721544,0.005484833691420024,0.0013195621478166847,0.006084833691420024,0.00020568126342825093,two-phase,False,
0.05099454748816733,1.0003027615282274,3110.0641629002344,859.3050487852167,1.3934943410336813,1197.436722703871,2876381.204549354,707.9487525307045,622.7745228975314,285.8672929369535,4268775.195934947,366378.56148943416,140.2199723437511,30.341392159514598,65044.15054187789,2.349929936631106,0.03565851540396626,7796.262069697212,0.7854327417383319,8537.606049255533,16.885278663143218,285.8672929369535,0.8717628887093288,,,0.0008351171974598797,2.9611593031709214e-05,0.00011712885254142155,4254.469169478043,30409.48216261431,2626617.0579484086,295.6834558926537,5895978.4649426555,0.06474439163449837,0.047883431183468,0.06476955392185475,0.12206654049175944,0.992521918998454,0.005480041278458015,0.0013194233473396108,0.006080041278458015,0.0002055015479421756,two-phase,False,
0.05107876205146579,1.0003037623404514,3110.063771724987,860.5784116149467,1.3933261336392477,1199.0663909488587,2879484.370579739,708.6251255286634,623.4086059362144,285.8748175164313,4269534.203701342,366064.089824791,140.4648723214717,30.31586448594813,65105.00320761885,2.3501329105741275,0.035658755338510255,7789.217744747785,0.7856700184568383,8530.951476178112,16.89510663161893,285.8748175164313,0.8701742345444788,,,0.0008339821777580378,2.959436781915645e-05,0.00011722021896296174,4258.314034333742,30440.17961126565,2629124.1742113186,295.6867342737848,5891934.153532655,0.0650594382396853,0.047844056474279244,0.06508705173519719,0.12589362397268294,0.992043746738532,0.0054750933065730294,0.0013192798172499487,0.006075093306573029,0.00020531599899648858,two-phase,False,
0.05116574568733922,1.0003047977943065,3110.063367010613,861.8934050615479,1.393155624368116,1200.7516448672823,2882707.4370914083,709.3109304732216,624.0492278211316,285.8823510062134,4270293.799951573,365749.5290736847,140.71065813186559,30.29111408682275,65167.53557336793,2.350336279041479,0.03565900895477719,7782.357617639421,0.7859045527117018,8524.511520000642,16.905054364526897,285.8823510062134,0.8685846995026711,,,0.0008328116844766254,2.9576953094524577e-05,0.00011730877454429491,4262.282598704253,30471.792327420164,2631735.5698139104,295.69001714220946,5887884.536846119,0.0653743335345873,0.047803489478321255,0.06540454954853961,0.1297057016056426,0.9915525356585942,0.005469995507513837,0.0013191317021626486,0.006069995507513836,0.00020512483153176887,two-phase,False,
0.05125559642128811,1.00030586922799,3110.062948234153,863.2514878421563,1.3929828425497333,1202.4945113696533,2886055.240130242,710.0060557972834,624.6961259243955,285.8898834921204,4271053.931290958,365434.8741942636,140.9572257005319,30.2671895818411,65231.79178474191,2.350539774771644,0.035659276996976706,7775.6998222837465,0.7861359401000491,8518.305977514992,16.915119051384107,285.8898834921204,0.8669947747318103,,,0.000831604627335047,2.955935447342221e-05,0.00011739423338861157,4266.3790732083635,30504.34809900032,2634455.6390692648,295.69330017867486,5883839.534669853,0.06568906814546299,0.047761694132654506,0.06572204736188203,0.1335294276127387,0.9910448486125208,0.0054647433494778,0.0013189788480815496,0.0060647433494778,0.0002049278756054175,two-phase,False,
0.05134827416380342,1.000306976342123,3110.0625155127113,864.6520298675516,1.3928076842081933,1204.2939913657383,2889524.7002022495,710.7109278448502,625.3498615390004,285.89742488362424,4271814.76859251,365120.120567459,141.20475689223065,30.244033219493094,65297.75524352869,2.35074366585124,0.035659559230370855,7769.221892449186,0.7863647052991154,8512.310969609553,16.925308136668843,285.89742488362424,0.8654034577780558,,,0.0008303620271873504,2.95415596550792e-05,0.00011747691121367346,4270.60135819907,30537.835371881043,2637281.302308168,295.69658770327646,5879789.80710083,0.06600364111244363,0.04771869908686606,0.06603954517522446,0.13733687119235397,0.9905243983926367,0.005459340432678211,0.0013188213366303117,0.006059340432678211,0.00020472526622543292,two-phase,False,
0.0514438405239473,1.0003081200577366,3110.062068486394,866.0959372353998,1.3926302007418305,1206.1513589338188,2893118.939556931,711.4253483700127,626.0101315160739,285.9049652691871,4272576.231745547,364805.26326437906,141.45307842609523,30.221696322877587,65365.44734487004,2.350947684684345,0.03565985624383274,7762.938322975384,0.7865905095864869,8506.542171890378,16.935617833203043,285.9049652691871,0.8638117499881582,,,0.0008290833423128198,2.9523575987864312e-05,0.00011755657937069553,4274.951980129637,30572.269625993333,2640215.428899872,295.6998753963195,5875745.133156592,0.06631804519988148,0.047674486042832795,0.06635704298856689,0.14115702611397038,0.9899872190986406,0.005453784457705102,0.0013186590769441145,0.006053784457705102,0.00020451691716394133,two-phase,False,
0.05154229641629004,1.0003093005786485,3110.061607075633,867.5831978445095,1.3924503426496935,1208.066521115704,2896837.305784006,712.1495259522808,626.6771877192618,285.9125145556371,4273338.492900593,364490.2975207536,141.7023733152405,30.200134193488125,65434.876315949245,2.3511520996944313,0.03566016799483678,7756.840608973421,0.7868135540462321,8500.99066575787,16.94605158622489,285.9125145556371,0.8622186481534737,,,0.0008277689866584952,2.950539820181122e-05,0.0001176333487846324,4279.430689656014,30607.652866118246,2643257.254899161,295.7031675783424,5871696.188217171,0.06663227707814934,0.04762906521916008,0.06667454080190931,0.14495954597631844,0.989437582685406,0.005448076708666294,0.001318492081837742,0.0060480767086662935,0.00020430287657498603,two-phase,False,
0.051643663388385073,1.000310518362712,3110.0611311015796,869.1141104575615,1.392268145314451,1210.039890633368,2900680.7725436436,712.8833231655553,627.3508593736804,285.9200826445082,4274101.571123344,364175.21849843656,141.95261737498836,30.179353129258395,65506.06289745599,2.351357179978503,0.035660494538624785,7750.934723937216,0.7870336894876457,8495.66287003033,16.956607140429306,285.9200826445082,0.8606246772465512,,,0.0008264190360505988,2.948703097613554e-05,0.00011770711894979303,4284.038167382275,30643.993927654694,2646407.6631709957,295.7064685707706,5867632.927194298,0.06694633215060218,0.047582437597622,0.06699203861525173,0.1487759142741247,0.9888709356290629,0.005442217308935157,0.0013183203295568028,0.006042217308935157,0.00020408314908506838,two-phase,False,
0.05174798723374877,1.0003117741678613,3110.0606402681,870.6893389133043,1.3920835492067296,1212.0723051708937,2904650.856698358,713.6269916263036,628.0313782667162,285.92764972036576,4274865.513306499,363860.02129498526,142.2037351728123,30.159377873665584,65579.00605532073,2.3515623892621855,0.03566083658506512,7745.217644065609,0.7872510059934891,8490.555975641222,16.967288057718086,285.92764972036576,0.859029803127824,,,0.0008250332886361981,2.9468468873701935e-05,0.0001177779173553447,4288.776184123515,30681.29936104725,2649667.834437825,295.70976973290743,5863575.883446223,0.06726020419254157,0.04753459340572591,0.06730953642859416,0.15257321772122154,0.988292169975151,0.00543620503046405,0.0013181437578515549,0.00603620503046405,0.00020385768864240186,two-phase,False,
0.05185524549787037,1.0003130679384529,3110.060134597055,872.3085155654611,1.3918965787970354,1214.1632384710858,2908746.2139139837,714.3804419909993,628.7186966623423,285.9352157835015,4275630.292478782,363544.70118741615,142.45573129769483,30.14019416131468,65653.68713596447,2.351767727624628,0.03566119417388336,7739.6860086031875,0.7874655578684585,8485.666247557889,16.978093329490484,285.9352157835015,0.8574340254241831,,,0.0008236124833257452,2.9449714422968432e-05,0.0001178457849774368,4293.643400704595,30719.559791538733,2653036.5109382616,295.71307106473165,5859524.918958774,0.06757389179894886,0.04748555451206374,0.06762703424193658,0.15638558179531395,0.9876960817005103,0.00543004262134128,0.0013179624204993207,0.00603004262134128,0.000203626598300298,two-phase,False,
0.05196553303723934,1.0003144010421492,3110.059613554009,873.9730426865594,1.3917071916868526,1216.3145688473255,2912970.9338162276,715.1438504576367,629.4128871246743,285.9428006366763,4276396.029413814,363229.25311694224,142.70869117606023,30.12180796544008,65730.18317084012,2.351973733188326,0.03566156753133102,7734.348241703752,0.7876771851069186,8481.003290858684,16.989024855015394,285.9428006366763,0.8558373750367291,,,0.0008221557363632321,2.9430765112595213e-05,0.00011791057799468819,4298.643790604579,30758.81163434312,2656517.259506283,295.7163812091188,5855460.349073088,0.06788738527135942,0.04743528950068958,0.067944532055279,0.16018572414537094,0.9870868927202018,0.005423726133722654,0.0013177761734757022,0.006023726133722654,0.00020338973001459952,two-phase,False,
0.052078790829058835,1.000315772996579,3110.059077327621,875.6819988705417,1.3915153508380596,1218.524943880915,2917321.3752014027,715.917381787157,630.1142460948699,285.95039437231094,4277162.834518269,362913.67247187445,142.96265023150477,30.10418686487995,65808.4407881678,2.352180137858328,0.03566195671426613,7729.186520407155,0.7878862800359901,8476.547901820742,17.000086020537296,285.95039437231094,0.8542393245495953,,,0.0008206643655689733,2.9411615882176418e-05,0.00011797255340056562,4303.774337267692,30799.029829327912,2660106.603545409,295.7196958457117,5851392.8549521305,0.06820068612287568,0.047383837527055724,0.06826202986862144,0.16398551293508387,0.9864627471665706,0.005417260488027421,0.001317585133272062,0.0060172604880274205,0.0002031472683010283,two-phase,False,
0.052195132247403825,1.0003171854146693,3110.058525287606,877.4370632047451,1.3913210936321292,1220.7966943713895,2921803.092647314,716.7008875100855,630.8224518493275,285.9579969867108,4277930.655384715,362597.9541191846,143.21754312395538,30.087374292845738,65888.52351276341,2.3523869422252712,0.03566236240382412,7724.221941534199,0.7880923730746371,8472.323115501335,17.011273378273827,285.9579969867108,0.8526403828628456,,,0.0008191372114706767,2.939227351660703e-05,0.00011803138128317557,4309.039825272221,30840.24988927121,2663809.5891050543,295.72301497515764,5847322.190722402,0.06851378318961061,0.04733115968512285,0.06857952768196386,0.16779172870655637,0.9858224666630728,0.0054106407951784894,0.0013173891260012335,0.006010640795178489,0.00020289902981919338,two-phase,False,
0.05231450906269867,1.0003186379595161,3110.0579575657757,879.2374754080242,1.3911243445249295,1223.1286566587416,2926412.698768796,717.4946872692822,631.5379605208664,285.9656084761782,4278699.640326915,362282.0933889565,143.4734460729634,30.071332551165064,65970.39637026188,2.352594146880497,0.035662784532845486,7719.4338039020995,0.7882959381134163,8468.306800164277,17.02259270140668,285.9656084761782,0.8510400385635989,,,0.0008175754811695205,2.9372728865132395e-05,0.0001180873607437795,4314.43770912173,30882.453648321203,2667622.8960677227,295.7263385981046,5843249.07827723,0.06882667752611545,0.047277290777253414,0.06889702549530628,0.17157518614565875,0.9851710285524451,0.0054038714285697086,0.001317188250833919,0.006003871428569708,0.00020264517857136407,two-phase,False,
0.05243699567877739,1.0003201317927288,3110.057373708259,881.0843240112243,1.39092513056319,1225.5223284124922,2931153.681764003,718.2986812649006,632.260566030795,285.97322883701247,4279469.736778019,361966.085271592,143.73029333477083,30.05609242906775,66054.09871745323,2.352801752416646,0.035663223610537885,7714.834980053007,0.7884966852189333,8464.51304144491,17.03404167901908,285.97322883701247,0.8494388006776781,,,0.0008159786050535467,2.935298676742424e-05,0.00011814028699627331,4319.970981326893,30925.663517771023,2671549.662132003,295.7296667152012,5839173.270481083,0.06913936088617519,0.04722221047059475,0.06921452330864872,0.17537685834850691,0.9845013750908669,0.005396949833099456,0.0013169824009393706,0.005996949833099455,0.0002023856187412296,two-phase,False,
0.05256260298936314,1.000321667313728,3110.0567735590894,882.9777384230916,1.3907234605676049,1227.9778559839194,2936026.204934079,719.1128403058442,632.9902406114744,285.9808580655098,4280241.057754501,361649.92486665706,143.98816169314253,30.041634662080465,66139.63111983672,2.353009759428211,0.03566367985298615,7710.425415130878,0.7886946079150214,8460.941843683939,17.04561993804988,285.9808580655098,0.847836157658379,,,0.0008143469323384078,2.9333048713815386e-05,0.00011819015169646819,4325.639749249957,30969.880783160013,2675589.9624712793,295.73299932709676,5835095.317741736,0.06945183001027184,0.04716592752125998,0.06953202112199114,0.17915407369957795,0.9838210293934797,0.005389877109093355,0.0013167715770184,0.005989877109093355,0.0002021203915910008,two-phase,False,
0.05269134696229696,1.0003232449922528,3110.0561569348233,884.917923582415,1.3905192923285203,1230.4954448686433,2941030.3071645135,719.9373479387677,633.7271894379858,285.9885060511964,4281013.624094633,361333.60730782244,144.2470259007052,30.02796288157709,66227.009309447,2.3532184385566413,0.035664153325303205,7706.199472464574,0.7888898445363158,8457.58740017201,17.05733035589907,285.9885060511964,0.8462326327913857,,,0.0008126807816885101,2.9312910611893094e-05,0.00011823702820731857,4331.444339524265,31015.11181956499,2679743.6584708015,295.73634075723163,5831005.228380799,0.06976408136866427,0.047108448702938205,0.06984951893533356,0.18295097665651522,0.9831220372570372,0.005382654107758287,0.0013165557717372668,0.005982654107758287,0.00020184952904093575,two-phase,False,
0.05282330291075725,1.0003248660367596,3110.0555233633013,886.9059773941364,1.3903125696656498,1233.0765284826664,2946168.8898261013,720.7724401377686,634.4715874992119,285.9961628944521,4281787.550534495,361017.1275513908,144.50692257807455,30.01508621685962,66316.26018906024,2.353427520696849,0.03566464473475688,7702.159150805424,0.7890823788752812,8454.452399814538,17.06917602636651,285.9961628944521,0.8446276997589851,,,0.0008109796731193373,2.929256803185211e-05,0.0001182808717477594,4337.387740113965,31061.375583146095,2684013.1804503556,295.7396866839157,5826913.66768875,0.07007610660206492,0.047049754749371966,0.07016701674867598,0.18672696059827784,0.9824118495751816,0.005375278408024935,0.0013163348789948716,0.005975278408024935,0.00020157294030093506,two-phase,False,
0.052958430629235685,1.0003265302475293,3110.054872922747,888.9412560631686,1.3901033256224353,1235.7201963363955,2951439.6885836604,721.6179943041498,635.2233804703546,286.00382859155997,4282562.821306722,360700.4808478057,144.76778516360127,30.00299906296261,66407.35284680944,2.3536370064486243,0.03566515406411198,7698.298741180002,0.7892723120230536,8451.530484776613,17.081155627720005,286.00382859155997,0.8430218678390468,,,0.0008092446841645483,2.9272024147393127e-05,0.00011832176453735308,4343.4677226107015,31108.656263668214,2688396.4366239686,295.7430371078011,5822820.564321731,0.07038790706339819,0.04698987819101783,0.07048451456201842,0.19051354662117237,0.9816845667289582,0.00536775409779103,0.001316108986726647,0.00596775409779103,0.00020129077866716362,two-phase,False,
0.0530968526403444,1.0003282394388038,3110.054204904255,891.0255656584709,1.3898915408652546,1238.4288964033872,2956848.1956166527,722.4740990105265,635.9825057821104,286.0115130280085,4283339.552446417,360383.6619785669,145.02973275097224,29.99170781412253,66500.36671526151,2.3538471669756458,0.035665681901252966,7694.632812857601,0.7894593433069909,8448.837923245272,17.093269329701716,286.0115130280085,0.8414146385933458,,,0.0008074746987123555,2.9251279574188115e-05,0.00011835947251972983,4349.689369027436,31156.995155895547,2692898.2843940626,295.74639635300633,5818716.3989754515,0.07069947040375332,0.04692877979191629,0.07080201237536084,0.1943031871990919,0.9809415229483736,0.005360076246520491,0.0013158779114023898,0.005960076246520491,0.0002010028592445184,two-phase,False,
0.05323851948212248,1.0003299933159597,3110.0535194231525,893.1581207944906,1.3896772067798726,1241.2014825184478,2962391.367620276,723.3407984477758,636.749113345423,286.0192063081775,4284117.757046934,360066.66615899745,145.29273035392256,29.981197283966182,66595.25263382109,2.3540577326636654,0.035666228367935135,7691.1486081021585,0.7896437449231081,8446.360883919966,17.105518642573358,286.0192063081775,0.8398059968005686,,,0.0008056709680776079,2.9230332645720932e-05,0.00011839418345287406,4356.050012667054,31206.369771789778,2697515.8363293093,295.7497600971709,5814611.330063576,0.0710107990982462,0.04686649682238321,0.07111951018870326,0.19806402409791307,0.9801890850025525,0.005352249537739335,0.001315641757512137,0.0059522495377393346,0.00020070935766522503,two-phase,False,
0.053383510003496275,1.0003317931802496,3110.0528159710493,895.3400668157084,1.3894602428476137,1244.039426668953,2968072.036819064,724.218433883666,637.5234943786361,286.02691831485197,4284897.523422117,359749.48834227497,145.55682535350547,29.97147491996254,66692.06319429338,2.3542689750271233,0.03566679385280391,7687.845597319619,0.7898255674522804,8444.099427814808,17.11790822950438,286.02691831485197,0.8381959539927644,,,0.000803833044646829,2.920917633722334e-05,0.00011842589118574403,4362.5527405119565,31256.80681752843,2702251.4047648837,295.7531326648678,5810495.714575639,0.07132188459868229,0.04680301032356625,0.0714370080020457,0.20184833458872486,0.9794167906584806,0.005344271589007915,0.0013154004160186865,0.005944271589007915,0.00020041018458779683,two-phase,False,
0.05353185191551375,1.000333639713732,3110.0520942815674,897.5717776411522,1.3892406681485845,1246.943216081507,2973891.1878554206,725.1069343882314,638.305552638403,286.0346391550864,4285678.9033804815,359432.1235327216,145.82198268703365,29.962549172922408,66790.795250235,2.3544806241103906,0.03566737885616329,7684.727037734816,0.7900047301323727,8442.057161203184,17.1304369118601,286.0346391550864,0.8365844954468187,,,0.0008019611375267586,2.9187813630943036e-05,0.00011845454027433729,4369.198326753286,31308.309050632768,2707105.8134527854,295.756509733288,5806379.884670309,0.07163272289583685,0.04673832433853149,0.07175450581538811,0.20560185738003883,0.9786357219322612,0.0053361429083928985,0.001315153863960604,0.005936142908392898,0.0002001053590647337,two-phase,False,
0.053683547371570654,1.0003355332906163,3110.051354208656,899.8532415540656,1.3890185874692218,1249.9128785130285,2979849.129952564,726.0058889778543,639.0948450346837,286.04237870895315,4286461.845265,359114.56674387446,146.0881762613944,29.954418635575795,66891.45480984222,2.3546929517808652,0.03566798340372884,7681.802853833815,0.7901809675555792,8440.244479706646,17.143098245954974,286.04237870895315,0.8349721431249286,,,0.0008000557616380912,2.9166256462304198e-05,0.00011847998033757864,4375.986389441594,31360.877767949176,2712079.4433740643,295.7598956274605,5802253.53609561,0.07194331245715707,0.04667245436789579,0.07207200362873054,0.20938060220321264,0.9778342208273445,0.0053278654437592474,0.0013149021214092277,0.005927865443759247,0.0001997949541409718,two-phase,False,
0.05383870790028011,1.0003374756644545,3110.0505950671813,902.1860901986004,1.3887937223048272,1252.9503784185529,2985948.8438768513,726.9164380340417,639.8925219460747,286.05013696864717,4287246.609040625,358796.81283718173,146.35555976081307,29.947078414370765,66994.10086141484,2.3549059591738337,0.03566860823797791,7679.052748619669,0.7903548507568156,8438.64096175853,17.15590942183377,286.05013696864717,0.8333578730999442,,,0.0007981162041406449,2.9144476559410265e-05,0.00011850249400723524,4382.921424536195,31414.54657884072,2717174.3389390535,295.76329034872566,5798117.932858437,0.07225364175156446,0.0466053689140204,0.07238950144207297,0.21314909801767296,0.9770196835347037,0.00531943523699694,0.00131464502773793,0.00591943523699694,0.00019947882138738525,two-phase,False,
0.05399728563073785,1.0003394666089196,3110.049816945819,904.5695568359653,1.3885663121573635,1256.054813625537,2992189.095178746,727.8376214907917,640.6975952595475,286.0579040452496,4288033.04012898,358478.8568977447,146.6239502609094,29.94054366515631,67098.68420422504,2.3551193758179485,0.035669253498638524,7676.494774932274,0.79052587322489,8437.265115287555,17.168855832326404,286.0579040452496,0.83174269334824,,,0.0007961435991105769,2.9122499768363964e-05,0.00011852181795118553,4390.000785144464,31469.293148022156,2722389.736590153,295.7666895735992,5793982.400435011,0.07256371415282714,0.04653710595673349,0.07270699925541539,0.2168994270281264,0.9761939553976302,0.005310857060791946,0.0013143826873466967,0.0059108570607919455,0.00019915713977969798,two-phase,False,
0.05415938282937015,1.0003415077922586,3110.0490191927997,907.005130331667,1.3883361912390784,1259.2280480789705,2998573.1728644744,728.7701257953872,641.510716573685,286.0656898147427,4288821.362767552,358160.6937383395,146.8935440847027,29.93479764510759,67205.2700574192,2.3553334741144503,0.03566991971735715,7674.1210967368415,0.7906942848189866,8436.10951658655,17.181947480562936,286.0656898147427,0.8301255920366708,,,0.0007941373300297442,2.9100310111273743e-05,0.00011853805335668801,4397.228517548267,31525.151337480405,2727728.17858099,295.7700976277982,5789837.970596005,0.0728735190561241,0.04646763907924391,0.07302449706875781,0.22066974829367597,0.975348584962323,0.005302127595512382,0.00131411495672461,0.005902127595512382,0.0001988297848317143,two-phase,False,
0.05432500973723553,1.000343599742545,3110.04820160198,909.4929146656407,1.3881033704576637,1262.4701802547402,3005101.0547601543,729.7139158814352,642.3318599510576,286.07350414765625,4289611.564244042,357842.3183375068,147.1643156973204,29.92984081541745,67313.86839407562,2.355548527172256,0.03567060697726792,7671.9310748222,0.7908600926681437,8435.173535742972,17.195183969775723,286.07350414765625,0.8285070894037818,,,0.0007920979169569144,2.9077909307563026e-05,0.00011855120653566018,4404.604542530639,31582.124766921424,2733189.5505531784,295.7735188379561,5785674.5622022515,0.07318305467271326,0.04639698198594142,0.07334199488210023,0.22440423738828197,0.9744961458323905,0.0052932485633026575,0.0013138418454551896,0.005893248563302657,0.00019849682112384965,two-phase,False,
0.054494188146076615,1.0003457431446872,3110.047363905928,912.0331861690921,1.3878679077500224,1265.7815898870847,3011773.6155543304,730.6687731468392,643.1607736591784,286.0813272780158,4290403.699110841,357523.7256255365,147.43618812907258,29.92568744817086,67424.45851757463,2.3557639923923137,0.03567131594547319,7669.9307687545925,0.7910231377270166,8434.463663695244,17.20856169257428,286.0813272780158,0.8268871603658114,,,0.0007900257105881956,2.9055304500884382e-05,0.00011856118419293629,4412.1292845003445,31640.21012644777,2738774.632688735,295.77694455508305,5781512.532065467,0.07349231830226062,0.046325143725599295,0.07365949269544267,0.22816840596359234,0.9736216814143127,0.005284221101265158,0.001313563344610603,0.005884221101265158,0.00019815829129744345,two-phase,False,
0.05466702819662913,1.0003479398204334,3110.046505392921,914.6275457832016,1.3876296570888946,1269.1643077192014,3018594.615109403,731.6352967338307,643.9980026086528,286.0891690776819,4291197.8234600965,357204.9103251774,147.70920986269044,29.92235272068899,67537.10933457401,2.355980142714922,0.03567204721243646,7668.115918884603,0.7911835844703469,8433.976287562613,17.222089324196524,286.0891690776819,0.8252658143989398,,,0.0007879200462208766,2.9032482098296565e-05,0.00011856803551542782,4419.807077605697,31699.443473476338,2744486.4239082574,295.7803791055896,5777342.12176809,0.07380129859201272,0.04625209641872775,0.07397699050878509,0.23192033509746554,0.9727347830566558,0.005275041705959872,0.0013132793008076328,0.005875041705959871,0.00019781406397349522,two-phase,False,
0.05484349114657935,1.0003501897171285,3110.0456260838137,917.2753576901811,1.3873887101647886,1272.6174753717255,3025562.136798405,732.6131333273765,644.8432345470515,286.09702953876246,4291993.992626915,356885.86746395356,147.9833876637615,29.919815273694663,67651.78847754134,2.3561969792983772,0.03567280080005101,7666.487341009208,0.7913413682351242,8433.711895930714,17.23576179785121,286.09702953876246,0.8236430493690595,,,0.0007857820746237236,2.9009451735538326e-05,0.00011857175254972872,4427.63562247529,31759.80860818624,2750323.2393311416,295.7838224908332,5773163.61119011,0.0741099991072701,0.04617787569141743,0.07429448832212751,0.23565222075546793,0.971837450838882,0.005265714854293384,0.0013129898063241655,0.005865714854293384,0.0001974643070360019,two-phase,False,
0.05502367793838689,1.0003524945746884,3110.0447252988924,919.9780808561139,1.387144969198282,1276.1429666322488,3032679.7870277767,733.6026915109051,645.6968135595037,286.1049086533491,4292792.331150951,356566.5917762514,148.25880420237758,29.918080277090816,67768.54628181638,2.3564145033052895,0.03567357743792583,7665.044694834027,0.7914965458879023,8433.670907634138,17.249584770112715,286.1049086533491,0.8220183516589488,,,0.0007836112615493292,2.898620498194942e-05,0.00011857232881766853,4435.618805912221,31821.33479692626,2756288.0230061817,295.7872747121745,5768977.6096133115,0.07441840954539056,0.04610245867170485,0.07461198613546995,0.23940710865092676,0.9709192738469061,0.005256237672089997,0.0013126947248145557,0.005856237672089997,0.0001971089127033749,two-phase,False,
0.05520761692960444,1.0003548552263841,3110.043802712799,922.736083030545,1.3868984343409752,1279.741228864987,3039948.2756299535,734.6039817060878,646.5587419082254,286.112816285028,4293592.866381364,356247.0781071739,148.53543335287813,29.91715292208115,67887.40222407677,2.3566329887575015,0.035674377321050034,7663.788356679577,0.7916491095543017,8433.853900204302,17.263558385491226,286.112816285028,0.8203922405440716,,,0.0007814079733032499,2.896274272285683e-05,0.00011856975610826932,4443.757273965648,31884.031098161522,2762381.2880036533,295.79074009741686,5764774.252703755,0.07472652703481422,0.046025853610373486,0.07492948394881237,0.24312188635986035,0.9699957465746039,0.00524661119617374,0.0013123940400341732,0.00584661119617374,0.00019674791985651528,two-phase,False,
0.055395315686269264,1.0003572722519394,3110.0428580992757,925.5494188586958,1.386649112603688,1283.4122803312696,3047367.3127648053,735.6169939660213,647.4290294908141,286.12074255158365,4294395.685894018,355927.32138151093,148.81331631489766,29.917018520428087,68008.33817372043,2.3568521643308773,0.0356752008873258,7662.715595348371,0.79179911304755,8434.258008804962,17.277682566431896,286.12074255158365,0.8187641916742728,,,0.0007791728467347092,2.8939066224739514e-05,0.00011856407510370774,4452.050740279116,31947.89257004263,2768602.645057845,295.7942143219523,5760563.992047411,0.07503435107881672,0.04594807771898132,0.07524698176215479,0.2468687246769292,0.9690489320856747,0.005236837589412779,0.0013120877703464901,0.005836837589412779,0.00019638140960297922,two-phase,False,
0.055586915392439214,1.000359747971762,3110.041890551795,928.4201435289955,1.3863969927774786,1287.1588950226344,3054943.062512957,736.6417809567502,648.3075606735333,286.12868744505147,4295200.781158628,355607.3160886724,149.09238423274954,29.917723992392872,68131.42705669417,2.3570720312021405,0.03567604909157093,7661.84259415101,0.7919462210593969,8434.901338338792,17.29195691498839,286.12868744505147,0.8171347143753264,,,0.0007769048591179686,2.8915177296481004e-05,0.00011855503222719906,4460.504800843188,32012.961112201618,2774957.517603601,295.7976973871528,5756346.800535738,0.07534186728501653,0.045869093453295685,0.07556447957549722,0.25061381191356974,0.9680871434319072,0.005226912133859692,0.0013117757171589015,0.005826912133859692,0.00019600920501973844,two-phase,False,
0.055782374249862904,1.000362282365048,3110.0409000788272,931.3475680480749,1.3861420363384214,1290.980014512995,3062672.4217964457,737.6785185033091,649.1946313418873,286.1366509574502,4296008.210979351,355287.05718454253,149.37264415754134,29.919246442832893,68256.63350025791,2.3572925905520243,0.03567692195270647,7661.153376768866,0.7920907908120663,8435.7667019285,17.306384925253038,286.1366509574502,0.8155038064898418,,,0.0007746053298720017,2.8891071252576422e-05,0.00011854287053379393,4469.116952367062,32079.219086144527,2781442.872385116,295.8011892943928,5752122.971491807,0.0756490806571329,0.04578893943895861,0.07588197738883964,0.25431404091543613,0.967121692752914,0.0052168396833558095,0.0013114579811590835,0.005816839683355809,0.00019563148812584287,two-phase,False,
0.05598176966046162,1.0003648769677023,3110.039886080477,934.3327876957968,1.3858841466939427,1294.876998203962,3070557.716014534,738.7276145106675,650.0906251758956,286.1446429467405,4296818.17283195,354966.53942898504,149.65430031694424,29.921558724725788,68384.00478267804,2.3575141171463687,0.03567781993483963,7660.643645489189,0.7922329627877562,8436.85015344169,17.32097253674415,286.1446429467405,0.8138704512617503,,,0.0007722741244048922,2.886673937847983e-05,0.0001185276473817737,4477.889935341196,32146.691050085872,2788060.476065099,295.804694372424,5747883.470352858,0.07595598377904507,0.045707605557450175,0.07619947520218207,0.2580519972310144,0.9661310297910344,0.005206618966370415,0.001311134469679617,0.005806618966370415,0.00019524821123889055,two-phase,False,
0.056185190149564704,1.0003675334862172,3110.038847890198,937.3770614265082,1.3856234722796146,1298.8516586890598,3078603.628698183,739.7884747217645,650.9947734945672,286.1526634007186,4297630.559375376,354645.75732759485,149.93712933191085,29.924722258137358,68513.58164891548,2.357736612723117,0.035678743740489335,7660.340303618199,0.7923720951923139,8438.180636292975,17.335709550055473,286.1526634007186,0.8122361810084309,,,0.0007699108618834171,2.8842199885518967e-05,0.00011850895863723957,4486.826951439853,32215.401388842787,2794814.7204090166,295.80821262333285,5743627.815556601,0.07626256806269827,0.04562507796944711,0.07651697301552449,0.26176823444045905,0.9651307639060754,0.005196248243802859,0.0013108050734053245,0.0057962482438028585,0.0001948593091426072,two-phase,False,
0.0563926234171622,1.0003702523310487,3110.037785347968,940.4801371272589,1.3853598322415155,1302.903404997097,3086807.3873591134,740.8618544845503,651.90798885818,286.16070244398696,4298445.639779565,354324.70578126685,150.22132834984086,29.9286845714182,68645.33266560249,2.357959805081252,0.0356796937207903,7660.214239062256,0.7925088944965157,8439.727380132732,17.350608462169134,286.16070244398696,0.8105994485804084,,,0.0007675166064994881,2.8817433180524388e-05,0.0001184872395705598,4495.926752081829,32285.338122541845,2801702.571288382,295.81173972136736,5739367.28982335,0.07656883606879614,0.04554138428686125,0.07683447082886692,0.265472998383424,0.9641182951947933,0.005185730985468314,0.0013104698473104337,0.005785730985468314,0.0001944649119550618,two-phase,False,
0.056604176866034764,1.000373035499288,3110.036697673714,943.6435515974802,1.3850932814148027,1307.0343433680725,3095173.8495151415,741.9475459080113,652.829915012536,286.16876006848327,4299263.299668577,354003.37931685837,150.50675022922854,29.93349678297212,68779.30881263872,2.358183695421503,0.03568067068596906,7660.283452693073,0.7926429547370836,8441.5101184837,17.36566501159244,286.16876006848327,0.8089612754418081,,,0.0007650908371872758,2.8792447606597574e-05,0.00011846221658970471,4505.193323802201,32356.531428153,2808728.377963259,295.8152756679177,5735101.360490623,0.07687477739991065,0.04545650420707985,0.07715196864220934,0.26920024364000694,0.9630842272741056,0.005175064640065219,0.001310128653720879,0.005775064640065219,0.00019406492400244571,two-phase,False,
0.05681989439482621,1.0003758841806387,3110.0355844029186,946.8678889965095,1.3848238031142988,1311.2451910869538,3103704.195849765,743.0456293991892,653.760618104505,286.176855986813,4300083.710619819,353681.7725507132,150.7935667871213,29.93912763002159,68915.54897704213,2.3584088335836007,0.03568167477761933,7660.5479081465855,0.792774287071631,8443.529110124373,17.380880345112,286.176855986813,0.8073211633410426,,,0.0007626338741201043,2.876724251430764e-05,0.00011843389025578548,4514.62784182581,32428.9981251206,2815893.0199593375,295.8188291210166,5730810.92500742,0.07718038878594055,0.04537044374418415,0.07746946645555176,0.27289080099770147,0.9620450149191735,0.0051642499633453125,0.0013097814588540558,0.005764249963345312,0.0001936593736254492,two-phase,False,
0.05703979263640177,1.0003787992235103,3110.0344452044624,950.1533240919292,1.384548930098736,1315.533768301238,3112392.064551661,744.1567007124117,654.7013725740485,286.1849704645495,4300906.897966295,353359.8808394152,151.081700569291,29.945587422279026,69054.02493673518,2.3586346728858856,0.03568270667850393,7660.959938578586,0.7929047027256215,8445.735513359487,17.39634815121145,286.1849704645495,0.8056790928147637,,,0.0007601477241373363,2.87416643800142e-05,0.00011840295003534001,4524.230272304287,32502.73156177471,2823189.3932699887,295.8223914263732,5726516.063390231,0.07748567025531447,0.04528322017353706,0.0777869642688942,0.2765956430999077,0.9609863943980417,0.0051532891261947215,0.001309428273636806,0.005753289126194721,0.00019324834223230204,two-phase,False,
0.05726399966948744,1.0003817829779293,3110.0332791604155,953.5016942274029,1.3842734444711422,1319.907074577237,3121254.3015019484,745.2802131147027,655.6502486430616,286.1931133510731,4301732.96629268,353037.697996006,151.37120317299977,29.95289281909297,69194.81113950134,2.358861489235874,0.0356837671579746,7661.604963273164,0.7930308675613161,8448.217677634419,17.411890766114833,286.1931133510731,0.8040350689546903,,,0.0007576290931846832,2.8716008313872883e-05,0.00011836816215654252,4534.005424538008,32577.771725721774,2830634.6214697836,295.8259669141874,5722207.328317061,0.07779060937828233,0.04519480717101778,0.07810446208223662,0.28031162292859996,0.9599090550938325,0.005142178820626867,0.0013090689311631733,0.0057421788206268665,0.0001928317057735075,two-phase,False,
0.05749253021914707,1.0003848363158783,3110.032085930494,956.913140648005,1.3839949651741048,1324.362968765779,3130285.0380710172,746.4164368246893,656.6081534535806,286.2012846339752,4302561.9427361945,352715.2186396124,151.6620833093106,29.961035978543777,69337.90293672588,2.3590892844166915,0.03568485655659818,7662.444870853886,0.7931543510482114,8450.936798354893,17.42759643415056,286.2012846339752,0.8023890885709043,,,0.000755080007206737,2.8690129582081442e-05,0.00011833007675488304,4543.953134611158,32654.118353816102,2838222.212115834,295.82955558658404,5717884.874114811,0.07809520676967441,0.045105223967888415,0.07842195989557904,0.2839812040625544,0.9588298471257461,0.005130921463313416,0.0013087034477474292,0.005730921463313416,0.0001924095548742531,two-phase,False,
0.057725422663479534,1.0003879604434365,3110.0308650438697,960.3881560136955,1.383713488077459,1328.9020452659895,3139485.1798671996,747.565406396157,657.5751127711367,286.20948430080887,4303393.932823018,352392.4373663007,151.95434976492902,29.970015739158363,69483.30914216732,2.359318060220956,0.03568597534313129,7663.479279122799,0.7932751655676362,8453.892711608461,17.44346558612818,286.20948430080887,0.8007411484655842,,,0.000752500911231454,2.8664028803864654e-05,0.00011828870250823625,4554.074254088498,32731.778678466104,2845952.798760772,295.83315744569524,5713549.225730826,0.07839946062059432,0.04501448079777748,0.07873945770892148,0.2876800988315519,0.9577265584373592,0.005119518340250057,0.0013083318025798908,0.005719518340250057,0.00019198193775937718,two-phase,False,
0.0579628176079841,1.0003911579679694,3110.0296154821303,963.92875522513,1.3834288863393316,1333.5268843515598,3148859.6474511637,748.7276541929682,658.5515713337829,286.217712339088,4304229.005503292,352069.3485119886,152.2480114030185,29.97985987407169,69631.09720404232,2.3595478184491716,0.035687124545524355,7664.708202106309,0.7933933776073556,8457.086486716827,17.45950560066061,286.217712339088,0.7990912454329745,,,0.0007498911433542336,2.863769521521169e-05,0.00011824403138961105,4564.374047968563,32810.792487537656,2853830.382958533,295.83677249366013,5709200.73402027,0.0787033573843745,0.04492254883227679,0.0790569555222639,0.291384244329262,0.9566060956091933,0.005107965828752176,0.0013079538131686849,0.005707965828752176,0.00019154871857820658,two-phase,False,
0.05820471772723259,1.0003944296723974,3110.0283369398717,967.5348925471467,1.3831412766396016,1338.2374464710203,3158408.4755810136,749.9027225282821,659.5370496774472,286.2259687362885,4305067.190390889,351745.9466054856,152.5430771640346,29.990556431301687,69781.25438490185,2.35977856091067,0.0356883044495431,7666.140112539005,0.793508752848624,8460.526988961366,17.47570939240693,286.2259687362885,0.797439376259366,,,0.0007472515454092512,2.861114182965565e-05,0.00011819594704971945,4574.851763892388,32891.15524394832,2861855.052058311,295.84040073262537,5704839.56323174,0.07900689978230535,0.04482945354160214,0.07937445333560632,0.29503780671185126,0.9554855794885971,0.005096267129501486,0.0013075695182789347,0.005696267129501486,0.00019111001735630574,two-phase,False,
0.05845117518339744,1.000397777027971,3110.027028842722,971.2072582672462,1.3828505699737823,1343.0345106575357,3168132.504767634,751.0909928531855,660.5319517500798,286.23426333018784,4305908.635594284,351422.22616088507,152.839599800661,30.00209883610902,69933.80915484155,2.3600105650577445,0.03568951544340784,7667.766278631075,0.7936215228442212,8464.205371243388,17.492082878619357,286.23426333018784,0.7957855439163473,,,0.0007445825048162094,2.8584360334305985e-05,0.00011814458134456873,4585.50877929078,32972.88185013838,2870027.1934356084,295.8440464947499,5700456.513774281,0.0793100850343495,0.04473520158291708,0.07969195114894874,0.29872443680659294,0.9543394107206219,0.005084423079061827,0.0013071788787417007,0.005684423079061827,0.00019066586546481854,two-phase,False,
0.05870233405764668,1.0004012027887583,3110.025690115035,974.9479088473154,1.3825566560007614,1347.9207206308795,3178036.837236087,752.2929328437904,661.5366484135327,286.2425764060569,4306753.334549367,351098.1814376629,153.13750104123008,30.014531922274248,70088.80346069172,2.3602432816390944,0.03569075893088798,7669.588186726651,0.7937317148039288,8468.124263824719,17.50863236186287,286.2425764060569,0.7941297325258543,,,0.0007418833946939854,2.8557341868065897e-05,0.00011808990619940896,4596.350413499306,33056.0051540172,2878350.9812170775,295.8477011224279,5696071.4296350675,0.07961289957956706,0.04463976531736208,0.08000944896229117,0.30241616340591476,0.9531759880058074,0.005072430204231682,0.0013067817113235018,0.005672430204231682,0.00019021613265868807,two-phase,False,
0.05895820397336858,1.0004047079117384,3110.0243203834734,978.7568943626336,1.3822596429090779,1352.896155296492,3188121.7080039843,753.5081195481653,662.5506929089295,286.25092765047884,4307601.431651423,350773.8068796496,153.43695862225786,30.02781199315944,70246.25329095197,2.360477263952527,0.0356920349100329,7671.614298385317,0.7938391003964821,8472.292577207203,17.52535128686651,286.25092765047884,0.792471438233561,,,0.0007391550312897788,2.8530098587792633e-05,0.00011803180672611272,4607.376146311343,33140.52985390936,2886826.6596357683,295.85137327808445,5691665.174504784,0.07991534609681004,0.04454316912440827,0.0803269467756336,0.30605892490785364,0.9520125705494905,0.005060291568625745,0.0013063780471749913,0.005660291568625745,0.00018976093382346547,two-phase,False,
0.05921884204094681,1.0004082940264798,3110.0229190118953,982.6349698670958,1.3819594612574861,1357.961693570298,3198388.252298456,754.7368550218403,663.5743958989208,286.25931704640084,4308453.006358641,350449.09690151236,153.73790171815125,30.041957360747396,70406.17570953739,2.360712514421645,0.03569334397892597,7673.838301358646,0.7939438505907402,8476.70403744612,17.542244269573143,286.25931704640084,0.7908111696010353,,,0.0007363977973272873,2.8502624425726717e-05,0.00011797038041937846,4618.587488147474,33226.4682215637,2895454.9037786247,295.8550629646327,5687238.1623871485,0.08021742188470805,0.04444541972517365,0.08064444458897602,0.3097266716172991,0.9508256353763658,0.005048008016844612,0.0013059678433124612,0.005648008016844612,0.00018930030063167295,two-phase,False,
0.059484385761221475,1.0004119639056719,3110.0214849174877,986.584082845395,1.3816560344320494,1363.119851537949,3208841.3993507545,755.9794718616599,664.6079889272588,286.2677347321858,4309308.167681296,350124.0456787484,154.04037744495042,30.056985384320733,70568.62004661841,2.3609487590776617,0.03569468735613816,7676.264295874306,0.7940459217325884,8481.363967409794,17.55931553422687,286.2677347321858,0.7891484045531177,,,0.0007336112073136808,2.8474914015036226e-05,0.0001179055637563211,4629.989373458124,33313.854068429224,2904239.7849696483,295.85876585401076,5682800.845194742,0.08051911467146078,0.04434649454591979,0.08096194240231845,0.3134053778643935,0.9496194338395127,0.0050355767121886535,0.0013055509319183467,0.005635576712188653,0.0001888341267070745,two-phase,False,
0.05975487280503548,1.0004157189834637,3110.02001754055,990.6046919763097,1.3813493707457536,1368.3711679192666,3219481.87509036,757.2359553143069,665.6514532691832,286.27619053809553,4310166.917852764,349798.64754803886,154.3443584838423,30.07289969989125,70733.60415813289,2.361186276388663,0.0356960653758237,7678.8922446506,0.7941453145591632,8486.272541634913,17.576564829189806,286.27619053809553,0.7874836574445259,,,0.0007307958713574706,2.8446969294571058e-05,0.00011783736559176617,4641.582411928649,33402.69682768788,2913181.7627980337,295.86248627964966,5678343.360185772,0.08082042454741709,0.044246409184081986,0.08127944021566087,0.31704282387605337,0.9484112229558957,0.0050229996146893925,0.0013051273038131792,0.005622999614689392,0.00018836248555085223,two-phase,False,
0.060030355423015005,1.0004195609242788,3110.018516231429,994.6974701423743,1.3810394948897713,1373.7164917335579,3230311.2165175723,758.5062238798323,666.704674225731,286.2846746053161,4311029.333525013,349472.896807169,154.6498103250313,30.089709179289944,70901.12770652554,2.3614247920195552,0.03569747878815894,7681.7256089089515,0.7942419484243787,8491.433730457902,17.593990671666425,286.2846746053161,0.7858169195931425,,,0.000727952241978294,2.841879419688485e-05,0.00011776574271705171,4653.367817312543,33493.002882505985,2922282.0532252737,295.8662199130126,5673875.993715744,0.08112135013656703,0.04414517424532221,0.0815969380290033,0.32068475678450314,0.9471859831976316,0.00501027805709362,0.0013046969280216267,0.0056102780570936196,0.00018788542714101076,two-phase,False,
0.06031095333760763,1.000423492370809,3110.016979958238,998.86408904634,1.3807263457658387,1379.1579635856765,3241333.504612697,759.7905445573615,667.7678395187858,286.2932066011465,4311895.607662137,349146.7875695846,154.95691398234007,30.10739913579313,71071.26740054858,2.3616648618478875,0.0356989282322742,7684.767827112324,0.7943357872382514,8496.852018237616,17.611596525302772,286.2932066011465,0.7841476833116504,,,0.0007250801042399069,2.8390384669649033e-05,0.00011769064564777676,4665.349658117076,33584.81108553869,2931543.985904958,295.8699754197832,5669379.9095557155,0.08142188197493663,0.04404277628380491,0.08191443584234573,0.32434982301376525,0.9459372031540673,0.004997410349747807,0.0013042596697398917,0.005597410349747807,0.00018740288811554276,two-phase,False,
0.0605967557312714,1.000427515584108,3110.015407838272,1003.1057622995246,1.380409862352013,1384.6970872603977,3252551.2875665454,761.0891932235877,668.8411917371045,286.3017668265586,4312765.780510728,348820.31396919803,155.2655916251319,30.12599641632777,71244.02947285381,2.3619059345695237,0.03570041484411115,7688.016697826462,0.7944269120466398,8502.525689547245,17.629386193494486,286.3017668265586,0.782475935322012,,,0.000722179608233657,2.8361736166657217e-05,0.00011761211156696305,4677.530656877734,33678.13523664785,2940969.4862892083,295.8737441397121,5664875.101910507,0.08172201459246892,0.04393921405122811,0.08223193365568815,0.3279877141859828,0.9446819884718105,0.004984396335785702,0.0013038154438367998,0.0055843963357857015,0.00018691486259196383,two-phase,False,
0.06088779908786041,1.0004316321205184,3110.0137992642426,1007.4229179364742,1.380090057210588,1390.3343524502063,3263965.1430785726,762.4021349718087,669.9246968099492,286.31036510567844,4313639.857601297,348493.4702450057,155.57581547582225,30.1455033101096,71419.42929088607,2.3621482894864645,0.035701938966329026,7691.47194313864,0.7945153276003181,8508.454646566153,17.647359225964937,286.31036510567844,0.7808021891759709,,,0.0007192514507303121,2.833285102874425e-05,0.00011753015577318504,4689.9112603994,33772.983723960635,2950558.8692892785,295.8775304072701,5660351.745019043,0.08202174939631103,0.0438345060439229,0.08254943146903057,0.33159657994433833,0.9434212782046089,0.004971238339524819,0.0013033642485704524,0.005571238339524819,0.0001864214377321807,two-phase,False,
0.06118417287780006,1.0004358443202699,3110.012153322596,1011.8167668681767,1.3797669112538127,1396.0712951765233,3275577.9048972987,763.7294697558336,671.0183998917229,286.3190014209941,4314517.996362813,348166.2505140388,155.88767920758977,30.165912840721088,71597.49849150688,2.362391929117074,0.035703501412667614,7695.136554069668,0.7946009863378579,8514.642648048051,17.665516694491803,286.3190014209941,0.7791259274318638,,,0.0007162957962498305,2.8303729160432795e-05,0.00011744474094039004,4702.494143918442,33869.377645788816,2960314.4035007185,295.8813342254551,5655810.613440804,0.0823210814798642,0.0437286521997971,0.082866929282373,0.3352473668384388,0.9421301412373416,0.004957936353162425,0.0013029060013297618,0.005557936353162425,0.00018592261324359093,two-phase,False,
0.06148604391290036,1.0004401556752338,3110.0104686498244,1016.2896614772294,1.3794402572315676,1401.910872049932,3287394.8626281307,765.0719078830007,672.1229349059236,286.32767575492323,4315400.357820461,347838.64870039944,156.20127786831384,30.18723844230766,71778.31135473237,2.3626368559941513,0.03570510345058849,7699.006574751767,0.7946840599558281,8521.086728391972,17.68386867189418,286.32767575492323,0.7774466323349586,,,0.0007133121084493472,2.827435609690282e-05,0.00011735592323782292,4715.285220003944,33967.362083108834,2970240.2367116143,295.8851555972776,5651252.496803288,0.08261999638413117,0.043621625977139,0.08318442709571543,0.33889174750067097,0.9408253735289783,0.0049444870413686585,0.001302440502221319,0.005544487041368658,0.00018541826405132472,two-phase,False,
0.061793420769949446,1.0004445674680535,3110.0087447457395,1020.841604666042,1.3791102986244692,1407.8531702592675,3299416.693473677,766.4286305879095,673.2374179364608,286.3363979223905,4316286.839058198,347510.6588881875,156.51641637431007,30.209506215708426,71961.8660884824,2.362883350663249,0.03570674527607098,7703.099800759129,0.7947640818431504,8527.805621586856,17.702402402542326,286.3363979223905,0.7757658427741407,,,0.0007103013447175333,2.8244753939623056e-05,0.00011726346077455735,4728.283653320128,34066.93611560209,2980337.170183888,295.88899885876594,5646667.094969638,0.08291849998358371,0.043513457960344004,0.08350192490905785,0.3424860546197454,0.9395229121160381,0.004930894247491997,0.001301967797500074,0.005530894247491997,0.0001849085342809499,two-phase,False,
0.06210639631410862,1.0004490822239356,3110.006980624671,1025.4738448496062,1.3787768819785458,1413.899630352291,3311645.1650304655,767.8002964024486,674.3625314964373,286.34515807005346,4317177.7153486,347182.27511214,156.8333128387617,30.232685049663893,72148.18107782639,2.363131138095977,0.03570842790127633,7707.402808537618,0.7948414144590358,8534.785790097523,17.72112789920454,286.34515807005346,0.7740820105944581,,,0.0007072637820485442,2.8214908376257692e-05,0.00011716755693625598,4741.492152349691,34168.117366909864,2990606.1937079006,295.8928596804665,5642065.594714889,0.08321658781845229,0.04340414937925552,0.08381942272240027,0.3460958046350553,0.9381991760889655,0.004917158126079121,0.0013014878048270833,0.0055171581260791205,0.00018439342972796703,two-phase,False,
0.06242510141479933,1.0004537030692404,3110.0051750661137,1030.18818792234,1.378439990003596,1420.052595461493,3324084.935217583,769.18699280906,675.4982565511905,286.3539561800998,4318073.040095784,346853.49123280856,157.15189503587428,30.256809724616975,72337.30838770945,2.363380220872007,0.035710152402792295,7711.923802763266,0.7949159021745055,8542.03680240906,17.740045751435648,286.3539561800998,0.7723956448170693,,,0.0007041992692355292,2.818482020879436e-05,0.00011706809782392601,4754.914985963427,34270.93888606712,3001051.192741473,295.89673806543226,5637448.277885937,0.0835142508456956,0.04329368919563014,0.0841369205357427,0.34972698937913693,0.93685166002938,0.004903277290023454,0.0013010003857434468,0.005503277290023454,0.00018387289837587954,two-phase,False,
0.06274964588895786,1.0004584328841555,3110.003326945821,1034.986122741521,1.3780995539631138,1426.3139141081026,3336739.1616219967,770.5890306837568,676.6448598638306,286.36280206263814,4318972.86238198,346524.30110756995,157.4722199276821,30.281883936019725,72529.30094908715,2.3636308801994237,0.035711919579830935,7716.661628388707,0.7949876100402302,8549.558184716025,17.759160214516783,286.36280206263814,0.770706743263439,,,0.0007011079329092266,2.815448444410606e-05,0.00011696510841784689,4768.555486997441,34375.43074183319,3011674.579683045,295.9006383505089,5632805.57300099,0.08381148301088197,0.043182074835844846,0.08445441834908513,0.3533341322576136,0.9354971891896625,0.00488925141591399,0.0013005054364440562,0.0054892514159139896,0.00018334692809677462,two-phase,False,
0.06308008251384756,1.0004632737677643,3110.0014354448194,1039.868290393102,1.3777555624857303,1432.6843213416228,3349608.719407844,772.0064776503928,677.8024131529421,286.3716858686418,4319877.315395116,346194.69871223427,157.7942542463962,30.307913149704135,72724.15264974667,2.36388284048894,0.03571373022345052,7721.613609200576,0.7950566061082098,8557.347407667838,17.778472390108348,286.3716858686418,0.7690152987619246,,,0.0006979904680352474,2.8123901144520822e-05,0.00011685864232927448,4782.414553222109,34481.59724502861,3022476.830857733,295.904556205517,5628147.978703316,0.08410828597015602,0.04306932413322565,0.08477191616242755,0.3569111453203555,0.9341383379061755,0.004875082744752568,0.0013000029419923697,0.005475082744752568,0.0001828156029282213,two-phase,False,
0.0634165142615444,1.0004682286007174,3109.9994994388157,1044.836069581967,1.3774080479344668,1439.165611014418,3362697.1962178154,773.4392241779533,678.9707168385204,286.3806174049677,4320786.450440081,345864.67786334193,158.11805539647335,30.33489846348319,72921.91141440194,2.3641363833976343,0.03571558510020936,7726.789241393377,0.795122684458044,8565.415177483263,17.79797993491825,286.3806174049677,0.7673213085689056,,,0.0006948470644008334,2.809307583379387e-05,0.0001167485731023053,4796.495155695429,34589.46588959845,3033460.956580731,295.90849596785444,5623465.944642406,0.08440465527301161,0.042955438391478924,0.08508941397576998,0.36050820590340454,0.9327560417795794,0.004860771440367762,0.001299492812716274,0.005460771440367762,0.00018227892901379107,two-phase,False,
0.06375909272087942,1.0004733010425446,3109.9975174992633,1049.891551042378,1.3770569112050726,1445.76041637872,3376009.337027064,774.887703465794,680.1501260155705,286.38959664883475,4321700.48407805,345534.23223356646,158.44372183872903,30.362845523422067,73122.63773395719,2.364391512196862,0.03571748543470919,7732.1886621865015,0.7951858993188725,8573.76269393106,17.81768875608451,286.38959664883475,0.7656242534862319,,,0.0006916775343073495,2.8062001017346116e-05,0.00011663490531500835,4810.802250345385,34699.07504131636,3044630.700786029,295.9124576414195,5618760.530082339,0.08470058047183779,0.042840403581008844,0.0854069117891124,0.3641186232133271,0.931352579976687,0.004846315739748567,0.0012989748877087939,0.005446315739748566,0.00018173684024057126,two-phase,False,
0.06410791483387078,1.000478494011355,3109.9954884873937,1055.0360128411721,1.3767022040481165,1452.4704042285787,3389548.503276045,776.3517230736211,681.3403596676003,286.3986235773494,4322619.355236884,345203.3554795755,158.77109416421774,30.39179444220585,73326.36112539492,2.364648230180634,0.035719432132499764,7737.822102246359,0.7952460210591739,8582.40138616668,17.837595324209687,286.3986235773494,0.7639251560673557,,,0.0006884821866860067,2.8030684120375012e-05,0.000116517505416587,4825.3384572030145,34810.44581339361,3055988.894618692,295.9164412301308,5614031.496951086,0.0849960585891646,0.04272422524420143,0.08572440960245482,0.3676999038084761,0.9299445041179809,0.0048317163393717475,0.0012984490913548242,0.005431716339371747,0.00018118936272644055,two-phase,False,
0.06446305754755334,1.0004838101835718,3109.9934113589484,1060.270433261347,1.3763437601545665,1459.2965948956337,3403315.2082946687,777.8319986626707,682.5422040059938,286.4076981675057,4323543.401928309,344872.0414221133,159.1004443201266,30.42169708948596,73533.09946390543,2.3649065406650305,0.03572142598171789,7743.671060970015,0.7953035236702424,8591.31218849758,17.857710894207518,286.4076981675057,0.762222468945486,,,0.0006852616551685425,2.7999109346214376e-05,0.0001163966549066676,4840.1055239095185,34923.592894631394,3067535.309113157,295.9204467379272,5609280.468147463,0.08529108966930629,0.042606916341559935,0.08604190741579726,0.37125859991609,0.9285295105640664,0.004816974867902181,0.001297915380131052,0.00541697486790218,0.00018063655754633177,two-phase,False,
0.06482463516756114,1.0004892528526688,3109.991284828662,1065.596336226217,1.3759816591742515,1466.2410147305538,3417313.7676895107,779.3282264654372,683.7552305196302,286.4168203961859,4324472.484543983,344540.28369602753,159.43152567959183,30.452614005015633,73742.89036284812,2.3651664469879763,0.03572346799819223,7749.750839611088,0.7953580592838874,8600.512008461066,17.878029949104207,286.4168203961859,0.7605177289050631,,,0.0006820161146452219,2.796728730309868e-05,0.00011627214740427241,4855.106711751348,35038.542239486924,3079273.677463898,295.9244741687682,5604506.838004503,0.08558566927399401,0.042488478254089766,0.08635940522913968,0.37482860059251016,0.9270941269244781,0.004802091498882119,0.001297373656355175,0.005402091498882119,0.0001800784312080795,two-phase,False,
0.06519279584498815,1.0004948258929895,3109.98910738441,1071.0157377752473,1.375615836145454,1473.3062096446372,3431548.816246038,780.8406969709831,684.9796463335642,286.42600005718464,4325406.867175146,344208.07581091963,159.76457106787578,30.484522321250115,73955.80264840288,2.365428232602515,0.035725559250255716,7756.064245988214,0.7954096112552753,8610.004821951645,17.89855626152799,286.42600005718464,0.7588099026670971,,,0.0006787455272052379,2.7935214030347457e-05,0.0001161439535376855,4870.34663286361,35155.333871659495,3091207.6859924607,295.92852786226933,5599702.093530538,0.08587978889646739,0.042368902421421425,0.0866769030424821,0.3784170307764429,0.9256352147678591,0.00478706515658381,0.0012968237742945238,0.00538706515658381,0.0001795149433718929,two-phase,False,
0.0655676750916021,1.0005005330665306,3109.986877558067,1076.5304607450253,1.3752462329071262,1480.494460749369,3446024.3665143996,782.3696808208665,686.2156556429463,286.4352273069381,4326346.655792734,343875.41123812646,160.09954868377994,30.51744590425946,74171.86995872812,2.3656916212328407,0.03572770105449864,7762.612266331289,0.7954581972927253,8619.792571781625,17.91929334283195,286.4352273069381,0.7570989837806151,,,0.0006754500111360354,2.7902886036519367e-05,0.00011601207241038167,4885.829316253608,35273.99559355476,3103340.4568402735,295.9326034873367,5594876.572436349,0.08617344209571193,0.04224818570426347,0.08699440085582452,0.3819845127845922,0.924168724850997,0.0047718954465122525,0.001296265610079493,0.005371895446512252,0.00017894607924420948,two-phase,False,
0.06594935065661602,1.0005063773266838,3109.9845941975404,1082.1414721100289,1.374872836810192,1487.8069155898725,3460742.0525388136,783.9152526212315,687.4633208211194,286.44450212196983,4327291.875740822,343542.28354987607,160.43638450596436,30.551401237314778,74391.10737465661,2.3659566162885795,0.03572989421895421,7769.393691449039,0.7955038582125576,8629.874437725864,17.9402422945291,286.44450212196983,0.7553854810799917,,,0.000672130227062111,2.7870303633105094e-05,0.00011587654110336268,4901.556356105829,35394.54115610879,3115673.080153518,295.936701047995,5590030.435480956,0.08646663051190476,0.04212634453937374,0.08731189866916696,0.3855238199644947,0.9226978835133328,0.004756584434171358,0.0012956991282983403,0.005356584434171358,0.00017837191628142593,two-phase,False,
0.06633794959118022,1.000512362448071,3109.9822558299825,1087.850458086978,1.374495640422672,1495.245712072358,3475705.8073310223,785.4774742621312,688.7226234021907,286.45383429089065,4328242.761508801,343208.686185057,160.77522670648978,30.586374755177108,74613.56967812989,2.366223501948303,0.03573213969870036,7776.414166862025,0.7955464912482966,8640.257214609212,17.961403363446607,286.45383429089065,0.7536688741987023,,,0.0006687864020783816,2.7837468480751006e-05,0.0001157372952172268,4917.531335393255,35517.00315907038,3128208.7105315467,295.94082488474226,5585155.04591138,0.0867593497225448,0.04200338038880868,0.08762939648250938,0.38905846921054704,0.9212130630508589,0.004741132303288554,0.0012951242224984718,0.005341132303288554,0.00017779246137332078,two-phase,False,
0.06673360238347724,1.000518492337787,3109.9798609309064,1093.6591484987005,1.3741145452166414,1502.812943461311,3490918.871708397,787.0567806518416,689.993970945892,286.46321397455426,4329199.3378615705,342874.6125819682,161.11604357645396,30.622387526720676,74839.28502475898,2.3664920013619133,0.03573443878939814,7783.668531981509,0.795586261635051,8650.9362951889,17.98278291285868,286.46321397455426,0.7519491574414475,,,0.0006654188096735303,2.7804372794962255e-05,0.00011559442421927629,4933.757923170188,35641.40685410885,3140949.654724479,295.9449706657415,5580260.341225917,0.08705159530778887,0.04187929473389767,0.0879468942958518,0.3926167126605486,0.9197021892654297,0.004725539240013181,0.0012945407838959636,0.005325539240013181,0.0001772077215004943,two-phase,False,
0.06713650108097732,1.0005247719477022,3109.977407567769,1099.5701689214088,1.373729546788125,1510.512029814149,3506388.118223879,788.6532148334027,691.2772416400283,286.47266076700095,4330161.723061026,342540.05591071805,161.45885368540291,30.65946607915046,75068.35499183014,2.366762680391605,0.035736792704510724,7791.170947560298,0.7956228910221967,8661.927962034866,18.004380358082283,286.47266076700095,0.7502268377658398,,,0.0006620271671209652,2.7771019610544205e-05,0.00011544773916188046,4950.242247746128,35767.80797816733,3153901.689937253,295.9491470690941,5575327.399605458,0.08734335511004564,0.04175407112533964,0.08826439210919423,0.39617628364465035,0.9181744672324065,0.004709803177265105,0.0012939486161910457,0.005309803177265105,0.00017661761914744144,two-phase,False,
0.06754673906462919,1.0005312047859143,3109.9748943722343,1105.5846891574715,1.3733406284382972,1518.3443717992814,3522115.6118464856,790.2668773611276,692.5725160520179,286.4821550198413,4331130.157487641,342205.0094866331,161.80375717237317,30.697595784308966,75300.77180539348,2.3670349810567557,0.03573920267647526,7798.919984324462,0.7956564280766034,8673.231255462895,18.02619703251012,286.4821550198413,0.748500881192946,,,0.00065861211631125,2.7737409010799868e-05,0.00011529728316308217,4966.986334059994,35896.21563338094,3167066.2320953785,295.9533454260127,5570376.912314827,0.08763463061415111,0.041627725158450354,0.08858188992253666,0.3997019723622933,0.9166451512388492,0.004693926074809502,0.0012933476714157316,0.0052939260748095015,0.00017602222780535633,two-phase,False,
0.06796444371234715,1.000537794971541,3109.9723197373723,1111.704371089551,1.3729477269470123,1526.3119893244568,3538104.5324959164,791.8980614974985,693.8800522413412,286.4917163202457,4332104.635166069,341869.46658058756,162.150683748543,30.736802533832716,75536.60055396952,2.3673094701730957,0.03574166952681476,7806.913717705228,0.7956869551777321,8684.844951430296,18.04823705024216,286.4917163202457,0.7467723082999765,,,0.0006551740450146096,2.770353683897848e-05,0.0001151431033705802,4983.993547104924,36026.665214893816,3180445.5881355065,295.957574415767,5565389.404928733,0.08792541929045683,0.04150026276706996,0.08889938773587908,0.4032158396621954,0.9151049047215902,0.004677908678314716,0.0012927378541767775,0.005277908678314716,0.00017542157543680185,two-phase,False,
0.06838976033636453,1.0005445469973648,3109.9696819104215,1117.9311317649272,1.3725507936387584,1534.4172621374262,3554358.957499017,793.5469948065015,695.2000124726919,286.5013250260822,4333085.402972286,341533.4203971557,162.49973485838768,30.777083591216286,75775.8591339545,2.36758558892668,0.03574419481455983,7815.153260263793,0.7957144849257832,8696.771158491523,18.070503401084505,286.5013250260822,0.7450400858259044,,,0.0006517132103995044,2.766940073014194e-05,0.00011498520333303246,5001.2679232870805,36159.18083304956,3194042.879663905,295.96182536851245,5560385.568842897,0.08821571674001868,0.04137168551867919,0.08921688554922151,0.40672471880339295,0.9135507665774797,0.004661751184756187,0.0012921190458332788,0.005261751184756187,0.00017481566942835703,two-phase,False,
0.06882283826067703,1.0005514655179897,3109.9669790755543,1124.2669386643927,1.372149915155771,1542.662784500785,3570884.283086666,795.2133472620885,696.5319161896095,286.51101051986905,4334072.502738184,341196.86397625605,162.85088661767892,30.818460383073226,76018.63640154983,2.3678641871968575,0.0357467793542206,7823.656526136396,0.7957386203533612,8709.02979264893,18.092989959093476,286.51101051986905,0.7433052314024348,,,0.0006482298076073743,2.7635012296500043e-05,0.00011482335275096596,5018.8135975752875,36293.80794340662,3207862.7344954205,295.96611130283264,5555336.446963028,0.08850551856772268,0.04124199500127524,0.08953438336256393,0.410246516981524,0.9119746681265484,0.004645453793687527,0.001291491125117927,0.005245453793687527,0.00017420451726328227,two-phase,False,
0.0692638695375245,1.0005585559789345,3109.964209108132,1130.7143752313787,1.3717448564446408,1551.0516283316592,3587684.9085412314,796.8981299343432,697.8767682974653,286.5207433601481,4335066.144533333,340859.7903435067,163.20419495471197,30.860949164719262,76264.95845463715,2.3681444236888423,0.035749425162426164,7832.407661924696,0.7957598143099889,8721.605351685139,18.115711848609262,286.5207433601481,0.7415667140667316,,,0.0006447238645921923,2.7600350688862654e-05,0.0001146577905874617,5036.636363966298,36430.57971735011,3221908.081497929,295.97041921025163,5550272.271959472,0.08879481520639995,0.04111118143109275,0.08985188117590635,0.4137751684844216,0.9103791023225921,0.00462901527564452,0.00129085391240775,0.005229015275644519,0.0001735880728366695,two-phase,False,
0.06971300002547176,1.000565823198236,3109.961370128831,1137.2753398222835,1.3713356572361846,1559.5862255936963,3604765.4746704977,798.60120580175,699.2343220091911,286.5305431200889,4336066.371367425,340522.19248184474,163.55967970046368,30.904560844991302,76514.8959418422,2.3684268671700828,0.03575213319776056,7841.417730521388,0.7957778340425926,8734.510462621993,18.138666208934925,286.5305431200889,0.739825037584694,,,0.0006411957117788241,2.7565422630342304e-05,0.00011448838538568907,5054.740073090268,36569.53558558158,3236182.729234186,295.9747577724215,5545173.84570935,0.08908360386280648,0.04097925023949258,0.09016937898924877,0.4172798482912811,0.9087780412234912,0.0046124363131521025,0.0012902072986413313,0.005212436313152102,0.00017296636174320384,two-phase,False,
0.07017036451530441,1.0005732719193847,3109.958460287629,1143.9515606373927,1.370922344373754,1568.268755359029,3622129.9224037896,800.3224938587987,700.6044121208936,286.54040976470077,4337073.360314232,340184.0633261165,163.91735728515474,30.949303662275142,76768.48457212142,2.368711522715195,0.03575490465903787,7850.694080495598,0.7957925299483337,8747.75373322094,18.161851187250257,286.54040976470077,0.7380801944816137,,,0.0006376458094843997,2.753023328101066e-05,0.00011431506081410892,5073.128066135902,36710.70302215695,3250689.8122440786,295.9791269953379,5540042.059415992,0.08937188382622477,0.040846211223615064,0.09048687680259121,0.420766460164655,0.9071689952817533,0.004595718137355238,0.0012895511938538931,0.005195718137355238,0.00017233943015082143,two-phase,False,
0.07063612965533211,1.0005809075141299,3109.9554774892677,1150.7452220683135,1.3705048400072817,1577.101896459878,3639782.622336848,802.0623537113611,701.9873402305911,286.55034325877,4338087.334578748,339845.39574654977,164.2773365656473,30.995175633396475,77025.77558498441,2.368998395441812,0.03575774095058799,7860.235372759036,0.7958039818828415,8761.334808569618,18.185271706389845,286.55034325877,0.7363316618934415,,,0.0006340744388455184,2.7494777536060274e-05,0.00011413785933872566,5091.804899438823,36854.11862711099,3265432.578750698,295.9835268850368,5534878.014984869,0.08965965072873204,0.04071206606330812,0.09080437461593363,0.424247731719814,0.9055461678625738,0.004578860959349841,0.001288885465659202,0.00517886095934984,0.00017170728597561903,two-phase,False,
0.07111046679239584,1.000588735552968,3109.952419561059,1157.6585670887148,1.370083045259631,1586.0883749678073,3657727.8732366078,803.8212285353075,703.3835024302223,286.5603435668601,4339108.344122521,339506.1825979549,164.63954284417719,31.042209875016244,77286.821368802,2.3692874905096755,0.0357606435102371,7870.038111319187,0.7958123240310151,8775.25107580608,18.208934108133946,286.5603435668601,0.7345799474761453,,,0.0006304818922970146,2.7459048235923355e-05,0.00011395685335512086,5110.775242695677,36999.81993017479,3280414.145935112,295.9879574475943,5529682.013558167,0.08994690020768877,0.04057681646032691,0.09112187242927605,0.42772359440102875,0.9039095788809101,0.004561864992984773,0.001288209978701312,0.005161864992984773,0.000171069937236929,two-phase,False,
0.07159355212684762,1.000596761813662,3109.949284249571,1164.6938990745546,1.3696569934204086,1595.2311440615472,3675971.322041104,805.5990114221008,704.7926594719252,286.57042044532676,4340136.665569377,339166.4166043447,165.0041339314409,31.09039610117901,77551.68983222482,2.3695790966298618,0.035763613659506255,7880.114546030838,0.7958173056076833,8789.516623020416,18.232835783294654,286.57042044532676,0.732824524326496,,,0.0006268684031919942,2.742305179198244e-05,0.0001137718992852148,5130.043882260489,37147.8496584795,3295639.1492270837,295.992423029004,5524445.712189648,0.0902336279060222,0.04044046413861268,0.09143937024261849,0.43120215159069203,0.9022553432723787,0.004544730454896879,0.0012875245945788358,0.005144730454896879,0.00017042739205863297,two-phase,False,
0.07208558551232053,1.0006049926030374,3109.9460690949445,1171.8538548090503,1.369226638119236,1604.5335139872632,3694518.8682114836,807.3959285057272,706.2149278919651,286.58055427250844,4341172.308474975,338826.0903685121,165.3709392331769,31.13979087776132,77820.41671446685,2.369872652274703,0.03576665332935152,7890.469501571789,0.7958188667418877,8804.137841105074,18.25697930342949,286.58055427250844,0.7310659075473962,,,0.0006232340996823442,2.7386786811226617e-05,0.00011358295588367145,5149.616464980104,37298.24434791276,3311112.226855505,295.9969149559658,5519188.604678215,0.09051982697253894,0.04030300566435947,0.09175686805596091,0.43469119193685374,0.9005795731930174,0.004527456913581377,0.001286829145472539,0.005127456913581377,0.00016977963425930166,two-phase,False,
0.0725867720497413,1.0006134344633093,3109.94277154563,1179.1411353921724,1.3687918861509418,1613.9988187516146,3713376.0935656014,809.2124051889809,707.6506511227026,286.590774383051,4342215.558198074,338485.19643419026,165.74021372275325,31.190371000813922,78093.11069951481,2.370169013988278,0.03576976373676299,7901.103373091642,0.7958170617748509,8819.116469417588,18.28137042189264,286.590774383051,0.7293035615448111,,,0.0006195791399484874,2.7350247189413707e-05,0.00011339004348879404,5169.498755766865,37451.06275527819,3326837.612381213,296.0014462552071,5513883.030958084,0.09080549056422306,0.04016443782409596,0.09207436586930333,0.4381655165232141,0.8988943097661398,0.004510043965221551,0.0012861234606709956,0.005110043965221551,0.00016912664869580816,two-phase,False,
0.07309726512662137,1.0006220932098844,3109.9393893342517,1186.5576785136839,1.3683526699247768,1623.6293674139442,3732546.338431956,811.0487598939781,709.1001217892872,286.6010513698165,4343266.473273539,338143.7274352837,166.1118323247045,31.24217168187389,78369.76607447882,2.3704673358601664,0.03577294666503271,7912.011648073059,0.7958120312040429,8834.448640860119,18.306013733106553,286.6010513698165,0.7275374906558856,,,0.0006159041096877684,2.731342865190506e-05,0.00011319325525023828,5189.694383879067,37606.32224571657,3342817.566458891,296.0060039124455,5508558.366346625,0.09109061949634278,0.04002477317550862,0.09239186368264576,0.44161721277008853,0.8972035651875099,0.0044924931878628244,0.001285407446478987,0.005092493187862824,0.00016846849454485593,two-phase,False,
0.07361726197374646,1.00063097554251,3109.935919848272,1194.1060478937636,1.3679090337414361,1633.4284501591633,3752035.9145784494,812.904841313521,710.5630380471117,286.61141455634714,4344325.210544071,337801.675811559,166.48586391159208,31.29520136483916,78650.48488570665,2.3707684759954852,0.035776203286458724,7923.208929266803,0.7958034748068047,8850.151070739288,18.330905821599547,286.61141455634714,0.7257681888845574,,,0.0006122092460814912,2.727633892542525e-05,0.0001129924214860285,5210.208635512483,37764.07830929642,3359057.288819183,296.0106009563005,5503186.398966107,0.0913752094482254,0.039884013542051316,0.09270936149598819,0.4450631180027071,0.8954992021178514,0.0044748048106471655,0.0012846809515816816,0.005074804810647165,0.00016780518039926872,two-phase,False,
0.07414696554495698,1.0006400884175009,3109.9323603752423,1201.7888777877956,1.3674608874227825,1643.399285314529,3771850.004121225,814.7810615846179,712.0397443280528,286.6218541119118,4345392.114372155,337459.0339689209,166.86246880663157,31.349451852129437,78935.31275582494,2.3710721565817674,0.03577953541152954,7934.693571901883,0.7957914875900345,8866.223285073578,18.356052388846624,286.6218541119118,0.7239946200500494,,,0.000608494849021801,2.723897216069216e-05,0.00011278759488084574,5231.046931780947,37924.37043971312,3375560.598870076,296.0152330535446,5497778.467161656,0.09165925610662892,0.03974216077095716,0.0930268593093306,0.44850315774688865,0.8937812470012276,0.004456979065704736,0.0012839438212053312,0.0050569790657047356,0.0001671367149639276,two-phase,False,
0.07468658471336857,1.0006494390591572,3109.9287080983618,1209.6088752578246,1.3670082152946295,1653.5452697707428,3791994.6477777087,816.6775240509769,713.5302258484166,286.63236999398293,4346467.113518621,337115.79421267554,167.2414770943872,31.404977545339992,79224.31112773162,2.371378383856033,0.035782944741881074,7946.472929787715,0.7957759468052735,8882.67438164582,18.381454065481254,286.63236999398293,0.7222178071800982,,,0.0006047611869366273,2.72013301134297e-05,0.00011257870738415108,5252.2148327987225,38087.243555962494,3392332.2553316755,296.0199002114777,5492334.327688422,0.09194275516610932,0.03959921673355852,0.09334435712267303,0.45193725652612626,0.8920497274051701,0.0044390161881940945,0.0012831958970258045,0.005039016188194094,0.00016646310705727854,two-phase,False,
0.07523633447565943,1.0006590349717677,3109.924960091808,1217.568822531361,1.3665509583490967,1663.8698412862127,3812475.63045409,818.5945111265501,715.0346716325844,286.6429719392205,4347550.658603088,336771.94878281554,167.6231479281499,31.46175278950891,79517.55756335685,2.3716874493541527,0.03578643287431463,7958.549768921211,0.7957568446060731,8899.508634698106,18.407114423329247,286.6429719392205,0.720436703501701,,,0.0006010085495791997,2.7163410217426482e-05,0.00011236575422839876,5273.718041914735,38252.748137196584,3409376.662602386,296.0246067794602,5486846.491216395,0.09222570232940233,0.039455183325614006,0.09366185493601546,0.4553653378357237,0.8903046720633095,0.0044209164163432945,0.0012824370170741294,0.005020916416343294,0.00016578436561287354,two-phase,False,
0.07579643616480669,1.00066888395223,3109.921113315842,1225.6715794513639,1.3660890338492913,1674.3765037892485,3833298.6536209765,820.53240955303,716.5533877263849,286.65365012135334,4348642.683329133,336427.48987352056,168.00726175839037,31.519842384674146,79815.10177992602,2.3719990746955073,0.03579000174363825,7970.923821036951,0.7957342459066216,8916.727130321726,18.4330386374085,286.65365012135334,0.7186523375545678,,,0.0005972372388987301,2.7125207614185035e-05,0.00011214877223274621,5295.562410105156,38420.92717228093,3426698.0591334817,296.029348423516,5481324.386008694,0.09250809330782035,0.039310062467642945,0.09397935274935788,0.4587873241159247,0.8885461109197144,0.004402679991491913,0.0012816670156389305,0.005002679991491913,0.00016510049968094677,two-phase,False,
0.07636711767167831,1.0006789941033272,3109.917164611639,1233.9200860214376,1.3656224303323519,1685.0689467085003,3854470.2856441177,822.491303982506,718.0863285271469,286.6644142727217,4349743.553537682,336082.40956755896,168.39408011478784,31.579221412690853,80117.02439774142,2.3723135520507777,0.03579365303554837,7983.603789042197,0.7957080011749261,8934.340510507764,18.459227009215702,286.6644142727217,0.7168636615424827,,,0.0005934475274458843,2.7086724690604693e-05,0.00011192767936524139,5317.753940531287,38591.83366391141,3444301.6293174666,296.0341294937467,5475760.1436899295,0.09278992382166559,0.03916385610526726,0.0942968505627003,0.46221465291348146,0.8867680726278263,0.004384307158134011,0.0012808857231656424,0.0049843071581340105,0.0001644115184300254,two-phase,False,
0.07694864265480325,1.0006893743669336,3109.9131104930766,1242.3177833406608,1.3651511053664176,1695.9514951438607,3875998.26634623,824.4714115738248,719.6335608611125,286.67525457008486,4350853.304335494,335736.6997773664,168.78347910693404,31.639944521661025,80423.39247266318,2.3726306026526744,0.035797388968578335,7996.5979151645515,0.7956779862542778,8952.359176453463,18.485681650264105,286.67525457008486,0.715071188407156,,,0.0005896395049406611,2.7047961198274586e-05,0.00011170239936643792,5340.299915116326,38765.52152074154,3462193.489440006,296.0389456556675,5470163.639113866,0.09307118576142197,0.0390165589112639,0.09461434837604274,0.4656390483753123,0.8849747321975546,0.004365797246830998,0.001280092926728696,0.004965797246830998,0.00016371739675616242,two-phase,False,
0.07754123297410996,1.0007000331538485,3109.908947681897,1250.8674923777544,1.3646749560437577,1707.0275401771773,3897887.7005408797,826.4732040873291,721.1955051767236,286.6861905134308,4351972.168113881,335390.352471823,169.1755780868935,31.70201006647486,80734.294765153,2.372950805599216,0.035801211046382904,8009.902480868145,0.7956443475676828,8970.780531048928,18.51240927981668,286.6861905134308,0.7132748952343235,,,0.000585813630104765,2.7008910209495502e-05,0.00011147302027274909,5363.205879512401,38942.04508889153,3480377.237481827,296.0438056034079,5464516.797215763,0.09335187751865898,0.038868178076077405,0.09493184618938516,0.4690445657565222,0.8831744988020632,0.004347151161160781,0.0012792884761644381,0.004947151161160781,0.0001630181685435293,two-phase,False,
0.07814512662238818,1.0007109793752862,3109.9046727048717,1259.5722510922112,1.3641939821598956,1718.3008850355875,3920145.298532789,828.4967233330713,722.7720695597683,286.6972122769079,4353100.431474224,335043.3595008725,169.57044763100208,31.765428300620357,81049.7816889016,2.3732738825262407,0.03580512131574266,8023.5264259732485,0.7956069277232941,8989.615505371783,18.539409487868543,286.6972122769079,0.7114742617482883,,,0.0005819702525377498,2.696957528917953e-05,0.00011123946284492876,5386.477896126696,39121.449437538686,3498858.141111543,296.0487050029348,5458830.64507737,0.09363199630401689,0.0387187184077395,0.09524934400272758,0.4724392729726288,0.8813632244160712,0.004328369505318449,0.0012784722047456737,0.004928369505318449,0.00016231385644944183,two-phase,False,
0.07876058002628497,1.0007222225024106,3109.900281870582,1268.4353461948435,1.3637080499528116,1729.7754924505896,3942777.101260494,830.5425741979384,724.363796282169,286.7083295782728,4354238.338448583,334695.7126909548,169.96816033760783,31.83021226931541,81369.94062616074,2.3736001277160934,0.03580912165751908,8037.46499743055,0.7955659095821789,9008.860624898927,18.56669090874386,286.7083295782728,0.7096692701426884,,,0.0005781097051983841,2.6929946884855415e-05,0.0001110018282707331,5410.122622571093,39303.793158361914,3517640.494566697,296.0536482068467,5453096.799081992,0.09391153789212728,0.03856818196479408,0.09556684181607002,0.47582744931181326,0.8795386509309376,0.004309452537988253,0.0012776439265803799,0.004909452537988253,0.0001616044701745595,two-phase,False,
0.07938785742116314,1.0007337723897118,3109.895771338453,1277.460158791763,1.3632172466570343,1741.4557203821648,3965791.5920946966,832.6104257056636,725.9701407161429,286.7195423609199,4355385.988286434,334347.4036558669,170.3686411274902,31.8964033407432,81694.84580661682,2.3739295495176855,0.03581321414931954,8051.739378233635,0.7955208506539306,9028.539988208628,18.594246970009607,286.7195423609199,0.7078604260632786,,,0.0005742322289886008,2.6890037591005583e-05,0.00011075987937208131,5434.146894016758,39489.13188351463,3536731.3396894336,296.0586352248678,5447315.828123216,0.0941904980692834,0.0384165708328471,0.09588433962941244,0.47920900965590146,0.8777008175139238,0.004290400521255171,0.0012768034513813101,0.004890400521255171,0.00016089001954706892,two-phase,False,
0.0800272311353471,1.0007456392930956,3109.8911371117188,1286.650167593713,1.362721430671156,1753.345757156587,3989195.1155412807,834.7009190622075,727.5916794151377,286.73085056778615,4356543.6852004,333998.42400048487,170.7720120497951,31.964006650629507,82024.57322570047,2.3742621563675677,0.035817400922023616,8066.344142721305,0.7954719524881221,9048.649493245277,18.6220867998217,286.73085056778615,0.706047201577105,,,0.0005703381640034918,2.6849837259097475e-05,0.00011051372923069787,5458.557728901033,39677.52277417445,3556135.164528094,296.0636660668051,5441489.232505193,0.09446887263397273,0.0382638871249612,0.09620183744275486,0.4825838675992185,0.8758497649328794,0.0042712137206544825,0.0012759505843433082,0.004871213720654482,0.0001601705145245431,two-phase,False,
0.08067898188674415,1.000757833888952,3109.8863750300234,1296.008952254935,1.3622206382837387,1765.450142162157,4012996.052630304,836.8139405314969,729.2281107296915,286.7422541413523,4357711.537006081,333648.7651571173,171.17819769266603,32.03306500926586,82359.20069424697,2.3745979567895357,0.03582168416143984,8081.294982112793,0.7954189100155281,9069.207507718695,18.650207281121784,286.7422541413523,0.7042301024309309,,,0.0005664277773232918,2.6809353508157135e-05,0.00011026321750262213,5483.362334858134,39869.02457134346,3575858.732503227,296.0687407425474,5435617.61636856,0.09474665739743068,0.038110132982059675,0.09651933525609728,0.4859519354131342,0.873985535617283,0.004251892405222546,0.001275085126016431,0.004851892405222546,0.00015944596519584548,two-phase,False,
0.08134339909246818,1.0007703672942678,3109.881480761613,1305.5401968476015,1.3617146357418994,1777.7731935967392,4037200.176557692,838.9505256211855,730.8804610823204,286.75375302364324,4358889.911513166,333298.41862860403,171.58742176635764,32.103565973411925,82698.80788985219,2.3749369593945295,0.0358260661100261,8096.576138207151,0.7953621757838626,9090.199042981907,18.67862388064832,286.75375302364324,0.7024080832204811,,,0.0005625014504672719,2.6768567277486472e-05,0.00011000859225101903,5508.568114883919,40063.69764869779,3595905.706808379,296.07385926206547,5429702.7631874345,0.09502384818421636,0.037955310573339694,0.09683683306943972,0.4893131240089317,0.8721081737219414,0.004232436847548715,0.0012742068721747104,0.004832436847548715,0.00015871638178307682,two-phase,False,
0.08202078119212808,1.000783251087843,3109.8764497950997,1315.2476934780825,1.3612035141920067,1790.3197823952971,4061816.8686894565,841.1103284404626,732.5481513491367,286.7653569146013,4360078.926388203,332947.37568974774,171.99955941079105,32.17556308111234,83043.49176241519,2.375279461081954,0.03583054892844912,8112.210445933677,0.795301278120427,9111.650156533682,18.707329649775428,286.7653569146013,0.7005821578003583,,,0.0005585594315793596,2.6727491809928215e-05,0.00010974960438784307,5534.182673745437,40261.60869219288,3616283.841629342,296.0790259810149,5423735.765160474,0.09530044083281126,0.0377994220966955,0.09715433088278214,0.49266734289959124,0.8702177251931017,0.004212847323828527,0.0012733156136803877,0.004812847323828527,0.00015798177464356977,two-phase,False,
0.0827114359854818,1.0007964973326817,3109.871277430777,1325.1353460517169,1.3606871867725867,1803.0946861120287,4086853.876857607,843.2937602677735,734.2314759713248,286.77706574929897,4361278.96425336,332595.6275464364,172.4148371714662,32.24904489581145,83393.33607734305,2.37562547149332,0.03583513497976855,8128.1999360089885,0.7952362466355494,9133.56485821588,18.736329901860934,286.77706574929897,0.6987512793689561,,,0.0005546020448633659,2.6686122768917453e-05,0.00010948627567914778,5560.213824646635,40462.82158273061,3636998.9085336095,296.08424091056145,5417718.489958454,0.09557643119624197,0.03764246977915143,0.09747182869612456,0.49601450015994447,0.8683142378373628,0.004193124113918113,0.0012724111363434326,0.004793124113918113,0.00015724215427192925,two-phase,False,
0.08341568098520424,1.000810118599634,3109.8659587714355,1335.2071741930667,1.3601656275322105,1816.1029039718221,4112319.8223306225,845.5009751920538,735.930426137159,286.7888794622562,4362490.047472615,332243.1652771568,172.83307921299078,32.324076048413225,83748.42663753669,2.375975000375835,0.03583982668928991,8144.554036998601,0.7951669356303409,9155.955072014744,18.765625698701026,286.7888794622562,0.6969164701627056,,,0.0005506295914251319,2.6644461955489738e-05,0.00010921853505556277,5586.669596162141,40667.40200825472,3658057.5971548744,296.0895040619701,5411651.169234092,0.09585181514272773,0.03748445587730539,0.09778932650946699,0.4993545023854395,0.8663977613933396,0.00417326750138993,0.0012714932207761633,0.00477326750138993,0.00015649753130212238,two-phase,False,
0.08413384378553727,1.0008241279923602,3109.8604887126935,1345.4673173290187,1.3596386633964304,1829.3493849768079,4138221.9836083553,847.7327521563338,737.6457151756409,286.8008077397085,4363712.679322445,331889.9799653881,173.25456516822953,32.40063679707908,84108.86689095628,2.3763283466462286,0.03584462640822704,8161.265419831,0.7950936030438579,9178.814965757198,18.795228289840033,286.8008077397085,0.6950766730035505,,,0.0005466424337594089,2.6602496776816512e-05,0.00010894652563872726,5613.558239451673,40875.422226464936,3679464.9527637837,296.0948197932493,5405526.683229862,0.09612658855635378,0.03732538267778298,0.09810682432280941,0.5026872546495682,0.8644683476061342,0.004153277773589825,0.0012705616422427654,0.004753277773589825,0.00015574791650961844,two-phase,False,
0.08486626244770135,1.00083853917371,3109.8548619327503,1355.9200389425075,1.3591063599390525,1842.8395484955697,4164570.443853961,849.9888593533224,739.3768762540274,286.8128407586663,4364946.94575342,331536.06247726263,173.6791701994343,32.47878389383718,84474.73148081634,2.3766852317889624,0.035849536832083424,8178.3545915133,0.7950158420039243,9202.168350155276,18.82513235530487,286.8128407586663,0.6932324019832069,,,0.0005426408396848034,2.6560238226378335e-05,0.00010867003970679651,5640.888235768394,41086.94708027499,3701229.157647275,296.10018376992554,5399355.0901735155,0.09640074733777212,0.03716525249770246,0.09842432213615183,0.5060126604594836,0.8625260503049837,0.004133155221695466,0.0012696161705035066,0.004733155221695466,0.00015499332081357996,two-phase,False,
0.08561328590289599,1.0008533663936017,3109.849072881581,1366.5697310050327,1.3585685320137146,1856.5786333458843,4191372.8283718405,852.270130039692,741.1246769231559,286.8249882000522,4366193.260831437,331181.40368980245,174.1070751783986,32.55851778835941,84846.12837243122,2.3770459555339576,0.03585456044819487,8195.813358954114,0.7949339346589966,9226.008585109308,18.855349952899992,286.8249882000522,0.6913831162640443,,,0.00053862517969294,2.651767276921312e-05,0.00010838923362958829,5668.66830427512,41302.052816949996,3723355.4578055083,296.1056003509248,5393128.874908537,0.09667428740492999,0.037004067685151,0.09874181994949427,0.5093306217099868,0.8605709254840755,0.004112900140776189,0.0012686565696534264,0.004712900140776189,0.00015423375527910712,two-phase,False,
0.08637527437387223,1.0008686245184981,3109.8431157695077,1377.420918596587,1.3580252762732332,1870.5724235216608,4218640.11006883,854.5761947878841,742.8884799882618,286.83725973580755,4367451.775060958,330825.9942257316,174.53825681763348,32.63987800757951,85223.16809525876,2.377410818918962,0.03585969981723028,8213.66701155245,0.794847368876073,9250.364701871724,18.885873516337316,286.83725973580755,0.6895293091555021,,,0.0005345957138175572,2.64748146050789e-05,0.0001081038458729805,5696.907410183139,41520.81786392207,3745852.863365825,296.11107389671247,5386839.361306488,0.0969472046938279,0.03684183061967268,0.09905931776283669,0.5126410386358358,0.8586030313866657,0.004092512829854324,0.0012676825979552762,0.0046925128298543235,0.00015346923111953713,two-phase,False,
0.08715259981605773,1.0008843290625873,3109.8369845551074,1388.4782647221045,1.3574763719362757,1884.8264373073382,4246380.028056868,856.9080442526547,744.6692265456552,286.8496455409683,4368722.865502886,330469.82474667014,174.97279643895303,32.72288544137689,85605.93217318761,2.3777795438068807,0.03586495784711097,8231.903323109636,0.794756524604109,9275.225884262467,18.91671756175324,286.8496455409683,0.6876704591437159,,,0.0005305528298025145,2.6431646947614466e-05,0.00010781408587544243,5725.614773229218,41743.313290804035,3768726.5302571426,296.11660007316993,5380497.913984145,0.0972194951593083,0.036678543712768304,0.09937681557617911,0.5159438097621604,0.8566224285927304,0.004071993591967996,0.0012666940076664734,0.004671993591967996,0.00015269975969879984,two-phase,False,
0.08794564637929536,1.0009004962207728,3109.830672932426,1399.7465753340275,1.3569219141930535,1899.3468023874198,4274604.115134499,859.2653155361595,746.4662755193449,286.862155281827,4370006.695145776,330112.8856536976,175.4106708090592,32.80758148842308,85994.53607301008,2.3781524321095873,0.03587033724849725,8250.548083359332,0.7946608843930814,9300.62183281872,18.94787453198748,286.862155281827,0.6858070590215333,,,0.0005264967928674379,2.6388184023274404e-05,0.00010751969255123794,5754.799876507166,41969.62195457054,3791985.8933297046,296.1221832417402,5374095.924807082,0.09749115477587608,0.0365142094084076,0.09969431338952153,0.5192388318530591,0.8546291801102222,0.004051342734235501,0.0012656905448598164,0.004651342734235501,0.00015192535253383128,two-phase,False,
0.08875481089132345,1.0009171429035992,3109.8241743174462,1411.2308045710965,1.3563616964217102,1914.1394081306275,4303320.807391456,861.6489426115522,748.2804918251966,286.8747888757988,4371303.713874707,329755.16736796644,175.85201416712314,32.89397908274153,86389.08208827341,2.3785294962327614,0.03587584094723073,8269.591519825011,0.7945607746744882,9326.544470265033,18.97935791458033,286.8747888757988,0.6839385758788504,,,0.0005224279881352072,2.634441071454213e-05,0.00010722084724821807,5784.472475671316,42199.82426620719,3815636.6883092374,296.12782341665024,5367635.585179208,0.09776217953855235,0.03634883018355412,0.10001181120286397,0.5225259998579036,0.8526233514703302,0.0040305605679212585,0.0012646719492377051,0.004630560567921258,0.0001511460212970472,two-phase,False,
0.08958050336419175,1.0009342867742375,3109.8174818337493,1422.9360602240781,1.3557957032018655,1929.210596382796,4332540.986540337,864.0590381139691,750.1117775137836,286.88754623952866,4372614.1570321545,329396.6601470726,176.29685764157702,32.98211145857019,86789.6750994869,2.37891074873039,0.03588147194991258,8289.046851829939,0.7944559804812722,9353.010257305014,19.011167814477815,286.88754623952866,0.6820649946453301,,,0.000518346727866292,2.630033067296522e-05,0.0001069174493013056,5814.642608530175,42434.00302754366,3839687.355935207,296.13352061226624,5361118.116235222,0.09803256546376281,0.03618240854870335,0.10032930901620639,0.5258052068561122,0.8506050108264124,0.004009647408503435,0.00126363795393959,0.004609647408503435,0.0001503617778188788,two-phase,False,
0.09042314752488914,1.000951946287667,3109.8105882973455,1434.8676094397117,1.3552238835756811,1944.5668540818397,4362275.4514057385,866.4958664358228,751.9602056855169,286.9004370240284,4373938.38004987,329037.35411450505,176.74528456480232,33.07200313401577,87196.43876970203,2.379296493813321,0.03588723321352871,8308.923669128662,0.7943463770854075,9380.031869798195,19.043306786852035,286.9004370240284,0.6801862879428051,,,0.0005142533402237626,2.6255944180094408e-05,0.00010660944588256653,5845.320605049652,42672.248441513024,3864146.119390942,296.13927919266274,5354535.816906306,0.09830230859026261,0.036014947048434116,0.10064680682954881,0.5290763439990022,0.8485742290575701,0.003988603575743237,0.0012625882853423657,0.004588603575743237,0.00014957263409037138,two-phase,False,
0.09128318137153506,1.000970140732208,3109.80348620058,1447.0308846747905,1.3546461447101585,1960.214809201235,4392534.834231058,868.9598737492665,753.8260555959654,286.91347087059836,4375276.807440751,328677.23929601104,177.1974858096228,33.16365957979695,87609.49981347602,2.379687037127137,0.03589312778412334,8329.226941379233,0.7942319512410402,9407.617138472933,19.075780273274617,286.91347087059836,0.6783019084985259,,,0.000510148171162674,2.621124760492789e-05,0.00010629684279034366,5876.517097786231,42914.65340025214,3889020.8799635405,296.14510352358246,5347881.326743478,0.09857140498009875,0.03584644826197413,0.10096430464289124,0.5323393004498671,0.8465310798763067,0.003967429393755978,0.0012615226628534054,0.004567429393755978,0.00014877860226584916,two-phase,False,
0.0921610577565799,1.000988890273555,3109.796167695088,1459.4314899129922,1.3540624327778925,1976.1613537042506,4423330.539569719,871.4513426238314,755.7094088144429,286.92663794933105,4376629.522605246,328316.30557923665,177.6532300508261,33.25716639703867,88028.95555307683,2.3800821014833557,0.03589915906338387,8349.966193904842,0.7941125834955287,9435.778817994345,19.108590957424063,286.92663794933105,0.6764128891051499,,,0.0005060315536105047,2.6166241200832246e-05,0.00010597959313045433,5908.243032771714,43161.30361783465,3914320.289008724,296.1509892717962,5341164.668568904,0.09883985071961197,0.03567691480377985,0.10128180245623367,0.5355939633214319,0.8444756399409286,0.003946125191083945,0.0012604407986959287,0.0045461251910839445,0.00014797969466564794,two-phase,False,
0.09305724499854873,1.0010082160014924,3109.7886245737027,1472.0752071577622,1.3534726435601834,1992.413522151221,4454673.736227063,873.9707651278759,757.6105865368655,286.93993816677823,4377997.08832911,327954.5427569323,178.11276410757472,33.3525208630445,88454.92227998516,2.3804817010564063,0.03590533041170029,8371.145733579544,0.793988281495125,9464.524188311745,19.141745011773303,286.93993816677823,0.6745181761200858,,,0.0005019038411866899,2.6120920516518767e-05,0.00010565771507403978,5940.509680872409,43412.29246851091,3940052.5900243744,296.1569364534269,5334388.543147391,0.09910764192048,0.0355063493241312,0.10159930026957609,0.5388402176105768,0.8424079889729122,0.003924691300771136,0.0012593423976863629,0.004524691300771136,0.00014717592377891763,two-phase,False,
0.09397222752396975,1.0010281399794678,3109.7808482512746,1484.9680032153578,1.352876780752075,2008.9787317098303,4486577.209747987,876.5181765606258,759.5293675575567,286.9533908806923,4379379.780400678,327591.9404201992,178.57612003332395,33.44976163964298,88887.55216066135,2.3808864358279984,0.035911645024367146,8392.783283752233,0.7938587433113907,9493.874913611606,19.17524098236735,286.9533908806923,0.67261824485696,,,0.0004977653492373738,2.6075291593976656e-05,0.00010533106967380358,5973.32864964696,43667.726290346494,3966227.7573564732,296.1629537870088,5327535.515458594,0.09937477472080361,0.03533475450974152,0.10191679808291852,0.5420779461308364,0.840328209879077,0.003903128060439907,0.0012582271570033595,0.004503128060439907,0.00014636730226649653,two-phase,False,
0.09490650654123076,1.001048685297229,3109.772829744297,1498.1160367829225,1.352274753253735,2025.8644939860899,4519053.009067012,879.0940146102571,761.4659954681562,286.96698625815384,4380777.945673694,327228.4880443921,179.04328036038714,33.54893790840819,89326.95159485635,2.381296029191046,0.035918106590484306,8414.885332985252,0.7937239317773054,9523.840769637905,19.209084034679552,286.96698625815384,0.6707130907390819,,,0.0004936164304022134,2.602935148273149e-05,0.00010499965551587228,6006.711895728348,43927.699421796446,3992854.753117282,296.1690369398546,5320616.7769911,0.0996412452862378,0.035162133084383485,0.10223429589626094,0.5453070294417065,0.8382363888793315,0.003881435812369627,0.001257094765948099,0.004481435812369627,0.00014555384296386102,two-phase,False,
0.09586060074823269,1.001069876126735,3109.764559649278,1511.525665857373,1.3516664102180984,2043.0784707219564,4552112.808376122,881.6989842886037,763.4210197848931,286.98073391721067,4382192.004258799,326864.17504485196,179.51444210063795,33.65005994543223,89773.2630632497,2.381710790387855,0.03592471864100548,8437.451825825836,0.7935839656114005,9554.42464334416,19.243283512176642,286.98073391721067,0.6688021629901002,,,0.0004894574605578576,2.5983091694492428e-05,0.00010466354985557647,6040.67173775729,44192.31939312192,4019941.9598912615,296.17519028172984,5313624.997709363,0.09990704981116984,0.03498848780953125,0.10255179370960336,0.5485273457749107,0.8361326156400858,0.0038596149035773726,0.001255944905695501,0.004459614903577372,0.00014473555888415147,two-phase,False,
0.09683504707582827,1.0010917377815736,3109.7560281197593,1525.2034554817833,1.351051725651251,2060.6287604979143,4585770.19548325,884.3332429038624,765.3943416166962,286.99463374639237,4383622.385330403,326498.9906498877,179.98964295093307,33.75316918402814,90226.61602760444,2.3821307364032362,0.03593148494435823,8460.4980696296,0.7934386093351119,9585.64589409505,19.277839907110632,286.99463374639237,0.6668854427078269,,,0.0004852887716457805,2.593651583420272e-05,0.00010432265191602998,6075.220869895662,44461.691938189586,4047499.8049480706,296.1814138318794,5306562.313671619,0.1001721845199465,0.0348138214850195,0.10286929152294579,0.5517486572760648,0.8340104430965235,0.0038376656859007464,0.0012547772490359404,0.004437665685900746,0.00014391246322127799,two-phase,False,
0.09783043721969541,1.0011142975945397,3109.7472245240833,1539.156686657532,1.350430586868715,2078.524267645838,4620039.59996534,886.9973284172393,767.3862596517711,287.0087050661802,4385069.530886304,326132.92389572563,180.46902727164664,33.85829540049566,90687.19253402653,2.3825564728331927,0.03593840937943191,8484.033185944663,0.7932877905158113,9617.517629338297,19.312759461351547,287.0087050661802,0.6649628815294456,,,0.00048111057232572623,2.5889619813294614e-05,0.00010397693443779024,6110.37363600352,44735.94605857743,4075539.114887097,296.1877163152581,5299412.143889195,0.10043664149039845,0.03463813068830136,0.10318678933628822,0.5549708663219591,0.8318697840009903,0.003815587729249825,0.0012535914176410208,0.004415587729249825,0.00014308453984686846,two-phase,False,
0.09884734875047196,1.0011375834226153,3109.7381380290835,1553.3923861931921,1.3498029728855876,2096.7736609414073,4654935.571165811,889.6913786302448,769.3966343407373,287.02292831991895,4386533.708403837,325765.9636484057,180.95241750108275,33.96552340601391,91155.09636632376,2.382987430153648,0.035945496210989296,8508.07373922191,0.7931312518368788,9650.060758006808,19.348042171996372,287.02292831991895,0.6630350080382433,,,0.0004769231980675592,2.58424080098234e-05,0.00010362629055680133,6146.143572007827,45015.184465063016,4104071.0606868747,296.1940890476999,5292194.700235431,0.10070041689113488,0.034461418281662645,0.10350428714963064,0.5581756415635909,0.8297228170690942,0.0037933813933100505,0.001252387065356979,0.00439338139331005,0.00014225180224912692,two-phase,False,
0.0998863487099421,1.0011616237427896,3109.7287575628916,1567.9173769192694,1.34916871529642,2115.3850731091034,4690469.940089506,892.4161747546691,771.4261097160385,287.03732281581125,4388015.578725452,325398.0987868722,181.44018080962317,34.07483123660281,91630.4885004385,2.383424215874135,0.035952749087843454,8532.61674009385,0.7929691828753093,9683.275226302118,19.383698730106104,287.03732281581125,0.6611007333381966,,,0.00047272717043911176,2.5794870574593535e-05,0.00010327084345219872,6182.54354062661,45299.52589468349,4133103.871818632,296.2005407562862,5284894.4029543735,0.10096351053156945,0.034283692484330504,0.10382178496297306,0.5613628464764517,0.827569788353741,0.003771047710939969,0.0012511638735247716,0.004371047710939969,0.00014141428916024883,two-phase,False,
0.10094805564762903,1.0011864491266176,3109.7190712398324,1582.7391427826612,1.3485278069869506,2134.3677452491083,4726658.27538737,895.1717956316602,773.47446115887,287.0518787134902,4389515.370067266,325029.3179370965,181.93219420405953,34.18629630380176,92113.49647742238,2.3838665548361506,0.035960172377226846,8557.681527052182,0.7928012708273352,9717.1851101673,19.41972803210484,287.0518787134902,0.65916057127874,,,0.0004685228223795553,2.5747013509838877e-05,0.00010291046107104396,6219.587898260785,45589.085293787204,4162649.548133843,296.207067109671,5277521.884931808,0.10122591874073956,0.03410495624272143,0.1041392827763155,0.5645406941212721,0.8254052366450508,0.0037485870523971962,0.001249921478256042,0.004348587052397196,0.00014057201446489488,two-phase,False,
0.1020331107073271,1.001212091647875,3109.709066591906,1597.8654195520523,1.3478802146927256,2153.731184755902,4763516.316772772,897.9584310024156,775.5415851880753,287.0666250077475,4391033.638749192,324659.60951971443,182.42865981633875,34.29993654047036,92604.31985638695,2.3843153532549826,0.035967770071893,8583.285636463712,0.7926272539350684,9751.812692741198,19.45613075179707,287.0666250077475,0.6572144536795544,,,0.00046431049848653103,2.569884045181067e-05,0.0001025450376773904,6257.291454863474,45884.00266779519,4192720.109487992,296.21368119284847,5270051.813458812,0.10148763788376224,0.03392521254492819,0.10445678058965792,0.5677090484416314,0.8232292732389304,0.003725999793176544,0.0012486595058125315,0.004325999793176544,0.00013972499224412042,two-phase,False,
0.10314217863528741,1.001238584969096,3109.698730535373,1613.3042050188258,1.3472257148142495,2173.484910819322,4801057.82079684,900.7771056840547,777.6283533081405,287.08154214103786,4392570.767465763,324288.96193660493,182.9295128368679,34.41582166838277,93103.07732695104,2.384770042021532,0.03597554692597077,8609.423133842607,0.7924474083678524,9787.155295891587,19.492921073782004,287.08154214103786,0.6552623896517356,,,0.0004600906107155985,2.565033727410411e-05,0.0001021747351265363,6295.669491677782,46184.39574199297,4223325.064294775,296.22037432185533,5262504.871537412,0.10174866436337686,0.03374446442148572,0.10477427840300034,0.5708348439024614,0.8210649066832979,0.0037032863141062636,0.0012473775722803987,0.0043032863141062635,0.0001388732367789849,two-phase,False,
0.10427581767295327,1.0012659612489254,3109.68805057759,1629.0619476630418,1.3465643556510605,2193.6367518705456,4839295.156341117,903.6276569346678,779.7343736323567,287.0966396791557,4394127.348191006,323917.36359279475,183.43496364812853,34.5339467634174,93609.8875663282,2.3852309385279202,0.03598350651145482,8636.109928934271,0.7922614672999089,9823.232819597279,19.53009488227376,287.0966396791557,0.6533038207645077,,,0.00045586398894314914,2.5601514125454586e-05,0.00010179948071728558,6334.733269173877,46490.36800312784,4254473.625560919,296.2271508755079,5254874.609434431,0.10200900923549436,0.033562735800691926,0.10509177621634277,0.5729773136237747,0.8195712281873263,0.0036804496221049523,0.001246075433430727,0.004280449622104952,0.0001380168608289357,two-phase,False,
0.10543091943709505,1.0012941636337438,3109.6770489527366,1645.0941803893968,1.3459096450437436,2214.1481243914213,4878272.544018423,906.4493198416772,781.7918277104438,287.11193687486264,4395703.9159173155,323544.7971675172,183.9451662792897,34.65363257516439,94123.34355244732,2.385698658779945,0.03599162583581073,8664.702134029721,0.7920374210732365,9861.473317175602,19.566704177246013,287.11193687486264,0.6513386901716304,,,0.0004516409670084105,2.5553613703704203e-05,0.00010140472603199289,6374.368206220023,46801.0692816192,4286253.905784651,296.2340195904635,5247145.044339569,0.1022690882183511,0.033380626536365726,0.1054092740296852,0.5735764363510371,0.8191520442889981,0.003657565097026639,0.0012447570313235013,0.004257565097026639,0.000137158691138499,two-phase,False,
0.10660556819565863,1.001323161886414,3109.6657375095792,1661.3731965832965,1.3452528975158802,2234.9671065588996,4917782.357292808,909.2833055441511,783.8514893954673,287.1274238694145,4397300.640658241,323171.25671256345,184.45999861501923,34.77448925036279,94642.51649110683,2.386172930717519,0.03599989074895268,8693.85933698358,0.7918049554186085,9900.431041295851,19.603408880978748,287.1274238694145,0.6493675104470187,,,0.00044743387813866526,2.5505768054715812e-05,0.00010100570326977518,6414.502238959922,47115.95555925879,4318449.154978118,296.2409761385997,5239326.56847781,0.10252916720120782,0.033198517272039534,0.10572677184302762,0.5735764363510589,0.8191520442889828,0.003634680571948326,0.0012434248672075767,0.004234680571948326,0.00013630052144806223,two-phase,False,
0.10780021604803974,1.0013529833949284,3109.6541056196247,1677.9041801482672,1.3445919713584562,2256.096489336153,4957808.980998351,912.1377296878641,785.9228698062134,287.14310050633696,4398918.182296791,322796.7360215136,184.9797372383187,34.89649704694333,95167.49666885169,2.3866537786563997,0.03600830396638094,8723.363727424297,0.7915692072632288,9939.875845320455,19.640353701803395,287.14310050633696,0.6473892162686419,,,0.0004432434537825312,2.5457789996627685e-05,0.00010060487832660254,6455.144854281341,47435.10958427198,4351037.347483601,296.24802054701087,5231422.397746065,0.10278924618406454,0.03301640800771334,0.10604426965637004,0.5735764363510637,0.8191520442889794,0.0036117960468700144,0.0012420787244723903,0.004211796046870014,0.00013544235175762555,two-phase,False,
0.10901532858902854,1.0013836566681475,3109.642142221314,1694.69245330048,1.3439268780060438,2277.5427379445173,4998362.781908882,915.012509751758,788.0056857986922,287.1589860090222,4400556.719019794,322421.2287533682,185.50430939114548,35.01970278946479,95698.41164637233,2.387141823215206,0.03601686802818403,8753.229925239193,0.7913299317494917,9979.825731122795,19.677536317875212,287.1589860090222,0.645404788705456,,,0.0004390696970641702,2.54096850298173e-05,0.00010020215051265163,6496.305781042836,47758.62740456122,4384026.32055623,296.25516155744634,5223415.055312463,0.10304932516692128,0.032834298743387134,0.10636176746971247,0.5735764363510322,0.8191520442890015,0.0035889115217917003,0.0012407183819375407,0.0041889115217917,0.00013458418206718876,two-phase,False,
0.1102513854114505,1.0014152113894168,3109.6298357994174,1711.743481052829,1.3432575003739866,2299.31226964049,5039452.629072899,917.9081216101372,790.1003117667105,287.17507051282394,4402216.795180905,322044.7285616751,186.03382485840214,35.14411963960924,96235.33839154591,2.3876367935024256,0.03602558590690803,8783.456667780112,0.7910872436186788,10020.281774898793,19.714963566180263,287.17507051282394,0.6434136987513616,,,0.0004349126533197492,2.5361446817873784e-05,9.979759276880218e-05,6537.994997837796,48086.59086278394,4417422.063686373,296.2623948428487,5215316.571326566,0.10330940414977802,0.03265218947906094,0.1066792652830549,0.5735764363510236,0.8191520442890075,0.003566026996713387,0.0012393436137316388,0.004166026996713387,0.00013372601237675202,two-phase,False,
0.11150888063163618,1.0014476784731434,3109.6171743633195,1729.0628758704154,1.3425838053582482,2321.4118155897786,5081088.701925878,920.8247042797743,792.2067165402618,287.19136353264224,4403898.8245784985,321667.229011915,186.56838885018388,35.269762372999956,96778.39126056104,2.3881390149922708,0.03603446040380742,8814.0527844004,0.7908410308612182,10061.255903737278,19.75263643611236,287.19136353264224,0.6414159021259906,,,0.0004307723400408125,2.531307664256327e-05,9.939117040334374e-05,6580.22274105944,48419.09525505715,4451231.978341761,296.269724790873,5207119.832737706,0.10356948313263475,0.03247008021473474,0.10699676309639732,0.5735764363510513,0.8191520442889881,0.003543142471635074,0.0012379541891672802,0.004143142471635074,0.00013286784268631529,two-phase,False,
0.11278832343896782,1.00148109012452,3109.6041454240935,1746.6564025049722,1.3419057545712174,2343.8482777800828,5123281.234481228,923.7624751033441,794.3249528793008,287.2078648876438,4405603.231947718,321288.7235943882,187.10805271650102,35.39665672922829,97327.66910498736,2.3886485160282978,0.036043494513072885,8845.025174566363,0.7905912233644644,10102.758033201031,19.79055665795786,287.2078648876438,0.6394113718794974,,,0.0004266487764929584,2.5264574849588582e-05,9.898287148060625e-05,6622.999513280338,48756.232781544575,4485463.409738992,296.2771514328713,5198827.061706239,0.10382956211549149,0.032287970950408536,0.10731426090973975,0.5735764363510552,0.8191520442889855,0.0035202579465567607,0.0012365498726119996,0.0041202579465567605,0.00013200967299587852,two-phase,False,
0.1140902386708293,1.0015154799025965,3109.590735970301,1764.5299830161812,1.3412233280638206,2366.6287762893594,5166041.115334003,926.7215141087099,796.4549101707987,287.22459375407806,4407330.522617339,320909.20569313655,187.65297963744285,35.524808105049566,97883.30908216318,2.3891659246738515,0.03605269106786683,8876.385028005694,0.7903376620706977,10144.80275189754,19.828724167079187,287.22459375407806,0.6374000426492993,,,0.00042254197617249523,2.5215944091356587e-05,9.857264103168043e-05,6666.336091960931,49098.10959349133,4520124.356447982,296.2846835187725,5190422.354595869,0.10408964109834823,0.032105861686082336,0.10763175872308217,0.5735764363510465,0.8191520442889915,0.0034973734214784474,0.0012351304233550523,0.004097373421478447,0.0001311515033054418,two-phase,False,
0.11541516741436883,1.0015508827869146,3109.5769324424414,1782.6897019882183,1.3405364919367049,2389.760599314976,5209379.30756852,929.7019654429073,798.5965486594451,287.2415305759457,4409081.145796193,320528.6685985994,188.2031122077238,35.654264479409726,98445.3786181403,2.3896906726089364,0.03606205345074209,8908.141320729634,0.7900802370287212,10187.402339557912,19.867139876350357,287.2415305759457,0.6353819240617178,,,0.0004184519571904607,2.5167185770670238e-05,9.816045019808215e-05,6710.243538502209,49444.81170507138,4555222.76615207,296.29231236452296,5181926.54734055,0.10434972008120497,0.03192375242175614,0.10794925653642459,0.5735764363510504,0.8191520442889888,0.0034744888964001333,0.0012336955954698663,0.004074488896400133,0.000130293333615005,two-phase,False,
0.11676366763639687,1.0015873352479308,3109.562720705952,1801.1418119502678,1.3398451033754666,2413.251037226382,5253305.431953496,932.7044697751785,800.750414055326,287.2587041871276,4410855.7143162545,320147.10562333185,188.75879185334267,35.78499915864375,99014.03803490312,2.390223691081173,0.036071584536883736,8940.290263564842,0.7898191282651623,10230.555490957973,19.905812683418407,287.2587041871276,0.6333564075559425,,,0.0004143787714473868,2.511829122236749e-05,9.774640300654501e-05,6754.733207658478,49796.45652220196,4590764.934155918,296.3000510829718,5173315.0249262685,0.1046097990640617,0.03174164315742994,0.10826675434976703,0.5735764363510418,0.8191520442889949,0.00345160437132182,0.0012322451376719993,0.00405160437132182,0.00012943516392456827,two-phase,False,
0.11813631484437905,1.001624875321509,3109.548086022671,1819.892739010222,1.3391491718244235,2437.1078542548203,5297831.585957834,935.7289927442903,802.9162438743682,287.27609502955227,4412654.477280601,319764.5099391342,189.31984397550093,35.91708409714861,99589.35924632978,2.390764412348655,0.03608128786824812,8972.846430891135,0.7895541041028458,10274.28061570946,19.944740362036175,287.27609502955227,0.6313240241334456,,,0.00041032242305327266,2.5069265927959896e-05,9.73304153743856e-05,6799.81675732712,50153.13547088927,4626759.869186381,296.3078909904668,5164607.725371885,0.10486987804691844,0.03155953389310373,0.10858425216310945,0.5735764363510599,0.8191520442889821,0.003428719846243507,0.0012307787931724289,0.004028719846243507,0.0001285769942341315,two-phase,False,
0.11953370277574182,1.001663542687633,3109.533013020687,1838.949088711234,1.3384486954431611,2461.3390087719413,5342970.0289271865,938.7755473138382,805.0938259667166,287.29373190556817,4414478.064570974,319380.8745855358,189.88649343290524,36.05051646894403,100171.50824212958,2.391313772672363,0.03609116649187818,9005.824282544501,0.7892849436647588,10318.596095689816,19.983921418297275,287.29373190556817,0.6292846836402352,,,0.00040628292016504436,2.502011439767773e-05,9.691240850271388e-05,6845.506158732983,50514.97200377302,4663216.660599718,296.3158452053333,5155780.200718416,0.10512995702977516,0.03137742462877754,0.10890174997645187,0.5735764363510504,0.8191520442889888,0.0034058353211651946,0.0012292962995259934,0.004005835321165194,0.0001277188245436948,two-phase,False,
0.1209564441257507,1.0017033787538479,3109.5174856623976,1858.3176521212972,1.3377528168976276,2485.969673815851,5388873.873334081,941.8024366439581,807.2875953459215,287.311604919481,4416327.1354942825,318996.1824351777,190.4588643487032,36.185313456496495,100760.5803080072,2.391871506841321,0.03610122400576797,9039.217836076474,0.7890703404789305,10363.697502483874,20.030778096055087,287.311604919481,0.6272378525554704,,,0.00040225752169576763,2.4961586494659e-05,9.649065883680311e-05,6891.81370702617,50882.06930045394,4700176.246994211,296.32390940603153,5146844.97517376,0.1053900360126319,0.03119531536445134,0.10921924778979429,0.5735764363510599,0.8191520442889821,0.0033829507960868813,0.0012277973884748008,0.003982950796086881,0.00012686065485325806,two-phase,False,
0.12240517130609614,1.0017444267434714,3109.5014872107563,1878.0054121665414,1.3370591789442592,2511.004374444271,5435519.623801736,944.8220150753436,809.4960236888905,287.32972350831886,4418202.207116446,318610.41898230696,191.03707440014136,36.32149442248656,101356.71028475378,2.3924379530742907,0.036111463868223545,9073.050126648366,0.7888919297950918,10409.556537681703,20.08305857623242,287.32972350831886,0.625183478024202,,,0.00039824701628459624,2.4896606166937744e-05,9.606557170616113e-05,6938.752032312885,51254.54543119461,4737641.015984844,296.3320879938017,5137795.566086286,0.10565011499548864,0.031013206100125135,0.10953674560313673,0.5735764363510418,0.8191520442889949,0.0033600662710085664,0.0012262817857864037,0.003960066271008566,0.00012600248516282124,two-phase,False,
0.12388053724354335,1.0017867317891087,3109.48500019351,1898.0195502195077,1.3363609715655422,2536.4392501817347,5482821.379545308,947.8635936676233,811.7166868012282,287.3480970938204,4420103.722900938,318223.57670676004,191.62111960496253,36.45910286685951,101960.03606611858,2.3930134520715467,0.036121889632946415,9107.32455032034,0.7887095543247102,10456.044635710663,20.13568102919068,287.3480970938204,0.6231220282105888,,,0.0003942534795297583,2.483154154434362e-05,9.563845936394411e-05,6986.334111140118,51632.52184845641,4775594.93045913,296.3403853725474,5128625.213795784,0.10591019397834538,0.030831096835798932,0.10985424341647915,0.5735764363510418,0.8191520442889949,0.003337181745930254,0.001224749211086539,0.003937181745930254,0.0001251443154723845,two-phase,False,
0.12538321621712117,1.0018303410317153,3109.4680063653336,1918.3674529542498,1.3356580349368061,2562.282902499599,5530790.536744489,950.927850105069,813.9501867182071,287.3667157712228,4422032.481751129,317835.6481067978,192.21125315239925,36.59813441244596,102570.66078909312,2.3935977405026225,0.036132505175458816,9142.036342255142,0.7885234467586966,10503.160167177602,20.188658500926767,287.3667157712228,0.6210524456540251,,,0.0003902769670844949,2.4766380588242026e-05,9.520944021447964e-05,7034.573278456184,52016.1113224489,4814045.228628185,296.34879722237554,5119347.0229188595,0.10617027296120211,0.03064898757147274,0.11017174122982157,0.5735764363510637,0.8191520442889794,0.0033142972208519417,0.0012231993776862162,0.0039142972208519415,0.0001242861457819478,two-phase,False,
0.12691390473865147,1.0018753037256694,3109.4504866676807,1939.0567194807281,1.33495054272905,2588.544820053209,5579443.978076495,954.0139901260422,816.1952959861981,287.38560825413407,4423988.789649575,317446.6253355047,192.80746391644962,36.73863602676552,103188.76615847262,2.3941917688999452,0.036143314023294515,9177.225021370046,0.7883328143956407,10550.948871616503,20.24197084763796,287.38560825413407,0.6189756759285322,,,0.0003863174368290229,2.4701152064861567e-05,9.477820546454708e-05,7083.483240070169,52405.454428193545,4853005.497797578,296.35733667704886,5109935.392739827,0.10643035194405885,0.030466878307146533,0.110489239043164,0.5735764363510418,0.8191520442889949,0.0032914126957736276,0.0012216319924029321,0.0038914126957736274,0.00012342797609151104,two-phase,False,
0.12847332247634685,1.0019216713501773,3109.4324211862513,1960.0951687716126,1.3342382173321683,2615.233883783232,5628791.901601789,957.12323901127,818.4532815765889,287.4047549694294,4425973.392017473,317056.5006921522,193.40982773823632,36.88063925732247,103814.44221993937,2.394794972992266,0.03615432036588663,9212.870311221062,0.7881382546851493,10599.392747709588,20.295642999144835,287.4047549694294,0.6168912045780056,,,0.00038237497846784803,2.4635829474388552e-05,9.434502747490784e-05,7133.078085634776,52800.66493258223,4892481.204596789,296.3659950557058,5100412.344242854,0.10669043092691559,0.030284769042820334,0.11080673685650642,0.5735764363510552,0.8191520442889855,0.003268528170695314,0.0012200467553757763,0.0038685281706953138,0.00012256980640107428,two-phase,False,
0.13006221322699013,1.001969497727546,3109.4137891058476,1981.490847395361,1.3335211955451884,2642.3600437805103,5678851.41034473,960.2549628091051,820.72310077392,287.4241845948104,4427986.962248792,316665.26616344275,194.01858501025234,37.02414540235343,104447.87750894036,2.3954083091936114,0.036165527944901986,9249.007811668882,0.7879390769013987,10648.5335673127,20.349658234019312,287.4241845948104,0.6147989282957095,,,0.00037844956154017053,2.4570437215703732e-05,9.390964433540904e-05,7183.372302178453,53201.89110886515,4932485.841695133,296.37478549837203,5090753.964844434,0.10695050990977231,0.030102659778494138,0.11112423466984885,0.5735764363510552,0.8191520442889855,0.0032456436456170016,0.0012184433598741813,0.0038456436456170014,0.00012171163671063757,two-phase,False,
0.1316813459379684,1.0020188391487497,3109.3945686624843,2003.2520375701129,1.3327992128520671,2669.932738817746,5729633.584889628,963.4103265925041,823.0059366608514,287.44388719547646,4430030.288759888,316272.91386433976,194.6338751307393,37.16917614343634,105089.18734927404,2.396031519569079,0.036176941054882124,9285.619775428058,0.7877358231929024,10698.356223353088,20.404040029228277,287.44388719547646,0.6126983084221732,,,0.00037454127044518837,2.450495094519333e-05,9.34723035130512e-05,7234.380788214043,53609.260493136666,4973025.557484465,296.3837036904705,5080973.336341968,0.10721058889262906,0.02992055051416793,0.11144173248319128,0.5735764363510284,0.8191520442890042,0.003222759120538687,0.001216821492100066,0.003822759120538687,0.00012085346702020075,two-phase,False,
0.13333151578289462,1.0020697545068347,3109.374737092532,2025.3872655537737,1.3320723819639524,2697.9624392256715,5781155.959573747,966.5888051901716,825.3008669491433,287.46388176286786,4432103.828784135,315879.4356172277,195.2557595606756,37.315769249760145,105738.54831654872,2.3966652624218154,0.03618856377623201,9322.739248031448,0.7875278708057062,10748.899980486636,20.458773875344786,287.46388176286786,0.6105897835786469,,,0.0003706500822476257,2.4439392264976273e-05,9.303277561567997e-05,7286.11886845282,54022.92343420453,5014113.970838998,296.39275841416315,5071054.827080944,0.1074706678754858,0.02973844124984173,0.1117592302965337,0.5735764363510418,0.8191520442889949,0.0031998745954603743,0.0012151808309830967,0.003799874595460374,0.00011999529732976403,two-phase,False,
0.13501354529416568,1.00212230543872,3109.3542705786913,2047.9053103864956,1.3313405744999904,2726.4594324515383,5833432.616359734,969.7909427962886,827.6082920441204,287.4841583508552,4434208.231840494,315484.8232145973,195.88425317834074,37.463972678156686,106396.0822125191,2.397309282036039,0.03620040063379442,9360.367514178233,0.7873153301245345,10800.170280249915,20.513869257254587,287.4841583508552,0.6084733376555219,,,0.0003667760422537571,2.4373753860363445e-05,9.259113273692385e-05,7338.602309154485,54443.01562658527,5055760.3946461,296.40194535690665,5061010.916598428,0.10773074685834252,0.029556331985515535,0.11207672810987612,0.5735764363510371,0.8191520442889981,0.0031769900703820615,0.0012135210479687953,0.0037769900703820613,0.0001191371276393273,two-phase,False,
0.13672828555473412,1.0021765564759626,3109.3331441925952,2070.8152130026174,1.3306038089111132,2755.4346099723607,5886480.477105777,973.0166241773286,829.9277845147324,287.50473591886936,4436344.248552401,315089.0682515213,196.51954689818828,37.613802040643336,107061.97300542948,2.3979642421476703,0.03621245595063987,9398.526354292862,0.787097849470609,10852.194596715137,20.56932074851576,287.50473591886936,0.6063488831840064,,,0.0003629191548878857,2.4308046245818737e-05,9.214726026961322e-05,7391.847334145378,54869.69620325699,5097977.317404096,296.41127330647555,5050827.311636097,0.10799082584119926,0.029374222721189336,0.11239422592321854,0.5735764363510552,0.8191520442889855,0.0031541055453037483,0.0012118418067991877,0.003754105545303748,0.00011827895794889056,two-phase,False,
0.13847661745857634,1.0022325752053234,3109.311331833706,2094.126285730104,1.3298618962059567,2784.8987532357733,5940313.435746331,976.2666641077135,832.260069320537,287.52562376565817,4438512.836583063,314692.1623560929,197.1619059978619,37.76525999713071,107736.3891758308,2.3986305043107365,0.03622473428655187,9437.210115021684,0.7868757054363626,10904.971191413082,20.625143746108805,287.52562376565817,0.6042158298856632,,,0.0003590794813772315,2.4242255285824682e-05,9.17012968165777e-05,7445.8706415391,55303.12267332698,5140773.419591231,296.420746688338,5040499.735710383,0.108250904824056,0.029192113456863133,0.11271172373656098,0.5735764363510418,0.8191520442889949,0.003131221020225434,0.0012101427632857003,0.003731221020225434,0.00011742078825845379,two-phase,False,
0.14025945303342555,1.0022904324395123,3109.288806164389,2117.8481221964926,1.3291148671157251,2814.8634255044794,5994949.522516045,979.5408872430185,834.6046295143284,287.5468215462753,4440714.711804409,314294.09693786735,197.81141113242222,37.91838589217943,108419.48322058159,2.399308125292738,0.03623724043876806,9476.44286380216,0.7866485011484446,10958.530223310761,20.681331284743596,287.5468215462753,0.6020741342544536,,,0.00035525702275263326,2.4176393343152182e-05,9.125311329368062e-05,7500.689421195743,55743.45082840969,5184162.060406109,296.4303655627206,5030031.937700257,0.10851098380691274,0.029010004192536933,0.1130292215499034,0.5735764363510465,0.8191520442889915,0.003108336495147121,0.0012084235650739678,0.003708336495147121,0.00011656261856801704,two-phase,False,
0.14207773684190944,1.002350202399257,3109.2655385407265,2141.9906076614398,1.3283626485065316,2845.340316669265,6050405.505099258,982.8395818095405,836.9615185482287,287.5683289109826,4442950.335525995,313894.8633011389,198.4680125458215,38.073245537305645,109111.41129095353,2.3999971629106027,0.036249979338568265,9516.235317825289,0.78641614855903,11012.887708153474,20.73788673167793,287.5683289109826,0.5999242770731589,,,0.00035145180846788576,2.4110460553158996e-05,9.080270556646488e-05,7556.321372958118,56190.84126855977,5228154.8745986475,296.4401299907266,5019426.57057276,0.10877106278976947,0.028827894928210734,0.11334671936324582,0.5735764363510552,0.8191520442889855,0.0030854519700688077,0.0012066838514002256,0.0036854519700688076,0.00011570444887758029,two-phase,False,
0.14393244745867081,1.0024119629073038,3109.241498938842,2166.5639297970606,1.3276051247998022,2876.3413764049765,6106697.918895584,986.163213103348,839.331005572799,287.5901743576461,4445220.826359334,313494.4526880406,199.1321021937412,38.22982151968067,109812.39415146364,2.400698603515274,0.036262955745272475,9556.593791834417,0.7861786664112956,11068.055096531834,20.79481750495735,287.5901743576461,0.5977656132830801,,,0.00034766387891337845,2.4044452416127394e-05,9.035011041039624e-05,7612.784725705537,56645.479639979596,5272763.002292291,296.4500531438197,5008662.110286458,0.10903114177262621,0.028645785663884527,0.11366421717658826,0.5735764363510418,0.8191520442889949,0.003062567444990494,0.0012049232528389263,0.003662567444990494,0.00011484627918714351,two-phase,False,
0.14582459903133177,1.0024757955953527,3109.2166558763734,2191.578589938476,1.3268422565603524,2907.8790817033228,6163845.115697395,989.5119011357278,841.7129196525788,287.6123478795247,4447526.968408835,313092.856187683,199.80370728469305,38.38816787488064,110522.5763599569,2.4014122026060365,0.03627617498234069,9597.534715062255,0.7859358458981358,11124.054783004183,20.852123112905733,287.6123478795247,0.5955981210503417,,,0.00034389325412191444,2.397837367891529e-05,8.989527825122217e-05,7670.098257268308,57107.53051772394,5317999.473227731,296.46013072022606,4997751.66529491,0.10929122075548295,0.02846367639955833,0.11398171498993068,0.5735764363510418,0.8191520442889949,0.0030396829199121813,0.0012031413910412142,0.003639682919912181,0.0001139881094967068,two-phase,False,
0.14775524293067188,1.0025417861249084,3109.1909763287185,2217.045414828242,1.3260740346269972,2939.9663581925715,6221866.540031116,992.8856238225126,844.1069025164948,287.6348586992143,4449869.480136659,312690.0646959148,200.48297545117265,38.54831712197353,111242.14706404564,2.4021383352370336,0.03628964231511074,9639.079685827637,0.785687371250837,11180.914853063288,20.90979975299551,287.6348586992143,0.5934217270698963,,,0.0003401399465723066,2.3912232824150822e-05,8.943811961201236e-05,7728.281315248638,57577.177254499555,5363878.3732901355,296.4703671588519,4986690.0742027825,0.10955129973833967,0.02828156713523213,0.1142992128032731,0.5735764363510465,0.8191520442889915,0.003016798394833868,0.0012013378784638627,0.003616798394833868,0.00011312993980627007,two-phase,False,
0.14972546949623936,1.0026100244231344,3109.1644256396685,2242.975568879689,1.3253002673323575,2972.6161210561986,6280778.902773401,996.285181567689,846.5136198025327,287.65772562452673,4452249.371684605,312286.0691234766,201.17011694774945,38.71029135415288,111971.32077000798,2.402877691073163,0.03630336306501284,9681.226137403675,0.7854334714733773,11238.637667070674,20.967862085266088,287.65772562452673,0.5912363296208886,,,0.000336404015613254,2.3846017203220024e-05,8.897875611116198e-05,7787.353838796389,58054.61593438796,5410410.289758214,296.48077127407987,4975464.514720893,0.10981137872119642,0.028099457870905925,0.11461671061661553,0.5735764363510371,0.8191520442889981,0.0029939138697555536,0.0011995123180882756,0.0035939138697555534,0.00011227177011583326,two-phase,False,
0.1517364098841279,1.0026806049348955,3109.136967425969,2269.3805669856342,1.3245210403680396,3005.842309574824,6340604.502928393,999.7101080291864,848.9321376665287,287.68095782413104,4454667.593865091,311880.86006665527,201.86528510702217,38.87412527236092,112710.29653500208,2.4036306544555694,0.03631734282026249,9724.010146604567,0.7851735208033483,11297.26712504884,21.02629610836949,287.68095782413104,0.5890418506827532,,,0.0003326854495375873,2.3779746914197393e-05,8.851698281815008e-05,7847.336381391234,58540.042065509784,5457612.167581258,296.49134751428807,4964070.946453448,0.11007145770405315,0.02791734860657973,0.11493420842995795,0.5735764363510418,0.8191520442889949,0.0029710293446772408,0.0011976643031291166,0.0035710293446772406,0.00011141360042539652,two-phase,False,
0.15378923802422925,1.002753626892276,3109.1085634753517,2296.272287900499,1.3237361139054362,3039.6585548541516,6401360.280117818,1003.1614103336833,851.363365543498,287.7045452482531,4457125.151176109,311474.42818462156,202.56865148173964,39.03985180746859,113459.23649040131,2.4043969892549466,0.03633158753804367,9767.423309587375,0.7849078833101901,11356.79962705947,21.08512098744661,287.7045452482531,0.5868377390947244,,,0.0003289843191114542,2.3713404362141608e-05,8.805297555988688e-05,7908.250134685868,59033.64352703905,5505494.3000062965,296.5020915854061,4952523.4273863,0.11033153668690988,0.027735239342253533,0.11525170624330038,0.5735764363510418,0.8191520442889949,0.002948144819598928,0.00119579341673212,0.003548144819598928,0.0001105554307349598,two-phase,False,
0.15588517269488508,1.00282919460299,3109.079173637498,2323.6629882254347,1.322945540492163,3074.0795878795325,6463069.169716466,1006.6387569355275,853.8065195398167,287.72851623288585,4459622.634578237,311066.76384939754,203.28022207391362,39.20753761558963,114218.39117199872,2.4051777097125395,0.03634610294829869,9811.499123378046,0.7846360064009068,11417.276650850803,21.14432556850678,287.72851623288585,0.5846249115010692,,,0.00032530062134461177,2.3647006303417897e-05,8.758656118974581e-05,7970.116953468382,59535.64251990234,5554073.833209548,296.51301668733186,4940798.604017569,0.11059161566976662,0.027553130077927333,0.1155692040566428,0.5735764363510418,0.8191520442889949,0.0029252602945206148,0.0011938992316606134,0.0035252602945206146,0.00010969726104452305,two-phase,False,
0.15802547972355596,1.0029074177592143,3109.048755707391,2351.5653170278497,1.3221491306210007,3109.1200395068695,6525750.220363256,1010.14291178948,856.2621862620995,287.7528606987241,4462161.412797051,310657.85742752143,204.0003106432844,39.37719190953596,114987.93258349446,2.405972585334799,0.03636089536249364,9856.237575635347,0.7843580775346803,11478.703913777379,21.203923356866763,287.7528606987241,0.5824022882448824,,,0.0003216344133688089,2.3580541750924504e-05,8.711784949864805e-05,8032.959381805561,60046.24015329227,5603362.976716851,296.5241185312626,4928912.099965571,0.11085169465262336,0.027371020813601127,0.11588670186998523,0.5735764363510322,0.8191520442890015,0.002902375769442301,0.001191981309970255,0.003502375769442301,0.0001088390913540863,two-phase,False,
0.1602114743228824,1.0029884117685444,3109.0172653004074,2379.9923311285784,1.3213469104711477,3144.795513681772,6589427.216286356,1013.6736451450292,858.7296890158018,287.7776165046488,4464742.657683598,310247.6990169417,204.72926668054265,39.54881884604692,115768.1439588743,2.406782955573186,0.03637597078637381,9901.670486306068,0.7840735974104379,11541.12145929313,21.26390528840828,287.7776165046488,0.5801696999643383,,,0.0003179856991176031,2.351402497416916e-05,8.66466923103717e-05,8096.8006804328115,60565.68012092271,5653379.285478966,296.53541470349745,4916834.2955660075,0.1111117736354801,0.02718891154927493,0.11620419968332765,0.5735764363510418,0.8191520442889949,0.0028794912443639883,0.0011900392026714646,0.003479491244363988,0.00010798092166364955,two-phase,False,
0.16244452357234515,1.0030722981089053,3108.984655718491,2408.957511091891,1.32053874999249,3181.1217404823055,6654121.65720561,1017.2314315250828,861.2092295555768,287.80276394573,4467367.068838602,309836.2786277982,205.46693529656423,39.72252198963489,116559.18674516157,2.407608283194361,0.03639133601209536,9947.807686425778,0.7837825490766219,11604.545913392543,21.324278125834063,287.80276394573,0.5779276704666941,,,0.00031435452069444696,2.3447452572580033e-05,8.617312624408015e-05,8161.664855460662,61094.17083954841,5704137.246039873,296.54689654698757,4904586.922389576,0.11137185261833683,0.027006802284948728,0.11652169749667007,0.5735764363510599,0.8191520442889821,0.0028566067192856742,0.0011880724493790057,0.003456606719285674,0.00010712275197321279,two-phase,False,
0.16472604905665397,1.003159204709456,3108.9508778066556,2438.4747779556506,1.3197245596303608,3218.115052507263,6719856.50924336,1020.8165508478173,863.7007536954604,287.82833122911865,4470036.010055842,309423.5861280987,206.2137501886446,39.898293304619905,117361.3348353473,2.4084496051807815,0.03640699754509508,9994.666459732758,0.7834847639008027,11669.002103736124,21.38504412362504,287.82833122911865,0.5756755269958582,,,0.000310740910030824,2.338082620309523e-05,8.569713083519155e-05,8227.576688472162,61631.96432523269,5755652.785909398,296.55857728433614,4892150.189601655,0.11163193160119357,0.026824693020622528,0.11683919531001251,0.5735764363510371,0.8191520442889981,0.002833722194207361,0.0011860805779481394,0.003433722194207361,0.00010626458228277604,two-phase,False,
0.16705752967303114,1.0032492663597015,3108.9158797990026,2468.558510741218,1.3189042088302816,3255.7922095604044,6786654.643872954,1024.429460811814,866.2044221227031,287.8543273562337,4472750.664635313,309009.6112876643,206.9698871979202,40.07617668631526,118174.82566953736,2.409307336279362,0.036422962298725076,10042.258863055675,0.7831801905467639,11734.509435177531,21.446209462485076,287.8543273562337,0.573413177235007,,,0.0003071449084077204,2.3314143269682614e-05,8.521873074661438e-05,8294.561768090589,62179.30646229197,5807941.365117667,296.57046139352565,4879521.35502484,0.11189201058405031,0.026642583756296325,0.11715669312335493,0.5735764363510465,0.8191520442889915,0.002810837669129048,0.0011840631040967485,0.0034108376691290476,0.0001054064125923393,two-phase,False,
0.169440504620609,1.0033426251492603,3108.8796071533607,2499.2235647850375,1.3180776950657718,3294.170835725924,6854542.263735295,1028.0700178641682,868.7196213754232,287.8807517336177,4475512.1547730435,308594.3436143316,207.73546293118247,40.25622975058502,118999.88092928204,2.4101815791951644,0.036439237500283,10090.616090130348,0.7828683720722746,11801.108055943963,21.507766578476705,287.8807517336177,0.5711405566937091,,,0.00030356652701639067,2.3247416145029257e-05,8.473780557380132e-05,8362.64652310182,62736.44412309762,5861022.043780726,296.5825489788894,4866706.264304823,0.11215208956690703,0.02646047449197013,0.11747419093669735,0.5735764363510504,0.8191520442889888,0.002787953144050735,0.0011820195310127978,0.003387953144050735,0.00010454824290190256,two-phase,False,
0.17187657658662417,1.0034394309409806,3108.842002373561,2530.485290936482,1.3172449088781055,3333.268866477013,6923544.24574667,1031.7385573507545,871.2463330180592,287.90763245022384,4478321.506020419,308177.7724772694,208.51063976462646,40.438503602212606,119836.79449958539,2.411073392024931,0.0364558303198801,10139.755774667537,0.7825491554205184,11868.823787976236,21.569718640681284,287.90763245022384,0.56885803734804,,,0.0003000058021292823,2.3180645437673053e-05,8.42543471757542e-05,8431.858257221502,63303.65535501565,5914911.957669766,296.5948532838921,4853684.00586957,0.11241216854976378,0.026278365227643926,0.11779168875003979,0.5735764363510504,0.8191520442889888,0.0027650686189724214,0.0011799493489464575,0.003365068618972421,0.00010369007321146581,two-phase,False,
0.17436741514514623,1.0035398418803598,3108.8030048182754,2562.3595556691985,1.3164056362488654,3373.1045611790714,6993684.090782986,1035.435884429236,873.7851257191919,287.9349592938762,4481180.390523141,307759.8872305466,209.29576605018735,40.62301567803492,120685.77898673655,2.411982570119061,0.036472748543301556,10189.68080938845,0.7822227039529421,11937.666815828314,21.632079387043532,287.9349592938762,0.5665645253049297,,,0.0002964627932110261,2.311382050028318e-05,8.376846291890861e-05,8502.225185603089,63881.19751787083,5969626.198001069,296.6073700434848,4840471.581955573,0.1126722475326205,0.026096255963317726,0.1181091865633822,0.5735764363510552,0.8191520442889855,0.0027421840938941077,0.0011778520347861957,0.0033421840938941075,0.00010283190352102905,two-phase,False,
0.17691476038596232,1.003644024944543,3108.762550495203,2594.8627621561996,1.315559924870791,3413.697460432223,7064991.569767948,1039.1615821441824,876.3349995997726,287.96276983357416,4484089.916541514,307340.67688015144,210.0910761678571,40.80980796318585,121547.16483819582,2.412910504546587,0.03648999973396803,10240.433946666044,0.7818883447471451,12007.69039112428,21.6948346497447,287.96276983357416,0.564260355488638,,,0.0002929375000540867,2.3046960627832393e-05,8.327996204325601e-05,8573.776473189298,64469.37548503432,6025186.954973372,296.6201168951045,4827039.843521786,0.11293232651547724,0.025914146698991527,0.11842668437672463,0.5735764363510465,0.8191520442889915,0.0027192995688157945,0.0011757270516180862,0.0033192995688157943,0.0001019737338305923,two-phase,False,
0.17952042679276714,1.0037521565345113,3108.720571839327,2628.011872362038,1.314707613995513,3455.0672182649755,7137493.035441085,1042.9161794647825,878.8961458929934,287.9910633533076,4487051.722582009,306920.13033487514,210.89684827140465,40.99891651244228,122421.20107525309,2.4138573211524816,0.03650759208726931,10292.028444535335,0.7815460384212123,12078.916303722472,21.7579916306904,287.9910633533076,0.561944925427162,,,0.00028942996961493794,2.2980062153104824e-05,8.278888394084002e-05,8646.542275016525,65068.47398733015,6081611.917518948,296.6330939648852,4813396.993898457,0.11319240549833398,0.025732037434665327,0.11874418219006705,0.5735764363510685,0.8191520442889761,0.0026964150437374813,0.0011735738482675645,0.003296415043737481,0.00010111556414015555,two-phase,False,
0.18218630739180283,1.0038644231144507,3108.6769974737504,2661.82443020876,1.3138485443053929,3497.2341528263114,7211215.736752653,1046.7001833319623,881.468715993037,288.01984867048026,4490066.896580535,306498.2363976794,211.71313393022479,41.19042412108093,123308.16619537542,2.414823469448372,0.03652553397092995,10344.47913004658,0.7811957194351405,12151.368270845729,21.821556913129943,288.01984867048026,0.559618656924764,,,0.0002859402477217157,2.2913122193364306e-05,8.229525907788165e-05,8720.553778589168,65678.795803584,6138919.422767971,296.6463057635452,4799540.229871411,0.11345248448119072,0.02554992817033912,0.11906168000340948,0.5735764363510322,0.8191520442890015,0.0026735305186591676,0.0011713918588228012,0.0032735305186591675,0.00010025739444971878,two-phase,False,
0.18491437819424153,1.00398102190273,3108.6317519515355,2696.318585875945,1.3129826727746317,3540.219583535313,7286190.386768697,1050.5135435062266,884.0521349256385,288.0491441113822,4493136.925772357,306074.9836097566,212.54019789509923,41.384374982045955,124208.36922979087,2.4158097267320358,0.03654383393957576,10397.819470330507,0.780836940273275,12225.09030837973,21.8855242452225,288.0491441113822,0.5572814092331781,,,0.00028246835440681506,2.2846151382878002e-05,8.179898673750874e-05,8795.84324844904,66300.6626285117,6197131.502263688,296.6597611906786,4785459.759159173,0.11371256346404746,0.025367818906012928,0.1193791778167519,0.5735764363510418,0.8191520442889949,0.0026506459935808553,0.0011691805021388352,0.003250645993580855,9.939922475928207e-05,two-phase,False,
0.18770670295801253,1.0041021616193981,3108.584755476752,2731.5131212989927,1.3121098576490646,3584.0452927541737,7362446.580219841,1054.3566476165024,886.6463729096611,288.0789679504009,4496263.608616012,305650.36036607664,213.37846056616405,41.58078584657559,125122.12773947566,2.4168168799624654,0.036562500839390014,10452.06997477802,0.780469535976959,12300.112767952918,21.949897205431977,288.0789679504009,0.5549325082476981,,,0.0002790143311028154,2.277914995776218e-05,8.130006763884554e-05,8872.44407307364,66934.40796402894,6256268.401255479,296.67346915508847,4771147.184836793,0.11397264244690418,0.02518570964168673,0.11969667563009433,0.5735764363510599,0.8191520442889821,0.002627761468502542,0.001166939181321544,0.003227761468502542,9.854105506884532e-05,two-phase,False,
0.19056543829749314,1.0042280632956473,3108.535923602761,2767.4274769338795,1.3112299795397895,3628.733873957862,7440015.433086632,1058.229758556879,889.2512256766684,288.1093288784833,4499448.546837384,305224.3548774711,214.22813542965724,41.77971673186403,126049.74483212152,2.417845402791282,0.03658154390888789,10507.255830108803,0.7800932523413507,12376.471300226789,22.014676380108217,288.1093288784833,0.5525718375392316,,,0.00027557821398164405,2.271212128522519e-05,8.079847443929157e-05,8950.390814246484,67580.36955010843,6316351.699855395,296.68743419001197,4756602.0646901885,0.11423272142976093,0.025003600377360522,0.12001417344343676,0.5735764363510284,0.8191520442890042,0.0026048769434242275,0.0011646672831904994,0.0032048769434242274,9.768288537840853e-05,two-phase,False,
0.1934928391725231,1.0043589611513182,3108.485166905562,2804.081779861121,1.3103429129199837,3674.3086874890737,7518929.011952957,1062.133144944338,891.8664806985287,288.1402355521385,4502693.170594709,304796.95516831503,215.0894401356383,41.981230009983896,126991.53205545925,2.4188957758311305,0.03660097269972955,10563.402989890448,0.7797078296557868,12454.20266619316,22.079862330238917,288.1402355521385,0.5501992782520023,,,0.00027216004017435285,2.264506872922109e-05,8.029418075189129e-05,9029.719259052894,68238.89770130467,6377403.623054712,296.7016608348683,4741823.300910778,0.11449280041261767,0.024821491113034323,0.12033167125677918,0.5735764363510552,0.8191520442889855,0.0025819924183459147,0.0011623641777196844,0.0031819924183459146,9.682471568797181e-05,two-phase,False,
0.19649126479163487,1.004495103547206,3108.43239062973,2841.4968733063483,1.3094484323402824,3720.793626250812,7599218.201280915,1066.0675178060455,894.4924797317706,288.1717251510502,4505999.696295512,304368.1491965286,215.9629463049507,42.18532220708447,127947.88058581563,2.4199694622343637,0.036620796828024924,10620.524613679063,0.7793132841700786,12533.330162078792,22.145465583377028,288.1717251510502,0.5478140774488618,,,0.0002687598669662395,2.2577985462419594e-05,7.978725423077333e-05,9110.466474665627,68910.38076408205,6439444.497809004,296.71616679611805,4726787.228890888,0.11475287939547439,0.024639381848708126,0.1206491690701216,0.5735764363510552,0.8191520442889855,0.002559107893267602,0.0011600292174550068,0.003159107893267602,9.596654599753508e-05,two-phase,False,
0.199563184968263,1.0046367540197163,3108.3774943042667,2879.694347660019,1.3085465585345661,3768.2141282619605,7680920.723638337,1070.032415655283,897.1280366033521,288.2037871839576,4509369.123039496,303937.9245218928,216.84844496693654,42.392145664212975,128919.07374515486,2.4210663133679153,0.0366410266919277,10678.671870967748,0.778908856751806,12613.918284519046,22.211469616195814,288.2037871839576,0.5454172365121727,,,0.00026537770040717856,2.2510892284021487e-05,7.927750738858768e-05,9192.670866096445,69595.18005657491,6502502.253825038,296.73094785877464,4711508.436673157,0.11501295837833114,0.02445727258438192,0.12096666688346404,0.5735764363510284,0.8191520442890042,0.002536223368189288,0.0011576617369074716,0.0031362233681892877,9.510837630709829e-05,two-phase,False,
0.20271118697307539,1.0047841924063157,3108.3203713252938,2918.6965730842353,1.3076371017774227,3816.595927795565,7764070.745204271,1074.0283236238397,899.7731671686712,288.2364587079321,4512803.683783043,303506.2685664706,217.74651827500088,42.60170178880782,129905.52277712218,2.422187815973735,0.03666167260947645,10737.867371165295,0.7784943942613152,12696.001135805453,22.277879470389685,288.2364587079321,0.5430079941523654,,,0.0002620135898372642,2.244378782390701e-05,7.876495829696998e-05,9276.37223710278,70293.71299781055,6566600.068050394,296.74602175114495,4695963.596484646,0.11527303736118787,0.02427516332005572,0.12128416469680646,0.5735764363510552,0.8191520442889855,0.0025133388431109746,0.0011552610519208217,0.0031133388431109745,9.425020661666157e-05,two-phase,False,
0.20593798293052865,1.0049377160712318,3108.2609085022277,2958.5267338005515,1.3067197982915777,3865.9654568320966,7848701.868121687,1078.0560461563598,902.4282845165367,288.2697386627797,4516305.456746918,303073.16870251787,218.6574969426821,42.81404472907867,130907.55415366717,2.4233341646206985,0.03668274561829261,10798.123531641913,0.7780699556753735,12779.602142002295,22.34470733680984,288.2697386627797,0.5405857201124731,,,0.00025866759834409744,2.2376663630600282e-05,7.824969736055656e-05,9361.611854452372,71006.3790144757,6631759.846142433,296.7613886610326,4680163.197593274,0.1155331163440446,0.024093054055729524,0.12160166251014888,0.5735764363510552,0.8191520442889855,0.002490454318032662,0.001152826459012387,0.0030904543180326617,9.339203692622482e-05,two-phase,False,
0.20924641781323694,1.00509764124201,3108.198985563616,2999.208864158906,1.305794604904994,3916.350753801935,7934854.28733116,1082.1153209102083,905.0924030709865,288.30367345707043,4519876.674555041,302638.6119472747,219.58189353658244,43.029196823051315,131925.6255492027,2.424507203102154,0.036704256717969286,10859.489648951272,0.7776348673657838,12864.784822345971,22.41194073678603,288.30367345707043,0.5381501367565554,,,0.0002553397442834289,2.2309536058129976e-05,7.773157606670673e-05,9448.432515763905,71733.6364005443,6698010.824832127,296.77707073352013,4664075.705546058,0.11579319532690134,0.023910944791403318,0.12191916032349132,0.5735764363510371,0.8191520442889981,0.0024675697929543478,0.0011503572346857989,0.0030675697929543476,9.253386723578804e-05,two-phase,False,
0.21263947809529843,1.005264304468908,3108.1344746183695,3040.767886594615,1.3048613677159138,3967.780543408478,8022567.004439837,1086.2063672870754,907.765139586068,288.3382524161828,4523518.85996262,302202.5850946303,220.51967019389215,43.24729223825069,132960.06082161007,2.4257068207106878,0.03672621782520981,10921.999523584444,0.7771887807244064,12951.596339471702,22.479578031939713,288.3382524161828,0.5357017036760381,,,0.0002520300679585875,2.2242410390870495e-05,7.72105595163098e-05,9536.878621157914,72475.90911987553,6765380.166564882,296.7930637866195,4647718.095152539,0.11605327430975808,0.023728835527077122,0.12223665813683374,0.5735764363510371,0.8191520442889981,0.002444685267876035,0.0011478526347141707,0.003044685267876035,9.167569754535132e-05,two-phase,False,
0.21612030112912162,1.005438064220434,3108.0672395676324,3083.229651587725,1.3039198140518835,4020.28423397752,8111877.512043593,1090.329925502651,910.4467683582127,288.37351229666825,4527234.574590549,301765.07486133475,221.47144484637732,43.46834083124269,134011.31696545318,2.426934562779557,0.0367486408583098,10985.671810753454,0.7767316679724902,13040.067922870247,22.547629363459848,288.37351229666825,0.5332396366903958,,,0.0002487386318480863,2.217528024521674e-05,7.668671711794966e-05,9626.996248970097,73233.68223244326,6833892.633338923,296.8093856022611,4631069.013799177,0.11631335329261482,0.023546726262750922,0.12255415595017616,0.5735764363510552,0.8191520442889855,0.0024218007427977218,0.0011453118933922434,0.0030218007427977216,9.081752785491457e-05,two-phase,False,
0.21969218532631327,1.0056193026304314,3107.997135461814,3126.6209797467636,1.3029698580934226,4073.8928942925586,8202829.474360777,1094.4858117221117,913.1363419454119,288.4094612998008,4531025.916875507,301326.06761901546,222.4374849627089,43.69242548047836,135079.78978906327,2.4281910010533427,0.03677153843153289,11050.556514471575,0.776262884482186,13130.264966162065,22.616083422965424,288.4094612998008,0.5307637848400802,,,0.00024546546164750174,2.2108160402887298e-05,7.615992537676083e-05,9718.833235798185,74007.43353521315,6903579.700683864,296.82604080140084,4614130.901625229,0.11657343227547154,0.023364616998424726,0.12287165376351858,0.5735764363510371,0.8191520442889981,0.002398916217719409,0.001142734222755924,0.002998916217719409,8.995935816447784e-05,two-phase,False,
0.2233586012235024,1.0058084274136685,3107.9240077967565,3170.9697061475313,1.3020112085525797,4128.638099384766,8295462.972903125,1098.6747655007841,915.8340937103744,288.4461360006405,4534895.640460981,300885.549657005,223.41843085816816,43.919560366995015,136165.96232798154,2.4294777168150357,0.03679492337594999,11116.674799695142,0.7757823786532406,13222.222184795406,22.68494993939915,288.4461360006405,0.5282733500977574,,,0.00024221062149986364,2.204104489257001e-05,7.563025231491929e-05,9812.439261174619,74797.68745310557,6974467.899104,296.8430471984115,4596883.567348724,0.11683351125832829,0.02318250773409852,0.12318915157686101,0.5735764363510418,0.8191520442889949,0.002376031692641095,0.0011401188117675417,0.0029760316926410947,8.910118847404106e-05,two-phase,False,
0.22712320353208787,1.006005873969519,3107.8476917420858,3216.3047270665734,1.3010437328170856,4184.553107979932,8389823.794354977,1102.896726164518,918.5391916178986,288.4835349819783,4538845.3859514985,300443.50694836583,224.41416993886818,44.14991236907578,137270.23085624352,2.430794978859865,0.036818809335974076,11184.075231582203,0.7752895659425343,13316.004238658974,22.754219986147096,288.4835349819783,0.5257692749378241,,,0.00023897414471643402,2.1973945945165468e-05,7.509760301042889e-05,9907.86593717991,75604.95332119014,7046589.863900055,296.8604050453526,4579336.311208331,0.11709359024118501,0.02300039846977232,0.12350664939020344,0.5735764363510552,0.8191520442889855,0.0023531471675627812,0.0011374648254650528,0.002953147167562781,8.82430187836043e-05,two-phase,False,
0.23098984428032157,1.006212107695832,3107.7680112939374,3262.6560492589338,1.3000672531908324,4241.672288066515,8485958.386399115,1107.1517896510163,921.2509828188968,288.5217135671123,4542878.558205664,299999.92519143946,225.42566068331445,44.383442741205606,138393.15693864276,2.432145074587332,0.03684320997837249,11252.803836514686,0.7747839370174486,13411.673521020984,22.82388799437131,288.5217135671123,0.5232501409236318,,,0.00023575607262574046,2.190687231392421e-05,7.456191044560063e-05,10005.16690333633,76429.81731619198,7119978.348511614,296.8781409821475,4561455.115037501,0.11735366922404175,0.022818289205446124,0.12382414720354586,0.5735764363510552,0.8191520442889855,0.002330262642484469,0.0011347714040733225,0.0029302626424844687,8.738484909316758e-05,two-phase,False,
0.23496258717161683,1.0064276265381962,3107.684778343137,3310.054841940315,1.2990815008506733,4300.0310119658625,8583912.631579334,1111.4404238971929,923.9692775398737,288.56066071666766,4546997.1635536095,299554.78991635266,226.45290025849073,44.62030698487239,139535.1391318005,2.433527971549455,0.03686814006657703,11322.894321382573,0.7742652353907492,13509.279547538292,22.893956745798224,288.56066071666766,0.5207163853535397,,,0.00023255646231789057,2.1839824611871254e-05,7.402319246419202e-05,10104.397927148546,77272.82452883363,7194664.619185036,296.8962508927224,4543259.391513588,0.1176137482068985,0.022636179941119917,0.12414164501688829,0.5735764363510465,0.8191520442889915,0.002307378117406155,0.0011320376620754919,0.0029073781174061546,8.65266794027308e-05,two-phase,False,
0.23904572329996912,1.0066529638033876,3107.5977916487154,3358.533491645285,1.2980862012194652,4359.665981838174,8683734.122156136,1115.7630597377179,926.693814314817,288.6004220757246,4551204.377238007,299108.08647332777,227.49663769781282,44.86051800134012,140696.7440322159,2.4349456664122844,0.036893614441031695,11394.38419032958,0.7737331509102905,13608.876424318709,22.96442793414865,288.6004220757246,0.5181671457471246,,,0.0002293753705366135,2.177280450589793e-05,7.348145201855357e-05,10205.617010687083,78134.60016259558,7270681.260482886,296.91475705880686,4524723.043041594,0.11787382718975523,0.022454070676793718,0.12445914283023071,0.5735764363510418,0.8191520442889949,0.0022844935923278416,0.0011292626872423277,0.0028844935923278414,8.566850971229405e-05,two-phase,False,
0.24324378838289842,1.006888691269952,3107.5068357051337,3408.125660145576,1.2970811257200054,4420.615467856861,8785473.704179581,1120.1198376591742,929.4239248107599,288.6410242436422,4555503.162396622,298659.7999457573,228.5573304083861,45.1041517033073,141878.5036179455,2.436399510841111,0.03691964868887692,11467.32214110328,0.7731871720931048,13710.53081535743,23.035296281266476,288.6410242436422,0.5156021609667419,,,0.00022621284463016314,2.1705820228873137e-05,7.293663633211639e-05,10308.884503642777,79015.77708817513,7348063.943313688,296.93367298999067,4505836.1510825455,0.11813390617261196,0.022271961412467522,0.12477664064357313,0.5735764363510465,0.8191520442889915,0.002261609067249529,0.0011264455396173146,0.0028616090672495286,8.481034002185733e-05,two-phase,False,
0.24756158169670803,1.0071354226338167,3107.411679489955,3458.8663456258682,1.2960660813127247,4482.9193503597835,8889185.400190325,1124.5106488307908,932.1585835235985,288.68249370509636,4559896.604491778,298209.91507395095,229.63544592230764,45.3512879141427,143080.96659758443,2.4378908808026756,0.036946259010784695,11541.767356540535,0.7726266072148897,13814.321216966422,23.106550444347977,288.68249370509636,0.5130211627847971,,,0.0002230689249227166,2.1638885527471864e-05,7.238864539879265e-05,10414.26322331512,79917.01563401075,7426851.328181534,296.9530122165285,4486589.498913055,0.1183939851554687,0.022089852148141315,0.12509413845691555,0.5735764363510552,0.8191520442889855,0.002238724542171215,0.0011235852504551248,0.002838724542171215,8.395217033142057e-05,two-phase,False,
0.25200418692080606,1.0073938173322845,3107.3120750767544,3510.7919473289503,1.2950406900743408,4546.618426176322,8994920.2933558,1128.9361811224264,934.89778840084,288.7248473989798,4564387.62596437,297758.4164924667,230.7313920136491,45.602024458871156,144304.67241327348,2.4394208363755077,0.036973462326720455,11617.753059667266,0.772051283494836,13920.298611405187,23.178197281457713,288.7248473989798,0.5104239157163819,,,0.0002199436825933497,2.157199690417659e-05,7.18375394031188e-05,10521.818582035816,80838.9951687809,7507077.662398556,296.9727838869278,4466981.707223391,0.11865406413832542,0.021907742883815126,0.12541163627025798,0.5735764363510495,0.8191520442889895,0.002215840017092903,0.0011206808211109386,0.0028158400170929026,8.309400064098385e-05,two-phase,False,
0.25657699514344956,1.0076645847972827,3107.207756095497,3563.9403338979155,1.2940046714949291,4611.7554409931,9102734.506420089,1133.3965636138992,937.640772271169,288.76811159056166,4568979.41921395,297305.2885641486,231.84565634317565,45.85644989110314,145550.20456836506,2.4409908016096837,0.03700127615294688,11695.333820560747,0.7714606389204294,14028.537582200126,23.250230412041727,288.76811159056166,0.5078101382337824,,,0.0002168371703128861,2.150516322371759e-05,7.128326770630983e-05,10631.618722570753,81782.43512758084,7588782.3736951435,296.99300157114203,4447004.354962745,0.11891414312118218,0.02172563361948892,0.12572913408360042,0.5735764363510542,0.8191520442889861,0.002192955492014589,0.0011177312218779477,0.002792955492014589,8.223583095054709e-05,two-phase,False,
0.26128573029252056,1.0079484891952186,3107.0984360204025,3618.3509156598475,1.292957777255034,4678.374957240274,9212687.637592357,1137.8916661921826,940.3863928125392,288.8123406579565,4573675.984858891,296850.51530184515,232.97912751043066,46.11458020679632,146818.24675358372,2.442603260076994,0.03702971848993422,11774.575986305692,0.7708539154076425,14139.126024322853,23.322637112285634,288.8123406579565,0.5051788818812004,,,0.00021374943418171207,2.1438398993766263e-05,7.072572931875339e-05,10743.734662089182,82748.11770594449,7672008.187799242,297.0136920789266,4426627.802015462,0.11917422210403888,0.02154352435516273,0.12604663189694285,0.5735764363510495,0.8191520442889895,0.0021700709669362768,0.001114735390770196,0.0027700709669362766,8.137766126011038e-05,two-phase,False,
0.26613647733247636,1.0082463547221583,3106.983806261364,3674.064721114122,1.2918996136188525,4746.522793617992,9324837.668827858,1142.4219418654513,943.1342500713338,288.85755113871056,4578480.585298706,296394.0805465791,234.1320741884331,46.376561105423654,148109.39562701833,2.4442593594360718,0.037058808385874366,11855.526726516739,0.7702307392780093,14252.131680740353,23.395417912866556,288.85755113871056,0.5025304230661874,,,0.0002106805431008495,2.1371706282922168e-05,7.016494250830927e-05,10858.240445339452,83736.81952755248,7756794.890732862,297.03486463134,4405852.75077475,0.11943430108689561,0.02136141509083654,0.12636412971028527,0.5735764363510446,0.8191520442889928,0.0021471864418579653,0.0011116922322477328,0.002747186441857965,8.05194915696737e-05,two-phase,False,
0.27113571359107924,1.0085590715325494,3106.8635340318006,3731.1244779081453,1.290829784261002,4816.246604869115,9439245.178488987,1146.9877317948208,945.8837659443343,288.90376886198266,4583397.08661434,295935.9679379073,235.3052011548317,46.64245946906922,149424.29493148474,2.445960619349002,0.03708856559376823,11938.239301602767,0.7695906446303883,14367.629487059996,23.468570444569785,288.90376886198266,0.49986391665700236,,,0.00020763056422173708,2.1305089765946575e-05,6.960090395570376e-05,10975.213307725418,84749.3631459821,7843184.421535402,297.0565328771999,4384674.216722996,0.11969438006975233,0.021179305826510356,0.1266816275236277,0.5735764363510408,0.8191520442889955,0.0021243019167796534,0.001108600615880867,0.002724301916779653,7.9661321879237e-05,two-phase,False,
0.2762903436641078,1.0088876023944535,3106.73725996073,3789.574698605252,1.2897479630145816,4887.59624821772,9555975.787435532,1151.5889002900326,948.6336934957029,288.95104768653755,4588429.603742983,295476.16077197605,236.49926686166538,46.91233929079329,150763.6932694113,2.4477096363256994,0.037119010470403696,12022.78683565007,0.768932822973875,14485.716500415425,23.54208088171729,288.95104768653755,0.4971789190296184,,,0.00020459955143894173,2.12385643610756e-05,6.90335200175512e-05,11094.733849038312,85786.64101618432,7931223.829741241,297.07872372006074,4363064.079135328,0.11995445905260906,0.02099719656218416,0.1269991253369701,0.5735764363510408,0.8191520442889955,0.002101417391701341,0.001105459374950101,0.002701417391701341,7.880315218880028e-05,two-phase,False,
0.28160773840309766,1.0092329901792907,3106.6045954117594,3849.461771572831,1.2886536458606364,4960.622946538473,9675092.7360789,1156.2260158766655,951.3836928466387,288.9994130853688,4593582.518263166,295014.64222413936,237.71501340184687,47.18627594506876,152128.2800957421,2.44950800931912,0.037150164459530274,12109.218850984355,0.76825692967393,14606.464905184499,23.615951510813225,288.9994130853688,0.49447456201229834,,,0.0002015875850225224,2.1172130192216095e-05,6.846283522339855e-05,11216.886218665264,86849.55542996855,8020956.207080863,297.1014508732378,4341020.018641608,0.12021453803546578,0.020815087297857974,0.12731662315031253,0.5735764363510542,0.8191520442889861,0.002078532866623029,0.0011022673049780993,0.002678532866623029,7.794498249836359e-05,two-phase,False,
0.2870957785981361,1.009596366314592,3106.465119464714,3910.83405734451,1.2875464882084815,5035.3806565000505,9796667.479696546,1160.8987069135069,954.1321309505823,289.04889037946305,4598859.333384172,294551.39506562025,238.95264781949479,47.46445966037795,153518.76804341894,2.4513573732467986,0.03718204991318295,12197.621332083594,0.7675619735911096,14729.986988221151,23.690162285835775,289.04889037946305,0.49175158443988937,,,0.00019859471770205183,2.110580729533235e-05,6.788872256300369e-05,11341.758313168908,87939.05142472537,8112433.522801571,297.1247280777782,4318536.599161279,0.1204746170183225,0.020632978033531778,0.12763412096365495,0.5735764363510495,0.8191520442889895,0.0020556483415447163,0.0010990231621898117,0.002655648341544716,7.708681280792687e-05,two-phase,False,
0.2927629040637618,1.0099789603510345,3106.3183755078694,3973.7419908378297,1.286425936039288,5111.9247601421785,9920768.358888289,1165.6074252527326,956.8784423533814,289.09954219468216,4604265.39086781,294086.40192826197,240.21341865131046,47.746882966024565,154936.00847452108,2.4532608122607673,0.0372146898593821,12288.053578983792,0.7668474901029712,14856.366915053164,23.76471207084851,289.09954219468216,0.4890083868976435,,,0.0001956210325701638,2.103959848153749e-05,6.731120776148531e-05,11469.441987212784,89056.16359823712,8205702.904064965,297.1485867598084,4295583.553344408,0.12073469600117923,0.020450868769205578,0.1279516187769974,0.5735764363510556,0.8191520442889851,0.002032763816466403,0.0010957256618966168,0.002632763816466403,7.622864311749012e-05,two-phase,False,
0.2986181689747142,1.0103821108241133,3106.1638673789425,4038.238189839348,1.2852915065865087,5190.313246973791,10047469.626995254,1170.3520678014459,959.6212800946744,289.1514121453164,4609805.5916749155,293619.6451434385,241.4980848862971,48.03364500533414,156380.82444039852,2.4552207671516264,0.0372481084842484,12380.597400243429,0.7661126310855984,14985.71391094068,23.839586365937574,289.1514121453164,0.48624451785251144,,,0.00019266659879980258,2.0973518261810485e-05,6.673022092527244e-05,11600.033278896444,90201.9547125732,8300817.504075375,297.17304956803207,4272145.5875148885,0.12099477498403595,0.02026875950487939,0.12826911659033982,0.5735764363510495,0.8191520442889895,0.0020098792913880916,0.0010923734768000753,0.0026098792913880915,7.537047342705344e-05,two-phase,False,
0.3046713044578841,1.0108072776258117,3106.0010549811445,4104.377570201883,1.2841426695322467,5270.606369767322,10176847.965701811,1175.1325264419734,962.3592507838448,289.20451556067286,4615484.277594568,293151.1067536693,242.80701110865198,48.324933440292064,157853.9800504311,2.457238666002031,0.03728233124751636,12475.337106744337,0.7653565363362865,15118.140649085484,23.91477015669333,289.20451556067286,0.48346018700993637,,,0.0001897314900494355,2.0907581244725394e-05,6.614570026906657e-05,11733.632650661862,91377.5057238744,8397832.246910295,297.1981259433552,4248229.611172416,0.12125485396689267,0.0200866502405532,0.12858661440368224,0.5735764363510408,0.8191520442889955,0.0019869947663097793,0.001088965235210585,0.002586994766309779,7.451230373661672e-05,two-phase,False,
0.3109327896452877,1.011256056144845,3105.8293492860257,4172.2174682346895,1.282978751123155,5352.866356809954,10308979.441405773,1179.9491284412406,965.0915117105455,289.2589236627444,4621307.239662406,292680.7686681426,244.14140188221774,48.6207794152331,159356.44273089,2.4593181228788814,0.037317384319030276,12572.34459402489,0.7645786091800894,15253.747190830381,23.990258288881563,289.2589236627444,0.48065424524147976,,,0.00018681579799349803,2.084179311365431e-05,6.555766183152286e-05,11870.345247041085,92584.0205920087,8496800.184808623,297.2238518657337,4223800.598011298,0.1215149329497494,0.019904540976227007,0.12890411221702466,0.5735764363510408,0.8191520442889955,0.0019641102412314673,0.001085499519175921,0.002564110241231467,7.365413404618002e-05,two-phase,False,
0.3174139326377329,1.0117301934875418,3105.648106616857,4241.817770806463,1.281753460984948,5436.964608598641,10442342.641015442,1185.0281664942524,967.7869930967579,289.3146793185052,4627279.906651378,292208.68500895024,245.50207505728187,48.921302061633035,160889.12519569622,2.4614617554054994,0.03735329526690381,12671.712606298788,0.7635515105672241,15390.963535217072,24.033986002065703,289.3146793185052,0.4778261999745838,,,0.00018392615585881967,2.080387331327502e-05,6.497319012626041e-05,12010.281170634991,93822.72919823599,8597406.171528593,297.25025012002834,4198846.645673213,0.12177501193260612,0.019722431711900818,0.12922161003036708,0.5735764363510446,0.8191520442889928,0.001941225716153155,0.0010819748625142903,0.002541225716153155,7.279596435574331e-05,two-phase,False,
0.3241269631330605,1.0122316071580266,3105.456622083939,4313.24105372398,1.280503805008266,5523.12158121142,10578308.000929868,1190.1795735186483,970.4677817319357,289.3718251265233,4633407.677316107,291734.85004753974,246.88967334568386,49.22666717140746,162452.97277590277,2.4636722468599697,0.03739009291354071,12773.547159712445,0.7624663402204536,15531.30347983893,24.073145812762856,289.3718251265233,0.4749760867730993,,,0.00018105703184260953,2.0770031631466922e-05,6.438609620229831e-05,12153.555777845488,95094.9243015558,8700011.321988698,297.27734354016906,4173356.22476451,0.12203509091546284,0.019540322447574632,0.1295391078437095,0.573576436351047,0.8191520442889911,0.001918341191074844,0.0010783897487461735,0.0025183411910748438,7.193779466530665e-05,two-phase,False,
0.3310851388536378,1.012762406659882,3105.2541220152166,4386.552728995819,1.2792362262558465,5611.437159312896,10717188.961774848,1195.3710283431606,973.1375256639476,289.4304127182777,4639697.469241757,291259.24738938035,248.3055245637688,49.536916335793045,164048.99524648828,2.4659527133537726,0.037427807340896374,12877.925584083601,0.7613558109911397,15675.116959952527,24.11245116638595,289.4304127182777,0.4721022525785963,,,0.00017820746657393682,2.073617470699233e-05,6.379537725650428e-05,12300.28999603062,96401.97770562553,8804729.321822979,297.30515943483243,4147316.078981962,0.12229516989831958,0.019358213183248426,0.12985660565705195,0.5735764363510542,0.8191520442889861,0.0018954566659965294,0.0010747426089188202,0.0024954566659965293,7.107962497486986e-05,two-phase,False,
0.3383028683856168,1.0133249185867534,3105.0397551904625,4461.821201641791,1.277950037599909,5701.984572402199,10859076.858797545,1200.6016212544555,975.7935481018253,289.49050269904865,4646154.263722591,290781.86025913147,249.75007205099038,49.85228056860421,165678.26991631775,2.46830671757102,0.03746646997000027,12984.978818544829,0.7602185248908192,15822.56837054334,24.151883663503774,289.49050269904865,0.4692056942400554,,,0.00017537753519012212,2.070231899781616e-05,6.320086452346676e-05,12450.61066391509,97745.34559348966,8911630.507657865,297.3337295981573,4120698.6789128096,0.1225552488811763,0.019176103918922233,0.13017410347039438,0.5735764363510408,0.8191520442889955,0.0018725721409182175,0.0010710318193168505,0.0024725721409182173,7.022145528443316e-05,two-phase,False,
0.3457958536553433,1.0139217159037577,3104.812582642356,4539.1180367647585,1.2766441501179602,5794.838488330649,11004055.068354042,1205.8718113829934,978.4348598452282,289.5521645849738,4652786.500204135,290302.6719990309,251.2250540328691,50.172746288359455,167341.94490549358,2.470738283725389,0.037506113645827906,13094.791462829926,0.7590538443841126,15973.771941240006,24.191440735449,289.5521645849738,0.4662840817840235,,,0.0001725673635276892,2.0668467226398944e-05,6.260262157732875e-05,12604.650897270538,99126.57430062284,9020775.23678525,297.3630903211814,4093482.200888083,0.12281532786403303,0.018993994654596044,0.1304916012837368,0.5735764363510495,0.8191520442889895,0.0018496876158399056,0.001067255699051928,0.0024496876158399054,6.936328559399646e-05,two-phase,False,
0.3535812560391162,1.0145556522928063,3104.5715657309065,4618.518137662564,1.2753175182273242,5890.077089211704,11152214.35224695,1211.1813463272586,981.0595375443868,289.6154303316094,4659600.397963347,289821.6658889318,252.73113592582865,50.498528546267714,169041.08620817904,2.473250065170339,0.03754677304432907,13207.476083007798,0.7578607341253184,16128.873231998043,24.231111364958625,289.6154303316094,0.46333742790336396,,,0.00016977706485906698,2.063462927759334e-05,6.200061130222672e-05,12762.550482081124,100547.24286959214,9132231.508749437,297.39326025798016,4065668.343559157,0.12307540684688974,0.018811885390269855,0.13080909909707922,0.5735764363510495,0.8191520442889895,0.0018268030907615937,0.0010634125075240043,0.0024268030907615935,6.850511590355976e-05,two-phase,False,
0.36167789111353854,1.0152299026576364,3104.315552123635,4700.09993582519,1.2739691217872249,5987.782187555409,11303653.577325135,1216.5291859432043,983.6646248141974,289.6804057705294,4666604.5457676165,289338.82495094475,254.2700370100342,50.82964729000036,170777.05254221143,2.47584777046639,0.037588484000271136,13323.179108738517,0.7566376911017936,16288.055646138357,24.270875573597763,289.6804057705294,0.460364252328922,,,0.00016700674284350733,2.0600822516016183e-05,6.139468219689465e-05,12924.456297635375,102009.11988392257,9246076.048956815,297.4242935645949,4037206.5233901693,0.12333548582974646,0.018629776125943666,0.13112659691042164,0.5735764363510495,0.8191520442889895,0.0018039185656832817,0.0010595004417460684,0.0024039185656832816,6.764694621312307e-05,two-phase,False,
0.3701064583565023,1.0159480111737793,3104.0432592180737,4783.945593735858,1.2725975597814008,6088.0374887152375,11458464.78969426,1221.9154288731347,986.2485734198598,289.7471220157812,4673805.870275873,288854.1324022802,255.84248010450978,51.166337845413764,172550.99949342076,2.4785342711805214,0.03763128462563421,13442.006275506705,0.7553838750629254,16451.458595807835,24.310726189423953,289.7471220157812,0.4573645259287219,,,0.0001642565443878419,2.0567053246542597e-05,6.0784883855515415e-05,13090.522772235896,103513.96741154503,9362376.88067315,297.4562090496667,4008102.543597312,0.12359556481260318,0.018447666861617477,0.13144409472376406,0.5735764363510408,0.8191520442889955,0.0017810340406049698,0.0010555176335237666,0.0023810340406049697,6.678877652268637e-05,two-phase,False,
0.3788898138282847,1.0167139486504992,3103.753254416851,4870.141221475702,1.2712015013756575,6190.930832651391,11616750.709870774,1227.3390246530103,988.8083448243057,289.81566535479624,4681212.8303900855,288367.57136114425,257.4498917555394,51.5087121772447,174364.32045509186,2.481314790440973,0.03767521453272344,13564.110377250956,0.7540977818747556,16619.27377935795,24.350642689261367,289.81566535479624,0.45433736067795993,,,0.00016152659867009527,2.0533338950454067e-05,6.017110093234368e-05,13260.912374498883,105063.72647891013,9481213.857214823,297.4890521911168,3978322.6337879295,0.12385564379545991,0.018265557597291284,0.13176159253710648,0.5735764363510518,0.8191520442889878,0.0017581495155266575,0.00105146214648062,0.0023581495155266573,6.593060683224965e-05,two-phase,False,
0.38805329614460865,1.017532181479815,3103.4439314980477,4958.777108220627,1.2697792290399736,6296.552173457458,11778608.068540314,1232.7998481865548,991.3420569320024,289.88612147546087,4688835.68546014,287879.1252658608,259.0941668068186,51.85680677074727,176218.46344015226,2.484194707042942,0.03772031533382206,13689.611644689063,0.7527784474678005,16791.657854993024,24.390615037397907,289.88612147546087,0.4512807423701203,,,0.00015881707519480406,2.0499688065813616e-05,5.955338112744172e-05,13435.796143528953,106660.44927482893,9602659.34226213,297.5228685768919,3947840.642394968,0.12411572277831665,0.01808344833296508,0.13207909035044893,0.5735764363510336,0.8191520442890005,0.0017352649904483438,0.0010473319729188922,0.0023352649904483437,6.507243714181289e-05,two-phase,False,
0.39762511912059334,1.018407755131801,3103.1134820982243,5049.9479698167615,1.2683291383275794,6404.996157156802,11944148.317933151,1238.2960763005608,993.8456415631138,289.9585477640099,4696682.260455916,287388.77743127616,260.7761559634707,52.210886425955245,178114.83485291462,2.4871784213128776,0.037766630943895346,13818.696996026127,0.7514239644153966,16968.841200748207,24.430613778130112,289.9585477640099,0.44819496756000143,,,0.000156128118653533,2.0466125187881766e-05,5.8931543301607833e-05,13615.354261605962,108306.26544348859,9726802.468623238,297.5576905923657,3916645.4590982003,0.12437580176117337,0.017901339068638892,0.13239658816379135,0.570887967011391,0.8210279709739499,0.001712380465370032,0.0010431250305054133,0.0023123804653700317,6.42142674513762e-05,two-phase,False,
0.4075406418185654,1.019337265237202,3102.7632978146216,5142.859398379394,1.2668617090848338,6515.29164701392,12111803.875977715,1243.7822218824672,996.3028507495471,290.0330287364864,4704760.757378953,286896.5558269194,262.4976269493046,52.56436433853083,180039.1307847988,2.490271632053801,0.03781374986466531,13949.973330617413,0.750050381242431,17148.975502670903,24.470330235065372,290.0330287364864,0.44507851040867424,,,0.00015348507084227286,2.0432907737530755e-05,5.831252134241214e-05,13798.020900962996,109988.37211071777,9852445.181302102,297.59356404156733,3884705.879843328,0.12463706672634321,0.01772094060226071,0.13271408597713377,0.562075256703779,0.8270860933429971,0.0016897109255023294,0.0010388797958641898,0.002289710925502329,6.336415970633735e-05,two-phase,False,
0.4176929840046034,1.0203126958183788,3102.396499518484,5236.364151341828,1.2653921008311115,6626.053834183156,12279391.692060374,1249.198200900352,998.6941371769565,290.10957462666505,4713075.342341949,286402.52331882797,264.25953149056613,52.90840512802809,181971.07162298425,2.493477130531307,0.03786108376124251,14081.486631911044,0.7486796710243921,17329.465445683978,24.509366254471587,290.10957462666505,0.4419307745406658,,,0.0001509193895831481,2.040036428558319e-05,5.7705184452129586e-05,13981.550351045771,111687.85867589498,9977924.045130465,297.6304993042052,3852037.2092467058,0.12490097794504704,0.01754443724095565,0.1330315837904762,0.5496664146917245,0.8353842424656723,0.001667530858973934,0.00103464916659741,0.002267530858973934,6.253240721152252e-05,two-phase,False,
0.42808229082134175,1.0213357408746746,3102.0125491621266,5330.338857226633,1.26392092574533,6737.126822962191,12446675.856535131,1254.5371811591006,1001.01670510305,290.1882229328536,4721628.8371901065,285906.71658094006,266.0626485494646,53.24203453947659,183909.03752364515,2.496798987185637,0.03790857050192387,14213.08909103459,0.7473132320693541,17510.097257969715,24.54767372277911,290.1882229328536,0.438752092981031,,,0.00014843122688320098,2.0368528832775834e-05,5.7109905517220944e-05,14165.716723735215,113403.11822340489,10103068.545529895,297.6685201548975,3818628.4586643153,0.12516751100396672,0.017371918691798903,0.13334908160381861,0.5370490176633733,0.8435510373574356,0.001645851538708382,0.0010304383506974334,0.002245851538708382,6.171943270156433e-05,two-phase,False,
0.4387110527404394,1.0224083746073331,3101.610813249,5424.677074775962,1.2624482479355525,6848.374068667072,12613446.951701632,1259.7945185738697,1003.2695685371666,290.26898316948194,4730424.52890087,285409.17377663776,267.9079793663484,53.564393740371656,185851.67247924823,2.5002402446792584,0.03795615723019831,14344.623846994973,0.7459526729089666,17690.654412572534,24.585224458472617,290.26898316948194,0.4355418367868221,,,0.00014602006110840763,2.033741855172239e-05,5.652702136837358e-05,14350.328492966451,115132.78663464857,10227725.199786665,297.7076371094661,3784493.132952427,0.12543660780785068,0.01720342706029011,0.13366657941716104,0.5243023584317271,0.8515321702337081,0.0016246782558388068,0.0010262516101986136,0.0022246782558388066,6.0925434593955255e-05,two-phase,False,
0.449581668824671,1.0235326260817768,3101.1906485983727,5519.266289075686,1.260974079185603,6959.651726647353,12779486.00841579,1264.9657180482911,1005.4520761378051,290.3518737008019,4739466.276067529,284909.93525584706,269.79686946580637,53.874543274719,187797.60708474103,2.5038044638271093,0.03800378833364367,14475.919322628883,0.7445997546939435,17870.902518086757,24.621992729044653,290.3518737008019,0.4322987528495278,,,0.00014368535083029597,2.0307048479069236e-05,5.595688292675322e-05,14535.183119419298,116875.40882176529,10351732.838073641,297.7478651941838,3749639.8722252445,0.12570820864991966,0.01703900226082743,0.13398407723050346,0.5114331855508166,0.8593230456105223,0.0016040160261564093,0.001022093313087219,0.002204016026156409,6.015060098086535e-05,two-phase,False,
0.4606964428995959,1.0247105790298758,3100.751403253647,5613.98792286237,1.259498676690217,7070.810359800015,12944578.15755797,1270.0449496974404,1007.5619693921868,290.4369125214373,4748755.341852511,284409.04310065665,271.73001345117257,54.17166387020606,189745.42582092728,2.5074953463301637,0.03805140550292305,14606.85072412966,0.7432555120709176,18050.65662332731,24.657938092793938,290.4369125214373,0.4290232267381777,,,0.00014142650546609812,2.027744566955988e-05,5.539964672020159e-05,14720.066952123492,118629.42211197456,10474938.656244032,297.78921950573204,3714069.1430907003,0.1259822524560294,0.0168786821555395,0.1343015750438459,0.4984477880087757,0.8669197209829517,0.001583869607556597,0.0010179679291604476,0.002183869607556597,5.939511028337239e-05,two-phase,False,
0.4720575807958241,1.0259443716448275,3100.2924174344103,5708.717385065648,1.258022007820369,7181.692106839333,13108488.93477386,1275.027738892947,1009.5988795522371,290.52410811611895,4758294.140928281,283906.5416077924,273.7085059971684,54.454848376274725,191693.63242009332,2.5113163398998957,0.038098947802475275,14737.229579680348,0.741921836571669,18229.660468540584,24.693036332472698,290.52410811611895,0.42571457502780546,,,0.00013924295070345206,2.0248623671381903e-05,5.485565689639294e-05,14904.755193372486,120393.1384891119,10597169.991610248,297.83171075681855,3677793.2358396426,0.12625867699337343,0.016722502680160043,0.13461907285718833,0.4853520465361525,0.8743188153775305,0.0015642435158568528,0.001013880025031218,0.0021642435158568526,5.8659131844631975e-05,two-phase,False,
0.48366718885462123,1.027236196404236,3099.813024519377,5803.32415898978,1.2565441609004122,7292.133085790903,13270982.998434747,1279.908911099678,1011.5616443191054,290.61345952506605,4768083.697885421,283402.4770468033,275.73315323242105,54.72324149542345,193640.64925214092,2.5152706289996716,0.0381463517005262,14866.88854367454,0.7406002604586541,18407.679328891027,24.727255763865138,290.61345952506605,0.4223727067979965,,,0.0001371340852169239,2.022060210703481e-05,5.432515322181273e-05,15089.011932632377,122164.74176401956,10718256.309097461,297.8753452645062,3640827.430265799,0.12653741904916457,0.0165704979584165,0.13493657067053075,0.47215147778213123,0.8815174314942102,0.0015451420391712333,0.001009834258272646,0.002145142039171233,5.7942826468921256e-05,two-phase,False,
0.4955272739521535,1.028588299970183,3099.3125520426,5897.671932426706,1.25506505417196,7401.961943359571,13431811.024532245,1284.6840620133914,1013.450226150957,290.70496551934576,4778125.972327164,282896.89793335734,277.8052660805899,54.97588462102413,195584.85335265077,2.5193615333270394,0.03819355106433329,14995.620166691537,0.7392928238187009,18584.433210664167,24.7605741773026,290.70496551934576,0.4189964030314843,,,0.00013509931659363872,2.019339278724552e-05,5.3808474472397546e-05,15272.590255159417,123942.3017272205,10838013.405708121,297.92012939860837,3603190.5350315934,0.12681841458380907,0.016422700406203382,0.13525406848387317,0.458851272539587,0.8885130892051065,0.0015265692510011823,0.0010058353706985845,0.002126569251001182,5.724634691254433e-05,two-phase,False,
0.5076397453574385,1.0300029832299882,3098.7903226801027,5991.618771831859,1.2535848334820414,7511.002420374714,13590728.98400033,1289.3475581386547,1015.2630726194429,290.7986155112956,4788419.966549248,282389.85458384885,279.92538181518523,55.211972314716334,197524.5416123765,2.5235921011327846,0.03824047728397626,15123.262524312791,0.7380008726531186,18759.690486750158,24.792955643320635,290.7986155112956,0.41558615433641494,,,0.00013313802126961786,2.0167018696486188e-05,5.33057835205913e-05,15455.232430966405,125723.75732501858,10956266.174380258,297.9660651180106,3564899.013159518,0.12710159886233655,0.01627914082664177,0.1355715662972156,0.4454563289774819,0.8953036685806138,0.001508529022181054,0.0010018881807798991,0.002108529022181054,5.6569838331789526e-05,two-phase,False,
0.5200064188119901,1.031482601560002,3098.245655197678,6085.017342482071,1.2521033194669782,7619.070413535932,13747472.158436747,1293.8953326159121,1017.0007924776328,290.89439870623397,4798966.313284807,281881.3996649972,282.09478984663195,55.430552964470756,199457.96821818067,2.527965513356379,0.038287059308917064,15249.579617048563,0.7367267309875905,18933.13745253273,24.824382870769735,290.89439870623397,0.41214076505852415,,,0.0001312496073304972,2.0141487609294853e-05,5.2817447848097026e-05,15636.67018959498,127506.93281741248,11072817.26226496,298.01315442330105,3525975.03833566,0.1273869065672359,0.01613984849698255,0.135889064110558,0.431931256679513,0.9019065303584716,0.0014910250317987017,0.000997997575200199,0.0020910250317987015,5.5913438692451314e-05,two-phase,False,
0.5326265665103079,1.0330292607152787,3097.6779769919212,6177.697393183487,1.2506209200270355,7725.957597511751,13901756.605974684,1298.320883645728,1018.6616551434247,290.99229504703743,4809762.7221817095,281371.58827656816,284.3139844627757,55.63071617460356,201383.0185362328,2.5324846686302034,0.03833321485457214,15374.37550036202,0.7354720225222462,19104.4963115298,24.854814697917597,290.99229504703743,0.40866075839266425,,,0.0001294337934655587,2.0116826702469497e-05,5.234369876564019e-05,15816.590574119322,129289.21515122117,11187461.982230008,298.061394886803,3486438.4935802785,0.1276742836904591,0.016004876843439483,0.13620656192390046,0.41824116275204504,0.9083360225047873,0.001474063993590151,0.0009941692310822443,0.002074063993590151,5.527739975963066e-05,two-phase,False,
0.5454989013783781,1.0346450318247078,3097.0867449356097,6269.48258714186,1.2491377011795255,7831.447066487447,14053274.847891444,1302.6195502292032,1020.2464605077657,291.09225721073057,4820807.446354967,280860.4781758193,286.58370950885035,55.81150637001364,203297.4121286425,2.5371513196496642,0.03837885899688382,15497.366295961881,0.7342395217418922,19273.392081327096,24.88423181854022,291.09225721073057,0.40514570469404176,,,0.00012769032230061653,2.009304541309853e-05,5.1885002690774065e-05,15994.668528795339,131067.80109697628,11299969.774734411,298.1107706928736,3446331.717103,0.12796367383087318,0.015874277381223233,0.13652405973724288,0.40449728008989255,0.9145392011280211,0.0014576523811476974,0.000990408902412823,0.0020576523811476973,5.466196429303865e-05,two-phase,False,
0.5586286725978367,1.0363328653878463,3096.471113049851,6360.239682442337,1.24765320292256,7935.373411154347,14201806.64328901,1306.7876403948328,1021.7552143234598,291.1942830752369,4832098.708601666,280348.1274904653,288.9051798375573,55.97221235125669,205199.79586021806,2.541969445222005,0.03842392845299929,15618.382951185042,0.7330306097529944,19439.592285648323,24.912615801355923,291.1942830752369,0.4015948696025531,,,0.0001260180142996612,2.0070152567952598e-05,5.14414080967259e-05,16170.662075245758,132840.68543878343,11410180.393409114,298.16128839416433,3405662.7760803904,0.12825498975941052,0.0157480327134855,0.1368415575505853,0.390743947463928,0.9204994120151881,0.001441788008318907,0.0009867204329387354,0.002041788008318907,5.406705031195901e-05,two-phase,False,
0.5720172221647501,1.0380953013464422,3095.8304067665413,6449.802841985691,1.2461673128548347,8037.533476040785,14347076.228165805,1310.82058118594,1023.1881026000231,291.29828917365916,4843631.293194032,279834.59705704555,291.27831449840147,56.112193946552225,207087.96962700834,2.546939295771052,0.03846834413239322,15737.191035334094,0.7318473740140923,19602.78168239498,24.939944714693066,291.29828917365916,0.3980091683873061,,,0.00012441627807596899,2.0048159918551507e-05,5.101316824326457e-05,16344.265275559139,134605.10473679335,11517889.810705718,298.21291428852163,3364489.824392803,0.12854816417139778,0.015626166345050898,0.13715905536392772,0.3769180972551667,0.9262465913359923,0.0014264738288071546,0.00098310887771319,0.0020264738288071544,5.34927685802683e-05,two-phase,False,
0.5856658436102448,1.039934936386649,3095.1639524058987,6538.002692673249,1.244679915419137,8137.72063852663,14488806.186659556,1314.713771053542,1024.5452979579209,291.4042553518783,4855402.24179544,279319.9496960444,293.70445102046756,56.23055581411594,208959.9680526616,2.552064201412112,0.03851202495028324,15853.556423855549,0.7306918565113574,19762.645036427453,24.96619641701216,291.4042553518783,0.3943874063269768,,,0.00012288453295701416,2.002707948173059e-05,5.0600514159757064e-05,16515.16452596068,136358.31816789124,11622892.885599181,298.2656459818784,3322830.5705082216,0.12884312958568422,0.015508700610876273,0.13747655317727014,0.3629227053022566,0.9318192474810183,0.0014117126493058936,0.0009795793046956415,0.0020117126493058935,5.293922434897102e-05,two-phase,False,
0.5995676720407587,1.0418532917130237,3094.471486412763,6624.617094478374,1.2431917090397224,8235.66904741833,14626637.160654359,1318.4606879653156,1025.8265410985753,291.5120985218194,4867404.054791445,278804.25194145116,296.18325496606644,56.326422242113416,210812.73495785895,2.557344537720091,0.03855486382677766,15967.168845101402,0.7295668515817811,19918.765466914367,24.99133699409837,291.5120985218194,0.3907310670239194,,,0.00012142304337902871,2.000693280707925e-05,5.0203914577990706e-05,16682.943080262194,138096.48993619788,11724922.690019581,298.31944971023927,3280735.019788822,0.12913984234580567,0.015395720961673272,0.13779405099061257,0.34878202295681604,0.9372038734779914,0.0013975152078682415,0.0009761387505531355,0.0019975152078682413,5.240682029505906e-05,two-phase,False,
0.6137243046745066,1.043853054543898,3093.7523443491773,6709.478830710302,1.2417022661845507,8331.17506901025,14760293.346004905,1322.0582887399921,1027.0336911249046,291.62177182849575,4879632.699375447,278287.5711622124,298.71609880749094,56.39900104953144,212644.26869005564,2.5627824813652174,0.038596781138858206,16077.750662960567,0.7284749358872845,20070.78340547775,25.015360524722006,291.62177182849575,0.38703856238631734,,,0.00012003108705754286,1.9987719125849235e-05,4.9823665563900136e-05,16847.28957015562,139816.76360545307,11823769.47301694,298.3743095912587,3238236.8208721215,0.1294382269261101,0.015287234118767468,0.138111548803955,0.33467096818462283,0.9423350481937766,0.0013838823491208805,0.0009727919276039379,0.0019838823491208804,5.1895588092033015e-05,two-phase,False,
0.6281420502086186,1.0459376674462304,3093.005616435652,6792.444922635057,1.2402109551759837,8424.064605481484,14889554.873982241,1325.5031611133477,1028.16700246225,291.7331749019482,4892079.434982728,277769.97541841236,301.3027402728422,56.4480042556519,214452.71726567717,2.5683775839347995,0.038637709696674925,16185.122417443388,0.7274174581672838,20218.455911115834,25.038251219647414,291.7331749019482,0.38331094387368514,,,0.00011870754164792451,1.9969445773738863e-05,4.9459761140820525e-05,17007.938365160975,141516.5450702257,11919271.651409877,298.4301827754348,3195393.71119285,0.12973819795887423,0.015183214536566625,0.13842904661729744,0.32054936460986116,0.9472318115689603,0.0013708108629100148,0.000969542513349653,0.0019708108629100146,5.140540735912556e-05,two-phase,False,
0.6428197846094024,1.0481095920160772,3092.2307722584424,6873.325773085337,1.2387176850925128,8514.110190522973,15014118.85741824,1328.7911970776556,1029.22770887747,291.8462525711651,4904737.297998284,277251.53595362767,303.9439467343812,56.47269008031963,216235.6854262471,2.5741316484950487,0.03867755870737353,16288.991132096327,0.7263970524082145,20361.40009897597,25.059994707006716,291.8462525711651,0.37954782222051725,,,0.000117452085728594,1.9952119138325322e-05,4.911253622732421e-05,17164.532305719888,143192.467353902,12011200.002745673,298.4870487807972,3152235.523341346,0.1300396919427566,0.01508369447137983,0.13874654443063986,0.30618468957957734,0.9519721297743217,0.0013583048026829902,0.0009663959411521779,0.00195830480268299,5.0936430100612137e-05,two-phase,False,
0.6577411480799675,1.050368988339723,3091.4281227096967,6951.854568780305,1.237223815800463,8601.00003647625,15133567.53444389,1331.9155694875749,1030.2164124851386,291.96088756325497,4917595.240799028,276732.32858062664,306.63926927344437,56.47209993881934,217989.28581260398,2.5800433041969564,0.03871619912248086,16388.95879185707,0.7254173836022779,20499.09147113421,25.080559861030125,291.96088756325497,0.3757504024406493,,,0.00011626555002430748,1.9935759120628487e-05,4.878264977782795e-05,17316.563459576486,144839.60013971533,12099239.375805557,298.54485560122515,3108823.8835990475,0.130342672429858,0.014988796210159501,0.13906404224398228,0.29178240296593966,0.9564847250842127,0.001346379535471461,0.0009633605313519742,0.0019463795354714608,5.048923258017979e-05,two-phase,False,
0.6729234083042487,1.0527211015669775,3090.5961958628686,7027.94578078265,1.2357275070179785,8684.625919144064,15247775.17341541,1334.875763529245,1031.1346381183962,292.07699003571685,4930644.097785596,276212.42585765,309.38909274387464,56.446312849761085,219712.58488585777,2.5861124943204667,0.038753592315541305,16484.90452293714,0.7244792210161842,20631.374579469368,25.09995173157874,292.07699003571685,0.3719185743186988,,,0.00011514600735946927,1.992035703283605e-05,4.8469867877592464e-05,17463.873521324495,146456.2122943262,12183294.765589446,298.6035645942038,3065205.5303315907,0.13064703246003123,0.014898420968414728,0.1393815400573247,0.2774734632294671,0.9607333018082831,0.0013350226476501895,0.0009604375155023523,0.0019350226476501893,5.0063349286882104e-05,two-phase,False,
0.6883630572622287,1.0551681364057852,3089.7346323652464,7101.401301987419,1.234228845024601,8764.754327008131,15356436.938947039,1337.667618732362,1031.9836115925339,292.19444410749713,4943872.314146699,275691.9048113839,312.1932230375315,56.3948336376888,221402.73489557154,2.592337707892596,0.03878964341468044,16576.526058043266,0.7235852318883594,20757.85590528756,25.118155644829987,292.19444410749713,0.36805301198298424,,,0.00011409332911004161,1.990592012685907e-05,4.817453231021197e-05,17606.084876015462,148038.46629718324,12263134.412273848,298.66312350117795,3021437.6941268565,0.13095271049030457,0.014812608528296802,0.13969903787066712,0.26292199453885934,0.9648170939549672,0.001324239138391746,0.000957632449808914,0.0019242391383917459,4.9658967689690475e-05,two-phase,False,
0.7040404517250216,1.057709648607185,3088.8440251700654,7171.957595277982,1.2327292154914604,8841.081659965048,15459146.839116773,1340.285711415288,1032.7652820715643,292.31314356099824,4957268.194495643,275170.8467116928,315.05184201023,56.31673747874537,223055.891997269,2.5987178030455507,0.03882422478034778,16663.39541607505,0.7227394497522844,20877.982566453447,25.13515422716463,292.31314356099824,0.36415377135532706,,,0.00011310833204134814,1.989245800845848e-05,4.789734816652213e-05,17742.691878685284,149581.3096209072,12338446.770679936,298.72348442272653,2977569.4260850926,0.13125966307225595,0.014731473198219845,0.14001653568400954,0.24835995615195205,0.9686678131228478,0.0013140433721150918,0.0009549533138699617,0.0019140433721150918,4.9276626454315946e-05,two-phase,False,
0.7199777995108758,1.060351964942016,3087.9226204502106,7239.545738632537,1.2312263703388633,8913.519622678723,15555809.77727865,1342.729875521495,1033.4809647844968,292.4329564384635,4970818.041591978,274649.3292551212,317.96422294707094,56.212501516738655,224671.07546347068,2.6052500841898016,0.03885730587033082,16745.41835959866,0.721942336253158,20991.63563235008,25.15095322438846,292.4329564384635,0.3602222881557177,,,0.00011218912868668554,1.987996222406228e-05,4.7638021996671195e-05,17873.564364680853,151083.03242525252,12409158.924301688,298.7845857870703,2933660.850199287,0.13156778703489977,0.014654907011248063,0.14033403349735196,0.23381518475252236,0.9722810598685669,0.0013044217812949346,0.0009524006656067992,0.0019044217812949347,4.891581679856005e-05,two-phase,False,
0.7361569264382507,1.0630948641258335,3086.9709865287687,7303.920978711774,1.2297215694037684,8981.78916874255,15646059.665745853,1344.9951538967166,1034.132322187013,292.55376059746413,4984508.779357349,274127.43621541746,320.93030636181305,56.08142987625349,226244.5754877498,2.611932164735413,0.038888768224157204,16822.21000320453,0.7211974391518291,21098.31712530773,25.16553616219512,292.55376059746413,0.35625881060645925,,,0.00011133639202755856,1.9868442173353098e-05,4.7397145187493925e-05,17998.230471394567,152538.7449147248,12474990.296933735,298.8463703522318,2889765.862609078,0.1318770332393642,0.014583007362936964,0.1406515313106944,0.2191102398913633,0.975700109036967,0.0012953866050177411,0.0009499817309646249,0.001895386605017741,4.8576997688165295e-05,two-phase,False,
0.7525771309306004,1.065940955828527,3085.9887278954534,7364.923592222802,1.228214492653027,9045.705893250237,15729664.284663724,1347.0791866952525,1034.7211371434005,292.67539965804656,4998324.098991739,273605.2511423539,323.94898641755816,55.92356372264859,227773.78230180504,2.618759495740506,0.03891853579744591,16893.51567391664,0.7205069573050349,21197.701826262684,25.17890015517685,292.67539965804656,0.35226505817921355,,,0.00011054969195341452,1.9857896767472532e-05,4.7174925291243595e-05,18116.381784809735,153944.92352745277,12535761.296971856,298.90876262934256,2845951.2785764155,0.13218732829297933,0.014515778366674689,0.14096902912403683,0.20447594710047523,0.9788715886454993,0.0012869383601871098,0.0009477005185877794,0.0018869383601871099,4.826018850701662e-05,two-phase,False,
0.7692527376143606,1.0688955711860142,3084.974548790154,7422.448382692562,1.2267034297257429,9105.142888011258,15806464.589843476,1348.9815188887949,1035.249827641727,292.7977623841247,5012250.796024947,273082.85781671887,327.0205565621758,55.73904784964856,229257.07944591602,2.6257297571099794,0.038946559265139374,16959.13412959504,0.7198726098076373,21289.542220290332,25.191055017447475,292.7977623841247,0.34824070230560267,,,0.00010982804029541371,1.984831519178919e-05,4.697141862669712e-05,18227.81445003782,155299.08232537363,12591344.159498528,298.971709502861,2802260.651028278,0.13249858887952912,0.014453170947545413,0.14128652693737925,0.18968238128550258,0.9818455042570909,0.00127907087986724,0.0009455590432239572,0.0018790708798672399,4.7965157995021504e-05,two-phase,False,
0.7861431932098636,1.071954261633123,3083.9305352566166,7476.2119792715985,1.2251914488776727,9159.790987000382,15876059.826666279,1350.6966820827117,1035.7202785717252,292.92068589006453,5026272.068173497,272560.34590548,330.1440500497886,55.52721149461276,230689.79384881273,2.632837387427421,0.03897270064643335,17018.631310546596,0.7192984976336566,21373.27481474567,25.201982830616284,292.92068589006453,0.3441870363667502,,,0.00010917279678315855,1.9839708778492692e-05,4.678740196191593e-05,18331.97849080263,156595.3203216921,12641432.405473368,299.0351305397947,2758760.9668760123,0.13281077139925254,0.014395335616281476,0.14160402475072167,0.1748780666530409,0.9845900983676885,0.0012718030777945713,0.0009435659870360988,0.0018718030777945714,4.7692615417296425e-05,two-phase,False,
0.8032909420031795,1.075127501139698,3082.8537012530414,7526.210331783625,1.2236745624386358,9209.632134566467,15938443.752011633,1352.2260801790194,1036.1338409591574,293.04401738849305,5040369.687989278,272037.79995561385,333.3178812542954,55.28915572688916,232071.51522961122,2.6400769883634516,0.038996960756491755,17071.982062135306,0.7187844776787826,21448.879053981505,25.211697369332487,293.04401738849305,0.3401065134149741,,,0.00010858196998408925,1.983206416749235e-05,4.662248304367087e-05,18428.86424322549,157832.75694384598,12686016.138553672,299.0989495817774,2715506.9884274947,0.13312377586408858,0.01434212830011512,0.1419215225640641,0.16007050711533874,0.9871055833860115,0.001265116849251153,0.0009417197194207044,0.001865116849251153,4.744188184691824e-05,two-phase,False,
0.8206494326066861,1.0784094759404752,3081.746634749783,7572.175803960844,1.222156130610531,9254.381080871472,15993244.916962853,1353.5657032318006,1036.493494213582,293.16759666259895,5054527.300541741,271515.31185650046,336.54160304149224,55.02425401179286,233397.67071853354,2.6474422886497853,0.03901920902712042,17118.746595260905,0.7183348632313135,21515.791350275016,25.22019347971915,293.16759666259895,0.3359993761644738,,,0.0001080569290654099,1.982538319549672e-05,4.647749105390065e-05,18517.95065129103,159005.65147250734,12724807.677870145,299.1630856966262,2672561.8245296613,0.1334375545442867,0.0142936955307976,0.14223902037740652,0.14517372678703755,0.989406180014438,0.0012590306079599159,0.0009400284418053794,0.001859030607959916,4.721364779849685e-05,two-phase,False,
0.8382501364302748,1.0818088842627085,3080.607037929466,7614.072041143043,1.2206331135116086,9293.988462082121,16040411.557674559,1354.7159823168315,1036.8005242784752,293.29128226538006,5068726.724298238,270992.96975055814,339.8139292060249,54.73337828106272,234667.24138959625,2.6549276799287376,0.03903942966054125,17158.848753102466,0.717950117221356,21573.92356582441,25.22747974673712,293.29128226538006,0.33186753958552623,,,0.00010759643226154503,1.981965717620561e-05,4.6352254699933934e-05,18599.16433240763,160112.46779920615,12757762.630236559,299.2274667666168,2629969.9040008853,0.1337520205336813,0.014249947129367294,0.14255651819074897,0.13030647621339703,0.9914737627677535,0.0012535330216983261,0.0009384919101326435,0.001853533021698326,4.7007488313687235e-05,two-phase,False,
0.8560652817436332,1.0853231681079678,3079.4364356833544,7651.718377795344,1.2191071961968032,9328.264937641634,16079699.863924611,1355.67537492709,1037.0580814864359,293.4149079189984,5082950.689165174,270470.86610161455,343.13386312368476,54.416523301925324,235876.78258900405,2.662525576489275,0.03905753495592366,17191.966529421225,0.7176334421479107,21622.8702628794,25.23356420846572,293.4149079189984,0.32771202654323833,,,0.00010720107186972966,1.9814878146791994e-05,4.6247329232545435e-05,18672.151858349647,161148.92148832433,12784688.549803965,299.2920068277551,2587792.622415063,0.13406711153699455,0.014210954709632293,0.1428740160040914,0.1153540104942459,0.9933244446115747,0.001248633089722919,0.0009371152935549744,0.0018486330897229191,4.682374086460946e-05,two-phase,False,
0.8741012202537718,1.0889562890013014,3078.2341921142092,7685.029374822308,1.2175774013081901,9357.11809517325,16110999.914627155,1356.443385291133,1037.2677115691051,293.5383087811475,5097180.459328932,269949.09244028555,346.4999972649914,54.07429824981934,237024.21947888276,2.6702279220647553,0.039073484343677564,17217.95314964048,0.7173861564059734,21662.448538720088,25.23845211439628,293.5383087811475,0.3235345200796239,,,0.00010687051182092458,1.9811040619039972e-05,4.6162833264788654e-05,18736.744195668733,162112.42617419228,12805498.013213148,299.35661964562786,2546084.8185273213,0.13438275285385876,0.014176700665862348,0.1431915138174338,0.10042075025042878,0.9949450602516406,0.0012443285996323835,0.0009359003826112846,0.0018443285996323834,4.666232248621438e-05,two-phase,False,
0.8923560553948305,1.0927106346769573,3077.0002329875365,7713.908406529017,1.2160433015298058,9380.44664637407,16134183.206760569,1357.0199575283614,1037.4318947730153,293.6613387225564,5111397.499232723,269427.7416538971,349.9110591433462,53.70722107080225,238107.30598340335,2.6780272710470374,0.039087231364334445,17236.61471092573,0.7172102070217061,21692.419894161543,25.242155585629245,293.6613387225564,0.3193366242164693,,,0.00010660473191716743,1.9808133988551195e-05,4.609905233621019e-05,18792.750608530256,163000.20630165475,12820086.50797275,299.42122780940883,2504888.4346908918,0.13469887291299407,0.014147190433702253,0.14350901163077623,0.08542523476938785,0.9963445835977606,0.0012406202344899878,0.0009348495104651473,0.0018406202344899878,4.652325879337454e-05,two-phase,False,
0.9108052989693671,1.0965838028961439,3075.7360745794376,7738.2419538570075,1.214506465334221,9398.14488327985,16149131.508430442,1357.4042432452338,1037.5520374717873,293.7838356221301,5125582.755632121,268906.90719055384,353.36510961916343,53.315811888045275,239123.35586653193,2.6859146014056425,0.03909872101319046,17247.80058176624,0.717107066865309,21712.586620763836,25.244677411837138,293.7838356221301,0.31512076879218315,,,0.00010640397785089378,1.9806155247820746e-05,4.605623537472481e-05,18839.947712253816,163809.09305689848,12828365.624561748,299.4857445705844,2464252.7284928164,0.13501540269729165,0.01412245812538813,0.14382650944411865,0.07044271374819344,0.9975158264808585,0.001237512280965749,0.0009339657617343863,0.001837512280965749,4.640671053621559e-05,two-phase,False,
0.9294820448095961,1.1005854616621178,3074.4393235891594,7758.003753450693,1.2129635789990032,9410.175998673252,16155786.17716624,1357.5972390793631,1037.6304241220093,293.90563014153065,5139718.209708147,268386.682523644,356.86072594736777,52.900978601406415,240070.88062794384,2.6938797865300588,0.03910794147621528,17251.38106652671,0.717078155011796,21722.80164373584,25.246033997806204,293.90563014153065,0.3108883537664958,,,0.00010626793804292191,1.9805090971653144e-05,4.603457769400422e-05,18878.281627024062,164537.48015568618,12830279.829581307,299.5500783645186,2424232.319208653,0.13533226684081126,0.014102461331704466,0.14414400725746107,0.055416437191254636,0.9984633285649642,0.0012349994097604713,0.0009332492017537913,0.0018349994097604711,4.631247786601768e-05,two-phase,False,
0.9483106548246085,1.1047018762694194,3073.115188232994,7773.068785790802,1.211419989289013,9416.450905225454,16154057.09258393,1357.6007916550236,1037.6710140670598,294.0265801486554,5153785.378837023,267867.1620254052,360.3963684293011,52.46309052397393,240946.92012230554,2.701913835603658,0.03911483148692511,17247.168885473977,0.7171256894353045,21722.823913930373,25.24625437240273,294.0265801486554,0.3066412201393336,,,0.00010619712353038147,1.980491809298102e-05,4.603453049944956e-05,18907.507301417885,165181.98808206522,12825761.142533412,299.6141510237329,2384862.2923887265,0.1356493977874041,0.014087270304177633,0.1444615050708035,0.04040095808144307,0.9991835479961134,0.00123309044894132,0.000932703636588747,0.00183309044894132,4.62408918352995e-05,two-phase,False,
0.9673898025317076,1.1089572702727681,3071.7566808352367,7783.470918765961,1.2098676096201353,9416.969355035211,16143923.251748584,1357.4128571382316,1037.6719323185441,294.14655327411157,5167767.940849424,267348.4399170711,363.9709059849456,52.00330053126971,241750.90853203478,2.7100078236256357,0.03911940850070875,17235.173514282396,0.7172494640713565,21712.67277049306,25.24531894197261,294.14655327411157,0.3023806034253072,,,0.00010619127686396308,1.9805651936870764e-05,4.605605263664145e-05,18927.68840857364,165742.20390470745,12814788.920103384,299.67788871437904,2346175.8722824603,0.1359667198805887,0.01407680787622464,0.14477900288414594,0.02535596720161879,0.9996784857779377,0.0012317757014694867,0.0009323272814548022,0.0018317757014694866,4.619158880510575e-05,two-phase,False,
0.9864178534916169,1.1132856894944585,3070.3855149085757,7789.085279006664,1.208328551473856,9411.774132488457,16125537.510230007,1357.04887048504,1037.6475122425356,294.265366922607,5181645.26580998,266830.60475830693,367.5812722718583,51.522160316083266,242479.47083352655,2.718148779651679,0.03912161109087597,17215.21344130217,0.7174526925391228,21692.1237774551,25.243376545047067,294.265366922607,0.2981101216465281,,,0.00010624989358256111,1.9807175918314447e-05,4.609968162911336e-05,18938.581239180538,166214.5943336974,12797482.30013568,299.7411900153465,2308224.779564768,0.13628416441293262,0.014071170005965195,0.14509650069748836,0.009234574872332897,0.9999573604043961,0.0012310672257979278,0.0009321242685003403,0.001831067225797928,4.616502096742229e-05,two-phase,False,
1.0122767744790055,1.1193031056601301,3068.4969242045822,7789.310177632851,1.2062950810363526,9396.206551944906,16090441.74458464,1356.056732981444,1037.2636316732828,294.38286559186963,5195397.315092544,266314.0042574894,371.2249714313121,51.017628245779235,243121.88508587977,2.726324820786636,0.039121140386172086,17186.33387236965,0.7177167782057239,21659.52125730668,25.236496145239435,294.38286559186963,0.2938326551416434,,,0.00010642592779029656,1.9812576085144018e-05,4.6169072165556637e-05,18939.017588032697,166586.74742657025,12767396.873236906,299.8039669236934,2271044.3087625196,0.13660165208029026,0.014070944297267006,0.14541399851083078,-0.02366497544107104,0.9997199452533562,0.0012310388624064048,0.0009321161379775046,0.0018310388624064046,4.616395734024018e-05,two-phase,False,
1.0512828619843453,1.1286744656087841,3065.5957864889124,7774.1405107270475,1.203322564244044,9354.798694161573,16014896.06917857,1353.651297595353,1036.1324652670196,294.4985202243222,5208960.587590738,265799.55477969686,374.8909162869548,50.44023655020288,243519.1482357332,2.7344967501297712,0.03911302258953199,17133.084008701757,0.7181675800900509,21594.071005280857,25.218812931099215,294.4985202243222,0.2895598023040211,,,0.00010689700897830228,1.9826468492631245e-05,4.63090076787952e-05,18909.586498036308,166668.39116649586,12706476.684121437,299.8659301298662,2234785.9798635244,0.13691873714718672,0.014086191360938652,0.1457314963241732,-0.07755712328475109,0.9969879099707247,0.0012329548649351908,0.0009326648478523144,0.0018329548649351909,4.623580743506966e-05,two-phase,False,
1.091024876299393,1.1385870052256748,3062.5790863187076,7740.505159568847,1.2003329827519091,9291.183646191817,15907321.806581864,1350.4913252397619,1034.825759202577,294.61177195123526,5222269.700538419,265287.66769431,378.5698320601368,49.77770569791156,243617.47389442776,2.742620864829816,0.03909572806006797,17050.68161952989,0.7189052592996535,21490.166466120136,25.196479309225648,294.61177195123526,0.28529959608685107,,,0.00010762891339575131,1.984404225144764e-05,4.6532910835126785e-05,18844.33768639729,166398.30401962306,12621153.026945386,299.9267712444024,2199609.5341402097,0.13723436546095516,0.014120163981053924,0.14604899413751563,-0.13629526268702066,0.9906682599988132,0.0012372239902862844,0.0009338836459809799,0.0018372239902862844,4.639589963573567e-05,two-phase,False,
1.1312723936461622,1.1490004508363119,3059.4660071478115,7688.946417163551,1.1973403036554875,9206.285437917379,15769029.133010287,1346.6113233180743,1033.3575853665568,294.7221255381142,5235264.381067691,264778.67468871904,382.25242265622563,49.03655056612012,243418.18689713816,2.7506556358483594,0.03906952012760912,16939.935962575008,0.7199261097838789,21348.86556444615,25.169738174761815,294.7221255381142,0.28106040327874443,,,0.00010862144202930746,1.9865125196310533e-05,4.68408963924235e-05,18744.340252603928,165783.49493506819,12512437.389180964,299.9862131134287,2165644.8212566776,0.13754744117683113,0.01417268790507228,0.14636649195085805,-0.1945161411717283,0.9808993173734296,0.0012438243412396357,0.0009357577160982272,0.0018438243412396357,4.664341279648634e-05,two-phase,False,
1.171975881440698,1.159915497161112,3056.262975956807,7620.171879606167,1.1943453293931823,9101.116693580892,15601370.632172674,1342.0370015578112,1031.7316154445944,294.8291654813085,5247892.276959121,264272.89618580346,385.93046970188465,48.22368580512077,242924.74654847852,2.7585632667151754,0.03903474077341863,16801.928241162,0.7212237193623479,21171.554841417572,25.13873643572595,294.8291654813085,0.276849491424538,,,0.00010987662653587443,1.9889623381763306e-05,4.723318657936809e-05,18610.989713526367,164834.78408641147,12381382.0850196,300.0440191345814,2132990.2347022253,0.13785686899137958,0.01424360884686153,0.14668398976420047,-0.25211045057497916,0.9676984657995904,0.0012527365296280666,0.0009382685973132337,0.0018527365296280665,4.6977619861052495e-05,two-phase,False,
1.2130513074028617,1.1713213723317124,3052.9796928642872,7535.139812116338,1.1913514232008182,8976.999539181945,15406122.429711267,1336.8024375945165,1029.9524008391923,294.93252121413786,5260108.193821282,263770.635299462,389.5959911914612,47.34691790382489,242144.11336728904,2.7663075395115717,0.038991853460502324,16638.146850150413,0.7227883464106939,20960.143877428436,25.10366723859284,294.93252121413786,0.2726739430239986,,,0.00011139579495746837,1.9917408689648763e-05,4.77095961672706e-05,18446.1694106014,163568.27972808311,12229368.694981534,300.0999751134374,2101731.96090802,0.13816156701558985,0.014332683551847716,0.14700148757754292,-0.3004682210025941,0.9537918264314997,0.001263929987180278,0.0009413907101233828,0.001863929987180278,4.739737451926043e-05,two-phase,False,
1.2525246005014474,1.1826525471822775,3049.780622175883,7439.8789851791,1.1884913376907034,8842.23172735246,15195562.236351158,1331.2594722103852,1028.1604391010856,295.0320436692212,5271892.189433001,263271.93230952165,393.2447718190611,46.438210186253315,241165.7118324766,2.7738676230643935,0.038943846875832584,16457.904807680075,0.7245395133915353,20727.013618671663,25.06699226399634,295.0320436692212,0.2685374843588775,,,0.00011309362057393398,1.994654941981806e-05,4.824621715398319e-05,18261.583368378782,162096.69201845597,12065757.34382486,300.1539856638322,2071885.533818887,0.1384623454825354,0.014434349047306666,0.14731898539088534,-0.3204165624885236,0.9472767422897271,0.001276705650126574,0.0009449119930515117,0.001876705650126574,4.7876461879746533e-05,two-phase,False,
1.2871423726040863,1.1928885191973138,3046.9430024523012,7346.358868436483,1.1859798224537184,8712.633386469599,14993196.480792912,1326.085964662005,1026.6225352188894,295.1279632257888,5283268.789832132,262776.390523642,396.88034903420424,45.55635812351308,240180.73492769196,2.7812515144552563,0.038896681021371046,16279.547806164672,0.7263082770614516,20496.661294342895,25.033434814852633,295.1279632257888,0.26443671794967205,,,0.00011477586117108558,1.997328787271909e-05,4.878843366924355e-05,18080.423312787076,160646.08856968489,11908400.854711652,300.2061617640336,2043352.6002178076,0.13876308162303075,0.014536145997613005,0.14763648320422776,-0.3199697806562151,0.9474277489427959,0.0012894978321761836,0.0009483936279551701,0.0018894978321761834,4.835616870660688e-05,two-phase,False,
1.318258724519735,1.2023273123832487,3044.3691951224446,7255.024545068858,1.1837163058825433,8587.890853576087,14798254.745820109,1321.2156294645904,1025.278501147961,295.22047442603605,5294259.77528168,262283.86157256627,400.5050589780474,44.702402745360146,239198.11826618688,2.7884653763434857,0.03885057790880064,16103.8068535307,0.7280812109202364,20269.970610783632,25.002362545714696,295.22047442603605,0.2603697292321632,,,0.00011644302623892683,1.999811014202328e-05,4.933406264871443e-05,17903.538447990893,159225.37850493102,11756713.454199633,300.25659644313845,2016051.405577226,0.13906395776856137,0.014637528394137725,0.14795398101757018,-0.31866354779959877,0.9478678933816531,0.0013022379198611993,0.0009518179451259295,0.0019022379198611991,4.8833921994794976e-05,two-phase,False,
1.346765073494776,1.2111722727876217,3041.9937259712724,7165.807553986622,1.1816354896879349,8467.372518064485,14609634.272756184,1316.5902148363061,1024.0847381630128,295.30976997293794,5304886.089678688,261794.23780012917,404.1213826662792,43.87489707298003,238218.55215565176,2.7955160427013204,0.03880550364005289,15930.652250119983,0.7298543332819132,20046.838750567214,24.973266208403448,295.30976997293794,0.25633450495446214,,,0.00011810039039460911,2.0021409928019393e-05,4.988317671641398e-05,17730.78406947338,157833.8051494919,11609860.586828334,300.305383074473,1989901.6559448123,0.13936497339860607,0.014738495892503903,0.1482714788309126,-0.31735623479711794,0.9483063957579304,0.00131492586990594,0.0009551862532231022,0.00191492586990594,4.9309720121472746e-05,two-phase,False,
1.3732228649708909,1.2195509174336268,3039.7752739077664,7078.6421486095205,1.179696336486531,8350.648210013796,14426603.85185264,1312.1723993724966,1023.0136729284541,295.39600731011825,5315164.315728311,261307.43132186306,407.73001280875087,43.07267409822207,237242.54168148807,2.8024083070372927,0.03876142587217136,15760.047533222561,0.7316251293362389,19827.17646030871,24.945821330148352,295.39600731011825,0.252331183912799,,,0.00011975118276457103,2.0043437070389156e-05,5.043582488923034e-05,17562.021961775237,156470.5609634517,11467288.996157411,300.3525969744694,1964835.0963963023,0.1396661279909866,0.014839048151202188,0.14858897664425502,-0.31604785069698077,0.9487432508691795,0.001327561639395076,0.000958499820815152,0.001927561639395076,4.9783561477315347e-05,two-phase,False,
1.3980132453941134,1.227549442769793,3037.685722170887,6993.465167534225,1.1778710199381575,8237.399949785515,14248636.246903794,1307.9364889465369,1022.0467031350045,295.4793508359807,5325112.012175755,260823.3678003899,411.3327703267584,42.29451503515846,236270.63872268272,2.809148173981192,0.03871831352506918,15591.946159602467,0.7333919821406027,19610.89526224634,24.919806432498717,295.4793508359807,0.24835849581889313,,,0.00012139752908635181,2.0064361308518592e-05,5.099206265841096e-05,17397.120039038466,155134.92058923843,11328599.038371298,300.3983183222276,1940783.588960506,0.1399674210218791,0.014939184831601506,0.14890647445759747,-0.31473840458087565,0.9491784535491127,0.0013401451857749705,0.0009617598778991613,0.0019401451857749704,5.0255444466561394e-05,two-phase,False,
1.4214092761427863,1.2352293425397718,3035.7048744344224,6910.215912382167,1.1761396636619812,8127.379019020832,14075330.418905627,1303.8636023632462,1021.1703580947091,295.5599468491439,5334746.086535672,260341.98264139323,414.9318024722324,41.53924068121655,235303.303547998,2.815740818604587,0.038676136847024735,15426.304221469729,0.7351537042737394,19397.916844583662,24.89505975872411,295.5599468491439,0.24441465927690678,,,0.00012304089641441106,2.0084306077023267e-05,5.1551927354468615e-05,17235.952009185065,153826.15615693177,11193486.950139847,300.44261835665344,1917689.0753642865,0.14026885196582525,0.01503890559795948,0.1492239722709399,-0.3134279055634344,0.9496119986679395,0.0013526764668549927,0.0009649676173516697,0.0019526764668549926,5.072536750706224e-05,two-phase,False,
1.443614700642267,1.242636311844278,3033.8176174576124,6828.83603237316,1.1744874426728247,8020.382168093992,13906365.540853884,1299.9394493853956,1020.3747323335405,295.63793209535777,5344081.060325238,259863.2186245261,418.52825966341146,40.80583966700775,234340.95152678085,2.8221912015789465,0.03863486730756868,15263.070565391994,0.7369095117703169,19188.159806820346,24.87146033216071,295.63793209535777,0.24049916960596823,,,0.00012468233795368452,2.010336318505036e-05,5.211547173192473e-05,17078.397059936957,152543.56175845093,11061708.923371784,300.4855639409104,1895495.0737995775,0.14057042029574443,0.015138210117432986,0.1495414700842823,-0.3121163627921509,0.9500438811325499,0.001365155440808842,0.0009681241963144813,0.001965155440808842,5.1193329030331575e-05,two-phase,False,
1.464786457105251,1.2498054079539151,3032.0122729152836,6749.269415203238,1.1729031723476797,7916.239508121047,13741487.669330452,1296.1517478220942,1019.6508432151961,295.71343389373953,5353130.639922363,259387.02390175016,422.12321858962105,40.09336331127381,233383.95351954678,2.8285040257871157,0.038594477538399924,15102.239722499588,0.7386582029849162,18981.59632641486,24.848901830658995,295.71343389373953,0.23661156039945055,,,0.00012632260544594793,2.0121613558917583e-05,5.26826080801432e-05,16924.339565037928,151286.45086857403,10933076.299657945,300.5272175388179,1874149.7955286314,0.14087212548294514,0.015237098060088524,0.14985896789762473,-0.31080378544695114,0.9504740958868083,0.0013775820661758517,0.0009712307375188156,0.0019775820661758516,5.165932748159444e-05,two-phase,False,
1.485048567428735,1.256764228028226,3030.2795802698033,6671.462083834428,1.1713777521718263,7814.80225946154,13580467.120227726,1292.4918961623036,1018.9933872009683,295.78655360055103,5361907.136152531,258913.35140405744,425.7174023573148,39.400947004508055,232432.5454198515,2.8346822799790323,0.03855494137071696,14943.735351417165,0.7403996996394498,18778.1233379926,24.82731472979913,295.78655360055103,0.23275161009801587,,,0.00012796229089344897,2.013910909986057e-05,5.325345786694044e-05,16773.668809177394,150054.10029406167,10807411.525661027,300.56762798172423,1853613.4754822783,0.1411739669971368,0.01533556909891238,0.15017646571096716,-0.30949018273987683,0.9509026379118094,0.0013899563018622669,0.0009742883305509627,0.0019899563018622667,5.212336131983501e-05,two-phase,False,
1.50450112830763,1.2635349622195822,3028.612038101985,6595.3620988313405,1.169904060015143,7715.9408966927795,13423115.853970448,1288.9517641717002,1018.3967622609072,295.85742503295864,5370424.153055723,258442.15760834198,429.313165802849,38.72762368968733,231487.146990651,2.840732129781767,0.03851623345968186,14787.53199138655,0.7421333407526691,18577.695583286546,24.80663036936994,295.85742503295864,0.22891738270154888,,,0.000129601822174224,2.0155901569661652e-05,5.382798934974753e-05,16626.27873024108,148845.9360017842,10684573.564293524,300.6068626821262,1833832.9560242095,0.14147594430644175,0.015433622909820907,0.15049396352430958,-0.3081755639149524,0.9513295022260695,0.0014022781071425356,0.0009772980330624642,0.0020022781071425354,5.2585429017845086e-05,two-phase,False,
1.523226364889186,1.270135773282434,3027.0034604710304,6520.919465905148,1.168476178346386,7619.539056825403,13269264.096344594,1285.524875298834,1017.8568768889244,295.9261478625597,5378692.832204156,257973.40208153494,432.9113813744348,38.07261344181078,230547.9976624881,2.846657277842381,0.03847832960359778,14633.582583472089,0.7438588523156117,18380.245587052723,24.78679590980447,295.9261478625597,0.2251085467168896,,,0.0001312415347624242,2.0172030375342862e-05,5.440623713452516e-05,16482.06767762918,147661.31582412936,10564432.942753518,300.64497078746416,1814769.0530500207,0.14177805687740705,0.015531259171670536,0.150811461337652,-0.3068599382477035,0.9517546838858296,0.0014145474416605661,0.0009802608719276032,0.002014547441660566,5.304552906227123e-05,two-phase,False,
1.5412928421069938,1.2765817544072213,3025.448668164372,6448.086048348429,1.1670892842474956,7525.49213093323,13118765.005475584,1282.2051995344027,1017.3696942993948,295.9928127522844,5386723.729704962,257507.04683677384,436.5128250030421,37.43518460281471,229615.2940550227,2.852461009054191,0.038441206560965425,14481.860602188131,0.7455757428811276,18185.729735807796,24.76776101798426,295.9928127522844,0.2213248298811598,,,0.00013288167505876998,2.018753328720114e-05,5.4988170094213755e-05,16340.938185485033,146499.60846603356,10446879.440206435,300.6819969676049,1796386.9325712256,0.14208030417501658,0.01562847756626776,0.15112895915099445,-0.30554331504493987,0.95217817798527,0.0014267642654309837,0.0009831778443508865,0.0020267642654309835,5.350365995366189e-05,two-phase,False,
1.5587584765236324,1.2828856128580441,3023.9432677900018,6376.815484066068,1.1657370718554512,7433.69021015768,12971456.389199158,1278.9880675484767,1016.9336903745793,296.0575014415498,5394526.124320838,257043.0570319764,440.117627673262,36.81469621071633,228689.19042759485,2.8581461542308233,0.03840484200742071,14332.253750677351,0.7472851298955063,17994.01421261845,24.74955108380314,296.0575014415498,0.21756665923070023,,,0.00013452268950265935,2.0202386633477777e-05,5.557403635364152e-05,16202.796759772298,145360.1917676171,10331780.462609407,300.7179813988998,1778654.5610271546,0.14238268566270307,0.015725277778379034,0.15144645696433687,-0.30422570364438545,0.95259997965677,0.001438928538840372,0.0009860499189270058,0.002038928538840372,5.395982020651395e-05,two-phase,False,
1.5756727420109855,1.2890581696051508,3022.4834899199227,6307.063106927343,1.1644202900569494,7344.072252375821,12827263.476835439,1275.868936572385,1016.5437576345926,296.12031993447505,5402111.308132221,256581.39798515497,443.72855703167886,36.210321430984116,227769.9782478438,2.86371800521203,0.03836921430327299,14184.846013016348,0.7489843992533941,17805.172355004503,24.732005448480685,296.12031993447505,0.21383156713754042,,,0.00013616423771927054,2.021671881973144e-05,5.6163455206258075e-05,16067.553678223858,144242.55708399898,10219095.52794404,300.752978208649,1761532.1903870064,0.14268520080236044,0.015821659495740513,0.1517639547776793,-0.30290711341445004,0.9530200840711205,0.0014510402226484997,0.0009888780366556437,0.0020510402226484995,5.441400834931874e-05,two-phase,False,
1.5920783186098286,1.2951087320578984,3021.0660680302594,6238.785872182589,1.1631337736614134,7256.542554577247,12686046.995092195,1272.844115264317,1016.1990375110469,296.181348783819,5409487.726141976,256122.03759344795,447.34586146186984,35.62148255980218,226857.81615895836,2.869179936703301,0.03833430273884096,14039.529476415591,0.7506746968016432,17619.076855621788,24.715157419243624,296.181348783819,0.2101198930313349,,,0.00013780667480124193,2.0230500316809305e-05,5.6756662576276014e-05,15935.122802263679,143146.14785624438,10108709.564426543,300.78702779588303,1744988.229879309,0.1429878490543558,0.01591762240906779,0.1520814525910217,-0.30158755375387986,0.9534384864377726,0.0014630992779895414,0.0009916631119133569,0.002063099277989541,5.48662229246078e-05,two-phase,False,
1.6080123475367059,1.301045377176722,3019.688146305146,6171.942285705176,1.1618750630459278,7171.025832319529,12547708.853523856,1269.9093633349564,1015.8965780319527,296.2406515158034,5416663.552658902,255664.9449719777,450.9700664182852,35.04760643118647,225952.7762751396,2.874534062320797,0.0383000874532172,13896.294026766485,0.7523554771877384,17435.705579841815,24.698971035170757,296.2406515158034,0.20643152247388338,,,0.0001394500624294281,2.0243758304263433e-05,5.735357226702336e-05,15805.421400074083,142070.3852786863,10000550.352973469,300.8201614186242,1728999.8007994,0.1432906298775419,0.016013166212065385,0.15239895040436413,-0.3002670340914003,0.953855182005085,0.0014751056663732725,0.0009944060333846297,0.0020751056663732724,5.5316462488997725e-05,two-phase,False,
1.6235074017315478,1.3068751699570567,3018.347208293018,6106.492336834943,1.1606417765422248,7087.45011426559,12412146.96185073,1267.0619418376516,1015.6352031179015,296.2982994936338,5423646.5621709535,255210.09070237062,454.60187254071553,34.48813330314843,225054.9784683838,2.8797834373383613,0.038266549255246446,13755.08194506459,0.7540269171727222,17254.984276927888,24.683426721144787,296.2982994936338,0.20276620331900688,,,0.00014109446752749683,2.025650675040514e-05,5.795426897821793e-05,15678.369980045089,141014.74624110974,9894538.055460833,300.8524150323775,1713539.7744980613,0.14359354272926964,0.01610829060143636,0.15271644821770655,-0.2989455638854537,0.9542701660605387,0.001487059349686275,0.0009971076649540969,0.0020870593496862748,5.576472561323531e-05,two-phase,False,
1.6385922471212349,1.3126043344392242,3017.0410209089773,6042.397434614404,1.1594318486987827,7005.748028187761,12279267.59966273,1264.2991937326553,1015.4136692041498,296.3543718958196,5430445.662375289,254757.44662871698,458.2433321036388,33.9424298057975,224164.58954614223,2.88493208274544,0.03823366958851427,13615.845122287767,0.7556890894683719,17076.849775293875,24.668504974174095,296.3543718958196,0.19912225942551703,,,0.00014273993240642983,2.0268759721088048e-05,5.855880991860462e-05,15553.892133902515,139978.76145732807,9790600.025891297,300.8838292941017,1698579.8341344045,0.1438965870654003,0.016202995276891535,0.15303394603104897,-0.29762315262384653,0.9546834339309772,0.0014989602901930984,0.0009997688465618014,0.0020989602901930983,5.6211010882241195e-05,two-phase,False,
1.6532924473473902,1.318238389265869,3015.7675899188876,5979.620347222026,1.1582436982690056,6925.857585211035,12148993.485468147,1261.6175318220808,1015.2293731669859,296.4089227567495,5437066.692109329,254306.98534436885,461.8937803010095,33.41009350419844,223281.64592975823,2.8899819462048315,0.03820143069658746,13478.581819932864,0.7573414074957893,16901.290827959365,24.654174843026578,296.4089227567495,0.1955008695216483,,,0.00014438645145336602,2.0280540848903114e-05,5.916707843082175e-05,15431.91438886442,138961.9090910227,9688680.254695365,300.9144310750158,1684098.8289763408,0.14419976234031814,0.016297279941158895,0.15335144384439142,-0.29629980982345255,0.9550949809828265,0.0015108084505374392,0.0010023903950232647,0.002110808450537439,5.665531689515397e-05,two-phase,False,
1.6676308496659698,1.3237822563699329,3014.525124142258,5918.125144420084,1.157075534426516,6847.717814282872,12021234.932419512,1259.015440704983,1015.0822867176576,296.46201401426305,5443517.4766987255,253858.68073590155,465.55506531245,32.89055840891614,222406.23143133716,2.8949358999681487,0.038169815398290265,13343.217462457069,0.7589843870653348,16728.215705906186,24.640428609069122,296.46201401426305,0.19190051392174914,,,0.00014603405501234504,2.0291854818465727e-05,5.9779238717428344e-05,15312.366068225905,137963.71876391207,9588706.571611596,300.944251931272,1670075.8813007125,0.14450306800694318,0.01639114429999266,0.15366894165773384,-0.2949755450298228,0.955504802622341,0.001522603793743282,0.0010049731048160514,0.002122603793743282,5.709764226537308e-05,two-phase,False,
1.6816279794292668,1.329240349024485,3013.3120063650763,5857.877142845823,1.1559260361065902,6771.27270572917,11895919.630550494,1256.4901875531766,1014.9706807990212,296.5137154864173,5449804.355462292,253412.50742258527,469.22806983216236,32.383354996754164,221538.47645302166,2.8997977642069284,0.038138807057872454,13209.733474388275,0.7606177386596717,16557.595242151387,24.62724396555565,296.5137154864173,0.1883208094991277,,,0.00014768272427632408,2.0302718432452855e-05,6.039524371596286e-05,15195.179159816666,136983.76992791906,9490625.02459732,300.973328108213,1656483.8057793626,0.14480650351674365,0.016484588062182427,0.15398643947107626,-0.29365036781702347,0.9559128942957756,0.001534346283216049,0.0010075177488344047,0.0021343462832160488,5.753798562060184e-05,two-phase,False,
1.6953023633826234,1.3346166438484415,3012.1267694794874,5798.84285398591,1.1547938683206291,6696.468171137826,11772972.636820825,1254.0399189269779,1014.8938692680613,296.56408021336,5455933.6948235715,252968.44093129295,472.9134011028944,31.888054254010594,220678.42597236403,2.9045699857784153,0.03810838970835995,13078.083698030114,0.7622416052591753,16389.369919231216,24.614608214545225,296.56408021336,0.18476156966944848,,,0.00014933245024743925,2.031314070254187e-05,6.10151582963909e-05,15080.28819181777,136021.612506078,9394377.104045698,301.0016866635553,1643304.1831830551,0.14511006831974882,0.016577610939562094,0.15430393728441869,-0.2923242877871113,0.9563192514896677,0.0015460358827437187,0.0010100250791134648,0.0021460358827437185,5.7976345602889455e-05,two-phase,False,
1.7086707969046984,1.3399147401973444,3010.968076741235,5740.989934683969,1.1536780695846935,6623.254185351358,11652332.784020377,1251.6617813869323,1014.8497841308422,296.6131363406545,5461910.170653646,252526.45725111742,476.6105893051356,31.404317174914812,219825.99706586334,2.9092527969383206,0.03807854808028014,12948.265100823559,0.7638554958766317,16223.528581939296,24.602496746436927,296.6131363406545,0.18122357591524607,,,0.0001509831831928931,2.032314058012884e-05,6.163887189826518e-05,14967.63011546154,135076.74060453035,9299918.52071419,301.0293408226845,1630527.8989490708,0.14541376186456198,0.01667021264701877,0.1546214350977611,-0.2909971942040459,0.9567239063415175,0.0015576725564979488,0.0010124958275244803,0.0021576725564979487,5.841272086867308e-05,two-phase,False,
1.7217485559213297,1.3451379052308399,3009.834706234412,5684.287186714127,1.1525773670629593,6551.580759292684,11533925.214424629,1249.3549627671507,1014.8389122566731,296.6609610211035,5467741.293674773,252086.53342138772,480.32264404030127,30.93159248161397,218981.3729722556,2.91385125773253,0.0380492671456335,12820.204646309616,0.7654600030135691,16059.982340841018,24.590907934272284,296.6609610211035,0.17770431591965388,,,0.00015263491922641904,2.033271814674038e-05,6.226656908936755e-05,14857.144285145925,134148.82551751452,9207188.30730737,301.0563316223337,1618127.4763713155,0.1457175836215146,0.016762392826037458,0.15493893291110353,-0.2896691174675659,0.9571268475941741,0.0015692562594264172,0.00101493070443271,0.002169256259426417,5.884710972849065e-05,two-phase,False,
1.7345496076413094,1.3502891247404707,3008.725534967597,5628.704408549231,1.1514909418919719,6481.402141031848,11417692.594717903,1247.1171134756094,1014.8596848404898,296.7075901108954,5473431.088135187,251648.646935121,484.04869084184156,30.469604466025853,218144.52017882172,2.9183666461956044,0.03802053259936447,12693.890682818754,0.7670548026970726,15898.710981295686,24.579822186560293,296.7075901108954,0.1742050541179245,,,0.00015428760293537328,2.0341888407695196e-05,6.289818093910049e-05,14748.772152248543,133237.42769289174,9116144.184134768,301.08267700882493,1606089.41529279,0.14602153303208193,0.01685415121081547,0.15525643072444598,-0.2883402824615532,0.9575280056008763,0.001580786958127372,0.0010173304037603417,0.002180786958127372,5.927951092977645e-05,two-phase,False,
1.7470867615787886,1.3553711354135887,3007.6395277663046,5574.212382128621,1.1504180150058505,6412.674343869442,11303578.409101361,1244.9461797238214,1014.9108544232542,296.7530592763244,5478984.291596707,251212.77576611366,487.78910862842076,30.018007708895837,217315.40817729547,2.9228003365586903,0.03799233060154932,12569.304134043165,0.7686396953692106,15739.686299427734,24.569222997233073,296.7530592763244,0.1707257499719677,,,0.0001559411793546021,2.035066392031644e-05,6.353366776035163e-05,14642.457223123363,132342.12635506116,9026743.743435629,301.10839496413,1594401.8522085233,0.14632560952234838,0.01694548758563181,0.1555739285377884,-0.28701067824625126,0.9579273827240908,0.0015922646254925132,0.001019695602385899,0.002192264625492513,5.9709923455969245e-05,two-phase,False,
1.759371788967568,1.360386448420737,3006.5757285948703,5520.782896689913,1.149357540832687,6345.353453610677,11191515.55996276,1242.841739340972,1014.9932021744639,296.7974285367297,5484407.026995267,250778.89883858204,491.54611727542334,29.57636034564275,216494.1399232322,2.927156214509765,0.037964647633598775,12446.372111369517,0.7702153340982634,15582.820131726205,24.559112160953195,296.7974285367297,0.16726468918671536,,,0.00015759563392500587,2.035904216419336e-05,6.41732363940996e-05,14538.145091039492,131462.59656110968,8938931.84750815,301.13351740393944,1583043.980143268,0.14662981253530755,0.017036401677742945,0.15589142635113082,-0.2856802198575359,0.9583250033168027,0.0016036892272478787,0.0010220269579448943,0.0022036892272478785,6.013834602179545e-05,two-phase,False,
1.771415546162317,1.3653373780746119,3005.5332512795303,5468.3886727366535,1.1483090082347074,6279.399973432134,11081457.603008792,1240.8013262717345,1015.1048333826939,296.8407249722666,5489703.006144609,250346.99529041085,495.3193575499411,29.144395539287366,215680.64821267256,2.9314350738080113,0.03793747082211951,12325.098059786194,0.7717812029243779,15428.10990170857,24.549467874223442,296.8407249722666,0.1638225548759447,,,0.00015925088451618883,2.0367040237356517e-05,6.481675372880615e-05,14435.783274701187,130598.4280187985,8852675.568983419,301.15805775340067,1572006.6555119844,0.1469341415125923,0.017126893217501514,0.15620892416447324,-0.28434891705963655,0.958720863112414,0.0016150607295085805,0.0010243251109946102,0.0022150607295085803,6.056477735657177e-05,two-phase,False,
1.7832280733411654,1.3702260634809298,3004.511272163024,5417.003325077314,1.1472716559798735,6214.77437520993,10973348.377582988,1238.8239414443901,1015.2456809581352,296.8829918544904,5494877.05180098,249917.04490363234,499.11014876018015,28.721758452777593,214874.95522875042,2.935639409651526,0.03791078761025346,12205.436753624155,0.7733375573995961,15275.498775242992,24.540284806128554,296.8829918544904,0.16039847639962757,,,0.0001609068873021188,2.0374661661429976e-05,6.54643108361673e-05,14335.321134019787,129749.2783114888,8767930.368017908,301.1820387350164,1561275.1968321279,0.1472385958944881,0.017216961938364517,0.15652642197781566,-0.28301677964248223,0.9591149578860705,0.0016263790987798379,0.0010265906855612236,0.0022263790987798377,6.098921620424392e-05,two-phase,False,
1.7948186797971508,1.3750544872069184,3003.509023747974,5366.601327577189,1.146244873874074,6151.439261861154,10867137.63982037,1236.9082044573588,1015.4151415644178,296.9242641114848,5499932.8086460475,249489.02792870108,502.91831400590115,28.308195175616177,214077.04296347994,2.9397710048113277,0.037884585896177735,12087.359556725893,0.7748844090324161,15124.948667886541,24.53155303801324,296.9242641114848,0.15699298528401429,,,0.0001625635818596125,2.038191382442104e-05,6.611592686745517e-05,14236.709790270872,128914.7953222505,8684657.574001081,301.2054784690084,1550836.9729814157,0.14754317511994622,0.01730660757690141,0.15684391979115808,-0.281683817421421,0.9595072834548446,0.001637644301957993,0.0010288242896659937,0.002237644301957993,6.141166132342475e-05,two-phase,False,
1.8061960179892422,1.3798244914544238,3002.525789169542,5317.157979532617,1.1452280737038343,6089.358590479111,10762776.17916114,1235.0529068878095,1015.6127864659852,296.96456836496617,5504874.462277885,249062.92509554463,506.74489366794677,27.903393259721643,213286.85371946875,2.9438309048703033,0.037858854017973675,11970.834651738189,0.7764218331413695,14976.418097300892,24.52326438408825,296.96456836496617,0.15360541961401059,,,0.00016422090851465524,2.0388802737225374e-05,6.677164015474595e-05,14139.902050372546,128094.616856946,8602818.991653584,301.22839046642457,1540684.4435196212,0.14784787862659696,0.017395829872802093,0.1571614176045005,-0.2803500402367598,0.9598978356779679,0.0016488563063315129,0.0010310265158314453,0.0022488563063315127,6.183211148743173e-05,two-phase,False,
1.817368148118451,1.3845377921329725,3001.5608973676153,5268.649373582351,1.1442208229847632,6028.498322258554,10660220.770838989,1233.2563875232504,1015.8375720575253,297.00395555884086,5509706.010895819,248638.71742601765,510.59078494823024,27.50706191546884,212504.4605920982,2.947822707764187,0.03783358052469424,11855.848462224385,0.7779496274932877,14829.886257633721,24.515405320381593,297.00395555884086,0.15023538009950066,,,0.00016587878880347,2.0395338908972088e-05,6.743140052643678e-05,14044.852335038804,127288.47120645117,8522382.42676112,301.25080217754703,1530798.401861637,0.1481527058507633,0.017484628568884802,0.15747891541784295,-0.2790154579534689,0.9602866104570115,0.0016600150795819846,0.0010331979415684276,0.0022600150795819844,6.225056548432443e-05,two-phase,False,
1.8283425946836938,1.3891959911598062,3000.6137188514967,5221.0523650759405,1.1432224988452155,5968.8245314038395,10559421.568611057,1231.5180597221888,1016.0897784347572,297.0424438798574,5514430.899895194,248216.38654408156,514.456218395996,27.118958060372115,211729.7689120063,2.9517467991738457,0.03780875453439619,11742.353240009605,0.7794681474724627,14685.294084495124,24.507974314018465,297.0424438798574,0.14688294720106745,,,0.00016753717498959626,2.040152293264001e-05,6.809533362057827e-05,13951.516610578652,126495.99934712972,8443307.798631,301.2727225282757,1521174.2908110386,0.1484576562274741,0.01757300341110388,0.15779641323118537,-0.27768008046088866,0.9606736037360631,0.0016711205897850892,0.001035339129844887,0.002271120589785089,6.266702211694085e-05,two-phase,False,
1.8391263961920898,1.393800587245879,2999.683661970884,5174.344542823605,1.1422326595423755,5910.305328537983,10460335.770779239,1229.8367269451453,1016.3688749585822,297.08006769951743,5519052.959366922,247795.91444290933,518.3425204081672,26.738791008719666,210962.77209215617,2.955605285591157,0.037784365400317134,11630.324542070392,0.780977390295059,14542.608845311506,24.500962729127206,297.08006769951743,0.14354728466150268,,,0.00016919599655393225,2.0407361356686225e-05,6.876345301155487e-05,13859.85232412699,125716.90623422831,8365562.267901639,301.29416974293673,1511800.7435019338,0.1487627291904778,0.01766095414855742,0.1581139110445278,-0.2763439176722585,0.9610588115019538,0.0016821728054115625,0.0010374506295371426,0.0022821728054115624,6.30814802029336e-05,two-phase,False,
1.849726149033333,1.3983529853973935,2998.7701696186223,5128.5042011565165,1.141250934440259,5852.910211850669,10362923.489323767,1228.2110606916722,1016.6741319235803,297.116853127376,5523574.956889928,247377.28341134544,522.2494085913291,26.36636464414379,210203.42391101184,2.959399512511361,0.037760402857845446,11519.74401741151,0.7824772643794848,14401.804824572962,24.494360274759998,297.116853127376,0.1402289756962328,,,0.00017085517525542283,2.0412862160569293e-05,6.943574171299406e-05,13769.818342107425,124950.88446072604,8289115.657597479,301.31515742835865,1502668.5177776262,0.149067924172256,0.017748480533494832,0.15843140885787022,-0.2750069795244603,0.9614422297844177,0.0016931716953281486,0.0010395329758644334,0.0022931716953281485,6.349393857480557e-05,two-phase,False,
1.8601480463258584,1.4028545053097998,2997.872716305933,5083.51031323053,1.140276793623511,5796.608840322559,10267139.686831959,1226.6406098006007,1017.0058924710311,297.1528261692246,5528000.4492692975,246960.47628439215,526.1780869797151,26.001415167766112,209451.6810279318,2.9631308872185524,0.037736856958144264,11410.567114049598,0.7839681163427878,14262.826912134517,24.488166410649598,297.1528261692246,0.13692728228222922,,,0.00017251465944083846,2.0418025245963547e-05,7.011232809319314e-05,13681.374891740521,124197.6389897595,8213931.725291158,301.3356992107683,1493769.942481936,0.14937324060403712,0.01783558232132429,0.15874890667121264,-0.27366927597762297,0.9618238546562898,0.0017041172287985311,0.0010415866908074442,0.002304117228798531,6.390439607994493e-05,two-phase,False,
1.8703979124299925,1.4073063888101234,2996.990805558863,5039.342505510235,1.1393100064562147,5741.373342487944,10172950.299265368,1225.123746508308,1017.3629888785499,297.18802897456493,5532332.587802112,246545.47604070688,530.1294141962195,25.64370725596329,208707.58668681487,2.966802576497238,0.03771371794542807,11302.789169137784,0.7854496534872834,14125.665103132222,24.482367159524397,297.18802897456493,0.13364184800147016,,,0.00017417435521910581,2.0422861757690965e-05,7.079312674475485e-05,13594.483505423163,123456.936379078,8139985.736687,301.3558180223124,1485089.2732330188,0.14967867791580983,0.017922259270619967,0.15906640448455506,-0.27233081701479867,0.9622036822336798,0.001715009375484246,0.0010436122835114996,0.002315009375484246,6.431285158065922e-05,two-phase,False,
1.8804812337070425,1.411709806476068,2996.1239675933193,4995.981033373645,1.1383501751268152,5687.175884271136,10080315.872449275,1223.659729177883,1017.7453401354726,297.2224629727721,5536574.047518783,246132.2660596202,534.1033578793051,25.2930575487384,207970.97696126875,2.970413571588481,0.03769097663031047,11196.37820726234,0.7869220375705482,13990.27871556818,24.476958408120552,297.2224629727721,0.13037295161273368,,,0.00017583419615448717,2.042737466245473e-05,7.147820428246468e-05,13509.106967815685,122728.42990709067,8067246.639698419,301.37551359769765,1476628.9093345266,0.14998423553633716,0.01800851114312936,0.15938390229789748,-0.2709916126415316,0.9625817086761737,0.001725848105445601,0.0010456102506750818,0.0023258481054456008,6.471930395421004e-05,two-phase,False,
1.890403186014384,1.4160658635406196,2995.2717572325423,4953.406757781556,1.1373968294878352,5633.989141464359,9989195.100809615,1222.248265353168,1018.1533976680596,297.25617012017057,5540728.122272496,245720.83023737246,538.101600523846,24.949208945699304,207241.9002638211,2.9739671608302856,0.037668623828472005,11091.29119902838,0.7883856288450797,13856.614672784317,24.47194095106209,297.25617012017057,0.12711955336129446,,,0.00017749412980588118,2.043156286621801e-05,7.216769922628312e-05,13425.209265484651,122011.90823229351,7995681.075305862,301.3948089051072,1468373.6816633304,0.1502899128931702,0.018094337703780307,0.15970140011123993,-0.2696516728855486,0.9629579301869968,0.0017366333891425567,0.0010475810769242813,0.0023366333891425566,6.512375209284588e-05,two-phase,False,
1.9001686593526395,1.420375605174338,2994.433752036366,4911.6011229584055,1.136449906379041,5581.7886363572725,9899560.966904256,1220.887383328861,1018.5854873507992,297.2891598164609,5544796.415737853,245311.15243687868,542.1227445280635,24.61205635372023,206520.24037303482,2.9774632759373065,0.037646650846857185,10987.53780674089,0.7898399208915442,13724.679565116703,24.4672965595384,297.2891598164609,0.12388309944383774,,,0.00017915404275368788,2.0435441193239576e-05,7.286144607278465e-05,13342.755538958176,121307.07114695369,7925270.668646902,301.41370835119466,1460320.5895421433,0.15059570941266187,0.01817973872068797,0.16001889792458235,-0.2683110077964208,0.963332343013183,0.001747365197435605,0.0010495252351737764,0.002347365197435605,6.552619490383519e-05,two-phase,False,
1.9097822800195372,1.4246400212237886,2993.609550616068,4870.546135034628,1.1355087733166094,5530.547867175123,9811367.852682553,1219.5777388827446,1019.0431919457276,297.32147382355043,5548782.970912892,244903.2172906586,546.1701282113863,24.28128407624544,205806.05016633254,2.9809053343173897,0.03762504902862022,10885.049677290193,0.7912857191348245,13594.39186368177,24.463036425748804,297.32147382355043,0.12066120362146206,,,0.00018081391283767642,2.0438999938442645e-05,7.35597450792602e-05,13261.712037060066,120613.72736373002,7855976.754939128,301.43223494032566,1452456.121757578,0.15090162451998088,0.0182647139651617,0.16033639573792477,-0.2669696274451559,0.9637049434457595,0.001758043501586632,0.0010514431869749047,0.002358043501586632,6.59266313094987e-05,two-phase,False,
1.9192484305738617,1.428860050473138,2992.7987711124265,4830.224341603234,1.1345734434661705,5480.244263966898,9724592.224439757,1218.317241451453,1019.5246444642866,297.3531132939188,5552689.09824428,244497.00932204304,550.2421782663874,23.95680773678483,205099.17731740352,2.984292493676993,0.037603810247073155,10783.842417951766,0.7927224329468504,13465.765132945437,24.459140762338237,297.3531132939188,0.11745542771803526,,,0.0001824736182974709,2.0442255304809864e-05,7.426239728133924e-05,13182.046073397529,119931.57187409484,7787783.9908721885,301.45038845897597,1444780.7022983683,0.15120765763912572,0.018349263211711788,0.1606538935512672,-0.26562754192386084,0.9640757278199091,0.0017686682732597644,0.0010533353828513596,0.002368668273259764,6.632506024724117e-05,two-phase,False,
1.9285712678701095,1.4330365844864035,2992.00104981773,4790.618812145925,1.1336435584444908,5430.854157352227,9639198.67425904,1217.1055370723534,1020.0301217362853,297.3841117286868,5556517.67757637,244092.51346972355,554.3405085501457,23.63840596668103,204399.63797222776,2.987627411229706,0.03758292639137004,10683.88106803552,0.794150328221504,13338.755823418558,24.45560918347312,297.3841117286868,0.11426481217793814,,,0.00018413309785647838,2.0445207324375117e-05,7.496951089278673e-05,13103.725984884763,119260.40750422992,7720664.0252115885,301.46818729379424,1437282.771842833,0.15151380819293886,0.018433386238056144,0.1609713913646096,-0.2642847613453071,0.9644446925151562,0.0017792394845222111,0.0010552022626230193,0.002379239484522211,6.672148066958293e-05,two-phase,False,
1.9377547393884103,1.4371704710798208,2991.216039925139,4751.713119286609,1.132718794804759,5382.35475773629,9555153.567213424,1215.9422058324694,1020.559794207981,297.4144782665698,5560270.9146509245,243689.71504815132,558.4653703735081,23.325924548338605,203707.32669903795,2.990910182472722,0.03756238975215864,10585.134064117627,0.795569625057325,13213.324288458194,24.452440441716362,297.4144782665698,0.11108945134752486,,,0.0001857922870213371,2.0447856776986146e-05,7.568118197730888e-05,13026.721092192423,118599.9723351566,7654590.117078536,301.4856359001435,1429960.7786604024,0.15182007560312064,0.018517082825126714,0.16128888917795203,-0.2629411781011306,0.9648118660437327,0.0017897571078450687,0.0010570442557183983,0.0023897571078450685,6.711589154419007e-05,two-phase,False,
1.9468025899662424,1.4412625138007211,2990.4434110813136,4713.491354948324,1.1317989636601304,5334.724630751498,9472428.20551942,1214.8263246966605,1021.1131855088171,297.44423817601694,5563950.934699558,243288.59957273345,562.6174148636011,23.019198104231073,203022.2237926678,2.9941426856821374,0.03754219274774855,10487.586247772411,0.7969802750141286,13089.44958938973,24.449627540065862,297.44423817601694,0.10792915956010773,,,0.00018745109995661218,2.0450209279492898e-05,7.639740641276445e-05,12951.001729635593,117950.06271473865,7589540.499987413,301.50274804172665,1422805.7754794736,0.15212645931051527,0.018600352682282294,0.16160638699129448,-0.26159674119647214,0.9651772609191464,0.0018002211067052864,0.001058861779850366,0.0024002211067052862,6.750829150144824e-05,two-phase,False,
1.9557183875192807,1.4453134802742256,2989.682847301792,4675.938061144409,1.130883862793196,5287.942896768717,9390993.908851149,1213.7571060102841,1021.6899697362392,297.4734085724386,5567559.786891306,242889.1527888727,566.7971130503397,22.71807461584686,202344.2703159015,2.9973259663829737,0.03752232805923299,10391.219366942165,0.7983822889295268,12967.107371529895,24.44716491074218,297.4734085724386,0.10478387815428108,,,0.00018910945513633782,2.0452269284619502e-05,7.711820156556761e-05,12876.539106324204,117310.45841248817,7525493.156225539,301.5195328444907,1415812.4589471377,0.15243295874471754,0.018683195558059654,0.1619238848046369,-0.26025175501958586,0.9655407935500319,0.0018106314495030629,0.0010606552437609376,0.0024106314495030627,6.789867935636486e-05,two-phase,False,
1.964505547321554,1.4493241103336465,2988.9340450034065,4639.0381634219075,1.1299731276034815,5241.988462593763,9310817.330865515,1212.7345364950504,1022.2907613046266,297.50200651798656,5571099.890058804,242491.36089840162,571.0058334239679,22.422371931757276,201673.40823179216,3.000461105774376,0.03750278853973736,10295.99438288112,0.7997760442961412,12846.24970982944,24.445055559194987,297.50200651798656,0.10165287714099146,,,0.00019076730273938735,2.0454034100647623e-05,7.784373047293636e-05,12803.305172235248,116680.94585943027,7462420.948058645,301.5359994442949,1408976.238416109,0.15273957329354426,0.018765611355117513,0.16224138261797932,-0.2589062910735419,0.9659024445784069,0.0018209881240061313,0.0010624250499271007,0.002420988124006131,6.828705465022992e-05,two-phase,False,
1.9731673148418165,1.4532951055128285,2988.1967145586964,4602.777074710794,1.1290667088798987,5196.842363451564,9231875.614889635,1211.7572982285576,1022.914543401061,297.5300490233393,5574573.13778657,242095.21014141737,575.2441099473693,22.131948163289863,201009.582957624,3.0035492200746483,0.0374835672695392,10201.91029032156,0.801161271613481,12726.872005734409,24.44328781192252,297.5300490233393,0.09853608006908744,,,0.00019242453976145514,2.0455513343672153e-05,7.857390249147041e-05,12731.272822592993,116061.320150033,7400307.537631782,301.5521569865707,1402291.7095621068,0.15304630237424263,0.018847599867382256,0.16255888043132175,-0.25756018316888735,0.9662622584195293,0.0018312911043185183,0.001064171589125354,0.002431291104318518,6.867341641194445e-05,two-phase,False,
1.9817067882287236,1.4572271367241514,2987.4705784559146,4567.140628436865,1.1281643505484151,5152.485240943756,9154139.898992654,1210.8250431615847,1023.5614793429058,297.5575530494295,5577980.925151963,241700.687080501,579.5115800629073,21.846700220772984,200352.74216633264,3.0065914598617502,0.03746465752186459,10108.939860649503,0.8025381610946605,12608.93993470254,24.441860745148222,297.5575530494295,0.09543406706960354,,,0.00019408109936028362,2.045670766286693e-05,7.930880828829892e-05,12660.415764100819,115451.38374133913,7339130.029496169,301.56801462599424,1395752.7105700145,0.15335314540298928,0.01892916089202529,0.16287637824466417,-0.25621344153540554,0.9666202317231848,0.0018415403649520309,0.0010658952431478628,0.0024415403649520307,6.905776368570116e-05,two-phase,False,
1.9901269277137188,1.4611208462362855,2986.7553705680666,4532.11506397226,1.127265889594615,5108.898719333845,9077584.703431714,1209.9370772088766,1024.2312894443533,297.584527444553,5581325.359064809,241307.77848276484,583.8094821410405,21.5664679491044,199702.7952671067,3.0095881115719667,0.03744605281492675,10017.066402270857,0.8039067277613314,12492.431230890435,24.44076949002304,297.584527444553,0.09234622528434212,,,0.00019573690044307455,2.0457621033744657e-05,8.004846947063979e-05,12590.708484977986,114850.92214192009,7278868.865947107,301.5835768720311,1389357.9567888484,0.15366010179490477,0.019010294229468937,0.1631938760580066,-0.25486607642101217,0.9669763611845735,0.001851735880826998,0.0010675963850556563,0.0024517358808269977,6.944009553101242e-05,two-phase,False,
1.9984305642432687,1.4649768494866786,2986.0508354801086,4497.68701267514,1.1263710719749624,5066.0645418747645,9002182.27301489,1209.093159831643,1024.9242346768126,297.6109971472968,5584608.241167706,240916.47144443085,588.1385974578391,21.291114510154287,199059.73490633813,3.0125412836066023,0.03742774672919107,9926.26224094041,0.805267187379612,12377.311189320357,24.440014148550762,297.6109971472968,0.08927231363078844,,,0.00019739187918635097,2.0458253295636855e-05,8.079299168488552e-05,12522.126226316388,114259.77583628664,7219501.927025356,301.5988575496471,1383098.5217304206,0.15396717096406795,0.01909099968339204,0.163511373871349,-0.2535180980912826,0.9673306435444805,0.0018618776272729762,0.0010692753794232712,0.002461877627272976,6.98204110227366e-05,two-phase,False,
2.0066204074179135,1.4687957367459106,2985.356727868513,4463.843484491181,1.1254797979906193,5023.965663186877,8927910.003626812,1208.2924320183047,1025.6398018927846,297.63697092193655,5587831.12211365,240526.75319307728,592.4993049151544,21.020522473816698,198423.47488345316,3.0154513212467253,0.037409733136134674,9836.517060892562,0.8066194577745508,12263.564953065848,24.439587860003645,297.63697092193655,0.08621236870064991,,,0.00019904594637807797,2.0458610139587084e-05,8.154235769347017e-05,12454.644954689775,113677.74379923167,7161012.267222831,301.61386118391215,1376972.3171997066,0.15427435232353037,0.01917127706073553,0.16382887168469146,-0.252169516829199,0.9676830755893834,0.0018719655800294465,0.0010709325825751818,0.0024719655800294464,7.019870925110425e-05,two-phase,False,
2.01469905280416,1.472578074647891,2984.6728119283034,4430.571855091084,1.124591753306368,4982.5845706667305,8854739.348740133,1207.5350186494106,1026.3786673656898,297.6624655573869,5590996.100008194,240138.6113711933,596.893169509142,20.75453694023597,197793.97155021783,3.0183194961890703,0.03739200601577102,9747.795601355789,0.8079639050393743,12151.149276998609,24.43949462989614,297.6624655573869,0.08316561062322496,,,0.00020069905203158204,2.0458688183689535e-05,8.229674224255804e-05,12388.241335952018,113104.65538113246,7103376.586623673,301.62859696143937,1370974.6448388477,0.1545816452853308,0.019251126171707884,0.16414636949803388,-0.25082034293463557,0.968033654151627,0.0018819997152465036,0.0010725683428143393,0.0024819997152465034,7.057498932174389e-05,two-phase,False,
2.02266898868028,1.4763244075994486,2983.9988608430085,4397.859853519662,1.1237069688329375,4941.905765350645,8782652.471772717,1206.8195926038543,1027.139717773583,297.6874897504871,5594104.199546064,239752.0335919477,601.3196542528461,20.49308154657993,197171.14315874057,3.0211462003590346,0.037374559569503106,9660.101451756735,0.8093002133668347,12040.065318019211,24.439722256232013,297.6874897504871,0.08013273070602071,,,0.0002023510862977871,2.0458497635851912e-05,8.305602781933383e-05,12322.892710164824,112540.32220587438,7046582.5269130925,301.6430694198328,1365102.6368620405,0.15488904926050998,0.01933054682979042,0.1644638673113763,-0.24947058672405648,0.9683823761095381,0.001891980009485518,0.0010741830006431143,0.002491980009485518,7.094925035570692e-05,two-phase,False,
2.0305326022687153,1.480035259080609,2983.334656293597,4365.69555033322,1.1228252628077386,4901.913253641473,8711625.624121597,1206.145796892625,1027.923013567483,297.71206021751215,5597156.908312707,239367.0077196458,605.7793863168527,20.236041939509775,196554.95018195274,3.0239327578659085,0.037357388095370224,9573.41352702335,0.8106285098200232,11930.286151084816,24.4402692562277,297.71206021751215,0.07711360301689292,,,0.0002040019780556362,2.0458039752266372e-05,8.382028623086047e-05,12258.577067598324,111984.58567772078,6990611.418381226,301.6572877591755,1359350.697492133,0.15519656365912496,0.01940953885174253,0.16478136512471872,-0.24812025853015834,0.9687292383875524,0.0019019064397197962,0.0010757768889769473,0.002501906439719796,7.132149148949236e-05,two-phase,False,
2.0382921855025176,1.4837111328458377,2982.679988002868,4334.067346203255,1.121946381253459,4862.591175181524,8641633.451860592,1205.5136294639983,1028.7290327627652,297.73618559207625,5600155.975511603,238983.52196421623,610.2737932104604,19.98328153925149,195945.3150803426,3.0266796056193015,0.037340486102471315,9487.702669194288,0.8119490741834671,11821.775664848257,24.441138009509412,297.73618559207625,0.07410757390997386,,,0.00020565167088361472,2.0457312577076524e-05,8.45896613461778e-05,12195.273025751574,111437.26914704597,6935442.787263278,301.67125652880554,1353717.26457366,0.15550418789026396,0.019488102057606708,0.16509886293806114,-0.24676936870138722,0.9690742379563697,0.0019117789833352108,0.0010773503333509776,0.0025117789833352107,7.169171187507041e-05,two-phase,False,
2.0459499403681027,1.4873525140353958,2982.0346533121196,4302.963960965481,1.12107031228694,4823.925151479021,8572658.037425002,1204.9220804114777,1029.55701364749,297.7598744828406,5603102.389537133,238601.56457405208,614.8023269569662,19.734733060292942,195342.16248285002,3.029387197667139,0.037323848246385356,9402.966079450904,0.8132617195595773,11714.527945833102,24.442319658117498,297.7598744828406,0.07111532139182596,,,0.0002073000655272188,2.045632358113547e-05,8.536408847406467e-05,12132.959807342673,110898.20159646882,6881063.676604411,301.68498028270176,1348199.5490161285,0.15581192136206076,0.01956623627071348,0.16541636075140356,-0.2454179276016277,0.9694173718330625,0.001921597618130821,0.0010789036521199236,0.002521597618130821,7.205991067990579e-05,two-phase,False,
2.0535079838621018,1.4909598702049498,2981.3984567872862,4272.374423094313,1.1201966793812985,4785.89964182384,8504671.451655684,1204.3717558231451,1030.40814568665,297.78315154617167,5605998.280581466,238221.12430250124,619.3679501820825,19.49021936907163,194745.4983946803,3.0320578524295083,0.03730746920206439,9319.161594326728,0.8145669764506617,11608.492093057015,24.443823179407374,297.78315154617167,0.06813521264744275,,,0.000208947131122648,2.045506532796488e-05,8.61438326342226e-05,12071.617219221018,110367.26450850187,6827450.708437788,301.69847289806813,1342789.6597727607,0.15611976348170986,0.01964394131768633,0.165733858564746,-0.24406594560980036,0.9697586370812038,0.0019313623223194912,0.001080437156651464,0.002531362322319491,7.242608708698092e-05,two-phase,False,
2.0609683525961247,1.4945336522807198,2980.771209852007,4242.288059584014,1.1193255764223742,4748.5015276436325,8437659.590215454,1203.861264452346,1031.281180935362,297.80601729044514,5608844.073875027,237842.18981254756,623.9688828066586,19.24971895734588,194155.21148134454,3.034691149053998,0.03729134396327021,9236.297124818659,0.8158644751555131,11503.674573363214,24.445635377691417,297.80601729044514,0.065168732755343,,,0.00021059275103492152,2.0453548957712497e-05,8.692874556061438e-05,12011.225632157266,109844.27369688926,6774594.545099442,301.71173428141475,1337487.5035534676,0.1564277136554808,0.019721217028446304,0.16605135637808843,-0.24271343311949353,0.9700980308109841,0.0019410730745284695,0.0010819511515133705,0.0025410730745284694,7.279024029481761e-05,two-phase,False,
2.0683330070798376,1.498074295446711,2980.152730445341,4212.6944862184855,1.1184568380701694,4711.716954811564,8371601.332035742,1203.3903713467678,1032.1762648522208,297.8284802441712,5611641.418888307,237464.7500087271,628.6066530888567,19.013107644883544,193571.23224320807,3.037287600383386,0.03727546759554196,9154.352544223362,0.8171543583032237,11400.049823128418,24.447755805396763,297.8284802441712,0.06221520717865698,,,0.00021223685751725998,2.0451774959631536e-05,8.771891487449469e-05,11951.765961468398,109329.07367914419,6722478.5103714885,301.7247690015715,1332291.506987475,0.15673577128873314,0.019798063236216606,0.16636885419143085,-0.24136040053847294,0.9704355501793553,0.0019507298537999665,0.0010834459346546238,0.0025507298537999663,7.315236951749875e-05,two-phase,False,
2.07560383570965,1.5015822199698872,2979.5428427020875,4183.583598212662,1.1175902199148224,4675.532113558533,8306473.804116043,1202.959214920305,1033.093981602227,297.8505649664883,5614391.909592417,237088.79413675936,633.283328957036,18.78025064709217,192993.571811407,3.0398496007807854,0.03725983516861336,9073.299933154602,0.8184369193779786,11297.58338010569,24.45018807516049,297.8505649664883,0.059273649159563485,,,0.0002138793993308503,2.0449740446289718e-05,8.851450494810553e-05,11893.21964843806,108821.56056399572,6671084.043013407,301.7375909536881,1327193.0670464854,0.1570439357859314,0.019874479777527106,0.16668635200477327,-0.24000685828847054,0.9707711923901008,0.001960332639591718,0.001084921797580732,0.002560332639591718,7.351247398468943e-05,two-phase,False,
2.0827826584876084,1.5050578319685597,2978.9413766538664,4154.945561209349,1.1167257539034456,4639.934714269285,8242262.185284576,1202.566773809352,1034.0335026267371,297.8722638774885,5617096.257093347,236714.3114390715,637.9979298341372,18.5511082231431,192422.0854665331,3.042375840924949,0.03724444212256057,8993.139406168175,0.8197119426033622,11196.272978577803,24.452922937553517,297.8722638774885,0.056345017580964246,,,0.00021552027379279277,2.044745330760137e-05,8.931543576271612e-05,11835.568642494336,108321.5414852865,6620400.645489447,301.7501953946554,1322196.1315441686,0.15735220655065982,0.01995046649221866,0.1670038498181157,-0.23865261202900306,0.9711050050183729,0.001969881411777535,0.001086379025523479,0.002569881411777535,7.387055294165756e-05,two-phase,False,
2.089871218331308,1.508501518210606,2978.3481689664072,4126.770850864762,1.1158632621298268,4604.911983708234,8178946.268230493,1202.2129687352472,1034.9951254772154,297.8936014821343,5619755.684454204,236341.29141722788,642.751475003836,18.325582965498768,191856.78885597817,3.044868757812409,0.03722928379536698,8913.849716372239,0.8209796104590341,11096.091924896189,24.455961483756415,297.8936014821343,0.053428984985381525,,,0.00021715941662683462,2.0444912800999408e-05,9.012182007579715e-05,11778.795481379506,107828.92250746067,6570412.210601098,301.76259622961845,1317291.5888920617,0.15766058301741223,0.020026023093371273,0.16732134763145812,-0.23729776031924785,0.9714369629304151,0.001979376134301986,0.0010878178951367916,0.0025793761343019857,7.422660503632447e-05,two-phase,False,
2.096871214085257,1.5119136612174389,2977.7630601845945,4099.050125959306,1.1150024919677357,4570.451105145286,8116504.154809699,1201.8980595345786,1035.9795472552635,297.91457818976136,5622371.505314525,235969.72392791187,647.5454165342243,18.10356885655705,191297.57984126752,3.047328002081461,0.03721435578954636,8835.402197059555,0.8222402492613494,10997.004999554954,24.459308498216284,297.91457818976136,0.050525007979491075,,,0.00021879678329218485,2.044211511688742e-05,9.093384972003466e-05,11722.883035975246,107343.54266657111,6521100.849254031,301.77479338345853,1312480.9390172448,0.15796906457389331,0.020101149483430673,0.16763884544480054,-0.23594263484828726,0.9717669849613373,0.001988816794906039,0.0010892386806987593,0.002588816794906039,7.458062980897646e-05,two-phase,False,
2.1037842874512345,1.5152946321440042,2977.1858958387716,4071.7742850751774,1.1141435929949284,4536.541231838014,8054925.159138943,1201.6206033625408,1036.9854066221087,297.9351944025204,5624944.343613697,235599.5986859213,652.3789833766975,17.885025302569925,190744.35827414683,3.0497532275520665,0.03719965381786254,8757.80806675805,0.8234934498396896,10899.022861988766,24.462949960325044,297.9351944025204,0.047633886578707305,1110618.3404521772,7.252649146654161,0.00022043225199450958,2.043907218102965e-05,9.175134437854808e-05,11667.81462455708,106865.2453397465,6472459.910315961,301.7867867824208,1307764.559367699,0.15827765060297874,0.02017584558607905,0.167956343258143,-0.2345871580389599,0.9720950906589355,0.001998203383999316,0.0010906416509964241,0.0025982033839993157,7.493262689997435e-05,two-phase,False,
2.110612017379248,1.5186447872209006,2976.6165269186617,4044.934492134345,1.1132862946508364,4503.170132853607,7994187.628854264,1201.3809943920596,1038.0135422075164,297.95548256039007,5627475.758596276,235230.90578275494,657.2546545098744,17.669823994671386,190197.1822269416,3.052147879960463,0.037185173464697255,8681.037210048089,0.8247395767971116,10802.108732747325,24.466892033744475,297.95548256039007,0.04475444513213496,1116325.8086552895,7.161159911266363,0.0002220657826592733,2.0435779064639897e-05,9.257451713742079e-05,11613.574064868031,106393.97106855652,6424471.553392692,301.79859500955206,1303130.5799547932,0.15858634050486195,0.02025011125451999,0.1682738410714854,-0.23323122410679123,0.9724213058657486,0.0020075358831348356,0.0010920270677598322,0.0026075358831348355,7.528259561755634e-05,two-phase,False,
2.1173559296791957,1.5219644716713954,2976.054809074308,4018.5221412878795,1.112430455638849,4470.326416627679,7934273.788323265,1201.1790955668557,1039.0641426644654,297.97543500853476,5629966.596873437,234863.63552742646,662.1725898819374,17.457904148403706,189655.9164369655,3.0545107031041727,0.03717091073385666,8605.07208273227,0.8259787663733269,10706.240300731924,24.471134976366084,297.97543500853476,0.04188695809459471,1121978.3408579305,7.071681777971091,0.0002236973112926235,2.043223579465741e-05,9.340347049109628e-05,11560.1456038591,105929.5485540839,6377121.749078186,301.8102133356587,1298583.2600078548,0.15889513367893138,0.020323946345287985,0.16859133888482783,-0.2318748435486785,0.9727456280699883,0.0020168142742841904,0.0010933951872172368,0.0026168142742841903,7.563053528565714e-05,two-phase,False,
2.1240174995197982,1.5252540202243305,2975.500602411627,3992.5288497465826,1.111576099969734,4437.999647817955,7875170.539391621,1201.0140849862298,1040.1365673405617,297.9950521030195,5632417.327575692,234497.77824592585,667.1319992398597,17.249230912077337,189120.46668876876,3.0568413851546334,0.037156861669421795,8529.911002299486,0.827210861475387,10611.413561564415,24.47567147554028,297.9950521030195,0.03903221790140622,1127574.8825213425,6.984166339163343,0.00022532674163047156,2.0428448735295133e-05,9.423815160895231e-05,11507.513903724142,105471.83371682189,6330401.076087924,301.8216416955196,1294122.7951746804,0.15920402952378565,0.020397350718251984,0.16890883669817025,-0.23051802687257694,0.97306805480746,0.002026038539837993,0.0010947462602354024,0.0026260385398379927,7.597644524392474e-05,two-phase,False,
2.130598153775447,1.5285137575953494,2974.953771299839,3966.9464508735796,1.110723041045351,4406.178825578365,7816859.551090697,1200.886067621326,1041.2312779418426,298.01436620493143,5634829.756562901,234133.3245386635,672.1366894214364,17.043652293909457,188590.8951064954,3.059143438727925,0.03714302215938792,8455.532543421075,0.8284360816941694,10517.601830160937,24.48050436439621,298.01436620493143,0.03618835322649914,1133121.2258565612,6.898520098925595,0.0002269540206118933,2.0424415794602118e-05,9.507870863986666e-05,11455.664028478372,105020.77803872353,6284294.784012362,301.8328986866647,1289737.8618742384,0.1595130274372484,0.02047032423661883,0.16922633451151267,-0.22916078459721295,0.9733885836616277,0.0020352086626063085,0.0010960805324555967,0.0026352086626063084,7.632032484773657e-05,two-phase,False,
2.1370992732322853,1.5317439989388535,2974.4141841899095,3941.766987527906,1.1098712475616632,4374.8538440449765,7759326.872149083,1200.7945048236995,1042.3479573245882,298.0333616251605,5637203.950046808,233770.26509236387,677.1841785247311,16.841181162709997,188067.03322007888,3.0614146739504307,0.037129388569695665,8381.929409680302,0.8296543831080296,10424.794726560069,24.48562936403709,298.0333616251605,0.033357142347330414,1138613.8410822696,6.814713287495017,0.0002285790647294866,2.042014083307034e-05,9.592515020484974e-05,11404.581431055945,104576.19873795529,6238792.399747336,301.8439749203609,1285434.9139943086,0.1598221268163838,0.020542866766936653,0.1695438323248551,-0.22780312725161897,0.9737072122637187,0.0020443246258190794,0.0010973982444254353,0.0026443246258190793,7.666217346821548e-05,two-phase,False,
2.1435221946637855,1.5349450502728517,2973.8817134432243,3916.9827056487657,1.1090205480531548,4344.014306933323,7702555.231332838,1200.7394797634063,1043.4870232017756,298.0520546805771,5639541.424278132,233408.59084970772,682.277866243803,16.641682960364665,187548.8688201582,3.0636567249094147,0.03711595710419268,8309.081717159377,0.8308659661221528,10332.967403733748,24.49104897866581,298.0520546805771,0.03053702354573576,1144058.068241057,6.732661081771142,0.0002302018201008078,2.0415622068109487e-05,9.677762068993432e-05,11354.25194090346,104138.0083527448,6193880.068270767,301.85487967044554,1281209.061350768,0.16013132705751135,0.020614978179098038,0.1698613301381975,-0.22644506537470727,0.9740239382928145,0.0020533864131265273,0.0010986996317267144,0.002653386413126527,7.700199049224477e-05,two-phase,False,
2.149868212785239,1.5381172088786963,2973.3562351697724,3892.5860480704628,1.1081708967731965,4313.650571657077,7646530.903443637,1200.7205577031475,1044.6482667885762,298.0704616614018,5641842.769383231,233048.29285804488,687.4175221480752,16.44511725089864,187036.3908094266,3.065871249374441,0.03710272405562839,8236.981268607862,0.8320708135895862,10242.108526305714,24.496759990628547,298.0704616614018,0.027728451734297714,1149453.0720372498,6.6523210816177105,0.00023182220798562565,2.0410862505542752e-05,9.76361456658667e-05,11304.66175204731,103706.12253491934,6149547.396390905,301.86562221563094,1277053.9884410335,0.16044062755622127,0.020686658346343083,0.17017882795153996,-0.22508660951488058,0.9743387594759307,0.0020623940085995325,0.0010999849250993789,0.0026623940085995323,7.733977532248247e-05,two-phase,False,
2.1561385820957932,1.5412607636775308,2972.8376290751958,3868.5696485585454,1.1073222439452637,4283.753224100388,7591240.3212236045,1200.7373412912732,1045.831517256735,298.088574855572,5644108.755833294,232689.36227524705,692.6033531355678,16.251433610097816,186529.47442643557,3.068057030581966,0.03708968599781518,8165.619097407907,0.8332689254636433,10152.205912965896,24.50275955903063,298.088574855572,0.024931691879185546,1154799.5300898738,6.573643410326644,0.00023344015112121812,2.0405864849443958e-05,9.850076018679343e-05,11255.797411613814,103280.39182677247,6105784.050422917,301.87619783737205,1272973.8831870563,0.16075002770738955,0.020757907145262378,0.17049632576488238,-0.22372777022972398,0.9746516735880753,0.0020713473967300107,0.0011012543505617585,0.0026713473967300105,7.76755273773754e-05,two-phase,False,
2.1623345186158947,1.5443759955850962,2972.3257783160916,3844.926326058147,1.106474386208712,4254.312496642907,7536666.337342057,1200.7901087362786,1047.037399826795,298.10640253596773,5646340.396953816,232331.7905526489,697.8374052396979,16.06054035600552,186028.0733206005,3.0702147806220665,0.03707683946066577,8094.972841419511,0.8344605639878381,10063.231946073924,24.509052200761545,298.10640253596773,0.022146005903793405,1160100.4523394436,6.496563570976732,0.00023505560552712184,2.040062569145224e-05,9.937165369522669e-05,11207.645808782347,102860.71560569704,6062576.083166476,301.88661115169754,1268966.5288512157,0.16105952690519332,0.02082872445579981,0.1708138235782248,-0.22236855808549813,0.974962678452348,0.002080246562431266,0.0011025081295272057,0.002680246562431266,7.800924609117248e-05,two-phase,False,
2.168457201527419,1.5474631778464434,2971.820569363013,3821.649079145882,1.1056273610481688,4225.319786228226,7482798.141991319,1200.878126999162,1048.265329840015,298.12396094778455,5648538.220106405,231975.56914861253,703.119443157566,15.87240158519063,185532.1805757508,3.07234619506884,0.03706418099063177,8025.041698174309,0.8356455811348408,9975.183948382322,24.515631327391727,298.12396094778455,0.01937183862386911,1165354.9294066657,6.421046458181754,0.0002366684773207805,2.039515088650161e-05,0.00010024877788465948,11160.194164152505,102447.0188615679,6019915.764885706,301.8968714455923,1265025.591370867,0.161369124543126,0.020899110161255296,0.17113132139156723,-0.22100898365677793,0.9752717719400055,0.0020890914910383336,0.001103746478917255,0.0026890914910383335,7.834093091393751e-05,two-phase,False,
2.1745077747231067,1.5505225763519273,2971.3218918706602,3798.7310806771075,1.1047810106500056,4196.765962498042,7429620.298937532,1201.0015153407294,1049.5157286665792,298.1412503426969,5650703.191280359,231620.68976055222,708.4513183528893,15.686935335720017,185041.71427157996,3.074451044830142,0.03705170734412167,7955.807496045456,0.8368241668246625,9888.03920451364,24.5224996418933,298.1412503426969,0.01660860760226996,1170565.7401172249,6.347033784017548,0.0002382787148332593,2.0389438568726458e-05,0.00010113228510901588,11113.43001950737,102039.18418630287,5977790.706986386,301.9069786730913,1261152.2152984692,0.1616788200140127,0.02096906414828733,0.17144881920490965,-0.21964905752604594,0.9755789519705311,0.0020978821683082993,0.0011049696112714266,0.002697882168308299,7.867058131156123e-05,two-phase,False,
2.1804873482714444,1.5535544499357772,2970.8296385548038,3776.165672620665,1.1039352059099417,4168.642229354547,7377118.39103199,1201.1602869649391,1050.788883567779,298.1582789505827,5652836.125499796,231267.1442899781,713.8338832624494,15.504085036387567,184556.63202750307,3.0765300787532013,0.037039415289765544,7887.254972118766,0.8379964601945288,9801.778383413131,24.52965864642355,298.1582789505827,0.013856238902198042,1175733.775136743,6.2744802837479074,0.00023988626151657904,2.0383487891418358e-05,0.00010202230257442165,11067.34122795577,101637.11969649959,5936189.478435734,301.916937458114,1257343.9434577797,0.16198861271002543,0.02103858630691543,0.17176631701825207,-0.21828879028332165,0.9758842165116947,0.002106618580420609,0.0011061777348537881,0.0027066185804206088,7.899819676577283e-05,two-phase,False,
2.1863969998026187,1.5565590506584277,2970.343705075481,3753.9463610736293,1.1030900103324528,4140.940730224183,7325282.972152829,1201.353649582402,1052.0841216201995,298.17504700795877,5654937.2909230115,230914.9246165659,719.266342158112,15.323831101795713,184076.85489198964,3.0785830791312905,0.03702730173727425,7819.385216497599,0.8391622851282673,9716.401113649486,24.537101015043437,298.17504700795877,0.011115501435983737,1180857.7588215368,6.2033576164696225,0.00024149101983062234,2.0377305358667078e-05,0.00010291876470550518,11021.915944437314,101240.7137824243,5895105.47260634,301.92674775750163,1253600.8342210175,0.1622985020226984,0.021107676530522448,0.17208381483159452,-0.21692819252569656,0.9761875635796301,0.002115300713977357,0.0011073710537563876,0.0027153007139773568,7.932377677415089e-05,two-phase,False,
2.192237775820733,1.5595366240736874,2969.863989926096,3732.0668114488835,1.1022452548046187,4113.652933533335,7274099.137393493,1201.5818195715933,1053.40195812831,298.19157070245626,5657007.722608307,230564.02287131507,724.751207687833,15.146083925261717,183602.38096619738,3.0806117917753277,0.037015363537197477,7752.179727783968,0.8403218509818775,9631.884384148068,24.544830405910766,298.19157070245626,0.008385469791641337,1185940.6841750173,6.133611262736649,0.00024309294346352918,2.0370888359431993e-05,0.00010382184421210213,10977.142616574703,100849.9024849183,5854526.655614579,301.93641886878595,1249917.461690307,0.1626084873429434,0.021176334715856775,0.17240131264493694,-0.2155672091003115,0.976489005755161,0.0021239285560035615,0.0011085497679996588,0.0027239285560035614,7.964732085013356e-05,two-phase,False,
2.1980106894223064,1.5624874076777222,2969.390394617026,3710.520856959881,1.1014009028980658,4086.7710220777176,7223555.487460375,1201.8444644836773,1054.742251908703,298.2078422740702,5659048.043652136,230214.4312803824,730.2888121174575,14.970803086888338,183133.0965532191,3.0826150340490566,0.03700359781676162,7685.63107171031,0.8414751541627876,9548.218026129149,24.552844450856604,298.2078422740702,0.005666399144465845,1190983.09009859,6.065204071757566,0.00024469195719499824,2.0364239304361165e-05,0.0001047315841828761,10933.010002768051,100464.55739726944,5814444.36550595,301.9459460823279,1246297.8168057234,0.16291856807022476,0.02124456072126635,0.17271881045827936,-0.21420567305456464,0.9767885798018121,0.0021325020886987017,0.00110971407291924,0.0027325020886987015,7.996882832620132e-05,two-phase,False,
2.203716719112056,1.5654116299128766,2968.92282376728,3689.302502664394,1.1005567890198642,4060.2869160552746,7173637.790174948,1202.1418207281122,1056.1055259708178,298.2238778870956,5661058.924091482,229866.14231436353,735.8803624702178,14.797931480016818,182669.0030888742,3.084594572191108,0.036992001584697794,7619.721535263476,0.8426223977118872,9465.379994769955,24.561146946713517,298.2238778870956,0.002958034987079561,1195985.9191321665,5.998095525556267,0.00024628801379670444,2.035735550480488e-05,0.00010564816209730033,10889.507181324223,100084.62034135511,5774847.115084513,301.95533869993363,1242735.9392523412,0.16322874361864312,0.02131235433745138,0.17303630827162178,-0.2128439058530185,0.9770862151014267,0.002141021285761389,0.0011108641587868086,0.0027410212857613887,8.028829821605209e-05,two-phase,False,
2.209356838420849,1.5683095250187908,2968.461182675063,3668.4058153372225,1.2260282644313072,4497.569215007609,10059976.818784136,731.7025386466985,405.8599052866613,298.21334246901665,5663226.587623377,229376.1668588303,742.4558156738273,14.60911625484455,182086.20534359122,3.079940058541687,0.03698079371705841,99595.41612764435,0.2869668275902711,93453.7671753248,15.436863977938195,298.24116024453605,-0.0007428112866523336,1203796.972662273,8.356871671255213,0.00022234232586419643,3.2389998429381887e-05,1.0700478217469187e-05,10846.623325264378,99595.41612764435,10721104.218533922,301.96546553828284,1238903.4301975481,0.16353901334297946,0.021379715626923725,0.1733538060849642,-0.21148209591159184,0.9773818716903031,0.0021494861550470953,0.0011120002166446878,0.002749486155047095,8.060573081426608e-05,liquid,True,-107.61874504212523
2.2149319811564188,1.571181314926711,2968.0053801636645,3647.825052768011,1.225772034228921,4471.4019354426655,10005523.007590763,730.3351478631939,406.07250726420494,298.0898240543322,5664413.766764168,228887.31069829338,744.16475700967,14.51875793117175,180983.4984462913,3.04954616650757,0.036970702379177864,98655.91476565154,0.2882310212861071,92658.58849001049,15.428115599608141,298.2506202249816,-0.004271378509646238,1211441.9533088498,8.259184833629346,0.0002236435047526097,3.240836489536671e-05,1.0792307721240648e-05,10804.347967932645,98655.91476565154,10653130.390919557,301.9710104856547,1236809.074569051,0.16384937663179797,0.021446644499992375,0.17367130389830662,-0.21012000877911655,0.977675601572763,0.0021578966852849155,0.0011131224311740728,0.0027578966852849153,8.092112569818433e-05,liquid,True,-107.82188703922333
2.220443055611056,1.5740272162022229,2967.555327411532,3627.55461036332,1.2255164733651742,4445.627933032035,9951872.728932383,728.9800622644675,406.2754216085487,297.96513899379323,5665584.708469522,228399.56095536952,745.8612776966004,14.429856082050234,179890.0242485901,3.0203326047616925,0.036960785830533735,97740.58756667846,0.28947891875513265,91882.99105755084,15.419475698745025,298.25995111777985,-0.007791299628604289,1219045.6602467748,8.163658715554426,0.00022494010184023064,3.242652407699533e-05,1.0883407129983947e-05,10762.670894336048,97740.58756667846,10586310.6622792,301.9764809747566,1234744.946192754,0.16415983287311778,0.02151314087034093,0.17398880171164904,-0.20875765508694966,0.9779674030572788,0.002166252865628012,0.0011142309834446635,0.002766252865628012,8.123448246105046e-05,liquid,True,-108.01547049076885
2.2258909455202502,1.5768474402400097,2967.110937869825,3607.5890172377685,1.2252645445123669,4420.250913993652,9899025.954322258,727.6394357015042,406.4693238222528,297.8392640592002,5666739.947512812,227912.9042302315,747.5462364970101,14.34236654582937,178805.58262737058,2.9922241952005573,0.03695104162061978,96848.29526314352,0.2907105785763555,91126.02879823811,15.41087664789296,298.2691529873823,-0.011303881186752652,1226612.6638624321,8.070213398214564,0.00022623150121052973,3.244461761806147e-05,1.0973813005876698e-05,10721.582133795368,96848.29526314352,10520636.102385042,301.98187699389103,1232711.7799087646,0.16447038145442858,0.021579204655029015,0.1743062995249915,-0.20739504547073295,0.9782572745010346,0.002174554685653789,0.0011153260509989388,0.0027745546856537888,8.154580071201708e-05,liquid,True,-108.2001708348705
2.231276510974438,1.579642193449041,2966.6721271837905,3587.9229324360426,1.225016191713468,4395.2636868542195,9846968.698723463,726.3130952160996,406.65445383761477,297.7122538483648,5667879.792407224,227427.32729349667,749.2194741896948,14.256265781673486,177730.32839684613,2.9651672146231616,0.03694146670230921,95978.25469625766,0.2919262258975271,90387.09241868742,15.402318949144865,298.27823386236366,-0.014808566071008302,1234141.7276200235,7.978798932366396,0.00022751763517417554,3.246264420642711e-05,1.1063526585940397e-05,10681.071952853947,95978.25469625766,10456082.21773887,301.9872032037603,1230706.6460902612,0.16478102176270562,0.02164483577449352,0.1746237973383339,-0.20603219057002076,0.9785452143099564,0.002182802135364051,0.0011164078079340485,0.0027828021353640507,8.185508007615191e-05,liquid,True,-108.3762199752511
2.2366005892866974,1.582411677428785,2966.238813117719,3568.5511412807305,1.2247713486332839,4370.659193973244,9795687.048425967,725.0009097064076,406.83110735254786,297.58413556001494,5669004.613354272,226942.81709569276,750.8811544911009,14.171524727699166,176664.2845576914,2.9391066980815412,0.03693205831722084,95129.63118873934,0.2931262194499056,89665.5247069787,15.393803836750482,298.28719380152035,-0.01830530402193782,1241633.4518963143,7.889354973052047,0.00022879843877530241,3.2480600980916895e-05,1.1152558391510418e-05,10641.130848433935,95129.63118873934,10392624.135110268,301.9924595936967,1228730.0318693372,0.16509175318442573,0.021710034152549858,0.17494129515167633,-0.20466910102777686,0.9788312209387692,0.0021909952051851617,0.0011174764249813965,0.0027909952051851615,8.216232019444357e-05,liquid,True,-108.54391355102752
2.2418639958189477,1.585156089136968,2965.810915483285,3549.4685518412884,1.2245299511767676,4346.4305524896845,9745167.438268624,723.7027486597103,406.9995684692495,297.4549357291051,5670114.764502959,226459.3607627837,752.5314387740002,14.088115120482133,175607.46681215797,2.9139913758102107,0.03692281376885812,94301.63331669214,0.29431090381035074,88960.7020855651,15.385332462414867,298.2960328628509,-0.021794044868195396,1249088.4275060073,7.801823492774099,0.00023007384747633636,3.249848524375147e-05,1.1240918479242324e-05,10601.749541230167,94301.63331669214,10330237.788472803,301.99764615318094,1226782.3983639705,0.16540257510558243,0.021774799716392925,0.17525879296501876,-0.20330578749008882,0.9791152928910032,0.002199133885968161,0.0011185320695839898,0.002799133885968161,8.246752072380604e-05,liquid,True,-108.70353560639859
2.2470675247691205,1.5878756210493976,2965.388356071093,3530.6701915194576,1.2242919113088115,4322.570956976405,9695396.070901921,722.4185662394057,407.1602466667679,297.3246268273807,5671210.725243595,225976.94562020013,754.1711693660379,14.00599677949917,174559.6522401367,2.889763270388002,0.03691373087427513,93493.327131485,0.29548091032464424,88271.87468946337,15.376907553216867,298.30475906479626,-0.025276280245069442,1256511.2306809553,7.716123687686887,0.00023134380209214426,3.2516290955745484e-05,1.1328636709234473e-05,10562.918969331851,93493.327131485,10268897.53633325,302.0027675447566,1224861.0991735908,0.16571348691170165,0.021839132396598068,0.17557629077836118,-0.20194226060570156,0.9793974287190358,0.00220721816898889,0.0011195749059716312,0.00280721816898889,8.277068133708337e-05,liquid,True,-108.85548760197162
2.2522119499215276,1.590570461312302,2964.9710585852317,3512.151203746833,1.2240572076346887,4299.0739952491585,9646360.891893147,721.1481091423534,407.3132023863059,297.19331585698427,5672292.630931652,225495.55911834454,755.7994864209987,13.925161992238765,173521.20163375125,2.866392687418852,0.036904806362866804,92704.27596845197,0.29663610946132707,87598.71805102716,15.368527662525958,298.3133724600718,-0.02874992027523691,1263896.570663724,7.632239152945439,0.00023260823170410299,3.253402088862301e-05,1.1415692172772319e-05,10524.63028206327,92704.27596845197,10208584.350428848,302.0078237588654,1222966.264707303,0.16602448798785696,0.021903032127121823,0.1758937885917036,-0.20057853102565237,0.9796776270241101,0.0022152480459480817,0.0011206050952340136,0.0028152480459480815,8.307180172305306e-05,liquid,True,-108.9998299262341
2.2572980253625317,1.5932407938876216,2964.558948580687,3493.906844790345,1.2238257454637378,4275.9331489064,9598048.519131161,719.8913672865474,407.4588797460059,297.060944569316,5673360.998131969,225015.18891037634,757.4175449235369,13.84556629869624,172491.7554212649,2.8438237585956876,0.03689603841832941,91933.54049750228,0.29777724101218056,86940.47133915736,15.360196045370783,298.32187310069776,-0.032216962279707016,1271250.828469016,7.55008241032198,0.00023386708004444762,3.2551667864336196e-05,1.15021230572695e-05,10486.874834034566,91933.54049750228,10149273.044406854,302.01281478607797,1221098.614755714,0.16633557771868518,0.02196649884530257,0.17621128640504602,-0.19921460940275137,0.9799558864563798,0.0022232235089714447,0.0011216227953917998,0.0028232235089714446,8.337088158642918e-05,liquid,True,-109.13700664530813
2.262326486163506,1.595886798691669,2964.151953403454,3475.932480661617,1.2235974811721122,4253.142228061886,9550446.95143451,718.6481730639589,407.59745607000093,296.92756542119156,5674416.076227544,224535.82279488543,759.0251627094781,13.76719072407633,171471.43097989197,2.8220221943778414,0.03688742433528712,91180.5692316768,0.2989044518875661,86296.70541322844,15.351912774436762,298.33026899559593,-0.03567686130682294,1278572.6802048204,7.469616001731384,0.00023512028198870977,3.256923142714666e-05,1.15879278961061e-05,10449.644179394454,91180.5692316768,10090943.626165865,302.01774529066574,1219255.1641272053,0.16664675548840208,0.022029532491861094,0.17652878421838847,-0.1978505063914167,0.9802322057148806,0.0022311445506097345,0.0011226281614657352,0.0028311445506097343,8.366792064786504e-05,liquid,True,-109.267187074405
2.267298049032869,1.5985086517275104,2963.750002133197,3458.2235841264082,1.223372361239836,4230.695151808012,9503544.229098292,717.4183974944426,407.72916080739395,296.7932015514602,5675458.170736853,224057.44872487013,760.6224788237851,13.690010953106873,170460.21560920312,2.8009516717072467,0.03687896170632874,90444.75503185373,0.3000180196201434,85666.94057400477,15.343678603047422,298.3385601918495,-0.03912957431898299,1285862.6394614931,7.390792715680957,0.00023636777506236633,3.258670967604174e-05,1.1673114427801164e-05,10412.930066276918,90444.75503185373,10033575.659126636,302.0226152640964,1217436.3141220794,0.1669580206808175,0.02209213301090095,0.1768462820317309,-0.19648623264697326,0.9805065835476066,0.002239011163838795,0.0011236213455438691,0.0028390111638387948,8.396291864395482e-05,liquid,True,-109.39060061554443
2.27221341293894,1.6011065252114394,2963.353025528343,3440.7757318103777,1.2231503443108085,4208.586021060138,9457328.901487488,716.2018792378371,407.8541610602483,296.65790570582044,5676487.515250933,223580.05479296602,762.2093113284188,13.614009009348319,169458.21538468142,2.780581900661425,0.03687064791910084,89725.5960990132,0.3011180791599941,85050.78585014501,15.335493574239264,298.3467546911835,-0.04257456061740226,1293119.3672253375,7.313577648891144,0.00023760949520715779,3.260410221421929e-05,1.1757680896234717e-05,10376.724431434272,89725.5960990132,9977150.295654133,302.0274293719451,1215639.0703388602,0.16726937267935138,0.022154300349908757,0.1771637798450733,-0.19512179882549666,0.9807790187514731,0.0022468233420596014,0.0011246024968469344,0.002846823342059601,8.425587532723505e-05,liquid,True,-109.50740636906482
2.2770732597052,1.6036805876938636,2962.960955973448,3423.5846013976884,1.2229313473452732,4186.808929337805,9411788.87929013,714.9985965402652,407.9728386522116,296.52161252509165,5677504.575508068,223103.6292742987,763.7867693979669,13.539144443678206,168465.04900770192,2.7608689372600055,0.03686248141614429,89022.30761085959,0.3022052932546452,84447.60283350456,15.327360388312789,298.3548445819347,-0.046013641402054724,1300349.0548370397,7.2378941979310465,0.00023884538723341315,3.262140298999254e-05,1.1841662361589859e-05,10341.01939504941,89022.30761085959,9921645.33589594,302.03218293232123,1213867.3696979934,0.16758081086704876,0.022216034459754334,0.17748127765841573,-0.19375721558330927,0.9810495101723475,0.0022545810790982725,0.0011255717617919528,0.0028545810790982723,8.454679046618522e-05,liquid,True,-109.6179940702769
2.2818782545794387,1.6062310041749062,2962.573727428751,3406.6459689190374,1.222715355577573,4165.358337213746,9366913.756719967,713.8083155709091,408.0852244252942,296.3844300880005,5678509.447185735,222628.16055179804,765.3539951024918,13.465412504105705,167481.0448801909,2.741795059931421,0.03685445920462518,88334.601694199,0.3032794978739572,83857.18125186708,15.319277522708536,298.3628299094383,-0.04944472733391204,1307546.4105076806,7.163733295771183,0.0002400753834468203,3.2638614925464005e-05,1.1925037129455565e-05,10305.80725572035,88334.601694199,9867045.17671048,302.0368759370167,1212121.2877862817,0.1678923346265956,0.02227733529469069,0.17779877547175815,-0.19239249357653293,0.9813180567050642,0.0022622843692060714,0.0011265292840541116,0.002862284369206071,8.483566384522767e-05,liquid,True,-109.72239451585591
2.286629046778218,1.6087579362150182,2962.1912753817896,3389.9557061258333,1.2225022865792627,4144.22860214125,9322691.934086688,712.6310244656561,408.19169653121594,296.24629581235286,5679502.580598114,222153.63718668296,766.9121288554345,13.392773564475014,166505.8361562895,2.7233192698485755,0.03684657979467669,87661.74040685745,0.30434135215948915,83278.91877844509,15.311247724364785,298.37073457388067,-0.052870385729341954,1314717.8950439156,7.091020795586935,0.0002412994301239361,3.26557318515819e-05,1.20078408157579e-05,10271.080485610319,87661.74040685745,9813328.657558609,302.04152240177353,1210391.621869671,0.16820394334033445,0.022338202812353984,0.17811627328510057,-0.19102764346079246,0.9815846572934076,0.0022699332070594013,0.0011274752046269772,0.002869933207059401,8.512249526472755e-05,liquid,True,-109.82096195733527
2.2913262700079216,1.6112615420408565,2961.813536800966,3373.509777947481,1.2222921195006138,4123.414416643472,9279113.328215024,711.4665208033898,408.2923181974219,296.1072848452431,5680484.116298389,221680.04785133665,768.4606052274175,13.321218623468459,165539.60973989265,2.7054239812262897,0.03683884056132587,87003.40908855769,0.3053907979716749,82712.5780591909,15.30326994918327,298.3785347572832,-0.05628865279969231,1321859.90076418,7.019740384628263,0.0002425174622186088,3.2672755669887716e-05,1.2090059619280378e-05,10236.831725757318,87003.40908855769,9760480.350353101,302.0461082959663,1208688.3580100958,0.16851563639027953,0.022398636973763188,0.17843377109844302,-0.1896626758906962,0.9818493109301348,0.002277527587759762,0.0011284096618810826,0.002877527587759762,8.540728454099107e-05,liquid,True,-109.91378344013867
2.295970542963655,1.6137419766466938,2961.44045009098,3357.3042400286768,1.2220848080732227,4102.910507818862,9236167.539863912,710.3146889361437,408.38728321723806,295.9674202293919,5681454.308843354,221207.38135481154,769.9995678355689,13.250726633804645,164582.33888686792,2.6880833732555116,0.03683123936681415,86359.1435687293,0.306428070664496,82157.79039743579,15.29534478308137,298.3862464025291,-0.05969986491277442,1328973.0277658107,6.949853267820792,0.00024372942039420877,3.268968480874421e-05,1.217170027531815e-05,10203.053781536839,86359.1435687293,9708483.08774428,302.0506429617174,1207005.2779699669,0.16882741315813266,0.02245863774331979,0.17875126891178544,-0.18829741959687288,0.9821120515364624,0.0022850675068337126,0.001129332791620955,0.0028850675068337124,8.569003150626422e-05,liquid,True,-110.00103681470898
2.3005624609176,1.6161993871295102,2961.0719557630227,3341.335267206469,1.2218802887025768,4082.711700946342,9193844.10296665,709.1754770487441,408.4768748460196,295.8266628883482,5682413.518692871,220735.62665687464,771.5297890593383,13.181266396835065,163633.75668268395,2.671266549930272,0.03682377466517688,85728.36573275678,0.30745364587081064,81614.08614500663,15.287473961665373,298.39387749469927,-0.06310554261951096,1336061.5965699905,6.881302573601085,0.00024493524726916364,3.2706515232915e-05,1.2252786831715113e-05,10169.739682685102,85728.36573275678,9657318.570579825,302.05513106761595,1205339.6148844117,0.16913927304728682,0.022518204973256503,0.17906876672512786,-0.186931999425204,0.9823728556871345,0.002292552945712267,0.001130244725375967,0.002892552945712267,8.597073546421002e-05,liquid,True,-110.08299735132033
2.305102619620419,1.6186339253184645,2960.7079945115893,3325.599069565559,1.221678541800053,4062.8130219184654,9152133.542757437,708.0486933371071,408.5611506749693,295.68508960093584,5683361.87034061,220264.77282556874,773.050715169583,13.112829869878375,162694.0440804954,2.6549590865477226,0.036816443927473054,85110.80639995716,0.3084674606841481,81081.26254294708,15.279656478203297,298.40141217184043,-0.066503903627071,1343122.0892184614,6.814074175552349,0.00024613488107995646,3.2723248766309566e-05,1.2333305731029047e-05,10136.882508806548,85110.80639995716,9606972.581261802,302.05956325689914,1203698.0387914989,0.16945121542466998,0.02257733870727124,0.17938626453847029,-0.1855666799721438,0.9826316742727744,0.0022999839098866684,0.0011311455951117449,0.0028999839098866683,8.624939662075007e-05,liquid,True,-110.15973850312889
2.3095915990460423,1.6210457389632313,2960.3485085172438,3310.091948617112,1.2214795056754388,4043.20947713708,9111025.742400773,706.9342855044611,408.64038173222696,295.542660834308,5684299.70762163,219794.80907735394,774.5631194769493,13.045386815938063,161762.93358203265,2.6391326826612214,0.036809245668183124,84505.92606582219,0.30946997801484644,80558.88014422772,15.271893972995214,298.4088663656372,-0.06989666081524733,1350158.8529878564,6.748113914328212,0.000247328268706988,3.273988156833288e-05,1.2413280797966169e-05,10104.475506936453,84505.92606582219,9557427.640412534,302.0639488737123,1202074.4931665286,0.16976323966239223,0.02263603896559576,0.1797037623518127,-0.18420135775166546,0.9828885286757817,0.002307360401899314,0.0011320355299620157,0.0029073604018993136,8.652601507122428e-05,liquid,True,-110.23151536658975
2.31402996243017,1.6234349710630034,2959.993441518252,3294.810299753539,1.2212831521175578,4023.8963085123974,9070511.49437471,705.8321016282571,408.71467109133647,295.3994239294136,5685227.19860558,219325.72473981115,776.0667772885154,12.97892448443874,160840.48989820603,2.6237713651924737,0.036802177698764496,83913.41635590597,0.31046125669867997,80046.69911202081,15.264186079529908,298.41623216290617,-0.07328290458590697,1357170.3353728529,6.6833994657588685,0.000248515350130802,3.275641409210327e-05,1.2492707520650625e-05,10072.51209730938,83913.41635590597,9508669.514570823,302.0682832364587,1200472.445269189,0.17007534514105782,0.022694305726233897,0.18002126016515513,-0.18283597156492218,0.9831434318053043,0.0023146824189860834,0.0011329146560079154,0.0029146824189860833,8.680059071197813e-05,liquid,True,-110.2984389284303
2.318418260197224,1.6258017618322196,2959.642738491174,3279.7505978732756,1.2210894414835478,4004.8688257624103,9030581.548880888,704.7420309351087,408.78417977836676,295.2553991903059,5686144.564337273,218857.5092626894,777.5618149979845,12.913424566691146,159926.67243173055,2.6088558738466254,0.03679523810002147,83332.907453685,0.3114414932901002,79544.42478906164,15.256533174546908,298.4235254871041,-0.07666298821289967,1364157.0402014425,6.619898796657135,0.0002496960683374265,3.2772845198814254e-05,1.2571591317076349e-05,10040.985843915929,83332.907453685,9460683.366074584,302.07257569076774,1198885.6697461866,0.1703875312410364,0.022752138970568186,0.18033875797849755,-0.18147053205219585,0.9833963829487543,0.002321949958807438,0.0011337830970278124,0.002921949958807438,8.707312345527894e-05,liquid,True,-110.36065429126268
2.3227570303481366,1.6281462487795761,2959.296345615695,3264.9093953420966,1.2208983385158396,3986.1224561779204,8991226.930663472,703.6639536081802,408.84904711295553,295.11060194652475,5687052.0181913255,218390.1522119451,779.048314474003,12.848869915764487,159021.4212087085,2.594369111753731,0.0367884250316731,82764.05507589201,0.3124108573944368,79051.7833922103,15.24893540416875,298.43073048004004,-0.08003649095481348,1371119.2633035493,6.557581948779697,0.00025087036612488983,3.2789174243817055e-05,1.26499359924439e-05,10009.890450772047,82764.05507589201,9413454.940000799,302.07681687920865,1197320.9560834728,0.17069979734247884,0.022809538683358714,0.18065625579184,-0.18010504984991807,0.9836473814424347,0.0023291630194482737,0.0011346409745458758,0.0029291630194482735,8.734361322931026e-05,liquid,True,-110.41831663291549
2.3270467988327037,1.630468566783925,2958.9542102407718,3250.2833200166688,1.2207097881120326,3967.6526628816214,8952438.452339469,702.5978169274763,408.9095112918037,294.9649887289608,5687949.870035825,217923.64328887322,780.5270261356417,12.785232828788331,158124.46346259385,2.5802879048442855,0.03678173719827919,82206.39684071884,0.31336977205947747,78568.39671605983,15.241394159298228,298.4378630603025,-0.08340513881861653,1378061.2574119102,6.496400943128419,0.0002520381910834204,3.2805397903509236e-05,1.2727763856680486e-05,9979.219758305933,82206.39684071884,9366968.639627302,302.0810161482904,1195772.2246004883,0.1710121428253325,0.02286650485274186,0.18097375360518242,-0.1787395355904426,0.983896426671483,0.0023363215994177634,0.001135488407879389,0.0029363215994177632,8.761205997816612e-05,liquid,True,-110.4716482315012
2.3312880799072726,1.632768848167227,2958.6162808520367,3235.869073328171,1.220523782892647,3949.455162323823,8914208.052042661,701.543422529568,408.96557330976,294.81866934705954,5688838.166704818,217457.97227941052,781.9970918060577,12.722512454465418,157236.08280732814,2.5666056496542042,0.036775172010970233,81659.79962685282,0.3143180411406524,78094.17288230208,15.233907959562583,298.4449153143355,-0.08676665222873897,1384977.689391455,6.436354982699738,0.0002531994816752418,3.282151903025918e-05,1.2805052708697331e-05,9948.967739858306,81659.79962685282,9321213.30561973,302.0851688164911,1194242.7528309417,0.17132456706935675,0.0229230374702289,0.18129125141852484,-0.17737399990147742,0.9841435180698751,0.002343425697649183,0.00113632551418483,0.0029434256976491827,8.787846366184437e-05,liquid,True,-110.52065799542447
2.335481376478452,1.6350472227646915,2958.2825070404006,3221.6634284239194,1.220340262253994,3931.5255931369475,8876526.785651756,700.5007438625057,409.0174987818326,294.6715663669395,5689717.256351176,216993.12910776952,783.4595580996219,12.66067711567904,156355.8859539818,2.553298436167885,0.036768728537335926,81123.77237826277,0.3152561873048717,77628.70613922794,15.226478597757861,298.4518952127376,-0.0901232505729091,1391874.6219728473,6.377389633751739,0.00025435418803978945,3.283753343163838e-05,1.288183263297586e-05,9919.128498291895,81123.77237826277,9276173.393606007,302.0892795550213,1192729.7805600392,0.17163706945413856,0.022979136530704512,0.18160874923186726,-0.17600845340582422,0.9843886551203694,0.0023504753134997217,0.0011371524085027679,0.0029504753134997216,8.814282425623957e-05,liquid,True,-110.565603569095
2.3396271804335216,1.6373038179922421,2957.9528394717986,3207.663228364985,1.2201634818950877,3913.873533468658,8839470.078397505,699.4562368583888,409.04428628733564,294.52375922519093,5690587.225126026,216529.09941525673,784.9138909967897,12.599721289359499,155602.27986365635,2.539474776381228,0.03676211101366044,80615.2196326546,0.31614878919298817,77186.7743291188,15.218846987901104,298.45880278257255,-0.09347353567834082,1398748.6457110466,6.319555772584149,0.00025550135727399277,3.2854000069617436e-05,1.2955587387757295e-05,9889.696262706253,80615.2196326546,9232097.441562159,302.09334835898943,1191233.3988824703,0.1719496493591079,0.023034802032425136,0.18192624704520968,-0.17464290672089175,0.9846318373544896,0.002357470446750278,0.0011379692038016003,0.0029574704467502776,8.840514175313541e-05,liquid,True,-110.58548350476309
2.343725972958159,1.6395387589114323,2957.627229858031,3193.8653843779243,1.219982314683002,3896.459284419296,8802813.299497781,698.4445573488028,409.1007466138004,294.375231635471,5691448.314799478,216065.8803147536,786.360493141762,12.539624601253324,154668.12134976225,2.5274133607668263,0.03675607862353297,80089.39336137615,0.3170878731834478,76729.34221441975,15.211684115752368,298.4656380506188,-0.09681816302555687,1405601.9940997418,6.262664208253202,0.00025664325660957954,3.286947034892922e-05,1.3032823834270664e-05,9860.665385254135,80089.39336137615,9188296.89768588,302.09737522355755,1189753.9354123888,0.17226230616355323,0.023090033977017203,0.1822437448585521,-0.1732773704583865,0.9848730643524712,0.002364411097605234,0.0011387760110201743,0.002964411097605234,8.866541616019628e-05,liquid,True,-110.63510856318163
2.3477782248423074,1.6417521682920557,2957.305630928624,3180.2668741587295,1.2198036567941695,3879.301162680181,8766684.34708288,697.443872470551,409.1527849852485,294.22599983421605,5692300.706941653,215603.46191221933,787.799462135892,12.480371986290809,153745.43812240477,2.515657348826246,0.036750158316975534,79574.00180999792,0.31801618708182555,76280.60191157382,15.204570532430733,298.47240898067076,-0.10015730513258117,1412435.0363232195,6.206787655100849,0.0002577783879272491,3.288484860085461e-05,1.310949277981868e-05,9832.030338055753,79574.00180999792,9145184.2096255,302.1013648211634,1188288.3907739487,0.172575039246637,0.023144832369475277,0.18256124267189452,-0.17191185522380836,0.9851123357432432,0.0023712972666922274,0.0011395729391093176,0.0029712972666922272,8.892364750095853e-05,liquid,True,-110.68037600457774
2.351784396773589,1.643944166671931,2956.9879964037755,3166.8647402272813,1.2196274660907682,3862.395218575598,8731075.252575012,696.454115618028,409.2005811019263,294.07604489533475,5693144.624202809,215141.83442879983,789.2311815789435,12.421944214867512,152833.9178122852,2.504194261762751,0.03674434887126189,79068.69082201754,0.31893402707697516,75840.26429350436,15.19750708600179,298.4791076597239,-0.1034914188626846,1419249.9520734563,6.151893991484255,0.00025890669996448144,3.2900132710616923e-05,1.318560805814134e-05,9803.785710207609,79068.69082201754,9102746.359347148,302.10531247019424,1186840.302442815,0.1728878479874111,0.023199197218160005,0.18287874048523697,-0.17054637161613564,0.9853496512043687,0.0023781289550618857,0.0011403600950723135,0.0029781289550618855,8.917983581482071e-05,liquid,True,-110.72147344220235
2.355744939620185,1.6461148724147292,2956.674280968206,3153.6560883305547,1.2194537248676443,3845.7376638662195,8695978.672285805,695.4751477066011,409.2441949886468,293.9254468207548,5693980.142487253,214680.9881747181,790.6551191550977,12.364336824036497,151933.62002465242,2.49301920169018,0.03673864815098156,78573.2840749828,0.31984134388153457,75408.19520192304,15.19049318340955,298.4857341137314,-0.10681910488851303,1426043.339118557,6.097976431530351,0.0002600281369672715,3.2915323680608343e-05,1.3261158118454721e-05,9775.92620488234,78573.2840749828,9060972.75896718,302.10921816596425,1185409.7446711282,0.17320073176483208,0.02325312853479599,0.1831962382985794,-0.16918093022745878,0.9855850104619954,0.002384906164187567,0.001141137584004352,0.002984906164187567,8.943398115703378e-05,liquid,True,-110.75846087491544
2.359660294707205,1.64826440176788,2956.364440245615,3140.638085892956,1.219282381910824,3829.3246860874146,8661386.77001721,694.5069379331326,409.2838503018887,293.77415630924554,5694807.522325402,214220.91358205737,792.0719914000883,12.307526010716511,151044.10639764395,2.4821176719758054,0.03673305534268003,78087.38711546798,0.32073855596964385,74984.06818192119,15.18353027090019,298.4923042372908,-0.11014211400345338,1432819.2919174707,6.04499591740289,0.0002611426509831275,3.2930418096394153e-05,1.3336166258329287e-05,9748.446636516612,78087.38711546798,9019850.190392775,302.1130912593065,1183990.6173396849,0.1735136899577769,0.023306626334469557,0.18351373611192182,-0.16781554164242787,0.9858184132908345,0.0023916288959650745,0.0011419055091309847,0.0029916288959650744,8.968608359869029e-05,liquid,True,-110.79154606459792
2.3635308940732913,1.6503928689131218,2956.0584307747786,3127.807960512235,1.2191134150554044,3813.15264437755,8627292.413744122,693.5493684992452,409.3196287210766,293.6222182200965,5695626.879063059,213761.60117406215,793.4815518696589,12.251503396868776,150165.3283524123,2.471483481671261,0.03672756866452397,77610.79559218753,0.3216257053988929,74567.72261701603,15.176618077470408,298.4988021831548,-0.11345932713839288,1439576.2313799001,5.992938911942485,0.0002622501885610293,3.294541626123193e-05,1.3410628149877335e-05,9721.341928083833,77610.79559218753,8979368.076936977,302.1169223908396,1182589.5183680628,0.1738267219450582,0.02335969063562631,0.18383123392526424,-0.16645021643807342,0.9860498595140706,0.002398297152712352,0.0011426639718456124,0.002998297152712352,8.99361432267132e-05,liquid,True,-110.82082653792179
2.3673571607276536,1.6525003860206136,2955.756209985699,3115.162998499407,1.2189467845088175,3797.2179202416987,8593688.27932642,692.6023800418493,409.3516976017119,293.46961391586933,5696438.414722053,213303.04158176394,794.8841932700467,12.196250964013432,149296.98620598583,2.4611056774189795,0.036722187034591104,77143.19880939422,0.32250307402799017,74158.90365437325,15.169757412928044,298.5052359091046,-0.1167716078499265,1446316.347299451,5.941776358521065,0.00026335070069835457,3.29603161335914e-05,1.3484557493738361e-05,9694.607108448847,77143.19880939422,8939514.620223815,302.1207162340882,1181203.4902094803,0.17413982710543952,0.0234123214600687,0.18414873173860666,-0.16508496518330748,0.9862793490033269,0.0024049109371691757,0.0011434130717460332,0.0030049109371691756,9.018416014384408e-05,liquid,True,-110.8464616926073
2.371139508892964,1.654587063298472,2955.457736176942,3102.7005434612847,1.2187824664573863,3781.5170210384176,8560567.485596558,691.6658669429921,409.3801466269077,293.31639119022566,5697242.240771968,212845.2255266884,796.2796972158978,12.141760418613726,148439.0256046726,2.4509782012389367,0.03671690875438457,76684.40177353431,0.3233707158904791,73757.45729911981,15.16294815765217,298.5116133690064,-0.120078452137328,1453038.0934084835,5.8914955667235755,0.0002644441356303605,3.297511768828866e-05,1.3557951109194943e-05,9668.23730980171,76684.40177353431,8900279.65325175,302.1244774632813,1179829.4479381042,0.17445300481765091,0.023464518832953318,0.18446622955194908,-0.16371979843848927,0.9865068816786127,0.0024114702524968157,0.00114415290667008,0.0030114702524968156,9.04301344686306e-05,liquid,True,-110.86853325790128
2.374878344240502,1.6566530090411007,2955.162968493672,3090.417994924156,1.218620424103859,3766.046487632673,8527923.043416226,690.7397672875559,409.4051282348811,293.16252950717853,5698038.5518899895,212388.1438327578,797.6684414764222,12.088014598297097,147591.160513183,2.441091085016624,0.036711732787705634,76234.11835184015,0.3242288935208322,73363.1485940264,15.156190990437413,298.5179345820901,-0.12338052341093113,1459743.620290544,5.842069062592546,0.00026553044506590713,3.2989819164687754e-05,1.3630821729500105e-05,9642.227765167885,76234.11835184015,8861652.02893314,302.1282060749468,1178467.6591418548,0.1747662544604043,0.023516282782788195,0.18478372736529153,-0.16235472675512944,0.9867324575082485,0.002417975102277697,0.001144883572730369,0.0030179751022776967,9.067406633541364e-05,liquid,True,-110.88719365279098
2.3785740641169286,1.6586983296758333,2954.8718669064215,3078.3128069973063,1.2184606376576144,3750.8029857235388,8495748.415647965,689.8239697001877,409.42671271533607,293.0080736748539,5698827.447643315,211931.78740811098,799.0501783417335,12.035006144356867,146753.35342299187,2.4314393052997936,0.0367066574548233,75792.17828270225,0.3250776350621145,72975.84377956648,15.149485603040224,298.52418370758164,-0.12667669422779956,1466431.3720497566,5.793485176038433,0.00026660957768409626,3.300442094876536e-05,1.3703164611849324e-05,9616.573805992213,75792.17828270225,8823622.245585784,302.1318927085462,1177124.676646417,0.17507957541240854,0.023567613341429865,0.18510122517863395,-0.16098976067541154,0.9869560765088149,0.0024244254905150305,0.001145605164348187,0.0030244254905150304,9.091595589431365e-05,liquid,True,-110.90252900775442
2.3822270577630635,1.6607231298079768,2954.584392190564,3066.3824870750427,1.2183030626381715,3735.783175223578,8464036.73554281,688.9184424968275,409.4450890766039,292.8529709528131,5699609.160097824,211476.14726866718,800.4256089119316,11.982713637601119,145925.20012285546,2.4220111348693742,0.03670168213237758,75358.25844046389,0.3259173157110451,72595.27377790825,15.14283317525453,298.5303845567661,-0.1299689400360097,1473105.335122525,5.745710461933,0.0002676814882170329,3.301892018575947e-05,1.3775001428595946e-05,9591.270859794182,75358.25844046389,8786178.969693718,302.1355513958432,1175791.1721272683,0.17539296705238497,0.023618510544080398,0.18541872299197637,-0.1596249107319354,0.987177738745066,0.002430821421632438,0.0011463177742865442,0.0030308214216324377,9.115580331121642e-05,liquid,True,-110.91470451983781
2.3858377065250065,1.662727512264315,2954.300505906469,3054.6245945759765,1.2181476864454124,3720.9838828419815,8432781.856097778,688.0230584328024,409.4602930239522,292.69730096278414,5700383.741830766,211021.21450520633,801.7941923755267,11.931134621403624,145106.78243660938,2.4128040161471267,0.03669680487267627,74932.25051114951,0.32674785584677185,72221.35804536541,15.136233020448508,298.53652921752206,-0.13325565727181507,1479762.0955156349,5.6987416299234965,0.00026874612508029155,3.30333180867735e-05,1.3846319524646102e-05,9566.314447892004,74932.25051114951,8749313.771558808,302.1391774550773,1174470.414561183,0.17570642875908282,0.023668974429284315,0.1857362208053188,-0.15826018744720077,0.9873974443298792,0.002437162900473567,0.0011470214936824092,0.0030371629004735667,9.139360876775876e-05,liquid,True,-110.92376380643014
2.389406384057911,1.664711578135135,2954.020170380306,3043.036739718395,1.2179944766906503,3706.401941343729,8401977.386662,687.1377545957066,409.4724553120665,292.5410406651676,5701151.370324059,210566.98030205333,803.1562880554284,11.880253351804509,144297.83550990777,2.4038094992719397,0.03669202473421015,74513.90759642555,0.32756949034704913,71853.89325899878,15.129685647321791,298.54260978107493,-0.13653729774339962,1486403.7923259714,5.65255378790061,0.0002698034416735324,3.30476132588061e-05,1.3917130368920724e-05,9541.70018319337,74513.90759642555,8713016.626118345,302.14276620388864,1173165.8515000104,0.17601995991129413,0.023719005038925243,0.1860537186186612,-0.1568956013332633,0.9876151934241766,0.002443449932301669,0.0011477164120781566,0.0030434499323016687,9.162937246131259e-05,liquid,True,-110.92984553099154
2.392933456522735,1.6666754268148416,2953.7433486854707,3031.61658233049,1.2178433995898392,3692.0342448782935,8371617.034150315,686.2624752987499,409.4817130493385,292.3841688760198,5701912.220510388,210113.435937355,804.5122778796183,11.830054095799069,143498.09046484742,2.395019139940179,0.03668734083514852,74102.98586987384,0.3283824636535247,71492.67811935747,15.12319166641814,298.54864212120486,-0.13981494980750334,1493032.518094716,5.607123041655836,0.0002708533923777201,3.306180408400674e-05,1.3987446355422492e-05,9517.423768050417,74102.98586987384,8677277.661272364,302.146326996856,1171871.3011267907,0.17633355988786917,0.0237686024182226,0.18637121643200363,-0.1555311628914078,0.9878309862368392,0.0024496825227991845,0.0011484026174522419,0.0030496825227991843,9.186309460496942e-05,liquid,True,-110.93307092813365
2.3964192827762743,1.6686191560412291,2953.4700046246166,3020.3618306943636,1.2176944434618269,3677.8778184807175,8341695.027963743,685.397099633557,409.48809794866173,292.22676574031846,5702666.3371411385,209660.5727601714,805.8616231517452,11.780534919937828,142707.63349992665,2.386430891316639,0.03668275129076685,73699.39365598053,0.3291866914713141,71137.64504348878,15.116750408691761,298.55461832792423,-0.14308700615254263,1499644.875358839,5.562446926621691,0.0002718959273130739,3.307589174142296e-05,1.4057254768395372e-05,9493.480992176914,73699.39365598053,8642089.0830474,302.149855151839,1170590.0127718332,0.17664722806773184,0.02381776661572813,0.18668871424534605,-0.15416688261164138,0.9880448230246482,0.002455860678067305,0.0011490801962491329,0.0030558606780673046,9.209477542752392e-05,liquid,True,-110.9334796207375
2.399864214554716,1.6705428619334417,2953.200102712256,3009.270240422748,1.2175475706105325,3663.92967053729,8312205.237934216,684.5415897568782,409.49176562492886,292.0687737361726,5703413.931187063,209208.38221519804,807.2049900302976,11.731676398915935,141926.09304554944,2.3780350869021163,0.036678255587866374,73302.858486721,0.32998250595124845,70788.56622737907,15.110362757306511,298.56054634396384,-0.14635503388365526,1506244.7862570847,5.51849560826662,0.00027293100302696504,3.30898740176326e-05,1.4126575141922108e-05,9469.867730625616,73302.858486721,8607440.957508888,302.15335534507227,1169319.0751325425,0.17696096382989457,0.023866497683322226,0.1870062120586885,-0.15280277097245992,0.9882567040921797,0.002461984404625513,0.0011497492334085091,0.003061984404625513,9.232441517345675e-05,liquid,True,-110.93121928096502
2.4032685966510314,1.6724466390287032,2952.933608157919,2998.339613367343,1.2174027641315073,3650.1869331183984,8283142.025443463,683.6958465819453,409.49277276346567,291.9102380144151,5704155.08212851,208756.85582123554,808.5421354982645,11.683472668993605,141153.44695854047,2.3698281944201725,0.03667385221706037,72913.2550423983,0.3307699192377299,70445.3432911757,15.10402839416531,298.566418260743,-0.1496181105941764,1512830.6949769568,5.475260419388588,0.0002739585720739206,3.310375132723864e-05,1.4195402467791857e-05,9446.579941823698,72913.2550423983,8573325.344689185,302.156822894165,1168061.7846156675,0.1772747665534738,0.02391479567621026,0.18732370987203092,-0.15143883844035824,0.988466629791737,0.00246805370941112,0.0011504098123937569,0.00306805370941112,9.255201410291701e-05,liquid,True,-110.92635450272269
2.406632767086408,1.674330580317843,2952.6704868498473,2987.567796557824,1.217259994140085,3636.6467585310834,8254499.626981814,682.859813702154,409.4912376202392,291.7511349834607,5704889.952450751,208305.98518299992,809.8734237087647,11.635909254201263,140389.44548798457,2.3618029957940396,0.03666954038052212,72530.37108182747,0.3315491516825711,70107.80050401752,15.097747783030398,298.5722420190056,-0.15287711884803695,1519404.6664861047,5.432719675708133,0.0002749785905529963,3.311752237389945e-05,1.4263748011074675e-05,9423.613665664476,72530.37108182747,8539733.335457997,302.1602624757096,1166815.1608582202,0.17758863561770488,0.023962660652918685,0.18764120768537335,-0.15007509546952127,0.9886746005232532,0.0024740685997787777,0.0011510620152197775,0.0030740685997787775,9.277757249170416e-05,liquid,True,-110.91899560123358
2.4099570572760034,1.6761947772796852,2952.4107053391904,2976.9526811705123,1.2171192436652938,3623.306395733622,8226272.619419201,682.0333977216264,409.48721734963874,291.591510668217,5705618.618292117,207855.7619774819,811.1986202007745,11.5889805376231,139634.0671421337,2.353956163305819,0.03666531861913487,72154.08921627117,0.33232021668035516,69775.84554158758,15.091520652007443,298.5780176337914,-0.1561313521979459,1525965.120345284,5.390865433121972,0.0002759910122912823,3.31311874747023e-05,1.4331607051669236e-05,9400.965021653488,72154.08921627117,8506657.338106643,302.1636740869948,1165579.2964163055,0.17790257040195734,0.024010092675291087,0.18795870549871577,-0.1487115525013758,0.9888806167342096,0.0024800290834999794,0.001151705922480123,0.0030800290834999793,9.300109063124924e-05,liquid,True,-110.90919971584736
2.4132417921892264,1.6780393199143333,2952.154230824707,2966.492201525805,1.2169804858439264,3610.1631206650927,8198455.50706061,681.216538250244,409.48081585873183,291.43133905834026,5706341.2334715165,207406.17796271108,812.5180674414787,11.542672812974388,138887.07604307824,2.3462811985543994,0.03666118615875461,71784.21428953612,0.33308331561097404,69449.31675489998,15.08534732737203,298.58373719858673,-0.15938126014623938,1532514.1640262543,5.349676824859778,0.00027699579397835413,3.3144745636234776e-05,1.4398989748584463e-05,9378.630207107246,71784.21428953612,8474088.93940693,302.1670530452622,1164357.5917941197,0.17821657028574994,0.02405709180848407,0.1882762033120582,-0.14734821996431027,0.9890846789195298,0.002485935168762546,0.0011523416133734808,0.0030859351687625458,9.322256882859547e-05,liquid,True,-110.8970786601451
2.4164872905047643,1.6798642967753978,2951.9010311379334,2956.1843341134354,1.2168436975967114,3597.214275900065,8171042.965451242,680.4091658370394,409.4721191352699,291.27063187714367,5707057.909274589,206957.22497311045,813.831839007975,11.496976459913602,138148.34000838886,2.3387731931749896,0.03665714194026305,71420.59321070976,0.33383856403423173,69128.08929051348,15.079227933058217,298.5894165718406,-0.1626272612135152,1539051.9735900545,5.309140370608238,0.00027799289208307957,3.315819630949733e-05,1.4465899611335432e-05,9356.605495402884,71420.59321070976,8442020.338363528,302.17040870784393,1163143.8062476325,0.17853063464876576,0.02410365812096308,0.1885937011254006,-0.14598510827318803,0.9892867876214994,0.0024917868641700985,0.0011529691657295301,0.0030917868641700983,9.34420074063787e-05,liquid,True,-110.88270256342929
2.4196938647605672,1.6816697950012107,2951.6510747288044,2946.0270966447297,1.2167088638356733,3584.4572815877164,8144029.912077222,679.6111891063238,409.46117571573035,291.10943430475504,5707768.716710121,206508.89491081412,815.1396911749455,11.451886511404927,137417.84650016893,2.3314293813551643,0.036653184550729585,71063.124386787,0.3345859642046201,68812.08349775906,15.07316214769578,298.59504784596993,-0.1658684304406534,1545576.9996456117,5.269248904418597,0.0002789822618717485,3.3171539926440354e-05,1.4532331375092953e-05,9334.887234277136,71063.124386787,8410444.52128099,302.17373639217465,1161941.2178292787,0.17884476287086717,0.024149791684498018,0.18891119893874303,-0.14462222782901987,0.9894869434296599,0.00249758417874151,0.001153588656034174,0.00309758417874151,9.365940670280664e-05,liquid,True,-110.86612786976042
2.4228618214990005,1.6834559003450666,2951.4043306517224,2936.0185471309856,1.2165759587386311,3571.8895788502814,8117411.172226682,678.8225520068427,409.4480845604519,290.94772020583684,5708473.8020184385,206061.1797552358,816.441969633346,11.407389858161707,136695.3663792603,2.324243766045774,0.036649313289417694,70711.62745550583,0.3353257118898553,68501.14948115387,15.067150293006447,298.6006310355076,-0.16910543691656274,1552091.3018887287,5.22998303150637,0.000279963861682947,3.318477550675787e-05,1.4598295175690758e-05,9313.471844173,70711.62745550583,8379353.617585241,302.1770360956368,1160750.023196594,0.17915895433211101,0.024195492574158844,0.18922869675208548,-0.14325958901864516,0.9896851469806995,0.0025033271219103486,0.001154200159454177,0.0031033271219103485,9.387476707163808e-05,liquid,True,-110.84745352494429
2.425991461407321,1.6852226972045212,2951.1607685520453,2926.156782987209,1.2164449622503513,3559.508677419485,8091181.769687895,678.0431832470676,409.43291757064213,290.78549914103536,5709173.268175708,205614.0715565718,817.7387275208688,11.36347772693141,135980.78157861327,2.3172121759137023,0.036645527134487245,70365.96790708923,0.33605790408497443,68195.17758398068,15.061192373478994,298.6061661548606,-0.17233826194324117,1558595.1145316774,5.191330124321038,0.0002809376491603228,3.319790276900266e-05,1.4663793473791085e-05,9292.355816632626,70365.96790708923,8348740.437476696,302.1803078156365,1159570.353967623,0.17947320841276332,0.024240760868310975,0.1895461945654279,-0.14189720221432983,0.9898813989583528,0.0025090157035243038,0.0011548037498612163,0.0031090157035243036,9.40880888821614e-05,liquid,True,-110.82675141578153
2.4290830794536906,1.6869702686497898,2950.92035865298,2916.4399401603782,1.2163158539596652,3547.3121363382456,8065336.815932472,677.273014988994,409.41574834725003,290.6227812088496,5709867.217149286,205167.56243528624,819.0300264559846,11.320141402939353,135273.9729517149,2.3103304740962853,0.03664182509394232,70026.01352365674,0.3367826406381914,67894.05981025714,15.055288432252555,298.6116611357584,-0.17556711079699275,1565088.6207093566,5.153278037557362,0.0002819035826467365,3.321092134833252e-05,1.4728829043287295e-05,9271.535712734905,70026.01352365674,8318597.923348941,302.18355623038576,1158399.1592149686,0.1797875244933145,0.024285596648610634,0.18986369237877032,-0.14053507777332952,0.990075700093303,0.0025146499338445987,0.0011553994998553647,0.0031146499338445986,9.429937251917245e-05,liquid,True,-110.8040872114916
2.4321369650188798,1.6886986964512793,2950.6830717428743,2906.866192281541,1.2161886101887251,3535.2975543954785,8039871.457718265,676.5119916531107,409.3966656873197,290.4595390751773,5710555.785741064,204721.64458440887,820.3162025492106,11.277368571811751,134574.72355171465,2.3035933171214493,0.03663820652838562,69691.60094987579,0.3375001042036883,67597.6600976458,15.049438718368272,298.6171159900271,-0.1787926563183565,1571573.851262374,5.115808876089533,0.0002828616218616981,3.322383042696042e-05,1.4793411466543154e-05,9251.00816157643,69691.60094987579,8288918.765978281,302.18678133775376,1157236.6270058146,0.18010190195449413,0.02433,0.19018119019211274,-0.13985404936819817,0.9901721289126036,0.002520229823545383,0.0011559874807880188,0.003120229823545383,9.450861838295186e-05,liquid,True,-110.77954969729257
