M,X,Taw,hg0,sigma,hg,q,Twg,Twc,Tb,p,h,rho,v,Re,Pr,f,hc,eta_fin,hce,kw,Tsat,xq,chf,chf_ratio,Rg,Rw,Rc,G,hc_lo,q_c,T_sl,q_nb_max,x,r,s,nx,nr,w,Dh,pitch,A_flow,regime,onb,margin_sat
0.04951001513650298,1.0003267024763052,2177.4563654797075,641.4542146187483,1.34585861689509,863.3066820883148,1330835.3233111661,635.9006808973611,594.6576535338052,260.4970181653587,2222958.150994646,377413.21089328063,63.73156274361414,35.385950282721616,22566.518471906038,2.1302373610175707,0.037399979689762414,3564.5088093233026,0.8815133347316085,3982.6214773735496,16.134064451426973,260.4970181653587,0.9117595100547646,,,0.001158336916356338,3.099033114100258e-05,0.00025109089720961323,2255.2019106856833,13255.851297955905,1191118.5284998992,287.51768371414107,26208773.856557876,0.0,0.0485,0.0,-0.0,1.0,0.005557521601035995,0.0013216415145030625,0.006157521601035994,0.0002084070600388498,two-phase,False,
0.04951001513650298,1.0003267024763052,2177.4563654797075,641.4542146187483,1.3457453308971568,863.2340143074832,1330422.6777797625,636.2489342050321,595.0325492699003,260.50394375945916,2223391.226893015,377139.33479845803,63.81338819893001,35.34057623856897,22568.995485112766,2.130224852359339,0.03739969661078231,3559.343055250537,0.8816948982751226,3977.0072151221098,16.139487728892703,260.50394375945916,0.910709714515776,,,0.0011584344261529537,3.0979917603264845e-05,0.00025144535725195967,2255.2019106856833,13256.436696480809,1190702.0688062352,287.5192580690956,26202103.94967621,0.0003174978133424253,0.0485,0.0003174978133424253,-0.0,1.0,0.005557521601035995,0.0013216415145030625,0.006157521601035994,0.0002084070600388498,two-phase,False,
0.04951001513650298,1.0003267024763052,2177.4563654797075,641.4542146187483,1.3456322490428634,863.1614774754498,1330010.7655043595,636.5966304109725,595.4068248387384,260.5108683722823,2223823.814972401,376865.5434984358,63.895370684455145,35.295231665888785,22571.47244573027,2.130212371027555,0.03739941359606982,3554.197802076048,0.8818757909395575,3971.4148224945093,16.14490220367678,260.5108683722823,0.9096601875369735,,,0.0011585317766089048,3.096952794710221e-05,0.0002517994328711006,2255.2019106856833,13257.022065239466,1190286.472397234,287.52083249393075,26195424.939915325,0.0006349956266848506,0.0485,0.0006349956266848506,-0.0,1.0,0.005557521601035995,0.0013216415145030625,0.006157521601035994,0.0002084070600388498,two-phase,False,
0.04951001513650298,1.0003267024763052,2177.4563654797075,641.4542146187483,1.3455193991888112,863.089089460949,1329599.686033903,636.9436857697626,595.7803901155103,260.51777601537646,2224255.915746442,376591.8368217757,63.97747950657956,35.24993369664952,22573.943633536863,2.130199945746369,0.03739913129898759,3549.0740317664904,0.8820559762973771,3965.845370509423,16.150306540100257,260.51777601537646,0.9086109375821476,,,0.0011586289436523408,3.095916469192269e-05,0.0002521530484864939,2255.2019106856833,13257.606052476738,1189871.8375249351,287.52240335231687,26188773.148581013,0.0009524934400272759,0.0485,0.0009524934400272759,-0.0,1.0,0.005557521601035995,0.0013216415145030625,0.006157521601035994,0.0002084070600388498,two-phase,False,
0.04951001513650298,1.0003267024763052,2177.4563654797075,641.4542146187483,1.345406694621945,863.0167946415258,1329189.1252268064,637.2903646790903,596.1535298780071,260.52466669584925,2224687.491060188,376318.2146617075,64.05971497130555,35.204682251487725,22576.409048952966,2.1301875763206364,0.03739884971906356,3543.967687191527,0.8822355961185022,3960.294453297384,16.15570487683457,260.52466669584925,0.9075619650872152,,,0.001158726001868102,3.0948819863436766e-05,0.0002525064769280954,2255.2019106856833,13258.188658430112,1189457.8460063934,287.52397064376834,26182147.760758135,0.0012699912533697011,0.0485,0.0012699912533697011,-0.0,1.0,0.005557521601035995,0.0013216415145030625,0.006157521601035994,0.0002084070600388498,two-phase,False,
0.04951001513650298,1.0003267024763052,2177.4563654797075,641.4542146187483,1.345294185876418,862.9446254325261,1328779.2645461354,637.6365144897054,596.5260798140969,260.5315723893433,2225118.5797286374,376044.6768741057,64.14213979548921,35.15944304128563,22578.880132479193,2.1301752053453185,0.03739856754963413,3538.8813104138408,0.882414562693924,3954.764840445248,16.161094805140948,260.5315723893433,0.9065132531554241,,,0.0011588229076677763,3.093849804290157e-05,0.0002528595353567002,2255.2019106856833,13258.77258663953,1189044.682727165,287.52554164109665,26175477.00512065,0.0015874890667121264,0.0485,0.0015874890667121264,1.4210854715202007e-14,1.0,0.005557521601035995,0.0013216415145030625,0.006157521601035994,0.0002084070600388498,two-phase,False,
0.04951001513650298,1.0003267024763052,2177.4563654797075,641.4542146187483,1.345181802620454,862.8725367193355,1328369.848757837,637.9823502232541,596.8982714757299,260.5384451433587,2225549.174966325,375771.2233673863,64.22468609946029,35.11425353162816,22581.339724050827,2.1301629186295616,0.03739828674996009,3533.811092653278,0.882593005754659,3949.2523921249126,16.166479683299357,260.5384451433587,0.9054644457240318,,,0.0011589197215640063,3.092819276645123e-05,0.0002532124819355862,2255.2019106856833,13259.353782181954,1188632.0854162632,287.5271054343546,26168869.597285565,0.0019049868800545518,0.0485,0.0019049868800545518,-0.0,1.0,0.005557521601035995,0.0013216415145030625,0.006157521601035994,0.0002084070600388498,two-phase,False,
0.04951001513650298,1.0003267024763052,2177.4563654797075,641.4542146187483,1.34506968062139,862.8006155904843,1327961.374272695,638.3274517110688,597.269652870496,260.54531693126955,2225979.253426861,375497.853947776,64.30736609998362,35.06910712498078,22583.79926404486,2.130150658831661,0.037398006013526705,3528.763530944726,0.8827706990279752,3943.764178994094,16.17185299471568,260.54531693126955,0.904416289975775,,,0.0011590163265189826,3.0917916466553345e-05,0.0002535648569775951,2255.2019106856833,13259.934948527725,1188220.556643923,287.5286692965152,26162252.476446398,0.002222484693396977,0.0485,0.002222484693396977,-0.0,1.0,0.005557521601035995,0.0013216415145030625,0.006157521601035994,0.0002084070600388498,two-phase,False,
0.04951001513650298,1.0003267024763052,2177.4563654797075,641.4542146187483,1.3449576494738473,862.7287527387246,1327553.218439029,638.6723453288507,597.6407904615722,260.5521877533986,2226408.877675146,375224.5685496783,64.3902308988996,35.02397614052077,22586.25875252223,2.130138425944985,0.037397725340305756,3523.73072791924,0.8829479189993654,3938.2916176146314,16.177222904825065,260.5521877533986,0.9033680217137702,,,0.0011591128692830849,3.090765349167987e-05,0.0002539172049950141,2255.2019106856833,13260.516085709953,1187809.4673941522,287.53023322757565,26155626.958371904,0.0025399825067394023,0.0485,0.0025399825067394023,-0.0,1.0,0.005557521601035995,0.0013216415145030625,0.006157521601035994,0.0002084070600388498,two-phase,False,
0.04951001513650298,1.0003267024763052,2177.4563654797075,641.4542146187483,1.344845778975549,862.6569929360996,1327145.636722767,639.0168146615367,598.0114515386224,260.5590416347775,2226837.9785953965,374951.3670549075,64.47322425958356,34.97889141709027,22588.71246997489,2.1301262483184753,0.037397445382778165,3518.71564248905,0.8831245602977862,3932.837928467985,16.182586077150763,260.5590416347775,0.9023200322815871,,,0.0011592092896580437,3.0897410192427916e-05,0.00025426931345465953,2255.2019106856833,13261.095842378627,1187399.0733242861,287.5317935902444,26149027.8564111,0.0028574803200818277,0.0485,0.0028574803200818277,-0.0,1.0,0.005557521601035995,0.0013216415145030625,0.006157521601035994,0.0002084070600388498,two-phase,False,
0.04951001513650298,1.0003267024763052,2177.4563654797075,641.4542146187483,1.3447340306912168,862.5853115281383,1326738.488533307,639.3609785053054,598.3817639437713,260.5658945555028,2227266.6260151346,374678.2493742192,64.55640345656343,34.933822052263004,22591.166136261138,2.1301140974660364,0.037397165488114455,3513.7166154428223,0.8833006816292933,3927.401311654844,16.18794433628162,260.5658945555028,0.9012719306117314,,,0.0011593056207141073,3.0887183055069134e-05,0.00025462129297365886,2255.2019106856833,13261.675570081252,1186989.2332298213,287.5333540214878,26142420.37277902,0.0031749781334242527,0.0485,0.0031749781334242527,-0.0,1.0,0.005557521601035995,0.0013216415145030625,0.006157521601035994,0.0002084070600388498,two-phase,False,
0.04951001513650298,1.0003267024763052,2177.4563654797075,641.4542146187483,1.3446224766191233,862.513754698436,1326332.0361958323,639.7046148892919,598.7514889493284,260.57273054507505,2227694.758213461,374405.2153643679,64.63968644132062,34.888812660515256,22593.614032112644,2.1301020016117893,0.037396886308502915,3508.7366665280006,0.8834761752535907,3921.9850544555984,16.19329423277975,260.57273054507505,0.9002244905645458,,,0.0011594018003221686,3.0876978631553575e-05,0.00025497292470911967,2255.2019106856833,13262.253917603111,1186580.209453918,287.5349108836948,26135839.457699843,0.003492475946766678,0.0485,0.003492475946766678,-0.0,1.0,0.005557521601035995,0.0013216415145030625,0.006157521601035994,0.0002084070600388498,two-phase,False,
0.04951001513650298,1.0003267024763052,2177.4563654797075,641.4542146187483,1.3445111112355637,862.4423189037891,1325926.259052252,640.047741170112,599.1206452948516,260.5795496105111,2228122.3685938525,374132.26488636044,64.72309901557024,34.843849336434836,22596.0561579433,2.1300899605627714,0.03739660784347775,3503.7754512553447,0.8836510525999709,3916.588786280058,16.19863602212918,260.5795496105111,0.8991773303976967,,,0.0011594978331664594,3.086679639674249e-05,0.00025532422589346975,2255.2019106856833,13262.830885177591,1186171.9802998789,287.5364641763846,26129284.956694797,0.0038099737601091036,0.0485,0.0038099737601091036,-0.0,1.0,0.005557521601035995,0.0013216415145030625,0.006157521601035994,0.0002084070600388498,two-phase,False,
0.04951001513650298,1.0003267024763052,2177.4563654797075,641.4542146187483,1.344399821953006,862.3709319244506,1325520.7478944247,640.3907028692834,599.489604875655,260.58638369154403,2228549.526619559,373859.397885442,64.8067303092457,34.798884312235444,22598.50395233667,2.130077917914596,0.03739632878872604,3498.8281645054058,0.8838254844436717,3911.207285853233,16.203975112121913,260.58638369154403,0.8981300489106996,,,0.0011595938162809118,3.085662601554841e-05,0.0002556755310865221,2255.2019106856833,13263.409175259705,1185764.1353205729,287.53802117492995,26122685.880344033,0.004127471573451529,0.0485,0.004127471573451529,-0.0,1.0,0.005557521601035995,0.0013216415145030625,0.006157521601035994,0.0002084070600388498,two-phase,False,
0.04951001513650298,1.0003267024763052,2177.4563654797075,641.4542146187483,1.344288663971946,862.2996291690112,1325115.7044851577,640.733329007852,599.8581838356777,260.5931848893911,2228976.1636396013,373586.61426532356,64.89046053841344,34.7539822028334,22600.94025808956,2.1300659579790864,0.037396051099993374,3493.8967386722466,0.883999399056534,3905.8426557434354,16.209308846531414,260.5931848893911,0.8970830574364763,,,0.0011596897020165592,3.084647252600123e-05,0.000256026698497321,2255.2019106856833,13263.984734546048,1185356.8733640737,287.5395709655487,26116149.4373682,0.004444969386793954,0.0485,0.004444969386793954,-0.0,1.0,0.005557521601035995,0.0013216415145030625,0.006157521601035994,0.0002084070600388498,two-phase,False,
0.04951001513650298,1.0003267024763052,2177.4563654797075,641.4542146187483,1.3441776494805515,862.2284184556223,1324711.1721271991,641.0755831112126,600.2263429421846,260.5999851415443,2229402.2800502535,373313.91392080183,64.97435314521752,34.709109079474985,22603.37651366408,2.130054024414503,0.03739577347311371,3488.9819726787628,0.8841727698999142,3900.49577042781,16.214636632722478,260.5999851415443,0.8960363369082761,,,0.0011597854798049301,3.0836337028420276e-05,0.0002563776655218162,2255.2019106856833,13264.5602654232,1184950.2398129809,287.54112082377367,26109603.208466887,0.004762467200136379,0.0485,0.004762467200136379,-0.0,1.0,0.005557521601035995,0.0013216415145030625,0.006157521601035994,0.0002084070600388498,two-phase,False,
0.04951001513650298,1.0003267024763052,2177.4563654797075,641.4542146187483,1.3440668152578419,862.1573233763413,1324307.284848246,641.417351553509,600.5939600756657,260.60678444831603,2229827.914343183,373041.2967190832,65.0584085778874,34.66426492719651,22605.81271911755,2.1300421172146433,0.03739549590805997,3484.0854411023874,0.8843455410652713,3895.1683468784186,16.219956707504323,260.60678444831603,0.8949898873783183,,,0.001159881117849635,3.082622284489021e-05,0.00025672831337351525,2255.2019106856833,13265.135767922582,1184544.3687647693,287.5426707496023,26103048.00501817,0.0050799650134788045,0.0485,0.0050799650134788045,-0.0,1.0,0.005557521601035995,0.0013216415145030625,0.006157521601035994,0.0002084070600388498,two-phase,False,
0.04951001513650298,1.0003267024763052,2177.4563654797075,641.4542146187483,1.3439560679278832,862.0862840347816,1323903.702541347,641.7589218953563,600.961344612864,260.6135668525296,2230253.0670227082,372768.7625973872,65.14259557643268,34.619466582961444,22608.24315588936,2.1300302642319067,0.037395219056149016,3479.20272573681,0.8845178663854739,3889.855580234203,16.225273542278202,260.6135668525296,0.8939437190958377,,,0.0011599766966709497,3.081612144763845e-05,0.00025707895302884003,2255.2019106856833,13265.709891229864,1184138.9160822213,287.54421710447065,26096520.020804796,0.00539746282682123,0.0485,0.00539746282682123,-0.0,1.0,0.005557521601035995,0.0013216415145030625,0.006157521601035994,0.0002084070600388498,two-phase,False,
0.04951001513650298,1.0003267024763052,2177.4563654797075,641.4542146187483,1.343845410293903,862.0153022290851,1323500.4356725682,642.1002850828413,601.3284869178656,260.62034831641586,2230677.76939596,372496.3114907788,65.22697226334815,34.574683331620925,22610.673542883673,2.1300184374784537,0.03739494226572088,3474.334067303609,0.8846897381456437,3884.5577364406895,16.23058701405885,260.62034831641586,0.8928974398050472,,,0.0011600722138158108,3.080603305147883e-05,0.0002574295628609376,2255.2019106856833,13266.283986352979,1183733.8929506165,287.54576352662065,26089983.72463772,0.005714960640163655,0.0485,0.005714960640163655,-0.0,1.0,0.005557521601035995,0.0013216415145030625,0.006157521601035994,0.0002084070600388498,two-phase,False,
0.04951001513650298,1.0003267024763052,2177.4563654797075,641.4542146187483,1.3437348727795784,861.9443974746481,1323097.595229609,642.4413469865633,601.6952858014355,260.6271128872139,2231101.952866618,372223.94331147557,65.31148137604116,34.52994577937993,22613.098161773745,2.130006664683441,0.037394666187803675,3469.4805999041723,0.8848611148205492,3879.2760518360274,16.235895651584276,260.6271128872139,0.8918514423341287,,,0.001160167642982345,3.079596042804148e-05,0.0002577800565460426,2255.2019106856833,13266.856702609772,1183329.4091706534,287.5473063771721,26083473.85477743,0.00603245845350608,0.0485,0.00603245845350608,-0.0,1.0,0.005557521601035995,0.0013216415145030625,0.006157521601035994,0.0002084070600388498,two-phase,False,
0.04951001513650298,1.0003267024763052,2177.4563654797075,641.4542146187483,1.3436245020001636,861.8735996730218,1322695.3522963203,642.7819621819092,602.0615849983906,260.6338765227203,2231525.6247390164,371951.65793647623,65.39612890591009,34.485250861414094,22615.522731228928,2.1299949179826227,0.03739439017102741,3464.644514495946,0.885031919927515,3874.0129153594285,16.2411972061948,260.6338765227203,0.8908060989455474,,,0.001160262943869473,3.07859078152987e-05,0.00025813027004511693,2255.2019106856833,13267.42939087529,1182925.6372671518,287.54884929468386,26076954.39934432,0.0063499562668485054,0.0485,0.0063499562668485054,-0.0,1.0,0.005557521601035995,0.0013216415145030625,0.006157521601035994,0.0002084070600388498,two-phase,False,
0.04951001513650298,1.0003267024763052,2177.4563654797075,641.4542146187483,1.343514244118144,861.8028742899054,1322293.5077590975,643.1222999909844,602.4275665578623,260.6406232745769,2231948.809781553,371679.45528376836,65.48093571098147,34.440587725252605,22617.941533154997,2.1299832249822725,0.03739411486613246,3459.823139523499,0.8852022457920233,3868.765421688835,16.246494278334215,260.6406232745769,0.8897606556039647,,,0.0011603581629081525,3.0775870254469815e-05,0.0002584803912880997,2255.2019106856833,13268.000700599012,1182522.3751585162,287.55038863996043,26070462.021039188,0.006667454080190931,0.0485,0.006667454080190931,-0.0,1.0,0.005557521601035995,0.0013216415145030625,0.006157521601035994,0.0002084070600388498,two-phase,False,
0.04951001513650298,1.0003267024763052,2177.4563654797075,641.4542146187483,1.3434040211648213,861.7321713119488,1321891.779248444,643.4625989061299,602.7934870578214,260.6473690961593,2232371.5460563097,371407.3353294672,65.56593423536644,34.39593955284818,22620.360285987575,2.129971557941425,0.03739383962203786,3455.0131590145975,0.8853722100190101,3863.529965278062,16.2517905994476,260.6473690961593,0.8887151018470784,,,0.0011604533674047987,3.076584065862842e-05,0.0002588306571935774,2255.2019106856833,13268.57198252349,1182119.3398633034,287.5519280518768,26063961.36417834,0.006984951893533356,0.0485,0.006984951893533356,-0.0,1.0,0.005557521601035995,0.0013216415145030625,0.006157521601035994,0.0002084070600388498,two-phase,False,
0.04951001513650298,1.0003267024763052,2177.4563654797075,641.4542146187483,1.3432939466177969,861.6615635298377,1321490.5813559499,643.8025072962223,603.1589684997587,260.65409804349855,2232793.7719575847,371135.2979643416,65.65104043354786,34.35135065328331,22622.77327186271,2.129959944343918,0.03739356508919733,3450.2193925527636,0.8855416413321944,3858.311794502531,16.257080713047316,260.65409804349855,0.8876702135655171,,,0.0011605484593086087,3.075582934140931e-05,0.0002591807125139129,2255.2019106856833,13269.141886228792,1181716.9460919609,287.5534638909229,26057487.27816853,0.007302449706875782,0.0485,0.007302449706875782,-0.0,1.0,0.005557521601035995,0.0013216415145030625,0.006157521601035994,0.0002084070600388498,two-phase,False,
0.04951001513650298,1.0003267024763052,2177.4563654797075,641.4542146187483,1.3431839416782405,861.5910003977305,1321089.625533356,644.142269901283,603.52427404118,260.66082606556296,2233215.5121603906,370863.34313855984,65.73633931358123,34.30677665100459,22625.18620898354,2.129948356571703,0.037393290616817954,3445.4384439182286,0.8857106599860867,3853.1072161046054,16.26236841034035,260.66082606556296,0.8866252151857158,,,0.0011606435066503441,3.0745829105807086e-05,0.00025953080044602934,2255.2019106856833,13269.711762325698,1181314.9046695486,287.55499979628917,26051004.147202346,0.007619947520218207,0.0485,0.007619947520218207,-0.0,1.0,0.005557521601035995,0.0013216415145030625,0.006157521601035994,0.0002084070600388498,two-phase,False,
0.04951001513650298,1.0003267024763052,2177.4563654797075,641.4542146187483,1.34307407861897,861.5205282753305,1320689.175538725,644.4816629701811,603.889163185533,260.6675372227594,2233636.7428439306,370591.47074799397,65.82174649017871,34.26226180464815,22627.593379715236,2.1299368219865347,0.037393016855067705,3440.6732830463498,0.8858791597642877,3847.9194655466413,16.26765021303531,260.6675372227594,0.8855808829358006,,,0.001160738446943209,3.073584650838808e-05,0.00025988069889553637,2255.2019106856833,13270.280260524303,1180913.4786138425,287.55653212815145,26044547.58864236,0.007937445333560632,0.0485,0.007937445333560632,-1.4210854715201978e-14,1.0,0.005557521601035995,0.0013216415145030625,0.006157521601035994,0.0002084070600388498,two-phase,False,
0.04951001513650298,1.0003267024763052,2177.4563654797075,641.4542146187483,1.3429642714116372,861.4500919793913,1320288.9164464052,644.8209537024334,604.253923187013,260.6742315219471,2234057.488956754,370319.68075334554,65.90731521984112,34.21777845392744,22629.994784458093,2.1299253403994087,0.03739274380349209,3435.920049742008,0.8860472762377974,3842.744342798559,16.272930254835057,260.6742315219471,0.8845364522480264,,,0.0011608333544921407,3.07258737160407e-05,0.00026023068692405623,2255.2019106856833,13270.847381050278,1180512.351276177,287.558060886037,26038118.10337285,0.008254943146903058,0.0485,0.008254943146903058,1.421085471520203e-14,1.0,0.005557521601035995,0.0013216415145030625,0.006157521601035994,0.0002084070600388498,two-phase,False,
0.04951001513650298,1.0003267024763052,2177.4563654797075,641.4542146187483,1.342854615545092,861.3797527616382,1319889.198914888,645.1598439011129,604.6182336751206,260.68094084104047,2234477.7571623162,370047.97304313077,65.9930836920119,34.173307027303885,22632.401858521996,2.1299138571307106,0.03739247016182022,3431.1832445251325,0.8862148526469756,3837.586753209748,16.278203943521138,260.68094084104047,0.8834922831048063,,,0.0011609281467249914,3.0715919381204475e-05,0.0002605804283547733,2255.2019106856833,13271.415824505666,1180111.8763396298,287.55959334974284,26031643.642988697,0.008572440960245483,0.0485,0.008572440960245483,-0.0,1.0,0.005557521601035995,0.0013216415145030625,0.006157521601035994,0.0002084070600388498,two-phase,False,
0.04951001513650298,1.0003267024763052,2177.4563654797075,641.4542146187483,1.3427449680097763,861.3094188879874,1319489.501642427,645.4987754350252,604.9825697088412,260.6876333070879,2234897.578914174,369776.34761317924,66.07901482299471,34.12886703481693,22634.803166931557,2.129902426726809,0.03739219722998661,3426.456224671432,0.8863821207828312,3832.4394643513774,16.28347815389949,260.6876333070879,0.8824480157991476,,,0.0011610229472366297,3.070597051037664e-05,0.0002609304098086375,2255.2019106856833,13271.982890476895,1179711.5279566424,287.56112223915386,26025197.04718186,0.008889938773587907,0.0485,0.008889938773587907,-1.4210854715202004e-14,1.0,0.005557521601035995,0.0013216415145030625,0.006157521601035994,0.0002084070600388498,two-phase,False,
0.04951001513650298,1.0003267024763052,2177.4563654797075,641.4542146187483,1.342635450546344,861.2391684494944,1319090.2651495363,645.8373756881492,605.3465305961117,260.69430892692384,2235316.8551779673,369504.80436863645,66.16505564055376,34.0844859700145,22637.198710082754,2.1298910489994825,0.037391925007538754,3421.7442201598833,0.8865488953623003,3827.308173906554,16.28874702604002,260.69430892692384,0.8814044158899333,,,0.0011611176507454015,3.0696038142201764e-05,0.0002612802404618739,2255.2019106856833,13272.54857918763,1179311.7474618063,287.5626475537985,26018776.244947627,0.009207436586930334,0.0485,0.009207436586930334,1.4210854715202004e-14,1.0,0.005557521601035995,0.0013216415145030625,0.006157521601035994,0.0002084070600388498,two-phase,False,
0.04951001513650298,1.0003267024763052,2177.4563654797075,641.4542146187483,1.3425259850430122,861.1689513410269,1318691.2085445025,646.1758815618721,605.7103712673534,260.7009836363734,2235735.6858168375,369233.34327247133,66.251292198384,34.04011960902843,22639.59420548486,2.1298796966975932,0.03739165284454272,3417.043988214433,0.8867152919258477,3822.189354322633,16.294014321662065,260.7009836363734,0.8803607067913282,,,0.0011612123247625023,3.0686115166553856e-05,0.0002616301567762646,2255.2019106856833,13273.114240855912,1178912.2538819832,287.5641729338092,26012347.231668904,0.009524934400272758,0.0485,0.009524934400272758,-1.4210854715202004e-14,1.0,0.005557521601035995,0.0013216415145030625,0.006157521601035994,0.0002084070600388498,two-phase,False,
0.04951001513650298,1.0003267024763052,2177.4563654797075,641.4542146187483,1.342416643924993,861.0988140200423,1318292.5937160726,646.5140714570043,606.0738534553218,260.7076415088929,2236153.9719082494,368961.96423374134,66.33763908068629,33.99581205991801,22641.983936187964,2.129868396818374,0.03739138139031437,3412.3584394128625,0.8868812059906432,3817.0861772678513,16.299276547683622,260.7076415088929,0.8793176657424614,,,0.0011613069066156265,3.06762081456344e-05,0.0002619799379839436,2255.2019106856833,13273.678525579619,1178513.3080234479,287.5656947384246,26005944.015789837,0.009842432213615184,0.0485,0.009842432213615184,1.4210854715202004e-14,1.0,0.005557521601035995,0.0013216415145030625,0.006157521601035994,0.0002084070600388498,two-phase,False,
0.04951001513650298,1.0003267024763052,2177.4563654797075,641.4542146187483,1.3423073498819096,861.0287068954738,1317894.1381260634,646.852185187201,606.437234926505,260.71429847595266,2236571.813201303,368690.6672196662,66.42418269357768,33.951519149120536,22644.373619472513,2.1298571222322686,0.037391109995204196,3407.684313717339,0.8870467533013332,3811.995095426819,16.304537425197903,260.71429847595266,0.8782745158205648,,,0.0011614014631470319,3.066631005595248e-05,0.0002623298233514733,2255.2019106856833,13274.242783447155,1178114.6274348437,287.56721660808967,25999532.60669163,0.010159930026957609,0.0485,0.010159930026957609,-0.0,1.0,0.005557521601035995,0.0013216415145030625,0.006157521601035994,0.0002084070600388498,two-phase,False,
0.04951001513650298,1.0003267024763052,2177.4563654797075,641.4542146187483,1.3421981744627374,860.958675862713,1317496.1057220981,647.1899976985624,606.8002740294492,260.7209386153325,2236989.14181608,368419.4521431303,66.5108642895816,33.907271161997855,22646.757538615413,2.1298458998156518,0.03739083930824574,3403.024550578659,0.887211828865952,3806.9193127222966,16.309793507322286,260.7209386153325,0.8772316519255121,,,0.0011614959324243552,3.0656427365283616e-05,0.00026267958888913465,2255.2019106856833,13274.805664684682,1177716.474862185,287.56873490173217,25993147.639191616,0.010477427840300034,0.0485,0.010477427840300034,-1.4210854715202004e-14,1.0,0.005557521601035995,0.0013216415145030625,0.006157521601035994,0.0002084070600388498,two-phase,False,
0.04951001513650298,1.0003267024763052,2177.4563654797075,641.4542146187483,1.3420889991458496,860.888644895563,1317098.0609331264,647.5278796731516,607.1633689906323,260.7275778541615,2237406.0263187573,368148.3190066832,66.59774374578163,33.86303775236425,22649.141410672673,2.1298347025598776,0.037390568680072664,3398.3740852520987,0.8873766120342726,3801.8533149026866,16.315050506775055,260.7275778541615,0.8761886794326256,,,0.0011615904169828062,3.064654931913131e-05,0.00026302961139509305,2255.2019106856833,13275.368519252794,1177318.414801991,287.57025326010864,25986754.49295134,0.01079492565364246,0.0485,0.01079492565364246,1.4210854715202004e-14,1.0,0.005557521601035995,0.0013216415145030625,0.006157521601035994,0.0002084070600388498,two-phase,False,
0.04951001513650298,1.0003267024763052,2177.4563654797075,641.4542146187483,1.3419799374231436,860.8186867938796,1316700.419428244,647.8654776095841,607.526140057969,260.7342002745293,2237822.368009652,367877.2677273063,66.68473494959161,33.81886292853136,22651.519519141562,2.1298235572212856,0.03739029875943775,3393.7376474310267,0.8875409343947412,3796.8022562764313,16.320302951721594,260.7342002745293,0.8751463762537762,,,0.0011616848185818332,3.063668618646911e-05,0.00026337953164321806,2255.2019106856833,13275.929997503416,1176920.8618686928,287.5717680418368,25980387.14835099,0.011112423466984885,0.0485,0.011112423466984885,-1.4210854715201953e-14,1.0,0.005557521601035995,0.0013216415145030625,0.006157521601035994,0.0002084070600388498,two-phase,False,
0.04951001513650298,1.0003267024763052,2177.4563654797075,641.4542146187483,1.3418709125736197,860.7487523446543,1316302.9020923818,648.2030281884115,607.8888416275108,260.74082179923727,2238238.266410717,367606.2982794386,66.77192501882496,33.77470261715348,22653.89758085033,2.129812436912237,0.037390028897257406,3389.1120507011674,0.8877049092915351,3791.762668683888,16.325554530337612,260.74082179923727,0.8741039647931493,,,0.0011617792036015496,3.062683102560805e-05,0.0002637295863106057,2255.2019106856833,13276.491449268426,1176523.53737705,287.5732828879841,25974011.642653685,0.01142992128032731,0.0485,0.01142992128032731,1.4210854715202004e-14,1.0,0.005557521601035995,0.0013216415145030625,0.006157521601035994,0.0002084070600388498,two-phase,False,
0.04951001513650298,1.0003267024763052,2177.4563654797075,641.4542146187483,1.3417619629453121,860.6788661463953,1315905.64747758,648.5404140872704,608.2513476202232,260.74744242857304,2238653.690760844,367335.4106089972,66.85928735473279,33.73057057459114,22656.27559585064,2.1298013416271884,0.03738975909350686,3384.49888469918,0.8878684800904033,3786.7362864651873,16.330803402380617,260.74744242857304,0.8730618277981896,,,0.0011618735388233725,3.061698727737502e-05,0.0002640796518031289,2255.2019106856833,13277.052874576393,1176126.5795497498,287.57479779854805,25967627.34815475,0.011747419093669735,0.0485,0.011747419093669735,-0.0,1.0,0.005557521601035995,0.0013216415145030625,0.006157521601035994,0.0002084070600388498,two-phase,False,
0.04951001513650298,1.0003267024763052,2177.4563654797075,641.4542146187483,1.3416530785465395,860.6090217898964,1315508.6190548425,648.8776662710413,608.6136913392561,260.7540462510748,2239068.6044824896,367064.6046694191,66.94678981446005,33.68648320458489,22658.647847978686,2.129790297941952,0.0373894899965178,3379.8975156479482,0.8880316677597355,3781.722420608362,16.336050045773604,260.7540462510748,0.8720199781901941,,,0.0011619678328728161,3.060715403044189e-05,0.00026442977267462453,2255.2019106856833,13277.612923970577,1175729.950227721,287.5763091316824,25961269.505674295,0.01206491690701216,0.0485,0.01206491690701216,-1.4210854715202004e-14,1.0,0.005557521601035995,0.0013216415145030625,0.006157521601035994,0.0002084070600388498,two-phase,False,
0.04951001513650298,1.0003267024763052,2177.4563654797075,641.4542146187483,1.3415442986321517,860.5392444553464,1315111.96107236,649.2146617504113,608.9757407529614,260.7606332734663,2239483.045180589,366793.8803844467,67.03443275049027,33.642440431767355,22661.01433761941,2.1297793056712453,0.03738922160584581,3375.3095944417673,0.8881944136333342,3776.722872800115,16.34129256542073,260.7606332734663,0.8709784164016678,,,0.0011620620517230696,3.059733481903589e-05,0.00026477981935131665,2255.2019106856833,13278.171597668716,1175333.7932051115,287.57781688692137,25954938.87588617,0.012382414720354586,0.0485,0.012382414720354586,1.4210854715202054e-14,1.0,0.005557521601035995,0.0013216415145030625,0.006157521601035994,0.0002084070600388498,two-phase,False,
0.04951001513650298,1.0003267024763052,2177.4563654797075,641.4542146187483,1.341435504340634,860.469457898526,1314715.2390575241,649.5517699251182,609.3378926902673,260.76721940992667,2239897.007066569,366523.2377672615,67.12227671856968,33.59841204644019,22663.38078115254,2.129768338168138,0.03738895327296985,3370.7301413576083,0.8883568944874874,3771.7322191363887,16.346536686571092,260.76721940992667,0.8699367469221732,,,0.0011621562983098101,3.0587518909174016e-05,0.0002651301688190816,2255.2019106856833,13278.73024524816,1174937.674819359,287.5793247059521,25948599.35140472,0.012699912533697011,0.0485,0.012699912533697011,-1.4210854715201953e-14,1.0,0.005557521601035995,0.0013216415145030625,0.006157521601035994,0.0002084070600388498,two-phase,False,
0.04951001513650298,1.0003267024763052,2177.4563654797075,641.4542146187483,1.3413268091743968,860.3997349260344,1314318.8683395502,649.8886373788409,609.6997676135422,260.7737887554029,2240310.4287955593,366252.6767455468,67.21023454523497,33.55444190821636,22665.741462744212,2.1297574218294844,0.03738868564580398,3366.163828135569,0.8885189438266545,3766.7555526838687,16.351776947387638,260.7737887554029,0.8688957486708752,,,0.0011622504742937498,3.057771651416026e-05,0.00026548046084049317,2255.2019106856833,13279.287517439772,1174542.0087290646,287.5808289464664,25942285.636151437,0.013017410347039437,0.0485,0.013017410347039437,1.4210854715202004e-14,1.0,0.005557521601035995,0.0013216415145030625,0.006157521601035994,0.0002084070600388498,two-phase,False,
0.04951001513650298,1.0003267024763052,2177.4563654797075,641.4542146187483,1.3412181372882919,860.3300268866818,1313922.5701189428,650.2255016753854,610.0616206069086,260.78035721978557,2240723.4095508694,365982.19730437855,67.2983944314222,33.51048609315277,22668.102098548643,2.129746530128427,0.03738841807610724,3361.607506981797,0.8886806734820643,3761.7894454952984,16.357016990947635,260.78035721978557,0.8678546430441579,,,0.0011623446453667887,3.056792080589707e-05,0.00026583093351954855,2255.2019106856833,13279.844763693483,1174146.517050239,287.58233325046007,25935963.808960456,0.013334908160381862,0.0485,0.013334908160381862,-0.0,1.0,0.005557521601035995,0.0013216415145030625,0.006157521601035994,0.0002084070600388498,two-phase,False,
0.04951001513650298,1.0003267024763052,2177.4563654797075,641.4542146187483,1.3411095266743935,860.2603581506444,1313526.4862343846,650.5622411727886,610.423321240698,260.78692480335525,2241135.9185988763,365711.7993996343,67.38672938712274,33.466558344596564,22670.46268861474,2.1297356630597064,0.037388150563855665,3357.0628031784836,0.8888420259598386,3756.835671625444,16.36225499411398,260.78692480335525,0.8668138129115653,,,0.0011624387785922887,3.055813518245901e-05,0.0002661814589210757,2255.2019106856833,13280.401984036725,1173751.3411171697,287.58383761793067,25929633.243728124,0.013652405973724286,0.0485,0.013652405973724286,-1.4210854715202004e-14,1.0,0.005557521601035995,0.0013216415145030625,0.006157521601035994,0.0002084070600388498,two-phase,False,
0.04951001513650298,1.0003267024763052,2177.4563654797075,641.4542146187483,1.3410009680447401,860.19072276012,1313130.5794938728,650.898888458343,610.7849043603871,260.7934756074486,2241547.9564268743,365441.48299484776,67.47520700927645,33.422674944526506,22672.817517443847,2.129724846841124,0.037387883756546246,3352.5290788341144,0.8890030221251638,3751.8935368580733,16.36749140009745,260.7934756074486,0.8657732719564539,,,0.001162532882000017,3.054835880329365e-05,0.00026653208311380397,2255.2019106856833,13280.957829389343,1173356.4422369245,287.58533840610943,25923329.895313326,0.013969903787066713,0.0485,0.013969903787066713,1.4210854715202054e-14,1.0,0.005557521601035995,0.0013216415145030625,0.006157521601035994,0.0002084070600388498,two-phase,False,
0.04951001513650298,1.0003267024763052,2177.4563654797075,641.4542146187483,1.340892426054858,860.121098043247,1312734.7217119096,651.2355522728849,611.1464868175262,260.80002553554715,2241959.554196659,365171.2480799405,67.5638884283969,33.37880579617186,22675.17230085755,2.129714055124898,0.03738761700635601,3348.0049689006246,0.8891637111044152,3746.961556021953,16.37272790973033,260.80002553554715,0.8647326239313735,,,0.0011626269862173755,3.053858848425921e-05,0.00026688290900472243,2255.2019106856833,13281.513649012812,1172961.6932088167,287.58683925745356,25917018.462156937,0.014287401600409137,0.0485,0.014287401600409137,-1.4210854715202004e-14,1.0,0.005557521601035995,0.0013216415145030625,0.006157521601035994,0.0002084070600388498,two-phase,False,
0.04951001513650298,1.0003267024763052,2177.4563654797075,641.4542146187483,1.3407839726380186,860.0515301419256,1312339.177203747,651.5720071469168,611.507826619775,260.80655869323095,2242370.61381601,364901.0945904231,67.65268557288913,33.334994636035916,22677.52132357336,2.129703314010425,0.03738735096050572,3343.4933477998857,0.8893239899459618,3742.0428644661265,16.37796106068726,260.80655869323095,0.8636926485932555,,,0.0011627210288608872,3.05288306735673e-05,0.00026723371062791634,2255.2019106856833,13282.068093950164,1172567.356377385,287.5883365288879,25910732.84816448,0.014604899413751564,0.0485,0.014604899413751564,1.4210854715202054e-14,1.0,0.005557521601035995,0.0013216415145030625,0.006157521601035994,0.0002084070600388498,two-phase,False,
0.04951001513650298,1.0003267024763052,2177.4563654797075,641.4542146187483,1.3406755653365359,859.981991821494,1311943.789572561,651.9083865112359,611.8690669986632,260.8130750871363,2242781.197728006,364631.0224940015,67.74165452551884,33.29121389906605,22679.864585970812,2.1296926233144466,0.03738708561855692,3338.9923608731733,0.8894839238246601,3737.135442209449,16.383192890685915,260.8130750871363,0.8626525805136979,,,0.0011628150467220125,3.0519081557310923e-05,0.0002675846287788771,2255.2019106856833,13282.621164415628,1172173.2752313428,287.58983021995135,25904474.324930567,0.014922397227093988,0.0485,0.014922397227093988,-1.4210854715202004e-14,1.0,0.005557521601035995,0.0013216415145030625,0.006157521601035994,0.0002084070600388498,two-phase,False,
0.04951001513650298,1.0003267024763052,2177.4563654797075,641.4542146187483,1.3405671681039213,859.9124599597803,1311548.42700357,652.244802590023,612.230328479865,260.8195906143556,2243191.3119234103,364361.03178551636,67.83080090908618,33.247461042194345,22682.20780353831,2.129681956867967,0.03738682033310355,3334.5006079429104,0.8896435630774745,3732.2377653283925,16.388425140774437,260.8195906143556,0.8616127889039858,,,0.0011629090710544789,3.0509337883601698e-05,0.0002679357701403067,2255.2019106856833,13283.17420948222,1171779.3190502075,287.5913239735616,25898207.097535398,0.015239895040436414,0.0485,0.015239895040436414,1.4210854715202054e-14,1.0,0.005557521601035995,0.0013216415145030625,0.006157521601035994,0.0002084070600388498,two-phase,False,
0.04951001513650298,1.0003267024763052,2177.4563654797075,641.4542146187483,1.340458820240742,859.842959766299,1311153.234170502,652.5811318360352,612.5914785125351,260.82610527516255,2243600.9566906733,364091.12243002653,67.92012522855718,33.20373605167439,22684.550976321523,2.129671314666069,0.037386555104122435,3330.0197260463206,0.8898028495578291,3727.3516210639964,16.393655923493494,260.82610527516255,0.8605732738147972,,,0.0011630030677599488,3.0499603159503778e-05,0.0002682870041959024,2255.2019106856833,13283.727229175925,1171385.6318204969,287.5928177897163,25891931.180679765,0.015557392853778839,0.0485,0.015557392853778839,-0.0,1.0,0.005557521601035995,0.0013216415145030625,0.006157521601035994,0.0002084070600388498,two-phase,False,
0.04951001513650298,1.0003267024763052,2177.4563654797075,641.4542146187483,1.3403505126879356,859.7734854300763,1310758.17652297,652.9174040725622,612.9525490268732,260.8326031835805,2244010.095993562,363821.29439970315,68.00959481705051,33.160055088584166,22686.88838948076,2.129660722571218,0.037386290578283354,3325.549124516663,0.8899618026238734,3722.476366352474,16.3988856587179,260.8326031835805,0.8595340496909434,,,0.0011630970446823905,3.0489876593181336e-05,0.00026863837445390297,2255.2019106856833,13284.278874789212,1170992.1776240168,287.5943080247306,25885681.725099307,0.015874890667121264,0.0485,0.015874890667121264,-0.0,1.0,0.005557521601035995,0.0013216415145030625,0.006157521601035994,0.0002084070600388498,two-phase,False,
0.04951001513650298,1.0003267024763052,2177.4563654797075,641.4542146187483,1.3402422093102933,859.7040137720303,1310363.123685447,653.2537298119869,613.3136588163195,260.8391002303515,2244418.7975275517,363551.54769355606,68.09927150546137,33.11638819080205,22689.22575817097,2.1296501545925133,0.03738602610859477,3321.0874338334675,0.8901204717972233,3717.6105105068223,16.40411610469583,260.8391002303515,0.8584947194018303,,,0.001163191033170135,3.0480154908003264e-05,0.00026898998622200204,2255.2019106856833,13284.830495207052,1170598.8272658563,287.59579832198006,25879424.232745368,0.016192388480463688,0.0485,0.016192388480463688,1.4210854715202004e-14,1.0,0.005557521601035995,0.0013216415145030625,0.006157521601035994,0.0002084070600388498,two-phase,False,
0.04951001513650298,1.0003267024763052,2177.4563654797075,641.4542146187483,1.3401339830935357,859.6345916091589,1309968.341728464,653.5898825403451,613.674564690383,260.84558053370324,2244826.963528084,363281.8822558227,68.1890661265591,33.072778948167766,22691.557367766498,2.1296396364749075,0.03738576234145278,3316.6375129598155,0.8902787543179747,3712.7571728822313,16.409343734309,260.84558053370324,0.8574560637075658,,,0.001163284969870849,3.0470444650055658e-05,0.00026934161148591765,2255.2019106856833,13285.380741843806,1170205.8445135488,287.5972850374759,25873192.566301893,0.016509886293806116,0.0485,0.016509886293806116,-1.4210854715201953e-14,1.0,0.005557521601035995,0.0013216415145030625,0.006157521601035994,0.0002084070600388498,two-phase,False,
0.04951001513650298,1.0003267024763052,2177.4563654797075,641.4542146187483,1.340025758129431,859.565170249807,1309573.5522839364,653.9260997020144,614.0355215033014,260.85205998015596,2245234.692564553,363012.2980880445,68.27906891804629,33.02918370771206,22693.888933209295,2.1296291423451605,0.03738549863014044,3312.196295069784,0.8904367595242823,3707.9130110913043,16.414572204999708,260.85205998015596,0.8564173021627015,,,0.001163378920657499,3.046073901625686e-05,0.00026969348984421895,2255.2019106856833,13285.930963462648,1169812.9527368841,287.5987718148986,25866952.879979007,0.01682738410714854,0.0485,0.01682738410714854,-0.0,1.0,0.005557521601035995,0.0013216415145030625,0.006157521601035994,0.0002084070600388498,two-phase,False,
0.04951001513650298,1.0003267024763052,2177.4563654797075,641.4542146187483,1.339917565722979,859.4957697746985,1309178.8715576034,654.2622816963967,614.3964224666895,260.85852269212904,2245641.954147715,362742.79516784113,68.36921879461306,32.98563228374016,22696.214740085477,2.1296186978312206,0.037385235620781276,3307.7649300370413,0.8905944455343245,3703.0792805875235,16.419800010004998,260.85852269212904,0.8553788327602038,,,0.0011634728583505794,3.0451040798020524e-05,0.00027004552812094856,2255.2019106856833,13286.479811598669,1169420.2663132416,287.600255009956,25860740.404669795,0.017144881920490965,0.0485,0.017144881920490965,-0.0,1.0,0.005557521601035995,0.0013216415145030625,0.006157521601035994,0.0002084070600388498,two-phase,False,
0.04951001513650298,1.0003267024763052,2177.4563654797075,641.4542146187483,1.3398094118488826,859.4263940163321,1308784.3189815385,654.5984126709332,614.7572504738016,260.8649845519334,2246048.712270318,362473.373468832,68.4595495386303,32.94210852808957,22698.540503118293,2.1296082771777636,0.03738497266693281,3303.3437515946325,0.8907518010497895,3698.2563480787967,16.425026866758515,260.8649845519334,0.8543406409025603,,,0.001163566777751297,3.044135051078155e-05,0.00027039769715246723,2255.2019106856833,13287.028634891454,1169027.8053706693,287.6017382666326,25854518.54126064,0.01746237973383339,0.0485,0.01746237973383339,-0.0,1.0,0.005557521601035995,0.0013216415145030625,0.006157521601035994,0.0002084070600388498,two-phase,False,
0.04951001513650298,1.0003267024763052,2177.4563654797075,641.4542146187483,1.339701288308922,859.3570377159249,1308389.866920992,654.9345154247569,615.1180301231711,260.8714296861674,2246455.0345692164,362204.0329703253,68.550056809158,32.89861475919883,22700.860508113034,2.129597905895278,0.03738471041444591,3298.9322678931467,0.8909088423729533,3693.443678236977,16.430253160352258,260.8714296861674,0.8533023586543805,,,0.001163660685968068,3.04316674320361e-05,0.0002707500336047736,2255.2019106856833,13287.576084999358,1168635.5409730824,287.6032179403338,25848324.522838492,0.017779877547175815,0.0485,0.017779877547175815,1.4210854715202054e-14,1.0,0.005557521601035995,0.0013216415145030625,0.006157521601035994,0.0002084070600388498,two-phase,False,
0.04951001513650298,1.0003267024763052,2177.4563654797075,641.4542146187483,1.339593198901827,859.2877033101881,1307995.52903817,655.2705783452604,615.4787489628513,260.87787397294557,2246860.8233572356,361934.7736488169,68.64071736939393,32.85516231640159,22703.180469572813,2.129587558346254,0.03738444821715198,3294.5307524755985,0.891065560507774,3688.641572233583,16.435478706796903,260.87787397294557,0.8522647374263731,,,0.0011637545796917067,3.0421991894475496e-05,0.00027110251305725814,2255.2019106856833,13288.12351043802,1168243.4875089996,287.6046976753473,25842120.499325182,0.018097375360518243,0.0485,0.018097375360518243,-1.4210854715201953e-14,1.0,0.005557521601035995,0.0013216415145030625,0.006157521601035994,0.0002084070600388498,two-phase,False,
0.04951001513650298,1.0003267024763052,2177.4563654797075,641.4542146187483,1.3394850936628266,859.218358749009,1307601.1220414522,655.6067579535456,615.839574969205,260.8843015430324,2247266.177121003,361665.5955185343,68.73155545328292,32.811739757854774,22705.494673516845,2.1295772599244613,0.037384186720630576,3290.1369513471245,0.8912220341543796,3683.847571610796,16.440705927753907,260.8843015430324,0.851227026375681,,,0.001163848502324792,3.0412319409955465e-05,0.00027145531419551675,2255.2019106856833,13288.66956298693,1167851.4611749728,287.6061738267771,25835944.32048264,0.018414873173860667,0.0485,0.018414873173860667,-0.0,1.0,0.005557521601035995,0.0013216415145030625,0.006157521601035994,0.0002084070600388498,two-phase,False,
0.04951001513650298,1.0003267024763052,2177.4563654797075,641.4542146187483,1.3393770206398947,859.1490348529627,1307206.8214717768,655.942904552063,616.2003474918006,260.89072827035903,2247671.0290858066,361396.4985575688,68.8225764439046,32.7683447382101,22707.808834233594,2.1295669851094488,0.03738392527898552,3285.7529724634487,0.8913781892114984,3679.0639790055307,16.445932498626462,260.89072827035903,0.8501895935382733,,,0.0011639424121231109,3.040265427586786e-05,0.00027180826582697947,2255.2019106856833,13289.215591039994,1167459.6375017075,287.60765003921307,25829758.789451025,0.018732370987203092,0.0485,0.018732370987203092,-0.0,1.0,0.005557521601035995,0.0013216415145030625,0.006157521601035994,0.0002084070600388498,two-phase,False,
0.04951001513650298,1.0003267024763052,2177.4563654797075,641.4542146187483,1.3392689698832,859.0797252396882,1306812.5901201875,656.2790501198563,616.5611008320568,260.89713828984304,2248075.415887279,361127.4827516714,68.91374722669346,32.72499321894573,22710.11723795708,2.129556759178407,0.03738366453752581,3281.378213660087,0.8915340457146609,3674.2901383073963,16.451158903634763,260.89713828984304,0.8491524546266661,,,0.0011640363177247539,3.039299558947964e-05,0.0002721614141393476,2255.2019106856833,13289.760246497943,1167067.9780700377,287.60912266745834,25823600.467011705,0.019049868800545516,0.0485,0.019049868800545516,-0.0,1.0,0.005557521601035995,0.0013216415145030625,0.006157521601035994,0.0002084070600388498,two-phase,False,
0.04951001513650298,1.0003267024763052,2177.4563654797075,641.4542146187483,1.3391609067806975,859.0104077071431,1306418.3037611756,656.6152999468154,616.9219480892074,260.90354747124525,2248479.332580206,360858.54811216576,69.00513082742467,32.681655460167605,22712.425598759288,2.1295465567278926,0.037383403850627175,3277.01140774647,0.891689649590807,3669.5246692124574,16.456386808144693,260.90354747124525,0.8481152110415598,,,0.0011641302492122116,3.0383340269598976e-05,0.00027251485959205093,2255.2019106856833,13290.30487763246,1166676.3601927147,287.61059535640453,25817433.444045775,0.01936736661388794,0.0485,0.01936736661388794,1.4210854715202004e-14,1.0,0.005557521601035995,0.0013216415145030625,0.006157521601035994,0.0002084070600388498,two-phase,False,
0.04951001513650298,1.0003267024763052,2177.4563654797075,641.4542146187483,1.3390529122385708,858.9411341529402,1306024.256316864,656.9514037458368,617.2826206356949,260.90995581482593,2248882.7537954543,360589.6945898697,69.0966699445539,32.638358874535534,22714.733916689045,2.1295363777527694,0.037383143218266995,3272.6558205573256,0.8918448844136261,3664.771137745197,16.46161230470114,260.90995581482593,0.8470786292943142,,,0.0011642241362513944,3.0373695525389634e-05,0.00027286833540586774,2255.2019106856833,13290.849484470207,1166285.075813542,287.61206810604955,25811257.20844587,0.01968486442723037,0.0485,0.01968486442723037,-1.4210854715201953e-14,1.0,0.005557521601035995,0.0013216415145030625,0.006157521601035994,0.0002084070600388498,two-phase,False,
0.04951001513650298,1.0003267024763052,2177.4563654797075,641.4542146187483,1.3389448942354119,858.8718455495591,1305630.1121577932,657.2876477330328,617.6434256172549,260.9163474617157,2249285.741720504,360320.9222046926,69.18838930333622,32.59509194235483,22717.036478292623,2.129526247356616,0.037382883285350534,3268.307513830319,0.8919998888694917,3660.0252464953487,16.466839837906235,260.9163474617157,0.8460419589764576,,,0.0011643180588369834,3.036405314691973e-05,0.0002732221590431783,2255.2019106856833,13291.392719089983,1165893.7899224847,287.61353727074606,25805108.81914922,0.020002362240572794,0.0485,0.020002362240572794,-0.0,1.0,0.005557521601035995,0.0013216415145030625,0.006157521601035994,0.0002084070600388498,two-phase,False,
0.04951001513650298,1.0003267024763052,2177.4563654797075,641.4542146187483,1.3388368919928373,858.8025670558715,1305236.014036171,657.6239102615623,618.00423251853,260.922722418376,2249688.2300190576,360052.23094715737,69.28026034342729,32.55186830283956,22719.333283932832,2.1295161653607506,0.03738262405145189,3263.968061067808,0.8921546068136309,3655.288714529293,16.472067522882924,260.922722418376,0.8450055837586666,,,0.0011644119828707296,3.035441660892916e-05,0.00027357620097836084,2255.2019106856833,13291.934581697005,1165502.6441647648,287.61500285004234,25798986.89802564,0.020319860053915218,0.0485,0.020319860053915218,-0.0,1.0,0.005557521601035995,0.0013216415145030625,0.006157521601035994,0.0002084070600388498,two-phase,False,
0.04951001513650298,1.0003267024763052,2177.4563654797075,641.4542146187483,1.3387289124304642,858.7333031104945,1304841.9885877608,657.9601681604977,618.365016544413,260.9290965462601,2250090.2549074935,359783.6208023038,69.37231733591899,32.50867200767423,22721.630047261056,2.1295061065939365,0.03738236487148718,3259.6378837214834,0.8923090240715821,3650.5620044972075,16.477295013787735,260.9290965462601,0.8439694877750903,,,0.0011645059023305732,3.034478654303477e-05,0.00027393042462176454,2255.2019106856833,13292.47642032347,1165111.6658288208,287.6164684894314,25792856.41457423,0.020637357867257643,0.0485,0.020637357867257643,-0.0,1.0,0.005557521601035995,0.0013216415145030625,0.006157521601035994,0.0002084070600388498,two-phase,False,
0.04951001513650298,1.0003267024763052,2177.4563654797075,641.4542146187483,1.3386209969237324,858.6640802538786,1304448.186691713,658.2962926535206,618.7256395641812,260.935469845624,2250491.816668074,359515.0917241121,69.4645608186258,32.46550304368998,22723.92676832313,2.129496071051347,0.03738210574543444,3255.3186281090975,0.8924630818270244,3645.846915575715,16.48252031305413,260.935469845624,0.8429336710756301,,,0.0011645997812140144,3.0335166619148698e-05,0.0002742846924613921,2255.2019106856833,13293.018234994808,1164721.0044391344,287.61793418891114,25786717.38300257,0.020954855680600067,0.0485,0.020954855680600067,1.4210854715202004e-14,1.0,0.005557521601035995,0.0013216415145030625,0.006157521601035994,0.0002084070600388498,two-phase,False,
0.04951001513650298,1.0003267024763052,2177.4563654797075,641.4542146187483,1.3385130094160973,858.59481121198,1304054.1094199305,658.6327103738181,619.0865591615386,260.9418264658329,2250892.9107845603,359246.6437692702,69.55698674668241,32.42236353479253,22726.21773408451,2.12948608360574,0.037381847317663176,3251.0045714272696,0.8926169821596648,3641.1372006074075,16.4877500015098,260.9418264658329,0.8418977668998215,,,0.0011646937378859937,3.0325544719820142e-05,0.0002746394724794171,2255.2019106856833,13293.558678027492,1164330.163226337,287.61939630223674,25780605.459450193,0.021272353493942495,0.0485,0.021272353493942495,-1.4210854715202004e-14,1.0,0.005557521601035995,0.0013216415145030625,0.006157521601035994,0.0002084070600388498,two-phase,False,
0.04951001513650298,1.0003267024763052,2177.4563654797075,641.4542146187483,1.3384050732274584,858.5255750888676,1303660.2089208073,658.9690347023304,619.4473606993631,260.9481664133054,2251293.4761545225,358978.2769013883,69.64953681252258,32.37928080923305,22728.502944906453,2.129476144079326,0.037381589587750376,3246.7007163918847,0.8927705470855655,3636.438323151644,16.492978116551015,260.9481664133054,0.8408625423763016,,,0.0011647876650576054,3.031593181453631e-05,0.0002749943519276619,2255.2019106856833,13294.097749625436,1163939.5909144573,287.62085482895884,25774519.3753503,0.02158985130728492,0.0485,0.02158985130728492,-0.0,1.0,0.005557521601035995,0.0013216415145030625,0.006157521601035994,0.0002084070600388498,two-phase,False,
0.04951001513650298,1.0003267024763052,2177.4563654797075,641.4542146187483,1.3382971210153307,858.456328687421,1303266.2388971963,659.3054760921375,619.8082699254672,260.9545213880318,2251693.6459447052,358709.9911347784,69.74233840931103,32.336195804765275,22730.793826885918,2.129466202769943,0.037381331267025066,3242.404599743576,0.8929238659329879,3631.747596921759,16.498207916246997,260.9545213880318,0.8398271975917377,,,0.0011648816213272015,3.030632190709715e-05,0.00027534953168210046,2255.2019106856833,13294.638145170926,1163549.0448930052,287.6223170617088,25768390.39563561,0.021907349120627344,0.0485,0.021907349120627344,-0.0,1.0,0.005557521601035995,0.0013216415145030625,0.006157521601035994,0.0002084070600388498,two-phase,False,
0.04951001513650298,1.0003267024763052,2177.4563654797075,641.4542146187483,1.338189167975026,858.3870817547365,1302872.2549308313,659.6419870672705,620.169235916165,260.96084384988495,2252093.3185909083,358441.78647231084,69.83526048206224,32.293169598256895,22733.07324145818,2.129456333960407,0.03738107428783963,3238.1163765053443,0.8930769299659326,3627.0651903100006,16.503438662576535,260.96084384988495,0.8387921663618515,,,0.0011649755934767503,3.0296716352441635e-05,0.0002757049977131873,2255.2019106856833,13295.175821918729,1163158.5769279737,287.6237720608645,25762323.618536767,0.02222484693396977,0.0485,0.02222484693396977,-0.0,1.0,0.005557521601035995,0.0013216415145030625,0.006157521601035994,0.0002084070600388498,two-phase,False,
0.04951001513650298,1.0003267024763052,2177.4563654797075,641.4542146187483,1.3380812374825148,858.3178492854295,1302478.343171708,659.9784937844456,620.5301795205705,260.9671813394953,2252492.529849582,358173.6628991212,69.92840579062765,32.25015478599604,22735.35832727971,2.1294464633582635,0.037380816717798394,3233.83741185027,0.8932296933935907,3622.392598127637,16.508669222964283,260.9671813394953,0.8377573983296973,,,0.0011650695611567724,3.028711722592867e-05,0.00027606063476302536,2255.2019106856833,13295.714822664679,1162768.275435012,287.6252307660438,25756212.61418544,0.022542344747312194,0.0485,0.022542344747312194,1.4210854715202105e-14,1.0,0.005557521601035995,0.0013216415145030625,0.006157521601035994,0.0002084070600388498,two-phase,False,
0.04951001513650298,1.0003267024763052,2177.4563654797075,641.4542146187483,1.3379732617921503,858.2485878237687,1302084.2536174366,660.3152107018282,620.8913306471073,260.97348632900355,2252891.2755901613,357905.6204518097,70.02170214343117,32.207184939123145,22737.631946405247,2.129436664902603,0.03738056048845631,3229.5644892287382,0.8933822673523623,3617.7263066363116,16.513902890965227,260.97348632900355,0.8367225612531165,,,0.0011651635833572012,3.027751848253574e-05,0.00027641670907100203,2255.2019106856833,13296.251105015532,1162377.8890495053,287.6266822367333,25750164.427146524,0.02285984256065462,0.0485,0.02285984256065462,-1.4210854715202004e-14,1.0,0.005557521601035995,0.0013216415145030625,0.006157521601035994,0.0002084070600388498,two-phase,False,
0.04951001513650298,1.0003267024763052,2177.4563654797075,641.4542146187483,1.3378653478264309,858.1793659556417,1301690.379558552,660.651800843001,621.2523280113817,260.97980634676816,2253289.5298634074,357637.65908601537,70.11519314839117,32.16424015138622,22739.911236867883,2.129426864645099,0.0373803036682159,3225.3023499292735,0.8935344859161929,3613.0714980542634,16.51913447067626,260.97980634676816,0.8356883709115597,,,0.0011652575669731133,3.026792964774086e-05,0.0002767728234933981,2255.2019106856833,13296.788711413594,1161987.810739823,287.62813741344235,25744071.414107647,0.023177340373997046,0.0485,0.023177340373997046,-0.0,1.0,0.005557521601035995,0.0013216415145030625,0.006157521601035994,0.0002084070600388498,two-phase,False,
0.04951001513650298,1.0003267024763052,2177.4563654797075,641.4542146187483,1.3377573857448122,858.1101132233684,1301296.3192879052,660.9886077466458,621.6135400378995,260.9860938771594,2253687.3194904854,357369.778840071,70.20883616194335,32.12134018977107,22742.179061345883,2.129417136181447,0.03738004818783653,3221.046127250551,0.8936865191855824,3608.4228561679884,16.524369290149103,260.9860938771594,0.8346541123445831,,,0.001165351607666809,3.02583409521156e-05,0.00027712938307401227,2255.2019106856833,13297.323599818394,1161597.6388363084,287.62958535476855,25738041.203392517,0.02349483818733947,0.0485,0.02349483818733947,-0.0,1.0,0.005557521601035995,0.0013216415145030625,0.006157521601035994,0.0002084070600388498,two-phase,False,
0.04951001513650298,1.0003267024763052,2177.4563654797075,641.4542146187483,1.3376494412631847,858.0408717806837,1300902.3113309306,661.3254279974628,621.9747485201028,260.99239643630176,2254084.6491804067,357101.97970320756,70.30270477427086,32.07845157489636,22744.452557250417,2.1294074059065697,0.03737979211651637,3216.798843564543,0.8938382621407692,3603.783685882045,16.529604172138786,260.99239643630176,0.833620117134335,,,0.0011654456482063727,3.0248758215442758e-05,0.0002774861332320074,2255.2019106856833,13297.859812319919,1161207.61273038,287.6310370021101,25731966.8286858,0.023812336000681895,0.0485,0.023812336000681895,-0.0,1.0,0.005557521601035995,0.0013216415145030625,0.006157521601035994,0.0002084070600388498,two-phase,False,
0.04951001513650298,1.0003267024763052,2177.4563654797075,641.4542146187483,1.337541487847827,857.9716246074199,1300508.2592033725,661.6623439717782,622.3360418051727,260.9986665207573,2254481.4842335847,356834.2616845178,70.39669645634113,32.035621331809544,22746.71458787385,2.129397747074408,0.03737953738422258,3212.558990163655,0.8939897653391263,3599.1523383921144,16.534840393762277,260.9986665207573,0.8325864380142625,,,0.001165539711709659,3.0239179096559265e-05,0.00027784319917026356,2255.2019106856833,13298.393307226526,1160817.633452087,287.6324814131781,25725954.610144127,0.02412983381402432,0.0485,0.02412983381402432,1.4210854715202105e-14,1.0,0.005557521601035995,0.0013216415145030625,0.006157521601035994,0.0002084070600388498,two-phase,False,
0.04951001513650298,1.0003267024763052,2177.4563654797075,641.4542146187483,1.337433507627682,857.9023602401124,1300114.099964967,661.9994088149806,622.6974770282663,261.0049516344544,2254877.8908590097,356566.62480605114,70.49094499418479,31.992788731541733,22748.98229001207,2.129388086421773,0.037379282060946,3208.3262996255435,0.8941410413008477,3594.528525435793,16.540078831499816,261.0049516344544,0.8315526387941854,,,0.0011656338137595481,3.0229601992450793e-05,0.0002782006020883537,2255.2019106856833,13298.928126278803,1160427.6415989464,287.6339295302572,25719898.888369914,0.024447331627366748,0.0485,0.024447331627366748,-1.4210854715201903e-14,1.0,0.005557521601035995,0.0013216415145030625,0.006157521601035994,0.0002084070600388498,two-phase,False,
0.04951001513650298,1.0003267024763052,2177.4563654797075,641.4542146187483,1.3373255661185999,857.8331207041795,1299720.0692360098,662.3364221402694,623.0588391129431,261.01122011459574,2255273.8079539966,356299.0690413532,70.58532187843176,31.95001242000129,22751.244239515156,2.129378472612505,0.03737902743292928,3204.103016759882,0.8942920074354066,3589.914699154375,16.545316298252974,261.01122011459574,0.8305195221170826,,,0.001165727897261787,3.022003272628854e-05,0.00027855815076485127,2255.2019106856833,13299.46157519798,1160037.8682433371,287.63537405804533,25713869.74542247,0.024764829440709173,0.0485,0.024764829440709173,-0.0,1.0,0.005557521601035995,0.0013216415145030625,0.006157521601035994,0.0002084070600388498,two-phase,False,
0.04951001513650298,1.0003267024763052,2177.4563654797075,641.4542146187483,1.3372175783613556,857.7638515021679,1299325.8601006868,662.673645474395,623.4204086821325,261.01747196749164,2255669.2623200626,356031.59442715,70.67988787815304,31.907264971521837,22753.500436732982,2.1293689054717655,0.03737877349975729,3199.885794967455,0.8944427831865519,3585.3072049573016,16.550556925751515,261.01747196749164,0.8294863212809355,,,0.001165822036273433,3.0210463747116257e-05,0.00027891612708035973,2255.2019106856833,13299.993654181982,1159648.0092476686,287.6368149960988,25707867.712654654,0.025082327254051597,0.0485,0.025082327254051597,-0.0,1.0,0.005557521601035995,0.0013216415145030625,0.006157521601035994,0.0002084070600388498,two-phase,False,
0.04951001513650298,1.0003267024763052,2177.4563654797075,641.4542146187483,1.337109593913201,857.6945844227859,1298931.6504871098,663.0109275838054,623.7820234001763,261.0237230238875,2256064.2586572305,355764.20096353994,70.7746478834552,31.864544411430067,22755.756593754246,2.1293593606893637,0.03737851961834373,3195.6766818424976,0.8945932959856553,3580.7082819048646,16.55579830125833,261.0237230238875,0.8284534020763061,,,0.0011659161876053856,3.0200899461429006e-05,0.00027927435615280563,2255.2019106856833,13300.525710377178,1159258.2416573227,287.6382559921395,25701857.237061806,0.025399825067394022,0.0485,0.025399825067394022,-0.0,1.0,0.005557521601035995,0.0013216415145030625,0.006157521601035994,0.0002084070600388498,two-phase,False,
0.04951001513650298,1.0003267024763052,2177.4563654797075,641.4542146187483,1.3370016538087293,857.6253457878461,1298537.592888572,663.3481371417404,624.1435426414691,261.0299732840242,2256458.7972425087,355496.88861922984,70.86960246372627,31.821850727044513,22758.0127106236,2.1293498382606377,0.03737826578866781,3191.47730603363,0.8947434877662184,3576.1197114897855,16.561038437466642,261.0299732840242,0.8274207645524109,,,0.0011660103154733181,3.0191343488994734e-05,0.0002796326970786465,2255.2019106856833,13301.057743808144,1158868.716117154,287.6396970461655,25695838.332434632,0.025717322880736446,0.0485,0.025717322880736446,1.4210854715202004e-14,1.0,0.005557521601035995,0.0013216415145030625,0.006157521601035994,0.0002084070600388498,two-phase,False,
0.04951001513650298,1.0003267024763052,2177.4563654797075,641.4542146187483,1.3368936627713737,857.5560744817933,1298143.338577893,663.6855728672951,624.5052866122589,261.03620692771966,2256852.843446923,355229.6574347141,70.96471748192458,31.779199448798,22760.263075843588,2.129340362204122,0.03737801265311999,3187.283736276224,0.8948934974834856,3571.537198444976,16.566281957817704,261.03620692771966,0.826388427204633,,,0.0011661045029670895,3.0181787396419853e-05,0.0002799914839009358,2255.2019106856833,13301.588407663414,1158479.0863178188,287.6411345097167,25689845.91634769,0.026034820694078874,0.0485,0.026034820694078874,-1.4210854715202004e-14,1.0,0.005557521601035995,0.0013216415145030625,0.006157521601035994,0.0002084070600388498,two-phase,False,
0.04951001513650298,1.0003267024763052,2177.4563654797075,641.4542146187483,1.3367856206880593,857.4867704320951,1297748.8859176624,664.023236635381,624.8672572577552,261.0424239612422,2257246.4285128377,354962.50745082425,71.06002396073563,31.736576840050038,22762.5076897648,2.1293309323456557,0.03737776021128765,3183.095942239789,0.895043325971037,3566.9607106231047,16.571528876879544,261.0424239612422,0.8253560067889096,,,0.0011661987502105614,3.0172231163148487e-05,0.00028035071903702356,2255.2019106856833,13302.117702140478,1158089.350552198,287.64256838235184,25683880.610265836,0.0263523185074213,0.0485,0.0263523185074213,-0.0,1.0,0.005557521601035995,0.0013216415145030625,0.006157521601035994,0.0002084070600388498,two-phase,False,
0.04951001513650298,1.0003267024763052,2177.4563654797075,641.4542146187483,1.3366775857917599,857.4174709925379,1297354.4491691538,664.3609445672444,625.2292575254114,261.0486560236777,2257639.5918010827,354695.4386642848,71.1555614996187,31.693965491337853,22764.757975399032,2.1293215006919346,0.03737750717845944,3178.9164987718705,0.8951928831678101,3562.3930649227004,16.576776357511072,261.0486560236777,0.8243238499690395,,,0.0011662930064189267,3.0162679957580892e-05,0.00028071018042521897,2255.2019106856833,13302.648320872693,1157699.7226465251,287.6440059611306,25677872.00103774,0.026669816320763724,0.0485,0.026669816320763724,-0.0,1.0,0.005557521601035995,0.0013216415145030625,0.006157521601035994,0.0002084070600388498,two-phase,False,
0.04951001513650298,1.0003267024763052,2177.4563654797075,641.4542146187483,1.3365695725490165,857.3481854427456,1296960.0795530186,664.6986532985688,625.5912408788035,261.0548556660163,2258032.2332675653,354428.4510612762,71.25119549662186,31.651425565099554,22766.996798786306,2.129312138968655,0.03737725548106567,3174.7455037834725,0.8953421623442764,3557.8343676062864,16.5820237047636,261.0548556660163,0.8232923966015553,,,0.0011663872589682885,3.015313503962502e-05,0.0002810698578621019,2255.2019106856833,13303.17622372553,1157310.2499197763,287.64543629980056,25671924.85562471,0.026987314134106148,0.0485,0.026987314134106148,-0.0,1.0,0.005557521601035995,0.0013216415145030625,0.006157521601035994,0.0002084070600388498,two-phase,False,
0.04951001513650298,1.0003267024763052,2177.4563654797075,641.4542146187483,1.3364614715980234,857.2788436321267,1296565.3800246164,665.0367021980189,625.9535711737731,261.061054525326,2258424.445446958,354161.54470971285,71.34708831200955,31.608885016069742,22769.235582839407,2.129302799238834,0.0373770038345258,3170.578975999664,0.8954913075279081,3553.2802698548703,16.587276224367262,261.061054525326,0.8222604584575712,,,0.0011664816033056303,3.0143586761127383e-05,0.0002814300939004859,2255.2019106856833,13303.704104275745,1156920.5417851734,287.64686669556835,25665969.853488326,0.027304811947448573,0.0485,0.027304811947448573,1.4210854715202105e-14,1.0,0.005557521601035995,0.0013216415145030625,0.006157521601035994,0.0002084070600388498,two-phase,False,
0.04951001513650298,1.0003267024763052,2177.4563654797075,641.4542146187483,1.336353407227881,857.2095252864489,1296170.8026964366,665.3747046240344,626.3158339140082,261.067252601842,2258816.1712771286,353894.7195844391,71.44314826532838,31.566384817060772,22771.474327599586,2.129293481498172,0.03737675223881986,3166.4217306038727,0.8956401464632575,3548.736036263043,16.592527883348666,261.067252601842,0.821229186718762,,,0.0011665759309730439,3.0134046090817306e-05,0.00028179047124988164,2255.2019106856833,13304.231962546366,1156531.0449390789,287.6482971484319,25660005.839458898,0.027622309760791,0.0485,0.027622309760791,-1.4210854715202004e-14,1.0,0.005557521601035995,0.0013216415145030625,0.006157521601035994,0.0002084070600388498,two-phase,False,
0.04951001513650298,1.0003267024763052,2177.4563654797075,641.4542146187483,1.3362453284477733,857.1401976974379,1295776.1606293453,665.7128209461193,626.6782009623581,261.073434087371,2259207.4071960184,353627.97569878196,71.53937168544547,31.523926721102292,22773.70732217489,2.129284209428034,0.03737650133555931,3162.2716062606996,0.8957887551042201,3544.1993049079033,16.597781164110284,261.073434087371,0.8201982169270481,,,0.0011666702864786074,3.012450851449711e-05,0.0002821511754757215,2255.2019106856833,13304.758452068496,1156141.573402334,287.64972400905657,25654068.316676095,0.027939807574133425,0.0485,0.027939807574133425,-0.0,1.0,0.005557521601035995,0.0013216415145030625,0.006157521601035994,0.0002084070600388498,two-phase,False,
0.04951001513650298,1.0003267024763052,2177.4563654797075,641.4542146187483,1.3361372002260927,857.0708383939216,1295381.3277918024,666.0511586251171,627.0407875626231,261.07961479456156,2259598.21901675,353361.31309201266,71.6358251367309,31.48148159641062,22775.940277742415,2.129274959226175,0.03737625048283363,3158.127390458514,0.8959371776560127,3539.668752271673,16.60303776291483,261.07961479456156,0.8191671463917252,,,0.001166764700423031,3.0114970955304263e-05,0.00028251231117550887,2255.2019106856833,13305.28491947152,1155752.0035631354,287.65115092648205,25648123.05057244,0.02825730538747585,0.0485,0.02825730538747585,-0.0,1.0,0.005557521601035995,0.0013216415145030625,0.006157521601035994,0.0002084070600388498,two-phase,False,
0.04951001513650298,1.0003267024763052,2177.4563654797075,641.4542146187483,1.3360290635071232,857.0014736397836,1294986.4522496548,666.3895912888784,627.4034582176187,261.08579472364636,2259988.576213628,353094.73177292227,71.73247829796178,31.439063088243575,22778.17319434242,2.129265730888406,0.037375999680623086,3153.9906388725585,0.896085358252228,3535.146080311696,16.60829569686543,261.08579472364636,0.8181363589111645,,,0.0011668591370711245,3.010543701328533e-05,0.00028287374192803637,2255.2019106856833,13305.811364778117,1155362.4815136564,287.65257790070643,25642169.427116252,0.028574803200818275,0.0485,0.028574803200818275,-0.0,1.0,0.005557521601035995,0.0013216415145030625,0.006157521601035994,0.0002084070600388498,two-phase,False,
0.04951001513650298,1.0003267024763052,2177.4563654797075,641.4542146187483,1.3359209005231976,856.9320920378786,1294591.4694984725,666.7281741480097,627.7662721026895,261.0919422699254,2260378.4447300727,352828.23176358046,71.8292614358922,31.396701923469678,22780.39465074643,2.129256571446724,0.037375750211396795,3149.8603731494586,0.8962333297544629,3530.63021916184,16.613555826825465,261.0919422699254,0.8171058936993,,,0.0011669536119506157,3.0095905127827204e-05,0.0002832355522741197,2255.2019106856833,13306.33509536567,1154972.941391358,287.6539976321918,25636277.846731715,0.0288923010141607,0.0485,0.0288923010141607,1.4210854715202105e-14,1.0,0.005557521601035995,0.0013216415145030625,0.006157521601035994,0.0002084070600388498,two-phase,False,
0.04951001513650298,1.0003267024763052,2177.4563654797075,641.4542146187483,1.335812735427328,856.8627090812585,1294196.468743677,667.0668304615076,628.12914703404,261.09810484698846,2260767.859398723,352561.8130676934,71.92628047950461,31.354351923262637,22782.621779199653,2.129247410174783,0.03737550015101462,3145.737938744288,0.8963810468196138,3526.1226435558824,16.618816976547837,261.09810484698846,0.8160756924357316,,,0.0011670481039748079,3.0086377430210024e-05,0.0002835976229662733,2255.2019106856833,13306.86015039513,1154583.4741046634,287.6554210698049,25630342.373920664,0.029209798827503127,0.0485,0.029209798827503127,-1.4210854715201903e-14,1.0,0.005557521601035995,0.0013216415145030625,0.006157521601035994,0.0002084070600388498,two-phase,False,
0.04951001513650298,1.0003267024763052,2177.4563654797075,641.4542146187483,1.3357045502176677,856.7933132225625,1293801.3834231764,667.4056175846947,628.4921444342785,261.10425085210557,2261156.8206780883,352295.4757026694,72.02346564849846,31.312043795447376,22784.843158573916,2.129238294048986,0.03737525078181764,3141.6223341325667,0.8965285430745852,3521.622258175457,16.62408002521534,261.10425085210557,0.8150457944604071,,,0.0011671426288783814,3.007685232756351e-05,0.00028396004076771634,2255.2019106856833,13307.383837300285,1154194.0117676733,287.6568409138636,25624434.103512146,0.02952729664084555,0.0485,0.02952729664084555,-0.0,1.0,0.005557521601035995,0.0013216415145030625,0.006157521601035994,0.0002084070600388498,two-phase,False,
0.04951001513650298,1.0003267024763052,2177.4563654797075,641.4542146187483,1.335596301886471,856.7238768742909,1293406.0561029455,667.7446707130518,628.8554091328816,261.1103802914389,2261545.3250940097,352029.21971832577,72.12084885479693,31.26976382690876,22787.058789200786,2.129229222898848,0.03737500210340186,3137.5118857938814,0.8966758781463458,3517.1272339907323,16.62934706842652,261.1103802914389,0.8140158163163046,,,0.0011672372242599845,3.0067326031659426e-05,0.0002843229526460273,2255.2019106856833,13307.906156269906,1153804.3989316402,287.65825716393255,25618552.94852971,0.029844794454187976,0.0485,0.029844794454187976,-0.0,1.0,0.005557521601035995,0.0013216415145030625,0.006157521601035994,0.0002084070600388498,two-phase,False,
0.04951001513650298,1.0003267024763052,2177.4563654797075,641.4542146187483,1.3354880402567912,856.6544319956514,1293010.6685576849,668.0838340780974,629.2187742037445,261.11650896570086,2261933.376757411,351763.04512706015,72.21843460605989,31.227510302424196,22789.27438166348,2.1292201732570346,0.03737475347463127,3133.4086332537795,0.8968229798319085,3512.639803293585,16.634615677138527,261.11650896570086,0.8129861221890317,,,0.001167331846600516,3.0057802939635428e-05,0.0002846861779173492,2255.2019106856833,13308.428453595716,1153414.8158171587,287.6596734699224,25612663.465759624,0.0301622922675304,0.0485,0.0301622922675304,1.4210854715202105e-14,1.0,0.005557521601035995,0.0013216415145030625,0.006157521601035994,0.0002084070600388498,two-phase,False,
0.04951001513650298,1.0003267024763052,2177.4563654797075,641.4542146187483,1.3353798054523207,856.5850043241553,1292615.3699273367,668.4229789482577,629.5821018950685,261.12263687511825,2262320.9453086867,351496.95191056887,72.31619187702951,31.185296849155918,22791.48993599917,2.129211145119653,0.03737450489548688,3129.3141274506925,0.8969697927191809,3508.1616640173656,16.639883905778007,261.12263687511825,0.8119570960494127,,,0.0011674264608321028,3.0048286564450176e-05,0.00028504957746298715,2255.2019106856833,13308.950729299117,1153025.4092798545,287.6610898318311,25606765.046026498,0.03047979008087283,0.0485,0.03047979008087283,-1.4210854715202004e-14,1.0,0.005557521601035995,0.0013216415145030625,0.006157521601035994,0.0002084070600388498,two-phase,False,
0.04951001513650298,1.0003267024763052,2177.4563654797075,641.4542146187483,1.3352714630628204,856.5155076417885,1292219.6645991928,668.7625320697184,629.9458491148771,261.12874822929007,2262708.088782281,351230.9401525733,72.41418068828828,31.14309779176197,22793.69974220466,2.129202161667805,0.03737425700642555,3125.2230082549704,0.8971165069675159,3503.6869534963885,16.64515829575839,261.12874822929007,0.8109276065183777,,,0.001167521184471326,3.00387650940762e-05,0.0002854136266375291,2255.2019106856833,13309.471637414905,1152635.6895255314,287.6625025990236,25600894.371360675,0.030797287894215254,0.0485,0.030797287894215254,-0.0,1.0,0.005557521601035995,0.0013216415145030625,0.006157521601035994,0.0002084070600388498,two-phase,False,
0.04951001513650298,1.0003267024763052,2177.4563654797075,641.4542146187483,1.3351631460851132,856.4460272599234,1291824.0425289136,669.1020717924337,630.3095643756436,261.13485882300523,2263094.749787221,350965.0098359342,72.51234212941345,31.100938743101185,22795.90951056119,2.1291931996012217,0.037374009166696365,3121.1405416641455,0.8972629353264184,3499.221433914627,16.650432371507314,261.13485882300523,0.8098987853241201,,,0.001167615901260418,3.0029250222691756e-05,0.0002857778562705265,2255.2019106856833,13309.992524064884,1152246.1404572632,287.6639154218433,25595014.77279666,0.031114785707557678,0.0485,0.031114785707557678,1.4210854715202004e-14,1.0,0.005557521601035995,0.0013216415145030625,0.006157521601035994,0.0002084070600388498,two-phase,False,
0.04951001513650298,1.0003267024763052,2177.4563654797075,641.4542146187483,1.3350548024176663,856.3765297578124,1291428.311658571,669.4417635104155,630.6734247691315,261.14095286978454,2263480.9251796636,350699.1609830489,72.61067286431225,31.0588212686031,22798.113531258456,2.1291842819908675,0.037373762016502055,3117.0645590849417,0.8974091540988736,3494.7627336260975,16.655708673471445,261.14095286978454,0.8088702691841271,,,0.0011677106567631005,3.0019737364665862e-05,0.0002861424583643822,2255.2019106856833,13310.512043393668,1151856.5715885067,287.6653246493679,25589161.67329055,0.031432283520900106,0.0485,0.031432283520900106,-1.4210854715201903e-14,1.0,0.005557521601035995,0.0013216415145030625,0.006157521601035994,0.0002084070600388498,two-phase,False,
0.04951001513650298,1.0003267024763052,2177.4563654797075,641.4542146187483,1.3349463989019996,856.3069938658085,1291032.3507813576,669.7817113781732,631.0375418420119,261.14704616047857,2263866.680243754,350433.3936412657,72.70924093062487,31.016716469884095,22800.317514383027,2.1291753856470526,0.03737351491534705,3112.9939206704207,0.89755520482973,3490.3096074490777,16.66098881763863,261.14704616047857,0.8078416538089043,,,0.001167805480001381,3.0010223611137703e-05,0.00028650753442209916,2255.2019106856833,13311.031541412269,1151466.864370382,287.66673393222885,25583300.91208083,0.03174978133424253,0.0485,0.03174978133424253,1.4210854715202105e-14,1.0,0.005557521601035995,0.0013216415145030625,0.006157521601035994,0.0002084070600388498,two-phase,False,
0.04951001513650298,1.0003267024763052,2177.4563654797075,641.4542146187483,1.3348379673494135,856.2374399894045,1290636.2767689957,670.121814931478,631.4018080019689,261.1531229125176,2264251.9846840873,350167.7078338742,72.80797947351515,30.974653149192836,22802.51575031976,2.1291665335306154,0.03737326850318045,3108.929698404998,0.8977010480827269,3485.863228541056,16.666271252464412,261.1531229125176,0.8068133440506424,,,0.0011679003431716026,3.0000711762450516e-05,0.0002868729879624484,2255.2019106856833,13311.549672375766,1151077.1328699952,287.6681396192174,25577467.344036065,0.032067279147584955,0.0485,0.032067279147584955,-1.4210854715201903e-14,1.0,0.005557521601035995,0.0013216415145030625,0.006157521601035994,0.0002084070600388498,two-phase,False,
0.04951001513650298,1.0003267024763052,2177.4563654797075,641.4542146187483,1.3347295151553524,856.1678728724394,1290240.1151798489,670.4620527275845,631.7662002183041,261.1591989128264,2264636.80454154,349902.1035789027,72.90692468526385,30.93261607757145,22804.713948954668,2.1291577025627437,0.037373022139761944,3104.8722744930265,0.8978466708357022,3481.4240169099003,16.67155562563742,261.1591989128264,0.8057853193662161,,,0.0011679952398178694,2.9991202454502982e-05,0.0002872387836537063,2255.2019106856833,13312.06778218244,1150687.4030863785,287.6695453612521,25571624.809427146,0.032384776960927376,0.0485,0.032384776960927376,1.4210854715202105e-14,1.0,0.005557521601035995,0.0013216415145030625,0.006157521601035994,0.0002084070600388498,two-phase,False,
0.04951001513650298,1.0003267024763052,2177.4563654797075,641.4542146187483,1.3346210328418782,856.0982864352496,1289843.8333113366,670.8024523149218,632.1307480731539,261.16525838273225,2265021.1745406,349636.5809011115,73.00604140163372,30.89062038412641,22806.90640086915,2.1291489155942824,0.0373727764647876,3100.821164449426,0.8979920894407714,3476.9914430254353,16.676842391629556,261.16525838273225,0.804757600899193,,,0.001168090178248049,2.99816948711442e-05,0.00028760496434523,2255.2019106856833,13312.584525198166,1150297.641712405,287.6709475068388,25565809.467491053,0.032702274774269804,0.0485,0.032702274774269804,-0.0,1.0,0.005557521601035995,0.0013216415145030625,0.006157521601035994,0.0002084070600388498,two-phase,False,
0.04951001513650298,1.0003267024763052,2177.4563654797075,641.4542146187483,1.3345124868048805,856.0286591223374,1289447.307513133,671.1431202722777,632.4955656526354,261.17131710524677,2265405.0914022624,349371.13985071494,73.10539820845044,30.848637254601517,22809.09881575711,2.129140149656255,0.03737253083827065,3096.775210330746,0.8981373460648031,3472.5642415151165,16.682133193205665,261.17131710524677,0.8037297837799322,,,0.0011681851878946113,2.9972186063329183e-05,0.00028797163434583127,2255.2019106856833,13313.101247211735,1149907.7278962457,287.67234970718226,25559985.796960242,0.03301977258761223,0.0485,0.03301977258761223,-1.4210854715201903e-14,1.0,0.005557521601035995,0.0013216415145030625,0.006157521601035994,0.0002084070600388498,two-phase,False,
0.04951001513650298,1.0003267024763052,2177.4563654797075,641.4542146187483,1.3344039503375855,855.9590379479512,1289050.8050065252,671.4838272413656,632.8604073139358,261.1773593055816,2265788.494341256,349105.78042291844,73.20489535447328,30.806709029027747,22811.285484386393,2.129131427490707,0.03737228589965598,3092.737023399215,0.8982823460478196,3468.1452703152386,16.687424462004365,261.1773593055816,0.8027026575335842,,,0.0011682802046198005,2.99626824462008e-05,0.0002883385562188704,2255.2019106856833,13313.616602695945,1149517.923545305,287.6737483105034,25554188.0040081,0.033337270400954654,0.0485,0.033337270400954654,1.4210854715202206e-14,1.0,0.005557521601035995,0.0013216415145030625,0.006157521601035994,0.0002084070600388498,two-phase,False,
0.04951001513650298,1.0003267024763052,2177.4563654797075,641.4542146187483,1.334295357047572,855.8893803243926,1288654.0833171378,671.8247816075932,633.2254961991183,261.1834165359151,2266171.512958553,348840.50266284216,73.3046698458951,30.764778225271133,22813.477825432907,2.129122703546883,0.03737204036987196,3088.7043553914555,0.898427171587136,3463.732071607899,16.692719433533824,261.1834165359151,0.8016754114720812,,,0.0011683752865597977,2.995317820987007e-05,0.00028870593317449926,2255.2019106856833,13314.133282824516,1149127.9918446306,287.67515062021215,25548347.85470139,0.03365476821429708,0.0485,0.03365476821429708,-1.4210854715201802e-14,1.0,0.005557521601035995,0.0013216415145030625,0.006157521601035994,0.0002084070600388498,two-phase,False,
0.04951001513650298,1.0003267024763052,2177.4563654797075,641.4542146187483,1.3341867212491032,855.8196954336064,1288257.1955690205,672.1659375510574,633.5907832568823,261.1894414772621,2266554.0490484363,348575.30660467036,73.40458220047293,30.72290370819866,22815.65871141547,2.129114045894665,0.03737179616691289,3084.6773446242214,0.8985718148173375,3459.324795696858,16.69801740447669,261.1894414772621,0.8006484941372098,,,0.0011684704212063543,2.9943674622470535e-05,0.0002890737525553904,2255.2019106856833,13314.647251137361,1148737.982095256,287.67654568054866,25542569.634120904,0.0339722660276395,0.0485,0.0339722660276395,1.4210854715202206e-14,1.0,0.005557521601035995,0.0013216415145030625,0.006157521601035994,0.0002084070600388498,two-phase,False,
0.04951001513650298,1.0003267024763052,2177.4563654797075,641.4542146187483,1.3340780596759139,855.749994009517,1287860.2024199348,672.5072431480605,633.9562128845014,261.19546567984725,2266936.136936938,348310.1922701005,73.50470482922353,30.68105525932368,22817.839560910816,2.12910540903845,0.037371552011834064,3080.6568673444376,0.8987162460418363,3454.924404132257,16.703317571739454,261.19546567984725,0.7996218628824975,,,0.0011685655939237772,2.993417312773578e-05,0.0002894419336075636,2255.2019106856833,13315.161198752425,1148347.9557524617,287.6779407950656,25536783.18443656,0.03428976384098193,0.0485,0.03428976384098193,-0.0,1.0,0.005557521601035995,0.0013216415145030625,0.006157521601035994,0.0002084070600388498,two-phase,False,
0.04951001513650298,1.0003267024763052,2177.4563654797075,641.4542146187483,1.3339693714726955,855.6802755034832,1287463.1011493905,672.8487006695707,634.321787512639,261.2014891438857,2267317.7768916404,348045.15968139016,73.60503836658842,30.639232866827612,22820.020373957806,2.129096792974237,0.03737130790461709,3076.6428817461556,0.8988604665720411,3450.530852323118,16.708619970475898,261.2014891438857,0.7985955177558792,,,0.001168660805476203,2.9924673664461766e-05,0.0002898104792561806,2255.2019106856833,13315.675125691292,1147957.9100112268,287.679335963761,25530988.518691603,0.03460726165432436,0.0485,0.03460726165432436,-1.4210854715201802e-14,1.0,0.005557521601035995,0.0013216415145030625,0.006157521601035994,0.0002084070600388498,two-phase,False,
0.04951001513650298,1.0003267024763052,2177.4563654797075,641.4542146187483,1.3338606046510366,855.6105065673195,1287065.7017355294,673.1904736322667,634.6876821992132,261.20749610425855,2267698.9660417824,347780.20889991394,73.70558008230685,30.597437916739878,22822.195441804033,2.129088220171575,0.037371064484079994,3072.6333008780657,0.8990045501477638,3446.1418561259425,16.71392714439153,261.20749610425855,0.7975690965942608,,,0.0011687561014321415,2.9915171681706077e-05,0.00029017958103563747,2255.2019106856833,13316.187686698297,1147567.6570134948,287.68072753414657,25525220.977541678,0.03492475946766678,0.0485,0.03492475946766678,1.4210854715202206e-14,1.0,0.005557521601035995,0.0013216415145030625,0.006157521601035994,0.0002084070600388498,two-phase,False,
0.04951001513650298,1.0003267024763052,2177.4563654797075,641.4542146187483,1.3337518092696174,855.5407193113771,1286668.1862511837,673.5324058032818,635.0537296098686,261.21350233037356,2268079.7078808513,347515.33994956576,73.80633404577601,30.555668965850092,22824.370473468545,2.12907966804438,0.03737082111111813,3068.6301069489136,0.8991484263698748,3441.759587015308,16.71923664660065,261.21350233037356,0.7965429618705472,,,0.0011688514379594906,2.9905671566749424e-05,0.0002905490562945448,2255.2019106856833,13316.700227179675,1147177.3766184829,287.68211915842375,25519445.23240353,0.03524225728100921,0.0485,0.03524225728100921,-1.4210854715201802e-14,1.0,0.005557521601035995,0.0013216415145030625,0.006157521601035994,0.0002084070600388498,two-phase,False,
0.04951001513650298,1.0003267024763052,2177.4563654797075,641.4542146187483,1.333643062512254,855.4709632455401,1286270.8356656262,673.8742558243546,635.4196713309311,261.2194920609581,2268459.938493104,347250.55279640015,73.90723167831362,30.513954581624798,22826.5397603878,2.129071158953892,0.03737057842430039,3064.6360084500907,0.8992919969428538,3437.387010810661,16.72454471437091,261.2194920609581,0.7955175200858394,,,0.0011689467474221876,2.9896180047900776e-05,0.00029091865328372305,2255.2019106856833,13317.211401986946,1146787.3437592385,287.68350718382146,25513695.373073842,0.03555975509435163,0.0485,0.03555975509435163,1.4210854715202206e-14,1.0,0.005557521601035995,0.0013216415145030625,0.006157521601035994,0.0002084070600388498,two-phase,False,
0.04951001513650298,1.0003267024763052,2177.4563654797075,641.4542146187483,1.3335341568243084,855.4011052330115,1285872.8953448185,674.2166718689,635.7862013907074,261.2254810615576,2268839.7837970774,346985.8475618179,74.00840865520514,30.47223892074689,22828.709011391933,2.129062670422587,0.037370335784772286,3060.6434569199246,0.8994355336194871,3433.0158651308707,16.729861478985924,261.2254810615576,0.7944915966360585,,,0.001169042211755852,2.988667901572532e-05,0.0002912890703934684,2255.2019106856833,13317.722556418874,1146396.8178946264,287.6848952628246,25507938.56404978,0.03587725290769406,0.0485,0.03587725290769406,-0.0,1.0,0.005557521601035995,0.0013216415145030625,0.006157521601035994,0.0002084070600388498,two-phase,False,
0.04951001513650298,1.0003267024763052,2177.4563654797075,641.4542146187483,1.3334252541600715,855.3312491600535,1285474.9533218427,674.5591492442479,636.1527793229848,261.2314535747335,2269219.1185872965,346721.2242461694,74.1097303778952,30.430577728270148,22830.87251810709,2.1290542247035753,0.03737009383085421,3056.658282632722,0.8995788259077746,3428.652533318422,16.73517903354553,261.2314535747335,0.7934663667238888,,,0.0011691376890321885,2.9877182610222098e-05,0.0002916597672941066,2255.2019106856833,13318.232345434248,1146006.375684033,287.68627974238046,25502207.639709245,0.036194750721036485,0.0485,0.036194750721036485,-1.4210854715201903e-14,1.0,0.005557521601035995,0.0013216415145030625,0.006157521601035994,0.0002084070600388498,two-phase,False,
0.04951001513650298,1.0003267024763052,2177.4563654797075,641.4542146187483,1.3333163194870392,855.2613725549188,1285076.8840318182,674.9017952985321,636.5195201652934,261.2374253621809,2269598.007577412,346456.6828756534,74.21126671703638,30.38894241334875,22833.035989169934,2.129045799428067,0.037369851923941544,3052.6793323048123,0.8997219161317092,3424.295754653627,16.740499091974847,261.2374253621809,0.7924414239437021,,,0.001169233209974986,2.9867687770413772e-05,0.0002920308500341997,2255.2019106856833,13318.742114222869,1145615.8945895168,287.68766427525634,25496468.541493215,0.036512248534378906,0.0485,0.036512248534378906,1.4210854715202206e-14,1.0,0.005557521601035995,0.0013216415145030625,0.006157521601035994,0.0002084070600388498,two-phase,False,
0.04951001513650298,1.0003267024763052,2177.4563654797075,641.4542146187483,1.3332041203438794,855.1894019416624,1284675.0642202809,675.2452046497276,636.8873296948193,261.24338067028316,2269976.4481200473,346192.22422233893,74.31301514755457,30.347334261808587,22835.193716394137,2.129037416741499,0.037369610702107245,3048.6898868031085,0.8998657539883927,3419.9274806803005,16.745910269149192,261.24338067028316,0.7914164067743301,,,0.001169331609734116,2.9858036497493038e-05,0.0002924038610903754,2255.2019106856833,13319.250517849887,1145221.9084298855,287.68904520811844,25490756.567528404,0.036829746347721334,0.0485,0.036829746347721334,-1.4210854715201802e-14,1.0,0.005557521601035995,0.0013216415145030625,0.006157521601035994,0.0002084070600388498,two-phase,False,
0.04951001513650298,1.0003267024763052,2177.4563654797075,641.4542146187483,1.3330950623139644,855.1194462087353,1284276.538471437,675.5883584247679,637.2545788611194,261.24933525689767,2270354.443479735,345927.847608122,74.41497956567115,30.30575193124215,22837.35140823094,2.129029054382832,0.03736936952699492,3044.721237971609,0.9000085157929666,3415.5814588140424,16.751238112838035,261.24933525689767,0.7903916770462047,,,0.0011694272705802778,2.984853994862645e-05,0.00029277591884669025,2255.2019106856833,13319.758901399162,1144831.1507904623,287.690426194016,25485036.431555245,0.037147244161063755,0.0485,0.037147244161063755,1.4210854715202206e-14,1.0,0.005557521601035995,0.0013216415145030625,0.006157521601035994,0.0002084070600388498,two-phase,False,
0.04951001513650298,1.0003267024763052,2177.4563654797075,641.4542146187483,1.3329860125279824,855.049495763914,1283878.0315145631,675.9315556585786,637.621856840821,261.25528912223206,2270731.9633878106,345663.5530291341,74.5171271535692,30.264209005777058,22839.509064718273,2.129020712348215,0.037369128398586804,3040.760246624625,0.9001510234938385,3411.2435631491185,16.75656649797851,261.25528912223206,0.7893676191440756,,,0.0011695229398464063,2.9839048474537986e-05,0.0002931482262957622,2255.2019106856833,13320.267264891638,1144440.49727724,287.69180723294716,25479307.52963515,0.037464741974406184,0.0485,0.037464741974406184,-0.0,1.0,0.005557521601035995,0.0013216415145030625,0.006157521601035994,0.0002084070600388498,two-phase,False,
0.04951001513650298,1.0003267024763052,2177.4563654797075,641.4542146187483,1.3328768337034853,854.9794625467932,1283479.0408987803,676.2752294140735,637.9896270334866,261.261226518386,2271109.0665060524,345399.3405849396,74.61952235555965,30.22267952801571,22841.660977944663,2.1290124126223806,0.03736888795458628,3036.8017180005477,0.9002934624403187,3406.908104469639,16.76190213934831,261.261226518386,0.7883431032120083,,,0.0011696187380001186,2.982955012165699e-05,0.0002935212718793518,2255.2019106856833,13320.774263549605,1144049.453903856,287.6931846711577,25473606.37509236,0.03778223978774861,0.0485,0.03778223978774861,-1.4210854715201802e-14,1.0,0.005557521601035995,0.0013216415145030625,0.006157521601035994,0.0002084070600388498,two-phase,False,
0.04951001513650298,1.0003267024763052,2177.4563654797075,641.4542146187483,1.3327676619979496,854.9094338961602,1283080.0658268877,676.618949311091,638.3574289231415,261.2671631974834,2271485.6947963373,345135.21027233865,74.72210194112776,30.181189395107186,22843.812856082364,2.1290041331056297,0.03736864755700806,3032.8507925290232,0.9004356489494458,3402.5807146142524,16.767238374444954,261.2671631974834,0.7873192594522325,,,0.0011697145456011694,2.982005675794846e-05,0.0002938945711720961,2255.2019106856833,13321.28124229798,1143658.5112610417,287.694562162118,25467896.466885086,0.03809973760109103,0.0485,0.03809973760109103,1.4210854715202105e-14,1.0,0.005557521601035995,0.0013216415145030625,0.006157521601035994,0.0002084070600388498,two-phase,False,
0.04951001513650298,1.0003267024763052,2177.4563654797075,641.4542146187483,1.3326584446963283,854.8393759977259,1282680.9128994877,676.9628822421034,638.725441078629,261.27308341541976,2271861.8793617496,344871.16212794394,74.82486329848817,30.139739803991723,22845.958991408792,2.1289958956753727,0.03736840784330946,3028.905384663062,0.9005776568075661,3398.2591096807764,16.772577791172274,261.27308341541976,0.7862957269343493,,,0.001169810408923723,2.981056378007437e-05,0.0002942683202558787,2255.2019106856833,13321.78685646548,1143267.4785798627,287.69593605179443,25462213.745900214,0.03841723541443346,0.0485,0.03841723541443346,-1.4210854715201802e-14,1.0,0.005557521601035995,0.0013216415145030625,0.006157521601035994,0.0002084070600388498,two-phase,False,
0.04951001513650298,1.0003267024763052,2177.4563654797075,641.4542146187483,1.3325491475853726,854.7692669052577,1282281.4563007813,677.3071369711106,639.093779788696,261.27900292050697,2272237.6509815534,344607.1962142682,74.92787756433563,30.098302314105855,22848.10509190526,2.128987678339685,0.03736816817575246,3024.9643565169076,0.9007195274987585,3393.9420446441145,16.777922051963554,261.27900292050697,0.7852720981859738,,,0.0011699063580287096,2.9801068240240395e-05,0.0002946426270236618,2255.2019106856833,13322.292450869556,1142876.2333916603,287.6973099939377,25456523.519844774,0.03873473322777588,0.0485,0.03873473322777588,1.4210854715202206e-14,1.0,0.005557521601035995,0.0013216415145030625,0.006157521601035994,0.0002084070600388498,two-phase,False,
0.04951001513650298,1.0003267024763052,2177.4563654797075,641.4542146187483,1.3324398033937845,854.6991276127195,1281881.8162597052,677.651609810704,639.4623341504089,261.2849059724245,2272612.946104773,344343.3125690742,75.03107489641641,30.056905272903066,22850.245450033697,2.1289795028693024,0.03736792919154952,3021.028774971392,0.9008612217788797,3389.630688525397,16.783269571049495,261.2849059724245,0.784248781239445,,,0.0011700023642157256,2.979157296397605e-05,0.00029501739035618467,2255.2019106856833,13322.79668094359,1142484.892570368,287.69868033423535,25450859.803388186,0.03905223104111831,0.0485,0.03905223104111831,-0.0,1.0,0.005557521601035995,0.0013216415145030625,0.006157521601035994,0.0002084070600388498,two-phase,False,
0.04951001513650298,1.0003267024763052,2177.4563654797075,641.4542146187483,1.3323304202194721,854.6289633145484,1281482.0222029546,677.9962755326951,639.8310771373324,261.29080831568444,2272987.798377776,344079.5112240671,75.13449272092149,30.01553386488379,22852.385773589664,2.1289713473793377,0.037367690253208644,3017.099050909159,0.9010027255852721,3385.3254930897047,16.78861994804479,261.29080831568444,0.7832257527826266,,,0.0011700984203971419,2.97820786668192e-05,0.0002953925706822726,2255.2019106856833,13323.30089139966,1142093.4857926918,287.7000507267175,25445187.977769807,0.03936972885446074,0.0485,0.03936972885446074,-1.4210854715201802e-14,1.0,0.005557521601035995,0.0013216415145030625,0.006157521601035994,0.0002084070600388498,two-phase,False,
0.04951001513650298,1.0003267024763052,2177.4563654797075,641.4542146187483,1.3322209889411452,854.5587681598545,1281082.041849287,678.3411617262229,640.2000383042614,261.29669421373796,2273362.174983023,343815.79221759725,75.23809473994204,29.974202808839237,22854.520355220375,2.128963233534019,0.03736745199769804,3013.174727071768,0.9011440543720652,3381.0259577525,16.793973628889425,261.29669421373796,0.7822030367244064,,,0.0011701945346056517,2.9772584562112636e-05,0.0002957682113345084,2255.2019106856833,13323.803737775877,1141701.980416543,287.7014175167939,25439542.663010586,0.03968722666780316,0.0485,0.03968722666780316,1.4210854715202206e-14,1.0,0.005557521601035995,0.0013216415145030625,0.006157521601035994,0.0002084070600388498,two-phase,False,
0.04951001513650298,1.0003267024763052,2177.4563654797075,641.4542146187483,1.3321115168824882,854.488546846446,1280681.9000244772,678.6862476695512,640.5691953807411,261.3025794073096,2273736.1094827023,343552.1555829046,75.34191849513806,29.932897326356446,22856.654902535378,2.12895513955531,0.03736721378777098,3009.256163120129,0.9012851958161833,3376.7324781208576,16.799330261963174,261.3025794073096,0.7811806095013559,,,0.0011702907004319425,2.9763091278233486e-05,0.0002961442774870034,2255.2019106856833,13324.306564678966,1141310.401583764,287.7027843587734,25433889.25372266,0.04000472448114559,0.0485,0.04000472448114559,-1.4210854715201802e-14,1.0,0.005557521601035995,0.0013216415145030625,0.006157521601035994,0.0002084070600388498,two-phase,False,
0.04951001513650298,1.0003267024763052,2177.4563654797075,641.4542146187483,1.3320019611477036,854.4182718586328,1280281.4412038806,679.0316672123597,640.938691589756,261.30846389659973,2274109.632632897,343288.6013852447,75.44599893903863,29.891603827897043,22858.789415572457,2.128947065439373,0.0373669756234102,3005.341813397964,0.9014262054008163,3372.4433614877844,16.804691944886653,261.30846389659973,0.7801580866566229,,,0.0011703869555887193,2.9753595105451515e-05,0.0002965209175696403,2255.2019106856833,13324.809372129615,1140918.5969160318,287.70415125265424,25428228.37695247,0.04032222229448801,0.0485,0.04032222229448801,1.4210854715202206e-14,1.0,0.005557521601035995,0.0013216415145030625,0.006157521601035994,0.0002084070600388498,two-phase,False,
0.04951001513650298,1.0003267024763052,2177.4563654797075,641.4542146187483,1.3318923543973604,854.3479641466745,1279880.7852011377,679.3773169979959,641.3084163653482,261.314331950701,2274482.6811100966,343025.1296652088,75.55026552257976,29.850350559147532,22860.918187248564,2.1289390326917244,0.037366738141219505,3001.4327316443896,0.9015670442520257,3368.1597627307788,16.810057079813795,261.314331950701,0.7791358769425454,,,0.0011704832714136602,2.974409888235421e-05,0.00029689803051065404,2255.2019106856833,13325.310815820016,1140526.6827933632,287.70551454343024,25422594.01510046,0.040639720107830436,0.0485,0.040639720107830436,-0.0,1.0,0.005557521601035995,0.0013216415145030625,0.006157521601035994,0.0002084070600388498,two-phase,False,
0.04951001513650298,1.0003267024763052,2177.4563654797075,641.4542146187483,1.3317826963590813,854.2776235358534,1279479.9287794107,679.7232006056872,641.6783734198791,261.32018357544365,2274855.255436083,342761.7404640545,75.65471876505238,29.809137453663258,22863.041217876063,2.1289310411496003,0.03736650134081735,2997.528872549239,0.901707713697687,3363.8816330015434,16.815425688892358,261.32018357544365,0.7781139807826273,,,0.0011705796481722205,2.973460257567439e-05,0.000297275620577563,2255.2019106856833,13325.810895926446,1140134.6559692603,287.70687423068443,25416986.163469214,0.040957217921172864,0.0485,0.040957217921172864,-1.4210854715201802e-14,1.0,0.005557521601035995,0.0013216415145030625,0.006157521601035994,0.0002084070600388498,two-phase,False,
0.04951001513650298,1.0003267024763052,2177.4563654797075,641.4542146187483,1.3316729948727668,854.2072550551071,1279078.9035841692,680.0692899020685,642.0485327772844,261.3260345040092,2275227.389005291,342498.43381652486,75.75939644184062,29.76794980695192,22865.164214695855,2.128923069247728,0.03736626458544523,2993.6306717407106,0.9018481990100754,3359.609451464755,16.820797378997845,261.3260345040092,0.7770923741111502,,,0.0011706760789985183,2.972510688609158e-05,0.00029765364529618475,2255.2019106856833,13326.310956846615,1139742.5482526263,287.7082339692812,25411370.24332878,0.041274715734515285,0.0485,0.041274715734515285,1.4210854715202206e-14,1.0,0.005557521601035995,0.0013216415145030625,0.006157521601035994,0.0002084070600388498,two-phase,False,
0.04951001513650298,1.0003267024763052,2177.4563654797075,641.4542146187483,1.3315632492938847,854.1368582909973,1278677.7041777282,680.415590613517,642.4189004170374,261.3318847365944,2275599.0820782986,342235.2097584824,75.86429924544022,29.726787607825045,22867.287177747046,2.128915116982176,0.03736602787508598,2989.7380580655613,0.9019885023897424,3355.343140974269,16.826172195074342,261.3318847365944,0.7760710569750523,,,0.001170772564482059,2.9715611738858167e-05,0.00029803211116870645,2255.2019106856833,13326.8109986015,1139350.3542144478,287.7095937592188,25405746.267172746,0.04159221354785771,0.0485,0.04159221354785771,-1.4210854715201802e-14,1.0,0.005557521601035995,0.0013216415145030625,0.006157521601035994,0.0002084070600388498,two-phase,False,
0.04951001513650298,1.0003267024763052,2177.4563654797075,641.4542146187483,1.331453449767318,854.066426921918,1278276.2971263768,680.7621308950227,642.789506545343,261.33771854976703,2275970.302124319,341972.0683326722,75.96939050399294,29.685665446626825,22869.40440030681,2.128907205647696,0.03736579184586025,2985.8505740913406,0.9021286394165697,3351.082200566857,16.831550610711886,261.33771854976703,0.7750500541610904,,,0.0011708691133124516,2.9706116302902686e-05,0.00029841106250119546,2255.2019106856833,13327.30967708823,1138958.0401747588,287.7109499449394,25400148.808251202,0.041909711361200135,0.0485,0.041909711361200135,1.4210854715202206e-14,1.0,0.005557521601035995,0.0013216415145030625,0.006157521601035994,0.0002084070600388498,two-phase,False,
0.04951001513650298,1.0003267024763052,2177.4563654797075,641.4542146187483,1.331343562317339,853.9959391539953,1277874.557116785,681.1090193989967,643.1604672885207,261.3435516710865,2276341.11288102,341709.00960763573,76.07474298468969,29.644555107331097,22871.521589350177,2.128899313836919,0.03736555586137239,2981.9671100173477,0.9022686506793038,3346.8254151347387,16.83693429721165,261.3435516710865,0.774028956612876,,,0.0011709657554000111,2.9696617636787036e-05,0.00029879060780340743,2255.2019106856833,13327.808336551956,1138565.484419458,287.7123061817217,25394543.920629438,0.04222720917454256,0.0485,0.04222720917454256,-0.0,1.0,0.005557521601035995,0.0013216415145030625,0.006157521601035994,0.0002084070600388498,two-phase,False,
0.04951001513650298,1.0003267024763052,2177.4563654797075,641.4542146187483,1.3312336193366492,853.9254157656641,1277472.6023404624,681.4561542727033,643.5316736908571,261.3493683808426,2276711.451295824,341446.0336275842,76.18028527550078,29.60348471431815,22873.63303833496,2.1288914627394813,0.03736532055750238,2978.0886916998707,0.9024084982490417,3342.5739093394604,16.842321671136794,261.3493683808426,0.7730081739453545,,,0.0011710624622916974,2.9687118543571425e-05,0.0002991706472685339,2255.2019106856833,13328.305632992184,1138172.8016115418,287.71365881373316,25388965.548304517,0.04254470698788499,0.0485,0.04254470698788499,-1.4210854715201802e-14,1.0,0.005557521601035995,0.0013216415145030625,0.006157521601035994,0.0002084070600388498,two-phase,False,
0.04951001513650298,1.0003267024763052,2177.4563654797075,641.4542146187483,1.3311236293747153,853.8548622410158,1277070.464430306,681.8035081796688,643.9030965178758,261.3551844028571,2277081.350554781,341183.14043021697,76.28605544755102,29.56243965499308,22875.744454052405,2.128883631053668,0.037365085298096574,2974.215745192033,0.9025481675495735,3338.3281518115723,16.8477123128151,261.3551844028571,0.7719876814654474,,,0.0011711592264936146,2.9677619769164643e-05,0.00029955113893082724,2255.2019106856833,13328.802910550285,1137780.0235028265,287.71501149652795,25383379.14563085,0.04286220480122741,0.0485,0.04286220480122741,1.4210854715202004e-14,1.0,0.005557521601035995,0.0013216415145030625,0.006157521601035994,0.0002084070600388498,two-phase,False,
0.04951001513650298,1.0003267024763052,2177.4563654797075,641.4542146187483,1.331013591929045,853.7842782577246,1276668.141191521,682.1510832171264,644.2747379840413,261.3609997373232,2277450.8109170306,340920.330053685,76.39205420767072,29.521419918293446,22877.85583653676,2.128875818775996,0.0373648500831386,2970.348238395247,0.9026876595635523,3334.088108295924,16.853106250551573,261.3609997373232,0.7709674792198938,,,0.001171256048472397,2.9668121268958113e-05,0.00029993208563138635,2255.2019106856833,13329.300169245473,1137387.147858478,287.7163642301046,25377784.724993005,0.04317970261456984,0.0485,0.04317970261456984,-1.4210854715201802e-14,1.0,0.005557521601035995,0.0013216415145030625,0.006157521601035994,0.0002084070600388498,two-phase,False,
0.04951001513650298,1.0003267024763052,2177.4563654797075,641.4542146187483,1.330903497324327,853.7136576095215,1276265.5964824753,682.4989109437934,644.6466317834725,261.3667986700976,2277819.8328173975,340657.6025435795,76.4982446132006,29.480440003410536,22879.961479517013,2.128868046938725,0.037364615548148315,2966.485685295107,0.9028269907089872,3329.8532461658465,16.8585039632215,261.3667986700976,0.7699475926219194,,,0.0011713529367681594,2.9658622205790003e-05,0.00030031353518400494,2255.2019106856833,13329.79606523062,1136994.1383931243,287.7177133582189,25372217.484847106,0.04349720042791226,0.0485,0.04349720042791226,1.4210854715202206e-14,1.0,0.005557521601035995,0.0013216415145030625,0.006157521601035994,0.0002084070600388498,two-phase,False,
0.04951001513650298,1.0003267024763052,2177.4563654797075,641.4542146187483,1.3307933446138804,853.642999689154,1275862.828907171,682.8469920393297,645.0187787087214,261.3725812069291,2278188.383968965,340394.9579457788,76.60462720433236,29.439499844705736,22882.061383297612,2.1288603153813295,0.03736438169275001,2962.6280700765064,0.9029661615420911,3325.6235490284266,16.863905489752767,261.3725812069291,0.7689280220939937,,,0.001171449892243175,2.96491225181392e-05,0.00030069548920897787,2255.2019106856833,13330.290598677786,1136600.9936969252,287.71905888045865,25366676.760948293,0.04381469824125469,0.0485,0.04381469824125469,-0.0,1.0,0.005557521601035995,0.0013216415145030625,0.006157521601035994,0.0002084070600388498,two-phase,False,
0.04951001513650298,1.0003267024763052,2177.4563654797075,641.4542146187483,1.33068306334665,853.5722593054954,1275459.5788501245,683.195551652539,645.3914193467326,261.378378774839,2278556.527659076,340132.3963596049,76.71131342892359,29.39855687355982,22884.166960433056,2.1288525820810085,0.03736414724597426,2958.7731193671752,0.903105255364304,3321.3965258852645,16.869314292583603,261.378378774839,0.7679083321008133,,,0.0011715469769526538,2.9639616129496098e-05,0.00030107817365572335,2255.2019106856833,13330.786457287835,1136207.4619305753,287.720408109443,25361093.47443993,0.04413219605459712,0.0485,0.04413219605459712,-1.4210854715201802e-14,1.0,0.005557521601035995,0.0013216415145030625,0.006157521601035994,0.0002084070600388498,two-phase,False,
0.04951001513650298,1.0003267024763052,2177.4563654797075,641.4542146187483,1.3305727583713083,853.5015037141692,1275056.2316538412,683.5442562388932,645.7641971932134,261.384144242088,2278924.2012798614,339869.91780505463,76.81815551874068,29.357668059805217,22886.261092578177,2.1288449098284437,0.037363914113697216,2954.9241904410746,0.9032441487640974,3317.1758572393114,16.874725236826272,261.384144242088,0.7668889842271966,,,0.0011716440986317138,2.9630112074881872e-05,0.00030146125591069524,2255.2019106856833,13331.279609784862,1135813.9167883014,287.7217500756242,25355571.877165582,0.04444969386793954,0.0485,0.04444969386793954,1.4210854715202408e-14,1.0,0.005557521601035995,0.0013216415145030625,0.006157521601035994,0.0002084070600388498,two-phase,False,
0.04951001513650298,1.0003267024763052,2177.4563654797075,641.4542146187483,1.3304624023490874,853.430715378607,1274652.6851983962,683.8931948210059,646.1372072860174,261.3899090338379,2279291.437768585,339607.5223231467,76.92522961461246,29.316804408436795,22888.355192197847,2.1288372566533145,0.03736368102506969,2951.0805283741724,0.9033828703077996,3312.960717304207,16.880139660195255,261.3899090338379,0.7658699275361138,,,0.0011717412813720567,2.9620608008299884e-05,0.00030184481052757887,2255.2019106856833,13331.772743818703,1135420.2602165772,287.72309209175876,25350042.28793657,0.044767191681281966,0.0485,0.044767191681281966,-1.4210854715201802e-14,1.0,0.005557521601035995,0.0013216415145030625,0.006157521601035994,0.0002084070600388498,two-phase,False,
0.04951001513650298,1.0003267024763052,2177.4563654797075,641.4542146187483,1.3303519945375228,853.3598938225521,1274248.9382441994,684.2423681165187,646.5104504456458,261.3956731502766,2279658.2048252695,339345.2099551551,77.03253644060072,29.275965908569745,22890.449259324752,2.1288296225522867,0.03736344798007579,2947.2421154563554,0.9035214205953752,3308.75108764496,16.885557598200926,261.3956731502766,0.7648511620740015,,,0.001171838525854064,2.9611103873364098e-05,0.00030222883907286027,2255.2019106856833,13332.265859407871,1135026.490929507,287.7244341578449,25344504.06561918,0.04508468949462439,0.0485,0.04508468949462439,1.4210854715202206e-14,1.0,0.005557521601035995,0.0013216415145030625,0.006157521601035994,0.0002084070600388498,two-phase,False,
0.04951001513650298,1.0003267024763052,2177.4563654797075,641.4542146187483,1.3302415343544498,853.2890386725724,1273844.9872398733,684.5917797333079,646.883930445427,261.401436591592,2280024.567821333,339082.98074308486,77.14007672375588,29.235152549325587,22892.543293996063,2.128822007521653,0.037363214978699155,2943.4089056555094,0.9036598010339281,3304.546918602436,16.890979083886545,261.401436591592,0.7638326878872983,,,0.001171935832617351,2.960159961816447e-05,0.00030261334598418154,2255.2019106856833,13332.758956572361,1134632.6053836734,287.7257762738811,25338958.529334716,0.045402187307966815,0.0485,0.045402187307966815,-0.0,1.0,0.005557521601035995,0.0013216415145030625,0.006157521601035994,0.0002084070600388498,two-phase,False,
0.04951001513650298,1.0003267024763052,2177.4563654797075,641.4542146187483,1.330130959790949,853.2181101527851,1273440.6072617997,684.9416238109382,647.2578548598619,261.4071679550791,2280390.4602757134,338820.83477524295,77.24781092027882,29.19437954058133,22894.625884874888,2.1288144529014272,0.037362983290330616,2939.578497154519,0.9037980964321979,3300.345575323672,16.896407162922905,261.4071679550791,0.7628141726939823,,,0.0011720332563275417,2.959208991466474e-05,0.0003029985730818288,2255.2019106856833,13333.249348302457,1134238.3823376005,287.72711112547427,25333474.61171949,0.04571968512130924,0.0485,0.04571968512130924,-1.4210854715201802e-14,1.0,0.005557521601035995,0.0013216415145030625,0.006157521601035994,0.0002084070600388498,two-phase,False,
0.04951001513650298,1.0003267024763052,2177.4563654797075,641.4542146187483,1.3300203837180855,853.1471806648108,1273036.2091642665,685.2915456038929,647.6318444190317,261.412914350772,2280755.9187642178,338558.77205535944,77.35578217253841,29.15363076098904,22896.714149311716,2.128806896517794,0.03736275101048872,2935.7551816405467,0.9039361545045457,3296.151767960395,16.90183630129294,261.412914350772,0.761796307797473,,,0.001172130697567042,2.9582584465201072e-05,0.00030338408859698345,2255.2019106856833,13333.741065308595,1133844.2251955615,287.72844968380207,25327947.6418642,0.046037182934651665,0.0485,0.046037182934651665,1.4210854715202206e-14,1.0,0.005557521601035995,0.0013216415145030625,0.006157521601035994,0.0002084070600388498,two-phase,False,
0.04951001513650298,1.0003267024763052,2177.4563654797075,641.4542146187483,1.3299097009463325,853.0761827343842,1272631.4096530795,685.64187644558,648.006253286654,261.41864437778645,2281120.9398125038,338296.7926660679,77.46398682159275,29.112907858456047,22898.79667606214,2.128799379658803,0.037362519408446114,2931.935044344045,0.9040741145119158,3291.961201873607,16.907271659606383,261.41864437778645,0.7607783762084258,,,0.001172228249058223,2.957307424086427e-05,0.00030377028727764284,2255.2019106856833,13334.231420632426,1133449.7582690788,287.7297846343366,25322447.809199665,0.04635468074799409,0.0485,0.04635468074799409,-1.4210854715201802e-14,1.0,0.005557521601035995,0.0013216415145030625,0.006157521601035994,0.0002084070600388498,two-phase,False,
0.04951001513650298,1.0003267024763052,2177.4563654797075,641.4542146187483,1.3297989631126155,853.0051494842286,1272226.3976269583,685.9924529860809,648.3809068573266,261.42437373775556,2281485.525563438,338034.8966511159,77.57242782250535,29.07220998478796,22900.87917084149,2.128791881649623,0.03736228784948396,2928.1200074497965,0.9042119079282388,3287.7759870611494,16.912710704204883,261.42437373775556,0.7597607365444365,,,0.001172325865329948,2.956356368560651e-05,0.0003041569753947476,2255.2019106856833,13334.721757805637,1133055.166640826,287.73111963427164,25316940.03390641,0.046672178561336514,0.0485,0.046672178561336514,1.4210854715202206e-14,1.0,0.005557521601035995,0.0013216415145030625,0.006157521601035994,0.0002084070600388498,two-phase,False,
0.04951001513650298,1.0003267024763052,2177.4563654797075,641.4542146187483,1.3296881604668709,852.9340746601249,1271821.1365064858,686.3433072831781,648.7558393409874,261.4300867367252,2281849.676446186,337773.0840617811,77.68106762434834,29.03155144045437,22902.95592834972,2.128784422951967,0.03736205696781779,2924.309592383064,0.9043495509689202,3283.5955986792555,16.9181539238362,261.4300867367252,0.7587434155950316,,,0.0011724235550074342,2.9554051952178052e-05,0.0003045442016069899,2255.2019106856833,13335.210733531949,1132660.4137176333,287.7324510258687,25311459.431399785,0.04698967637467894,0.0485,0.04698967637467894,-0.0,1.0,0.005557521601035995,0.0013216415145030625,0.006157521601035994,0.0002084070600388498,two-phase,False,
0.04951001513650298,1.0003267024763052,2177.4563654797075,641.4542146187483,1.3295772925995135,852.8629579993427,1271415.62380472,686.6944419143747,649.1310533948147,261.43578338034325,2282213.3606169512,337511.3549498532,77.78990679494456,28.9909321607806,22905.0269488801,2.1287770034081794,0.03736182676307929,2920.5037683607798,0.9044870444792874,3279.4200036468387,16.923601329825182,261.43578338034325,0.7577264137815107,,,0.0011725213184845234,2.9544539028984852e-05,0.00030493196933846907,2255.2019106856833,13335.698347977816,1132265.4970529138,287.7337788087213,25306005.348407067,0.04730717418802137,0.0485,0.04730717418802137,-1.4210854715201802e-14,1.0,0.005557521601035995,0.0013216415145030625,0.006157521601035994,0.0002084070600388498,two-phase,False,
0.04951001513650298,1.0003267024763052,2177.4563654797075,641.4542146187483,1.3294663332672039,852.7917826679814,1271009.7666124068,687.0459365283173,649.5066342754376,261.4414950552583,2282576.6408664132,337249.70938624773,77.89905914666545,28.950309995909873,22907.103643050104,2.1287695821356327,0.03736159596690696,2916.701897137905,0.9046244133345813,3275.2485038117916,16.929054222297175,261.4414950552583,0.7567092926159716,,,0.0011726191789412815,2.9535022655988215e-05,0.0003053203440399049,2255.2019106856833,13336.18728774365,1131870.327776582,287.7351102984358,25300508.857520495,0.04762467200136379,0.0485,0.04762467200136379,1.4210854715202206e-14,1.0,0.005557521601035995,0.0013216415145030625,0.006157521601035994,0.0002084070600388498,two-phase,False,
0.04951001513650298,1.0003267024763052,2177.4563654797075,641.4542146187483,1.3293552982479637,852.7205587869195,1270603.618941357,687.3977456325233,649.8825331399051,261.44717469013113,2282939.455073222,336988.14743076166,78.00837397055936,28.90974129952772,22909.16889540881,2.1287622202186065,0.03736136648127609,2912.9041199585445,0.9047616494308031,3271.0812527785115,16.934511822255676,261.44717469013113,0.7556925180109884,,,0.0011727171225032974,2.9525504203958803e-05,0.0003057093122191884,2255.2019106856833,13336.673523197362,1131474.9559659208,287.73643452099236,25295073.976415295,0.04794216981470622,0.0485,0.04794216981470622,-1.4210854715201802e-14,1.0,0.005557521601035995,0.0013216415145030625,0.006157521601035994,0.0002084070600388498,two-phase,False,
0.04951001513650298,1.0003267024763052,2177.4563654797075,641.4542146187483,1.3292442575280043,852.6493312491073,1270197.4404149274,687.7496433104379,650.2585087864059,261.45286935666314,2283301.805162384,336726.6690897467,78.11793064294487,28.86919676602262,22911.239821472926,2.1287548565662253,0.037361136404180526,2909.113249133052,0.9048986540973549,3266.92133961306,16.93997069628193,261.45286935666314,0.7546763939907349,,,0.0011728150874580857,2.9515989665185344e-05,0.0003060985851953331,2255.2019106856833,13337.161084007643,1131079.6370027126,287.7377624504077,25289595.49614309,0.04825966762804864,0.0485,0.04825966762804864,1.4210854715202206e-14,1.0,0.005557521601035995,0.0013216415145030625,0.006157521601035994,0.0002084070600388498,two-phase,False,
0.04951001513650298,1.0003267024763052,2177.4563654797075,641.4542146187483,1.3291331052460804,852.5780321494027,1269790.840512334,688.1019690133671,650.6349236967721,261.4585476794611,2283663.7524668262,336465.27444994595,78.22772604885311,28.828677817853386,22913.305011212593,2.1287475317464506,0.037360907003247554,2905.325344589226,0.9050355672864187,3262.7644398843267,16.945436046299587,261.4585476794611,0.7536602050643499,,,0.001172913167231083,2.9506469980109255e-05,0.00030648856772370995,2255.2019106856833,13337.647283906615,1130683.9887584804,287.7390867702646,25284144.79897512,0.04857716544139107,0.0485,0.04857716544139107,-0.0,1.0,0.005557521601035995,0.0013216415145030625,0.006157521601035994,0.0002084070600388498,two-phase,False,
0.04951001513650298,1.0003267024763052,2177.4563654797075,641.4542146187483,1.329021884625064,852.5066892132993,1269383.9796633988,688.4545831772161,651.0116288532447,261.4642096641321,2284025.2348243045,336203.9635650768,78.3377242532824,28.788197923571783,22915.364464918766,2.1287402456025597,0.0373606782781116,2901.541922225466,0.9051723344134222,3258.612218008699,16.950905752256848,261.4642096641321,0.7526443365929185,,,0.0011730113237267486,2.9496948853805636e-05,0.0003068791046917171,2255.2019106856833,13338.132123059284,1130288.1674719471,287.7404074801588,25278720.625559367,0.048894663254733496,0.0485,0.048894663254733496,-1.4210854715201802e-14,1.0,0.005557521601035995,0.0013216415145030625,0.006157521601035994,0.0002084070600388498,two-phase,False,
0.04951001513650298,1.0003267024763052,2177.4563654797075,641.4542146187483,1.3289105599224127,852.4352795135923,1268976.7254877512,688.807601186609,651.3887474149917,261.4698709977308,2284386.282944221,335942.7365161082,78.44800145919753,28.747729307784365,22917.423887611396,2.128732977871456,0.03736044959499498,2897.7618510967086,0.9053089968752007,3254.4634339010327,16.956381577490728,261.4698709977308,0.75162837636712,,,0.0011731095885315886,2.9487423228534823e-05,0.0003072703136201252,2255.2019106856833,13338.61694460187,1129892.0451044305,287.7417282383642,25273288.52733785,0.04921216106807592,0.0485,0.04921216106807592,1.4210854715202206e-14,1.0,0.005557521601035995,0.0013216415145030625,0.006157521601035994,0.0002084070600388498,two-phase,False,
0.04951001513650298,1.0003267024763052,2177.4563654797075,641.4542146187483,1.328799218420957,852.3638590382216,1268569.3978420424,689.1607457270668,651.7659831289651,261.4755316804349,2284746.868268481,335681.59331816435,78.55848471476118,28.707299012628866,22919.48327932226,2.128725728549962,0.03736022095388264,2893.98812798967,0.9054454464476467,3250.321377665925,16.961859224457697,261.4755316804349,0.7506130944386273,,,0.001173207884633173,2.9477900587633604e-05,0.0003076618844128287,2255.2019106856833,13339.101748552144,1129495.932959775,287.74304904487894,25267847.940205827,0.049529658881418345,0.0485,0.049529658881418345,-1.4210854715201802e-14,1.0,0.005557521601035995,0.0013216415145030625,0.006157521601035994,0.0002084070600388498,two-phase,False,
0.04951001513650298,1.0003267024763052,2177.4563654797075,641.4542146187483,1.328687762450355,852.2923651361345,1268161.6405413807,689.5143253808028,652.1436656809867,261.48117603456177,2285107.0520945676,335420.5340596925,78.66920987509073,28.666894128801395,22921.536935526216,2.1287185176396264,0.03735999298794002,2890.2172934985674,0.9055818070953993,3246.182252330266,16.967343508624438,261.48117603456177,0.7495977486796119,,,0.001173306298291517,2.9468372567918594e-05,0.00030805417634273364,2255.2019106856833,13339.585192053903,1129099.4834973023,287.7443662407573,25262435.129859723,0.049847156694760766,0.0485,0.049847156694760766,1.4210854715202408e-14,1.0,0.005557521601035995,0.0013216415145030625,0.006157521601035994,0.0002084070600388498,two-phase,False,
0.04951001513650298,1.0003267024763052,2177.4563654797075,641.4542146187483,1.3285762884767256,852.2208596859297,1267753.805552956,689.8680353604902,652.5214694157381,261.486819741748,2285466.773810354,335159.55875668523,78.78014230926297,28.62652750527612,22923.59056098536,2.1287113250304985,0.03735976506373909,2886.4527502555975,0.9057179566354802,3242.049794333817,16.97282967634002,261.486819741748,0.7485830815948799,,,0.0011734047443623143,2.9458847436441063e-05,0.00030844683562470765,2255.2019106856833,13340.06861809688,1128703.039996723,287.7456834846747,25257013.84352472,0.050164654508103194,0.0485,0.050164654508103194,-0.0,1.0,0.005557521601035995,0.0013216415145030625,0.006157521601035994,0.0002084070600388498,two-phase,False,
0.04951001513650298,1.0003267024763052,2177.4563654797075,641.4542146187483,1.3284646988981663,852.1492800804552,1267345.5340922885,690.22218748142,652.8997273024152,261.4924471278974,2285826.0628267643,334898.66749899316,78.89131815428526,28.586186204611973,22925.63845134231,2.1287041706228687,0.0373595378142142,2882.6910220964887,0.9058540194547455,3237.9201877063033,16.97832254376976,261.4924471278974,0.7475683512348588,,,0.0011735033090746558,2.944931683981209e-05,0.0003088402252151823,2255.2019106856833,13340.550683920625,1128306.2525422876,287.74699711741874,25251619.694481235,0.05048215232144562,0.0485,0.05048215232144562,-1.4210854715201802e-14,1.0,0.005557521601035995,0.0013216415145030625,0.006157521601035994,0.0002084070600388498,two-phase,False,
0.04951001513650298,1.0003267024763052,2177.4563654797075,641.4542146187483,1.3283530460983008,852.0776599214075,1266937.0205836277,690.5766124059264,653.2782585567264,261.4980738710448,2286184.920811524,334637.8603364434,79.00273991441057,28.54586958792705,22927.686311188812,2.128697034408543,0.037359310606169656,2878.9340430612074,0.9059899266388317,3233.795557067464,16.983819523321994,261.4980738710448,0.7465539148248523,,,0.001173601946203162,2.943978527994869e-05,0.0003092341437029001,2255.2019106856833,13341.032732417909,1127909.311088416,287.7483107979322,25246217.689715218,0.050799650134788044,0.0485,0.050799650134788044,1.4210854715202408e-14,1.0,0.005557521601035995,0.0013216415145030625,0.006157521601035994,0.0002084070600388498,two-phase,False,
0.04951001513650298,1.0003267024763052,2177.4563654797075,641.4542146187483,1.3282412764363447,852.0059648006793,1266528.0672674389,690.9314823308741,653.6572469937979,261.50368430066885,2286543.3467490836,334377.13735957316,79.11440680508062,28.50557820956647,22929.728436336678,2.1286899361866713,0.03735908407230928,2875.1798524051637,0.9061257479213028,3229.673749664572,16.989323265977625,261.50368430066885,0.7455394156590293,,,0.001173700703179869,2.9430248172467644e-05,0.0003096287976777401,2255.2019106856833,13341.51342092433,1127512.02250419,287.749620866737,25240842.819491565,0.05111714794813047,0.0485,0.05111714794813047,-1.4210854715202004e-14,1.0,0.005557521601035995,0.0013216415145030625,0.006157521601035994,0.0002084070600388498,two-phase,False,
0.04951001513650298,1.0003267024763052,2177.4563654797075,641.4542146187483,1.3281294863609674,851.9342565856759,1266119.0275454577,691.286490565036,654.0363650719812,261.5092940912145,2286901.311887988,334116.4985861697,79.22628365055466,28.4653249751403,22931.770531204897,2.1286828560507693,0.03735885757966922,2871.431843796039,0.906261361524837,3225.558493028104,16.994829021200413,261.5092940912145,0.7445255958847806,,,0.0011737994948198608,2.9420713758065394e-05,0.00031002383065179375,2255.2019106856833,13341.99409223506,1127114.7311661618,287.7509309830424,25235459.498217184,0.05143464576147289,0.0485,0.05143464576147289,1.4210854715202206e-14,1.0,0.005557521601035995,0.0013216415145030625,0.006157521601035994,0.0002084070600388498,two-phase,False,
0.04951001513650298,1.0003267024763052,2177.4563654797075,641.4542146187483,1.3280175876144285,851.862478663098,1265709.5782238191,691.6419178118076,654.4159125262105,261.51490324285464,2287258.877302622,333855.94410055166,79.3384463572022,28.42508284737744,22933.812595826614,2.128675793997568,0.0373586311282346,2867.6870159583896,0.9063968756600775,3221.4464924191716,17.000341139390727,261.51490324285464,0.7435116852928328,,,0.0011738983991516883,2.9411174511167453e-05,0.00031041955914935647,2255.2019106856833,13342.474746368176,1126717.1228788262,287.75224114684687,25230068.95197691,0.05175214357481532,0.0485,0.05175214357481532,-0.0,1.0,0.005557521601035995,0.0013216415145030625,0.006157521601035994,0.0002084070600388498,two-phase,False,
0.04951001513650298,1.0003267024763052,2177.4563654797075,641.4542146187483,1.327905658048399,851.790680971228,1265300.0027928527,691.997518536074,654.7956270677164,261.52049609041427,2287615.950930131,333595.4739286795,79.45078113889019,28.384892865223062,22935.848926267125,2.128668769674787,0.037358405350364374,2863.9478664251083,0.9065321990870773,3217.340490481915,17.005855789201686,261.52049609041427,0.7424984829602448,,,0.0011739973473996932,2.9401637071242726e-05,0.00031081571967852656,2255.2019106856833,13342.954040803126,1126319.4722804995,287.7535476982746,25224704.33204036,0.05206964138815775,0.0485,0.05206964138815775,-1.4210854715201802e-14,1.0,0.005557521601035995,0.0013216415145030625,0.006157521601035994,0.0002084070600388498,two-phase,False,
0.04951001513650298,1.0003267024763052,2177.4563654797075,641.4542146187483,1.3277936179003467,851.7188123460533,1264890.012907677,692.353542138813,655.1757751608782,261.52608830297584,2287972.625536676,333335.08815587126,79.56340345042732,28.344713937367032,22937.885226690596,2.12866176332776,0.037358179613440706,2860.2118522868336,0.9066674246194825,3213.2376961962896,17.011376902469614,261.52608830297584,0.7414851901149688,,,0.0011740964101115805,2.9392094647401108e-05,0.0003112125819959608,2255.2019106856833,13343.433318190446,1125921.499999973,287.75485429693333,25219332.500014443,0.05238713920150017,0.0485,0.05238713920150017,1.4210854715202206e-14,1.0,0.005557521601035995,0.0013216415145030625,0.006157521601035994,0.0002084070600388498,two-phase,False,
0.04951001513650298,1.0003267024763052,2177.4563654797075,641.4542146187483,1.3276815023212878,851.6468953353416,1264479.7333871082,692.7098815637285,655.5562422711203,261.53166421891405,2288328.8710740088,333074.7868417503,79.67623699775876,28.30457355496245,22939.915793333053,2.128654794503389,0.03735795454959336,2856.4799994239347,0.9068025139655602,3209.1392360290056,17.016902751148116,261.53166421891405,0.7404722209470646,,,0.0011741955562536788,2.9382550239130058e-05,0.0003116100382223994,2255.2019106856833,13343.911236105867,1125523.326487582,287.75615728268303,25213987.830183692,0.0527046370148426,0.0485,0.0527046370148426,-1.42108547152016e-14,1.0,0.005557521601035995,0.0013216415145030625,0.006157521601035994,0.0002084070600388498,two-phase,False,
0.04951001513650298,1.0003267024763052,2177.4563654797075,641.4542146187483,1.32756931913881,851.5749349601318,1264069.1948144385,693.0665097900044,655.9369996106811,261.53723950374655,2288684.656242483,332814.5700396442,79.78932184296204,28.26445768174689,22941.94633018872,2.128647843548021,0.03735772952643454,2852.75270434238,0.9069374536407413,3205.0455468626765,17.02243294766628,261.53723950374655,0.739459546760561,,,0.0011742947789401728,2.9373004525099237e-05,0.0003120080464937137,2255.2019106856833,13344.389137103573,1125124.9822370436,287.7574603153966,25208634.723403633,0.05302213482818502,0.0485,0.05302213482818502,1.4210854715202206e-14,1.0,0.005557521601035995,0.0013216415145030625,0.006157521601035994,0.0002084070600388498,two-phase,False,
0.04951001513650298,1.0003267024763052,2177.4563654797075,641.4542146187483,1.3274570147100264,851.5028968109682,1263658.199172104,693.4235995258491,656.3182314567812,261.5427984993861,2289040.043372588,332554.43784364365,79.90265750701067,28.224366761365996,22943.971133658393,2.128640929908531,0.037357505175866175,2849.028030314481,0.9070723125468126,3200.954501412656,17.027970141947364,261.5427984993861,0.7384468115985819,,,0.0011743941256632012,2.9363452944299014e-05,0.00031240681476686925,2255.2019106856833,13344.865678853324,1124726.2741751538,287.7587597346704,25203309.381895106,0.05333963264152745,0.0485,0.05333963264152745,-0.0,1.0,0.005557521601035995,0.0013216415145030625,0.006157521601035994,0.0002084070600388498,two-phase,False,
0.04951001513650298,1.0003267024763052,2177.4563654797075,641.4542146187483,1.327344685933873,851.4308430440816,1263247.1039178523,693.7808394658473,656.6996055783502,261.5483568677972,2289394.9404693684,332294.3902742544,80.01620783995098,28.184313797981467,22945.995907569377,2.128634034031721,0.037357280865729474,2845.309368935514,0.9072069690870901,3196.869826528568,17.033509561069213,261.5483568677972,0.7374347569823386,,,0.001174493510740985,2.93539037394132e-05,0.0003128059803066441,2255.2019106856833,13345.342203814347,1124327.5501027037,287.7600592006415,25197975.01148807,0.053657130454869875,0.0485,0.053657130454869875,-1.4210854715201802e-14,1.0,0.005557521601035995,0.0013216415145030625,0.006157521601035994,0.0002084070600388498,two-phase,False,
0.04951001513650298,1.0003267024763052,2177.4563654797075,641.4542146187483,1.327232234628698,851.3587106804378,1262835.547275223,694.1385448798364,657.0814583770571,261.5538989544188,2289749.4402265935,332034.42742645624,80.13001057117549,28.144285700330713,22948.014948490054,2.1286271752644383,0.0373570572276989,2841.5932879454836,0.9073415461014654,3192.7877519296417,17.039056041015346,261.5538989544188,0.7364226419443991,,,0.0011745930210789323,2.9344348583421018e-05,0.0003132059121047507,2255.2019106856833,13345.817369751108,1123928.4580528273,287.76135505264364,25192668.404594656,0.053974628268212296,0.0485,0.053974628268212296,1.4210854715202206e-14,1.0,0.005557521601035995,0.0013216415145030625,0.006157521601035994,0.0002084070600388498,two-phase,False,
0.04951001513650298,1.0003267024763052,2177.4563654797075,641.4542146187483,1.3271197137808446,851.2865337083497,1262423.724620234,694.4965456868342,657.4636083520702,261.55944041767424,2290103.48105416,331774.5493550095,80.2440678019043,28.104282004409608,22950.03396007791,2.1286203341539807,0.03735683362984431,2837.8816881281864,0.9074759757807955,3188.7103669730154,17.04460698335096,261.55944041767424,0.735410822532089,,,0.0011746926098358786,2.9334791966068572e-05,0.0003136064066393342,2255.2019106856833,13346.292519026982,1123529.1884346486,287.76265095107743,25187353.388003644,0.054292126081554724,0.0485,0.054292126081554724,-1.4210854715201802e-14,1.0,0.005557521601035995,0.0013216415145030625,0.006157521601035994,0.0002084070600388498,two-phase,False,
0.04951001513650298,1.0003267024763052,2177.4563654797075,641.4542146187483,1.3270071669495993,851.2143400691054,1262011.7944999814,694.8547044250715,657.8459086875702,261.56498125772987,2290457.0643250635,331514.75608203665,80.35834171250626,28.06431619450285,22952.052942367183,2.128613510696989,0.03735661007215109,2834.1760030867845,0.9076102060577521,3184.6392474273566,17.050160230168952,261.56498125772987,0.7343996841027787,,,0.0011747922384846283,2.9325237607755047e-05,0.00031400730893077727,2255.2019106856833,13346.767651660153,1123129.8950026287,287.7639468959413,25182029.996143423,0.054609623894897145,0.0485,0.054609623894897145,0.0005951044302922737,0.9999998229253428,0.005557521601035995,0.0013216415145030625,0.006157521601035994,0.0002084070600388498,two-phase,False,
0.04951078881028985,1.0003267126868904,2177.4563618714383,641.4632109388472,1.3268937727262275,851.1535400277269,1261614.451634399,695.2156235044206,658.2306099439134,261.57050582529905,2290810.287868677,331255.0456164303,80.47290922265347,28.02460110445241,22954.239005701224,2.1286067240914286,0.037356377920644494,2830.4907655544293,0.9077439906600567,3180.593254866729,17.055752184197637,261.57050582529905,0.7333881006275855,,,0.0011748761568534678,2.931562294058518e-05,0.00031440675366769004,2255.221180679673,13347.357339969856,1122742.7617715963,287.76523922617605,25176735.100047883,0.054927121325627465,0.048499622111450126,0.054927121708239574,0.0030620226138962613,0.9999953119977673,0.0055574741141603086,0.0013216401717013203,0.006157474114160308,0.0002084052792810116,two-phase,False,
0.04951399614791081,1.0003267550175363,2177.456346912417,641.5005058699071,1.3267782164642676,851.1288970390008,1261264.8316707867,695.5834648394298,658.6210245641129,261.5760297735147,2291163.0494812075,330995.4123265472,80.58769493608418,27.985675315897527,22956.96870363967,2.1285999550340287,0.03735611667634473,2826.872285519248,0.9078762550668987,3176.6294707630773,17.061438886017637,261.5760297735147,0.7323771984745773,,,0.0011749101733931348,2.9305851829986337e-05,0.00031479906901442427,2255.301064937851,13348.311645336571,1122395.4918776762,287.7665316025759,25171431.74031655,0.055244615061796835,0.04849805563357213,0.055244619521582,0.00684656434602552,0.999976562003658,0.005557277264744568,0.0013216346051110916,0.0061572772647445675,0.00020839789742792129,two-phase,False,
0.049519691071187706,1.0003268301862527,2177.4563203489133,641.5667258107945,1.3266603956845797,851.141166322209,1260963.7354104214,695.9585555785161,659.0174675884678,261.5815374565918,2291515.431684818,330735.8526520199,80.70269837337167,27.94755252326502,22960.24846381259,2.1285932226227664,0.037355826354964754,2823.319766262197,0.9080070434125332,3172.7472022773895,17.067225195832425,261.5815374565918,0.7313666224881787,,,0.0011748932369480046,2.929591625251965e-05,0.0003151842665820342,2255.4429015590194,13349.637316117783,1122088.7173641268,287.76782036382065,25166156.468113128,0.05556210047763087,0.04849527458393021,0.05556211733492442,0.01069929063905513,0.9999427609517562,0.005556927787739595,0.0013216247215978986,0.0061569277877395944,0.00020838479204023482,two-phase,False,
0.049527910338724564,1.000326938689663,2177.4562820054325,641.6622970977785,1.3265402420225683,851.1908588888442,1260711.6863058272,696.3411206518708,659.4201565684685,261.5870445241467,2291867.454412936,330476.36303731735,80.81799925106006,27.910213295181347,22964.092242882147,2.128586507654647,0.03735550592792508,2819.832775974096,0.9081363815840124,3168.9460935704456,17.07311438913069,261.5870445241467,0.7303559574685312,,,0.0011748246466196936,2.9285810930799865e-05,0.00031556232591930963,2255.6475971868927,13351.34119187886,1121822.848710354,287.7691091709663,25160874.769102257,0.05587957271755614,0.04849126164818842,0.05587961514826685,0.014547541323630593,0.9998941789216683,0.005556423507361765,0.0013216104581801813,0.006156423507361765,0.0002083658815260662,two-phase,False,
0.049538614539971736,1.00032708002394,2177.4562320600276,641.7867599120182,1.3264177890032312,851.2773750940466,1260507.8408487467,696.7310563093042,659.8290104262653,261.5925509763429,2292219.1692207376,330216.94009110495,80.93359872530318,27.873642011857108,22968.491233604134,2.128579810126488,0.03735515592131998,2816.410066293503,0.9082642969730788,3165.2246069831626,17.07910511037701,261.5925509763429,0.7293452034082686,,,0.0011747052479687047,2.9275538546583885e-05,0.00031593334570753244,2255.914157600396,13353.41733636938,1121597.1731598459,287.7703980240117,25155587.673970927,0.056197027324168876,0.048486036981859694,0.05619711296160927,0.01839994072450204,0.999830706760567,0.005555766956427533,0.0013215918844172831,0.006155766956427533,0.00020834126086603246,two-phase,False,
0.04955185281289004,1.000327254859398,2177.4561702758288,641.9406835569227,1.326293082568243,851.4014880206762,1260353.4190948016,697.1282206209016,660.2438472199112,261.5980568133437,2292570.56728318,329957.58017768734,81.04941940717636,27.837877264339582,22973.456362720535,2.1285731300352517,0.03735477581456434,2813.0555225097087,0.9083906631122612,3161.587176950753,17.085194933268962,261.5980568133437,0.7283351311338454,,,0.0011745340054840439,2.9265103614731394e-05,0.00031629682941859195,2256.243789802958,13355.873057428695,1121412.7422284428,287.7716869229551,25150295.01200565,0.05651445921648022,0.048479577796244296,0.0565146107749517,0.022247621147261337,0.9997524910463028,0.005554955271224433,0.0013215689165735312,0.006154955271224433,0.00020831082267091624,two-phase,False,
0.04956757533146356,1.0003274625645229,2177.4560968760165,642.1234861738111,1.326166068611031,851.5623792219328,1260247.0083083587,697.532794651418,660.6648969071827,261.603546396348,2292921.6675226963,329698.2799453065,81.16550038175524,27.802886965476628,22978.970699140777,2.128566486281482,0.03735436691187226,2809.764254758546,0.9085156341424444,3158.0282247206565,17.091386889633846,261.603546396348,0.7273250004831855,,,0.0011743120931595097,2.9254501301076782e-05,0.00031665328136465756,2256.635232610291,13358.699472444512,1121268.3181210142,287.77297220595506,25145032.037717458,0.05683186420787308,0.048471909874795244,0.05683210858829413,0.02609949485293602,0.9996593501630551,0.005553991691796728,0.0013215416429777434,0.006153991691796728,0.00020827468844237732,two-phase,False,
0.04958584401692678,1.0003277039890015,2177.456011560339,642.3358846984779,1.3260367007958593,851.7609573483592,1260189.776912583,697.9449280332012,661.0922804269522,261.6090353679712,2293272.52169562,329439.03581161605,81.28188289635654,27.768672707506163,22985.053635346256,2.128559859860085,0.03735392793450058,2806.537903188717,0.9086391702772385,3154.5497652261347,17.09768305356304,261.6090353679712,0.7263147810883762,,,0.0011740383160002167,2.9243728429964287e-05,0.00031700244866110543,2257.0900031987676,13361.907101316707,1121164.868946857,287.7742575345898,25139764.896133423,0.05714923690240289,0.048463004773700365,0.05714960640163655,0.029946339125042253,0.9995515078138835,0.005552872643789562,0.0013215099584617976,0.006152872643789562,0.00020823272414210856,two-phase,False,
0.04960659814101768,1.0003279783670103,2177.455914599444,642.5771695934767,1.3259050699734392,851.9963270131732,1260180.5921511888,698.3643361545237,661.525738594219,261.6145080928886,2293623.088622858,329179.84442301793,81.39848819582993,27.735239456172312,22991.68571253318,2.128553269572672,0.0373534603390371,2803.375777581322,0.9087612701221927,3151.15079556886,17.104079357096477,261.6145080928886,0.7253048892693781,,,0.001173713980089187,2.9232792339246847e-05,0.00031734438142604836,2257.6065614817585,13365.485385066115,1121101.4567701702,287.77553924675817,25134527.63231941,0.05746657347755784,0.04845289412734532,0.05746710421497898,0.03379748806722198,0.9994287017093045,0.0055516021024970795,0.001321473970951894,0.006151602102497079,0.0002081850788436405,two-phase,False,
0.04962991299888157,1.0003282867359076,2177.455805626764,642.8482122500523,1.325771119441273,852.2695939855728,1260220.8770964167,698.7912070188381,661.9654243275494,261.6199802102247,2293973.420098193,328920.7021462585,81.51535734160767,27.70259277285394,22998.889214784285,2.1285466965130038,0.03735296271373753,2800.279800889117,0.9088818879152025,3147.8336911637193,17.110578309507677,261.6199802102247,0.7242952944615098,,,0.001173337646980432,2.9221689118606217e-05,0.00031767879059401994,2258.186749168227,13369.446800468095,1121079.2605397268,287.77682100429877,25129286.405677404,0.057783868125900195,0.04844154357174913,0.0577846020283214,0.03764322981965301,0.9992912424557442,0.005550175749614073,0.0013214335528546307,0.006150175749614073,0.00020813159061052776,two-phase,False,
0.049655716289513666,1.0003286281864405,2177.455684963637,643.1481676844581,1.3256348784467256,852.5796430916209,1260309.004951615,699.2254513851206,662.4112950450224,261.62546735215477,2294323.5663609975,328661.60568073945,81.63257147393813,27.670679607855952,23006.653428266385,2.1285401219720996,0.037352435415780545,2797.2468543102073,0.9090011076876668,3144.5947383085154,17.117178963828035,261.62546735215477,0.7232855800988204,,,0.0011729109510213074,2.921042077415901e-05,0.0003180060017965629,2258.828730820743,13373.781700458509,1121096.8957659868,287.7781064695692,25124007.372199055,0.05810111749067227,0.048428990899636,0.058102099841663826,0.04149345456379965,0.9991387757605856,0.005548598334314332,0.0013213888328342711,0.006148598334314332,0.00020807243753678746,two-phase,False,
0.04968409746137301,1.000329003954596,2177.4555521733096,643.4780707465097,1.325496287697917,852.9277939895163,1260446.704569602,699.6672640534659,662.8635017592972,261.6309226227928,2294673.486979384,328402.5513867893,81.74997046985094,27.639578077387274,23014.980860059022,2.1285336020658674,0.03735187941068853,2794.2790664038166,0.909118878078203,3141.436588430129,17.123883891203445,261.6309226227928,0.7222762250159984,,,0.0011724321883363217,2.919898331340885e-05,0.00031832569967606134,2259.534691625549,13378.499258670068,1121155.7966403465,287.7793846554909,25118794.26736839,0.05841831524675391,0.0484151954773493,0.058419597655006254,0.04533782679345596,0.9989717120427618,0.00554686475042197,0.001321339659562386,0.0061468647504219695,0.00020800742814082386,two-phase,False,
0.049714971784166784,1.0003294129760294,2177.455407631929,643.8369310846073,1.3253553601531238,853.3127276775216,1260631.9993893744,700.1166096739262,663.3220679077805,261.63639291834494,2295023.2935358523,328143.5360313851,81.86775665948855,27.60919038240602,23023.869355849758,2.12852708067257,0.03735129396576925,2791.3723195166413,0.909235316287421,3138.354384737592,17.130693016936437,261.63639291834494,0.7212663648600898,,,0.0011719032982453223,2.918737727105785e-05,0.00031863832996782904,2260.3024797923076,13383.590613998662,1121254.2743118685,287.78066654913954,25113544.77368946,0.05873545861578542,0.048400201647936826,0.058737095468348675,0.04918692743726072,0.9987895905391093,0.005544980570248714,0.0013212861838975381,0.006144980570248714,0.00020793677138432679,two-phase,False,
0.04974844383054527,1.0003298566990304,2177.455250827726,644.2259582197532,1.3252120873712916,853.7360268311696,1260867.1418256857,700.5735190052171,663.7869597208517,261.64186260695584,2295372.946311742,327884.555938478,81.98577067659552,27.579598616993277,23033.336115135746,2.1285205764956037,0.037350678636748486,2788.5314008559435,0.9093502817206554,3135.353758816515,17.1376063208167,261.64186260695584,0.7202571873458469,,,0.0011713222454857873,2.917560309415325e-05,0.00031894327623734064,2261.134647565362,13389.069841367465,1121394.2310023613,287.7819484881547,25108292.949984126,0.059052540636452065,0.04838396207392035,0.0590545932816911,0.05303462702126929,0.9985926738849603,0.00554293984519161,0.0013212282291464135,0.0061429398451916094,0.0002078602441946854,two-phase,False,
0.04978442190218581,1.000330333976242,2177.4550821661874,644.6440799411063,1.3250664987642582,854.1962739566683,1261150.0485995323,701.037908443526,664.2581538975509,261.64731606370134,2295722.494847741,327625.6078709862,82.10409311282166,27.550744148414235,23043.35449465344,2.1285141080417636,0.03735003531050778,2785.751857989711,0.9094638977929544,3132.4294581458507,17.144622961296182,261.64731606370134,0.7192475674553959,,,0.0011706911285950283,2.9163662632228488e-05,0.00031924102788636157,2262.028862888929,13394.92161950571,1121573.8895424407,287.7832268096577,25103074.59780002,0.05936955905544285,0.04836652497356224,0.059372091095033525,0.05687743842270523,0.9983811681910228,0.005540748634536212,0.0013211659588774935,0.0061407486345362115,0.00020777807379510793,two-phase,False,
0.04982300734114729,1.0003308462256735,2177.4549011462477,645.0924670495112,1.324918571592495,854.694989988317,1261482.84022268,701.5098505733838,664.73566405239,261.6527845406421,2296071.9295431087,327366.6881628989,82.22272616556819,27.522653331749492,23053.9580087634,2.128507638239764,0.037349361723783135,2783.0381588346822,0.9095760367822204,3129.5867533513388,17.151743649074582,261.6527845406421,0.7182382132255474,,,0.0011700080282600804,2.9151555097255514e-05,0.0003195310048296771,2262.9875882463016,13401.163522426514,1121795.034854157,287.78450883927184,25097819.888006706,0.059686506680736745,0.04834784524219844,0.05968958890837595,0.060724568085083336,0.998154560592136,0.005538401270263271,0.0013210992028578196,0.006138401270263271,0.00020769004763487268,two-phase,False,
0.04986412154671771,1.0003313924830304,2177.45470810871,645.570198685882,1.324768314030727,855.2309437015773,1261863.648078041,701.9893295800848,665.2195305534567,261.6582367894971,2296421.3010172728,327107.79355559614,82.34162968554098,27.49531213855661,23065.117130842056,2.1285012040569424,0.03734866025729962,2780.3857293560095,0.9096868303463693,3126.8203060526826,17.15896852147908,261.6582367894971,0.7172288024266728,,,0.0011692748109321663,2.9139280684273946e-05,0.000319813709174227,2264.0088102013883,13407.780802301904,1122056.0621017618,287.7857872511122,25092599.451947585,0.06000338128391206,0.048327965232830616,0.06000708672171838,0.06456451763530437,0.997913534862876,0.0055359030746079405,0.001321028102621489,0.00613590307460794,0.00020759636529779778,two-phase,False,
0.04990785213800248,1.0003319739970922,2177.454502612318,646.0782849776057,1.3246156718403015,855.8054215170409,1262294.1522964048,702.4765221517562,665.7098875965556,261.6637040554049,2296770.629645608,326848.92045136594,82.46088654861363,27.4687155984655,23076.862213861667,2.1284947686183116,0.03734792883993814,2777.797221283042,0.9097962111977224,3124.133338504469,17.166299928828643,261.6637040554049,0.7162192714694028,,,0.0011684899100397764,2.9126835839580832e-05,0.00032008877075608515,2265.094640601197,13414.788929560376,1122358.3659106265,287.78706937131966,25087344.082493797,0.06032017578220862,0.048306847161254926,0.0603245845350608,0.06841003301701783,0.9976572895451677,0.005533249299467133,0.0013209525125645726,0.006133249299467133,0.0002074968487300175,two-phase,False,
0.049954138308497334,1.000332590049667,2177.4542849109102,646.6160109368938,1.3244607284100995,856.4175128471112,1262773.1615921564,702.9711704844676,666.2065057143564,261.66915509700436,2297119.905058739,326590.06552584766,82.58037550444172,27.44288200490116,23089.167601764664,2.128488368695114,0.0373471696630579,2775.271424886593,0.9099041957614733,3121.5242786978188,17.173734202232527,261.66915509700436,0.7152100698195515,,,0.0011676547770205644,2.9114227232828707e-05,0.00032035631016048415,2266.243500888824,13422.175774059826,1122700.949467666,287.7883478734915,25082123.17253696,0.060636887734371966,0.04828452526837929,0.06064208234840323,0.07224769330680016,0.9973867207918133,0.005530444247680242,0.0013208725441013936,0.006130444247680241,0.00020739165928800908,two-phase,False,
0.05000305139418715,1.0003332416861734,2177.454054635101,647.1841962886717,1.3243033446763368,857.0681957667549,1263301.6629246892,703.4737235897894,666.7098209192245,261.6746055360772,2297469.2089479114,326331.2252599274,82.7002199444884,27.41778788979716,23102.054188935475,2.12848198587289,0.03734638150328699,2772.807242895912,0.9100108455341631,3118.9921640014823,17.181277981351972,261.6746055360772,0.7142003943494217,,,0.0011667682979478369,2.9101444056878922e-05,0.00032061638741568983,2267.4570888775556,13429.952972288524,1123084.5788422967,287.7896264207624,25076903.53871369,0.060953510362999085,0.048260970309679026,0.06095958016174566,0.07609139214246338,0.9971008474782388,0.005527484244271906,0.0013207880806667828,0.0061274842442719055,0.00020728065916019646,two-phase,False,
0.05005454997625139,1.0003339284567294,2177.453811943919,647.7823503424926,1.3241436609135644,857.7568928577012,1263879.1106662368,703.9837399570888,667.2193950678661,261.68007098749405,2297818.5000178507,326072.39627919096,82.82038071867964,27.393429975752955,23115.517724128396,2.128475601933584,0.03734556446661818,2770.4066310061776,0.9101160717715633,3116.538978142978,17.18892468333827,261.68007098749405,0.7131909840027466,,,0.0011658314941293004,2.9088497925915323e-05,0.00032086876083156206,2268.734299782351,13438.115292364926,1123508.8325660261,287.7909086767841,25071649.588784162,0.06127004083383795,0.04823620768756534,0.06127707797508808,0.07992649151786525,0.9968007604098447,0.0055243724814032676,0.00132069920086281,0.006124372481403267,0.00020716396805262256,two-phase,False,
0.0501086874462911,1.0003346511809637,2177.4535565477754,648.4110831607828,1.3239815715752214,858.4843249100048,1264506.198381099,704.5015623297593,667.7355632203017,261.68552022026245,2298167.8296059454,325813.57507662266,82.94081760188018,27.369833601220964,23129.55781375254,2.128469253353781,0.03734471944739701,2768.0682631541285,0.9102199353840061,3114.1634391625385,17.19667939141926,261.68552022026245,0.7121815177071734,,,0.001164843633114478,2.9075380695268897e-05,0.00032111352520050146,2270.0763765126794,13446.66759175418,1123974.237280778,287.79218731437794,25066431.894467298,0.06158647286752018,0.04821021746692645,0.06159457578843051,0.08376817061380752,0.9964852701329889,0.005521106453954294,0.0013206058199999745,0.006121106453954294,0.00020704149202328603,two-phase,False,
0.05016544357795953,1.0003354097026513,2177.4532885019316,649.0701492018101,1.3238171091309723,859.250168539549,1265182.4550088432,705.0270949065907,668.2582420422775,261.69096885097866,2298517.1870836057,325554.75827856694,83.06157290956739,27.346974688675985,23144.17482462059,2.128462921866767,0.037343846328110906,2765.7916962031786,0.910322441676098,3111.8649690565408,17.20454075189244,261.69096885097866,0.7111719632290296,,,0.0011638054161801105,2.9062095130031396e-05,0.0003213507044629836,2271.4827319595543,13455.60775777944,1124480.3881404633,287.79346599706645,25061215.46371748,0.06190280303230585,0.04818301539924164,0.06191207360177293,0.08760043592656326,0.9961556924625167,0.005517688141314253,0.0013205079808319721,0.006117688141314252,0.0002069133052992845,two-phase,False,
0.05022485194718576,1.0003362045901592,2177.453007605598,649.7599271899678,1.3236502131322436,860.054866109792,1265908.281978747,705.5605367162523,668.7876269472201,261.69643248933374,2298866.685232834,325295.9424403798,83.18273050530155,27.324831662066103,23159.381047118808,2.128456589401085,0.03734294438340798,2763.5763152556765,0.9104236211148893,3109.642996981369,17.21251173662651,261.69643248933374,0.7101619021081771,,,0.0011627165189160653,2.904863669234571e-05,0.0003215803231981074,2272.9541082483756,13464.941686794948,1125027.5831529577,287.79474838888945,25055967.775199704,0.06221902576530333,0.048154591714836,0.062229571415115356,0.09143989105165895,0.995810597616063,0.005514116315789584,0.0013204056337261364,0.006114116315789584,0.00020677936184210942,two-phase,False,
0.0502869155427524,1.0003370360095525,2177.45271380015,650.4804400799909,1.3234809600875748,860.8984773552545,1266683.8897641108,706.1016508322377,669.3234688149191,261.70187991469527,2299216.221369566,325037.12411549245,83.30412664735184,27.303455141102273,23175.164700022673,2.128450292139435,0.03734201512877726,2761.4239365127437,0.9105234030002838,3107.4995148850303,17.220588679011325,261.70187991469527,0.7091521711013026,,,0.0011615771502722085,2.9035012061428915e-05,0.00032180214195045415,2274.4904849846735,13474.666630772217,1125616.0126284352,287.7960271618923,25050756.307865854,0.06253513680562765,0.04812495161534612,0.06254706922845778,0.09526904749157979,0.9954515601424546,0.005510391631037221,0.0013202987822003701,0.0061103916310372205,0.00020663968616389577,two-phase,False,
0.05035164603678707,1.0003379042492737,2177.452406983724,651.2318110931147,1.323309318784462,861.7811243084011,1267509.2834479697,706.6505436159521,669.8658791743158,261.70734234455944,2299565.908417045,324778.2998691471,83.4258864924447,27.28280331425689,23191.53884361732,2.128443993991623,0.037341057493468666,2759.3338063068345,0.9106218157789131,3105.433720173909,17.228773222317262,261.70734234455944,0.7081423189170165,,,0.0011603874484980427,2.902121895436675e-05,0.00032201621097358295,2276.0920524908893,13484.786519950829,1126245.64900708,287.7973096442856,25045513.79625837,0.06285113155393786,0.04809409643931652,0.06286456704180021,0.09910607326617568,0.995076874538726,0.005506514255263628,0.0013201874152123073,0.0061065142552636275,0.00020649428457238605,two-phase,False,
0.050419071881076,1.0003388098297565,2177.452086972479,652.0143576043579,1.3231352158786596,862.7031578048276,1268384.6852837673,707.2074566975557,670.4151028353306,261.71280416955216,2299915.7361323168,324519.4662666316,83.54797000065952,27.262893537439865,23208.502979078505,2.1284377130230236,0.037340072102729084,2757.3043564551035,0.9107189207214988,3103.4439723594637,17.237069012130135,261.71280416955216,0.7071323782720658,,,0.001159147258188469,2.9007251734511134e-05,0.0003222226690432975,2277.7594113972,13495.30370167208,1126916.6286043655,287.7985921720266,25040274.788289577,0.06316700465849151,0.04806201985266246,0.06318206485514263,0.10293184419006192,0.9946884112382293,0.005502483392504243,0.0013200714932967753,0.006102483392504243,0.00020634312721890915,two-phase,False,
0.05048918053145717,1.0003397527275073,2177.451753774788,652.82792059433,1.3229587155707583,863.6643873182037,1269309.8985009447,707.7721917375875,670.9709427634638,261.71826538983214,2300265.7558592814,324260.619927736,83.67042020067153,27.243703789885668,23226.053203201143,2.1284314492308427,0.03733905943667217,2755.3363780170325,0.9108146803533465,3101.5310801305145,17.2454731005658,261.71826538983214,0.7061219633609402,,,0.0011578571661442901,2.8993115879412767e-05,0.0003224214022572101,2279.4921439223613,13506.215742815659,1127628.7897684353,287.7998747451138,25035040.296828397,0.0634827527621211,0.04802873533220668,0.06349956266848505,0.10676623397228724,0.9942841501720596,0.005498300736306558,0.0013199510478964238,0.0060983007363065575,0.0002061862776114959,two-phase,False,
0.05056202838394415,1.000340733853034,2177.4514070689756,653.6731404468676,1.3227798224500853,864.6656406606971,1270286.0558131477,708.3447419278546,671.533360450145,261.7237260055586,2300615.9266620907,324001.7572911973,83.7931550381075,27.22527311948185,23244.200835488868,2.128425202612281,0.03733801920724888,2753.4322781074134,0.9109090225076281,3099.6978817610325,17.253985110316428,261.7237260055586,0.705111845755301,,,0.001156516407007792,2.8978812535374344e-05,0.00032261208612752596,2281.2915314555635,13517.530447884916,1128383.075359124,287.80115736354594,25029809.50993743,0.06379836912751771,0.04799422393475491,0.06381706048182748,0.11058834072938367,0.9938662982990829,0.005493963906198573,0.0013198259924463724,0.006093963906198573,0.00020602364648244652,two-phase,False,
0.05063757613231897,1.0003417528353533,2177.4510469862157,654.5495465003752,1.3225984859178763,865.7062391596288,1271311.9227908966,708.9252754438928,672.1025680212701,261.72918601689037,2300966.330982488,323742.8750632287,83.91625940916059,27.207557896957365,23262.93594203648,2.1284189731644054,0.037336952221186874,2751.5878002802765,0.9110020828109795,3097.9395315101806,17.262607936452927,261.72918601689037,0.7041012538341004,,,0.0011551262481032075,2.896433736087843e-05,0.00032279519655844315,2283.15648637083,13529.241352104496,1129178.3914830089,287.80244002732144,25024584.054260295,0.06411385195283173,0.04795851239331059,0.06413455829516991,0.11441988649915386,0.9934324786182103,0.00548947626154858,0.001319696405140135,0.00608947626154858,0.00020585535980807172,two-phase,False,
0.05071591084069226,1.0003428110145856,2177.4506730530284,655.4581334987951,1.3224146941583947,866.7874671444414,1272389.2512855285,709.5138378824552,672.6785630091024,261.73466102142663,2301316.958793877,323483.9696478034,84.0397346990093,27.19057888899127,23282.282269381663,2.1284127431595574,0.037335857255626,2749.8064674932334,0.9110937600684114,3096.2602076126873,17.271341881664636,261.73466102142663,0.7030905397925886,,,0.0011536853472217546,2.894969038455565e-05,0.0003229702715363936,2285.0890361433094,13541.362119151607,1130016.1994626161,287.80372640138705,25019329.02516752,0.06442919278448297,0.047921567994080067,0.06445205610851233,0.11823922856070415,0.9929851382721544,0.005484833691420024,0.0013195621478166847,0.006084833691420024,0.00020568126342825093,two-phase,False,
0.05079696524636948,1.000343907654544,2177.4502855296487,656.398105456437,1.3222284586115447,867.9082552132028,1273516.3984735394,710.110401591457,673.2613673271693,261.74013541842925,2301667.861707305,323225.0378025082,84.16358277007073,27.174311263388024,23302.21784477282,2.1284065304180393,0.03733473607477761,2748.084411862,0.9111841651355662,3094.6553901159527,17.280186901774037,261.74013541842925,0.7020793511021456,,,0.0011521955160506553,2.893487222344039e-05,0.0003231377565314409,2287.0873952358234,13553.880725883726,1130895.0825586554,287.80501282105257,25014080.155762088,0.06474439163449837,0.047883431183468,0.06476955392185475,0.12206654049175944,0.992521918998454,0.005480041278458015,0.0013194233473396108,0.006080041278458015,0.0002055015479421756,two-phase,False,
0.05088085527736555,1.000345044503825,2177.449883798262,657.3707902441907,1.3220397806408566,869.0703353341365,1274695.8054288307,710.7149676435861,673.8509124831126,261.74560920805834,2302018.998960058,322966.0758438662,84.28772065775088,27.158811183671563,23322.76688446374,2.1284003349369858,0.03733358779001505,2746.4269009827885,0.9112731429292124,3093.1312829479693,17.28914249775193,261.74560920805834,0.7010684594733452,,,0.0011506548542075414,2.891988426059962e-05,0.00032329697918509633,2289.1542904459093,13566.813697213336,1131817.0909522793,287.80629928631663,25008836.63708583,0.0650594382396853,0.047844056474279244,0.06508705173519719,0.12589362397268294,0.992043746738532,0.0054750933065730294,0.0013192798172499487,0.006075093306573029,0.00020531599899648858,two-phase,False,
0.05096750371909599,1.0003462207036242,2177.449468162441,658.3752754479689,1.3218485972774354,870.2724343330428,1275925.3176646023,711.3277488844512,674.4474837804623,261.75108239047375,2302370.45364143,322707.080569433,84.41223423302785,27.14402365940822,23343.91088275514,2.128394156713324,0.03733241367433579,2744.8272801366174,0.9113609021238628,3091.680260276566,17.298212391735227,261.75108239047375,0.7000570931460028,,,0.001149065465650854,2.890472082762095e-05,0.00032344871261381507,2291.2876831648164,13580.14884465022,1132780.3409494522,287.8075857971777,25003600.105632048,0.0653743335345873,0.047803489478321255,0.06540454954853961,0.1297057016056426,0.9915525356585942,0.005469995507513837,0.0013191317021626486,0.006069995507513836,0.00020512483153176887,two-phase,False,
0.051057008220239265,1.0003474377740524,2177.4490380851225,659.4126753393166,1.321654935857802,871.5160171294061,1277207.051498613,711.9486612756757,675.0509346184588,261.7565705563513,2302722.2470621397,322448.0483661934,84.53716728504311,27.12995846163089,23365.675656864576,2.1283879782165913,0.037331212459287375,2743.2907761331635,0.9114472834697016,3090.308415884136,17.307394888633446,261.7565705563513,0.6990452179663476,,,0.0011474258422625365,2.8889385330219325e-05,0.0003235922974095452,2293.489836907161,13593.90127172414,1133786.6167594013,287.80887601910257,24998336.30254307,0.06568906814546299,0.047761694132654506,0.06572204736188203,0.1335294276127387,0.9910448486125208,0.0054647433494778,0.0013189788480815496,0.0060647433494778,0.0002049278756054175,two-phase,False,
0.05114932884673304,1.0003486953750556,2177.4485936865754,660.4825086114256,1.3214588781356826,872.8004748578958,1278540.2259298,712.5774544517299,675.6610316945444,261.76205811187225,2303074.337821198,322188.97584663995,84.66239421254524,27.11663949871379,23388.045053911566,2.128381817070083,0.03732998564685821,2741.8170465641206,0.9115322796685823,3089.015212729017,17.316686320601537,261.76205811187225,0.69803363959417,,,0.001145737231825881,2.8873884457048436e-05,0.0003237277679563583,2295.759622959582,13608.062915424849,1134835.261324363,287.8101662868816,24993079.094733085,0.06600364111244363,0.04771869908686606,0.06603954517522446,0.13733687119235397,0.9905243983926367,0.005459340432678211,0.0013188213366303117,0.006059340432678211,0.00020472526622543292,two-phase,False,
0.051244526971242516,1.0003499945528769,2177.448134597199,661.5854674059188,1.321260298668485,874.1266122594735,1279925.553443281,713.2145378933028,676.2781793063818,261.76756064424166,2303426.841024151,321929.8594992858,84.78804385482644,27.104038435061874,23411.036757292874,2.1283756558416083,0.037328732403691535,2740.40458236741,0.9116159618509543,3087.7991921517555,17.32609280407657,261.76756064424166,0.6970215518211008,,,0.0011439990339788015,2.8858208579048907e-05,0.00032385525669599737,2298.0983994749276,13622.643431849798,1135926.7988216793,287.81146026624253,24987796.08762579,0.06631804519988148,0.047674486042832795,0.06635704298856689,0.14115702611397038,0.9899872190986406,0.005453784457705102,0.0013186590769441145,0.006053784457705102,0.00020451691716394133,two-phase,False,
0.05134260350586124,1.0003513355390583,2177.447660735288,662.7215424790488,1.3210591981462343,875.4943895016078,1281362.8576313946,713.8599176306916,676.9023913211064,261.7730625631062,2303779.7471481357,321670.6959205757,84.91407586134369,27.092163567428894,23434.643487554044,2.128369512056464,0.0373274538090232,2739.0525583954905,0.911698354136503,3086.6594308453828,17.335614495646894,261.7730625631062,0.6960089886812577,,,0.0011422117742744982,2.8842358032682016e-05,0.00032397484154127014,2300.506032412589,13637.640755212478,1137061.0499996033,287.8127542917157,24982521.76175396,0.06663227707814934,0.04762906521916008,0.06667454080190931,0.14495954597631844,0.989437582685406,0.005448076708666294,0.001318492081837742,0.0060480767086662935,0.00020430287657498603,two-phase,False,
0.051443579916204636,1.000352718853708,2177.4471719171725,663.8909620469279,1.3208556157896025,876.9041054916466,1282852.5638712926,714.5134761602731,677.5335364382875,261.7785638686282,2304133.0463877893,321411.4816423686,85.04044892561598,27.081029283621,23458.868213891536,2.1283633857118263,0.037326150112726275,2737.76247586752,0.9117794044089265,3085.597644069915,17.34524952603698,261.7785638686282,0.6949963361045419,,,0.0011403755481784843,2.8826336528018768e-05,0.00032408632470985304,2302.9828876468823,13653.05719935613,1138238.3630565433,287.8140483632996,24977255.917695284,0.06694633215060218,0.047582437597622,0.06699203861525173,0.1487759142741247,0.9888709356290629,0.005442217308935157,0.0013183203295568028,0.006042217308935157,0.00020408314908506838,two-phase,False,
0.051547501820483684,1.000354145357807,2177.4466678387353,665.0942331966462,1.3206494409212168,878.3563272310762,1284395.0639351069,715.1755779451564,678.171982050565,261.784080142797,2304486.8231743914,321152.2131950129,85.167250047252,27.070615944989427,23483.724947660874,2.1283572595233586,0.03732482070621188,2736.5324204296867,0.91185919255861,3084.6118680451154,17.355003383912464,261.784080142797,0.6939831733580017,,,0.0011384901195536355,2.8810135552234124e-05,0.00032418989577244733,2305.5299171200413,13668.899985688251,1139458.9930453037,287.815346147114,24971965.574587323,0.06726020419254157,0.04753459340572591,0.06730953642859416,0.15257321772122154,0.988292169975151,0.00543620503046405,0.0013181437578515549,0.00603620503046405,0.00020385768864240186,two-phase,False,
0.051654346851876726,1.00035561498817,2177.446148522434,666.3310750939185,1.320440835278496,879.8507613690319,1285990.2568218545,715.8457120792393,678.8172062118723,261.7895958004701,2304841.0365526266,320892.88715176494,85.29439539788301,27.060938648555908,23509.201106414097,2.128351150868611,0.037323466954950944,2735.3653886219427,0.9119375968218879,3083.7053104306724,17.364868318318994,261.7895958004701,0.6929699208747807,,,0.001136556384225909,2.8793768592677845e-05,0.0003242852021616616,2308.1464009277815,13685.163518770069,1140722.891619065,287.81664397729776,24966684.571367644,0.06757389179894886,0.04748555451206374,0.06762703424193658,0.15638558179531395,0.9876960817005103,0.00543004262134128,0.0013179624204993207,0.00603004262134128,0.000203626598300298,two-phase,False,
0.05176420950264855,1.0003571292983875,2177.4456134194215,667.6025588938966,1.3202296473565196,881.3886909027992,1287639.458433992,716.5243743290114,679.4696849595064,261.7951264201512,2305195.7404249865,320633.49990388175,85.42197238496483,27.051991549560153,23535.32127692824,2.128345042562688,0.03732208776556502,2734.2605744203265,0.9120146733955913,3082.877403251424,17.37485160911492,261.7951264201512,0.6919561576369067,,,0.0011345732142032685,2.877722418864849e-05,0.0003243722890003113,2310.8344751048294,13701.862169863529,1142031.0783525733,287.817945520233,24961379.338633787,0.06788738527135942,0.04743528950068958,0.067944532055279,0.16018572414537094,0.9870868927202018,0.005423726133722654,0.0013177761734757022,0.006023726133722654,0.00020338973001459952,two-phase,False,
0.0518770309786645,1.0003586877405446,2177.445062723453,668.9079807613227,1.320015930127356,882.9691903942689,1289341.3322283358,717.2114030952941,680.1292933373792,261.8006564201779,2305550.9567095414,320374.0481499576,85.54994035555806,27.043765412539994,23562.064767482596,2.1283389518835665,0.03732068491311278,2733.215724459138,0.9120904774478918,3082.1254354708017,17.384951134733225,261.8006564201779,0.6909419183019125,,,0.0011325423478858573,2.8760506493518688e-05,0.00032445142838492157,2313.5925180325007,13718.984907416723,1143382.4084136519,287.819247109797,24956084.939357392,0.06820068612287568,0.047383837527055724,0.06826202986862144,0.16398551293508387,0.9864627471665706,0.005417260488027421,0.001317585133272062,0.0060172604880274205,0.0002031472683010283,two-phase,False,
0.05199292421856053,1.0003602921468366,2177.444495787247,670.2486233021223,1.3197996113702104,884.5938725555595,1291097.8910415915,717.9070389974361,680.7962237328584,261.80620137556014,2305906.707486263,320114.528243566,85.67830016284724,27.03628687039437,23589.46003935245,2.1283328617459882,0.03731925715116306,2732.2333785689543,0.9121649505154364,3081.452593495398,17.39517013890501,261.80620137556014,0.6899275536694748,,,0.0011304622731684048,2.87436107843366e-05,0.000324522273070463,2316.4231017704947,13736.548743561521,1144778.5243719625,287.8205524126348,24950767.190284938,0.06851378318961061,0.04733115968512285,0.06857952768196386,0.16779172870655637,0.9858224666630728,0.0054106407951784894,0.0013173891260012335,0.006010640795178489,0.00020289902981919338,two-phase,False,
0.05211184117993354,1.0003619421345917,2177.4439127461815,671.6239057596661,1.3195807828474644,886.2619993414118,1292908.1758581419,718.6109978531679,681.4702135694005,261.81174570812396,2306263.0157142524,319854.9368053303,85.80705445244283,27.0295358898996,23617.488626660997,2.1283267893287428,0.03731780616323272,2731.312971159597,0.9122380902957756,3080.85806643494,17.405504498503806,261.81174570812396,0.6889127126040885,,,0.0011283345114008136,2.8726544527507404e-05,0.0003245848975954821,2319.3248579288725,13754.544175260582,1146218.6167264674,287.82185776236133,24945461.15961993,0.06882667752611545,0.047277290777253414,0.06889702549530628,0.17157518614565875,0.9851710285524451,0.0054038714285697086,0.001317188250833919,0.006003871428569708,0.00020264517857136407,two-phase,False,
0.05223385598143193,1.0003636390233435,2177.4433131341466,673.0346596309707,1.3193594062415077,887.9746089106728,1294773.4494088977,719.3234114882343,682.1513650138601,261.8173049893775,2306619.872167184,319595.27022717556,85.93620399266658,27.02352777181657,23646.17034668294,2.128320717646388,0.03731633114889545,2730.4561143738565,0.9123098585230668,3080.34388013544,17.41595596978353,261.8173049893775,0.6878977456904851,,,0.0011261583270120244,2.870930547065541e-05,0.0003246390789186923,2322.2993952003194,13772.982415115193,1147703.704273436,287.82316682588544,24940132.0615627,0.06913936088617519,0.04722221047059475,0.06921452330864872,0.17537685834850691,0.9845013750908669,0.005396949833099456,0.0013169824009393706,0.005996949833099455,0.0002023856187412296,two-phase,False,
0.05235897947630561,1.0003653832668349,2177.4426967909762,674.4809837676095,1.3191353371096044,889.7316998963031,1296693.1480465906,720.0447551443897,682.8401882707269,261.82286364464295,2306977.363789951,319335.52511246444,86.06579560383246,27.01824522721693,23675.49944339576,2.128314663778092,0.03731483320589496,2729.6577634955283,0.9123804337823285,3079.9044889618644,17.42653196917766,261.82286364464295,0.6868819158766101,,,0.0011239343277490827,2.8691882061465298e-05,0.00032468539319447124,2325.346771299874,13791.862564979814,1149233.2087317074,287.82447593655905,24934816.20821434,0.06945183001027184,0.04716592752125998,0.06953202112199114,0.17915407369957795,0.9838210293934797,0.005389877109093355,0.0013167715770184,0.005989877109093355,0.0002021203915910008,two-phase,False,
0.05248722757242956,1.0003671753986865,2177.4420635282886,675.9630347163558,1.3189087742022283,891.5335775237671,1298668.13481858,720.7743983287025,683.5360101259366,261.82843724191895,2307335.4806707334,319075.69791717955,86.19578617447073,27.013700612970485,23705.48289663054,2.128308610838255,0.03731331216977454,2728.923986269549,0.9124495976914976,3079.54662975842,17.437222681970376,261.82843724191895,0.685865959627726,,,0.0011216627451963146,2.8674291148267937e-05,0.0003247231233119684,2328.4671618167727,13811.187202246081,1150807.91083471,287.8257887615555,24929478.813609738,0.06976408136866427,0.047108448702938205,0.06984951893533356,0.18295097665651522,0.9831220372570372,0.005382654107758287,0.0013165557717372668,0.005982654107758287,0.00020184952904093575,two-phase,False,
0.05261867529450864,1.000369016791652,2177.4414128611947,677.4816511348257,1.3186795765729737,893.381216854431,1300699.272581808,721.5128036147055,684.239286273338,261.83402577610104,2307694.2469653944,318815.78502957063,86.32622169830401,27.009894874681212,23736.13460979326,2.1283025589740374,0.03731176790690768,2728.253052277826,0.9125174314726545,3079.2686413296124,17.44803503073541,261.83402577610104,0.6848494903938859,,,0.0011193429872199132,2.8656522016331926e-05,0.00032475243847779556,2331.6621729996154,13830.966162385117,1152428.4412497971,287.82710530127054,24924120.36476764,0.07007610660206492,0.047049754749371966,0.07016701674867598,0.18672696059827784,0.9824118495751816,0.005375278408024935,0.0013163348789948716,0.005975278408024935,0.00020157294030093506,two-phase,False,
0.05275328259354666,1.0003709072188967,2177.4407448700404,679.0363412466984,1.3184477473523522,895.2739344870926,1302785.4161157606,722.2599717783569,684.9500540671446,261.8396292420729,2308053.7172225844,318555.78310248,86.45710426034272,27.00681021984495,23767.443413398472,2.1282965083327086,0.037310201461482166,2727.642061522977,0.9125840199879147,3079.0671646872715,17.458969304082,261.8396292420729,0.683832507738108,,,0.0011169765604456088,2.8638574894744635e-05,0.0003247736884302639,2334.930606916424,13851.192361785168,1154093.7914217212,287.8284255561011,24918741.945680518,0.07038790706339819,0.04698987819101783,0.07048451456201842,0.19051354662117237,0.9816845667289582,0.00536775409779103,0.001316108986726647,0.00596775409779103,0.00020129077866716362,two-phase,False,
0.052891171522012954,1.0003728487413086,2177.440058826802,680.6284846554624,1.3182132862560996,897.2135114771864,1304928.9934476847,723.0159147908646,685.668258359563,261.8452320721746,2308413.8840855896,318295.6883967429,86.58839271830719,27.004487808506788,23799.42734085695,2.1282904757941496,0.03730861287647596,2727.095753810508,0.9126492259611874,3078.9478449970547,17.470025138632455,261.8452320721746,0.6828150473171352,,,0.0011145619043939545,2.8620451088780733e-05,0.0003247862745141617,2338.2751955197245,13871.881048625908,1155805.9753554564,287.82974585887047,24913377.982171886,0.07069947040375332,0.04692877979191629,0.07080201237536084,0.1943031871990919,0.9809415229483736,0.005360076246520491,0.0013158779114023898,0.005960076246520491,0.0002010028592445184,two-phase,False,
0.05303229281022981,1.0003748410242514,2177.439354849934,682.2574814279633,1.3179762138440523,899.1991322392058,1307128.7123150062,723.7805762210387,686.3938818779168,261.85084982734344,2308774.802692723,318035.49751292984,86.72013227517624,27.00289360531437,23832.078954331548,2.128284444673601,0.03730700270582505,2726.6113899200445,0.912713126121785,3078.907469053209,17.481202006235463,261.85084982734344,0.6817970728499652,,,0.0011121007173458648,2.860215217590028e-05,0.0003247905336718381,2341.6945052653728,13893.025109688326,1157563.866700284,287.83106987728485,24907994.99454377,0.0710107990982462,0.04686649682238321,0.07111951018870326,0.19806402409791307,0.9801890850025525,0.005352249537739335,0.001315641757512137,0.0059522495377393346,0.00020070935766522503,two-phase,False,
0.05317672500533636,1.0003768855458954,2177.4386324173383,683.9242064594993,1.3177364263338556,901.2318397031586,1309385.6173549923,724.5543026911841,687.1272555169915,261.8564669434494,2309136.465739295,317775.2068708678,86.85228166524362,27.002056257665277,23865.406649955043,2.1282784317503403,0.037305371465109156,2726.188328150375,0.912775761993053,3078.9455860511334,17.49250496921205,261.8564669434494,0.6807786202436472,,,0.0011095924000303552,2.8583670599495764e-05,0.00032478651280178636,2345.1901956314987,13914.63332474566,1159368.2601124966,287.8323939439016,24902627.394427,0.07132188459868229,0.04680301032356625,0.0714370080020457,0.20184833458872486,0.9794167906584806,0.005344271589007915,0.0013154004160186865,0.005944271589007915,0.00020041018458779683,two-phase,False,
0.05332449571360973,1.000378983081052,2177.4378912554653,685.628945375928,1.3174940317744908,903.3120435446234,1311700.448095114,725.3367513791914,687.8680073983385,261.8621145351032,2309498.929051749,317514.8128652029,86.98492973055842,27.00194953399101,23899.425388466327,2.1282724038602407,0.03730371837642609,2725.830337125991,0.9128370024656735,3079.066440323213,17.503928724771374,261.8621145351032,0.6797596164954796,,,0.0011070371607976909,2.8565015766569326e-05,0.00032477376483471687,2348.7626828022926,13936.711154379134,1161219.7865610512,287.8337253946696,24897207.19127593,0.07163272289583685,0.04673832433853149,0.07175450581538811,0.20560185738003883,0.9786357219322612,0.0053361429083928985,0.001315153863960604,0.005936142908392898,0.0002001053590647337,two-phase,False,
0.053475607082154014,1.0003811340548376,2177.4371312143353,687.3716892271606,1.3172489820401907,905.4396579177236,1314072.7572081515,726.1280950824544,688.6163323011835,261.8677614809434,2309862.185374273,317254.3120074407,87.11799176712496,27.002593996201213,23934.12097406768,2.1282663943633264,0.03730204534379925,2725.5346086842255,0.9128969406233205,3079.2669198221633,17.515475943778725,261.8677614809434,0.6787401339823796,,,0.0011044358298815194,2.8546184049174736e-05,0.0003247526200352105,2352.411761452075,13959.254731497427,1163117.998977096,287.83505689417245,24891803.33462723,0.07194331245715707,0.04667245436789579,0.07207200362873054,0.20938060220321264,0.9778342208273445,0.0053278654437592474,0.0013149021214092277,0.005927865443759247,0.0001997949541409718,two-phase,False,
0.053630170212241736,1.0003833404592106,2177.4363515903437,689.1536843786544,1.3170011670437054,907.6162065991572,1316504.2566954975,726.9286952446664,689.3725575719922,261.87342333479955,2310226.2597863474,316993.70059865445,87.25151332876501,27.003999800081775,23969.520281360572,2.1282603867776695,0.03730035142806858,2725.3020130811033,0.9129555755605714,3079.5483575530507,17.527151862229257,261.87342333479955,0.677720135920529,,,0.0011017872893070138,2.852716767277474e-05,0.0003247229411245812,2356.1398484868027,13982.28021470463,1165064.2511270496,287.8363921106527,24886381.78139901,0.07225364175156446,0.0466053689140204,0.07238950144207297,0.21314909801767296,0.9770196835347037,0.00531943523699694,0.00131464502773793,0.00591943523699694,0.00019947882138738525,two-phase,False,
0.053788137419445485,1.000385602037123,2177.4355524745765,690.9743451409722,1.316750740402826,909.8409805637331,1318994.1811286143,727.7380676334651,690.1362090313015,261.87910009149863,2310591.208855969,316732.9751603236,87.38549659335337,27.006146477494422,24005.61001946244,2.128254381252271,0.03729863783368102,2725.133784602741,0.9130128406701035,3079.9119351315103,17.53894927221391,261.87910009149863,0.6766996218707063,,,0.0010990931617307507,2.8507979140582002e-05,0.0003246846082166634,2359.945521008691,14005.779182985225,1167057.9160681535,287.83773104451257,24880943.65072753,0.07256371415282714,0.04653710595673349,0.07270699925541539,0.2168994270281264,0.9761939553976302,0.005310857060791946,0.0013143826873466967,0.0059108570607919455,0.00019915713977969798,two-phase,False,
0.05394961057870655,1.000387920683637,2177.4347331976924,692.8348088151222,1.3164974970260777,912.1152916576494,1321543.6374870203,728.5568889448141,690.907957145203,261.8847917458555,2310957.0911704395,316472.1320512858,87.5199892343716,27.009040733073284,24042.408958466614,2.128248377937038,0.0372969043601008,2725.0271860666235,0.9130688599224157,3080.354964648327,17.550878262908366,261.8847917458555,0.6756782050647112,,,0.001096352631236597,2.8488602821471837e-05,0.0003246379107201908,2363.8309541892777,14029.764951167903,1169099.7891655795,287.8390736961554,24875490.100207433,0.0728735190561241,0.04646763907924391,0.07302449706875781,0.22066974829367597,0.975348584962323,0.005302127595512382,0.00131411495672461,0.005902127595512382,0.0001988297848317143,two-phase,False,
0.05411459989399347,1.0003902969986573,2177.433893548001,694.7351548283489,1.31624163963644,914.439339304342,1324153.3190166391,729.3845127941213,691.6871181894215,261.8904982926734,2311323.834069075,316211.16762033454,87.6549026283997,27.012705900565532,24079.91607314135,2.12824237698181,0.03729515169473614,2724.9876857219665,0.9131234336184844,3080.883510286205,17.562928856249798,261.8904982926734,0.6746566577015884,,,0.0010935662509453587,2.8469055707759936e-05,0.00032458221697161897,2367.7961054436696,14054.237443452665,1171190.4965835633,287.8404200659856,24870019.712470766,0.07318305467271326,0.04639698198594142,0.07334199488210023,0.22440423738828197,0.9744961458323905,0.0052932485633026575,0.0013138418454551896,0.005893248563302657,0.00019849682112384965,two-phase,False,
0.05428312707556845,1.0003927317602441,2177.433033250875,696.6755942620141,1.3159829819569056,916.8132259935246,1326822.6256943173,730.2215532283467,692.4743476917304,261.8962197267435,2311691.5616839593,315950.07836377254,87.79033009421185,27.017112253447397,24118.132733524515,2.1282363785370304,0.037293380428987714,2725.0092853331,0.9131767765875995,3081.49099900915,17.57511061854954,261.8962197267435,0.6736342066654613,,,0.0010907347010797408,2.8449323071245888e-05,0.0003245182284554941,2371.841202922523,14079.198222852909,1173329.3967659331,287.8417701544086,24864534.92975418,0.07349231830226062,0.046325143725599295,0.07365949269544267,0.22816840596359234,0.9736216814143127,0.005284221101265158,0.001313563344610603,0.005884221101265158,0.00019815829129744345,two-phase,False,
0.05445530184271371,1.0003952270378345,2177.4321515754077,698.6573500284693,1.315721590614599,919.2385598740382,1329553.8762549674,731.0678079852585,693.2693736136584,261.9019404981734,2312060.235292449,315688.8604698674,87.92618438792644,27.02230960078871,24157.073034506775,2.128230398976599,0.03729159096713277,2725.0977565217627,0.9132287090014316,3082.1841756863028,17.587419933640593,261.9019404981734,0.6726112751949382,,,0.0010878568890071675,2.842941158433465e-05,0.0003244452449949174,2375.968576546583,14104.660145284666,1175518.4242195596,287.84312029290817,24859069.485789895,0.07380129859201272,0.04625209641872775,0.07397699050878509,0.23192033509746554,0.9727347830566558,0.005275041705959872,0.0013132793008076328,0.005875041705959871,0.00019781406397349522,two-phase,False,
0.05463108560484732,1.000397782771671,2177.4312485430332,700.6799364450198,1.3154573956352722,921.7146043698539,1332345.5890258166,731.9235146857643,694.0724884013096,261.9076916928845,2312429.94651631,315427.5104943276,88.062601701728,27.028238369538816,24196.737181401542,2.1282244059537287,0.037289783294007395,2725.247990229529,0.9132793955695205,3082.9572403249904,17.599860820326096,261.9076916928845,0.6715874018713692,,,0.0010849345288216055,2.8409315568140716e-05,0.00032436388896998935,2380.176990236059,14130.618758891853,1177756.2436775884,287.84447781960074,24853556.20386023,0.0741099991072701,0.04617787569141743,0.07429448832212751,0.23565222075546793,0.971837450838882,0.005265714854293384,0.0013129898063241655,0.005865714854293384,0.0001974643070360019,two-phase,False,
0.05481057891860993,1.000400400938241,2177.43032345572,702.7444679733746,1.3151904727371149,924.2428290472949,1335199.900157968,732.7884412630438,694.8833947856867,261.91345775915545,2312800.688823511,315166.024637413,88.19949463097454,27.03494553350455,24237.13708130949,2.128218415894502,0.03728795794486976,2725.4655240888897,0.9133286617925859,3083.81664862831,17.612429270539906,261.91345775915545,0.6705630098429608,,,0.001081966739228905,2.8389042324578353e-05,0.0003242734941601676,2384.468533431024,14157.085480519476,1180044.6363327487,287.8458390661087,24848029.45532329,0.07441840954539056,0.04610245867170485,0.07461198613546995,0.23940710865092676,0.9709192738469061,0.005256237672089997,0.0013126947248145557,0.005856237672089997,0.0001971089127033749,two-phase,False,
0.05499381003523098,1.000403082484145,2177.4293759793513,704.8512255267029,1.3149207192490122,926.8234804331199,1338116.6413165787,733.6629311637164,695.7024567178433,261.9192231524959,2313172.4571715505,314904.3992765182,88.33682122577515,27.042444139171526,24278.269069440703,2.1282124450188564,0.037286116128197204,2725.747019355441,0.9133766277209253,3084.758786821569,17.625130624020077,261.9192231524959,0.6695381363968035,,,0.0010789541062691717,2.8368584078383193e-05,0.0003241744554783702,2388.843553430006,14184.061193707868,1182383.355937111,287.8472003635078,24842523.611033008,0.07472652703481422,0.046025853610373486,0.07492948394881237,0.24312188635986035,0.9699957465746039,0.00524661119617374,0.0013123940400341732,0.00584661119617374,0.00019674791985651528,two-phase,False,
0.05518078649453272,1.0004058280679744,2177.4284058815883,707.000250846898,1.314648219247754,929.4566207835898,1341095.9305019728,734.5467258615508,696.5294080761944,261.9250189479303,2313545.3447223436,314642.6307982383,88.47471860221279,27.05068672844217,24320.142974876224,2.1282064612909957,0.037284257461225274,2726.0941515477352,0.9134232294522893,3085.7855190831433,17.63796091657136,261.9250189479303,0.6685123193010977,,,0.0010758974411919707,2.8347948062989298e-05,0.0003240665930330513,2393.301896295533,14211.548014643882,1184772.483439537,287.848569050739,24836971.566469233,0.07503435107881672,0.04594807771898132,0.07524698176215479,0.2468687246769292,0.9690489320856747,0.005236837589412779,0.0013120877703464901,0.005836837589412779,0.00019638140960297922,two-phase,False,
0.055371648940306016,1.0004086403256267,2177.4274122314687,709.1931138325579,1.314372829629988,932.1441597822012,1344139.8648012446,735.4403003717455,697.3646835899215,261.93082959912647,2313919.3133383435,314380.71534475766,88.61309876136833,27.05973048903158,24362.778746970434,2.1282004809831494,0.037282382208596525,2726.5074843654047,0.9134684825303347,3086.8979352020233,17.65092700274888,261.93082959912647,0.667485982136007,,,0.0010727954356691497,2.832712411773796e-05,0.0003239498101301994,2397.846570280565,14239.562929122663,1187213.6618519756,287.8499414590178,24831407.050890353,0.07534186728501653,0.045869093453295685,0.07556447957549722,0.25061381191356974,0.9680871434319072,0.005226912133859692,0.0013117757171589015,0.005826912133859692,0.00019600920501973844,two-phase,False,
0.05556635573828674,1.0004115192335385,2177.4263950377144,711.42928818171,1.3140946089930994,934.8853922793833,1347247.36677947,736.3434795215253,698.2081379028124,261.9366551007933,2314294.457475478,314118.6493753784,88.75201074464039,27.06954140561656,24406.163588857555,2.1281945042484325,0.03728049164841359,2726.9853622732953,0.9135124248399055,3088.0940421009677,17.664026459361637,261.9366551007933,0.6664587379638004,,,0.0010696498290147182,2.8306117019826385e-05,0.00032382433512926815,2402.476229683769,14268.098019946405,1189705.9475783717,287.8513175887573,24825831.91786286,0.0756490806571329,0.04578893943895861,0.07588197738883964,0.25431404091543613,0.967121692752914,0.0052168396833558095,0.0013114579811590835,0.005816839683355809,0.00019563148812584287,two-phase,False,
0.05576498399582646,1.0004144665364707,2177.4253536842684,713.7096105467491,1.3138136273807466,937.6814123289244,1350419.990032951,737.2560464150695,699.0595069319182,261.94251097954543,2314670.7713301876,313856.4290774872,88.89145501051661,27.080132139065533,24450.3157649602,2.1281885153808275,0.03727858545512487,2727.532060818131,0.9135549206064134,3089.3788220032734,17.67725569260848,261.94251097954543,0.6654309345629825,,,0.001066460299683551,2.8284933402251384e-05,0.0003236896663101876,2407.1923477185887,14297.163852594475,1192250.6207886061,287.85270111025943,24820211.624228295,0.07595598377904507,0.045707605557450175,0.07619947520218207,0.2580519972310144,0.9661310297910344,0.005206618966370415,0.001311134469679617,0.005806618966370415,0.00019524821123889055,two-phase,False,
0.055967621901060055,1.000417484172964,2177.424287486631,716.0350426062427,1.313529729301212,940.5333156847597,1353658.592230092,738.1785216473268,699.9193084635715,261.94836616439426,2315048.2842262913,313594.0506554695,89.03134490541785,27.091544535026053,24495.23761058411,2.1281825463052213,0.03727666501699725,2728.1450681650713,0.9135960769645165,3090.7497769690162,17.69062246168796,261.94836616439426,0.6644026478322042,,,0.001063226558085234,2.826356173067594e-05,0.00032354608821832964,2411.9966455183926,14326.768208927413,1194848.2662331096,287.8540846843031,24814615.62175934,0.07626256806269827,0.04562507796944711,0.07651697301552449,0.26176823444045905,0.9651307639060754,0.005196248243802859,0.0013108050734053245,0.0057962482438028585,0.0001948593091426072,two-phase,False,
0.056174257204813824,1.0004205726093482,2177.423196280488,718.4053917784489,1.3132429219079313,943.4407958135424,1356962.5024484238,739.1108946820652,700.787555843953,261.9542517119938,2315427.093963267,313331.5105216302,89.17186625211478,27.103710547522887,24540.934329109015,2.1281765655097704,0.03727473022253386,2728.8226442133755,0.9136359452025289,3092.2049208014955,17.704126827004597,261.9542517119938,0.6633730276294009,,,0.0010599499241896633,2.8242002832770953e-05,0.00032339383243100244,2416.8884518797436,14356.910131043589,1197498.2573502655,287.8554756512206,24808976.966802303,0.07656883606879614,0.04554138428686125,0.07683447082886692,0.265472998383424,0.9641182951947933,0.005185730985468314,0.0013104698473104337,0.005785730985468314,0.0001944649119550618,two-phase,False,
0.056384996900353986,1.0004237341142745,2177.4220792647507,720.8218319797047,1.3129532847770196,946.4053920367422,1360333.9222320062,740.0529204685865,701.6639375650777,261.9601520850766,2315807.1284078253,313068.8047607662,89.31288319443236,27.11669160409436,24587.417958636826,2.128170589008646,0.03727278175929908,2729.5703523119464,0.9136743507301799,3093.750763930773,17.717764568694427,261.9601520850766,0.6623428847698796,,,0.0010566296519591016,2.8220264360180716e-05,0.0003232322434175168,2421.869909855924,14387.601395902744,1200202.4166455432,287.8568703415427,24803328.684735395,0.07687477739991065,0.04545650420707985,0.07715196864220934,0.26920024364000694,0.9630842272741056,0.005175064640065219,0.001310128653720879,0.005775064640065219,0.00019406492400244571,two-phase,False,
0.056599884721272205,1.0004269700392572,2177.420935962399,723.2848094323184,1.3126606693236853,949.4275220610813,1363772.7309693003,741.0050966482718,702.5489763241407,261.96606727828043,2316188.485346392,312805.9296452285,89.45444556688086,27.130475582697223,24634.693123875626,2.1281646169571005,0.03727082027638825,2730.3839501989514,0.9137114493812936,3095.382737207687,17.731543373000175,261.96606727828043,0.6613118322193074,,,0.0010532662860132098,2.8198334994422996e-05,0.0003230618262419108,2426.941651215979,14418.846076019765,1202960.5035907812,287.8582687556888,24797672.689412817,0.07718038878594055,0.04537044374418415,0.07746946645555176,0.27289080099770147,0.9620450149191735,0.0051642499633453125,0.0013097814588540558,0.005764249963345312,0.0001936593736254492,two-phase,False,
0.05681893724039035,1.000430281348125,2177.4197660334116,725.7944576361575,1.3123651991494285,952.5073879372273,1367279.333792166,741.9670324297608,703.4422619704015,261.972012808879,2316571.1600760864,312542.8814270059,89.59655361319318,27.14505814881938,24682.764749140784,2.12815863391565,0.03726884607228565,2731.2663742015693,0.9137471336302825,3097.1041341721625,17.745457240745196,261.972012808879,0.6602802172134493,,,0.0010498606233024857,2.8176225228615366e-05,0.00032288226571603287,2432.103657763942,14450.645761947866,1205772.8467452552,287.8596745646698,24791974.49518769,0.07748567025531447,0.04528322017353706,0.0777869642688942,0.2765956430999077,0.9609863943980417,0.0051532891261947215,0.001309428273636806,0.005753289126194721,0.00019324834223230204,two-phase,False,
0.05704228204794497,1.000433670710456,2177.4185685351304,728.3521800845464,1.3120667473532273,955.6466758511627,1370855.479941121,742.9391583282716,704.3441943612831,261.97797314510086,2316955.2188648586,312279.6561756448,89.73921270442241,27.16046242658114,24731.64864199413,2.128152655741945,0.037266859756079046,2732.217620123051,0.9137814326939949,3098.915365129541,17.759512369459134,261.97797314510086,0.6592476912935078,,,0.0010464118436966604,2.8153926166342566e-05,0.00032269354989570615,2437.358514849438,14483.014924293746,1208640.784154105,287.86108409860066,24786269.808403384,0.07779060937828233,0.04519480717101778,0.07810446208223662,0.28031162292859996,0.9599090550938325,0.005142178820626867,0.0013090689311631733,0.0057421788206268665,0.0001928317057735075,two-phase,False,
0.05726993381664126,1.0004371391168667,2177.417343118121,730.9580846704847,1.3117653917859113,958.8455183168577,1374501.3207919428,743.9212329160098,705.2545251948321,261.98396380043056,2317340.6929830876,312016.25008370023,89.88247085275931,27.17666872284002,24781.34906015956,2.12814666710476,0.037264861692224094,2733.239044012016,0.9138142944256149,3100.8179664991903,17.7737051044448,261.98396380043056,0.658214214832167,,,0.0010429208677487322,2.8131444572857313e-05,0.000322495551433158,2442.706134355764,14515.954751576039,1211564.405464304,287.8625010287799,24780524.86030667,0.07809520676967441,0.045105223967888415,0.07842195989557904,0.2839812040625544,0.9588298471257461,0.005130921463313416,0.0013087034477474292,0.005730921463313416,0.0001924095548742531,two-phase,False,
0.057501930781403934,1.0004406879374907,2177.4160892988934,733.6125477225705,1.3114610307979677,962.1042680425656,1378216.753889404,744.913605245441,706.173623469705,261.98996924678664,2317727.614165851,311752.65941089374,90.02628603159533,27.19369066498952,24831.86287385414,2.128140683756429,0.037262853240098336,2734.32731553792,0.9138458385646433,3102.808355927774,17.788040813594534,261.98996924678664,0.657179826192178,,,0.001039388383583969,2.8108772924440016e-05,0.0003222886769946799,2448.1469740610705,14549.46684279179,1214543.498857176,287.8639216850435,24774774.665537577,0.07839946062059432,0.04501448079777748,0.07873945770892148,0.2876800988315519,0.9577265584373592,0.005119518340250057,0.0013083318025798908,0.005719518340250057,0.00019198193775937718,two-phase,False,
0.05773841301170267,1.0004443201342448,2177.4148060315974,736.3171083647449,1.311153637265817,965.424854813484,1382004.1644245596,745.9163755384682,707.1015302390555,261.9959894787231,2318116.0152286626,311488.88015124714,90.17066118407956,27.211554535203863,24883.21399204554,2.1281347058547824,0.03726083442239887,2735.486005154425,0.9138759710779802,3104.890948029563,17.80252057896857,261.9959894787231,0.6561445248671306,,,0.001035813398644264,2.8085910519361337e-05,0.0003220725032660563,2453.683864285971,14583.568620610711,1217579.9775665817,287.8653460678187,24769019.863877956,0.0787033573843745,0.04492254883227679,0.0790569555222639,0.291384244329262,0.9566060956091933,0.005107965828752176,0.0013079538131686849,0.005707965828752176,0.00019154871857820658,two-phase,False,
0.057979383177037734,1.000448036596597,2177.413493002629,739.0717316612491,1.3108432533236603,968.807193170383,1385863.2571829816,746.9294225367612,708.038134386448,262.00204000400345,2318505.928804841,311224.9085052387,90.31564463360753,27.230236915870076,24935.403809663658,2.12812871823195,0.037258805760585066,2736.714692738804,0.9139046985851264,3107.0652681186416,17.81714264421727,262.00204000400345,0.6551082708454045,,,0.0010321971255472823,2.8062861143578483e-05,0.000321847117362137,2459.316400582663,14618.259388603654,1220673.5329882677,287.8667778488387,24763226.734445047,0.07900689978230535,0.04482945354160214,0.07937445333560632,0.29503780671185126,0.9554855794885971,0.005096267129501486,0.0013075695182789347,0.005696267129501486,0.00019111001735630574,two-phase,False,
0.05822489324198923,1.0004518389958859,2177.4121496221715,741.8769449026053,1.310529864617968,972.251892166403,1389794.548305433,747.9528094005257,708.9834922712361,262.0081053001368,2318897.3543178914,310960.740622715,90.46119417300993,27.249754394200934,24988.431552467002,2.1281227364810955,0.03725676857658936,2738.0131972059617,0.9139320325195825,3109.3312715120373,17.83190790455055,262.0081053001368,0.6540711028686974,,,0.001028540039939411,2.8039624401178308e-05,0.00032161256317784045,2465.045323420641,14653.542471432096,1223824.5083531113,287.8682133575163,24757429.636340745,0.0793100850343495,0.04473520158291708,0.07969195114894874,0.29872443680659294,0.9543394107206219,0.005084423079061827,0.0013071788787417007,0.005684423079061827,0.00019066586546481854,two-phase,False,
0.05847508674267514,1.0004557304607486,2177.4107747855883,744.7343189601685,1.3102134568213082,975.7609264582651,1393800.5014155656,748.9865946181517,709.9376001165081,262.0142008710351,2319290.323588704,310696.37239248416,90.60730974069662,27.270134158070388,25042.32741486141,2.128116745544483,0.03725472239311559,2739.3855365672366,0.9139578640358473,3111.6938828456446,17.846816790082674,262.0142008710351,0.653033367411219,,,0.0010248412012455919,2.801620064132926e-05,0.0003213683728701166,2470.8734923306347,14689.436969383207,1227034.8813830807,287.86965626587784,24751594.847661708,0.07961289957956706,0.04463976531736208,0.08000944896229117,0.30241616340591476,0.9531759880058074,0.005072430204231682,0.0013067817113235018,0.005672430204231682,0.00019021613265868807,two-phase,False,
0.05872997326788772,1.000459712078339,2177.4093681095333,747.6438920849865,1.3098939608136744,979.3342190813544,1397880.4558999036,750.0310240635563,710.9007369062282,262.0203267054439,2319684.9769510427,310431.79998793016,90.75409165909824,27.29133841113542,25097.087680349487,2.128110745745838,0.037252668325029936,2740.8279537047238,0.9139823186378331,3114.1489450934855,17.86187321191327,262.0203267054439,0.6519942901146756,,,0.0010211018674891508,2.7992584768013962e-05,0.00032111501974738734,2476.8006276636524,14725.941512010999,1230303.9761487527,287.8711065747926,24745725.12512379,0.07991534609681004,0.04454316912440827,0.0803269467756336,0.30605892490785364,0.9520125705494905,0.005060291568625745,0.0013063780471749913,0.005660291568625745,0.00018976093382346547,two-phase,False,
0.058989609715055506,1.0004637856999008,2177.4079289407423,750.6062410407441,1.3095714115019423,982.9724745618944,1402035.198893683,751.0859970691884,711.872782461053,262.0264672865045,2320081.279175932,310167.0194926134,90.90144909412717,27.313398918536024,25152.712046218472,2.1281047525174577,0.037250607732066156,2742.3418592876433,0.9140053521873998,3116.6981958042,17.877075533139543,262.0264672865045,0.6509542968233674,,,0.0010173224844832961,2.7968780412273105e-05,0.00032085236913417933,2482.8275413808906,14763.059873291037,1233632.3803494668,287.87256061324666,24739854.12628728,0.08021742188470805,0.04444541972517365,0.08064444458897602,0.3097266716172991,0.9508256353763658,0.005048008016844612,0.0013059678433124612,0.005648008016844612,0.00018930030063167295,two-phase,False,
0.059254133062406705,1.0004679544751902,2177.406456167247,753.6228534542909,1.3092457538423463,986.6775208835832,1406266.8191552837,752.151710426255,712.8538870858135,262.03263811228646,2320479.2659483417,309902.02679753146,91.04943090052426,27.336325570541483,25209.22876656523,2.128098750968783,0.03724854029188391,2743.929508213104,0.9140269152675584,3119.344579159049,17.89242634347251,262.03263811228646,0.6499133468827595,,,0.0010135023640798935,2.7944784592191952e-05,0.00032058016503889807,2488.956886109251,14800.809943218967,1237021.7279879476,287.8740220537111,24733948.22551094,0.08051911467146078,0.04434649454591979,0.08096194240231845,0.3134053778643935,0.9496194338395127,0.0050355767121886535,0.0013055509319183467,0.005635576712188653,0.0001888341267070745,two-phase,False,
0.05952358084208347,1.0004722200334653,2177.4049492142994,756.6940796969903,1.3089169994999834,990.449744336386,1410575.5539710484,753.2281426301834,713.8440283502216,262.0388391714079,2320878.973235012,309636.8179289621,91.19804043191691,27.36011626764973,25266.639366516178,2.1280927414276,0.03724646699008123,2745.5907077120373,0.9140470148606477,3122.0879878225046,17.907925311510013,262.0388391714079,0.6488714393966086,,,0.001009642342499682,2.7920598913746505e-05,0.00032029846817272065,2495.1889895990676,14839.194059102834,1240472.12910543,287.87549089706624,24728008.142574023,0.08082042454741709,0.044246409184081986,0.08127944021566087,0.31704282387605337,0.9484112229558957,0.0050229996146893925,0.0013051273038131792,0.005622999614689392,0.00018836248555085223,two-phase,False,
0.05979800511021917,1.0004765842655707,2177.4034074147794,759.8204337642171,1.3085851408942855,994.2897293717051,1414961.8558894773,754.3153334953231,714.8432412326194,262.0450549527102,2321280.4375918824,309371.3889113942,91.3472351179364,27.38478620728566,25324.941962898738,2.1280867391634692,0.03724438929819055,2747.325188189522,0.9140656641074358,3124.928276578345,17.92357302055718,262.0450549527102,0.6478286138665366,,,0.0010057430650841613,2.7896223561369844e-05,0.0003200073446469481,2501.5245043313453,14878.215046222418,1243983.862333326,287.8769634718659,24722068.908751525,0.08112135013656703,0.04414517424532221,0.0815969380290033,0.32068475678450314,0.9471859831976316,0.00501027805709362,0.0013046969280216267,0.0056102780570936196,0.00018788542714101076,two-phase,False,
0.06007752513584187,1.000481050173618,2177.401829709022,763.0031926210265,1.3082501000997937,998.1990031229201,1419427.2751851194,755.4135580874679,715.8517727525467,262.0513164461209,2321683.7677894067,309105.7356516544,91.49715968449277,27.41031116237432,25384.166840403086,2.1280807145701828,0.037242306551880794,2749.1336180300755,0.9140828640626469,3127.866566592124,17.93937335194257,262.0513164461209,0.6467844018618671,,,0.001001804246319066,2.7871653607446515e-05,0.00031970673259554066,2507.965617425398,14917.889509675919,1247558.0903093838,287.878447123511,24716064.049801223,0.08142188197493663,0.04404277628380491,0.08191443584234573,0.32434982301376525,0.9459372031540673,0.004997410349747807,0.0013042596697398917,0.005597410349747807,0.00018740288811554276,two-phase,False,
0.060362229765652,1.0004856203262087,2177.4002151905743,766.2432833097657,1.3079119347819392,1002.1787351873413,1423973.2907641407,756.5226403955437,716.8694060909024,262.0575926426294,2322088.893252979,308839.85399315675,91.64762671059573,27.436758404916258,25444.312900105368,2.12807469780464,0.037240220612261114,2751.019080774905,0.9140985190140573,3130.906561040972,17.955323389565965,262.0575926426294,0.645739657112438,,,0.0009978260013799494,2.7846894714831785e-05,0.00031939630918513176,2514.5137924425653,14958.223725414964,1251195.9769580357,287.8799345080833,24710060.80245184,0.08172201459246892,0.04393921405122811,0.08223193365568815,0.3279877141859828,0.9446819884718105,0.004984396335785702,0.0013038154438367998,0.0055843963357857015,0.00018691486259196383,two-phase,False,
0.060652155350453416,1.0004902964914393,2177.398563235829,769.5410327935612,1.307570521712333,1006.2291697289244,1428599.4560362983,757.6430055419894,717.8966003988717,262.06389903040036,2322495.96428493,308573.73998325516,91.79883459906614,27.464066189775984,25505.38696026252,2.128068674259356,0.03723813199796586,2752.9770885112266,0.9141127865046047,3134.04337106015,17.971429754366977,262.06389903040036,0.6446931776720863,,,0.0009938093926152008,2.7821937755314224e-05,0.0003190766309215851,2521.1692695730503,14999.221026398298,1254896.9830615812,287.8814292988088,24704027.807306312,0.08202174939631103,0.0438345060439229,0.08254943146903057,0.33159657994433833,0.9434212782046089,0.004971238339524819,0.0013033642485704524,0.005571238339524819,0.0001864214377321807,two-phase,False,
0.060947391024401776,1.0004950813278688,2177.3968729066582,772.8973660520572,1.307225989679748,1010.351524258271,1433307.5333379926,758.7742461033522,718.9328918360496,262.0702355978225,2322904.907441812,308307.3894600531,91.95063783319512,27.492288759729057,25567.40009477916,2.1280626442689963,0.037236041478633325,2755.012965701845,0.9141254928138254,3137.283193902823,17.98768590698108,262.0702355978225,0.6436461232835415,,,0.0009897545319527575,2.7796794017064104e-05,0.0003187471255204049,2527.9334869514673,15040.890535603156,1258662.5414813005,287.88293149658745,24697963.65150779,0.0823210814798642,0.0437286521997971,0.082866929282373,0.3352473668384388,0.9421301412373416,0.004957936353162425,0.0013029060013297618,0.005557936353162425,0.00018592261324359093,two-phase,False,
0.06124810296643353,1.0004999788022728,2177.395142802848,776.3140800018228,1.3068781155671405,1014.5478819610206,1438099.3309480757,759.917114887229,719.9790148988083,262.0766023332328,2323315.838375258,308040.7981861348,92.10313972464583,27.521424683164497,25630.378600172633,2.1280566081698655,0.0372339493845646,2757.1244602882134,0.9141367523094388,3140.6240532574784,18.004102991441883,262.0766023332328,0.6425977192179911,,,0.0009856607241317177,2.777144744382274e-05,0.0003184080561832266,2534.809623014816,15083.251954237074,1262493.9421095331,287.8844411023233,24691870.599900365,0.08261999638413117,0.043621625977139,0.08318442709571543,0.33889174750067097,0.9408253735289783,0.0049444870413686585,0.001302440502221319,0.005544487041368658,0.00018541826405132472,two-phase,False,
0.061554299728187704,1.0005049903718664,2177.3933724107933,779.7911768599245,1.306527086181223,1018.8182941326239,1442975.1315693855,761.0710116135035,721.0343487142238,262.0829992249178,2323728.7949451944,307773.96204362006,92.25629398740196,27.551477724178927,25694.316848896928,2.12805056629954,0.037231857061786874,2759.3151308822926,0.9141464302047176,3144.0699175959344,18.02067189265363,262.0829992249178,0.6415483514718028,,,0.0009815292930633475,2.7745913303256562e-05,0.000318059084628956,2541.7972287092075,15126.302977099735,1266391.4029846895,287.88595811692505,24685749.40293925,0.08291849998358371,0.043513457960344004,0.08350192490905785,0.3424860546197454,0.9395229121160381,0.004930894247491997,0.001301967797500074,0.005530894247491997,0.0001849085342809499,two-phase,False,
0.061866073827393384,1.0005101189053789,2177.3915607183094,783.3296102542226,1.3061727842404438,1023.1638180037397,1447935.6142135146,762.2363443830282,722.0993036149523,262.08942626111246,2324143.8212449476,307506.8768785473,92.41015464177042,27.582442318405686,25759.225900243673,2.128044518997251,0.037229765356479295,2761.582694165226,0.9141546201966658,3147.618530590293,18.03739870335899,262.08942626111246,0.640497632153872,,,0.0009773605970069055,2.772018339356707e-05,0.00031770050604336213,2548.897760041582,15170.052873684563,1270355.3164454324,287.8874825413055,24679600.931365356,0.08321658781845229,0.04340414937925552,0.08381942272240027,0.3460958046350553,0.9381991760889655,0.004917158126079121,0.0013014878048270833,0.0055171581260791205,0.00018439342972796703,two-phase,False,
0.062183555638957874,1.0005153679544063,2177.3897064720604,786.9307596548794,1.3058151645398388,1027.5861194001966,1452982.5507005174,763.4132783468681,723.1740083246798,262.09588343000144,2324560.9595978456,307239.5384305298,92.56472576059674,27.614336787992208,25825.124103587477,2.128038466603976,0.03722767492863123,2763.9286107951857,0.9141612949065687,3151.271926058983,18.054285650551403,262.09588343000144,0.6394455602936023,,,0.0009731544452777363,2.7694255517926255e-05,0.0003173321831513955,2556.1135118412567,15214.516022516325,1274387.0212081976,287.8890143763819,24673426.020569567,0.0835142508456956,0.04329368919563014,0.0841369205357427,0.34972698937913693,0.93685166002938,0.004903277290023454,0.0013010003857434468,0.005503277290023454,0.00018387289837587954,two-phase,False,
0.06250685456752714,1.000520740790935,2177.3878085175606,790.5957623566161,1.305454202148107,1032.0865601689306,1458117.3320964337,764.6019159682276,724.258537639967,262.10237071971807,2324980.2145477505,306971.9424206305,92.71996066898515,27.64718898989059,25892.025320844255,2.128032409461874,0.037225586607111776,2766.3539621964087,0.914166433779737,3155.031646149278,18.07133403940811,262.10237071971807,0.6383925219441373,,,0.0009689109795561346,2.766812892228384e-05,0.0003169540315769897,2563.446275750655,15259.703762540092,1278487.5435133355,287.890553623076,24667224.771476693,0.08381148301088197,0.043182074835844846,0.08445441834908513,0.3533341322576136,0.9354971891896625,0.00488925141591399,0.0013005054364440562,0.0054892514159139896,0.00018334692809677462,two-phase,False,
0.06283602319729503,1.000526239799666,2177.385866013839,794.3251080663252,1.3050900166428603,1036.6657685061223,1463340.7998858904,765.8018778643852,725.3524839178959,262.10890359807985,2325401.665172343,306704.0845680743,92.87590984129889,27.680983570226303,25959.93827359688,2.128026333546288,0.037223501020499976,2768.8619511805346,0.9141699269320458,3158.901411813679,18.088538011493412,262.10890359807985,0.6373384745069867,,,0.0009646310608297994,2.7641813820569757e-05,0.0003165657517072847,2570.896534386814,15305.621023594134,1282657.5236761828,287.8921039561665,24660964.51340003,0.08410828597015602,0.04306932413322565,0.08477191616242755,0.3569111453203555,0.9341383379061755,0.004875082744752568,0.0013000029419923697,0.005475082744752568,0.0001828156029282213,two-phase,False,
0.06317116411575942,1.0005318682531485,2177.3838778063673,798.1198499365222,1.304722421691594,1041.3248634093109,1468653.4259556588,767.0138025665726,726.4565024624795,262.11545109160113,2325825.3591611357,306435.9606491492,93.0325345024136,27.71574373095414,26028.862245487802,2.12802026799856,0.037221420208623686,2771.4481086147334,0.9141719441856652,3162.8765572626835,18.105907224917072,262.11545109160113,0.6362831132458863,,,0.000960315109279142,2.761529669785934e-05,0.0003161678876476455,2578.4658849100447,15352.274932845517,1286897.1285739979,287.89365802903455,24654714.62797855,0.08440465527301161,0.042955438391478924,0.08508941397576998,0.36050820590340454,0.9327560417795794,0.004860771440367762,0.001299492812716274,0.005460771440367762,0.00018227892901379107,two-phase,False,
0.06351242833854233,1.0005376303086735,2177.381842428185,801.9815850182317,1.304351480546093,1046.065867789233,1474057.801907866,768.2374976048939,727.5703300716152,262.1220441456615,2326251.3419541446,306167.56621355354,93.18993259223579,27.751463270276783,26098.831322878148,2.1280141844873013,0.037219343763120305,2774.1179024814082,0.914172323478244,3166.963648765843,18.12343828349511,262.1220441456615,0.6352263536796076,,,0.0009559627465079336,2.7588584030180775e-05,0.0003157598605180382,2586.156991493001,15399.685241919444,1291208.4226664738,287.89522319047836,24648407.579178583,0.08470058047183779,0.042840403581008844,0.0854069117891124,0.3641186232133271,0.931352579976687,0.004846315739748567,0.0012989748877087939,0.005446315739748566,0.00018173684024057126,two-phase,False,
0.06385991244823414,1.0005435292813898,2177.379758709904,805.9112895894955,1.303977132794858,1050.8898926859167,1479554.790929939,769.4731823621009,728.6941782336484,262.12868274197814,2326679.7325990875,305898.8968932048,93.34810861674843,27.788150194271854,26169.85578962145,2.1280080835392146,0.03721727273267616,2776.870493923322,0.9141711065375472,3171.1620452574894,18.14113442139717,262.12868274197814,0.6341681944392871,,,0.000951574476983645,2.7561672185740394e-05,0.0003153418165733637,2593.971262593408,15447.861035951428,1295591.9579135338,287.8967994419112,24642045.710909512,0.0849960585891646,0.04272422524420143,0.08572440960245482,0.3676999038084761,0.9299445041179809,0.0048317163393717475,0.0012984490913548242,0.005431716339371747,0.00018118936272644055,two-phase,False,
0.06421369310723728,1.0005495682118792,2177.3776255792163,809.9097109322104,1.3035993229687814,1055.797750837071,1485144.836832132,770.7210612375509,729.8282549013304,262.13535139069114,2327110.505647653,305629.9483978996,93.50701993198354,27.825821415209838,26241.93531809628,2.1280019798157244,0.03721520884961074,2779.7042139731707,0.9141683574398762,3175.4701122984798,18.158998732213185,262.13535139069114,0.6331086763587889,,,0.0009471510989743702,2.753455778996362e-05,0.00031491400159209073,2601.9096376958405,15496.807013703305,1300047.9347338716,287.8983831102719,24635662.747407977,0.08529108966930629,0.042606916341559935,0.08604190741579726,0.37125859991609,0.9285295105640664,0.004816974867902181,0.001297915380131052,0.00541697486790218,0.00018063655754633177,two-phase,False,
0.06457388419442876,1.000555750841692,2177.375441716311,813.9780131270218,1.303218129072199,1060.790903373303,1490829.7503418166,771.9808954386281,730.9722714843723,262.1420500795771,2327543.705803409,305360.71628432506,93.6666190699927,27.86450387441926,26315.08302244003,2.127995873669975,0.03721315312732422,2782.623007045084,0.9141639548406969,3179.8925970999026,18.177027251692266,262.1420500795771,0.6320481856069726,,,0.0009426928500423706,2.750724819172235e-05,0.0003144760300747299,2609.973869979565,15546.534372042035,1304577.7604790237,287.8999741965126,24629259.56324725,0.08558566927399401,0.042488478254089766,0.08635940522913968,0.37482860059251016,0.9270941269244781,0.004802091498882119,0.001297373656355175,0.005402091498882119,0.0001800784312080795,two-phase,False,
0.06494063330492617,1.00056208157224,2177.3732055684054,818.1177361677743,1.3028335061212168,1065.871198631414,1496611.4423798749,773.2528537833732,732.1263584801768,262.1487787963618,2327979.385604256,305091.19601201796,93.82696180636128,27.90420139796096,26389.318266198163,2.127989765456875,0.0372111064530068,2785.6283197037346,0.9141578733194574,3184.431570941627,18.195222220449637,262.1487787963618,0.6309863340875126,,,0.0009381996636028884,2.747974132671209e-05,0.00031402778729024567,2618.166438803496,15597.058744068625,1309182.8555930539,287.9015727015898,24622837.18370395,0.08587978889646739,0.042368902421421425,0.0866769030424821,0.3784170307764429,0.9256352147678591,0.00478706515658381,0.0012968237742945238,0.00538706515658381,0.0001795149433718929,two-phase,False,
0.06531407544363739,1.0005685646773348,2177.3709156279147,822.3302724662595,1.3024453444731536,1071.0402349930198,1502491.2237641204,774.537320143136,733.2908859839446,262.1555684590134,2328417.6320008948,304821.3830725291,93.98814744044846,27.944901368728427,26464.67059447018,2.1279836276301127,0.0372090687355074,2788.719192722605,0.9141501685972263,3189.0863789565356,18.213589300413616,262.1555684590134,0.6299230356205564,,,0.0009336717401718501,2.745203000644389e-05,0.0003135694306051373,2626.4895100528374,15648.39700512083,1313864.1023512343,287.90318597639725,24616328.983157262,0.08617344209571193,0.04224818570426347,0.08699440085582452,0.3819845127845922,0.924168724850997,0.0047718954465122525,0.001296265610079493,0.005371895446512252,0.00017894607924420948,two-phase,False,
0.06569428807496018,1.0005752035122686,2177.368570711808,826.6163606661247,1.302053721680547,1076.298908807357,1508470.0678131618,775.8340569542013,734.4655909095686,262.16237265334956,2328858.4591671787,304551.27297591907,94.15003826968987,27.986647580219515,26541.125598813524,2.1279775025831524,0.037207042930059456,2791.8975438870884,0.9141407771981271,3193.859388429647,18.232124756398555,262.16237265334956,0.6288584166126463,,,0.0009291099264497968,2.742412125194159e-05,0.0003131008220407846,2634.9439407179907,15700.550276773838,1318622.1950195052,287.90480299748776,24609837.741255783,0.08646663051190476,0.04212634453937374,0.08731189866916696,0.3855238199644947,0.9226978835133328,0.004756584434171358,0.0012956991282983403,0.005356584434171358,0.00017837191628142593,two-phase,False,
0.06608139777684914,1.0005820023652372,2177.366169307664,830.9772888192227,1.3016585468692918,1081.6486902458132,1514549.135181971,777.1433901003252,735.6507879154633,262.1692377559307,2329301.9560986706,304280.8612067037,94.31278141056934,28.02941040833238,26618.717138567907,2.1279713490068675,0.03720502851482339,2795.162540461226,0.9141297476878372,3198.75005619895,18.250833346559016,262.1692377559307,0.6277923478919811,,,0.000924514594265114,2.7396009294790323e-05,0.00031262211252238077,2643.5316569081892,15753.535590228692,1323457.8926054386,287.90643479122343,24603262.737557855,0.0867593497225448,0.04200338038880868,0.08762939648250938,0.38905846921054704,0.9212130630508589,0.004741132303288554,0.0012951242224984718,0.005341132303288554,0.00017779246137332078,two-phase,False,
0.06647553455180923,1.0005889656749436,2177.363709850037,835.4143782868429,1.3012597746296957,1087.0911256119446,1520729.841458182,778.4654890572458,736.8466232441926,262.1761328239108,2329748.2174713616,304010.1432310907,94.47633905062145,28.0732155549184,26697.44680627077,2.1279651951666825,0.03720302771720987,2798.514356625419,0.9141170909713769,3203.758969957665,18.26971749169133,262.1761328239108,0.6267245263921861,,,0.0009198860853887301,2.7367691932148873e-05,0.00031213334379309255,2652.2546310076505,15807.362441960195,1328372.1821075873,287.9080740086521,24596674.123149246,0.08705159530778887,0.04187929473389767,0.0879468942958518,0.3926167126605486,0.9197021892654297,0.004725539240013181,0.0012945407838959636,0.005325539240013181,0.0001772077215004943,two-phase,False,
0.06687688972653784,1.000596099066941,2177.3611903544333,839.9296346702017,1.300857456290419,1092.6287280200195,1527015.2815169212,779.8002052208419,738.0528673125891,262.18307330123815,2330197.17735142,303739.11426267563,94.64065846640862,28.11810695900963,26777.34716603135,2.1279590277221616,0.03720104091280555,2801.9586696146334,0.9141026442955886,3208.893064308463,18.288774303080288,262.18307330123815,0.6256556825013129,,,0.0009152239679915113,2.733917493398054e-05,0.0003116339435310869,2661.116157429578,15862.053116874893,1333367.4949378348,287.90972432638193,24590036.501447078,0.08734335511004564,0.04175407112533964,0.08826439210919423,0.39617628364465035,0.9181744672324065,0.004709803177265105,0.0012939486161910457,0.005309803177265105,0.00017661761914744144,two-phase,False,
0.06728555634002,1.0006034065267397,2177.3586094157818,844.5239515472667,1.3004515464100173,1098.2624787699415,1533406.0440465522,781.1477093001981,739.269691276886,262.1900591687306,2330648.9704096867,303467.76967032085,94.805796957817,28.164072350073035,26858.42499646615,2.127952847226614,0.03719906950071962,2805.4941604026144,0.9140864611371798,3214.1511413317357,18.30800640079194,262.1900591687306,0.6245854275864342,,,0.0009105291488424554,2.7310455822124455e-05,0.00031112413698929694,2670.117324726292,15917.614917878198,1338444.1219264574,287.9113857459016,24583352.5059046,0.08763463061415111,0.041627725158450354,0.08858188992253666,0.3997019723622933,0.9166451512388492,0.004693926074809502,0.0012933476714157316,0.0052939260748095015,0.00017602222780535633,two-phase,False,
0.06770166129869894,1.0006108927339732,2177.3559653840016,849.1985983818123,1.3000419794092635,1103.9938267518635,1539903.2721281608,782.5082453937398,740.4973268071324,262.19709040708875,2331103.733616796,303196.1048115311,94.97181256527392,28.211106742703407,26940.693248479365,2.1279466542367427,0.037197114765265646,2809.120077953645,0.9140685830484004,3219.5327431120213,18.327417299309698,262.19709040708875,0.6235133729220405,,,0.0009058021664325507,2.7281530825340706e-05,0.00031060407822825663,2679.2599418269633,15974.059555466423,1343602.7973613376,287.9130582687097,24576624.81121591,0.08792541929045683,0.04150026276706996,0.08889938773587908,0.4032158396621954,0.9151049047215902,0.004677908678314716,0.0012927378541767775,0.005277908678314716,0.00017542157543680185,two-phase,False,
0.06812534937646535,1.00061856279279,2177.3532564592465,853.9550395504352,1.29962882153475,1109.824581694593,1546509.0846947588,783.8816121986811,741.7355179729909,262.2041515469283,2331561.4063847493,302924.1149111764,95.13860928928209,28.259254562144434,27024.161268925178,2.127940462829026,0.037195178492040015,2812.840260318178,0.9140488966636194,3225.042599863402,18.34700359674238,262.2041515469283,0.6224399479072384,,,0.0009010432968362427,2.7252406495891133e-05,0.00031007342353938375,2688.5461785942216,16031.39936001305,1348845.1335686177,287.9147382201873,24569886.36661725,0.08821571674001868,0.04137168551867919,0.08921688554922151,0.40672471880339295,0.9135507665774797,0.004661751184756187,0.0012921190458332788,0.005261751184756187,0.00017481566942835703,two-phase,False,
0.06855676934062653,1.0006264219911236,2177.350480776946,858.7947779544238,1.2992119696671705,1115.7564550060472,1553224.8163916133,785.2681769526807,742.9846192842074,262.21127347087287,2332022.0857922398,302651.7952205761,95.30628825342647,28.308502065479537,27108.858648650148,2.1279342464711903,0.037193260891740236,2816.6536373495005,0.9140274606388783,3230.6799657622237,18.366770702807976,262.21127347087287,0.6213650642483786,,,0.0008962529372008699,2.7223076287632766e-05,0.0003095323617930899,2697.9782578753116,16089.651809430883,1354171.993225818,287.9164329539368,24563070.87345496,0.08850551856772268,0.04124199500127524,0.08953438336256393,0.410246516981524,0.9119746681265484,0.004645453793687527,0.001291491125117927,0.005245453793687527,0.00017420451726328227,two-phase,False,
0.06899611253015452,1.0006344765155035,2177.347636155362,863.71978701099,1.2987913132083497,1121.7917564160398,1560052.5790803763,786.6683321243577,744.2449902150454,262.2184407070958,2332485.8754387884,302379.1409250981,95.47486013386163,28.358871545554468,27194.80270785896,2.1279280193097994,0.037191363669223175,2820.560133913481,0.9140043072484797,3236.445338276222,18.386724252126207,262.2184407070958,0.6202883765227728,,,0.0008914310470553407,2.7193533396367814e-05,0.00030898096382885753,2707.5592943659613,16148.835052010167,1359584.8690299955,287.91813879552814,24556214.46101965,0.08879481520639995,0.04111118143109275,0.08985188117590635,0.4137751684844216,0.9103791023225921,0.00462901527564452,0.00129085391240775,0.005229015275644519,0.0001735880728366695,two-phase,False,
0.06944352426362897,1.0006427318396145,2177.344720664729,868.7315168193098,1.298366984009235,1127.9323194064552,1566994.7096759775,788.0816569903345,745.5161426346576,262.22565323583024,2332952.794267832,302106.14710048126,95.64427665481166,28.41039164180817,27282.00822380945,2.127921781916041,0.037189488222689256,2824.56535691539,0.9139792614220776,3242.345430023229,18.40685744546848,262.22565323583024,0.619210270676438,,,0.0008865780178426164,2.7163789445389188e-05,0.0003084187115722694,2717.2913580606496,16208.962489295234,1365085.5736826123,287.91985574649925,24549317.517378617,0.08908360386280648,0.04097925023949258,0.09016937898924877,0.4172798482912811,0.9087780412234912,0.0046124363131521025,0.0012902072986413313,0.005212436313152102,0.00017296636174320384,two-phase,False,
0.06989913883682239,1.0006511933525253,2177.3417324053735,873.8312875012599,1.2979389258061889,1134.1796426352244,1574052.352667452,789.5083650120039,746.798278106935,262.23291103719237,2333422.9052551584,301832.8088632009,95.81454291690697,28.463072118989416,27370.487501962114,2.127915534863713,0.03718763603007946,2828.668558233905,0.913952363851747,3248.3798051561985,18.427173376702342,262.23291103719237,0.6181307452992167,,,0.0008816945415071435,2.7133841407936986e-05,0.0003078457754270871,2727.1762450919296,16270.045876501468,1370674.8182392516,287.9215838083977,24542381.27993303,0.08937188382622477,0.040846211223615064,0.09048687680259121,0.420766460164655,0.9071689952817533,0.004595718137355238,0.0012895511938538931,0.005195718137355238,0.00017233943015082143,two-phase,False,
0.07036312228196569,1.000659867157021,2177.338669225791,879.0207676499836,1.2975070607478485,1140.5356525698476,1581227.1426034195,790.9487400371604,748.0916579125962,262.24021409118274,2333896.316696973,301559.1213031675,95.98571830464056,28.51691327802556,27460.25837645216,2.12790927873087,0.03718580849835835,2832.8694253855065,0.913923647506261,3254.5486129802216,18.447676139121896,262.24021409118274,0.6170494115084431,,,0.0008767810087714544,2.710368483430021e-05,0.0003072622716439594,2737.2164048224254,16332.100980451889,1376353.7004810865,287.9233229827811,24535407.858796876,0.08965965072873204,0.04071206606330812,0.09080437461593363,0.424247731719814,0.9055461678625738,0.004578860959349841,0.001288885465659202,0.00517886095934984,0.00017170728597561903,two-phase,False,
0.0708356453129902,1.000668759581701,2177.3355288949747,884.3016706077555,1.2970714241053865,1147.0024272339738,1588521.3315648553,792.4026866902586,749.3961339623597,262.2475778141147,2334373.050388451,301285.079410786,96.157802846213,28.571933490915658,27551.345842134346,2.127903000970597,0.03718400654435848,2837.1712728249963,0.9138930218394823,3260.8560807916047,18.4683638981178,262.2475778141147,0.6159666110070917,,,0.0008718377365700315,2.7073324023627096e-05,0.00030666793480724246,2747.4143475545784,16395.145606688297,1382123.8891019754,287.92507694838133,24528363.653808016,0.08994690020768877,0.04057681646032691,0.09112187242927605,0.42772359440102875,0.9039095788809101,0.004561864992984773,0.001288209978701312,0.005161864992984773,0.000171069937236929,two-phase,False,
0.07131688347997858,1.0006778771906577,2177.3323090990157,889.6757558563997,1.2966318784640691,1153.581946540024,1595936.3475514075,793.8706899759432,750.7121823066902,262.25498674471464,2334853.218205149,301010.6782267793,96.33080787652898,28.628148222710053,27643.76182554756,2.127896715428085,0.03718223217091861,2841.5719397955536,0.9138605835970881,3267.30031219064,18.489243879583785,262.25498674471464,0.6148819988970584,,,0.0008668651611611404,2.704275000407727e-05,0.0003060630809689869,2757.7726463026765,16459.194710126067,1387986.2607001392,287.9268420299648,24521284.898695882,0.0902336279060222,0.04044046413861268,0.09143937024261849,0.43120215159069203,0.9022553432723787,0.004544730454896879,0.0012875245945788358,0.005144730454896879,0.00017042739205863297,two-phase,False,
0.07180703589714256,1.0006872271490326,2177.329007312028,895.1450375578386,1.2961884928086247,1160.2766970772145,1603475.090062237,795.352540748959,752.0395199777147,262.2624562943877,2335336.929678024,300735.9126139743,96.5047881507671,28.68556462021139,27737.535618256636,2.127890409697714,0.03718048631336755,2846.0765672603984,0.9138261853744132,3273.887670450385,18.510312390019013,262.2624562943877,0.6137955291151133,,,0.0008618633835524249,2.7011969839558522e-05,0.00030544725435324146,2768.29433665864,16524.26937906038,1393943.0241307206,287.9286219066422,24514139.700486448,0.09051982697253894,0.04030300566435947,0.09175686805596091,0.43469119193685374,0.9005795731930174,0.004527456913581377,0.001286829145472539,0.005127456913581377,0.00016977963425930166,two-phase,False,
0.07230630690732841,1.000696816889415,2177.325620913986,900.7115790036881,1.2957412223849691,1167.0891223945346,1611139.9324234282,796.8484135539964,753.3782762494077,262.2699710061608,2335824.170716065,300460.77737433993,96.67964586714812,28.744235591242557,27832.683339554893,2.1278840975016253,0.03717877099654637,2850.686622188459,0.9137898051350976,3280.620415542408,18.531571698686076,262.2699710061608,0.6127076320311361,,,0.0008568325938539164,2.6980981868658823e-05,0.00030482039167419587,2778.9825176832055,16590.38783585754,1399995.87580257,287.93041290285237,24506961.841714542,0.09080549056422306,0.04016443782409596,0.09207436586930333,0.4381655165232141,0.8988943097661398,0.004510043965221551,0.0012861234606709956,0.005110043965221551,0.00016912664869580816,two-phase,False,
0.07281484933901572,1.0007066530188131,2177.32214757671,906.3768603387371,1.2952899718046484,1174.0208578725485,1618931.9039512859,798.3586537892454,754.7287947605425,262.27754628646784,2336315.0587305063,300185.26743229287,96.85549069857728,28.804140273777122,27929.224712337844,2.127877766577243,0.037177087407718794,2855.400145609824,0.9137515260642923,3287.496800886911,18.553026986475473,262.27754628646784,0.6116178737910383,,,0.0008517736233512129,2.6949780236102878e-05,0.00030418280551032533,2789.8391403673354,16657.56462204458,1406145.3665986124,287.93221869808957,24499719.597371373,0.09109061949634278,0.04002477317550862,0.09239186368264576,0.44161721277008853,0.8972035651875099,0.0044924931878628244,0.001285407446478987,0.005092493187862824,0.00016846849454485593,two-phase,False,
0.07333285969782966,1.0007167431488797,2177.3185846175807,912.142839914179,1.294834810652845,1181.0743014086243,1626853.7079881,799.8830532138318,756.0907999656174,262.28518210741635,2336809.7087956537,299909.3775387977,97.03232895195586,28.865297542363557,28027.180190642477,2.127871417730118,0.0371754371765904,2860.221651132089,0.9137112192112345,3294.5224783879635,18.57467459789168,262.28518210741635,0.6105262524889337,,,0.0008466867823703695,2.6918371967428845e-05,0.0003035341256767834,2800.867046426704,16725.818110837256,1412393.5196486851,287.93403929452364,24492415.224494506,0.0913752094482254,0.039884013542051316,0.09270936149598819,0.4450631180027071,0.8954992021178514,0.0044748048106471655,0.0012846809515816816,0.005074804810647165,0.00016780518039926872,two-phase,False,
0.07386054019215225,1.000727095182784,2177.314929251393,918.0115299609976,1.2943756024491817,1188.2517271485613,1634907.037522877,801.4220942827023,757.464760102797,262.2928630185856,2337308.156107358,299633.1024883374,97.2101176744781,28.927741446851158,28126.56379992612,2.1278650644946477,0.03717382248587869,2865.149251662632,0.9136689743770052,3301.6959305443715,18.596521695693095,262.2928630185856,0.6094328113147588,,,0.0008415725196543097,2.6886748402837004e-05,0.00030287465019079564,2812.0691501052784,16795.165477653252,1418741.3903751941,287.93587101609404,24485083.42129957,0.09165925610662892,0.03974216077095716,0.0930268593093306,0.44850315774688865,0.8937812470012276,0.004456979065704736,0.0012839438212053312,0.0050569790657047356,0.0001671367149639276,two-phase,False,
0.07439809892868468,1.0007377173281857,2177.311178585803,923.984998325064,1.293912377044169,1195.555625535936,1643094.5093635654,802.9757028717315,758.8505417832964,262.30060441880585,2337810.478238232,299356.4369706546,97.38891240089717,28.99147727153266,28227.40379108531,2.1278586948275295,0.03717224452975608,2870.186426086532,0.9136246999500216,3309.0216828634057,18.618566695660355,262.30060441880585,0.608337503519011,,,0.0008364311778063245,2.6854913601729653e-05,0.000302204124312255,2823.4484403698953,16865.62773374086,1425190.8900976784,287.93771754288275,24477691.718409304,0.09194275516610932,0.03959921673355852,0.09334435712267303,0.45193725652612626,0.8920497274051701,0.0044390161881940945,0.0012831958970258045,0.005039016188194094,0.00016646310705727854,two-phase,False,
0.07494575011605185,1.000748618110875,2177.307329616534,930.0653702689608,1.2934452169944473,1202.988604666557,1651419.096195983,804.5436228034328,760.2478137504878,262.30842169709155,2338316.7910933173,299079.3755206523,97.56871318311977,29.056527350787537,28329.729002287102,2.1278522969671467,0.03717070455221239,2875.3383865740834,0.9135782465747833,3316.5062305793513,18.640805208254633,262.30842169709155,0.6072406695033399,,,0.0008312630694263134,2.682287564372954e-05,0.00030152212312452455,2835.007983186464,16937.22642814663,1431744.2481584924,287.9395825557272,24470208.42138343,0.09222570232940233,0.039455183325614006,0.09366185493601546,0.4553653378357237,0.8903046720633095,0.0044209164163432945,0.0012824370170741294,0.005020916416343294,0.00016578436561287354,two-phase,False,
0.07550371427683016,1.0007598063891145,2177.3033792223428,936.254830343451,1.2929738690909265,1210.5530304442407,1659882.0407330063,806.1267359951776,761.6574717962652,262.316283987359,2338827.1873721844,298801.912818157,97.74953932622724,29.122908849530408,28433.547969598014,2.127845896980552,0.03716920537052518,2880.599642542122,0.9135298274665777,3324.144054722419,18.663250569070584,262.316283987359,0.6061416225901982,,,0.0008260687263184387,2.6790617108716215e-05,0.0003008293213344223,2846.7509238813036,17009.978568416038,1438402.047108894,287.94145869981173,24462703.28013494,0.09250809330782035,0.039310062467642945,0.09397935274935788,0.4587873241159247,0.8885461109197144,0.004402679991491913,0.0012816670156389305,0.005002679991491913,0.00016510049968094677,two-phase,False,
0.07607221846840344,1.000771291368727,2177.2993241597246,942.5556243316807,1.2924984244416386,1218.2516593973023,1668486.486461193,807.7247591748244,763.0791528171164,262.3242220931983,2339341.7453805218,298524.04337778967,97.93144082754472,29.19063035767455,28538.897526508514,2.127839470606399,0.03716774780992625,2885.9758637770146,0.9134792795788068,3331.942201845401,18.685897925688444,262.3242220931983,0.6050406576436526,,,0.0008208484612241148,2.67581468114853e-05,0.00030012525410739375,2858.6804895913356,17083.90847167563,1445166.6437365587,287.94335333481985,24455109.921461824,0.09278992382166559,0.03916385610526726,0.0942968505627003,0.46221465291348146,0.8867680726278263,0.004384307158134011,0.0012808857231656424,0.0049843071581340105,0.0001644115184300254,two-phase,False,
0.0766515253814515,1.000783083208814,2177.295160849087,948.9703807890379,1.292018879325109,1226.0876478997748,1677235.7092023487,809.337729685526,764.5128228434953,262.33222056798144,2339860.5031402223,298245.76156418736,98.11431827871961,29.2597517390477,28645.799319072554,2.1278330312715776,0.03716633421208291,2891.470566322936,0.9134265188632777,3339.905407740458,18.708747294368816,262.33222056798144,0.6039382058629468,,,0.0008156023769695002,2.6725466549569356e-05,0.0002994096771969745,2870.8005948812456,17159.039628092807,1452040.4304579732,287.9452627844069,24447463.06960559,0.09307118576142197,0.0390165589112639,0.09461434837604274,0.4656390483753123,0.8849747321975546,0.004365797246830998,0.001280092926728696,0.004965797246830998,0.00016371739675616242,two-phase,False,
0.07724185606970076,1.0007951914652744,2177.2908859243353,955.5012545713876,1.2915351080913875,1234.0634161043133,1686131.4345684242,810.9660985878809,765.9589195567646,262.34027938235363,2340383.602449693,297967.0618418615,98.29829130049309,29.330257757277554,28754.273783777106,2.1278265798252822,0.037164966558744204,2897.081883091436,0.9133716338231981,3348.0322213341638,18.73180535712631,262.34027938235363,0.602833489799325,,,0.0008103311280037749,2.669256862685585e-05,0.0002986829080161923,2883.114220943416,17235.391548998712,1459024.4384364309,287.94718705086495,24439765.47932874,0.09335187751865898,0.038868178076077405,0.09493184618938516,0.4690445657565222,0.8831744988020632,0.004347151161160781,0.0012792884761644381,0.004947151161160781,0.0001630181685435293,two-phase,False,
0.07784344766044635,1.0008076262625663,2177.2864958191785,962.1505662875264,1.2910470855396279,1242.1816844558136,1695176.1739695978,812.6099793462793,767.4175097172803,262.34839850675274,2340911.176961105,297687.9386175804,98.48336728513684,29.40216918436703,28864.343534151754,2.127820117122845,0.03716364685655986,2902.8114477967056,0.9133145968676009,3356.325176779617,18.755073443495164,262.34839850675274,0.6017265074286688,,,0.0008050352154709874,2.6659453054470198e-05,0.00029794490918770176,2895.6246267637503,17312.98549224241,1466120.397950427,287.9491261365039,24432019.745103683,0.09363199630401689,0.0387187184077395,0.09524934400272758,0.4724392729726288,0.8813632244160712,0.004328369505318449,0.0012784722047456737,0.004928369505318449,0.00016231385644944183,two-phase,False,
0.07845655564696563,1.0008203983613457,2177.2819867433013,968.9208265601416,1.2905548961149318,1250.4455166649172,1704373.344249785,814.2691073053024,768.8882440712948,262.35659331391156,2341443.2207556884,297408.38611993793,98.6694895426794,29.475528907404367,28976.040797781156,2.127813631872297,0.037162376642873085,2908.6649233073867,0.91325524862684,3364.791403856695,18.77854697762281,262.35659331391156,0.6006179862378648,,,0.0007997149709226162,2.6626128240689652e-05,0.0002971952433229021,2908.3353912940797,17391.846461287023,1473330.8451029882,287.95108372342344,24424191.880806714,0.09391153789212728,0.03856818196479408,0.09556684181607002,0.47582744931181326,0.8795386509309376,0.004309452537988253,0.0012776439265803799,0.004909452537988253,0.0001616044701745595,two-phase,False,
0.07908144330405908,1.0008335189578326,2177.2773547532465,975.8146181177401,1.2900584004017217,1258.8578453375887,1713725.1933127427,815.9439844606127,770.371600391419,262.36486376616006,2341979.9276431073,297128.3986125581,98.85677942410955,29.5503273114403,29089.39138041804,2.127807125162481,0.03716115801076404,2914.6408704705887,0.9131936695521866,3373.4300546823374,18.802233285740954,262.36486376616006,0.59950714819999,,,0.000794370868564456,2.6592585699869222e-05,0.0002964341882861911,2921.250188937294,17471.998382744365,1480657.1970423677,287.95305981456136,24416285.661879163,0.0941904980692834,0.0384165708328471,0.09588433962941244,0.47920900965590146,0.8777008175139238,0.004290400521255171,0.0012768034513813101,0.004890400521255171,0.00016089001954706892,two-phase,False,
0.07971838197137283,1.0008469997043687,2177.272595745201,982.8345982461656,1.2895576099969743,1267.4218355366618,1723234.8888613735,817.6345963480173,771.8674966156284,262.37319442815937,2342521.301069378,296847.97025386954,99.04513691489224,29.626621599167198,29204.414551099744,2.1278006100975824,0.03715999360081515,2920.742598655459,0.9131297800888485,3382.245653116857,18.826131641916927,262.37319442815937,0.5983944252112332,,,0.0007890032915336133,2.655882841521917e-05,0.0002956615522821251,2934.3727926152187,17553.464088304292,1488101.7121711783,287.95505073271215,24408335.087047435,0.09446887263397273,0.0382638871249612,0.09620183744275486,0.4825838675992185,0.8758497649328794,0.0042712137206544825,0.0012759505843433082,0.004871213720654482,0.0001601705145245431,two-phase,False,
0.08036765134905849,1.0008608527310885,2177.267705447401,989.9835013390606,1.289052407251573,1276.1406155404568,1732904.950341107,819.3413694007997,773.376326111601,262.38161605887643,2343067.5797462845,296567.09521410736,99.23472781599816,29.704390205235956,29321.151632752357,2.1277940637006223,0.037158884626061706,2926.9696775389734,0.9130636293381618,3391.238531925909,18.850248214041397,262.38161605887643,0.5972793342160867,,,0.0007836127052319318,2.6524849663653453e-05,0.00029487751763427055,2947.7070769567918,17636.272339100513,1495666.0217071446,287.9570638410074,24400277.019654196,0.09474665739743068,0.038110132982059675,0.09651933525609728,0.4859519354131342,0.873985535617283,0.004251892405222546,0.001275085126016431,0.004851892405222546,0.00015944596519584548,two-phase,False,
0.08102953980639863,1.0008750906687753,2177.2626794121124,997.2641415518843,1.288542891522004,1285.0176205664743,1742739.2119392508,821.0639907349882,774.897680389044,262.3900978276331,2343618.7713703243,296285.7674734293,99.42540136174301,29.783706990913046,29439.6159952101,2.127787511024107,0.037157834331448446,2933.328236013692,0.9129950442288733,3400.4164450199687,18.874577574860886,262.3900978276331,0.5961623537316839,,,0.000778199445669212,2.6490659089819934e-05,0.0002940816268150143,2961.2570216120807,17720.445587648035,1503352.9630985048,287.959091781921,24392179.40212282,0.09502384818421636,0.037955310573339694,0.09683683306943972,0.4893131240089317,0.8721081737219414,0.004232436847548715,0.0012742068721747104,0.004832436847548715,0.00015871638178307682,two-phase,False,
0.08170434470405671,1.0008897266729737,2177.257513007181,1004.6794155642743,1.2880288860414435,1294.0561084580208,1752740.0209627417,822.8030890399837,776.4321684793555,262.39865509285505,2344175.0325695695,296003.9810748719,99.61727365397485,29.86456671191153,29559.843153012196,2.1277809411888646,0.0371568445419232,2939.81602346592,0.9129241359445969,3409.7777193855086,18.899129020644615,262.39865509285505,0.5950430469440511,,,0.0007727640196309463,2.645624565311031e-05,0.00029327424902647744,2975.0267146978786,17806.012278598173,1511163.9592521174,287.961138238665,24384011.406141587,0.09530044083281126,0.0377994220966955,0.09715433088278214,0.49266734289959124,0.8702177251931017,0.004212847323828527,0.0012733156136803877,0.004812847323828527,0.00015798177464356977,two-phase,False,
0.08239237273065163,1.000904774449438,2177.2522014071124,1012.2323054558445,1.287510454344861,1303.2596755000004,1762911.189228466,824.5584732350053,777.979510082864,262.40728781530186,2344736.4717889084,295721.72989998694,99.81035293161442,29.946997166004955,29681.862156551437,2.127774355331056,0.03715591763701688,2946.4383740800804,0.9128507614592024,3419.329267730764,18.923899008553036,262.40728781530186,0.5939214113760931,,,0.0007673067914238552,2.6421616379056715e-05,0.00029245501725654207,2989.0203563810114,17892.999854591417,1519101.7802988896,287.96320321430824,24375775.154558145,0.09557643119624197,0.03764246977915143,0.09747182869612456,0.49601450015994447,0.8683142378373628,0.004193124113918113,0.0012724111363434326,0.004793124113918113,0.00015724215427192925,two-phase,False,
0.08309394025439944,1.0009202482809976,2177.246739583654,1019.9258817007541,1.2869875256659873,1312.631886852754,1773255.8484525376,826.3304116981537,779.5399205382689,262.41601133946085,2345303.1934585595,295439.00779138354,100.00463981376663,30.031029242228445,29805.710053802664,2.127767742973331,0.03715505557565203,2953.1965310553683,0.9127749165211945,3429.0734133718233,18.94889115817635,262.41601133946085,0.5927977854568637,,,0.0007618282094286623,2.6386768271886587e-05,0.000291623969349987,3003.2422626057487,17981.438329711647,1527168.534771711,287.96529039314277,24367438.86762952,0.09585181514272773,0.03748445587730539,0.09778932650946699,0.4993545023854395,0.8663977613933396,0.00417326750138993,0.0012714932207761633,0.00477326750138993,0.00015649753130212238,two-phase,False,
0.08380937369060938,1.0009361630559337,2177.241122295854,1027.7633062866698,1.286467667030991,1322.1842628986699,1783823.9920710265,828.0918076910289,781.0839825158248,262.4248102359334,2345875.3186801826,295155.8011252081,100.20015019901135,30.116690074600818,29931.41009465366,2.1277611170512247,0.03715426135271566,2960.3451304350706,0.9126881858366247,3439.2990376123075,18.97369199088111,262.4248102359334,0.5916718255636595,,,0.0007563242341182202,2.635227768218771e-05,0.0002907569214144979,3017.696868972076,18071.35494870007,1535410.1550142607,287.9673960975177,24359038.74961867,0.09612658855635378,0.03732538267778298,0.09810682432280941,0.5026872546495682,0.8644683476061342,0.004153277773589825,0.0012705616422427654,0.004753277773589825,0.00015574791650961844,two-phase,False,
0.08453900988585128,1.0009525342979562,2177.235344079563,1035.7478359640609,1.285946900907238,1331.9167197793624,1794594.0924420992,829.8582402472896,782.6284149382552,262.43369984300324,2346453.0113740657,294872.10025717126,100.39694372774592,30.203994486078624,30059.000861704102,2.1277544672668007,0.03715353706320811,2967.7455971396985,0.9125951946315327,3449.8506816115855,18.998525621254128,262.43369984300324,0.5905434817981361,,,0.0007507976926407637,2.6317831707984617e-05,0.00028986761813495465,3032.3887347719838,18162.78137802128,1543805.5753792734,287.96952401220904,24350544.174590807,0.09640074733777212,0.03716525249770246,0.09842432213615183,0.5060126604594836,0.8625260503049837,0.004133155221695466,0.0012696161705035066,0.004733155221695466,0.00015499332081357996,two-phase,False,
0.08528319651972018,1.0009693781978914,2177.2293992363275,1043.8828256320703,1.2854216265834562,1341.8295596865103,1805549.7344910945,831.6414134470426,784.1858441649119,262.4426647359417,2347036.3458577306,294587.89866445726,100.59497804668881,30.29298883863668,30188.507065144775,2.127747806422169,0.03715288583405266,2975.2924164499354,0.9124995289998015,3460.6101347931485,19.02358102330232,262.4426647359417,0.5894127987760209,,,0.0007452511332613872,2.6283169261746314e-05,0.0002889663848423576,3047.322547191246,18255.746536290757,1552338.5250894928,287.97167045921026,24341990.422634933,0.09667428740492999,0.037004067685151,0.09874181994949427,0.5093306217099868,0.8605709254840755,0.004112900140776189,0.0012686565696534264,0.004712900140776189,0.00015423375527910712,two-phase,False,
0.08604229252507767,1.0009867116471827,2177.223281821665,1052.1717318675426,1.2848917734662308,1351.9268025503222,1816694.660203167,833.4414611076363,785.7563349152588,262.4517202467319,2347625.49337644,294303.18974643934,100.79431319952923,30.383689599850737,30319.968911794596,2.12774112440183,0.03715230990512288,2982.9883561551387,0.9124011428530242,3471.5815784538854,19.048860779711827,262.4517202467319,0.5882797263083057,,,0.000739685017053856,2.624828884951114e-05,0.0002880531473626966,3062.503125684634,18350.283859112955,1561011.5722784672,287.9738391237894,24333347.023151785,0.0969472046938279,0.03684183061967268,0.09905931776283669,0.5126410386358358,0.8586030313866657,0.004092512829854324,0.0012676825979552762,0.0046925128298543235,0.00015346923111953713,two-phase,False,
0.08681666852780955,1.0010045522733284,2177.216985632652,1060.6181166041695,1.2843573250117177,1362.2126471006973,1828032.8193539812,835.2585012178101,787.339927093213,262.46088169570737,2348220.5816217205,294017.96680688753,100.99500977983726,30.476113951002386,30453.427549668348,2.127734411425807,0.03715181159866971,2990.8365782695228,0.9122999733257762,3482.7696692855416,19.074365762645147,262.46088169570737,0.587144213648081,,,0.0007340997766599639,2.6213191370126178e-05,0.0002871278019959158,3077.9354265329207,18446.427741952655,1569827.4481420491,287.97603369211834,24324582.7155012,0.0972194951593083,0.036678543712768304,0.09937681557617911,0.5159438097621604,0.8566224285927304,0.004071993591967996,0.0012666940076664734,0.004671993591967996,0.00015269975969879984,two-phase,False,
0.08760670730713854,1.0010229184773798,2177.210504194801,1069.225650969081,1.2838181542803437,1372.6913017363247,1839567.7181328642,837.0929440368946,788.9369785721767,262.47011828944403,2348821.7982435077,293732.2231382144,101.19703405514956,30.57030847272218,30588.902668978324,2.1277276914789898,0.03715139473403596,2998.837258001822,0.9121960582987326,3494.175715343121,19.100102140830863,262.47011828944403,0.5860059651167272,,,0.0007284959107230406,2.6177870480133975e-05,0.0002861905300322889,3093.6245475904934,18544.208021786464,1578788.4357190987,287.9782468038158,24315768.687021345,0.09749115477587608,0.0365142094084076,0.09969431338952153,0.5192388318530591,0.8546291801102222,0.004051342734235501,0.0012656905448598164,0.004651342734235501,0.00015192535253383128,two-phase,False,
0.0884128042776183,1.0010418294736356,2177.203830748167,1077.998119284607,1.2832743333145884,1383.367317839334,1851304.1452388752,838.9445547299895,790.5471430138988,262.47944535016893,2349429.16671804,293445.95183740306,101.40032700148463,30.666328454614995,30726.437097309998,2.1277209547280624,0.03715106178654033,3006.997007049078,0.912089224431793,3505.8083526589307,19.12606562618477,262.47944535016893,0.5848657064844986,,,0.0007228738073427156,2.6142334224529117e-05,0.0002852409200410411,3109.575733232893,18643.661029998824,1587897.986394133,287.98048214491297,24306871.66884188,0.09776217953855235,0.03634883018355412,0.10001181120286397,0.5225259998579036,0.8526233514703302,0.0040305605679212585,0.0012646719492377051,0.004630560567921258,0.0001511460212970472,two-phase,False,
0.08923536799400342,1.0010613053316804,2177.196958232639,1086.9394232433838,1.2827256245518643,1394.2450505299128,1863245.0799725542,840.8141758341017,792.1712419539372,262.48887818813495,2350042.9958227146,293159.14610250527,101.60513041199088,30.76413924020923,30866.074685071686,2.127714191685504,0.03715081532173262,3015.3124545521705,0.9119796293687806,3517.6649392774257,19.152268699116707,262.48887818813495,0.5837222218280275,,,0.0007172340325826716,2.6106567731219215e-05,0.0002842794914416758,3125.794379514105,18744.824162862842,1597157.828419657,287.9827434023712,24297863.878982402,0.09803256546376281,0.03618240854870335,0.10032930901620639,0.5258052068561122,0.8506050108264124,0.004009647408503435,0.00126363795393959,0.004609647408503435,0.0001503617778188788,two-phase,False,
0.09007482068026532,1.0010813670209209,2177.18987927236,1096.0535862654374,1.2821722422178223,1405.3294842928412,1875396.3987763906,842.7011207730775,793.8084315947387,262.4984013842951,2350663.2580176345,292871.79880177276,101.81122159637067,30.863847720063447,31007.84518854578,2.1277074149928987,0.03715065892655683,3023.79451895851,0.9118669581644798,3529.7590712405245,19.178699620466492,262.4984013842951,0.5825767208528427,,,0.000711576901485987,2.607058924195395e-05,0.0002833054550798428,3142.2860395440193,18847.73215848686,1606572.3572180197,287.9850268977622,24288778.599097125,0.09830230859026261,0.036014947048434116,0.10064680682954881,0.5290763439990022,0.8485742290575701,0.003988603575743237,0.0012625882853423657,0.004588603575743237,0.00014957263409037138,two-phase,False,
0.0909315987841062,1.0011020364577912,2177.182586159218,1105.344758046329,1.2816139421115338,1416.625252752075,1887761.3214346573,844.6062271205044,795.4595243010875,262.5080302419584,2351290.215656339,292583.90290020464,102.01878329126411,30.965439178762825,31151.79439825986,2.127700615364,0.037150595342558726,3032.44004950247,0.9117513642493905,3542.088431081904,19.20537099274981,262.5080302419584,0.5814283754906469,,,0.0007059029888513578,2.6034383828813004e-05,0.0002823193207783798,3159.056429097024,18952.424599615482,1616143.455027081,287.98733631859193,24279587.17622228,0.09857140498009875,0.03584644826197413,0.10096430464289124,0.5323393004498671,0.8465310798763067,0.003967429393755978,0.0012615226628534054,0.004567429393755978,0.00014877860226584916,two-phase,False,
0.09180615355841076,1.0011233365558068,2177.1750708353447,1114.817219306013,1.2810507818528427,1428.1374704149798,1900345.0676689602,846.5293122608784,797.1242197763058,262.51776469940506,2351923.9623197434,292295.45116996753,102.22776512796833,31.068970631290863,31297.961578555125,2.1276937945886534,0.03715062787010555,3041.255517664831,0.9116326840725693,3554.6616574160216,19.23227922569281,262.51776469940506,0.58027757060433,,,0.0007002127041099383,2.5997958647149807e-05,0.00028132072652082635,3176.111432463348,19058.940352240792,1625874.8312818604,287.9896716697032,24270291.477322638,0.09883985071961197,0.03567691480377985,0.10128180245623367,0.5355939633214319,0.8444756399409286,0.003946125191083945,0.0012604407986959287,0.0045461251910839445,0.00014797969466564794,two-phase,False,
0.0926989516711679,1.0011452912786625,2177.1673248745537,1124.4753867485601,1.280482660114535,1439.8712344571168,1913151.9811132487,848.4707474791619,798.8028173852741,262.52760469427415,2352564.8235033285,292006.43634261057,102.43829996742025,31.17444461271915,31446.387006407826,2.12768695447559,0.03715075990299358,3050.242301953669,0.9115109229502523,3567.4816509104635,19.25942934904662,262.52760469427415,0.5791235259683217,,,0.0006945065475782187,2.5961309182026777e-05,0.00028030978091920616,3193.4571085554526,19167.31946908733,1635769.3392392893,287.99203295599244,24260897.780605223,0.09910764192048,0.0355063493241312,0.10159930026957609,0.5388402176105768,0.8424079889729122,0.003924691300771136,0.0012593423976863629,0.004524691300771136,0.00014717592377891763,two-phase,False,
0.09361047584550063,1.0011679256965837,2177.1593394626484,1134.3238182435289,1.2799095947071988,1451.8319384747972,1926187.3170068022,850.4304902334927,800.4951632055994,262.53755016356547,2353212.782626776,291716.85098952596,102.65021472548072,31.281957917671964,31597.112003012982,2.1276800968529255,0.03715099493171297,3059.405799568082,0.9113859558505777,3580.5559217103173,19.286819889362675,262.53755016356547,0.5779674032553103,,,0.000688784957472789,2.592443974010286e-05,0.0002792862398647671,3211.0996972824787,19277.603234190257,1645830.6412626007,287.9944201824093,24251405.846683543,0.09937477472080361,0.03533475450974152,0.10191679808291852,0.5420779461308364,0.840328209879077,0.003903128060439907,0.0012582271570033595,0.004503128060439907,0.00014636730226649653,two-phase,False,
0.09454122553154491,1.0011912660461586,2177.1511053765184,1144.3672182403377,1.279331429042803,1464.0249486611485,1939455.341449406,852.4091033887526,802.201759818025,262.5476010436411,2353868.135037895,291426.6876902607,102.86370456275992,31.391496543237466,31750.178966573974,2.127673223567798,0.03715133654685079,3068.745805720764,0.9112578425807356,3593.8856579075195,19.314458837254506,262.5476010436411,0.5768080337176238,,,0.0006830484691633845,2.5887341924153726e-05,0.00027825036609045414,3229.045626206478,19389.834209503224,1656061.436278658,287.9968333539576,24241821.368210856,0.0996412452862378,0.035162133084383485,0.10223429589626094,0.5453070294417065,0.8382363888793315,0.003881435812369627,0.001257094765948099,0.004481435812369627,0.00014555384296386102,two-phase,False,
0.09549171761203903,1.0012153397938945,2177.1426129619363,1154.6104434276983,1.278748132057961,1476.4559477877833,1952961.2860421126,854.4067135480113,803.9226318314895,262.55777261038713,2354531.043918426,291135.9389063828,103.0787720424519,31.503106344317803,31905.639191796115,2.127666326128383,0.037151787992088625,3078.2664442881423,0.9111265032444997,3607.4770143964793,19.34234732651358,262.55777261038713,0.575645753000806,,,0.0006772975526281898,2.5850016627228255e-05,0.00027720204342516016,3247.301517495055,19504.058229893268,1666465.2802570935,287.9992761602901,24232113.87528732,0.09990704981116984,0.03498848780953125,0.10255179370960336,0.5485273457749107,0.8361326156400858,0.0038596149035773726,0.001255944905695501,0.004459614903577372,0.00014473555888415147,two-phase,False,
0.0964624871436133,1.0012401757037603,2177.1338521099788,1165.0585086508536,1.2781598064005373,1489.1309578624737,1966711.4463394857,856.422979801918,805.6572906203162,262.56806478936875,2355201.624560233,290844.59684447414,103.2953665573785,31.616850823329923,32063.537445497892,2.1276594066952064,0.037152353075953395,3087.976326048911,0.9109917131547617,3621.341305989529,19.3704791370414,262.56806478936875,0.5744809456469387,,,0.0006715326108292173,2.5812474563103078e-05,0.0002761407764427084,3265.8741951858187,19620.320596254656,1677046.6722981965,288.00174860725775,24222285.66340092,0.1001721845199465,0.0348138214850195,0.10286929152294579,0.5517486572760648,0.8340104430965235,0.0038376656859007464,0.0012547772490359404,0.004437665685900746,0.00014391246322127799,two-phase,False,
0.09745412375165047,1.0012658048342085,2177.1248119056067,1175.716975654748,1.2775662838667243,1502.0563674662603,1980711.0975988891,858.4585218115496,807.4062740995486,262.57846217155065,2355880.0685820063,290552.6536567854,103.51350883767306,31.732779682896496,32223.917374281442,2.127652477626931,0.03715303620140261,3097.87605362448,0.910853515858751,3635.4808881537997,19.39886279613576,262.57846217155065,0.5733132686648893,,,0.0006657539767877335,2.5774706757532182e-05,0.00027506677404315235,3284.7713701494386,19738.670267729573,1687809.0319203667,288.0042470156881,24212374.088596225,0.10043664149039845,0.03463813068830136,0.10318678933628822,0.5549708663219591,0.8318697840009903,0.003815587729249825,0.0012535914176410208,0.004415587729249825,0.00014308453984686846,two-phase,False,
0.09846720300113966,1.0012922588398097,2177.115481227066,1186.5912120138435,1.2769674257744168,1515.238325451863,1994965.295644732,860.5138205280414,809.1699838324723,262.588995351607,2356566.7346912194,290260.10149536585,103.73337944667298,31.85088865857445,32386.842019012012,2.127645520693056,0.03715384052222826,3107.9668751863655,0.9107119314290111,3649.8988030839123,19.427505072063507,262.588995351607,0.572142230615778,,,0.0006599621875996224,2.5736706702447002e-05,0.00027398019889073884,3304.0003189336367,19859.15955800354,1698755.6068051495,288.0067787615054,24202318.81494653,0.10070041689113488,0.034461418281662645,0.10350428714963064,0.5581756415635909,0.8297228170690942,0.0037933813933100505,0.001252387065356979,0.00439338139331005,0.00014225180224912692,two-phase,False,
0.09950228997974597,1.0013195700801516,2177.1058487077057,1197.686429489695,1.2763632886348977,1528.6829898968556,2009480.015083136,862.5886935068611,810.9481078465697,262.59964891561896,2357261.700913284,289966.9323501521,103.95487535303043,31.971256229209228,32552.347377402573,2.127638548395474,0.037154770615949406,3118.2553494330105,0.9105668013796148,3664.6041077616574,19.45640225986337,262.59964891561896,0.5709682653366018,,,0.0006541578643898384,2.569848183245319e-05,0.00027288077254565996,3323.567956187243,19981.83279977875,1709890.5154147842,288.0093401659272,24192155.040596552,0.10096351053156945,0.034283692484330504,0.10382178496297306,0.5613628464764517,0.827569788353741,0.003771047710939969,0.0012511638735247716,0.004371047710939969,0.00014141428916024883,two-phase,False,
0.10056000110148341,1.0013477732950775,2177.0959021454414,1209.0083448514204,1.2757538218772688,1542.3970166257104,2024261.2358842324,864.6833299837729,812.7407218310386,262.61042278581743,2357965.167851346,289673.1380711501,104.17800880707324,32.09393266206817,32720.483244329378,2.1276315629942317,0.03715583076403421,3128.745615798136,0.910418053910451,3679.6032492619292,19.485556346458452,262.61042278581743,0.5697913687775029,,,0.000648341503011781,2.5660032031411626e-05,0.000271768430523205,3343.4819995225535,20106.74141164076,1721217.761255453,288.011931235084,24181886.657557707,0.10122591874073956,0.03410495624272143,0.1041392827763155,0.5645406941212721,0.8254052366450508,0.0037485870523971962,0.001249921478256042,0.004348587052397196,0.00014057201446489488,two-phase,False,
0.10164097530291435,1.0013769049318084,2177.0856287404804,1220.562867227466,1.2751389833503295,1556.3872936315943,2039315.1900436208,866.7978884151355,814.5478640835236,262.6213322041418,2358677.3421666315,289378.71037821163,104.40284565377195,32.21895331784684,32891.30878210575,2.127624556983579,0.03715702494022578,3139.4423491489624,0.9102656024863405,3694.903347189139,19.514968807486326,262.6213322041418,0.568611486828943,,,0.0006425135980560797,2.5621357888524535e-05,0.000270643073995627,3363.750410369247,20233.9405054118,1732741.527801046,288.01455566129914,24171484.10617253,0.10148763788376224,0.03392521254492819,0.10445678058965792,0.5677090484416314,0.8232292732389304,0.003725999793176544,0.0012486595058125315,0.004325999793176544,0.00013972499224412042,two-phase,False,
0.10274587505025275,1.001407003243372,2177.075015061019,1232.3561058977903,1.274518675597037,1570.6608719527735,2054647.9178685138,868.9327199556417,816.3697798036653,262.6323923980886,2359398.615651073,289083.6409133635,104.62951624378456,32.34633519306534,33064.884711201565,2.127617523275475,0.03715835726141438,3150.348527919219,0.9101094172147135,3710.5096469919554,19.544644115491423,262.6323923980886,0.5674281760556796,,,0.0006366746748817385,2.558245609617887e-05,0.0002695047567955206,3384.3814035097307,20363.4869863583,1744465.7632669928,288.01721713802687,24160921.381664805,0.10174866436337686,0.03374446442148572,0.10477427840300034,0.5708348439024614,0.8210649066832979,0.0037032863141062636,0.0012473775722803987,0.0043032863141062635,0.0001388732367789849,two-phase,False,
0.10387525671856401,1.0014381047751053,2177.064048282543,1244.3929866685428,1.2738929345269085,1585.2234334918942,2070264.2931725094,871.0877111726516,818.2062621953119,262.6435726392782,2360129.030618692,288787.9213402268,104.85786327608542,32.47616273947512,33241.22940416491,2.1276104839920635,0.03715983307409652,3161.4678241563,0.9099494231804024,3726.4278759016697,19.574579868827442,262.6435726392782,0.5662419208370006,,,0.0006308259005465385,2.5543332390814223e-05,0.0002683535099302127,3405.3810322677823,20495.41842585262,1756393.567333136,288.0199082999128,24150266.501165185,0.10200900923549436,0.033562735800691926,0.10509177621634277,0.5729773136237747,0.8195712281873263,0.0036804496221049523,0.001246075433430727,0.004280449622104952,0.0001380168608289357,two-phase,False,
0.10502602382836725,1.0014701449480072,2177.0527512400836,1256.6395424204181,1.2732631829998402,1600.0328636656843,2086114.435179959,873.2580089241919,820.0535941521393,262.6549034666945,2360868.905922958,288491.5484992107,105.08807165068471,32.607770293099954,33419.84539661311,2.127603422518116,0.03716144972386203,3172.747946004477,0.9097867119275309,3742.589406901227,19.604711790531283,262.6549034666945,0.5650522272998895,,,0.0006249871628942635,2.550407296686151e-05,0.0002671946856248855,3426.6877009303566,20629.360110868285,1768485.5509778296,288.02263652725236,24139458.53145142,0.1022690882183511,0.033380626536365726,0.1054092740296852,0.5735764363510371,0.8191520442889981,0.003657565097026639,0.0012447570313235013,0.004257565097026639,0.000137158691138499,two-phase,False,
0.1061962680528517,1.0015030894210433,2177.041136104221,1269.0746088772908,1.2726305243044054,1615.0630848769147,2102168.235279101,875.4398209832648,821.9086386688532,262.6663694703102,2361618.3533833968,288194.51978948264,105.32003731679637,32.74080372330248,33600.39935378926,2.1275963512500615,0.03716320670032632,3184.162058612466,0.9096217707038645,3758.9580599687933,19.634987911645233,262.6663694703102,0.5638595298153448,,,0.000619170860484506,2.546474702454271e-05,0.00026603116716026937,3448.2626699201223,20765.072602677676,1780718.0151543396,288.025398140998,24128533.235271785,0.10252916720120782,0.033198517272039534,0.10572677184302762,0.5735764363510589,0.8191520442889828,0.003634680571948326,0.0012434248672075767,0.004234680571948326,0.00013630052144806223,two-phase,False,
0.10738644001298267,1.0015369693203657,2177.029191964855,1281.7021458721194,1.2719948010340258,1630.3184660234906,2118428.4767764285,877.6336929103131,823.7719172043638,262.6780011623206,2362377.626236988,287896.8310189588,105.55394695164287,32.87523715925799,33782.938225067046,2.1275892543496906,0.03716510588266209,3195.708213422442,0.9094546988399397,3775.532787309162,19.665416234526663,262.6780011623206,0.5626633334003538,,,0.0006133770921696666,2.5425345389951507e-05,0.00026486328058422296,3470.1110391309967,20902.595018826905,1793092.4359969199,288.0282005235489,24117428.524520658,0.10278924618406454,0.03301640800771334,0.10604426965637004,0.5735764363510637,0.8191520442889794,0.0036117960468700144,0.0012420787244723903,0.004211796046870014,0.00013544235175762555,two-phase,False,
0.10859700378722989,1.001571817046367,2177.0169074674695,1294.5262188908644,1.271356074414067,1645.8037718751746,2134899.6367878118,879.8393986594922,825.6431040671317,262.6897678271192,2363146.844153358,287598.47784858674,105.78964218868894,33.01115275827285,33967.476873217514,2.1275821535752595,0.0371671509225044,3207.3916390117583,0.9092853645060961,3792.3207828323575,19.695992621318165,262.6897678271192,0.5614641232196688,,,0.0006076058501558986,2.5385874660555048e-05,0.00026369077334569083,3492.2380385338365,21041.959114491034,1805611.8238099914,288.03103630858345,24106213.78729696,0.10304932516692128,0.032834298743387134,0.10636176746971247,0.5735764363510322,0.8191520442890015,0.0035889115217917003,0.0012407183819375407,0.0041889115217917,0.00013458418206718876,two-phase,False,
0.10982843741312368,1.0016076663346565,2177.0042707920115,1307.5510024977443,1.2707142737164863,1661.5237224861846,2151585.317514144,882.057175908126,827.5223800949918,262.70168466421376,2363926.272334202,287299.4559277814,106.02725673313459,33.148542560111515,34154.055415307106,2.127575042656116,0.03716934426115729,3219.2133983109866,0.9091137716483085,3809.3245076177145,19.726720210768246,262.70168466421376,0.560261454646823,,,0.0006018571907620265,2.5346332013522677e-05,0.00026251373386547807,3514.649032350182,21183.20382768439,1818278.35037409,288.03390919178236,24094860.664323702,0.10330940414977802,0.03265218947906094,0.1066792652830549,0.5735764363510236,0.8191520442890075,0.003566026996713387,0.0012393436137316388,0.004166026996713387,0.00013372601237675202,two-phase,False,
0.1110812334116009,1.0016445523204083,2176.991269630603,1320.7807838914264,1.2700693827793386,1677.4832349837948,2168489.6256549843,884.287068222633,829.4097114824272,262.7137668572318,2364716.1711526928,286999.7608358385,106.2668603739996,33.28741915342468,34342.714822879636,2.1275679157830827,0.037171688419258546,3231.1765056638524,0.9089398628695652,3826.5486919783634,19.757599076070758,262.7137668572318,0.5590552713133761,,,0.0005961311440526322,2.530671859849462e-05,0.00026133209858176143,3537.3495233877807,21326.369138775164,1831094.6221279146,288.0368228700752,24083340.756145548,0.10356948313263475,0.03247008021473474,0.10699676309639732,0.5735764363510513,0.8191520442889881,0.003543142471635074,0.0012379541891672802,0.004143142471635074,0.00013286784268631529,two-phase,False,
0.11235589933539536,1.0016825116062869,2176.977891164027,1334.219966597901,1.2694213274455421,1693.6872811030544,2185616.32701467,886.5293228833259,831.3052863323667,262.72601428516634,2365516.7471499746,286699.38814148144,106.5084689749372,33.42781275339694,34533.48854369953,2.1275607764801605,0.0371741864135298,3243.281959274373,0.9087636450506251,3843.9957882130316,19.788632482504624,262.72601428516634,0.5578455675852639,,,0.0005904277673672593,2.5267031485983492e-05,0.000260145966617948,3560.3451575451886,21471.49396381925,1844062.895448041,288.0397773530381,24071658.12683904,0.10382956211549149,0.032287970950408536,0.10731426090973975,0.5735764363510552,0.8191520442889855,0.0035202579465567607,0.0012365498726119996,0.0041202579465567605,0.00013200967299587852,two-phase,False,
0.11365295834279766,1.0017215823341847,2176.9641220369144,1347.8730743061196,1.268770167745975,1710.1411465876586,2202970.3272286546,888.7837097800864,833.2087662814638,262.7384115409702,2366328.150968411,286398.3332587369,106.75204379232724,33.56977160516725,34726.40230014338,2.1275536370663812,0.03717684174681627,3255.53541773047,0.9085849778361624,3861.673632858247,19.819816166643992,262.7384115409702,0.5566323892831297,,,0.0005847470555254206,2.5227277377147486e-05,0.00025895507882675275,3583.6417284932377,21618.616117963193,1857186.4446229418,288.0427689614407,24059849.190492444,0.10408964109834823,0.032105861686082336,0.10763175872308217,0.5735764363510465,0.8191520442889915,0.0034973734214784474,0.0012351304233550523,0.004097373421478447,0.0001311515033054418,two-phase,False,
0.11497294979819418,1.0017618042610128,2176.9499483315262,1361.7447548527632,1.2681158552419893,1726.850114421405,2220555.8046293966,891.0503869944314,835.1202370728598,262.75098907332233,2367150.6485090684,286096.591560932,106.99764396147464,33.71331413465817,34921.507847933346,2.127546483552103,0.03717965675956992,3267.9390893848704,0.9084038329867051,3879.5861454652972,19.851151907720503,262.75098907332233,0.5554160170453427,,,0.0005790890544863866,2.5187455233040667e-05,0.0002577594522985042,3607.2451825415055,21767.78096177955,1870467.8390995117,288.0458050826985,24047852.281662334,0.10434972008120497,0.03192375242175614,0.10794925653642459,0.5735764363510504,0.8191520442889888,0.0034744888964001333,0.0012336955954698663,0.004074488896400133,0.000130293333615005,two-phase,False,
0.11631642990088621,1.0018032188388089,2176.935355540068,1375.8397843628136,1.2674583370198613,1743.8196050942563,2238377.0237046205,893.3295185798668,837.0397894540656,262.7637161915444,2367984.4136117534,285794.1583819725,107.2452421951907,33.858486860326245,35118.82391754845,2.127539336983637,0.03718263551943343,3280.4948244316806,0.9082201922837765,3897.7368689386126,19.882641633450678,262.7637161915444,0.5541961592216318,,,0.000573453812010531,2.51475638508113e-05,0.0002565591351148105,3631.16162369837,21919.026358918218,1883909.6861326494,288.0488783485955,24035737.631501842,0.1046097990640617,0.03174164315742994,0.10826675434976703,0.5735764363510418,0.8191520442889949,0.00345160437132182,0.0012322451376719993,0.00405160437132182,0.00012943516392456827,two-phase,False,
0.11768397234400886,1.0018458692994483,2176.9203285354224,1390.1630715529743,1.2667975068892134,1761.0551132127591,2256437.9333574474,895.6214546796562,838.9677173396738,262.7766385984797,2368829.815328225,285491.0290719234,107.495087546629,34.00524993617112,35318.41257286784,2.1275321755054692,0.037185780132032546,3293.203141299161,0.9080340830897415,3916.1278551675814,19.914290206632188,262.7766385984797,0.5529722655645224,,,0.0005678413994526624,2.5107598353341347e-05,0.00025535427774157985,3655.3973189337144,22072.402226899485,1897514.2704990525,288.051999837881,24023412.200911958,0.10486987804691844,0.03155953389310373,0.10858425216310945,0.5735764363510599,0.8191520442889821,0.003428719846243507,0.0012307787931724289,0.004028719846243507,0.0001285769942341315,two-phase,False,
0.11907616900375084,1.001889800744218,2176.90485154022,1404.7196622053193,1.2661335244910579,1778.5626568299092,2274744.73544894,897.925600112879,840.9032710277983,262.7897256039623,2369686.9997516726,285187.19870829774,107.74695296438526,34.15371481428489,35520.29408547032,2.1275250201528673,0.0371890948278227,3306.0735648505015,0.9078452481016338,3934.7715573438823,19.94608754103065,262.7897256039623,0.5517452119559787,,,0.0005622517689550444,2.5067572724297996e-05,0.0002541443602065268,3679.9587036537823,22227.94879146574,1911285.9100077436,288.0551621823209,24010945.665516075,0.10512995702977516,0.03137742462877754,0.10890174997645187,0.5735764363510504,0.8191520442889888,0.0034058353211651946,0.0012292962995259934,0.004005835321165194,0.0001277188245436948,two-phase,False,
0.12049363066513609,1.001935060238714,2176.8889080940853,1419.5147438189456,1.2654662166761244,1796.347952376539,2293301.0845951065,900.242542582823,842.8470014077475,262.8029923421515,2370556.2231596126,284882.66245349025,108.00097789334701,34.30387816540765,35724.51521429046,2.1275178665630876,0.03719258270480459,3319.1042487098266,0.9076537900060059,3953.6673920474223,19.978042175782956,262.8029923421515,0.5505145512414233,,,0.0005566850223404749,2.5027477447519433e-05,0.00025292972342879505,3704.8523873982613,22385.714103520753,1925226.534928301,288.0583690827893,23998309.65028996,0.1053900360126319,0.03119531536445134,0.10921924778979429,0.5735764363510599,0.8191520442889821,0.0033829507960868813,0.0012277973884748008,0.003982950796086881,0.00012686065485325806,two-phase,False,
0.12193698777911186,1.0019816969131874,2176.872481019028,1434.5536504477943,1.2647975467060895,1814.4199377046352,2312129.367366579,902.5647425957056,844.8004507851791,262.81645392917346,2371437.881149389,284577.4130930675,108.2573037549043,34.455736753015,35931.12375864358,2.127510710898298,0.037196246960333086,3332.300298504936,0.9074732935644486,3972.840112197527,20.013483199539746,262.81645392917346,0.5492798354830788,,,0.0005511403282225107,2.498315735521234e-05,0.000251709097713188,3730.0851597701653,22545.747572010005,1939345.4464483634,288.0616242415876,23985478.453276142,0.10565011499548864,0.031013206100125135,0.10953674560313673,0.5735764363510418,0.8191520442889949,0.0033600662710085664,0.0012262817857864037,0.003960066271008566,0.00012600248516282124,two-phase,False,
0.12340689125963503,1.0020297620689227,2176.8555523827645,1449.841867733242,1.264130106632126,1832.788754857344,2331255.6241510734,904.8837454995823,846.7660415169764,262.83009494993684,2372332.0850230632,284271.44062542735,108.51582567425126,34.609366636380315,36140.151036227246,2.127503565725668,0.037200091683848184,3345.6630932227417,0.9073198486171834,3992.3139478850876,20.056329348874513,262.83009494993684,0.5480414997310256,,,0.0005456166169449439,2.4929786069157175e-05,0.0002504813030873351,3755.663996609694,22708.09548323181,1953652.945235431,288.0649239801945,23972487.67764881,0.10591019397834538,0.030831096835798932,0.10985424341647915,0.5735764363510418,0.8191520442889949,0.003337181745930254,0.001224749211086539,0.003937181745930254,0.0001251443154723845,two-phase,False,
0.12490401332124638,1.0020793092910025,2176.838103459871,1465.3850381405127,1.2634593284942521,1851.4543962745363,2350648.380004629,907.2154842181753,848.7398534064803,262.84393050831,2373239.165911736,283964.73984662263,108.77661777681058,34.764788092446686,36351.64672043387,2.127496427567971,0.03720412026561557,3359.1963740094698,0.9071637906900775,4012.0579238322775,20.099384541692686,262.84393050831,0.5467994850443312,,,0.0005401159229264206,2.4876383600842938e-05,0.00024924864470670706,3781.596066423889,22872.810010790232,1968139.4597464656,288.06827200190054,23959310.424962,0.10617027296120211,0.03064898757147274,0.11017174122982157,0.5735764363510637,0.8191520442889794,0.0033142972208519417,0.0012231993776862162,0.0039142972208519415,0.0001242861457819478,two-phase,False,
0.12642904835467872,1.0021303945677358,2176.820114690655,1481.1889664084333,1.2627852649599263,1870.423601401793,2370313.8290235973,909.55967847334,850.7214735501726,262.8579604413676,2374159.3963628784,283657.3053672954,109.03969891088492,34.92204009290764,36565.652734253,2.127489301186384,0.03720833659442671,3372.9071640760208,0.907004946388346,4032.0818968482004,20.142642285899214,262.8579604413676,0.545553784660277,,,0.0005346382494588647,2.4822959813471107e-05,0.0002480108354896463,3807.888737084501,23039.942536965507,1982809.054863586,288.0716683196862,23945952.01347286,0.10643035194405885,0.030466878307146533,0.110489239043164,0.5735764363510418,0.8191520442889949,0.0032914126957736276,0.0012216319924029321,0.0038914126957736274,0.00012342797609151104,two-phase,False,
0.12798271385098725,1.0021830764174777,2176.801565637513,1497.2596252225533,1.2621077398240401,1889.702961519426,2390256.271899124,911.916914148569,852.7114555169246,262.87219982744847,2375093.1412342773,283349.1318759432,109.3052136994695,35.08112241882769,36782.22088025888,2.127482183850392,0.037212744273643114,3386.793897153814,0.906843427429449,4052.3858811416358,20.186113976166077,262.87219982744847,0.5443039493167251,,,0.0005291836973129071,2.4769502470379116e-05,0.00024676820750305263,3834.5495828072108,23209.54825153716,1997663.9914708661,288.07511663887817,23932386.239831157,0.10669043092691559,0.030284769042820334,0.11080673685650642,0.5735764363510552,0.8191520442889855,0.003268528170695314,0.0012200467553757763,0.0038685281706953138,0.00012256980640107428,two-phase,False,
0.12956575137341592,1.002237416023241,2176.7824349386347,1513.6031611222168,1.2614268193951135,1909.2996213607873,2410482.258019507,914.2868941384334,854.709360726472,262.88664848606777,2376040.6747521576,283040.21386403183,109.57311327853685,35.242097955270424,37001.39517111322,2.1274750808371063,0.037217347406993125,3400.864007939849,0.9066790490962638,4072.9803168492545,20.229792339267544,262.88664848606777,0.5430503611841234,,,0.0005237522643446001,2.4716022370109185e-05,0.0002455204597633736,3861.586391426138,23381.681629125826,2012708.5611397335,288.0786169738695,23918618.48343559,0.10695050990977231,0.030102659778494138,0.11112423466984885,0.5735764363510552,0.8191520442889855,0.0032456436456170016,0.0012184433598741813,0.0038456436456170014,0.00012171163671063757,two-phase,False,
0.1311789275752272,1.0022934773754861,2176.7627002589265,1530.225900652698,1.260742404624755,1929.2206816079643,2430997.0492700175,916.6699216329823,856.715420932156,262.9012909997408,2377002.311906317,282730.5458102507,109.84343105632287,35.40500451032121,37223.21160652859,2.127468004797097,0.03722215058976791,3415.118814742108,0.9065118289983748,4093.8686480005126,20.273682716504638,262.9012909997408,0.5417926765807378,,,0.0005183440181485725,2.466251479771626e-05,0.0002442677296176589,3889.0071719782686,23556.396402003484,2027945.8075919063,288.08216564640264,23904688.07760982,0.10721058889262906,0.02992055051416793,0.11144173248319128,0.5735764363510284,0.8191520442890042,0.003222759120538687,0.001216821492100066,0.003822759120538687,0.00012085346702020075,two-phase,False,
0.13282303527509495,1.0023513274239648,2176.742338237855,1547.1343567741435,1.2600545319492669,1949.4736577876733,2451807.262068844,919.0658098710983,858.7293148989104,262.9161576565545,2377978.343114768,282420.12202528445,110.1162310323162,35.56987127051085,37447.734258534176,2.127460946430286,0.03722715738012106,3429.565044317762,0.9063416111181585,4115.060623059612,20.317780003619728,262.9161576565545,0.540531171378143,,,0.0005129589702355008,2.4608987788573466e-05,0.00024300978566300788,3916.8201626133196,23733.754996207306,2043379.9770229866,288.08577005666734,23890534.25836794,0.1074706678754858,0.02973844124984173,0.1117592302965337,0.5735764363510418,0.8191520442889949,0.0031998745954603743,0.0012151808309830967,0.003799874595460374,0.00011999529732976403,two-phase,False,
0.13449889458769307,1.002411036239071,2176.7213244340655,1564.3352355396962,1.2593630605813109,1970.0660100044577,2472918.11701929,921.4750004727205,860.7514250262291,262.9312482549114,2378969.1739095133,282108.93684791506,110.39160481644055,35.73671970260146,37675.01042710656,2.1274539116374394,0.0372323722278339,3444.2028630278664,0.9061684545806055,4136.558472105982,20.362092472621136,262.9312482549114,0.5392654480475086,,,0.000507597204825506,2.455543312517119e-05,0.00024174685472072764,3945.033838845485,23913.816938746782,2059013.9644115975,288.089430220773,23876164.878636062,0.10773074685834252,0.029556331985515535,0.11207672810987612,0.5735764363510371,0.8191520442889981,0.0031769900703820615,0.0012135210479687953,0.0037769900703820613,0.0001191371276393273,two-phase,False,
0.1362073541141457,1.0024726771834214,2176.6996332665267,1581.835443055843,1.2586680544690487,1991.0057396012835,2494336.844641872,923.8971952678371,862.7812988826099,262.94656259035924,2379975.0407338734,281796.98440979404,110.66950381987758,35.90561794360078,37905.088521151316,2.127446906405833,0.037237799703463186,3459.0401957549993,0.9059921668204387,4158.373454762021,20.406612617767326,262.94656259035924,0.5379958883735161,,,0.000502258722870512,2.4501861693825043e-05,0.0002404786416801588,3973.6569221643917,24096.64355090964,2074852.4636449951,288.0931461550745,23861584.619323645,0.10799082584119926,0.029374222721189336,0.11239422592321854,0.5735764363510552,0.8191520442889855,0.0031541055453037483,0.0012118418067991877,0.003754105545303748,0.00011827895794889056,two-phase,False,
0.13794929219983965,1.0025363270945502,2176.677237951908,1599.642092738759,1.2579694180539154,2012.300832497124,2516069.42089899,926.3326670674819,864.819123173226,262.96210045560144,2380996.3710463364,281484.2588137288,110.95002087890711,36.07658977723193,38138.01809119273,2.1274399368094246,0.03724344450256655,3474.0791723911434,0.9058127462219742,4180.510197484999,20.451345034064474,262.96210045560144,0.5367220946582163,,,0.0004969435900690208,2.444826974300138e-05,0.00023920525312953465,4002.6983890236493,24282.29801616114,2090898.9473806429,288.0969178761713,23846801.71354552,0.108250904824056,0.029192113456863133,0.11271172373656098,0.5735764363510418,0.8191520442889949,0.003131221020225434,0.0012101427632857003,0.003731221020225434,0.00011742078825845379,two-phase,False,
0.13972561825634006,1.0026020664792636,2176.6541104380144,1617.7625128811717,1.2572670800084411,2033.959550717229,2538122.217496171,928.7815966502349,866.8649783624708,262.9778920626818,2382033.662450349,281170.7541032777,111.23329358325913,36.249645680125006,38373.868449732676,2.1274329957748788,0.0372493107100689,3489.323156299153,0.9056301539795043,4202.974819428687,20.49629233382854,262.9778920626818,0.53544395086702,,,0.0004916518618314573,2.439465596295992e-05,0.00023792671689999102,4032.167480226466,24470.850329489895,2107157.1940158787,288.10075279033305,23831759.47182986,0.10851098380691274,0.029010004192536933,0.1130292215499034,0.5735764363510465,0.8191520442889915,0.003108336495147121,0.0012084235650739678,0.003708336495147121,0.00011656261856801704,two-phase,False,
0.14153727416037043,1.0026699797208434,2176.630221332867,1636.2042545450938,1.2565610283051576,2055.990500608457,2560502.350702241,931.2439464719293,868.9186956474234,262.99390675692956,2383087.1240985873,280856.4641910585,111.51923109934236,36.42487193182323,38612.673167426816,2.127426103351817,0.03725540403498139,3504.777550343536,0.9054442841650945,4225.77586797656,20.541452435643308,262.99390675692956,0.534161556271689,,,0.00048638357020815837,2.4341024645969306e-05,0.00023664293404156164,4062.073710728944,24662.362812503525,2123631.59730005,288.1046435267694,23816528.31045612,0.10877106278976947,0.028827894928210734,0.11334671936324582,0.5735764363510552,0.8191520442889855,0.0030854519700688077,0.0012066838514002256,0.0036854519700688076,0.00011570444887758029,two-phase,False,
0.1433852357291448,1.0027401552998558,2176.6055398291865,1654.9750997966084,1.255851235161255,2078.402523240692,2583217.011705544,933.7197259312445,870.9801557248377,263.0101747246461,2384157.201775257,280541.3828716123,111.80797229713883,36.60228153504941,38854.50424008393,2.127419253225238,0.037261728845053445,3520.4477597893692,0.9052550362796158,4248.9219738379325,20.58682425785686,263.0101747246461,0.5328747941573826,,,0.00048113875383521836,2.428737884665127e-05,0.00023535381589903095,4092.4268798828803,24856.909631022485,2140326.5576313096,288.1085974938317,23801050.62164309,0.10903114177262621,0.028645785663884527,0.11366421717658826,0.5735764363510418,0.8191520442889949,0.003062567444990494,0.0012049232528389263,0.003662567444990494,0.00011484627918714351,two-phase,False,
0.1452705142795506,1.0028126860296922,2176.580033623911,1674.0830702998348,1.2551376558466623,2101.204700548718,2606273.443243165,936.2090014429191,873.0493000038548,263.0266957166843,2385244.277313446,280225.5038373903,112.09954201425428,36.78192620641538,39099.41647860704,2.1274124527053537,0.0372682903968975,3536.33854539642,0.9050623312965727,4272.421095425919,20.63240787923669,263.0266957166843,0.531583655439776,,,0.000475917458084334,2.423372021949858e-05,0.00023405932553572642,4123.237082141261,25054.56228000125,2157246.4491038285,288.11261471152204,23785333.838492494,0.10929122075548295,0.02846367639955833,0.11398171498993068,0.5735764363510418,0.8191520442889949,0.0030396829199121813,0.0012031413910412142,0.003639682919912181,0.0001139881094967068,two-phase,False,
0.14719415827651236,1.0028876693079625,2176.55366883235,1693.5364362881587,1.2544202033186478,2124.40632073613,2629678.6927373544,938.7119871025848,875.126233325185,263.043484671334,2386348.823425596,279908.8207246674,112.39402342872458,36.96384017149831,39347.47554360039,2.1274057031797464,0.037275093736181306,3552.453323452163,0.9048661360068929,4296.2797081289855,20.67820648901401,263.043484671334,0.5302880764013971,,,0.00047071974425941693,2.418004676883567e-05,0.00023275951938322387,4154.514718251012,25255.397026669514,2174395.3946831087,288.1166988964542,23769354.043436434,0.10955129973833967,0.02828156713523213,0.1142992128032731,0.5735764363510465,0.8191520442889915,0.003016798394833868,0.0012013378784638627,0.003616798394833868,0.00011312993980627007,two-phase,False,
0.14915725507678393,1.0029652073849795,2176.5264098965986,1713.3437259318366,1.2536988678854508,2148.0170894993835,2653440.7884663474,941.2286082926282,877.210730636172,263.0605261307524,2387471.168047541,279591.3270179693,112.69138440459848,37.14809724875677,39598.7295482507,2.1273990185166998,0.0372821447880693,3568.798521464416,0.9046663215874378,4320.507864363875,20.724217090620233,263.0605261307524,0.5289881021599919,,,0.00046554564434729887,2.4126363751820554e-05,0.00023145427144066402,4186.270506959057,25459.48748972946,2191778.34179601,288.12084637378445,23753150.69487412,0.10981137872119642,0.028099457870905925,0.11461671061661553,0.5735764363510371,0.8191520442889981,0.0029939138697555536,0.0011995123180882756,0.0035939138697555534,0.00011227177011583326,two-phase,False,
0.151160932774914,1.0030454076506852,2176.4982194877343,1733.5137351221995,1.2529736154663764,2172.0469721566847,2677567.7687376076,943.7588712778852,879.3026541984532,263.07785019591694,2388611.892358354,279273.01607370185,112.99176749555954,37.33471553513992,39853.256693321564,2.1273923949085383,0.03728944856298936,3585.380138126552,0.9044627778784388,4345.115210141051,20.770438369334606,263.07785019591694,0.5276836137124116,,,0.0004603951999284218,2.407267439950608e-05,0.00023014349485281843,4218.515497259385,25666.91731883844,2209400.1728916205,288.12506455873273,23736668.911953792,0.11007145770405315,0.02791734860657973,0.11493420842995795,0.5735764363510418,0.8191520442889949,0.0029710293446772408,0.0011976643031291166,0.0035710293446772406,0.00011141360042539652,two-phase,False,
0.15320636215869765,1.0031283829414908,2176.4690584013206,1754.0555376938642,1.2522443372522667,2196.506114303121,2702067.164459731,946.3030475422943,881.4021627345455,263.0954413956831,2389771.2677849038,278953.881204932,113.2951414643313,37.523772213559084,40111.108031795484,2.127385846623685,0.03729701131496144,3602.2012069219854,0.9042554889516786,4370.108024394038,20.816874627086154,263.0954413956831,0.5263746559345137,,,0.00045526848001389104,2.4018975420518617e-05,0.0002288272954393755,4251.26108121052,25877.7651317785,2227265.2178548262,288.12934977757203,23719947.088026613,0.11033153668690988,0.027735239342253533,0.11525170624330038,0.5735764363510418,0.8191520442889949,0.002948144819598928,0.00119579341673212,0.003548144819598928,0.0001105554307349598,two-phase,False,
0.15529475878205012,1.0032142518686378,2176.4388854456865,1774.9784961075607,1.2515109875999237,2221.4050906322004,2726947.38716064,948.8611695845218,883.5091405533785,263.11332978553423,2390950.0121305855,278633.9156013447,113.6017252034147,37.715263563847955,40372.365150148245,2.127379371194204,0.03730483841055993,3619.267729510405,0.9040443490812387,4395.496133001903,20.863525031955188,263.11332978553423,0.5250607183392333,,,0.00045016553001389094,2.396526949468919e-05,0.00022750560340433065,4284.519007354615,26092.119903936717,2245378.5374355027,288.13370944919836,23702932.98000992,0.11059161566976662,0.027553130077927333,0.1155692040566428,0.5735764363510418,0.8191520442889949,0.0029252602945206148,0.0011938992316606134,0.0035252602945206146,0.00010969726104452305,two-phase,False,
0.15742738516393237,1.0033031391698384,2176.407657322397,1796.2922726175666,1.2507735569293326,2246.7548751065483,2752217.4950940143,951.4331282414284,885.6233068287991,263.13149987996115,2392148.48593923,278313.1122798665,113.91141476233047,37.909294725039274,40637.08223371905,2.1273729833209254,0.03731293645756393,3636.5871300857134,0.9038292083411061,4421.291114792482,20.9103856842092,263.13149987996115,0.5237422357594855,,,0.00044508638262221497,2.3911562777992314e-05,0.00022617827553907542,4318.301394771375,26310.065669108102,2263745.6937339446,288.1381399010953,23685666.609706298,0.11085169465262336,0.027371020813601127,0.11588670186998523,0.5735764363510322,0.8191520442890015,0.002902375769442301,0.001191981309970255,0.003502375769442301,0.0001088390913540863,two-phase,False,
0.1596055531227135,1.0033951760861182,2176.3753284982804,1818.0068409491275,1.2500319549011718,2272.5666454153416,2777885.991109407,954.0191011403313,887.7447015670066,263.14998168686543,2393367.1681826427,277991.46417698136,114.22435664048238,38.105889810365845,40905.344463296504,2.1273666819393857,0.03732131120476677,3654.16418107054,0.9036100053609263,4447.501560119624,20.957458754763937,263.14998168686543,0.5224190868615876,,,0.00044003109964558894,2.385785442074854e-05,0.00022484533990205124,4352.6207478021515,26531.69716984667,2282371.6530717993,288.1426485560143,23668091.419514384,0.1111117736354801,0.02718891154927493,0.11620419968332765,0.5735764363510418,0.8191520442889949,0.0028794912443639883,0.0011900392026714646,0.003479491244363988,0.00010798092166364955,two-phase,False,
0.16183062625619352,1.0034905007659687,2176.34185106832,1840.1324985127608,1.2492861123717296,2298.8519753158844,2803961.8777557444,956.6191773757466,889.8732600618337,263.1687748581922,2394606.7511241473,277668.9641175471,114.54065629385413,38.305088458945626,41177.21930226805,2.1273604772971852,0.037329969298621306,3672.0045857392865,0.9033866505226458,4474.137243240927,21.004744489227754,263.1687748581922,0.5210908698457019,,,0.00043499973497101324,2.380414578508318e-05,0.0002235067780968719,4387.489971481769,26757.106980320063,2301261.7435711497,288.14723544207675,23650220.677795872,0.11137185261833683,0.027006802284948728,0.11652169749667007,0.5735764363510599,0.8191520442889821,0.0028566067192856742,0.0011880724493790057,0.003456606719285674,0.00010712275197321279,two-phase,False,
0.16410402257843354,1.0035892586991175,2176.30717460865,1862.6798791839371,1.248535916149669,2325.6227294504715,2830453.9748133505,959.2335972953738,892.0090852092717,263.1878790404131,2395867.663302886,277345.60486350924,114.86034523117085,38.50695711227745,41452.77593705169,2.127354379810174,0.037338917585812155,3690.112556849309,0.903159103272194,4501.206300051661,21.05224632339512,263.1878790404131,0.5197575731781557,,,0.00042999235746044376,2.3750434624373347e-05,0.0002221626678138531,4422.9223877180775,26986.390788366014,2320421.028896833,288.151900587883,23632062.751336128,0.11163193160119357,0.026824693020622528,0.11683919531001251,0.5735764363510371,0.8191520442889981,0.002833722194207361,0.0011860805779481394,0.003433722194207361,0.00010626458228277604,two-phase,False,
0.166427217325576,1.0036916031824588,2176.271246018818,1885.6599666783839,1.247781403874466,2352.8914404518323,2857373.039863862,961.8620341279573,894.1516297745295,263.2072938745522,2397150.412183532,277021.37892128836,115.18337910691187,38.711590047407526,41732.08533246135,2.127348400062602,0.03734816312103824,3708.4986969909132,0.9029271268102605,4528.724448866179,21.099955517539488,263.2072938745522,0.5184195759029974,,,0.00042500898375828473,2.3696732421277925e-05,0.0002208127280188933,4458.931752261898,27219.647527032466,2339856.247558863,288.1566440225119,23613627.439823672,0.11189201058405031,0.026642583756296325,0.11715669312335493,0.5735764363510465,0.8191520442889915,0.002810837669129048,0.0011840631040967485,0.0034108376691290476,0.0001054064125923393,two-phase,False,
0.16880174594389943,1.003797695820925,2176.2340093524035,1909.0841085550524,1.2470224752315884,2380.6707904756117,2884728.676908679,964.5046562433304,896.3009045182663,263.2270644019221,2398455.7515990934,276696.2787050454,115.51004511839601,38.91897252663048,42015.25067896887,2.1273425355971174,0.0373577121711147,3727.1686669562087,0.9026906440068687,4556.701752797957,21.147873862843323,263.2270644019221,0.5170763074810987,,,0.0004200496784354713,2.364303869234329e-05,0.00021945697880840432,4495.532272512702,27456.987716244446,2359572.980751282,288.1614768777427,23594830.684910003,0.11215208956690703,0.02646047449197013,0.11747419093669735,0.5735764363510504,0.8191520442889888,0.002787953144050735,0.0011820195310127978,0.003387953144050735,0.00010454824290190256,two-phase,False,
0.1712292072748161,1.003907707066376,2176.1954056349873,1932.9640308807914,1.2462589922523901,2408.973805185613,2912530.3756342987,967.1617626104271,898.4570642850069,263.2471599396567,2399784.1628740416,276370.29657917033,115.84025798800037,39.129217294026155,42302.326872159625,2.127336807385723,0.03736757291881126,3746.1263939457676,0.9024496300941445,4585.146351954262,21.196005852751753,263.2471599396567,0.5157278673663621,,,0.00041511451799408394,2.3589349968738943e-05,0.00021809554662825193,4532.738626208516,27698.511899278506,2379576.588363883,288.1663917855336,23575747.489731133,0.11241216854976378,0.026278365227643926,0.11779168875003979,0.5735764363510504,0.8191520442889888,0.0027650686189724214,0.0011799493489464575,0.003365068618972421,0.00010369007321146581,two-phase,False,
0.1737112669525765,1.004021816797884,2176.155372668358,1957.311853592818,1.2454909430346122,2437.8141863441433,2940789.392967206,969.8331642569992,900.6197026549689,263.2676103391057,2401136.3285239306,276043.4246911919,116.17417191589891,39.34235902589758,42593.41129704813,2.1273312189960536,0.037377752441863484,3765.381758106094,0.9022038825033111,4614.073490025965,21.244345571649138,263.2676103391057,0.514374130439709,,,0.00041020353626690695,2.353567438986008e-05,0.00021672823420815793,4570.565981051643,27944.335244848793,2399873.9418969024,288.17139618139794,23556325.37647927,0.1126722475326205,0.026096255963317726,0.1181091865633822,0.5735764363510552,0.8191520442889855,0.0027421840938941077,0.0011778520347861957,0.0033421840938941075,0.00010283190352102905,two-phase,False,
0.1762496610323393,1.0041402149471428,2176.1138448197526,1982.1401065973685,1.2447183134352986,2467.2060904763393,2969517.3539625793,972.5186666847717,902.7884001943002,263.2884302787136,2402512.8336027623,275715.65496594855,116.51180487399608,39.55848096516823,42888.59357562503,2.127325779513618,0.037388258408526845,3784.9448675767835,0.9019531952347808,4643.498817294007,21.29288688699017,263.2884302787136,0.5130154177692379,,,0.00040531676857482614,2.3482020200158816e-05,0.00021535485187928804,4609.030015325369,28194.574157198203,2420472.128947507,288.17649380317755,23536542.956433557,0.11293232651547724,0.025914146698991527,0.11842668437672463,0.5735764363510465,0.8191520442889915,0.0027192995688157945,0.0011757270516180862,0.0033192995688157943,0.0001019737338305923,two-phase,False,
0.17884619986779476,1.0042631021731292,2176.07075279477,2007.4617466452642,1.243940810100235,2497.1635913671425,2998723.0364309675,975.2190958197332,904.9638982889702,263.30961929400996,2403914.557655915,275386.97945360414,116.85334905133192,39.777609946965775,43187.955311098565,2.127320502663753,0.03739909907468667,3804.8145123479835,0.9016977116771108,4673.424824857313,21.3416454712686,263.30961929400996,0.5116509338279074,,,0.000400454340859792,2.3428371569246146e-05,0.0002139758394488632,4648.1469395605245,28449.34632875447,2441375.5126302065,288.18168468865076,23516416.99901302,0.11319240549833398,0.025732037434665327,0.11874418219006705,0.5735764363510685,0.8191520442889761,0.0026964150437374813,0.0011735738482675645,0.003296415043737481,0.00010111556414015555,two-phase,False,
0.18150277225952763,1.0043906905905724,2176.0260233924905,2033.2901750277117,1.243158544960312,2527.702055469548,3028420.287285619,977.9337558593786,907.1451927781507,263.3311769128771,2405341.940176794,275057.3898051054,117.19876421001821,39.99985452844945,43491.58028835585,2.1273154024092116,0.03741028295949855,3825.006756480852,0.9014370494365409,4703.87443059232,21.390604325522105,263.3311769128771,0.5102810555989826,,,0.0003956162467155327,2.3374748669602906e-05,0.0002125907089475767,4687.933519314776,28708.773653447508,2462592.960601742,288.18696887627306,23495956.15862611,0.11345248448119072,0.02554992817033912,0.11906168000340948,0.5735764363510322,0.8191520442890015,0.0026735305186591676,0.0011713918588228012,0.0032735305186591675,0.00010025739444971878,two-phase,False,
0.1842213498974651,1.004523204557284,2175.979579241148,2059.6392561383927,1.2423713481652712,2558.8367993827715,3058620.105996528,980.6629780673991,909.3324476087544,263.3531328497009,2406795.856835041,274726.8776226869,117.5482099522905,40.22525822427291,43799.575620295305,2.127310486381556,0.03742181821754797,3845.5265594734537,0.9011711713514456,4734.857658928871,21.439768401623127,263.3531328497009,0.5089056550230882,,,0.0003908025710124282,2.332114744122641e-05,0.00021119959078690065,4728.407099131933,28972.988183169477,2484130.6117764018,288.1923538127747,23475111.78977499,0.11371256346404746,0.025367818906012928,0.1193791778167519,0.5735764363510418,0.8191520442889949,0.0026506459935808553,0.0011691805021388352,0.003250645993580855,9.939922475928207e-05,two-phase,False,
0.18700399212317304,1.0046608815259566,2175.9313385125342,2086.523336950866,1.241579066634948,2590.583697203493,3089334.0777917467,983.4070123822305,911.5257282766338,263.3754865767102,2408277.1459318283,274395.43443103565,117.90180554184468,40.453881141458915,44112.03010415293,2.127305770204104,0.037433713942993316,3866.3797987202734,0.9009000135575768,4766.3857529224315,21.48914085378178,263.3754865767102,0.5075243259557423,,,0.00038601339191607245,2.3267565855803267e-05,0.00020980257407551757,4769.585627753187,29242.120949522916,2505995.0010442473,288.1978395412168,23453899.932309575,0.11397264244690418,0.02518570964168673,0.11969667563009433,0.5735764363510599,0.8191520442889821,0.002627761468502542,0.001166939181321544,0.003227761468502542,9.854105506884532e-05,two-phase,False,
0.18985285104048052,1.0048039729666518,2175.8812146131504,2113.957267463383,1.240781769020416,2622.9596379567806,3120576.931345037,986.1652593284218,913.7241188347696,263.3982526406947,2409786.2811415987,274063.0513782917,118.25949362550514,40.6858471751444,44429.045639085474,2.127301266892675,0.03744597921327221,3887.5823951504535,0.9006232131432187,4798.481951221932,21.538706528360713,263.3982526406947,0.5061377783090085,,,0.0003812487182528568,2.3214021665675874e-05,0.00020839924171129796,4811.487684657266,29516.310725618925,2528195.388527055,288.2034298103446,23432297.343329173,0.11423272142976093,0.025003600377360522,0.12001417344343676,0.5735764363510284,0.8191520442890042,0.0026048769434242275,0.0011646672831904994,0.0032048769434242274,9.768288537840853e-05,two-phase,False,
0.19277017700597399,1.0049527453669167,2175.829115849814,2141.9564221666874,1.2399791462574343,2655.981295678878,3152359.259496428,988.9385061060152,915.9282881176284,263.4214606280721,2411324.5237415982,273729.71971891116,118.62167886451573,40.92112465847101,44750.73767387595,2.1272969878825103,0.037458623114544023,3909.134759777816,0.9003408806214652,4831.151379097077,21.588479985074365,263.4214606280721,0.5047447075947947,,,0.00037650867557950803,2.3160500431048653e-05,0.0002069899950406638,4854.132508011964,29795.704384948654,2550737.120331771,288.2091320774022,23410262.692661475,0.11449280041261767,0.024821491113034323,0.12033167125677918,0.5735764363510552,0.8191520442889855,0.0025819924183459147,0.0011623641777196844,0.0031819924183459146,9.682471568797181e-05,two-phase,False,
0.19575832453434194,1.0051074813172434,2175.7749450672877,2170.536722593924,1.2391712314342973,2689.6666634100766,3184696.339365676,991.7262364708183,918.1374009402232,263.44507978165024,2412892.400820858,273395.4303547208,118.98812200740198,41.15990690079757,45077.18154255615,2.12729295645261,0.0374716563130171,3931.0521376177007,0.9000526804025966,4864.4168206065015,21.638447710193894,263.44507978165024,0.5033459949862898,,,0.0003717932833848476,2.3107017966194014e-05,0.0002055744885520149,4897.540024125408,30080.442314992615,2573629.6485723024,288.21493898094343,23387871.474667538,0.11475287939547439,0.024639381848708126,0.1206491690701216,0.5735764363510552,0.8191520442889855,0.002559107893267602,0.0011600292174550068,0.003159107893267602,9.596654599753508e-05,two-phase,False,
0.1988197586574329,1.0052684806905052,2175.718599255112,2199.714661015693,1.2383578918565692,2724.034010301381,3217601.9316432294,994.5285261960605,920.3512943461653,263.4691697635624,2414490.8376657832,273060.17404015554,119.35911334589325,41.402208343915866,45408.52008728051,2.1272891809869585,0.03748508795269775,3953.34383318047,0.8997584650540885,4898.294246761187,21.688608831847176,263.4691697635624,0.5019413932880413,,,0.00036710261186840404,2.305357636704705e-05,0.00020415270084299495,4941.730878491741,30370.688319794972,2596880.8963451185,288.2208653955233,23365011.26505046,0.11501295837833114,0.02445727258438192,0.12096666688346404,0.5735764363510284,0.8191520442890042,0.002536223368189288,0.0011576617369074716,0.0031362233681892877,9.510837630709829e-05,two-phase,False,
0.20195706178028722,1.0054360619250058,2175.65996912057,2229.507325347448,1.2375389279352644,2759.1021052342994,3251089.4532925086,997.3456736384064,922.5700547255192,263.4937148352601,2416120.971114004,272723.9414603531,119.73480061191366,41.6480959841905,45744.84526415662,2.1272856838260092,0.03749892909008068,3976.0163443147408,0.8994581713427765,4932.796485812005,21.738967196513553,263.4937148352601,0.5005301595780255,,,0.0003624367500220081,2.3000172707385516e-05,0.00020272476330135611,4986.726468532891,30666.597185351,2620498.2995548076,288.22690767000717,23341736.168157358,0.11527303736118787,0.02427516332005572,0.12128416469680646,0.5735764363510552,0.8191520442889855,0.0025133388431109746,0.0011552610519208217,0.0031133388431109745,9.425020661666157e-05,two-phase,False,
0.20517294108238082,1.0056105634219519,2175.5989386243064,2259.9324253409545,1.2367142440313792,2794.8906209675397,3285174.1976431417,1000.1775561210172,924.7932756747593,263.51874441726545,2417783.516681248,272386.7230800303,120.11519252944689,41.897688978117806,46086.28479068051,2.1272824813642237,0.037513190234703744,3999.0816366960594,0.8991515793923085,4967.943028738735,21.789517510783725,263.51874441726545,0.49911294297796577,,,0.00035779575504597686,2.294681374897576e-05,0.00020129055309514707,5032.548978145505,30968.33887936464,2644490.834766638,288.23307327540584,23317995.17560049,0.1155331163440446,0.024093054055729524,0.12160166251014888,0.5735764363510552,0.8191520442889855,0.002490454318032662,0.001152826459012387,0.0030904543180326617,9.339203692622482e-05,two-phase,False,
0.20847023651772764,1.0057923450694624,2175.5353844747333,2291.008320136297,1.2358837859929062,2831.4200364312946,3319872.626048758,1003.0238590448623,927.020320019468,263.5442577784329,2419479.6550263204,272048.50907177455,120.5004201083104,42.151068100881595,46432.947749309955,2.1272795953423445,0.0375278828976351,4022.5541006859557,0.8988384018493518,5003.756450285733,21.840250260843224,263.5442577784329,0.49768933329154896,,,0.0003531796720843984,2.2893510560931443e-05,0.0001998498547911732,5079.221414170233,31276.08373830981,2668868.3548746463,288.2393622718413,23293810.697192706,0.11579319532690134,0.023910944791403318,0.12191916032349132,0.5735764363510371,0.8191520442889981,0.0024675697929543478,0.0011503572346857989,0.0030675697929543476,9.253386723578804e-05,two-phase,False,
0.21185192947584194,1.0059817899068446,2175.4691755768395,2322.754047256119,1.2350472721634702,2868.71104997033,3355198.794388247,1005.8850885273791,929.2514903024467,263.5702692061962,2421210.2391578085,271709.28961013904,120.89059644172744,42.408324516626585,46784.957559197,2.127277046551683,0.037543018694392055,4046.43883566803,0.8985186317410925,5040.248527460144,21.891173532920675,263.5702692061962,0.49625925322326253,,,0.00034858861090605224,2.2840255651351144e-05,0.00019840291496576556,5126.767644909321,31590.011904598643,2693638.3452187846,288.24577842969035,23269166.76778598,0.11605327430975808,0.023728835527077122,0.12223665813683374,0.5735764363510371,0.8191520442889981,0.002444685267876035,0.0011478526347141707,0.003044685267876035,9.167569754535132e-05,two-phase,False,
0.21532115216631262,1.006179305944233,2175.4001724305967,2355.189353129412,1.234204658727479,2906.7856718176786,3391170.5693985117,1008.7608146419861,931.4859981738662,263.59680796683165,2422976.382714136,271369.05453275907,121.28589924093367,42.66953102724251,47142.45249082216,2.1272748560082393,0.03755860937595286,4070.7524515581113,0.8981919281528392,5077.444910206295,21.94227514469446,263.59680796683165,0.4948225660573069,,,0.0003440226122260598,2.2787062722659264e-05,0.00019694945345243936,5175.212440828029,31910.31381161113,2718811.558404447,288.25232923281135,23244019.886522006,0.11631335329261482,0.023546726262750922,0.12255415595017616,0.5735764363510552,0.8191520442889855,0.0024218007427977218,0.0011453118933922434,0.0030218007427977216,9.081752785491457e-05,two-phase,False,
0.21888119781102897,1.0063853281553827,2175.328226473301,2388.3347252380668,1.233355691798802,2945.6662272930976,3427803.652575908,1011.6513574459952,933.7239139469318,263.6239032479514,2424779.514161611,271027.79361115687,121.68659317150674,42.934734069036416,47505.57482967965,2.127273047078566,0.03757466715168022,4095.502966558791,0.8978582084400152,5115.361286146483,21.99355899964248,263.6239032479514,0.49337874163776724,,,0.00033948177520402373,2.273392860192058e-05,0.00019548961335501733,5224.581517585665,32237.187492649857,2744396.581708752,288.25902217158233,23218332.42574107,0.11657343227547154,0.023364616998424726,0.12287165376351858,0.5735764363510371,0.8191520442889981,0.002398916217719409,0.001142734222755924,0.002998916217719409,8.995935816447784e-05,two-phase,False,
0.22253553172211152,1.0066003206628287,2175.253179359764,2422.2114259859827,1.2325002826414246,2985.3762671450118,3465116.7195216194,1014.5563661451956,935.9645210036124,263.6515241266873,2426620.4538251352,270685.4963054948,122.09252450968869,43.20413229832702,47874.42519906973,2.1272716481237044,0.03759120586247301,4120.70641535299,0.8975171578506351,5154.023104741423,22.04501442407418,263.6515241266873,0.49192826822617763,,,0.00033496615183999047,2.2680865178023055e-05,0.0001940231892014714,5274.901581553324,32570.826011198355,2770404.4793559397,288.2658498989334,23192184.964433726,0.11683351125832829,0.02318250773409852,0.12318915157686101,0.5735764363510418,0.8191520442889949,0.002376031692641095,0.0011401188117675417,0.0029760316926410947,8.910118847404106e-05,two-phase,False,
0.22628780336658522,1.0068247791379068,2175.174862173239,2456.841528397408,1.2316381936544467,3025.939862130614,3503127.12665612,1017.4760028874134,938.2076875754356,263.6797447218992,2428500.5700906403,270342.1519516109,122.5040670847938,43.477743267910895,48249.18797429052,2.127270683331412,0.03760823780759373,4146.3736940273175,0.8971686226558653,5193.449973082541,22.096641721656265,263.6797447218992,0.49047082934080105,,,0.0003304758341416222,2.2627872882147732e-05,0.00019255023253963416,5326.200377987599,32911.453179882104,2796844.9181342646,288.2728310460735,23165442.09599624,0.11709359024118501,0.02300039846977232,0.12350664939020344,0.5735764363510552,0.8191520442889855,0.0023531471675627812,0.0011374648254650528,0.002953147167562781,8.82430187836043e-05,two-phase,False,
0.23014185952608726,1.0070592334408761,2175.093094559104,2492.247953758783,1.2307691878294709,3067.3819899173577,3541852.981389987,1020.4103739092991,940.4532076661989,263.70853403412343,2430421.2510854634,269997.74974165735,122.92132537577773,43.75568458605902,48629.971622524135,2.1272701833975383,0.037625777820963845,4172.516035955325,0.8968124395974246,5233.662146730954,22.148439894814445,263.70853403412343,0.4890057356945967,,,0.00032601091200478176,2.2574953467357477e-05,0.00019107079745768823,5378.506742042863,33259.2788817641,2823728.0029771873,288.2799582725013,23138194.642498303,0.11735366922404175,0.022818289205446124,0.12382414720354586,0.5735764363510552,0.8191520442889855,0.002330262642484469,0.0011347714040733225,0.0029302626424844687,8.738484909316758e-05,two-phase,False,
0.23410175867597857,1.007304250529977,2175.0076837722336,2528.454511326394,1.2298932039699624,3109.7290200275243,3581315.7770289863,1023.3588571496207,942.7000164198671,263.73793602101904,2432383.4817262636,269652.27845346497,123.34429537909503,44.03811814826586,49016.94642055656,2.127270178201834,0.03764383983831489,4199.154500988696,0.8964481714387209,5274.691886953665,22.200392074987494,263.73793602101904,0.4875339630566182,,,0.00032157142746513294,2.2522124758478243e-05,0.00018958453335888364,5431.850652819189,33614.53840890361,2851066.6759074717,288.2872427996187,23110365.05875899,0.1176137482068985,0.022636179941119917,0.12414164501688829,0.5735764363510465,0.8191520442889915,0.002307378117406155,0.0011320376620754919,0.0029073781174061546,8.65266794027308e-05,two-phase,False,
0.23817178672530642,1.0075604376723601,2174.918423627698,2565.485940230965,1.2290098610393612,3153.007518901693,3621533.215410415,1026.3219823886593,944.9483793324762,263.76797954255574,2434389.1761446316,269305.7268798103,123.77342802706907,44.32504922994371,49410.27597520595,2.1272707009827236,0.037662438654405515,4226.296299657971,0.8960757865381693,5316.555227553985,22.252506214515105,263.76797954255574,0.4860541908265087,,,0.0003171575056529952,2.246937918722407e-05,0.0001880917167600035,5486.263290658731,33977.47355174477,2878870.203031678,288.29469214535095,23081924.94586021,0.11787382718975523,0.022454070676793718,0.12445914283023071,0.5735764363510418,0.8191520442889949,0.0022844935923278416,0.0011292626872423277,0.0028844935923278414,8.566850971229405e-05,two-phase,False,
0.24235647427830986,1.0078284459945592,2174.825093342991,2603.367953719756,1.2281190324398017,3197.245732407093,3662527.644867844,1029.2992403424907,947.197339483768,263.7986634384336,2436439.3406434194,268958.0834421052,124.2086172463346,44.61668780137943,49810.105084333314,2.1272717864775608,0.037681590211553616,4253.961693268409,0.8956948827722456,5359.284080065856,22.304767651909547,263.7986634384336,0.48456717843760727,,,0.0003127692031500924,2.2416732054915364e-05,0.0001865920867526977,5541.7770979207435,34348.32952667569,2907151.7891272,288.3023064062176,23052893.918137684,0.11813390617261196,0.022271961412467522,0.12477664064357313,0.5735764363510465,0.8191520442889915,0.002261609067249529,0.0011264455396173146,0.0028616090672495286,8.481034002185733e-05,two-phase,False,
0.24666061560351416,1.0081089744159137,2174.7274562582065,2642.1272858869634,1.22722037102237,3242.4724280745263,3704319.08020573,1032.2908859014735,949.44682006257,263.8300313871773,2438535.855421337,268609.3364791871,124.65030022415395,44.91305543120725,50216.6189167515,2.127273472972439,0.037701310238741494,4282.1621657280675,0.8953053187729025,5402.900193506713,22.357178167770336,263.8300313871773,0.48307193516149183,,,0.00030840663172387525,2.2364181930651254e-05,0.00018508578063348554,5598.425843484051,34727.372396521474,2935922.2726537427,288.3100968270651,23023211.058506,0.1183939851554687,0.022089852148141315,0.12509413845691555,0.5735764363510552,0.8191520442889855,0.002238724542171215,0.0011235852504551248,0.002838724542171215,8.395217033142057e-05,two-phase,False,
0.2510892895192218,1.008402774014625,2174.625258418677,2681.791741054278,1.2263137622737312,3288.718119606892,3746932.1169437966,1035.2962005085158,951.6955932418498,263.86208209751067,2440679.965726681,268259.4738814854,125.0983733239501,45.21437442355322,50629.97213686788,2.127275799193672,0.037721615940074456,4310.92160034211,0.8949066051312043,5447.440487030179,22.40971829900699,263.86208209751067,0.48156921903020766,,,0.000304069842300602,2.2311748560541068e-05,0.00018357245065474362,5656.244691246521,35114.869283006905,2965196.3406312866,288.3180635156205,22992900.384396605,0.11865406413832542,0.021907742883815126,0.12541163627025798,0.5735764363510495,0.8191520442889895,0.002215840017092903,0.0011206808211109386,0.0028158400170929026,8.309400064098385e-05,two-phase,False,
0.255647882441526,1.0087106528842091,2174.5182270020823,2722.3902459754977,1.2253987278157152,3336.013544036287,3790386.798527551,1038.3157660427926,953.9439411746225,263.8948590559664,2442873.70053857,267908.48358858906,125.55328214504051,45.5206759653733,51050.36071103597,2.127278809237577,0.0377425243832179,4340.248211086719,0.8944987072839569,5492.9234698638165,22.46239668544558,263.8948590559664,0.48005803606385633,,,0.0002997589748362013,2.225942347122616e-05,0.0001820524180768884,5715.270272913478,35511.10956674826,2994984.29422753,288.3262177329844,22961903.942698646,0.11891414312118218,0.02172563361948892,0.12572913408360042,0.5735764363510542,0.8191520442889861,0.002192955492014589,0.0011177312218779477,0.002792955492014589,8.223583095054709e-05,two-phase,False,
0.2603421138740925,1.0090334815469488,2174.4060685693794,2763.952905051927,1.224475061211493,3384.3914025991417,3834708.52504573,1041.3490225962823,956.190795525427,263.92837575502745,2445118.619473343,267556.3531593323,126.01508093079462,45.832139476730376,51477.96222377239,2.127282547947134,0.03776405389532096,4370.164945079412,0.8940811789488454,5539.38566579647,22.5151970452314,263.92837575502745,0.47853868934244626,,,0.00029547409889766913,2.2207222925721512e-05,0.00018052543374522687,5775.540765391645,35916.388297693295,3025300.9596764497,288.33456331681987,22930219.543006416,0.11917422210403888,0.02154352435516273,0.12604663189694285,0.5735764363510495,0.8191520442889895,0.0021700709669362768,0.001114735390770196,0.0027700709669362766,8.137766126011038e-05,two-phase,False,
0.2651780646657634,1.0093721990019349,2174.2884671155143,2806.511058759569,1.223542373384934,3433.8852017657473,3879921.0230509588,1044.3959998146697,958.4357658611365,263.96264561760927,2447416.451860069,267203.0700027095,126.48400482537139,46.148886423948895,51912.95986763374,2.127287062303006,0.03778622354805137,4400.687735258528,0.8936537803915303,5586.855574324327,22.5681157705335,263.96264561760927,0.47701069518532063,,,0.0002912153264430003,2.2155150438072227e-05,0.00017899156094095735,5837.095973132268,36331.01371376757,3056159.3427224113,288.3431041108302,22897848.043386243,0.11943430108689561,0.02136141509083654,0.12636412971028527,0.5735764363510446,0.8191520442889928,0.0021471864418579653,0.0011116922322477328,0.002747186441857965,8.05194915696737e-05,two-phase,False,
0.270162208412991,1.0097278194980523,2174.165081892037,2850.0973455041308,1.222600328976549,3484.5299522285395,3926050.15107954,1047.456399543468,960.6780628582453,263.99772670684337,2449769.377053149,266848.62125875556,126.96040075052879,46.471004982016034,52355.58002359284,2.127292408767855,0.037809052417245616,4431.8375197828955,0.8932161413859878,5635.368112681071,22.621141986857783,263.99772670684337,0.47547377943608826,,,0.000286982753401344,2.2103216552483748e-05,0.00017745069709816031,5899.977415796576,36755.3189236129,3087574.0530507434,288.35185512349017,22864702.83930821,0.11969438006975233,0.021179305826510356,0.1266816275236277,0.5735764363510408,0.8191520442889955,0.0021243019167796534,0.001108600615880867,0.002724301916779653,7.9661321879237e-05,two-phase,False,
0.27530144645076676,1.0101014401379427,2174.035544968943,2894.745767136623,1.2216485519242606,3536.361974611338,3973122.4794127513,1050.529945729653,962.9169083793838,264.03363220504974,2452179.1856852397,266492.9938147886,127.44433109023153,46.79869532546417,52806.018674135456,2.1272986416421578,0.03783256120241407,4463.635203932977,0.8927678997656283,5684.958583014754,22.674265152619743,264.03363220504974,0.4739282413857017,,,0.0002827764824922665,2.2051431287167027e-05,0.00017590277666890166,5964.228421649326,37189.64119722723,3119559.9949717703,288.36082021904144,22830786.257578965,0.11995445905260906,0.02099719656218416,0.1269991253369701,0.5735764363510408,0.8191520442889955,0.002101417391701341,0.001105459374950101,0.002701417391701341,7.880315218880028e-05,two-phase,False,
0.2806031469435943,1.0104942494369502,2173.8994584976763,2940.4917583801534,1.2206866651227193,3589.41907835791,4021166.0378285195,1053.6162176596838,965.1513382265412,264.07039009746467,2454648.154906101,266136.17425805185,127.93610942983958,47.13207439240368,53264.49079374627,2.1273058207540503,0.03785677121341335,4496.104258921545,0.8923086321742995,5735.665829401742,22.72747141913834,264.07039009746467,0.47237353168375945,,,0.00027859661359394143,2.199980766795554e-05,0.00017434767466296147,6029.894227121897,37634.33712286033,3152133.036731896,288.37000698998924,22796077.51345363,0.12021453803546578,0.020815087297857974,0.12731662315031253,0.5735764363510542,0.8191520442889861,0.002078532866623029,0.0011022673049780993,0.002678532866623029,7.794498249836359e-05,two-phase,False,
0.28607518868790577,1.0109075369840255,2173.756391630257,2987.372260438195,1.2197140806793076,3643.7400102872384,4070206.788410541,1056.7154455366074,967.3811430213934,264.10804311448095,2457178.667771266,265778.14914425614,128.43612245203806,47.47124069634329,53731.23111996537,2.127314013191403,0.037881704428829426,4529.260154148233,0.89183814645647,5787.519512617911,22.7807609944532,264.10804311448095,0.47080903757473286,,,0.0002744432910077932,2.194834492674512e-05,0.00017278559455735862,6097.022083025719,38089.7837350044,3185306.8288926873,288.3794267619187,22760526.148624536,0.1204746170183225,0.020632978033531778,0.12763412096365495,0.5735764363510495,0.8191520442889895,0.0020556483415447163,0.0010990231621898117,0.002655648341544716,7.708681280792687e-05,two-phase,False,
0.29172601033926526,1.011342704378054,2173.6058770415493,3035.42579907569,1.2187304197265034,3699.365758156173,4120275.920110058,1059.82687018723,969.604928153967,264.1466040908033,2459772.5838275133,265418.90462212235,128.94434992079405,47.816452382189865,54206.45638501276,2.1273232839223954,0.03790738430320613,4563.131831103092,0.8913558859838269,5840.566025755968,22.8341123414911,264.1466040908033,0.46923544788037025,,,0.00027031660705493935,2.1897063153686372e-05,0.0001712162820504312,6165.661367940076,38556.36825432148,3219099.3340492626,288.389083429154,22724136.073678482,0.12073469600117923,0.020450868769205578,0.1279516187769974,0.5735764363510556,0.8191520442889851,0.002032763816466403,0.0010957256618966168,0.002632763816466403,7.622864311749012e-05,two-phase,False,
0.29756466591440833,1.0118012776462584,2173.4474069917087,3084.6925674876597,1.2177351389086999,3756.3385321602195,4171403.5750568383,1062.950166302936,971.8217957051623,264.1861154671951,2462432.712891675,265058.4266202749,129.4612807301828,48.167789428428684,54690.416436666885,2.127333708911394,0.03793383480762433,4597.743271224088,0.890861443305327,5894.846305169432,22.887513228282934,264.1861154671951,0.46765175246464946,,,0.00026621668719110724,2.1845973173797307e-05,0.0001696397069967811,6235.8637093461375,39034.50415986834,3253527.1872921935,288.3989883422857,22686864.75062661,0.12099477498403595,0.02026875950487939,0.12826911659033982,0.5735764363510495,0.8191520442889895,0.0020098792913880916,0.0010923734768000753,0.0026098792913880915,7.537047342705344e-05,two-phase,False,
0.3036008875793958,1.0122849213915157,2173.2804288538127,3135.2145142950294,1.2167275812637566,3814.7019727212146,4223619.727208031,1066.0852252937518,974.0310902233682,264.2266046605033,2465161.337505636,264696.70095483866,129.98706228028126,48.52546863110849,55183.35639732103,2.127345365416702,0.03796108124073634,4633.115924681462,0.8903544890394509,5950.398755030071,22.940956014516313,264.2266046605033,0.4660581818493654,,,0.00026214367653121034,2.179508123739986e-05,0.00016805596417461378,6307.683113131734,39524.62103028498,3288606.4654716426,288.40914914294007,22648692.208275042,0.12125485396689267,0.0200866502405532,0.12858661440368224,0.5735764363510408,0.8191520442889955,0.0019869947663097793,0.001088965235210585,0.002586994766309779,7.451230373661672e-05,two-phase,False,
0.3098451569346068,1.012795454965028,2173.1043400168655,3187.035437034915,1.2157071752582447,3874.501848605642,4276957.917154899,1069.2313560114267,976.2314480161364,264.26814341258773,2467961.622643026,264333.7131194111,130.52223821797517,48.88957000180145,55685.569196920376,2.127358349681441,0.03798914931111921,4669.280020073424,0.8898344665925803,6007.272972497495,22.9944201523914,264.26814341258773,0.46445399100442836,,,0.0002580976959295762,2.174440567260838e-05,0.00016646488424584688,6381.176102149502,40027.181381171205,3324356.033210798,288.41958466400695,22609519.644382596,0.1215149329497494,0.019904540976227007,0.12890411221702466,0.5735764363510408,0.8191520442889955,0.0019641102412314673,0.001085499519175921,0.002564110241231467,7.365413404618002e-05,two-phase,False,
0.316308786253432,1.01333487102214,2172.918482056072,3240.2010815425224,1.2146732138523357,3935.7854612450697,4331451.427668498,1072.3881126242331,978.4217805311284,264.31072910666484,2470836.166914488,263969.4484104457,131.0669261785299,49.26034395421125,56197.29124682125,2.1273727411829144,0.03801806714277292,4706.262515731802,0.8893009164709319,6065.515187068444,23.047890298499432,264.31072910666484,0.4628391358116823,,,0.00025407888967699324,2.169395955657396e-05,0.000164866457202511,6456.401864575599,40542.650588535085,3360794.073388777,288.4302951282464,22569396.185189806,0.12177501193260612,0.019722431711900818,0.12922161003036708,0.5735764363510446,0.8191520442889928,0.001941225716153155,0.0010819748625142903,0.002541225716153155,7.279596435574331e-05,two-phase,False,
0.323004011437446,1.013905356895549,2172.722134039553,3294.7592476545606,1.2136249773185201,3998.6021172047504,4387135.693884335,1075.554782727492,980.6006647972912,264.3544330588164,2473787.79155257,263603.8918508118,131.62149120259974,49.637960740246264,56718.83410196284,2.127388649257495,0.03804786292207721,4744.095135558917,0.8887532650238473,6125.1780455945545,23.10134509968935,264.3544330588164,0.46121365460520114,,,0.00025008739821781936,2.164376134127028e-05,0.0001632605603553411,6533.422412887315,41071.53770640533,3397940.2638529027,288.4412994054826,22528217.676814713,0.12203509091546284,0.019540322447574632,0.1295391078437095,0.573576436351047,0.8191520442889911,0.001918341191074844,0.0010783897487461735,0.0025183411910748438,7.193779466530665e-05,two-phase,False,
0.32994409883348996,1.0145093193159878,2172.5145048122477,3350.7599016997115,1.2125615162334906,4063.002506939384,4444044.329928082,1078.7311949723203,982.7673097027298,264.3992819073756,2476820.0142943165,263237.0284496807,132.1863909266378,50.02256819332363,57250.47951701143,2.1274061751642512,0.03807856689594984,4782.802197825915,0.8881911467677875,6186.3058459974845,23.15477493144153,264.3992819073756,0.459576586063732,,,0.0002461234021618385,2.1593818185684773e-05,0.00016164735868127116,6612.302754357076,41614.365300927246,3435812.1821874874,288.45260520514273,22485986.81128121,0.12229516989831958,0.019358213183248426,0.12985660565705195,0.5735764363510542,0.8191520442889861,0.0018954566659965294,0.0010747426089188202,0.0024954566659965293,7.107962497486986e-05,two-phase,False,
0.33714346854042526,1.0151494131314913,2172.2947240619496,3408.2552962807863,1.2114819864339812,4129.039896612384,4502215.74545511,1081.9163653667736,984.9199368573513,264.4453316590845,2479936.1394229988,262868.8429142829,132.7619365309124,50.414382683318905,57792.54635303865,2.127425438402887,0.03811021025811529,4822.420117120283,0.8876138839445434,6248.958274131189,23.20815216932328,264.4453316590845,0.45792802497152507,,,0.00024218705196344477,2.1544153810784814e-05,0.0001600266726279322,6693.111074047914,42171.69116292292,3474431.229982415,288.46422771323415,22442640.069145136,0.1225552488811763,0.019176103918922233,0.13017410347039438,0.5735764363510408,0.8191520442889955,0.0018725721409182175,0.0010710318193168505,0.0024725721409182173,7.022145528443316e-05,two-phase,False,
0.3446178374433768,1.015828574830109,2172.0618319270493,3467.300097896023,1.2103853887315998,4196.769376840992,4561688.4333558595,1085.1094588639503,987.0569302927003,264.49263802909275,2483139.5332366126,262499.319761921,133.3485431319609,50.81359550128629,58345.36468629567,2.1274465674774525,0.038142825711385796,4862.98372811003,0.8870208540290151,6313.1938322959,23.261452304318173,264.49263802909275,0.4562676685690899,,,0.00023827852097813482,2.1494788608155036e-05,0.00015839843137468394,6775.918931393288,42744.10214496737,3513818.3957912633,288.47618214121167,22398115.521093838,0.12281532786403303,0.018993994654596044,0.1304916012837368,0.5735764363510495,0.8191520442889895,0.0018496876158399056,0.001067255699051928,0.0024496876158399054,6.936328559399646e-05,two-phase,False,
0.3523843860011292,1.016550061868713,2171.8147668473066,3527.9515229936037,1.2092705398003916,4266.247842600089,4622500.545663235,1088.3098425656397,989.1769041662576,264.54122694092877,2486433.9975279756,262128.44346633094,133.946594658768,51.22042474487906,58909.24854756134,2.1274696858529962,0.03817644800330825,4904.525091430206,0.8864115182243472,6379.068393876288,23.314655150442164,264.54122694092877,0.45459494181140375,,,0.00023439800895171255,2.1445738604052115e-05,0.00015676270236575135,6860.801471552246,43332.207496660674,3553993.861097145,288.48847626145096,22352421.58287447,0.12307540684688974,0.018811885390269855,0.13080909909707922,0.5735764363510495,0.8191520442889895,0.0018268030907615937,0.0010634125075240043,0.0024268030907615935,6.850511590355976e-05,two-phase,False,
0.3604619538135123,1.0173174990648985,2171.552351284347,3590.2694831049516,1.2081362328563023,4337.5346482573605,4684693.4401034415,1091.5163815462022,991.2778566171659,264.5911830333753,2489823.5571335577,261756.19832091764,134.55656183071667,51.63507121706258,59484.579229548486,2.1274949540260994,0.0382111126621925,4947.08422847468,0.8857851411373344,6446.648342950894,23.36772934068997,264.5911830333753,0.45290980492668365,,,0.00023054570881681787,2.139702975459218e-05,0.00015511936541310692,6947.83765285214,43936.66640315266,3594980.1819290984,288.50113280085543,22305446.179508813,0.12333548582974646,0.018629776125943666,0.13112659691042164,0.5735764363510495,0.8191520442889895,0.0018039185656832817,0.0010595004417460684,0.0024039185656832816,6.764694621312307e-05,two-phase,False,
0.36887127031866646,1.0181349336425884,2171.273274840768,3654.316739758586,1.2069811052612556,4410.691257528527,4748309.407673911,1094.7278694988931,993.357688353544,264.6425316424684,2493312.237069924,261382.56849318938,135.17884564100618,52.05777914729541,60071.69528149512,2.1275225137865634,0.03824685790293756,4990.702045816777,0.8851409740397835,6516.001985061694,23.420641820031747,264.6425316424684,0.4512116766968588,,,0.00022672183148006984,2.1348689068475845e-05,0.0001534683387593431,7037.110491765837,44558.1561441225,3636800.223415658,288.51415958382995,22257202.27315428,0.12359556481260318,0.018447666861617477,0.13144409472376406,0.5735764363510408,0.8191520442889955,0.0017810340406049698,0.0010555176335237666,0.0023810340406049697,6.678877652268637e-05,two-phase,False,
0.3776352286934645,1.0190069009600278,2170.9760741788014,3720.1590699381263,1.2058034847435222,4485.780770331613,4813388.748725196,1097.9435308676477,995.4148152325326,264.69537137501993,2496904.8572854022,261007.5383106134,135.81420910018247,52.488670914856726,60671.018886779355,2.1275525569606897,0.038283722734080566,5035.413541848551,0.884478436720386,6587.191280028108,23.473368991841014,264.69537137501993,0.44949965541411585,,,0.0002229266322183807,2.1300734469508507e-05,0.00015180977103730514,7128.707327021017,45197.41348895447,3679474.582892162,288.52758313841866,22207561.66446218,0.12385564379545991,0.018265557597291284,0.13176159253710648,0.5735764363510518,0.8191520442889878,0.0017581495155266575,0.00105146214648062,0.0023581495155266573,6.593060683224965e-05,two-phase,False,
0.38677921332826903,1.0199385035328499,2170.6591089691847,3787.8654429159983,1.2046017395350688,4562.869301661385,4879977.738457974,1101.161515277179,997.4463477776154,264.74974156175347,2500605.6441591587,260631.09192431145,136.4628385194041,52.928109828089106,61282.930208702885,2.1275852559657107,0.03832174906272433,5081.269159735859,0.8837965536560918,6660.297996549297,23.525863459066887,264.74974156175347,0.44777427577476264,,,0.00021916034273343973,2.1253205046860867e-05,0.00015014343209839866,7222.720104607809,45855.19808815602,3723028.668607788,288.54141508834346,22156510.702499688,0.12411572277831665,0.01808344833296508,0.13207909035044893,0.5735764363510336,0.8191520442890005,0.0017352649904483438,0.0010473319729188922,0.0023352649904483437,6.507243714181289e-05,two-phase,False,
0.39633149433268416,1.0209355067510348,2170.3205328723247,3857.5082093691153,1.2033738412157746,4642.024471429897,4948119.865117884,1104.3804682363234,999.4499985443003,264.80571055381296,2504419.8212324167,260253.2136649691,137.12548048832107,53.3762628183687,61907.85257514242,2.1276208122631792,0.038360980499716334,5128.311722581997,0.8830945595320022,6735.395545853553,23.578088803189967,264.80571055381296,0.44603435909745565,,,0.000215423250384539,2.1206129308171626e-05,0.00014846937988899857,7319.245685639715,46532.32160940684,3767484.914029522,288.55567456445897,22103991.34390989,0.12437580176117337,0.017901339068638892,0.13239658816379135,0.570887967011391,0.8210279709739499,0.001712380465370032,0.0010431250305054133,0.0023123804653700317,6.42142674513762e-05,two-phase,False,
0.4062276828954058,1.021994056650201,2169.9617789269137,3928.4805442459783,1.202127698784522,4722.535276374184,5017156.69545453,1107.5754965937201,1001.413276722504,264.8633315951922,2508351.0908981906,259873.92302327685,137.8025131998488,53.82661136783301,62540.69901185987,2.127659431600036,0.03840106906935162,5176.0234722729865,0.8823812047197421,6811.699231865832,23.62967118406519,264.8633315951922,0.44427997391148644,,,0.00021175066812158765,2.1159837397025564e-05,0.00014680624701130326,7417.442323518939,47223.16464731382,3812399.8044803464,288.5703769976547,22049951.029736362,0.12463706672634321,0.01772094060226071,0.13271408597713377,0.562075256703779,0.8270860933429971,0.0016897109255023294,0.0010388797958641898,0.002289710925502329,6.336415970633735e-05,two-phase,False,
0.4163612111155777,1.0231050458345905,2169.586051184033,3999.9061023553836,1.200874975137089,4803.387141216712,5086165.984433254,1110.7153345619881,1003.3223510689518,264.92264288828494,2512401.7787194215,259493.26777346275,138.49424976305073,54.27014333038934,63174.39404780685,2.1277013220861694,0.03844150739011663,5223.674072330177,0.881668854420351,6888.093166998929,23.680159629623553,264.92264288828494,0.4425112503167202,,,0.00020818642566185018,2.1114722528073963e-05,0.00014517805955224756,7516.102785075503,47919.542143217375,3857159.4106395184,288.58553411354524,21994345.17330978,0.12490097794504704,0.01754443724095565,0.1330315837904762,0.5496664146917245,0.8353842424656723,0.001667530858973934,0.00103464916659741,0.002267530858973934,6.253240721152252e-05,two-phase,False,
0.42673231803498707,1.0242704248019543,2169.1928051552954,4071.6906438180627,1.1996156039199586,4884.46363065905,5155042.729592472,1113.7969378926061,1005.1760189047862,264.9836530511137,2516574.270935723,259111.27606623882,139.2010782102802,54.705794932645006,63808.28729477467,2.1277466809236416,0.03848223731477719,5271.191521006576,0.8809586230736649,6964.463519759625,23.729511670632004,264.9836530511137,0.44072765195452673,,,0.00020473076997096448,2.1070808659699787e-05,0.000143586077687505,7615.105638974667,48620.66584718874,3901695.7228016765,288.60115018275184,21937192.071616374,0.12516751100396672,0.017371918691798903,0.13334908160381861,0.5370490176633733,0.8435510373574356,0.001645851538708382,0.0010304383506974334,0.002245851538708382,6.171943270156433e-05,two-phase,False,
0.4373435893455417,1.0254924653687214,2168.7813992270203,4143.752861256511,1.1983492327664187,4965.663062060392,5223696.356718929,1116.8178867144593,1006.9734197513249,265.0464142708143,2520870.6239377847,258727.97748707852,139.92339890756915,55.132651052075296,64441.899548689544,2.127795747770171,0.038523207415900054,5318.516267436675,0.8802514036182786,7040.714676959078,23.77769450359325,265.0464142708143,0.4389292401069708,,,0.0002013829749425391,2.102811102751954e-05,0.00014203103603566353,7714.347925991344,49325.88256547184,3945950.8478986737,288.6172407334948,21878412.95631587,0.12543660780785068,0.01720342706029011,0.13366657941716104,0.5243023584317271,0.8515321702337081,0.0016246782558388068,0.0010262516101986136,0.0022246782558388066,6.0925434593955255e-05,two-phase,False,
0.44819752577224187,1.0267735042507369,2168.3511825773726,4216.006807804043,1.1970754399422694,5046.878204251628,5292031.466669878,1119.7759539911692,1008.7139919183232,265.1109199752571,2525292.630270025,258343.40364665672,140.6614368652999,55.54984323070193,65074.67569890561,2.127848727549877,0.03856436429149411,5365.5828992389,0.8795482051081198,7116.742340562925,23.824680241101916,265.1109199752571,0.4371159354961398,,,0.0001981422890605073,2.0986640531586605e-05,0.0001405137283529786,7813.720766472687,50034.47320961844,3989863.926639229,288.633806347151,21818047.46400191,0.12570820864991966,0.01703900226082743,0.13398407723050346,0.5114331855508166,0.8593230456105223,0.0016040160261564093,0.001022093313087219,0.002204016026156409,6.015060098086535e-05,two-phase,False,
0.45929653950580235,1.0281159430338187,2167.9014961573102,4288.361905741864,1.1957938069901726,5127.9966090186945,5359949.614951882,1122.6688207836082,1010.3971216745127,265.1771925527504,2529841.5667492053,257957.588160611,141.4154594786194,55.95646569772733,65706.07428978411,2.12790585644499,0.03860565134783078,5412.325371186589,0.8788500239576239,7192.43998381599,23.870439556381818,265.1771925527504,0.4352879254817582,,,0.0001950079292644779,2.094640942069807e-05,0.00013903487582102067,7913.109307443716,50745.68051297571,4033372.7294995864,288.6508551188361,21756065.750778016,0.1259822524560294,0.0168786821555395,0.1343015750438459,0.4984477880087757,0.8669197209829517,0.001583869607556597,0.0010179679291604476,0.002183869607556597,5.939511028337239e-05,two-phase,False,
0.4706429517094004,1.0295222481480102,2167.431673718058,4360.722983579171,1.1945014045324338,5208.889728662185,5427336.981510097,1125.4942812549589,1012.0231807409965,265.2452395406224,2534519.0823106603,257570.56751542998,142.1857760895864,56.35157695870787,66335.5229188364,2.127967367522025,0.03864700942234876,5458.653920217683,0.8781588118042156,7267.671796499736,23.91506276455948,265.2452395406224,0.43344506373736863,,,0.00019197949123350572,2.0907325434285143e-05,0.00013759564658404375,8012.3927037459325,51458.69383103215,4076402.3362655123,288.668391423324,21692475.100964148,0.12625867699337343,0.016722502680160043,0.13461907285718833,0.4853520465361525,0.8743188153775305,0.0015642435158568528,0.001013880025031218,0.0021642435158568526,5.8659131844631975e-05,two-phase,False,
0.4822389912850446,1.0309949508857175,2166.9410428721458,4432.990343412486,1.1932027175979196,5289.456124845114,5494110.945323842,1128.2499533445393,1013.5900279692277,265.31508275762485,2539326.3876460837,257182.37861125244,142.97277750836543,56.7341858892769,66962.44926255758,2.1280335160724166,0.03868837642741806,5504.537901727959,0.8774738404362474,7342.369246066599,23.95828763772603,265.31508275762485,0.4315871370793887,,,0.00018905535397163012,2.086960502188281e-05,0.0001361958199712869,8111.444136265832,52172.65865407942,4118907.7968306798,288.6864234113464,21627245.54897565,0.12653741904916457,0.0165704979584165,0.13493657067053075,0.47215147778213123,0.8815174314942102,0.0015451420391712333,0.001009834258272646,0.002145142039171233,5.7942826468921256e-05,two-phase,False,
0.49408679515745973,1.032536647520111,2166.4289261698123,4505.059860315221,1.1918948092493415,5369.557462867276,5560150.506253024,1130.9338141975913,1015.097832178245,265.3867292015938,2544264.097457339,256793.0612966902,143.77667648519517,57.103356893704195,67586.25096735319,2.128104553503385,0.03872968779254623,5549.886549068613,0.8767965919774219,7416.390772628304,24.00010087247499,265.3867292015938,0.42971439377560744,,,0.0001862350867674694,2.083324577078904e-05,0.0001348364764826987,8210.130870324747,52886.666423232884,4160811.56609751,288.70495551123884,21560368.039329793,0.12681841458380907,0.016422700406203382,0.13525406848387317,0.458851272539587,0.8885130892051065,0.0015265692510011823,0.0010058353706985845,0.002126569251001182,5.724634691254433e-05,two-phase,False,
0.5061884103948087,1.0341499995974939,2165.894642167171,4576.823115385512,1.190560894662531,5448.986622965528,5624910.228772733,1133.6090782669494,1016.5239644324279,265.4601711478871,2549333.179415994,256402.68759331576,144.59772865356325,57.45812492786561,68206.29577947455,2.128180724384012,0.038770876526141806,5594.618466167024,0.8760409958945073,7489.257609095975,24.02060366411109,265.4601711478871,0.42782674894987704,,,0.0001835203624441576,2.0815463549196488e-05,0.00013352458310226422,8308.31435726205,53599.754393666975,4201915.367179144,288.72398842065945,21491869.85800095,0.12710159886233655,0.01627914082664177,0.1355715662972156,0.4454563289774819,0.8953036685806138,0.001508529022181054,0.0010018881807798991,0.002108529022181054,5.6569838331789526e-05,two-phase,False,
0.5185457985465688,1.0358377344971326,2165.3375064565193,4648.167563918436,1.1892168524753621,5527.679200141154,5688705.6871196255,1136.2065672054935,1017.8911608225169,265.5354151680487,2554533.7099103257,256011.30122965525,145.43615617473782,57.79752850485055,68821.95370088238,2.1282622952865515,0.03881187293134246,5638.657339632842,0.8752983208735245,7561.191258227272,24.040426606429403,265.5354151680487,0.4259244496597211,,,0.0001809077487663293,2.0798299804974317e-05,0.00013225429245846784,8405.850382145305,54310.91652153675,4242276.247249507,288.74352661273446,21421733.750984985,0.1273869065672359,0.01613984849698255,0.135889064110558,0.431931256679513,0.9019065303584716,0.0014910250317987017,0.000997997575200199,0.0020910250317987015,5.5913438692451314e-05,two-phase,False,
0.5311583871684,1.0376022987133044,2164.7569468121487,4718.963155984394,1.1878624974987013,5605.479360071976,5751406.627041686,1138.723978426045,1019.1996044450204,265.6124242850355,2559865.3134990185,255618.94861949328,146.2920745287394,58.120514971145155,69432.43395026244,2.1283494913764436,0.038852597450943674,5681.908182976347,0.8745701203179999,7632.038838320837,24.059555534483547,265.6124242850355,0.42400754192950935,,,0.00017839687487265313,2.0781763789583358e-05,0.00013102658689038,8502.570707807481,55018.95265491842,4281813.165537089,288.7635633076892,21350025.18936954,0.1276742836904591,0.016004876843439483,0.13620656192390046,0.41824116275204504,0.9083360225047873,0.001474063993590151,0.0009941692310822443,0.002074063993590151,5.527739975963066e-05,two-phase,False,
0.5440250516705045,1.039446103131284,2164.1524222100206,4789.075193040848,1.186497669891696,5682.22655747909,5812884.666004512,1141.1582477955128,1020.4486484059436,265.69120478069624,2565327.236442959,255225.67822823243,147.16559567851377,58.42602378254016,70036.97743991233,2.1284425904580306,0.0388929670867111,5724.2864292877475,0.8738577165293676,7701.659274911013,24.077971824115064,265.69120478069624,0.42207667198554155,,,0.00017598735106465877,2.076586863928588e-05,0.00012984215015296872,8598.300593084536,55722.621936360156,4320447.791947915,288.78410301243787,21276713.88081297,0.12796367383087318,0.015874277381223233,0.13652405973724288,0.40449728008989255,0.9145392011280211,0.0014576523811476974,0.000990408902412823,0.0020576523811476973,5.466196429303865e-05,two-phase,False,
0.5571512091912615,1.0413725665208706,2163.5230831583985,4858.401895468792,1.185121243800939,5757.795297242815,5873034.677894216,1143.5085854726985,1021.6395358319792,265.7717339187821,2570919.2469434943,254831.53968083227,148.0571524651628,58.71320508477372,70635.05023011743,2.1285418427916003,0.03893291851621979,5765.710730645738,0.8731624515846235,7769.923077856765,24.095677677016614,265.7717339187821,0.420131021739958,,,0.00017367758810023367,2.075060957828629e-05,0.00012870140282982535,8692.909956954714,56420.977126316495,4358115.0964405285,288.8051427324939,21201838.15650071,0.12825498975941052,0.0157480327134855,0.1368415575505853,0.390743947463928,0.9204994120151881,0.001441788008318907,0.0009867204329387354,0.002041788008318907,5.406705031195901e-05,two-phase,False,
0.5705383811886847,1.0433846441052486,2162.868256760541,4926.816585136983,1.183732758111882,5832.034185035564,5931738.10788758,1145.7723482509773,1022.7718446257193,265.8539745425,2576639.2590990993,254436.58490542162,148.9665162790753,58.981270119942884,71225.93014112453,2.1286474827849973,0.038972373819243705,5806.1037215917095,0.8724855051077158,7836.699782547631,24.112657806506316,265.8539745425,0.4181718364473901,,,0.00017146675898538168,2.073599700258198e-05,0.00012760473512421708,8786.23433548301,57112.81354219176,4394743.662429449,288.8266757172836,21125435.802063137,0.12854816417139778,0.015626166345050898,0.13715905536392772,0.3769180972551667,0.9262465913359923,0.0014264738288071546,0.00098310887771319,0.0020264738288071544,5.34927685802683e-05,two-phase,False,
0.5841880498365914,1.0454853609775794,2162.1872723719366,4994.189882867164,1.1823314571408847,5904.787801448598,5988867.380964242,1147.9480511936554,1023.8465592160028,265.937903885425,2582486.186765262,254040.86812801912,149.89400919842728,59.229219308032555,71808.9033447822,2.1287597642555767,0.03901125318325756,5845.367760632573,0.8718284814087949,7901.832679760163,24.128909675166035,265.937903885425,0.41619869831184136,,,0.00016935409596847392,2.0722030407971984e-05,0.00012655292012970744,8878.105143773899,57796.89220243014,4430254.819373745,288.84869898439433,21047531.319469444,0.12884312958568422,0.015508700610876273,0.13747655317727014,0.3629227053022566,0.9318192474810183,0.0014117126493058936,0.0009795793046956415,0.0020117126493058935,5.293922434897102e-05,two-phase,False,
0.5980935454357448,1.0476765190491308,2161.4798796753776,5060.352102361277,1.1809174547381456,5975.8581247993025,6044264.271356895,1150.0327962391573,1024.8638256796166,266.0234848260119,2588458.0776359034,253644.44697771067,150.8397634361322,59.45579697333121,72382.96124582163,2.1288789232315257,0.039049452942885386,5883.387361963183,0.871193253801246,7965.133040446714,24.14441951682325,266.0234848260119,0.41421165577624897,,,0.00016733998349962245,2.0708719033464943e-05,0.00012554718106050822,8968.298350363984,58471.56356086948,4464551.671125933,288.8712057897901,20968164.783244718,0.12913984234580567,0.015395720961673272,0.13779405099061257,0.34878202295681604,0.9372038734779914,0.0013975152078682415,0.0009761387505531355,0.0019975152078682413,5.240682029505906e-05,two-phase,False,
0.6122566684592792,1.049961256953972,2160.7454200418756,5125.175511658274,1.1794901257336856,6045.093908653024,6097812.478987663,1152.0245347866148,1025.8237897720683,266.1106517235426,2594551.010494076,253247.3797877873,151.80338721187888,59.6603721328256,72947.37515116073,2.129005152824787,0.03908689446652283,5920.082985299337,0.8705810374932911,8026.467061832192,24.159177817392383,266.1106517235426,0.4122120947268607,,,0.00016542340203658164,2.06960685408775e-05,0.00012458781582188805,9056.646572084113,59135.55621476533,4497564.822269443,288.8941818443547,20887403.204003908,0.1294382269261101,0.015287234118767468,0.138111548803955,0.33467096818462283,0.9423350481937766,0.0013838823491208805,0.0009727919276039379,0.0019838823491208804,5.1895588092033015e-05,two-phase,False,
0.6266839444788934,1.0523435826675454,2159.9829858989046,5188.550893466541,1.178048136281368,6112.362710049286,6149405.148064598,1153.9227372238038,1026.7279971980556,266.19936775375174,2600762.8728122795,252849.72637928688,152.78525551130002,59.84220782683123,73501.58599790178,2.129138682622248,0.039123509684619785,5955.3697162584085,0.8699932081926769,8085.698433940335,24.173189657134245,266.19936775375174,0.4101992669279384,,,0.0001636028566099175,2.0684072192865734e-05,0.00012367515412180398,9143.007013182727,59787.775351695855,4529229.168140121,288.9176203875228,20805283.797051426,0.12973819795887423,0.015183214536566625,0.13842904661729744,0.32054936460986116,0.9472318115689603,0.0013708108629100148,0.000969542513349653,0.0019708108629100146,5.140540735912556e-05,two-phase,False,
0.6413744734702777,1.0548263899131327,2159.192058737838,5250.333420030677,1.1765911348573943,6177.495757053599,6198914.424545769,1155.7248499635198,1027.5763084256014,266.28955345578686,2607089.350842441,252451.54910853264,153.7850142399538,60.00056455408181,74044.73439680581,2.1292796726695897,0.03915920978327263,5989.160626836512,0.8694310905637782,8142.67998763693,24.18644157066572,266.28955345578686,0.408174230836647,,,0.00016187789345839345,2.0672739251003336e-05,0.00012280968937970115,9227.187674354738,60426.74788744949,4559468.65859735,288.94150332581836,20721895.905102566,0.1300396919427566,0.01508369447137983,0.13874654443063986,0.30618468957957734,0.9519721297743217,0.0013583048026829902,0.0009663959411521779,0.00195830480268299,5.0936430100612137e-05,two-phase,False,
0.6563121098551672,1.0574099466662832,2158.37297999029,5310.319280454542,1.1751198612587548,6240.261656087432,6246156.676492245,1157.4283047940085,1028.3697526019316,266.3811582166834,2613525.988599944,252052.91447649137,154.80258296073518,60.13410969594512,74575.58530733014,2.1294283185020206,0.039193870325326306,6021.31161437917,0.8688970821222215,8197.178701252707,24.19892587666775,266.3811582166834,0.40613751323894787,,,0.0001602496906559184,2.0662074116359547e-05,0.00012199319259041873,9308.915504976494,61050.41966717944,4588170.773396354,288.96582009134346,20637268.094013423,0.130342672429858,0.014988796210159501,0.13906404224398228,0.29178240296593966,0.9564847250842127,0.001346379535471461,0.0009633605313519742,0.0019463795354714608,5.048923258017979e-05,two-phase,False,
0.671514378312979,1.060100341581616,2157.5242731606713,5368.443141673362,1.1736320956971682,6300.577174993198,6291071.040591821,1159.0330451568475,1029.1094030285176,266.47408907038414,2620068.2228015964,251653.88698114528,155.83776594649217,60.24281307762504,75093.82869046772,2.1295847371195866,0.039227449682187145,6051.77952313167,0.868391779137078,8249.121074581111,24.210647644783236,266.47408907038414,0.4040894459276497,,,0.0001587156179863918,2.065207041694884e-05,0.00012122503609280335,9388.105404349208,61658.053549871234,4615300.7766289245,288.9905487574886,20551513.804568168,0.13064703246003123,0.014898420968414728,0.1393815400573247,0.2774734632294671,0.9607333018082831,0.0013350226476501895,0.0009604375155023523,0.0019350226476501893,5.0063349286882104e-05,two-phase,False,
0.6869780187094585,1.0629001947860015,2156.64559905069,5424.553675438162,1.172127526512841,6358.268682027473,6333525.365685947,1160.5371169432049,1029.7958498193213,266.5682819330704,2626711.324298171,251254.53488522605,156.89052363536544,60.325851157849435,75598.5806754876,2.1297490798581173,0.039259854615604384,6080.466430678784,0.8679167323860344,8298.344598880994,24.221600054115424,266.5682819330704,0.4020302282128793,,,0.00015727551791364818,2.0642732060760223e-05,0.00012050596213307975,9464.554376904114,62248.070904821594,4640779.605500961,289.0156749197102,20464685.36680236,0.13095271049030457,0.014812608528296802,0.13969903787066712,0.26292199453885934,0.9648170939549672,0.001324239138391746,0.000957632449808914,0.0019242391383917459,4.9658967689690475e-05,two-phase,False,
0.7026836113588709,1.0658091008941672,2155.737590743387,5478.4495734192415,1.1706071555697992,6413.112272072878,6373346.489218571,1161.9382903674173,1030.4302653004574,266.66364479941734,2633448.753908273,250854.9300090608,157.96038865834555,60.38216721682991,76088.57617863217,2.1299214361371708,0.03929096221408516,6107.235105593889,0.8674742182542352,8344.625593924986,24.231777817260404,266.66364479941734,0.3999610042688398,,,0.00015593053069641255,2.0634061758516445e-05,0.00011983761149547742,9537.990601603664,62818.37374211099,4664502.317204758,289.04117657370614,20376863.853612345,0.13125966307225595,0.014731473198219845,0.14001653568400954,0.24835995615195205,0.9686678131228478,0.0013140433721150918,0.0009549533138699617,0.0019140433721150918,4.9276626454315946e-05,two-phase,False,
0.7186536688694856,1.0688344112603343,2154.7984901545037,5530.078188091022,1.1690683737404641,6465.039514009183,6410488.102087675,1163.2363986627659,1031.0133138741296,266.7600721349916,2640274.6823245604,250455.14183332727,159.04706227216644,60.41195585878654,76563.55933540834,2.130101851307451,0.039320738389024286,6132.055978416678,0.8670645839439485,8387.910906991954,24.2411834224526,266.7600721349916,0.3978821875597901,,,0.00015467809559911987,2.0626055720402307e-05,0.00011921919666152211,9608.344105455793,63368.30263212928,4686443.660030808,289.0670278779602,20288169.156263668,0.13156778703489977,0.014654907011248063,0.14033403349735196,0.23381518475252236,0.9722810598685669,0.0013044217812949346,0.0009524006656067992,0.0019044217812949347,4.891581679856005e-05,two-phase,False,
0.7348702560445263,1.0719759900327563,2153.8289082595606,5579.252559504353,1.167512064365252,6513.844673362042,6444794.189537617,1164.4294809300761,1031.5460995238275,266.85745911289945,2647181.972595831,250055.24478716793,160.15010234797563,60.41433059393317,77022.33565776008,2.130290349431582,0.039349068751320194,6154.805582345258,0.8666898678632485,8427.997813690963,24.249812585046683,266.85745911289945,0.3957946000028094,,,0.0001535191657377765,2.0618716051781703e-05,0.00011865214278716801,9675.361227902833,63895.86547836412,4706509.912757186,289.0932029303397,20198699.687945876,0.1318770332393642,0.014583007362936964,0.1406515313106944,0.2191102398913633,0.975700109036967,0.0012953866050177411,0.0009499817309646249,0.001895386605017741,4.8576997688165295e-05,two-phase,False,
0.7513329485686476,1.0752369492575267,2152.8284749125023,5625.850679686629,1.1659375520234225,6559.390569523135,6476163.519875467,1165.5167039126727,1032.0297621750694,266.95570162978987,2654163.1045213547,249655.31345860465,161.26905205141992,60.388996214955455,77464.15140106493,2.130486932631146,0.039375877639921446,6175.4039549296685,0.866351348236373,8464.753745878941,24.25766683832539,266.95570162978987,0.39369906999565624,,,0.00015245318744187838,2.0612040033876444e-05,0.00011813692754935125,9738.876173922652,64399.695774919834,4724641.3793054195,289.1196757660674,20108547.015008405,0.13218732829297933,0.014515778366674689,0.14096902912403683,0.20447594710047523,0.9788715886454993,0.0012869383601871098,0.0009477005185877794,0.0018869383601871099,4.826018850701662e-05,two-phase,False,
0.7680564027322957,1.078623529501889,2151.7959053240193,5669.792192115198,1.164342894564682,6601.582252547644,6504528.801411863,1166.4974491998569,1032.4649581588574,267.0546963194721,2661211.0870256913,249255.42272717052,162.4035777601433,60.33598207497916,77888.52541980063,2.13069158049638,0.039401114325927335,6193.801714451745,0.8660497522395918,8498.09458496231,24.26474637191581,267.0546963194721,0.3915960282806096,,,0.00015147883670071457,2.0606026221592967e-05,0.00011767343726316446,9798.779356648489,64878.829119508024,4740799.392039744,289.146420355877,20017809.891788576,0.13249858887952912,0.014453170947545413,0.14128652693737925,0.18968238128550258,0.9818455042570909,0.00127907087986724,0.0009455590432239572,0.0018790708798672399,4.7965157995021504e-05,two-phase,False,
0.7850002423515208,1.0821307691032827,2150.73335910621,5710.860638049379,1.1627309233438459,6640.19426276718,6529723.804374326,1167.3699896054536,1032.8532779410057,267.1543125542034,2668317.0703713605,248855.65208248195,163.55288874096019,60.25436297452618,78293.9976084359,2.130904188833426,0.0394246468104092,6209.862354833995,0.86578739873938,8527.794994571732,24.27105050212175,267.1543125542034,0.3894868588677822,,,0.00015059800367696896,2.060067403989335e-05,0.0001172636069038407,9854.77512373011,65330.93149453689,4754885.1802908415,289.1734030074834,19926613.7741478,0.13281077139925254,0.014395335616281476,0.14160402475072167,0.1748780666530409,0.9845900983676885,0.0012718030777945713,0.0009435659870360988,0.0018718030777945714,4.7692615417296425e-05,two-phase,False,
0.8022073502888896,1.0857708239159678,2149.637834745119,5749.052923677437,1.1610972060250175,6675.209286971831,6551739.917265431,1168.1345386533212,1033.195032817741,267.2544346598343,2675473.352878429,248456.07751196664,164.71667655353767,60.14484074967397,78680.56724335667,2.1311246540445024,0.03944647082966639,6223.5835831722225,0.8655641987004762,8553.848605260535,24.276581853088096,267.2544346598343,0.38737167105129927,,,0.00014980803702315738,2.0595980234194197e-05,0.00011690644131636952,9906.858280128079,65755.78139299722,4766895.332380662,289.2005937415177,19835072.116980873,0.13312377586408858,0.01434212830011512,0.1419215225640641,0.16007050711533874,0.9871055833860115,0.001265116849251153,0.0009417197194207044,0.001865116849251153,4.744188184691824e-05,two-phase,False,
0.8196313263464045,1.089537178694357,2148.512004182522,5784.164609447455,1.1594450938168395,6706.4212782528475,6570428.712587926,1168.7899676480606,1033.4920886957927,267.35494783640127,2682670.822603154,248056.78042397092,165.89419589695166,60.00661244607178,79046.84385252923,2.131352844964559,0.03946646140632162,6234.840184764655,0.8653823158790883,8576.047762438124,24.28134411074512,267.35494783640127,0.3852517948739684,,,0.00014911082356885866,2.0591940780524467e-05,0.00011660382820859027,9954.748720241088,66151.15383395608,4776742.632870833,289.2279624992421,19743275.81929847,0.1334375545442867,0.0142936955307976,0.14223902037740652,0.14517372678703755,0.989406180014438,0.0012590306079599159,0.0009400284418053794,0.001859030607959916,4.721364779849685e-05,two-phase,False,
0.8373040760656074,1.0934399761428923,2147.35357086534,5816.1679250930765,1.1577711372024053,6733.791352795165,6585765.635430329,1169.3360929854218,1033.7446974820054,267.4557103162169,2689900.7103696465,247657.83965474917,167.08479469657044,59.84031649159181,79392.58496798664,2.13158853640231,0.03948459992536908,6243.615566128377,0.865241946968953,8594.36289145766,24.285337616664602,267.4557103162169,0.3831278982571249,,,0.0001485047497922407,2.058855462058308e-05,0.00011635533810120432,9998.406995575415,66516.5623867459,4784413.848421066,289.2554715291095,19651375.220958672,0.1337520205336813,0.014249947129367294,0.14255651819074897,0.13030647621339703,0.9914737627677535,0.0012535330216983261,0.0009384919101326435,0.001853533021698326,4.7007488313687235e-05,two-phase,False,
0.8551980408733745,1.0974764496606186,2146.1641269212473,5844.92486547284,1.1560771799877778,6757.184255716283,6597660.851054986,1169.772097138479,1033.9538355518837,267.55658142989193,2697152.916412477,247259.33683577954,168.287508278077,59.64580030564874,79716.77874008293,2.1318314677464434,0.03950080167379192,6249.837800871317,0.8651443142829494,8608.669740881925,24.288563165154475,267.55658142989193,0.3810014693692432,,,0.00014799063665520793,2.0585820437386916e-05,0.00011616196579723289,10037.643112689391,66850.42158505453,4789858.529295606,289.2830829774189,19559498.858214255,0.13406711153699455,0.014210954709632293,0.1428740160040914,0.1153540104942459,0.9933244446115747,0.001248633089722919,0.0009371152935549744,0.0018486330897229191,4.682374086460946e-05,two-phase,False,
0.8733199265581785,1.1016513257762475,2144.9430690402028,5870.37016614956,1.1543619658851925,6776.53204547019,6606069.655255073,1170.097881128646,1034.12029545072,267.65743547255926,2704418.0555342175,246861.35300658617,169.50157389649095,59.42343762501128,80018.90322407144,2.1320813775895164,0.03951502558422413,6253.468857078558,0.8650900604333918,8618.903798474075,24.291024224029453,267.65743547255926,0.3788735305473862,,,0.0001475681061182992,2.0583734773331794e-05,0.0001160240354669052,10072.366203779371,67151.8769007825,4793051.624980792,289.3107626988441,19467756.81668412,0.13438275285385876,0.014176700665862348,0.1431915138174338,0.10042075025042878,0.9949450602516406,0.0012443285996323835,0.0009359003826112846,0.0018443285996323834,4.666232248621438e-05,two-phase,False,
0.8916681652642742,1.1059675348087736,2143.69036649894,5892.430017568446,1.1526249930113677,6791.762107819803,6610945.381206628,1170.313314084956,1034.2448903571826,267.7581477207575,2711687.381383252,246463.9700484379,170.72650526396612,59.17343483840934,80298.35584285339,2.1323379723704097,0.03952722560206132,6254.4686230845,0.8650798887752295,8624.996380847335,24.292724204819486,267.7581477207575,0.37674429919156344,,,0.0001472371947257449,2.0582294343950272e-05,0.00011594207763618311,10102.473734426649,67419.99094714576,4793967.281829765,289.33847645505756,19376267.209923808,0.13469887291299407,0.014147190433702253,0.14350901163077623,0.08542523476938785,0.9963445835977606,0.0012406202344899878,0.0009348495104651473,0.0018406202344899878,4.652325879337454e-05,two-phase,False,
0.9102184765354411,1.1104225067716067,2142.4076036602723,5911.0177058261925,1.1508677237489195,6802.79949214375,6612242.949045292,1170.4190926536676,1034.3292880391411,267.8585806094872,2718950.471234064,246067.27026352653,171.96126005687154,58.896088663968854,80554.4055252583,2.132600889719141,0.03953734820981695,6252.791657810338,0.8651146626337004,8626.86973546495,24.29367492948659,267.8585806094872,0.37461529134302257,,,0.000146998305793792,2.058148886289419e-05,0.00011591690041278969,10127.845619077312,67653.6939982115,4792581.645372128,289.3661860981635,19285149.205016717,0.13501540269729165,0.01412245812538813,0.14382650944411865,0.07044271374819344,0.9975158264808585,0.001237512280965749,0.0009339657617343863,0.001837512280965749,4.640671053621559e-05,two-phase,False,
0.9290044824423754,1.1150275651723627,2141.0923990826004,5926.113169110206,1.1490867420594755,6809.618074568601,6609949.306671522,1170.4139800744579,1034.3724464291959,267.9586114303398,2726198.3304988523,245671.33553788843,173.20515685222648,58.592094356984376,80786.76565978487,2.1328697691517013,0.039545380040586636,6248.436712459866,0.8651943628325562,8624.517205748754,24.293865004151716,267.9586114303398,0.3724871480131798,,,0.00014685111397577926,2.0581327833778287e-05,0.00011594851933664652,10148.452893401933,67852.59649793002,4788888.343544011,289.39385719610533,19194514.19744808,0.13533226684081126,0.014102461331704466,0.14414400725746107,0.055416437191254636,0.9984633285649642,0.0012349994097604713,0.0009332492017537913,0.0018349994097604711,4.631247786601768e-05,two-phase,False,
0.947950433883439,1.1197671092781794,2139.7500814732557,5937.620908650044,1.147287961379368,6812.16098772862,6604041.773917685,1170.3012111640894,1034.378269757949,268.05810466006466,2733420.838776459,245276.24784041592,174.45709349579087,58.261682690694265,80994.5970182952,2.133144179875373,0.039551262666303745,6241.359841153606,0.8653199880909705,8617.862447967986,24.29333012366427,268.05810466006466,0.37036140522448585,,,0.000146796295889277,2.0581780984935747e-05,0.00011603805538063456,10164.16382439255,68015.55282475543,4782879.903908137,289.4214514028544,19104482.723358724,0.1356493977874041,0.014087270304177633,0.1444615050708035,0.04040095808144307,0.9991835479961134,0.00123309044894132,0.000932703636588747,0.00183309044894132,4.62408918352995e-05,two-phase,False,
0.9671559728745791,1.1246692493575374,2138.3736163281756,5945.566795139659,1.1454625736769835,6810.424243129088,6594520.147798842,1170.0756201421182,1034.3413153109905,268.15691207500515,2740608.0321387113,244882.08879815196,175.71599903428674,57.90601138726347,81177.8383185392,2.1334236166355223,0.03955501111603635,6231.601416801207,0.8654906239467074,8606.962135938606,24.292017246499814,268.15691207500515,0.3682392736140227,,,0.0001468337308074283,2.0582893340076315e-05,0.0001161850121106578,10175.012641003785,68142.63857424453,4774555.812736354,289.44892644646075,19015202.805743333,0.1359667198805887,0.01407680787622464,0.14477900288414594,0.02535596720161879,0.9996784857779377,0.0012317757014694867,0.0009323272814548022,0.0018317757014694866,4.619158880510575e-05,two-phase,False,
0.9863177055672411,1.1296581935902554,2136.9850430574056,5949.855441448158,1.1436354760345036,6804.465760117045,6581473.598314923,1169.756486057258,1034.2801103908596,268.25492769436755,2747751.2848117314,244488.93443667205,176.98135887248463,57.52508849842342,81335.63697457823,2.13370765656871,0.039556567185028146,6219.098235542026,0.8657083827749361,8591.7196287822,24.29011540182246,268.25492769436755,0.36612094190240796,,,0.0001469623090561042,2.0584504920157173e-05,0.00011639113509360884,10180.868331710913,68232.7404091798,4763985.862088512,289.4762514243977,18926759.473079793,0.13628416441293262,0.014071170005965195,0.14509650069748836,0.009234574872332897,0.9999573604043961,0.0012310672257979278,0.0009321242685003403,0.001831067225797928,4.616502096742229e-05,two-phase,False,
1.012370725884652,1.1365983536239457,2135.0736613076815,5950.027234960086,1.141220283282532,6790.29176661993,6560847.181323497,1168.8637535721036,1033.7730365091434,268.35199158339407,2754838.340078567,244097.09386800608,178.25131309860043,57.11656606649409,81464.56837754701,2.1339956853796114,0.039555653913246655,6203.556711126023,0.8659578085817321,8571.553166479685,24.283116279062195,268.35199158339407,0.3640093472291918,,,0.0001472690768481926,2.059043799214183e-05,0.00011666497081423313,10181.102901035534,68281.05783815483,4748332.860086226,289.5033800386551,18839291.240590613,0.13660165208029026,0.014070944297267006,0.14541399851083078,-0.02366497544107104,0.9997199452533562,0.0012310388624064048,0.0009321161379775046,0.0018310388624064046,4.616395734024018e-05,two-phase,False,
1.0516972894750107,1.1474170843375824,2132.1402024220556,5938.439568122272,1.137667002165204,6755.966741004894,6522073.405783967,1166.760463916436,1032.3711222791633,268.44767181198523,2761836.6775802406,243707.36111162757,179.52178394791014,56.624223092224334,81511.92029287202,2.1342862094952957,0.039547667162626234,6179.4641639991205,0.8663142056666844,8537.60072661127,24.26559028537966,268.44767181198523,0.3619097066653772,,,0.00014801730652854846,2.060530958116674e-05,0.00011712892556371845,10165.281544180561,68210.25268335933,4720637.586200482,289.53018924076537,18753176.745420307,0.13691873714718672,0.014086191360938652,0.1457314963241732,-0.07755712328475109,0.9969879099707247,0.0012329548649351908,0.0009326648478523144,0.0018329548649351909,4.623580743506966e-05,two-phase,False,
1.0918009930995167,1.1588741639274842,2129.093371415707,5912.746502769269,1.1340254369377143,6705.204936304862,6469643.019067283,1164.2245746339931,1030.802743094677,268.5414713949307,2768711.1990875723,243320.0855931296,180.78876468143434,56.03337999530442,81460.36558757685,2.1345774139233407,0.03953119686213973,6145.177080775859,0.8668433405360849,8487.435029515269,24.24506898318529,268.5414713949307,0.3598259968485912,,,0.00014913787266748106,2.0622750149598072e-05,0.0001178212259089436,10130.205550276482,67996.32207271706,4684230.496412341,289.55653650222234,18668885.301306337,0.13723436546095516,0.014120163981053924,0.14604899413751563,-0.13629526268702066,0.9906682599988132,0.0012372239902862844,0.0009338836459809799,0.0018372239902862844,4.639589963573567e-05,two-phase,False,
1.132452016345472,1.1709251331374981,2125.9529451763005,5873.362280737295,1.1303137107749117,6638.741914265571,6404223.1066221045,1161.2787359167905,1029.0787276496512,268.6329920515686,2775429.637200779,242935.5505421359,182.04861028840946,55.35032441219179,81311.07774443239,2.1348676691853297,0.03950649929820816,6101.083656940256,0.867540302890602,8421.670090089005,24.22171976601154,268.6329920515686,0.35776213243578314,,,0.0001506309497965516,2.0642630037426625e-05,0.00011874129350861706,10076.44963825214,67643.28941644318,4639543.049447374,289.58230580514737,18586736.13250211,0.13754744117683113,0.01417268790507228,0.14636649195085805,-0.1945161411717283,0.9808993173734296,0.0012438243412396357,0.0009357577160982272,0.0018438243412396357,4.664341279648634e-05,two-phase,False,
1.1736027202790995,1.183572880684741,2122.7257808203753,5820.827414079491,1.1265347288447325,6557.364232572025,6326480.569921487,1157.9356081933438,1027.1994723132134,268.7218380664683,2781964.1990138274,242554.0260601427,183.29807758933703,54.58193632884029,81065.79395880386,2.1351552551530335,0.039473910385306746,6047.630292006812,0.8683989285556272,8341.024552694169,24.195607921753652,268.7218380664683,0.35572082681242806,,,0.00015250029806682943,2.0664907516147294e-05,0.00011988934856653764,10004.764000180021,67156.61786847503,4586992.316680278,289.6073808708001,18507107.587377746,0.13785686899137958,0.01424360884686153,0.14668398976420047,-0.25211045057497916,0.9676984657995904,0.0012527365296280666,0.0009382685973132337,0.0018527365296280665,4.6977619861052495e-05,two-phase,False,
1.2151703974798111,1.1968070585736292,2119.4220104818473,5755.873893694301,1.1226954597732135,6462.0934874777595,6237281.514806944,1154.211351290125,1025.1649346165425,268.80769746498396,2788289.051755349,242175.7629575579,184.53371305271125,53.736311405464576,80727.43264952094,2.1354386385414945,0.03943388353745545,5985.4287875570935,0.8694103117874842,8246.475618183475,24.16681406421334,268.80769746498396,0.3537060256405679,,,0.0001547486123402268,2.068952898265598e-05,0.00012126392489356307,9916.161069407135,66543.87376695871,4527122.380924086,289.6316682240671,18430244.4859137,0.13816156701558985,0.014332683551847716,0.14700148757754292,-0.3004682210025941,0.9537918264314997,0.001263929987180278,0.0009413907101233828,0.001863929987180278,4.739737451926043e-05,two-phase,False,
1.255156455921342,1.209972315040586,2116.207152609545,5683.106921809039,1.1189713711237916,6359.233944539771,6142054.009381389,1150.3590547179522,1023.1278207122764,268.890449469366,2794394.5385848377,241800.78870347736,185.7544968276783,52.848963444693936,80326.19812606293,2.1357168702684306,0.039389202976585026,5917.835390435874,0.8705237566964402,8143.396553342189,24.137367122869406,268.890449469366,0.3517177963904207,,,0.00015725164520148373,2.0714769653822993e-05,0.00012279888292921005,9816.932612533486,65851.68843536371,4463452.608330616,289.6551280246665,18356250.233139437,0.1384623454825354,0.014434349047306666,0.14731898539088534,-0.3204165624885236,0.9472767422897271,0.001276705650126574,0.0009449119930515117,0.001876705650126574,4.7876461879746533e-05,two-phase,False,
1.2902566646177023,1.2218801905355725,2113.359006551314,5611.6696277553165,1.1156573471709221,6260.700450101132,6051010.782659343,1146.8520109065057,1021.3698617329912,268.9702439797953,2800291.991474568,241428.75987329037,186.96129223587923,51.98694209397504,79925.68919897526,2.1359899223194607,0.03934537402013513,5851.4298339878,0.8716354515818422,8042.283169585836,24.111042178167157,268.9702439797953,0.3497547431201136,,,0.00015972653666633204,2.0737386476506442e-05,0.0001243427990426627,9719.545873281399,65172.11368638306,4402613.570402066,289.6777973021099,18284999.935076118,0.13876308162303075,0.014536145997613005,0.14763648320422776,-0.3199697806562151,0.9474277489427959,0.0012894978321761836,0.0009483936279551701,0.0018894978321761834,4.835616870660688e-05,two-phase,False,
1.3218332709816638,1.232873283158034,2110.7785006826816,5541.901997614649,1.1126396100774945,6166.139677713651,5963703.171561994,1143.6088478256966,1019.814031944183,269.04726998755496,2805992.9797259257,241059.52738741192,188.15546337038376,51.151623175903964,79528.78670941283,2.1362579548723226,0.03930259806926489,5786.444887167805,0.8727370237098592,7943.483214440063,24.087047301197064,269.04726998755496,0.34781482518248263,,,0.00016217602134676115,2.075804451030207e-05,0.00012588935772938373,9624.45736080947,64508.58796542546,4344270.491179459,289.6997247601821,18216296.378465362,0.13906395776856137,0.014637528394137725,0.14795398101757018,-0.31866354779959877,0.9478678933816531,0.0013022379198611993,0.0009518179451259295,0.0019022379198611991,4.8833921994794976e-05,two-phase,False,
1.3507837455242215,1.2431856587954118,2108.3992712673,5473.751735954147,1.109842973653032,6075.0049036697965,5879580.145838099,1140.5679297178708,1018.4065395168888,269.1216610022324,2811506.8062420366,240692.97834723824,189.33732429053592,50.34184000225219,79135.55084194164,2.1365209875456883,0.03926084106093237,5722.845169218139,0.8738260931181848,7846.922197994272,24.06480532091568,269.1216610022324,0.3458979309671942,,,0.0001646089206275239,2.077723020536676e-05,0.00012743850069720417,9531.589285888696,63860.585359176555,4288041.347375801,289.72094385424793,18150016.83143992,0.13936497339860607,0.014738495892503903,0.1482714788309126,-0.31735623479711794,0.9483063957579304,0.00131492586990594,0.0009551862532231022,0.00191492586990594,4.9309720121472746e-05,two-phase,False,
1.377673253093867,1.252964024389524,2106.1794208705596,5407.168620875566,1.1072198680721752,5986.92452704985,5798265.290163495,1137.6912991369322,1017.1149838525264,269.19356284258623,2816843.7592321457,240329.01894340105,190.50802298824027,49.55627169683258,78746.05802828408,2.136779126664288,0.039220070153232686,5660.5752305386395,0.8749017315774741,7752.505981622947,24.043964506988754,269.19356284258623,0.34400221747484666,,,0.0001670306674957811,2.0795239481187356e-05,0.00012899054865232818,9440.867347631662,63227.61103410409,4233665.470158129,289.7414920000825,18086028.068015013,0.1396661279909866,0.014839048151202188,0.14858897664425502,-0.31604785069698077,0.9487432508691795,0.001327561639395076,0.000958499820815152,0.001927561639395076,4.9783561477315347e-05,two-phase,False,
1.402885401269729,1.2623074949099118,2104.0904302665776,5342.104405222042,1.1047382900264224,5901.627285767618,5719493.3908360405,1134.9520699656505,1015.916359505436,269.2630932814084,2822011.7834269097,239967.56810262217,191.66782408810687,48.79389947036444,78360.34918267977,2.137032418356524,0.039180254095628246,5599.602626864292,0.875963084870489,7660.173268591782,24.024275441056332,269.2630932814084,0.34212762910974465,,,0.00016944479066165414,2.0812282194597388e-05,0.0001305453499466124,9352.220540258582,62609.18151085449,4180961.5909048687,289.7613990183124,18024217.786525037,0.1399674210218791,0.014939184831601506,0.14890647445759747,-0.31473840458087565,0.9491784535491127,0.0013401451857749705,0.0009617598778991613,0.0019401451857749704,5.0255444466561394e-05,two-phase,False,
1.426694968590776,1.2712867404012256,2102.1118066137624,5278.512723269608,1.1023751384831324,5818.90119429931,5643055.7221954055,1132.3315106836953,1014.7951141811238,269.3303691462756,2827019.4233568055,239608.5543730516,192.81755728844277,48.05361660457181,77978.46477297296,2.1372809401282327,0.03914136286816827,5539.882466821151,0.8770099173550637,7569.849224635847,24.005567169450956,269.3303691462756,0.3402728647250382,,,0.0001718537515260931,2.082850184170157e-05,0.000132103027461304,9265.580972568889,62004.835809884156,4129787.070651855,289.78069481986245,17964483.276892655,0.14026885196582525,0.01503890559795948,0.1492239722709399,-0.3134279055634344,0.9496119986679395,0.0013526764668549927,0.0009649676173516697,0.0019526764668549926,5.072536750706224e-05,two-phase,False,
1.4493069452616325,1.2799542435385751,2100.228209245632,5216.349002556342,1.1001030260312972,5738.521322547571,5568516.874311431,1129.8533406480658,1013.7247906259059,269.3955331967219,2831874.7571031656,239251.9308208246,193.9580937284553,47.334367556774545,77600.47865159936,2.137524900267719,0.03910336731496636,5481.380235605297,0.8779896460896564,7481.254859636125,23.975658325402456,269.3955331967219,0.33843687792316496,,,0.00017426091911009194,2.0854484711697985e-05,0.00013366741526148705,9180.883699154032,61414.14593721173,4079951.680455096,289.79941711385493,17906665.96933549,0.14057042029574443,0.015138210117432986,0.1495414700842823,-0.3121163627921509,0.9500438811325499,0.001365155440808842,0.0009681241963144813,0.001965155440808842,5.1193329030331575e-05,two-phase,False,
1.4708792033068019,1.2883502439531431,2098.4277798625017,5155.570380527125,1.0979155354936643,5660.380815111713,5495920.184473656,1127.4824735324028,1012.7055992714544,269.45864685666675,2836583.9477309817,238897.64492516217,195.08936189769108,46.635380186652945,77226.36267512022,2.1377642331282947,0.03906624028969871,5424.059761176812,0.8789346993932501,7394.473891372944,23.941757518062985,269.45864685666675,0.3366198887732123,,,0.00017666655878174588,2.0884014033755557e-05,0.00013523612561086863,9098.066562470349,60836.66859101431,4031415.8872103463,289.81758055556423,17850735.374750145,0.14087212548294514,0.015237098060088524,0.14985896789762473,-0.31080378544695114,0.9504740958868083,0.0013775820661758517,0.0009712307375188156,0.0019775820661758516,5.165932748159444e-05,two-phase,False,
1.4915364816659178,1.296506397784297,2096.7011119064455,5096.135625694357,1.0958065242171156,5584.378666931149,5425270.326859131,1125.1927937141647,1011.7369651403978,269.51982453464274,2841154.051441728,238545.641033971,196.21207009638474,45.95573575334134,76856.15671827307,2.137999097226728,0.03902995509733926,5367.885368542475,0.8798686425667409,7309.545994089192,23.90917414759228,269.51982453464274,0.3348209865891702,,,0.0001790709512450634,2.091247472260983e-05,0.0001368074023761041,9017.070044965545,60272.00338085758,3984136.529339065,289.83521528906584,17796572.3393723,0.1411739669971368,0.01533556909891238,0.15017646571096716,-0.30949018273987683,0.9509026379118094,0.0013899563018622669,0.0009742883305509627,0.0019899563018622667,5.212336131983501e-05,two-phase,False,
1.5113794389818145,1.3044481416953735,2095.0405830566287,5038.005063035724,1.093767613291998,5510.4067735495855,5356465.677717854,1122.9770135522251,1010.8127540544156,269.5791531625668,2845591.1394418827,238195.86731737742,197.3265578916355,45.294648758977274,76489.86706599369,2.138229572068254,0.03899448634483444,5312.829281013804,0.8807911279493462,7226.420485084567,23.877773997261883,269.5791531625668,0.333039817226985,,,0.00018147480596170936,2.093997539541735e-05,0.00013838109781516507,8937.837130519625,59719.75640906777,3938047.578889514,289.85234380923924,17744096.25970058,0.14147594430644175,0.015433622909820907,0.15049396352430958,-0.3081755639149524,0.9513295022260695,0.0014022781071425356,0.0009772980330624642,0.0020022781071425354,5.2585429017845086e-05,two-phase,False,
1.5304907483697026,1.3121962811329693,2093.4399055723134,4981.140503369724,1.0917917067583667,5438.36789177726,5289411.051264783,1120.829895267144,1009.9289866316387,269.6367324336441,2849901.7314166413,237848.2755337027,198.4336675354722,44.65125945897973,76127.51692779231,2.1384558097491464,0.03895980943621427,5258.850369708607,0.8817022668544552,7145.030927002116,23.847464896114253,269.6367324336441,0.3312751169525049,,,0.0001838786966788302,2.0966589202589447e-05,0.0001399574067931398,8860.313174523293,59179.55680152165,3893086.194681542,289.86899253077246,17693208.278519988,0.14177805687740705,0.015531259171670536,0.150811461337652,-0.3068599382477035,0.9517546838858296,0.0014145474416605661,0.0009802608719276032,0.002014547441660566,5.304552906227123e-05,two-phase,False,
1.5489393370641467,1.3197680928309272,2091.8938133081288,4925.505176467208,1.0898730808374397,5368.175501357073,5224026.671635213,1118.7462941343274,1009.0814821288188,269.69262142383684,2854091.0463221455,237502.82018705734,199.53357353628522,44.024900803845775,75769.08025578773,2.1386778235213773,0.038925901141708553,5205.922339406718,0.8826019004950667,7065.330503700425,23.818153590473507,269.69262142383684,0.32952667011311904,,,0.00018628303037916707,2.0992391290985034e-05,0.0001415361955787144,8784.445781971823,58651.03311516258,3849200.987452547,289.88517633612145,17643868.490735743,0.14208030417501658,0.01562847756626776,0.15112895915099445,-0.30554331504493987,0.95217817798527,0.0014267642654309837,0.0009831778443508865,0.0020267642654309835,5.350365995366189e-05,two-phase,False,
1.566783418299663,1.3271781115644596,2090.3978377420613,4871.063667673692,1.0880069053022172,5299.750906595722,5160240.453723099,1116.7218018927156,1008.266730048826,269.74690543825824,2858163.8550469787,237159.45816518256,200.62646285388954,43.4149342469687,75414.56479891855,2.1388957480159068,0.03889273878575741,5154.019623035188,0.8834899328395434,6987.274114739124,23.789760893574268,269.74690543825824,0.32779452056772673,,,0.00018868811338953038,2.101744537226738e-05,0.00014311732781322774,8710.184693003523,58133.84099790324,3806345.6680433713,289.90091787884484,17595981.462299403,0.14238268566270307,0.015725277778379034,0.15144645696433687,-0.30422570364438545,0.95259997965677,0.001438928538840372,0.0009860499189270058,0.002038928538840372,5.395982020651395e-05,two-phase,False,
1.584072711509375,1.334438705041056,2088.9481438476423,4817.78185783251,1.086188764151807,5233.0205221120905,5097979.578881302,1114.7536882096747,1007.4831006879662,269.79965597438263,2862125.9624533914,236818.14892414317,201.71322729926703,42.82060126152698,75063.96242945988,2.1391096807700194,0.038860300667143535,5103.099462656317,0.8843667688068962,6910.795701617877,23.762243205061374,269.79965597438263,0.3260771236111971,,,0.00019109422479321594,2.1041784468122088e-05,0.0001447011376368558,8637.481675357672,57627.64535182324,3764471.990328349,289.91623599486826,17549491.37077976,0.14268520080236044,0.015821659495740513,0.1517639547776793,-0.30290711341445004,0.9530200840711205,0.0014510402226484997,0.0009888780366556437,0.0020510402226484995,5.441400834931874e-05,two-phase,False,
1.6008501019189474,1.341560502698262,2087.541407315303,4765.626866312771,1.0844153910041847,5167.919121612611,5037190.792228365,1112.837532565702,1006.7267050503258,269.850930814197,2865980.7186944666,236478.85330607518,202.7934728935392,42.24145038319788,74717.24957324433,2.13931967902599,0.03882856602357556,5053.155065582425,0.8852319612940586,6835.875147951625,23.735517431048365,269.850930814197,0.32437549532898735,,,0.00019350148028012432,2.1065477146327192e-05,0.0001462870486011803,8566.29042326882,57132.11981391621,3723547.5512862653,289.9311456932966,17504335.43869486,0.1429878490543558,0.01591762240906779,0.1520814525910217,-0.30158755375387986,0.9534384864377726,0.0014630992779895414,0.0009916631119133569,0.002063099277989541,5.48662229246078e-05,two-phase,False,
1.617152903631963,1.3485527213387636,2086.1747210316867,4714.566996959375,1.0826832857876223,5104.382887333859,4977808.624265382,1110.9718935522985,1005.9972037147145,269.90080067249653,2869733.970087334,236141.5344693543,203.86832559209242,41.6767363820547,74374.41977441208,2.13952586709903,0.03879751468152227,5004.13857044362,0.8860861525342428,6762.441174406725,23.70956576279012,269.90080067249653,0.32268766603229676,,,0.00019591006828297003,2.1088534686902696e-05,0.00014787559317848423,8496.566462352532,56646.957075218146,3683528.402028375,289.945665887123,17460459.539043214,0.1432906298775419,0.016013166212065385,0.15239895040436413,-0.3002670340914003,0.953855182005085,0.0014751056663732725,0.0009944060333846297,0.0020751056663732724,5.5316462488997725e-05,two-phase,False,
1.6330138363534021,1.3554234163821839,2084.845522698526,4664.5716867940555,1.0809900327235424,5042.355500348815,4919788.337610535,1109.153043802463,1005.2913174598003,269.9493093440972,2873388.4812952513,235806.15659660177,204.9372984051791,41.12607673498676,74035.4352628834,2.1397282712413435,0.03876712749475841,4956.044487189113,0.886928949183504,6690.476381483194,23.68431813553288,269.9493093440972,0.32101472130591324,,,0.00019832001133811825,2.111101519320773e-05,0.00014946618790369492,8428.267060072276,56171.85188275224,3644387.705520403,289.9598077854293,17417819.151856355,0.14359354272926964,0.01610829060143636,0.15271644821770655,-0.2989455638854537,0.9542701660605387,0.001487059349686275,0.0009971076649540969,0.0020870593496862748,5.576472561323531e-05,two-phase,False,
1.6484617914373407,1.3621796784828586,2083.551538011007,4615.611457308086,1.079332866744213,4981.781145993771,4863072.985580283,1107.3799955314562,1004.6090454620829,269.99654012990584,2876949.2861755677,235472.68581864596,206.00145147962618,40.58879722134523,73700.30731539756,2.13992709492769,0.03873738551863124,4908.829219452268,0.887760968552994,6619.915874398706,23.65976466257041,269.99654012990584,0.31935502080046557,,,0.00020073141928448143,2.1132923641924327e-05,0.00015105932144354191,8361.351141409335,55706.52741206376,3606087.331149625,289.9735942398264,17376325.71169226,0.1438965870654003,0.016202995276891535,0.15303394603104897,-0.29762315262384653,0.9546834339309772,0.0014989602901930984,0.0009997688465618014,0.0020989602901930983,5.6211010882241195e-05,two-phase,False,
1.6635224403745301,1.3688277893573066,2082.290735478259,4567.657868197113,1.0777098625018162,4922.60993309005,4807622.016128767,1105.6498718965904,1003.9479759167884,270.0425361997421,2880419.6568468427,235141.0891892901,207.06072294892795,40.06447524783484,73369.00002034858,2.140122386000481,0.03870827093201904,4862.48291830308,0.8885819958714768,6550.737678116028,23.635852457871387,270.0425361997421,0.31770881196767775,,,0.00020314426972528252,2.1154303653367338e-05,0.00015265456336935733,8295.779209386112,55250.70237337567,3568602.6642738488,289.9870365214973,17335942.45062823,0.14419976234031814,0.016297279941158895,0.15335144384439142,-0.29629980982345255,0.9550949809828265,0.0015108084505374392,0.0010023903950232647,0.002110808450537439,5.665531689515397e-05,two-phase,False,
1.678218723669094,1.3753733466958806,2081.0612900864835,4520.683473398761,1.0761188763528573,4864.792819740806,4753387.40675776,1103.961630781564,1003.3078761588007,270.08732725194477,2883803.210305116,234811.33528193232,208.1153670191511,39.55264518916001,73041.46298046391,2.1403141435703943,0.03867976669639129,4816.970894584267,0.8893924830339176,6482.888966825181,23.612568773876323,270.08732725194477,0.31607558501801897,,,0.00020555859972949054,2.1175163311887234e-05,0.0001542522176636511,8231.513270120297,54804.101556282985,3531902.043395425,290.000142050581,17296662.06824316,0.14450306800694318,0.01639114429999266,0.15366894165773384,-0.2949755450298228,0.955504802622341,0.001522603793743282,0.0010049731048160514,0.002122603793743282,5.709764226537308e-05,two-phase,False,
1.6925712477106072,1.381821365335959,2079.8615537673454,4474.661779302133,1.0745583741258682,4808.285286330065,4700332.969632001,1102.3128665055833,1002.6867770678705,270.1309824724138,2887102.9058018215,234483.3934534133,209.16554044089463,39.05288005324877,72717.69433517606,2.1405025448412616,0.03865185588129507,4772.282924594311,0.8901922789586459,6416.348084759457,23.58986986320836,270.1309824724138,0.3144554282809837,,,0.00020797434853605626,2.119553871638006e-05,0.00015585189375483968,8168.516762111212,54366.47621206955,3495963.509860515,290.0129298921759,17258395.03429135,0.14480650351674365,0.016484588062182427,0.15398643947107626,-0.29365036781702347,0.9559128942957756,0.001534346283216049,0.0010075177488344047,0.0021343462832160488,5.753798562060184e-05,two-phase,False,
1.7065986100003296,1.3881763599801835,2078.690031168787,4429.567205007014,1.07302664816776,4753.043650822509,4648417.104206949,1100.7025676194999,1002.0843583821652,270.1735443176547,2890322.5278632324,234157.23429378206,210.21183626235685,38.56469090239316,72397.66159585783,2.140687662362931,0.03862452244257486,4728.390232865424,0.8909817346199881,6351.0703966689,23.56774240860562,270.1735443176547,0.3128473319238425,,,0.00021039150352152795,2.121543893900622e-05,0.00015745377354414058,8106.754489482274,53937.577203945664,3460759.944551213,290.02541138853707,17221112.34117072,0.14511006831974882,0.016577610939562094,0.15430393728441869,-0.2923242877871113,0.9563192514896677,0.0015460358827437187,0.0010100250791134648,0.0021460358827437185,5.7976345602889455e-05,two-phase,False,
1.7203176679716963,1.3944424134108142,2077.5453596027883,4385.375044518022,1.0715222598935898,4699.026978182903,4597603.041946447,1099.1293889576646,1001.4998383623563,270.21502863477014,2893464.428948922,233832.82936323166,211.2539986678563,38.08776453776969,72081.30240793196,2.1408694596894944,0.038597751205356516,4685.271606391216,0.8917610267063952,6287.021117885819,23.546165141148315,270.21502863477014,0.3112516879062279,,,0.0002128100146355611,2.1234880372355007e-05,0.00015905784015185192,8046.1925589236225,53517.15494490144,3426267.9552018624,290.0375901466695,17184815.666845765,0.14541376186456198,0.01667021264701877,0.1546214350977611,-0.2909971942040459,0.9567239063415175,0.0015576725564979488,0.0010124958275244803,0.0021576725564979487,5.841272086867308e-05,two-phase,False,
1.733743751904265,1.4006232280840853,2076.4262932373936,4342.0614664188415,1.0700440478325088,4646.197027464376,4547859.078721273,1097.5915490717487,1000.9318581109399,270.2555171160664,2896531.7832170567,233510.15090308286,212.29252740284392,37.621665099151116,71768.63360804449,2.1410481964604724,0.03857152671397793,4642.914965791699,0.8925301155885856,6224.177277355121,23.525106657775382,270.2555171160664,0.30966808119969086,,,0.00021522978773582955,2.1253888761211756e-05,0.00016066380429718998,7986.798369002156,53104.995087203664,3392468.1187550165,290.049489179565,17149395.076420084,0.1457175836215146,0.016762392826037458,0.15493893291110353,-0.2896691174675659,0.9571268475941741,0.0015692562594264172,0.00101493070443271,0.002169256259426417,5.884710972849065e-05,two-phase,False,
1.7468908773622311,1.4067221848123517,2075.3316869956134,4299.603400642293,1.0685906233057814,4594.515877860005,4499147.967185343,1096.0885878769925,1000.3806248408721,270.29502523419774,2899527.626939148,233189.17229211677,213.3278334275024,37.165991507895214,71459.59505483769,2.1412238493304847,0.038545834800861156,4601.290400247939,0.8932894435554445,6162.493781015828,23.504564429437075,270.29502523419774,0.30809564828611025,,,0.0002176507877181984,2.127246397188288e-05,0.00016227196903315327,7928.54044556424,52700.866129239854,3359335.860829451,290.0611121318795,17114861.707246304,0.14602153303208193,0.01685415121081547,0.15525643072444598,-0.2883402824615532,0.9575280056008763,0.001580786958127372,0.0010173304037603417,0.002180786958127372,5.927951092977645e-05,two-phase,False,
1.7597718969430889,1.4127423797130705,2074.260485252238,4257.9785283626115,1.0671609870749486,4543.9485692713815,4451440.250119505,1094.6190605621496,999.845110775681,270.3335815342209,2902454.1098889005,232869.86755555804,214.35978222835342,36.720453516651894,71154.1433648116,2.141396457517108,0.038520661598629824,4560.384377578893,0.8940390416639267,6101.94640069373,23.48451373056023,270.3335815342209,0.30653469681632817,,,0.00022007291340455227,2.1290626058369417e-05,0.00016388213437704239,7871.3884191558745,52304.55008859873,3326852.9812164414,290.0724665391007,17081190.86316304,0.14632560952234838,0.01694548758563181,0.1555739285377884,-0.28701067824625126,0.9579273827240908,0.0015922646254925132,0.001019695602385899,0.002192264625492513,5.9709923455969245e-05,two-phase,False,
1.7723986200396495,1.4186866510556033,2073.2117129740145,4217.165300199855,1.0657540314854026,4494.460920128343,4404703.851223257,1093.1823102269823,999.3252078018282,270.3712407522114,2905314.026877868,232552.21161049505,215.38890720351915,36.284658962531836,70852.26711717849,2.141566183976506,0.03849599337737993,4520.173916228687,0.8947792065668907,6042.49932139192,23.464946910841324,270.3712407522114,0.3049845414633199,,,0.0002224960941414625,2.130837976748155e-05,0.00016549443314950097,7815.31304219211,51915.8473347359,3294998.7079891036,290.0835677142898,17048317.68368362,0.14662981253530755,0.017036401677742945,0.15589142635113082,-0.2856802198575359,0.9583250033168027,0.0016036892272478787,0.0010220269579448943,0.0022036892272478785,6.013834602179545e-05,two-phase,False,
1.78478193709129,1.4245576122571517,2072.184466310103,4177.142878141008,1.0643690167039843,4446.021457838995,4358914.00897074,1091.7766904354885,998.8195795376989,270.40801796031946,2908109.18280169,232236.17979602702,216.41496937275753,35.85836102115151,70553.91016583201,2.1417330193441484,0.038471817341864605,4480.651358272254,0.8955098428256639,5984.136220369,23.445834142605637,270.40801796031946,0.3034455642291599,,,0.00022492019201500967,2.132575010805023e-05,0.00016710849539089152,7760.2861021497865,51534.55104255748,3263758.252762899,290.09441934231273,17016237.925916612,0.1469341415125923,0.017126893217501514,0.15620892416447324,-0.28434891705963655,0.958720863112414,0.0016150607295085805,0.0010243251109946102,0.0022150607295085803,6.056477735657177e-05,two-phase,False,
1.7969319188228734,1.4303576767149477,2071.177905122241,4137.891107306548,1.063004848704447,4398.598310477874,4314038.592003923,1090.4021471432782,998.3287839281863,270.44396757902814,2910842.590903241,231921.74845855153,217.43874694276198,35.44115519722612,70259.06308947473,2.141897137778566,0.03844812061055729,4441.788251241969,0.8962314210489718,5926.814923330571,23.427180464375652,270.44396757902814,0.3019166569252554,,,0.00022734515166295273,2.134273054157417e-05,0.00016872468820707673,7706.2803762888025,51160.47660164823,3233110.225517109,290.105036768364,16984890.12334706,0.1472385958944881,0.017216961938364517,0.15652642197781566,-0.28301677964248223,0.9591149578860705,0.0016263790987798379,0.0010265906855612236,0.0022263790987798377,6.098921620424392e-05,two-phase,False,
1.8088579019877642,1.4360890792100405,2070.1912465194596,4099.390489025448,1.0616609874452232,4352.162954502313,4270056.569135336,1089.056897053532,997.8512659982002,270.4790781615448,2913515.4514220282,231608.89419743393,218.4595543105861,35.032890243152465,69967.64211786866,2.142058417601569,0.038424891545375595,4403.581208784434,0.8969437563251407,5870.524939694636,23.408952494088872,270.4790781615448,0.300398773727917,,,0.0002297708083208373,2.1359349596111056e-05,0.00017034251796433327,7653.269588730767,50793.42208508298,3203042.4981499175,290.11541593261853,16954311.092693254,0.14754317511994622,0.01730660757690141,0.15684391979115808,-0.281683817421421,0.9595072834548446,0.001637644301957993,0.0010288242896659937,0.002237644301957993,6.141166132342475e-05,two-phase,False,
1.8205685638055191,1.4417538944455024,2069.2237592349807,4061.6221551494154,1.0603364159998632,4306.685879136771,4226937.384267321,1087.7411289962124,997.387820921617,270.5134301437993,2916130.7112755356,231297.59460801195,219.47841076123834,34.63314839664173,69679.66997550515,2.1422171631185094,0.03840211770665471,4366.001308215107,0.8976473595297019,5815.223975278777,23.3911600711818,270.5134301437993,0.2988906437801669,,,0.00023219710656037892,2.1375596527852682e-05,0.0001719624221270103,7601.228369753056,50433.22637849086,3173534.5410440112,290.1255799761462,16924390.535791468,0.14784787862659696,0.017395829872802093,0.1571614176045005,-0.2803500402367598,0.9598978356779679,0.0016488563063315129,0.0010310265158314453,0.0022488563063315127,6.183211148743173e-05,two-phase,False,
1.8320719868709592,1.4473540531736664,2068.2747587136228,4024.567843541331,1.0590305883842341,4262.140451337844,4184659.869055373,1086.4535548295862,996.9374426839665,270.547011885829,2918689.9753564936,230987.82764222924,220.49509949962643,34.24172344101823,69395.06539933616,2.1423732594595397,0.03837978821037111,4329.040556696462,0.8983421911541737,5760.896195256022,23.37378025448655,270.547011885829,0.2973923826292613,,,0.00023462389647110524,2.139149057431675e-05,0.00017358410325523296,7550.132217166005,50079.700986207376,3144573.6349213514,290.1355248586838,16895170.680533737,0.1481527058507633,0.017484628568884802,0.15747891541784295,-0.2790154579534689,0.9602866104570115,0.0016600150795819846,0.0010331979415684276,0.0022600150795819844,6.225056548432443e-05,two-phase,False,
1.843375715990493,1.4528913562845336,2067.343602801729,3988.209874676644,1.0577428577295462,4218.500510065669,4143200.901460296,1085.1934545264598,996.4997877074759,270.5798641875509,2921194.776365779,230679.57179489126,221.5096183198222,33.85838283925578,69113.80821073276,2.1425268375271433,0.03835789184580131,4292.684463975747,0.8990283973344456,5707.517822861592,23.356802407979213,270.5798641875509,0.29590420632357606,,,0.00023705105584648445,2.140703985358838e-05,0.00017520751244866502,7499.957459649967,49732.682964294865,3116145.177784445,290.14526209005834,16866596.225488294,0.1484576562274741,0.01757300341110388,0.15779641323118537,-0.27768008046088866,0.9606736037360631,0.0016711205897850892,0.001035339129844887,0.002271120589785089,6.266702211694085e-05,two-phase,False,
1.85448680814527,1.458367487161544,2066.4296879506064,3952.53112930005,1.0564725181550356,4175.74051525779,4102536.3781253467,1083.9605035903624,996.0749650486698,270.61201461391346,2923647.5180328116,230372.80622049826,222.5225677293593,33.48281164452049,68835.8642994949,2.1426779712481623,0.038336417910726464,4256.914181257602,0.8997062515236662,5655.059814793813,23.340224377069333,270.61201461391346,0.2944251534659405,,,0.00023947848204314601,2.1422244787467696e-05,0.00017683278917474381,7450.6812219371905,49392.01049236516,3088233.5216826955,290.15479930538027,16838647.3130721,0.1487627291904778,0.01766095414855742,0.1581139110445278,-0.2763439176722585,0.9610588115019538,0.0016821728054115625,0.0010374506295371426,0.0022821728054115624,6.30814802029336e-05,two-phase,False,
1.865411876575133,1.4637840225580394,2065.5324458596774,3917.5150270831605,1.0552190834161763,4133.83661614779,4062646.5334143965,1082.7537560719165,995.6623206463527,270.6434644451898,2926049.334253079,230067.5104517912,223.53361214446588,33.114847117251976,68561.17126883457,2.1428266138551932,0.038315356375611814,4221.719907796245,0.9003757920695423,5603.504651866847,23.3240301618791,270.6434644451898,0.29295567558203334,,,0.0002419060289160322,2.1437118565264172e-05,0.00017845974298724693,7402.281391731088,49057.51812279569,3060826.538752112,290.16413637106734,16811336.187119074,0.149067924172256,0.017748480533494832,0.15843140885787022,-0.2750069795244603,0.9614422297844177,0.0016931716953281486,0.0010395329758644334,0.0022931716953281485,6.349393857480557e-05,two-phase,False,
1.8761571298114403,1.4691424422051576,2064.6513404978336,3883.1455062319933,1.0539819436486815,4092.7652481290393,4023509.4294523243,1081.5728628618085,995.2618961461152,270.67426727974737,2928401.9503571102,229763.6646014534,224.5431140623554,32.75422904405013,68289.72662564504,2.1429729689441377,0.038294696830669626,4187.08510549761,0.9010372502450947,5552.8265583932025,23.308216687606354,270.67426727974737,0.29149548533375236,,,0.000244333583622256,2.1451662591838884e-05,0.00018008846296279163,7354.736588262662,48729.064641389625,3033910.0684541985,290.1732887166569,16784586.552870553,0.14937324060403712,0.01783558232132429,0.15874890667121264,-0.27366927597762297,0.9618238546562898,0.0017041172287985311,0.0010415866908074442,0.002304117228798531,6.390439607994493e-05,two-phase,False,
1.8867284063521013,1.4744441373273465,2063.785865451443,3849.407003996087,1.0527605864197032,4052.503974895033,3985105.1609080243,1080.4172652981895,994.8734653039462,270.7044373274337,2930707.53706411,229461.2492483864,225.55158676472715,32.40068596818765,68021.48473594934,2.143117057731605,0.038274429685738694,4152.996600521821,0.9016907737619011,5503.004142614722,23.29277610520102,270.7044373274337,0.2900436955197605,,,0.0002467610164468504,2.146588271581572e-05,0.00018171892553307356,7308.026132390354,48406.5000013707,3007471.511389648,290.1822601147917,16758400.038594915,0.14967867791580983,0.017922259270619967,0.15906640448455506,-0.27233081701479867,0.9622036822336798,0.001715009375484246,0.0010436122835114996,0.002315009375484246,6.431285158065922e-05,two-phase,False,
1.8971312055621754,1.4796904182135198,2062.9355415556292,3816.2844380336305,1.0515545523563752,4013.031273901055,3947414.9931633347,1079.2863437944402,994.4967135844888,270.7339756709703,2932966.8032459253,229160.24538558838,226.55845258559057,32.05411201955483,67756.38669529157,2.143258840481393,0.038254545817817384,4119.44266777373,0.9023364785647059,5454.017990126215,23.277699073512572,270.7339756709703,0.2886011734124005,,,0.00024918819011044064,2.1479786228912303e-05,0.00018335106371309535,7262.130018155522,48089.674714181085,2981499.1039056834,290.19105045206766,16732783.78469161,0.14998423553633716,0.01800851114312936,0.15938390229789748,-0.2709916126415316,0.9625817086761737,0.001725848105445601,0.0010456102506750818,0.0023258481054456008,6.471930395421004e-05,two-phase,False,
1.9073707152930042,1.484882520968739,2062.0999147721277,3783.7631885898695,1.050363424805934,3974.326461421876,3910421.158445464,1078.1794451269514,994.131272096594,270.76290949863414,2935181.4231473836,228860.63438116608,227.5641016130141,31.714267912013327,67494.40382552803,2.143398404610667,0.03823503603280708,4086.4128305297095,0.9029744550100327,5405.850408499042,23.262975371475587,270.76290949863414,0.2871673685095464,,,0.0002516149616059056,2.1493381307237513e-05,0.00018498477102285455,7217.028885711753,47778.453402408726,2955981.7581195696,290.19966740226255,16707709.26259706,0.1502899128931702,0.018094337703780307,0.15970140011123993,-0.2696516728855486,0.9629579301869968,0.0017366333891425567,0.0010475810769242813,0.0023366333891425566,6.512375209284588e-05,two-phase,False,
1.9174518366383715,1.4900216135522977,2061.278554282546,3751.8290814481593,1.0491867982437353,3936.3695415223287,3874106.284597024,1077.095986123873,993.7768417063647,270.79127897608066,2937352.8745655455,228562.3979812359,228.568802465638,31.380940522840735,67235.52267512587,2.143535903904972,0.038215891224782604,4053.8964111208197,0.9036048064294069,5358.483605076209,23.248596176072503,270.79127897608066,0.2857420666254884,,,0.0002540411893374385,2.150667490687463e-05,0.00018661996073901917,7172.703995551118,47472.709785549465,2930908.578044465,290.2081225406947,16683121.774922648,0.15059570941266187,0.01817973872068797,0.16001889792458235,-0.2683110077964208,0.963332343013183,0.001747365197435605,0.0010495252351737764,0.002347365197435605,6.552619490383519e-05,two-phase,False,
1.9273792061843311,1.4951088011922846,2060.4710507704535,3720.4683716154855,1.0480240812511366,3899.1404469862314,3838449.957173512,1076.0361453439587,993.434012091388,270.81908501088884,2939482.593385933,228265.5185776976,229.57272705229923,31.053937876215283,66979.68754919482,2.1436713049184593,0.03819710307586747,4021.873632202919,0.9042278917566623,5311.8885499384505,23.23456916927782,270.81908501088884,0.2843248749637214,,,0.0002564667812294198,2.1519658761787194e-05,0.00018825696183169866,7129.137203955428,47172.30842647463,2906265.921461295,290.21641577198585,16659037.8824295,0.15090162451998088,0.0182647139651617,0.16033639573792477,-0.2669696274451559,0.9637049434457595,0.001758043501586632,0.0010514431869749047,0.002358043501586632,6.59266313094987e-05,two-phase,False,
1.937157216057851,1.5001451312535834,2059.6770148695346,3689.667727706331,1.0468750839140573,3862.621212057554,3803439.0903760297,1074.9987661965301,993.1017777745274,270.8463284912405,2941571.4817697923,227969.97867532002,230.57554233036905,30.733142240437346,66726.84406592257,2.1438045748506975,0.038178663520195694,3990.342027517596,0.9048436016745989,5266.058005031713,23.22087273085963,270.8463284912405,0.282916239016881,,,0.00025889155190221634,2.153235176796433e-05,0.0001898953636751629,7086.310939605214,46877.118340718574,2882046.2738787034,290.224547002639,16635467.388752703,0.15120765763912572,0.018349263211711788,0.1606538935512672,-0.26562754192386084,0.9640757278199091,0.0017686682732597644,0.0010533353828513596,0.002368668273259764,6.632506024724117e-05,two-phase,False,
1.946790032036365,1.5051315976253108,2058.8960757582404,3659.41421699075,1.0457393285611751,3826.7933662031255,3769055.754817551,1073.983802180966,992.7804361762662,270.8730624365981,2943621.106791882,227675.76129552975,231.57790345801004,30.418308811403463,66476.99578932009,2.143935938365933,0.03816056401455314,3959.2861463785844,0.9054521918123084,5220.96863381913,23.207509369743352,270.8730624365981,0.2815154400538003,,,0.0002613153897546817,2.1544750538886865e-05,0.00019153533953880539,7044.2081812831275,46587.03050948988,2858237.8638160145,290.23253172239583,16612333.280879881,0.15151380819293886,0.018433386238056144,0.1609713913646096,-0.2642847613453071,0.9644446925151562,0.0017792394845222111,0.0010552022626230193,0.002379239484522211,6.672148066958293e-05,two-phase,False,
1.9562816099440463,1.510069144684457,2058.1278798840713,3629.695291074479,1.0446164349834013,3791.6393550382613,3735283.9906676826,1072.9909401842801,992.4699564904369,270.89928761885267,2945632.756987511,227382.84985432745,232.57999918030924,30.10926331280821,66230.09015417006,2.1440653669022773,0.038142796960326644,3928.6941587477295,0.9060538229776548,5176.601754765118,23.194475646683404,270.89928761885267,0.28012208204548944,,,0.00026373816345988133,2.155685722826398e-05,0.00019317692327393916,7002.8124366126485,46301.92199016995,2834830.4719194854,290.2403698498705,16589650.425626067,0.15182007560312064,0.018517082825126714,0.16128888917795203,-0.2629411781011306,0.9648118660437327,0.0017897571078450687,0.0010570442557183983,0.0023897571078450685,6.711589154419007e-05,two-phase,False,
1.9656357021674726,1.5149586665030506,2057.372090477999,3600.4987982407406,1.043506150058389,3757.1426392420517,3702110.2459478555,1072.0194963867875,992.1698590511148,270.92500479410523,2947606.979571412,227091.22800246056,233.58123869308324,29.805937313625552,65986.0760579957,2.144192832424903,0.038125354999316255,3898.559269642999,0.9066485226727546,5132.9451074719755,23.18175992700432,270.92500479410523,0.2787370277744917,,,0.0002661597112537988,2.1568681652058367e-05,0.00019481992872752725,6962.1077581250465,46021.67404664498,2811815.8122459785,290.2480613052153,16567424.385162309,0.15212645931051527,0.018600352682282294,0.16160638699129448,-0.26159674119647214,0.9651772609191464,0.0018002211067052864,0.001058861779850366,0.0024002211067052862,6.750829150144824e-05,two-phase,False,
1.97485588383684,1.519801016661913,2056.6283854707817,3571.8129305836314,1.042408188500309,3723.287046631663,3669520.6071467,1071.0689695062254,991.8798705453369,270.95024073980335,2949545.0985307707,226800.87967989087,234.58205113437663,29.5081342973355,65744.9314518074,2.144318437287783,0.03810823061778102,3868.8730069619273,0.9072363707236353,5089.984452624774,23.16935446480509,270.95024073980335,0.2773597173266938,,,0.0002685798831719589,2.1580230073285568e-05,0.00019646425432288416,6922.078668617609,45746.18028427037,2789185.1846736837,290.2556138049073,16545622.9978507,0.15243295874471754,0.018683195558059654,0.1619238848046369,-0.26025175501958586,0.9655407935500319,0.0018106314495030629,0.0010606552437609376,0.0024106314495030627,6.789867935636486e-05,two-phase,False,
1.9839455775738106,1.5245970178344446,2055.89645552968,3543.626173167476,1.04132206470637,3690.0561231902884,3637498.039280747,1070.139622071034,991.6006071952982,270.97500915642576,2951448.389347311,226511.78938824957,235.58275527816056,29.21567871566422,65506.62056409984,2.1444422210700456,0.03809141665782734,3839.6181545381223,0.9078176950081772,5047.694737988659,23.15726804719913,270.97500915642576,0.2759896708797361,,,0.0002709985882641363,2.1591493391228204e-05,0.00019811023683228264,6882.710089157688,45475.33291282186,2766927.1288549462,290.2630311741746,16524237.314037178,0.15273957329354426,0.018765611355117513,0.16224138261797932,-0.2589062910735419,0.9659024445784069,0.0018209881240061313,0.0010624250499271007,0.002420988124006131,6.828705465022992e-05,two-phase,False,
1.9929080354033426,1.529347449096695,2055.1760055414334,3515.9273833542306,1.0402476097519586,3657.4350565956966,3606031.0516176377,1069.230665209377,991.3314372861396,270.99933671278677,2953317.856748805,226223.9417779569,236.58353490575686,28.92841825056961,65271.12278240768,2.144564290130627,0.03807490599968845,3810.7906099711345,0.9083924647457797,5006.067408001663,23.14548646856324,270.99933671278677,0.2746267452948624,,,0.0002734156545573197,2.1602483952070398e-05,0.00019975759783050602,6843.987448951969,45209.032226984855,2745034.8049257156,290.27032114091315,16503231.43293566,0.15304630237424263,0.018847599867382256,0.16255888043132175,-0.25756018316888735,0.9662622584195293,0.0018312911043185183,0.001064171589125354,0.002431291104318518,6.867341641194445e-05,two-phase,False,
2.0017463616880127,1.534053054980286,2054.4667527781135,3488.7057397103626,1.039184584394252,3625.4092241947546,3575107.164425209,1068.3416167338419,991.0720819127856,271.02321101584755,2955154.0465912623,225937.32175035233,237.58393468536184,28.64628293343801,65038.37666424458,2.144684556222882,0.03805869226559854,3782.3827452624273,0.9089607502172832,4965.089605615007,23.13400211807013,271.02321101584755,0.2732714632981655,,,0.0002758309305681517,2.16132080151167e-05,0.0002014062342135986,6805.896613436332,44947.168898606105,2723500.4250262715,290.2774797413933,16482634.758290067,0.15335314540298928,0.01892916089202529,0.16287637824466417,-0.25621344153540554,0.9666202317231848,0.0018415403649520309,0.0010658952431478628,0.0024415403649520307,6.905776368570116e-05,two-phase,False,
2.0104635225639758,1.5387145477247413,2053.7684261507034,3461.950730892934,1.0381326492434018,3593.9640838120126,3544712.4906519228,1067.4724009293968,990.8227300813342,271.0466586680267,2956958.1260218946,225651.91459413225,238.5844075997824,28.3690956012609,64808.3633910715,2.144803128127823,0.03804276871283828,3754.3828175034832,0.9095227430867029,4924.743446516284,23.122816128449895,271.0466586680267,0.2719232603202752,,,0.00027824429423327156,2.162366371044265e-05,0.00020305626290185538,6768.423868168424,44689.64966836931,2702314.914964281,290.28451471043246,16462413.514333347,0.15366010179490477,0.019010294229468937,0.1631938760580066,-0.25486607642101217,0.9669763611845735,0.001851735880826998,0.0010675963850556563,0.0024517358808269977,6.944009553101242e-05,two-phase,False,
2.0190623546033333,1.5433326093410524,2053.080765521888,3435.652144985713,1.0370915609091593,3563.0858457841346,3514834.934156278,1066.6226541308722,990.5832243916005,271.0696932249135,2958731.004774222,225367.7058653768,239.58501892730885,28.096731313038465,64581.051037996505,2.1449200507277943,0.03802712895985528,3726.782775811016,0.9100785359983999,4885.01575287541,23.111923289062908,271.0696932249135,0.2705820730532771,,,0.0002806556011506729,2.1633855120859262e-05,0.00020470763055602874,6731.555903429832,44436.37998919562,2681470.6349149714,290.29142988840425,16442554.450402694,0.15396717096406795,0.01909099968339204,0.163511373871349,-0.2535180980912826,0.9673306435444805,0.0018618776272729762,0.0010692753794232712,0.002461877627272976,6.98204110227366e-05,two-phase,False,
2.0275455727792973,1.5479078935053328,2052.403521072309,3409.8000592644476,1.0360610341456888,3532.7609756315546,3485461.947722667,1065.7922072118893,990.3536269475208,271.09232820878657,2960473.5614013528,225084.68144632384,240.5858356829556,27.82906890796592,64356.4084920497,2.1450353701325593,0.038011766797009114,3699.5727141927196,0.9106282781974858,4845.891130017177,23.10132252958735,271.09232820878657,0.2692478374112892,,,0.0002830647210207108,2.164378248732807e-05,0.00020636039340744648,6695.279799501537,44187.26822797713,2660959.4751886395,290.2982291191811,16423043.991130669,0.15427435232353037,0.01917127706073553,0.16382887168469146,-0.252169516829199,0.9676830755893834,0.0018719655800294465,0.0010709325825751818,0.0024719655800294464,7.019870925110425e-05,two-phase,False,
2.0359157778023684,1.5524410272995692,2051.7364527151403,3384.3848303715813,1.0350408540550557,3502.9765652787764,3456582.3175892467,1064.9806885314417,990.1337552269588,271.1145641317482,2962186.759836032,224802.82745918335,241.58707917106494,27.565973459462224,64134.391808986125,2.1451490671629707,0.03799667636791485,3672.7453311371937,0.9111720495249988,4807.357523133948,23.091008308433967,271.1145641317482,0.2679201509634637,,,0.00028547150726382814,2.165345026606636e-05,0.00020801448512780746,6659.583012578575,43942.221388874896,2640774.3770929766,290.3049123482533,16403893.184424533,0.1545816452853308,0.019251126171707884,0.16414636949803388,-0.25082034293463557,0.968033654151627,0.0018819997152465036,0.0010725683428143393,0.0024819997152465034,7.057498932174389e-05,two-phase,False,
2.044175462887534,1.5569326128142693,2051.079329554462,3359.3970848817526,1.0340308451396412,3473.7202068399256,3428185.6355308704,1064.1876309137356,989.9233084447756,271.1364144688242,2963871.1134309443,224522.13022070169,242.58854292427824,27.307362835183916,63914.97158798716,2.1452611896523064,0.037981851791119736,3646.294766408235,0.911709893400064,4769.404762749567,23.080972946085478,271.1364144688242,0.26659936900794695,,,0.0002878758047441331,2.1662864956687184e-05,0.00020966977007493465,6624.453361291854,43701.1534145312,2620908.889667342,290.3114834244218,16385083.999647832,0.15488904926050998,0.01933054682979042,0.1644638673113763,-0.24947058672405648,0.9683823761095381,0.001891980009485518,0.0010741830006431143,0.002491980009485518,7.094925035570692e-05,two-phase,False,
2.052327020006002,1.5613832286262421,2050.431929383392,3334.827710240287,1.033030749959528,3444.979570495339,3400260.411017954,1063.4128944551107,989.7223607010098,271.1578926643087,2965527.3264966197,224242.5763503835,243.5902973114927,27.05312603391532,63698.11917351424,2.1453717865730355,0.037967287339765815,3620.2117982872123,0.9122419520587928,4732.018576298826,23.071215784406924,271.1578926643087,0.2652854256569401,,,0.0002902774833745137,2.167202650576974e-05,0.00021132630480545482,6589.879013806716,43463.98084675155,2601355.5650164406,290.31794619973186,16366600.835728163,0.15519656365912496,0.01940953885174253,0.16478136512471872,-0.24812025853015834,0.9687292383875524,0.0019019064397197962,0.0010757768889769473,0.002501906439719796,7.132149148949236e-05,two-phase,False,
2.0603727456690355,1.5657934311632422,2049.7940382183647,3310.66784605789,1.032040384675898,3416.742917379712,3372796.4937907085,1062.6561190513896,989.5307225709896,271.1790121327661,2967156.3776063854,223964.15268035638,244.59270046755628,26.803123980960283,63483.80663588303,2.1454809080016957,0.0379529774362936,3594.4899758727706,0.9127682931501377,4695.188227133429,23.06173132814888,271.1790121327661,0.2639778333686888,,,0.00029267639508766334,2.1680939426681545e-05,0.00021298400652417163,6555.848475469793,43230.62273148316,2582108.022321253,290.32430452937206,16348431.52869371,0.15550418789026396,0.019488102057606708,0.16509886293806114,-0.24676936870138722,0.9690742379563697,0.0019117789833352108,0.0010773503333509776,0.0025117789833352107,7.169171187507041e-05,two-phase,False,
2.0683148462863845,1.5701637559659445,2049.165449866363,3286.908875745522,1.031059358126607,3388.998155646825,3345780.78746335,1061.9177047212277,989.3490816299341,271.1997862599964,2968759.212024013,223686.84651807,245.596121212001,26.557221444661646,63272.00675246461,2.145588605085455,0.03793891664736192,3569.114838608876,0.9132892157857819,4658.893086763875,23.05253045282573,271.1997862599964,0.2626761034867096,,,0.0002950724532953131,2.1689592863707117e-05,0.00021464325997113887,6522.3505769770745,43001.000527937766,2563157.3064413536,290.3305622715776,16330563.554455642,0.15581192136206076,0.01956623627071348,0.16541636075140356,-0.2454179276016277,0.9694173718330625,0.001921597618130821,0.0010789036521199236,0.002521597618130821,7.205991067990579e-05,two-phase,False,
2.0761554431372655,1.5744947188565837,2048.545965522205,3263.5424184742556,1.0300877235780812,3361.7349806466514,3319207.1290071905,1061.1965319363605,989.1763525936086,271.2202154520097,2970336.053361169,223410.64509158538,246.59993777035848,26.31539375764493,63062.67961556846,2.1456948625338366,0.03792509986986834,3544.0887754022015,0.9138045431115821,4623.133583371765,23.043591110837887,271.2202154520097,0.2613810933460231,,,0.0002974654473826618,2.1698006946705433e-05,0.0002163035053965876,6489.37446303772,42775.03396645821,2544500.2868746645,290.3367193829454,16312998.983904168,0.15611976348170986,0.01964394131768633,0.165733858564746,-0.24406594560980036,0.9697586370812038,0.0019313623223194912,0.001080437156651464,0.002531362322319491,7.242608708698092e-05,two-phase,False,
2.083896576987875,1.5787868170225945,2047.9353933933207,3240.5603214457883,1.0291252116298444,3334.9423266071735,3293064.628913134,1060.4926413432859,989.0127933634503,271.24031305464365,2971887.71397387,223135.53595731477,247.604518562357,26.077511101169854,62855.79950572598,2.1457997329690337,0.037911521946571,3519.4017897293033,0.9143144540122892,4587.894798497096,23.034916287469613,271.24031305464365,0.26009231339512695,,,0.0002998552604708331,2.170617829733494e-05,0.0002179648932507302,6456.909581509682,42552.64914001802,2526129.7518172557,290.3427797259166,16295723.725223986,0.1564277136554808,0.019721217028446304,0.16605135637808843,-0.24271343311949353,0.9700980308109841,0.0019410730745284695,0.0010819511515133705,0.0025410730745284694,7.279024029481761e-05,two-phase,False,
2.0915402123859734,1.5830405300227437,2047.3335483496876,3217.9546524598095,1.028171649720497,3308.6097437453504,3267344.044125045,1059.8057656301676,988.8582980435136,271.2600794450051,2973414.8724843115,222861.50688089183,248.60981641869336,25.84349148210532,62651.3280749352,2.1459032021544813,0.03789817804266293,3495.0474511573802,0.9148190287815278,4553.166325449175,23.026502250657273,271.2600794450051,0.25880977843575076,,,0.00030224175029721056,2.171410987900813e-05,0.00021962738202877948,6424.94567298427,42333.77029036463,2508039.824867794,290.3487432601028,16278745.456804797,0.15673577128873314,0.019798063236216606,0.16636885419143085,-0.24136040053847294,0.9704355501793553,0.0019507298537999665,0.0010834459346546238,0.0025507298537999663,7.315236951749875e-05,two-phase,False,
2.099088241659978,1.587256320722468,2046.7402515968442,3195.71769276524,1.0272267240010002,3282.7266163712725,3242034.2437040773,1059.1361582386762,988.7133578260863,271.27952793097506,2974918.205586576,222588.54601274183,249.61621280378685,25.613211133140112,62449.24102814736,2.1460053241187347,0.0378850632589588,3471.0141402625604,0.9153185000802504,4518.931375424633,23.018356446419304,271.27952793097506,0.2575329975046376,,,0.00030462481859223493,2.1721794132603204e-05,0.00022129125603418404,6393.472760798225,42118.32781944655,2490222.9682686557,290.35461385195305,16262048.477294674,0.1570439357859314,0.019874479777527106,0.16668635200477327,-0.24000685828847054,0.9707711923901008,0.001960332639591718,0.001084921797580732,0.002560332639591718,7.351247398468943e-05,two-phase,False,
2.1065424886472504,1.5914346361644451,2046.1553303700964,3173.8419301829763,1.0262904817502663,3257.283763526682,3217129.558028432,1058.4828426206027,988.5770346555579,271.2986717950781,2976398.2423498244,222316.641445403,250.62350140384862,25.38661021737395,62249.514685296905,2.146106153843306,0.037872172817946914,3447.3035186363704,0.9158127230863795,4485.1897458591075,23.010459729162477,271.2986717950781,0.25626232140972954,,,0.0003070042626305587,2.1729248606290178e-05,0.00022295600780841812,6362.481141452978,41906.25413952758,2472676.2241306677,290.3603953706212,16245615.342188492,0.15735220655065982,0.01995046649221866,0.1670038498181157,-0.23865261202900306,0.9711050050183729,0.001969881411777535,0.001086379025523479,0.002569881411777535,7.387055294165756e-05,two-phase,False,
2.1139046995415844,1.5955759012617403,2045.5786186369094,3152.3200893441317,1.0253626599198455,3232.271311728664,3192619.949602845,1057.8459558440118,988.4496736263467,271.317511367219,2977855.431522213,222045.78159665084,251.63163690209169,25.1636141848708,62052.11319613455,2.146205678836176,0.037859502275349656,3423.9056496854364,0.9163018879754233,4451.926879900873,23.002816920285717,271.317511367219,0.25499776375299094,,,0.0003093799695500147,2.1736468265287118e-05,0.00022462183835828545,6331.9614277117325,41697.48001946432,2455392.861930161,290.3660877806929,16229450.982420217,0.15766058301741223,0.020026023093371273,0.16732134763145812,-0.23729776031924785,0.9714369629304151,0.001979376134301986,0.0010878178951367916,0.0025793761343019857,7.422660503632447e-05,two-phase,False,
2.1211765770576765,1.5996805369111315,2045.0099544047875,3131.145034763056,1.024443021045703,3207.679678744918,3168495.927797218,1057.2255603480316,988.3315286921204,271.3360728187835,2979290.6474040383,221775.95517968838,252.64114590233916,24.94409368243,61857.02713024173,2.146304023944402,0.037847046882488126,3400.8117550584075,0.91678615553733,4419.129719501261,22.995431183517756,271.3360728187835,0.2537387468140001,,,0.000311751826912865,2.1743449644831224e-05,0.00022628889927966609,6301.904411424414,41491.94550898589,2438366.5746575054,290.3716988626864,16213518.96054623,0.15796906457389331,0.020101149483430673,0.16763884544480054,-0.23594263484828726,0.9717669849613373,0.001988816794906039,0.0010892386806987593,0.002588816794906039,7.458062980897646e-05,two-phase,False,
2.128359766758085,1.6037489513952865,2044.449180785425,3110.3098141317064,1.0235315154394313,3183.5001175443613,3144750.845571091,1056.6210892328982,988.2221225988815,271.35433060359827,2980704.2203330025,221507.15097499776,253.65172261639518,24.728005235878264,61664.195191137944,2.146401040607148,0.03783480277849127,3378.0195433290164,0.9172655007439992,4386.793326030447,22.988292077552597,271.35433060359827,0.2524854528378564,,,0.0003141196679996872,2.175020216000455e-05,0.00022795694387200301,6272.301124947761,41289.576695957345,2421593.4113431866,290.3772207688844,16197869.343844084,0.15827765060297874,0.02017584558607905,0.167956343258143,-0.2345871580389599,0.9720950906589355,0.001998203383999316,0.0010906416509964241,0.0025982033839993157,7.493262689997435e-05,two-phase,False,
2.135455851118932,1.6077815360581131,2043.8961464430477,3089.8076778273626,1.022627907878465,3159.7235613234143,3121375.576532722,1056.0326463761717,988.1217468317749,271.3723237793138,2982096.797391738,221239.35805597308,254.66373366771666,24.515241252548027,61473.62242021067,2.146496923645806,0.03782276524756844,3355.5203452247574,0.9177400873450877,4354.904902803471,22.981403555787896,271.3723237793138,0.25123763951407974,,,0.0003164833823567658,2.1756721637398617e-05,0.0002296261393345811,6243.142869138711,41090.321321510964,2405067.27148064,290.38266519146845,16182439.731136112,0.15858634050486195,0.02025011125451999,0.1682738410714854,-0.23323122410679123,0.9724213058657486,0.0020075358831348356,0.0010920270677598322,0.0026075358831348355,7.528259561755634e-05,two-phase,False,
2.1424663594147177,1.6117786699750736,2043.350704806332,3069.6320520926133,1.0217321125263015,3136.3416412630318,3098363.2595942253,1055.4598389545852,988.0301157074887,271.3900397048224,2983468.8448964036,220972.5656098844,255.67700767063482,24.30574900810108,61285.26218425133,2.146591593748943,0.03781093045987877,3333.3105450846774,0.9182099340720403,4323.457985878392,22.97475883328384,271.3900397048224,0.24999540380950278,,,0.0003188428157326928,2.176301408115951e-05,0.00023129633808545758,6214.421175584785,40894.11316301725,2388783.9223699723,290.3880281923404,16167258.582558481,0.15889513367893138,0.020323946345287985,0.16859133888482783,-0.2318748435486785,0.9727456280699883,0.0020168142742841904,0.0010933951872172368,0.0026168142742841903,7.563053528565714e-05,two-phase,False,
2.1493927702224047,1.6157407205326477,2042.8127138591383,3049.776533558882,1.0208439463547154,3113.3459120182533,3075705.815124838,1054.9026318949452,987.9473512709847,271.4074915639701,2984820.8151901425,220706.76305571388,256.69164405612344,24.09945139368959,61099.09456474979,2.146685109589967,0.0377992942954733,3311.383201156653,0.9186751591416427,4292.44203718473,22.968358779637285,271.4074915639701,0.24875867232497564,,,0.000321197845745236,2.176907826967931e-05,0.00023296761874409998,6186.1277990968165,40700.89548800209,2372738.0543929525,290.393313651151,16152307.71090083,0.15920402952378565,0.020397350718251984,0.16890883669817025,-0.23051802687257694,0.97306805480746,0.002026038539837993,0.0010947462602354024,0.0026260385398379927,7.597644524392474e-05,two-phase,False,
2.156236513772962,1.6196680439717592,2042.2820359433697,3030.2348839700553,1.0199632368785996,3090.728180756545,3053395.4694780344,1054.3609730401195,987.873551155712,271.4246796173513,2986153.3270592014,220441.94003153962,257.7079222520603,23.896256881348886,60915.087270545744,2.146777461241855,0.03778785292951414,3289.731710480527,0.9191358731706997,4261.8469939407905,22.962203849523238,271.4246796173513,0.2475270346303615,,,0.00032354834897037793,2.1774913387086816e-05,0.0002346400519356357,6158.25471049392,40510.6092996253,2356924.5716377352,290.39852153979865,16137594.183704838,0.1595130274372484,0.02047032423661883,0.16922633451151267,-0.22916078459721295,0.9733885836616277,0.0020352086626063085,0.0010960805324555967,0.0026352086626063084,7.632032484773657e-05,two-phase,False,
2.162998974161695,1.623560985897896,2041.7585375730969,3011.0010250978485,1.0190900693258258,3068.481243407099,3031428.1033547404,1053.8339381094274,987.8078078339454,271.4416299167849,2987466.6027582404,220178.0860898631,258.7254534893015,23.69613815333794,60733.23435294553,2.146868778074767,0.03777660223554081,3268.358428131218,0.9195919293773009,4231.673963403239,22.956275725282204,271.4416299167849,0.2463011744938175,,,0.00032589412177395173,2.1780536441690326e-05,0.00023631310177681317,6130.794089667498,40323.20483216131,2341341.435223699,290.4036596516234,16123073.929914393,0.1598221268163838,0.020542866766936653,0.1695438323248551,-0.22780312725161897,0.9737072122637187,0.0020443246258190794,0.0010973982444254353,0.0026443246258190793,7.666217346821548e-05,two-phase,False,
2.1696814914276628,1.6274198817603984,2041.2420892591433,2992.0690338410013,1.0182240592922343,3046.5966773201776,3009793.314409253,1053.322245186871,987.7510956005527,271.458316902816,2988761.2559518996,219915.19125518505,259.7445596772968,23.499003507503865,60553.478986073234,2.1469589119356765,0.03776553897386074,3247.249312992652,0.9200436582458666,4201.903752095949,22.95059133016372,271.458316902816,0.2450804302692008,,,0.0003282351114751467,2.1785931037988343e-05,0.00023798736453713168,6103.7383189118445,40138.618512587745,2325981.233527823,290.4087201401345,16108800.312026694,0.16013132705751135,0.020614978179098038,0.1698613301381975,-0.22644506537470727,0.9740239382928145,0.0020533864131265273,0.0010986996317267144,0.002653386413126527,7.700199049224477e-05,two-phase,False,
2.176285363511669,1.6312450573031987,2040.7325653434023,2973.43313750069,1.0173651587119859,3025.0672758528676,2988485.436541682,1052.8254664180972,987.7030689331101,271.47477949275765,2990037.760533814,219653.2456252372,260.7656298291858,23.30475830150722,60375.829095689915,2.147048062993182,0.037754658999128304,3226.402210559192,0.9204910490267593,4172.531971442833,22.945142930514958,271.47477949275765,0.24386455481567829,,,0.00033057116051016304,2.1791104178960914e-05,0.00023966263334687085,6077.079976509476,39956.80731995858,2310840.536315382,290.4137147126448,16094709.233831132,0.16044062755622127,0.020686658346343083,0.17017882795153996,-0.22508660951488058,0.9743387594759307,0.0020623940085995325,0.0010999849250993789,0.0026623940085995323,7.733977532248247e-05,two-phase,False,
2.182811848101451,1.6350368289890906,2040.229843842208,2955.087709224907,1.016513347004161,3003.886097995069,2967499.2664964236,1052.3430965793646,987.6632911746722,271.4909921240865,2991296.3297785237,219392.2393407106,261.7880320815944,23.113401259970292,60200.22915007973,2.1471360831849884,0.037743959250745154,3205.815503028225,0.9209340747983633,4143.554938428048,22.93992110774921,271.4909921240865,0.24265415258304926,,,0.0003329021032679787,2.1796064496102286e-05,0.00024133866085033077,6050.811830559867,39777.710634280724,2295916.259135734,290.4186355229399,16080849.163872363,0.16075002770738955,0.020757907145262378,0.17049632576488238,-0.22372777022972398,0.9746516735880753,0.0020713473967300107,0.0011012543505617585,0.0026713473967300105,7.76755273773754e-05,two-phase,False,
2.189262164371996,1.6387955043994133,2039.7338062981582,2937.027263614938,1.0156684696536107,2983.045986166716,2946827.921638394,1051.875109079368,987.6318707480284,271.50698078944,2992537.4166184743,219132.1627432505,262.8120120594494,22.924853342236435,60026.67525672827,2.1472231041271823,0.03773343595220963,3185.4832788916237,0.9213728375303926,4114.963692727955,22.934926680064684,271.50698078944,0.24144906154905485,,,0.0003352278190270286,2.180081091929568e-05,0.00024301550989799003,6024.92683304095,39601.28436887648,2281203.8625611877,290.4234903707221,16067178.976611568,0.16105952690519332,0.02082872445579981,0.1708138235782248,-0.22236855808549813,0.974962678452348,0.002080246562431266,0.0011025081295272057,0.002680246562431266,7.800924609117248e-05,two-phase,False,
2.19563749462826,1.6425213826109064,2039.2443376398123,2919.246452487327,1.0148302202395072,2962.5395203111143,2926462.667827243,1051.4220156881656,987.6095272147097,271.52275856909785,2993761.7265547644,218873.0065511186,263.83833867267117,22.738992916174777,59855.15115816817,2.147309188419395,0.037723085606802494,3165.394616324511,0.9218075879029833,4086.7431098640177,22.930171960340946,271.52275856909785,0.24024836016731754,,,0.00033754823965858314,2.1805331458690273e-05,0.0002446936284265918,5999.418114093191,39427.48192112635,2266697.2022920353,290.4282831467673,16053683.786206478,0.161369124543126,0.020899110161255296,0.17113132139156723,-0.22100898365677793,0.9752717719400055,0.0020890914910383336,0.001103746478917255,0.0026890914910383335,7.834093091393751e-05,two-phase,False,
2.2019389858569607,1.646214754551318,2038.7613260487442,2901.740060785075,1.0139988012274264,2942.360943109665,2906401.5753630903,1050.9825893273992,987.5949893779167,271.5382999028517,2994969.2722523296,218614.76126837404,264.86604355582955,22.555850860728842,59685.60321724865,2.1473941878711966,0.03771290540399717,3145.5552194637094,0.9222380900244355,4058.89871302473,22.925631966499644,271.5382999028517,0.2390530756737947,,,0.0003398631300968601,2.180964959790993e-05,0.00024637224791815277,5974.278976516601,39256.24678341523,2252395.8570101955,290.4330060045282,16040409.55625173,0.1616788200140127,0.02096906414828733,0.17144881920490965,-0.21964905752604594,0.9755789519705311,0.0020978821683082993,0.0011049696112714266,0.002697882168308299,7.867058131156123e-05,two-phase,False,
2.208167751193585,1.649875903335237,2038.2846628334814,2884.5030026320483,1.0131737546912605,2922.502737594927,2886634.1916353237,1050.5578920415132,987.589597872064,271.5536436095672,2996160.805505231,218357.41795025964,265.89619091490084,22.375284392003923,59518.04148453132,2.1474783064272045,0.03770289159893146,3125.9494004028966,0.9226647393762322,4031.409560443792,22.921330724533483,271.5536436095672,0.2378621125776122,,,0.0003421724767392176,2.1813742230281288e-05,0.00024805219737830767,5949.502890471476,39087.54234969109,2238292.1618937682,290.437670661985,16027295.842441987,0.16198861271002543,0.02103858630691543,0.17176631701825207,-0.21828879028332165,0.9758842165116947,0.002106618580420609,0.0011061777348537881,0.0027066185804206088,7.899819676577283e-05,two-phase,False,
2.2143248713102723,1.6535051045814964,2037.8142423098757,2867.5303175248923,1.0123553472578883,2902.959650370435,2867159.5889485143,1050.1465051497512,987.5918585008254,271.56876412717634,2997336.2528034155,218100.96736681915,266.92780070520814,22.19732629093124,59352.41347900544,2.147561395946848,0.03769304153519363,3106.5848207465733,0.9230872453588487,4004.2836767110157,22.917239106471342,271.56876412717634,0.23667649845274996,,,0.0003444760246227997,2.181763683125384e-05,0.0002497325566158106,5925.083488374171,38921.31462767626,2224386.4762851694,290.4422692727487,16014387.540341873,0.1622985020226984,0.021107676530522448,0.17208381483159452,-0.21692819252569656,0.9761875635796301,0.002115300713977357,0.0011073710537563876,0.0027153007139773568,7.932377677415089e-05,two-phase,False,
2.2204113957297795,1.6571026267133862,2037.3499616874976,2850.81716665696,1.011543119430961,2883.7244896875154,2847967.5749698896,1049.7495216473676,987.6031390250437,271.5836873725392,2998496.3406821596,217845.40083851173,267.9618074330425,22.021849369164546,59188.717513449,2.1476435909481593,0.03768335181600608,3087.4458595110964,0.9235060054491266,3977.5002877324805,22.913381719074238,271.5836873725392,0.2354952232439896,,,0.000346773765516123,2.1821309753844634e-05,0.0002514141867152665,5901.014559979539,38757.525618359534,2210671.291333931,290.44680964472366,16001647.02685448,0.1626084873429434,0.021176334715856775,0.17240131264493694,-0.2155672091003115,0.976489005755161,0.0021239285560035615,0.0011085497679996588,0.0027239285560035614,7.964732085013356e-05,two-phase,False,
2.226428340396204,1.6606687290622992,2036.891721241285,2834.3588393995733,1.0107372488879531,2864.7920556959766,2829056.248471806,1049.365857768269,987.6223226249015,271.59841351197105,2999641.216920168,217590.709505029,268.99785145803526,21.848836450743303,59026.927335321554,2.14772488503916,0.03767381952720264,3068.537310505254,0.923920817035274,3951.063941393625,22.909736557056387,271.59841351197105,0.23431871794367048,,,0.00034906547510550764,2.1824781736566755e-05,0.00025309638488089833,5877.290062107953,38596.13114631183,2197146.08032685,290.45129175985556,15989075.806000482,0.16291856807022476,0.02124456072126635,0.17271881045827936,-0.21420567305456464,0.9767885798018121,0.0021325020886987017,0.00110971407291924,0.0027325020886987015,7.996882832620132e-05,two-phase,False,
2.2323766863882057,1.6642036606397708,2036.4394243941063,2818.1507563909254,1.0099375381106728,2846.1562369341814,2810419.0141840987,1048.995735353542,987.649777111456,271.6129427094578,3000771.187463114,217336.88475513857,270.03590769056484,21.678243362586453,58867.01738852177,2.147805271909097,0.03766444183317305,3049.851917295655,0.9243318342158579,3924.964302334019,22.90630951670445,271.6129427094578,0.23314699097092223,,,0.0003513510562150933,2.182804696825451e-05,0.0002547793872686536,5853.904123552996,38437.08832284461,2183806.3122552456,290.45571560032727,15976677.278207231,0.16322874361864312,0.02131235433745138,0.17303630827162178,-0.2128439058530185,0.9770862151014267,0.002141021285761389,0.0011108641587868086,0.0027410212857613887,8.028829821605209e-05,two-phase,False,
2.2382574107511886,1.667707678072608,2035.9929753615306,2802.1883854130497,1.0091437961099454,2827.811024670924,2792049.459905016,1048.6393525253193,987.6858411524964,271.6272879791045,3001886.7098004073,217083.91821948878,271.0764456212249,21.509987378879583,58708.97431205346,2.147884816674671,0.03765521572280202,3031.382816775285,0.924739201370443,3899.191550092311,22.90310596568756,271.6272879791045,0.23197954022460546,,,0.00035363041988153055,2.1831100146376582e-05,0.0002564634199559459,5830.850924024085,38280.35832053315,2170647.5938947923,290.46008506404104,15964433.696650736,0.16353901334297946,0.021379715626923725,0.1733538060849642,-0.21148209591159184,0.9773818716903031,0.0021494861550470953,0.0011120002166446878,0.002749486155047095,8.060573081426608e-05,two-phase,False,
2.2440714502329113,1.6711810237008367,2035.5522819000296,2786.4673401586588,1.0083560962107407,2809.751329341111,2773944.5974242236,1048.296018878805,987.7298398357078,271.6414366209408,3002987.9796943,216831.8014690114,272.11895060279033,21.344065983146383,58552.76081029684,2.147963442114424,0.03764613868345156,3013.1313153367937,0.9251428222188934,3873.74601371986,22.90011225118198,271.6414366209408,0.23081688409602882,,,0.00035590338175389377,2.1833954109731176e-05,0.00025814805525665465,5808.124836930508,38125.89646802767,2157668.392275935,290.46439621893006,15952370.108884968,0.16384937663179797,0.021446644499992375,0.17367130389830662,-0.21012000877911655,0.977675601572763,0.0021578966852849155,0.0011131224311740728,0.0027578966852849153,8.092112569818433e-05,two-phase,False,
2.2498197160488895,1.6746239339491353,2035.1172541699327,2770.983339442019,1.007574198384351,2791.9713169746838,2756097.623593783,1047.9661302177615,987.7823299036146,271.6554016377604,3004075.3686365443,216580.52636993013,273.1638977587295,21.180399088018998,58398.36483008421,2.148041213772049,0.037637207852994035,2995.089053314961,0.9255428888997695,3848.6160969646044,22.89733789830097,271.6554016377604,0.22965851998172462,,,0.00035816986869463156,2.1836599617857803e-05,0.00025983365833466684,5785.720370968709,37973.66636051804,2144863.923633128,290.46865296410846,15940467.74919408,0.16415983287311778,0.02151314087034093,0.17398880171164904,-0.20875765508694966,0.9779674030572788,0.002166252865628012,0.0011142309834446635,0.002766252865628012,8.123448246105046e-05,two-phase,False,
2.2555030948419765,1.6780366395450166,2034.6878046509696,2755.732204213088,1.0067981881741959,2774.46619029502,2738505.8571317466,1047.6489765293877,987.8426102473691,271.6691960166662,3005149.058067668,216330.0847173126,274.2110642425425,21.018962827384676,58245.7746501928,2.148118197799946,0.03762842042865554,2977.2577718969296,0.9259392955005236,3823.802730897777,22.89476879617009,271.6691960166662,0.22850479048122194,,,0.00036042969400671126,2.1839049979121938e-05,0.00026151976719918644,5763.632166171592,37823.63252481317,2132232.8635443193,290.47285920040486,15928705.627544498,0.16447038145442858,0.021579204655029015,0.1743062995249915,-0.20739504547073295,0.9782572745010346,0.002174554685653789,0.0011153260509989388,0.0027745546856537888,8.154580071201708e-05,two-phase,False,
2.2611224495949607,1.6814193657261818,2034.263848061722,2740.709854671621,1.0060278262604025,2757.230377505755,2721162.706252746,1047.3449716222553,987.9112524129575,271.68281989057704,3006209.5350687103,216080.46859956026,275.2607850078044,20.8596912558165,58094.96663379785,2.148194389066825,0.037619773874211976,2959.629161474232,0.9263322353895845,3799.294446702541,22.892414797987723,271.68281989057704,0.2273552798210403,,,0.0003626827878287848,2.1841295661126617e-05,0.00026320676484232846,5741.854990096483,37675.75682695141,2119770.5551702166,290.4770149133435,15917089.36137889,0.16478102176270562,0.02164483577449352,0.1746237973383339,-0.20603219057002076,0.9785452143099564,0.002182802135364051,0.0011164078079340485,0.0027828021353640507,8.185508007615191e-05,two-phase,False,
2.266678620499022,1.6847723324377282,2033.8453012827479,2725.912307477385,1.0052630311838917,2740.258868956193,2704063.620944175,1047.0539978851261,987.9882222789572,271.69626055499305,3007256.925378351,215831.67022061648,276.3128930352477,20.70255814453218,57945.90539034329,2.148269710498347,0.03761126592127914,2942.1997667921514,0.9267217589922094,3775.085810590506,22.890274386422966,271.69626055499305,0.22621008348345947,,,0.0003649290259868461,2.1843337985348385e-05,0.00026489464085680697,5720.383734146117,37529.9985154999,2107474.04273934,290.4811161712945,15905643.118691025,0.16509175318442573,0.021710034152549858,0.17494129515167633,-0.20466910102777686,0.9788312209387692,0.0021909952051851617,0.0011174764249813965,0.0027909952051851615,8.216232019444357e-05,two-phase,False,
2.2721724257806217,1.6880957545198017,2033.4320832831731,2711.3356730529044,1.004503792775956,2723.5469670703915,2687204.990942552,1046.775703410617,988.0732184289899,271.7095438139355,3008291.6085995873,215583.68182094008,277.3676739383283,20.547504073183955,57798.592626751764,2.148344300968384,0.03760289373042385,2924.9684462640216,0.9271078502030656,3751.174279442003,22.8883410283534,271.7095438139355,0.22506903196394665,,,0.0003671682596594467,2.1845183072928475e-05,0.00026658318849124565,5699.213410017361,37386.32841061753,2095341.144298781,290.4851707944461,15894325.433668865,0.16540257510558243,0.021774799716392925,0.17525879296501876,-0.20330578749008882,0.9791152928910032,0.002199133885968161,0.0011185320695839898,0.002799133885968161,8.246752072380604e-05,two-phase,False,
2.277604662489276,1.691389841886275,2033.024115050561,2696.9761529751613,1.0037500352167628,2707.0899085275873,2670582.4853590927,1046.509970490195,988.1662027594928,271.7226569561706,3009313.763673367,215336.4957507923,278.4249606020968,20.394504623410725,57652.99379447262,2.1484180836540463,0.03759465514464758,2907.93190173381,0.9274905571259116,3727.5546705702614,22.88661316565742,271.7226569561706,0.22393222053329936,,,0.0003694003648899529,2.1846832311137963e-05,0.00026827238991159174,5678.339146272412,37244.707531290915,2083369.0426327684,290.4891748518851,15883161.113742989,0.16571348691170165,0.021839132396598068,0.17557629077836118,-0.20194226060570156,0.9793974287190358,0.00220721816898889,0.0011195749059716312,0.00280721816898889,8.277068133708337e-05,two-phase,False,
2.282976107248475,1.6946547996949808,2032.6213195238722,2682.830037452966,1.0030016358031844,2690.882916147243,2654191.2983982386,1046.2568506459543,988.2673262220695,271.73561293381385,3010323.6911382545,215090.10452162955,279.4848896149324,20.243513675543756,57509.09911707199,2.1484911260515243,0.037586547640580406,2891.085573811253,0.927869967574103,3704.22027270477,22.88509282294638,271.73561293381385,0.2227995674015972,,,0.00037162523646022536,2.1848283678301754e-05,0.00026996234737137104,5657.756185027722,37105.10482426776,2071554.499465937,290.4931322482351,15872130.6747761,0.16602448798785696,0.021903032127121823,0.1758937885917036,-0.20057853102565237,0.9796776270241101,0.0022152480459480817,0.0011206050952340136,0.0028152480459480815,8.307180172305306e-05,two-phase,False,
2.2882875169718493,1.6978908285099872,2032.22362152935,2668.8937028867535,1.0022585259944725,2674.9214686912073,2638027.354283796,1046.0162187473397,988.3765377735056,271.748411861826,3011321.6214079824,214844.50074588016,280.5474458562377,20.09449724822905,57366.88702668079,2.1485634237049736,0.03757856895658215,2874.426493226025,0.9282461227854331,3681.166366346216,22.883778238478964,271.748411861826,0.2216710791172694,,,0.00037384275078897276,2.1849538777615506e-05,0.00027165303071932645,5637.459878755857,36967.486514896336,2059894.8709114473,290.49704297093933,15861236.672150742,0.16633557771868518,0.02196649884530257,0.17621128640504602,-0.19921460940275137,0.9799558864563798,0.0022232235089714447,0.0011216227953917998,0.0028232235089714446,8.337088158642918e-05,two-phase,False,
2.2935396295465487,1.7010981244563794,2031.830947719171,2655.163609507737,1.0015206946847155,2659.201302695765,2622087.324132777,1045.7877619420597,988.4935726416261,271.76105385369453,3012307.7792874486,214599.67707407908,281.61261377420095,19.947422141040988,57226.3363617239,2.1486349722103553,0.03757071688186831,2857.9533778457635,0.9286190146102862,3658.390341444248,22.882663636126786,271.76105385369453,0.22054676219933103,,,0.00037605276403341486,2.185060305700635e-05,0.0002733442598159777,5617.44568719592,36831.81963384438,2048388.1230818713,290.50090700759216,15850481.589117004,0.16664675548840208,0.022029532491861094,0.17652878421838847,-0.1978505063914167,0.9802322057148806,0.0022311445506097345,0.0011226281614657352,0.0028311445506097343,8.366792064786504e-05,two-phase,False,
2.2987331644856734,1.7042768793679688,2031.443226512713,2641.6362990935045,1.0007879145578997,2643.7176827902367,2606365.4218154084,1045.5719140113742,988.6190064724781,271.7735518383709,3013282.530703916,214355.62643095807,282.6809102741375,19.802218582569687,57087.438371122924,2.148705839961264,0.03756298904226894,2841.6587072197053,0.9289888232496263,3635.8819114585185,22.881759109799408,271.7735518383709,0.21942611038576015,,,0.00037825521480969117,2.1851466821266753e-05,0.00027503643527268854,5597.7091743682395,36698.07546480789,2037030.1278918788,290.50472826534593,15839846.78279779,0.1669580206808175,0.02209213301090095,0.1768462820317309,-0.19648623264697326,0.9805065835476066,0.002239011163838795,0.0011236213455438691,0.0028390111638387948,8.396291864395482e-05,two-phase,False,
2.303868823551467,1.7074272809283357,2031.0603880403025,2628.3083927571965,1.000060227690039,2628.466689700402,2590859.091950429,1045.3681964281118,988.7523835644668,271.7858931034981,3014245.9409028725,214112.34172061976,283.7517931565269,19.65889252587771,56950.160603478485,2.1487759501506583,0.03755538353643231,2825.5427430880227,0.9293554962302883,3613.6404231174793,22.88105531744566,271.7858931034981,0.2183096424883718,,,0.00038044994213488854,2.1852138944779134e-05,0.00027672924887676075,5578.246005689245,36566.219084064935,2025819.4641592782,290.508502813354,15829355.65289454,0.16726937267935138,0.022154300349908757,0.1771637798450733,-0.19512179882549666,0.9807790187514731,0.0022468233420596014,0.0011246024968469344,0.002846823342059601,8.425587532723505e-05,two-phase,False,
2.3089472913508775,1.7105495128055743,2030.6823640893135,2615.1765888076025,0.9993376329561426,2613.444382021309,2575565.322496132,1045.1762862809464,988.8934227085618,271.79809056927286,3015198.218455618,213869.8158745814,284.82540327310915,19.517402174455295,56814.49501523632,2.1488453715079494,0.037547898084162985,2809.604549731901,0.9297190184804973,3591.663767790156,22.880546217977447,271.79809056927286,0.21719727540401598,,,0.0003826368017928022,2.185262516185674e-05,0.00027842249849998355,5559.051945182687,36436.22324854053,2014754.3077700553,290.5122345597177,15818987.701518895,0.16758081086704876,0.022216034459754334,0.17748127765841573,-0.19375721558330927,0.9810495101723475,0.0022545810790982725,0.0011255717617919528,0.0028545810790982723,8.454679046618522e-05,two-phase,False,
2.3139692359049677,1.7136437547810779,2030.3090880524935,2602.237660677566,0.9986199048129336,2598.646325006462,2560478.588367713,1044.9966337455974,989.0427114195785,271.810157142766,3016139.770063959,213628.04209454355,285.90226946169423,19.377680573206224,56680.433813287484,2.1489141732771238,0.037540530448738965,2793.836786840196,0.9300795683764259,3569.941956900507,22.880242187928456,271.810157142766,0.21608850175612893,,,0.00038481573670765424,2.1852915537047874e-05,0.0002801165991136224,5540.122852783444,36308.06138318719,2003830.6948579166,290.51592741398383,15808724.831229676,0.1678923346265956,0.02227733529469069,0.17779877547175815,-0.19239249357653293,0.9813180567050642,0.0022622843692060714,0.0011265292840541116,0.002862284369206071,8.483566384522767e-05,two-phase,False,
2.3189353091936056,1.7167101828727112,2029.9404948784022,2589.4884549181947,0.9979071495212816,2584.069042765683,2545597.243599671,1044.8285642485753,989.1995691422267,271.8220801079145,3017070.5887154303,213387.01349312402,286.9818400841388,19.23973544845746,56547.94566673579,2.1489822787836728,0.03753327886589712,2778.241507141585,0.9304370423136045,3548.476614489802,22.880129676377564,271.8220801079145,0.21498384044320956,,,0.00038698656400051824,2.1853022997339986e-05,0.00028181107236739656,5521.454681730355,36181.70071975023,1993047.916324133,290.51957744568773,15798589.572321963,0.16820394334033445,0.022338202812353984,0.17811627328510057,-0.19102764346079246,0.9815846572934076,0.0022699332070594013,0.0011274752046269772,0.002869933207059401,8.512249526472755e-05,two-phase,False,
2.323846147676722,1.7197489694526529,2029.5765210238585,2576.9258892565545,0.9971991404266308,2569.7082817097676,2530915.90234221,1044.672545597413,989.364599049859,271.83385956137016,3017991.0690477784,213146.72345286168,288.0644903301852,19.103512098062033,56417.01158431892,2.149049684259946,0.037526141401268955,2762.81137678605,0.9307916203667715,3527.257806608316,22.88021939276047,271.83385956137016,0.21388287361257396,,,0.0003891492303300067,2.1852937308730746e-05,0.0002835063538952272,5503.043476044767,36057.11262677694,1982402.0902525042,290.52318464422973,15788586.43356238,0.16851563639027953,0.022398636973763188,0.17843377109844302,-0.1896626758906962,0.9818493109301348,0.002277527587759762,0.0011284096618810826,0.002877527587759762,8.540728454099107e-05,two-phase,False,
2.3287023727933738,1.7227602833601985,2029.2171044082966,2564.546950714481,0.9964959368038115,2555.5606161295855,2516432.4963198453,1044.528077492942,989.5373138381663,271.8455083980719,3018901.197598462,212907.16531811823,289.14997998441555,18.968997917229753,56287.62475745847,2.1491164594174816,0.03751911594654791,2747.5472115724942,0.9311432386330853,3506.285674777558,22.880501461278694,271.8455083980719,0.2127859407150594,,,0.00039130357295711775,2.185266790791993e-05,0.0002852020892631462,5484.8853680914035,35934.272530149836,1971892.1188053603,290.5267529204761,15778692.35379771,0.16882741315813266,0.02245863774331979,0.17875126891178544,-0.18829741959687288,0.9821120515364624,0.0022850675068337126,0.001129332791620955,0.0028850675068337124,8.569003150626422e-05,two-phase,False,
2.333504582142444,1.7257442842266628,2028.862185056592,2552.348717361377,0.9957973178661487,2541.622007007564,2502141.872944787,1044.3956254949912,989.7183091644442,271.85703950060037,3019801.5538261994,212668.3326943547,290.23924994293077,18.83610370382437,56159.778872395735,2.149182674454529,0.03751220044540566,2732.441998274779,0.9314920703406087,3485.5507305979563,22.88098649372526,271.85703950060037,0.2116921091858963,,,0.0003934495362579003,2.185220467382894e-05,0.00028689870763362753,5466.976610845246,35813.15669078448,1961514.2821643432,290.5302861866574,15768891.346426325,0.16913927304728682,0.022518204973256503,0.17906876672512786,-0.186931999425204,0.9823728556871345,0.002292552945712267,0.001130244725375967,0.002892552945712267,8.597073546421002e-05,two-phase,False,
2.338253374456358,1.7287011378003219,2028.5117032440755,2540.3282941913008,0.9951033930348998,2527.8893049723224,2488042.6273516184,1044.2745285949823,989.9069149899373,271.8684273575973,3020691.976450967,212430.21909639845,291.33118156284587,18.704875512659637,56033.43207072783,2.149248179077252,0.03750539350969806,2717.497798384894,0.9318380144531816,3465.0546874662523,22.881661180000197,271.8684273575973,0.210602412352241,,,0.00039558694205201714,2.185156034200117e-05,0.00028859573374619054,5449.313484089074,35693.73143018267,1951268.009296503,290.53377659046885,15759226.786916692,0.16945121542466998,0.02257733870727124,0.17938626453847029,-0.1855666799721438,0.9826316742727744,0.0022999839098866684,0.0011311455951117449,0.0028999839098866683,8.624939662075007e-05,two-phase,False,
2.3429493325863318,1.7316310052415722,2028.1656007493903,2528.4828560363244,0.994414001916947,2514.358755649473,2474130.3945322414,1044.1650523100886,990.1034998196852,271.87969764364595,3021572.778725101,212192.81823511748,292.42648691037203,18.5752406185997,55908.59010702006,2.149313117209586,0.037498692926921214,2702.709397176357,0.9321811918959835,3444.790310535856,22.88253186006299,271.87969764364595,0.20951625098331347,,,0.0003977157188699169,2.1850728890392273e-05,0.0002902934314874,5431.892357611956,35575.97728131419,1941150.2194169138,290.5372319662993,15749656.82571032,0.16976323966239223,0.02263603896559576,0.1797037623518127,-0.18420135775166546,0.9828885286757817,0.002307360401899314,0.0011320355299620157,0.0029073604018993136,8.652601507122428e-05,two-phase,False,
2.3475930224751624,1.7345340422970592,2027.823820920929,2516.8096494416695,0.993729146966848,2501.027106017602,2460402.6861793883,1044.066915504138,990.3078170412524,271.89083764493785,3022444.1296715853,211956.1238436765,293.52499783502543,18.4471841725505,55785.2237796084,2.1493774120633127,0.03749209717836122,2688.0759382673828,0.9325215918145439,3424.7557570909075,22.8835932570374,271.89083764493785,0.20843372055257495,,,0.0003998357305260498,2.184971540019113e-05,0.00029199162536759426,5414.709694310201,35459.86531718203,1931159.3959579673,290.5406483833864,15740206.02198243,0.17007534514105782,0.022694305726233897,0.18002126016515513,-0.18283597156492218,0.9831434318053043,0.0023146824189860834,0.0011329146560079154,0.0029146824189860833,8.680059071197813e-05,two-phase,False,
2.3521849972453097,1.7374104016777911,2027.486308366943,2505.3059816848954,0.9930487239418628,2487.8909081961015,2446855.889585593,1043.9802062606661,990.5200325416856,271.90186022927014,3023306.194090147,211720.12979070135,294.6268728509299,18.320671098764766,55663.32769968789,2.149441134409388,0.03748560434700258,2673.593760139813,0.9328592897338619,3404.945747074477,22.884847909845693,271.90186022927014,0.20735473543988864,,,0.0004019468846908048,2.184851749811657e-05,0.00029369043570200734,5397.762034359473,35345.37391331261,1921293.061417551,290.54402975557485,15730853.507488247,0.1703875312410364,0.022752138970568186,0.18033875797849755,-0.18147053205219585,0.9833963829487543,0.002321949958807438,0.0011337830970278124,0.002921949958807438,8.707312345527894e-05,two-phase,False,
2.3567257975867384,1.7402602331467705,2027.1530089195376,2493.969219218606,0.9923726837207789,2474.946927192984,2433487.0574559784,1043.9048306582074,990.7401066952445,271.91276546965116,3024159.1881650463,211484.83002147017,295.7321075272146,18.195677291191924,55542.88501309715,2.1495042813929843,0.037479212769240836,2659.2606805631076,0.9331943169133091,3385.356841473096,22.88629448307936,271.91276546965116,0.20627930040074904,,,0.0004040490682901925,2.1847136519617343e-05,0.00029538983534889706,5381.045993209267,35232.47863135078,1911549.2846349406,290.5473760748395,15721601.716197744,0.17069979734247884,0.022809538683358714,0.18065625579184,-0.18010504984991807,0.9836473814424347,0.0023291630194482737,0.0011346409745458758,0.0029291630194482735,8.734361322931026e-05,two-phase,False,
2.361215952129314,1.7430836836031394,2026.8238696000135,2482.7967861606994,0.9917010354217634,2462.192143577392,2420293.924187418,1043.840502318652,990.9677833105209,271.9235534382689,3025003.213836189,211250.21849665375,296.84069712409547,18.072179157421726,55423.87916990062,2.1495668501884238,0.037472920816783765,2645.0760836309546,0.9335266578523973,3365.9875479668567,22.887927551212123,271.9235534382689,0.2052074201711429,,,0.00040614214557076374,2.184557771258414e-05,0.00029708963142303533,5364.558259640613,35121.15557871312,1901926.6955079318,290.55068733324003,15712451.729050068,0.1710121428253325,0.02286650485274186,0.18097375360518242,-0.1787395355904426,0.983896426671483,0.0023363215994177634,0.001135488407879389,0.0029363215994177632,8.761205997816612e-05,two-phase,False,
2.365655977800522,1.7458808971630206,2026.4988385854988,2471.7861628305013,0.9910336772104485,2449.6233302278165,2407273.0684299385,1043.7873177060578,991.2032333297307,271.934236984567,3025838.533061794,211016.28930873648,297.95280437886544,17.950143496833892,55306.30553076408,2.149628912288008,0.03746672667551506,2631.036436710945,0.9338563866049067,3346.8327992198538,22.889749788185572,271.934236984567,0.20413900822860012,,,0.00040822602710393,2.184383860141942e-05,0.00029878994858455426,5348.295593884713,35011.38470331849,1892422.937180637,290.55396744664546,15703383.883863414,0.17132456706935675,0.0229230374702289,0.18129125141852484,-0.17737399990147742,0.9841435180698751,0.002343425697649183,0.00113632551418483,0.0029434256976491827,8.787846366184437e-05,two-phase,False,
2.3700463801691916,1.7486520152371965,2026.1778651768113,2460.934884329206,0.9903704418502197,2437.237168757735,2394420.430726686,1043.7456007176545,991.4468800353835,271.94479062040386,3026665.3204785916,210783.0367493522,299.06850939660075,17.829542924992737,55190.12488365433,2.1496903164502266,0.03746062922520058,2617.1363886362087,0.9341836323501229,3327.885305619566,22.89176866556098,271.94479062040386,0.20307382734132695,,,0.00041030065223800194,2.184191214339039e-05,0.0003004911251933383,5332.254825800286,34903.136532337114,1883035.0999077263,290.55720856012107,15694445.381203718,0.17163706945413856,0.022979136530704512,0.18160874923186726,-0.17600845340582422,0.9843886551203694,0.0023504753134997217,0.0011371524085027679,0.0029504753134997216,8.814282425623957e-05,two-phase,False,
2.3743876537760156,1.7513971766058625,2025.8608997674821,2450.2405391630896,0.989711526301358,2425.0313038205636,2381735.9041176797,1043.7144423731686,991.6977679344106,271.9552527421768,3027483.5094308574,210550.45492903204,300.18747518046746,17.71037532432495,55075.356314721605,2.1497512831048935,0.03745462627608123,2603.38045523039,0.9345082268428198,3309.1499443819143,22.893965539087123,271.9552527421768,0.20201245654065442,,,0.0004123658108761442,2.1839816223464843e-05,0.0003021924109838972,5316.432853107559,34796.398622417844,1873763.5968498236,290.5604224379971,15685567.453689223,0.1719496493591079,0.023034802032425136,0.18192624704520968,-0.17464290672089175,0.9846318373544896,0.002357470446750278,0.0011379692038016003,0.0029574704467502776,8.840514175313541e-05,two-phase,False,
2.378680282451068,1.754116517490323,2025.54789381393,2439.7007679080575,0.9890565854569369,2413.00211104381,2369213.633468825,1043.6947812014605,991.957004014643,271.96559786283393,3028293.6392789553,210318.53834180272,301.31062992117916,17.592564328259776,54961.96120521969,2.1498116609613307,0.0374487167731832,2589.758661935935,0.9348304413814988,3290.613767366662,22.896360863300465,271.96559786283393,0.20095381002409587,,,0.00041442151891339315,2.183753143065749e-05,0.0003038946745792829,5300.8266396768195,34691.14250623569,1864603.980601081,290.56360122520664,15676801.582501374,0.17226230616355323,0.023090033977017203,0.1822437448585521,-0.1732773704583865,0.9848730643524712,0.002364411097605234,0.0011387760110201743,0.002964411097605234,8.866541616019628e-05,two-phase,False,
2.3829247396194515,1.7568101716221096,2025.2387998066833,2429.3132619140824,0.9884058738605773,2401.147497523278,2356854.1949395,1043.6855227295632,992.2234242036362,271.9758260506626,3029095.4017327046,210087.28124143239,302.4366976496448,17.476163623478257,54849.92443585247,2.1498714473351503,0.0374428992522042,2576.2768496662784,0.9351500674978608,3272.283310605261,22.898932053384016,271.9758260506626,0.1998991653744157,,,0.0004164675435521867,2.1835079419177967e-05,0.00030559701134650046,5285.4332138696145,34587.34681272713,1855557.2131492468,290.5667449142154,15668144.003971731,0.172575039246637,0.023144832369475277,0.18256124267189452,-0.17191185522380836,0.9851123357432432,0.0023712972666922274,0.0011395729391093176,0.0029712972666922272,8.892364750095853e-05,two-phase,False,
2.387121488594632,1.7594782703090068,2024.933571242689,2419.0757620482173,0.9877591169791734,2389.464138626468,2344652.596962072,1043.6873750516697,992.4978750549635,271.98596290433983,3029889.299687084,209856.6781902567,303.5668719609988,17.36108302228669,54739.25412672104,2.149930789144386,0.037437171833881254,2562.9271690338987,0.9354673147961249,3254.1482762771034,22.901694655280423,271.98596290433983,0.19884749458562365,,,0.0004185038745025186,2.183244548170218e-05,0.0003073000721233411,5270.249666930774,34484.99715391809,1846619.5552633994,290.5698613478048,15659555.35659455,0.1728878479874111,0.023199197218160005,0.18287874048523697,-0.17054637161613564,0.9853496512043687,0.0023781289550618857,0.0011403600950723135,0.0029781289550618855,8.917983581482071e-05,two-phase,False,
2.391270982865422,1.7621209425015687,2024.6321625982566,2408.986057474851,0.9871163279904608,2377.949471234792,2332606.943102672,1043.7000732837494,992.7801161296188,271.99599571286944,3030675.4123163247,209626.72376040736,304.7009876086332,17.247312496995896,54629.9240816762,2.149989609459476,0.03743153333439868,2549.7091432150073,0.9357821680808303,3236.2074538406655,22.904643615882023,271.99599571286944,0.19779889336944462,,,0.00042053038220392987,2.1829634566036264e-05,0.0003090036761435736,5255.273151429372,34384.06977071645,1837789.8621107726,290.5729465948421,15651059.061704574,0.17320073176483208,0.02325312853479599,0.1831962382985794,-0.16918093022745878,0.9855850104619954,0.002384906164187567,0.001141137584004352,0.002984906164187567,8.943398115703378e-05,two-phase,False,
2.3953736663625858,1.7647383148509905,2024.334529303663,2399.0419844719668,0.98647753159007,2366.601015022849,2320715.4877865273,1043.7233180961325,993.0698680026467,272.00593729590474,3031453.7910704394,209397.41252234657,305.838784814931,17.134847311527654,54521.93133620065,2.150047980944124,0.037425982153585086,2536.622660725984,0.9360946021882728,3218.460096196889,22.907773147766033,272.00593729590474,0.19675369810197277,,,0.000422546932774955,2.182665232341713e-05,0.00031070759621399546,5240.5008797470055,34284.54786496897,1829067.106462872,290.5760045744824,15642633.066005623,0.1735136899577769,0.023306626334469557,0.18351373611192182,-0.16781554164242787,0.9858184132908345,0.0023916288959650745,0.0011419055091309847,0.0029916288959650744,8.968608359869029e-05,two-phase,False,
2.3994299737254194,1.7673305117710916,2024.0406277179236,2389.241425282213,0.9858425651267771,2355.415895407374,2308974.5769757903,1043.7574507733066,993.3675636738608,272.0157749461516,3032224.6400169195,209168.73923714567,306.9805286387453,17.02365340819895,54415.25025855154,2.1501058265162016,0.03742051716598121,2523.6627539002966,0.9364047401356272,3200.899495998014,22.911090993505997,272.0157749461516,0.19571158028952323,,,0.0004245534735287366,2.182349151953182e-05,0.00031241218327856564,5225.930122611691,34186.4085721493,1820448.6416714755,290.5790313551709,15634302.233961657,0.1738267219450582,0.02335969063562631,0.18383123392526424,-0.16645021643807342,0.9860498595140706,0.002398297152712352,0.0011426639718456124,0.002998297152712352,8.99361432267132e-05,two-phase,False,
2.403440330553761,1.7698976554949744,2023.7504151047851,2379.5823069975913,0.9852115127351884,2344.3918843549864,2297383.1608604696,1043.801978927465,993.6727068142122,272.0255087212733,3032987.9558357215,208940.6986029382,308.12577844493825,16.913736442233787,54309.8669515696,2.150163143903982,0.03741513705110443,2510.830790560115,0.9367125124374598,3183.5267523128327,22.914587266200414,272.0255087212733,0.1946729685713549,,,0.0004265498471792955,2.182016172455842e-05,0.0003141170399380184,5211.558207675806,34089.6327072313,1811934.0048931858,290.5820269305356,15626066.418592734,0.17413982710543952,0.0234123214600687,0.18414873173860666,-0.16508496518330748,0.9862793490033269,0.0024049109371691757,0.0011434130717460332,0.0030049109371691756,9.018416014384408e-05,two-phase,False,
2.407405153651841,1.772439866130262,2023.4638496094688,2370.0626004766955,0.9845842741887936,2333.526365272352,2285938.3169567985,1043.8570403716394,993.9855017015784,272.03515143204305,3033744.0371018834,208713.28544378772,309.2751541536891,16.80504382047392,54205.7791281335,2.150220006119883,0.03740984029046392,2498.1235154775522,0.93701799171238,3166.33729189737,22.918265386597266,272.03515143204305,0.19363734978716396,,,0.0004285359766583513,2.181665983728432e-05,0.0003158223233383858,5197.382518136571,33994.20470715274,1803521.147015582,290.5849952207106,15617906.493599353,0.17445300481765091,0.023464518832953318,0.18446622955194908,-0.16371979843848927,0.9865068816786127,0.0024114702524968157,0.00114415290667008,0.0030114702524968156,9.04301344686306e-05,two-phase,False,
2.411324851263386,1.7749572617123763,2023.180890236204,2360.680319293377,0.9839607539571458,2322.816786823707,2274637.221250382,1043.9227609883987,994.3061378995931,272.04470312795894,3034492.951335687,208486.4947040715,310.4286626658072,16.697557651040054,54102.973305381376,2.15027641121451,0.03740462561564621,2485.537791728888,0.9373212473193537,3149.3267004759578,22.92212850901974,272.04470312795894,0.1926047275099106,,,0.0004305117845163465,2.181298302220287e-05,0.00031752818780244994,5183.400491397581,33900.10616999888,1795208.091633226,290.5879362202283,15609823.169915663,0.1747662544604043,0.023516282782788195,0.18478372736529153,-0.16235472675512944,0.9867324575082485,0.002417975102277697,0.001144883572730369,0.0030179751022776967,9.067406633541364e-05,two-phase,False,
2.4151998232983605,1.7774499582559418,2022.9014968265144,2351.433518715851,0.9833409168836443,2312.260792284979,2263477.710942189,1043.9990657104213,994.6345803927499,272.0541638580261,3035234.8632995076,208260.32138647244,311.5863107130338,16.591260398892054,54001.43623673138,2.15033235725684,0.03739949178405442,2473.0720191495784,0.9376223022117407,3132.492466094142,22.92617553263455,272.0541638580261,0.19157510529949878,,,0.00043247716837848505,2.180913250394811e-05,0.00031923460657094094,5169.609617770033,33807.31908466007,1786993.4097174727,290.5908499236723,15601818.296879489,0.17507957541240854,0.023567613341429865,0.18510122517863395,-0.16098976067541154,0.9869560765088149,0.0024244254905150305,0.001145605164348187,0.0030244254905150304,9.091595589431365e-05,two-phase,False,
2.4190304615516927,1.779918069804395,2022.6256300382286,2342.320294715208,0.9827248495487116,2301.8563592188966,2252458.8894348587,1044.0854703041955,994.970339032355,272.063533670758,3035969.761435833,208034.760428619,312.74764658204555,16.486159034484142,53901.15490727384,2.15038784233358,0.03739443757831403,2460.7276007637174,0.9379210878315307,3115.835779562459,22.93039671387655,272.063533670758,0.1905489115014189,,,0.0004344319731311715,2.1805117732543206e-05,0.00032094117621963534,5156.007439212244,33715.82582121539,1778876.7287332064,290.5937363256776,15593891.655825315,0.17539296705238497,0.023618510544080398,0.18541872299197637,-0.1596249107319354,0.987177738745066,0.002430821421632438,0.0011463177742865442,0.0030308214216324377,9.115580331121642e-05,two-phase,False,
2.4228171499143554,1.7823617084778833,2022.3532513251878,2333.3387830023908,0.9821123286148975,2291.600785621929,2241576.7566078706,1044.1825460819018,995.3140948776115,272.0728126141773,3036698.0043062656,207809.8070168478,313.91358987301055,16.38218832828026,53802.11652926431,2.1504428645489235,0.03738946180569604,2448.498306933643,0.9382177700157192,3099.348463064358,22.934804576035745,272.0728126141773,0.1895253000936244,,,0.00043637618134635307,2.180092698598544e-05,0.0003226484572216477,5142.59154810619,33625.60912160288,1770855.0551265362,290.5965954209307,15586047.361183105,0.17570642875908282,0.023668974429284315,0.1857362208053188,-0.15826018744720077,0.9873974443298792,0.002437162900473567,0.0011470214936824092,0.0030371629004735667,9.139360876775876e-05,two-phase,False,
2.4265602645770845,1.7847809845195088,2022.084322917622,2324.4871580927347,0.9815035102151558,2281.492305118071,2230831.181010413,1044.2895804124687,995.6651027820745,272.0820007358168,3037419.4043654613,207585.45620207855,315.0832268688798,16.279380013473144,53704.30853770105,2.1504974220254467,0.03738456329755682,2436.3872478372487,0.9385122288485829,3083.0338280450874,22.93938454174746,272.0820007358168,0.18850512423483443,,,0.0004383096089154894,2.1796574319160496e-05,0.0003243558312281274,5129.359586069866,33536.652090559604,1762928.642576021,290.5994272041692,15578283.131090876,0.17601995991129413,0.023719005038925243,0.1860537186186612,-0.1568956013332633,0.9876151934241766,0.002443449932301669,0.0011477164120781566,0.0030434499323016687,9.162937246131259e-05,two-phase,False,
2.430260174227098,1.7871760063400153,2021.81880780316,2315.763632397136,0.9808981144317792,2271.5281804880387,2220217.684242097,1044.4073438762266,996.0242622670823,272.09111082300774,3038134.3612905946,207361.70333949375,316.25767257625523,16.177660453662355,53607.72981796001,2.150551588704676,0.03737974068108575,2424.386941830743,0.9388046701161361,3066.88218354594,22.94415331145914,272.09111082300774,0.18748744428759812,,,0.00044023226680161616,2.179204406511187e-05,0.00032606404163977256,5116.309242804182,33448.94134643247,1755094.0791193924,290.60223559812835,15570581.093108095,0.17633355988786917,0.0237686024182226,0.18637121643200363,-0.1555311628914078,0.9878309862368392,0.0024496825227991845,0.0011484026174522419,0.0030496825227991843,9.186309460496942e-05,two-phase,False,
2.4339172402380633,1.7895468805609558,2021.5566697084635,2307.166455339024,0.9802962312950069,2261.7065811391053,2209735.536513568,1044.5353553872053,996.3910834260821,272.10014291580234,3038842.902523702,207138.543715207,317.4364741269407,16.07703799322211,53512.368173688104,2.150605363006152,0.03737499283290013,2412.4989013586883,0.9390950238807882,3050.894899992478,22.9491011755038,272.10014291580234,0.18647268818585483,,,0.0004421440023826395,2.17873456644876e-05,0.00032777268073130465,5103.438254973293,33362.46066865459,1747351.098245101,290.6050205983774,15562941.506914802,0.17664722806773184,0.02381776661572813,0.18668871424534605,-0.15416688261164138,0.9880448230246482,0.002455860678067305,0.0011490801962491329,0.0030558606780673046,9.209477542752392e-05,two-phase,False,
2.437531816853616,1.7918937120564236,2021.2978730814423,2298.6939124963164,0.9796980121423611,2252.0258565963877,2199384.62524578,1044.6729294540928,996.764850048523,272.10908431792586,3039544.9609645735,206915.97248584405,318.6189805354405,15.977530266910854,53418.20043088844,2.1506586673873067,0.037370318880701435,2400.7260077648284,0.9393831780937173,3035.0750373570313,22.95421411727551,272.10908431792586,0.18546137770431712,,,0.00044404463522073224,2.1782492637101278e-05,0.00032948114550433266,5090.7444051172815,33277.19103145072,1739699.9434661812,290.6077782720924,15555385.970622098,0.17696096382989457,0.023866497683322226,0.1870062120586885,-0.15280277097245992,0.9882567040921797,0.002461984404625513,0.0011497492334085091,0.003061984404625513,9.232441517345675e-05,two-phase,False,
2.4411042513646946,1.7942166039933962,2021.0423830740478,2290.344324767533,0.979103117074242,2242.483267553192,2189160.003662044,1044.8210505284228,997.1466949302985,272.1179478089329,3040240.877695252,206693.98517026452,319.806329517516,15.879065083725697,53325.226043903654,2.1507115760977285,0.03736571751792911,2389.059457777722,0.939669380855371,3019.411316246184,22.959513308536224,272.1179478089329,0.18445257252401992,,,0.00044593420805815663,2.1777465109162513e-05,0.00033119038622509626,5078.225520596064,33193.12004132565,1732136.7854710307,290.61051254287094,15547895.945238434,0.1772747665534738,0.02391479567621026,0.18732370987203092,-0.15143883844035824,0.988466629791737,0.00246805370941112,0.0011504098123937569,0.00306805370941112,9.255201410291701e-05,two-phase,False,
2.4446348842809336,1.7965156578707542,2020.790165525604,2282.116047561333,0.9785116425410489,2233.0771221685263,2179061.0844665216,1044.9792260671181,997.5361137438194,272.1267334277325,3040930.628522133,206472.57721207204,320.99805758062786,15.781651486445833,53233.43343905629,2.1507640875984215,0.03736118768726382,2377.500899105075,0.9399535593246592,3003.9053031228054,22.964988780852067,272.1267334277325,0.18344670066688526,,,0.0004478125677222051,2.177227277449811e-05,0.0003328999748961521,5065.879472563541,33110.23246730596,1724661.453920752,290.6132234064015,15540471.083904749,0.17758863561770488,0.023962660652918685,0.18764120768537335,-0.15007509546952127,0.9886746005232532,0.0024740685997787777,0.0011510620152197775,0.0030740685997787775,9.277757249170416e-05,two-phase,False,
2.4481240494963594,1.7987909735570198,2020.541186946667,2274.007470008713,0.9779234294755534,2223.8051837239473,2169084.7952851155,1045.1478336256705,997.9335645454404,272.135428483238,3041614.427836353,206251.7442344655,322.19447101430717,15.68526039277248,53142.800114972866,2.150816124133402,0.03735672858226331,2366.0458674005317,0.9402358287460841,2988.551068832203,22.970648890055116,272.135428483238,0.18244343414507114,,,0.00044967967847139227,2.1766907952542403e-05,0.0003346103101362618,5053.704174970993,33028.5102736039,1717271.6803969825,290.6159069292701,15533136.23871784,0.17790257040195734,0.024010092675291087,0.18795870549871577,-0.1487115525013758,0.9888806167342096,0.0024800290834999794,0.001151705922480123,0.0030800290834999793,9.300109063124924e-05,two-phase,False,
2.451572074449626,1.8010426493268819,2020.2954145033887,2266.017014197173,0.977338704768606,2214.666133639089,2159231.86616667,1045.3259446724353,998.338059994162,272.1440584749826,3042292.176165055,206031.48165618387,323.39498379952397,15.589906572960865,53053.3371699022,2.1508678365671106,0.03735233872804768,2354.699136998488,0.9405160213997374,2973.3540371438094,22.976474477952806,272.1440584749826,0.18144343815849995,,,0.0004515353284229902,2.1761389045119935e-05,0.0003363205280998409,5041.697583598771,32947.94509735163,1709968.3886706906,290.6185709652892,15525845.344205447,0.17821657028574994,0.02405709180848407,0.1882762033120582,-0.14734821996431027,0.9890846789195298,0.002485935168762546,0.0011523416133734808,0.0030859351687625458,9.322256882859547e-05,two-phase,False,
2.454979280278999,1.8032707818965419,2020.0528160023691,2258.1431344261414,0.9767572427310388,2205.6576616741036,2149498.6331324284,1045.514169102401,998.7503136045532,272.1526107090696,3042964.156020911,205811.78514136473,324.60039204289353,15.495537955021009,52965.02247119197,2.150919147253722,0.037348017358515416,2343.454695655103,0.9407943010394424,2958.3063978412,22.98247877820239,272.1526107090696,0.18044595940466535,,,0.00045337951458931106,2.1755703761346336e-05,0.0003380312467734045,5029.857695115356,32868.51950216472,1702748.798702632,290.6212115813547,15518624.052375957,0.17853063464876576,0.02410365812096308,0.1885937011254006,-0.14598510827318803,0.9892867876214994,0.0024917868641700985,0.0011529691657295301,0.0030917868641700983,9.34420074063787e-05,two-phase,False,
2.458345981972289,1.8054754664579318,2019.8133598759694,2250.38431648302,0.9761790837534073,2196.778100157432,2139884.0574628985,1045.7122172482532,999.1700433478692,272.161085222971,3043630.3382604304,205592.65033492888,325.8102177799077,15.402164426754819,52877.845223356155,2.1509700547071513,0.03734376349788098,2332.3128453817667,0.9410706377835762,2943.408101850751,22.988656073983393,272.161085222971,0.17945142601975647,,,0.0004552121126518582,2.174985777293252e-05,0.00033974221901856617,5018.182546162935,32790.219471925506,1695612.3317423149,290.623828773306,15511471.95539058,0.17884476287086717,0.024149791684498018,0.18891119893874303,-0.14462222782901987,0.9894869434296599,0.00249758417874151,0.001153588656034174,0.00309758417874151,9.365940670280664e-05,two-phase,False,
2.4616724885119576,1.8076567967118544,2019.5770151680863,2242.7390769391864,0.975604073383406,2188.02537899801,2130385.2455936437,1045.9204634469002,999.5976999877305,272.16949477526333,3044290.9721105243,205374.0730549978,327.0251597180662,15.309740133710044,52791.80586570528,2.151020634013555,0.03733957595822426,2321.2694142764503,0.9413451403339711,2928.6536187738297,22.995014615993597,272.16949477526333,0.1784593211202799,,,0.00045703309001742133,2.1743843539557386e-05,0.00034145383175040024,5006.670212468615,32713.034366056832,1688556.8438417127,290.6264264670786,15504369.508609103,0.17915895433211101,0.024195492574158844,0.18922869675208548,-0.14325958901864516,0.9896851469806995,0.0025033271219103486,0.001154200159454177,0.0031033271219103485,9.387476707163808e-05,two-phase,False,
2.4649591030155493,1.8098148649000743,2019.3437515203468,2235.205962465363,0.9750321813392049,2179.397745325,2121000.538108995,1046.1388637669625,1000.0332712344434,272.1778266772472,3044946.1416047337,205156.04916955624,328.24504668520615,15.21826104742746,52706.88288350343,2.15107080731452,0.03733545403258015,2310.32306415343,0.9416178299078615,2914.040904646037,23.00155384200972,272.1778266772472,0.17746974193584655,,,0.00045884235777755026,2.1737661874251596e-05,0.00034316608198794936,4995.31880798048,32636.947630935487,1681581.2209301388,290.6290007289777,15497340.01586418,0.17947320841276332,0.024240760868310975,0.1895461945654279,-0.14189720221432983,0.9898813989583528,0.0025090157035243038,0.0011548037498612163,0.0031090157035243036,9.40880888821614e-05,two-phase,False,
2.468206122871661,1.811949761836416,2019.113539158735,2227.7835491657247,0.9744636424204947,2170.894071844489,2111730.8289608415,1046.3664777755787,1000.475755284171,272.18609368286104,3045595.6978880926,204938.57433602322,329.46907593701997,15.127752035157414,52623.07704021852,2.1511206498813564,0.03733139656962393,2299.478597258484,0.9418885392154039,2899.575457816774,23.00825433023219,272.18609368286104,0.1764834471644863,,,0.000460639702770184,2.1731331409311407e-05,0.00034487807423813237,4984.126484027686,32561.94916515921,1674686.4894568361,290.6315554854554,15490359.312968794,0.1797875244933145,0.024285596648610634,0.18986369237877032,-0.14053507777332952,0.990075700093303,0.0025146499338445987,0.0011553994998553647,0.0031146499338445986,9.429937251917245e-05,two-phase,False,
2.471413839871601,1.8140615769368955,2018.8863488806078,2220.4704419302093,0.9738980981304818,2162.511940350781,2102571.365365924,1046.6043807982185,1000.9263737955048,272.19428310680195,3046240.025942041,204721.64458440887,330.69858470138774,15.038139437440986,52540.367215342696,2.1511700837155923,0.03732740289977405,2288.7271530119187,0.9421575222639115,2885.24602145467,23.01513904975113,272.19428310680195,0.17549925834083127,,,0.0004624251923611529,2.172483072638254e-05,0.00034659089469806273,4973.091428503857,32488.022971082013,1667868.9232303784,290.6340868024309,15483454.186080592,0.18010190195449413,0.02433,0.19018119019211274,-0.13985404936819817,0.9901721289126036,0.002520229823545383,0.0011559874807880188,0.003120229823545383,9.450861838295186e-05,two-phase,False,
