M,X,Taw,hg0,sigma,hg,q,Twg,Twc,Tb,p,h,rho,v,Re,Pr,f,hc,eta_fin,hce,kw,Tsat,xq,chf,chf_ratio,Rg,Rw,Rc,G,hc_lo,q_c,T_sl,q_nb_max,x,r,s,nx,nr,w,Dh,pitch,A_flow,regime,onb,margin_sat
0.04966807360352575,1.0002946294136443,2913.335241783309,768.6146137344346,1.4347097720158308,1102.7388972389665,2646815.6397883343,513.1155284718247,417.7263521127616,290.55143867336517,3359116.3862067796,419950.2486102443,80.2716779022014,42.739680732533046,305511.4973319952,1.076711735092129,0.03485444659251508,20011.180415033712,0.5643597768726388,20812.403706094443,13.873773423859024,276.0315338714593,1.1010016863878114,,,0.0009068329796870285,3.6039221971157416e-05,4.804827035462379e-05,3430.785885404816,20011.180415033712,2544920.137102057,291.88049824854164,12379985.595516872,0.0,0.0485,0.0,-0.0,1.0,0.005557521601035995,0.0013216415145030625,0.006157521601035994,0.0002084070600388498,vapour,False,
0.04966807360352575,1.0002946294136443,2913.335241783309,768.6146137344346,1.434811313056814,1102.81694316696,2647396.1467626835,512.7590054768966,417.3042666481292,290.3077981270821,3360066.474269129,419592.0076534472,80.46555712914369,42.63670081720251,305718.9217684202,1.0791545191638436,0.03485429915825712,20045.893316585665,0.5638912691007849,20846.218620039268,13.867285057013968,276.0427783946888,1.09944447780727,,,0.0009067688034682342,3.605608437010558e-05,4.797033064973758e-05,3430.785885404816,20045.893316585665,2545757.6595560405,291.88433266934453,12371310.779061276,0.0003174978133424253,0.0485,0.0003174978133424253,-0.0,1.0,0.005557521601035995,0.0013216415145030625,0.006157521601035994,0.0002084070600388498,vapour,False,
0.04966807360352575,1.0002946294136443,2913.335241783309,768.6146137344346,1.4349131803208544,1102.8952398347626,2647978.5055905986,512.4013997011521,416.8808304692072,290.0648749940091,3361015.0500754463,419233.6878928852,80.66033653790642,42.53374127434385,305925.6918555195,1.0816248984193342,0.03485415238689045,20081.06859909189,0.5634181443578093,20880.483813477826,13.86077641120797,276.0540087540717,1.097886388498904,,,0.000906704430195765,3.607301533236585e-05,4.789161060312813e-05,3430.785885404816,20081.06859909189,2546599.901356836,291.88816335167604,12362644.703769756,0.0006349956266848506,0.0485,0.0006349956266848506,-0.0,1.0,0.005557521601035995,0.0013216415145030625,0.006157521601035994,0.0002084070600388498,vapour,False,
0.04966807360352575,1.0002946294136443,2913.335241783309,768.6146137344346,1.4350153768251803,1102.97378956146,2648562.733395987,512.0427011427469,416.4560309907994,289.8226629480473,3361962.0674327947,418875.28907565144,80.85599647661105,42.430815708235414,306131.8152977141,1.0841231635711108,0.0348540062706865,20116.71127096627,0.5629403709645152,20915.204059816362,13.854247298215089,276.0652131278488,1.0963273839948122,,,0.0009066398580492087,3.609001551924206e-05,4.7812108222327335e-05,3430.785885404816,20116.71127096627,2547446.9021860496,291.89198625754517,12354005.367798332,0.0009524934400272759,0.0485,0.0009524934400272759,-0.0,1.0,0.005557521601035995,0.0013216415145030625,0.006157521601035994,0.0002084070600388498,vapour,False,
0.04966807360352575,1.0002946294136443,2913.335241783309,768.6146137344346,1.4351179048765994,1103.0525941200985,2649148.84324023,511.68290230130333,416.0298585789085,289.5811806660813,3362907.571835932,418516.8109470719,81.05256813269453,42.3279109403188,306337.25766489306,1.0866497403320718,0.034853860831768786,20152.83008732314,0.562457878971969,20950.387832971523,13.847697575252383,276.0764033595625,1.0947674997006451,,,0.0009065750856582653,3.6107085476329606e-05,4.773181327107508e-05,3430.785885404816,20152.83008732314,2548298.7207438564,291.8958054223684,12345374.734353999,0.0012699912533697011,0.0485,0.0012699912533697011,-0.0,1.0,0.005557521601035995,0.0013216415145030625,0.006157521601035994,0.0002084070600388498,vapour,False,
0.04966807360352575,1.0002946294136443,2913.335241783309,768.6146137344346,1.435220739064378,1103.1316339796167,2649736.6897382615,511.3220929271115,415.6024188087035,289.34047955906624,3363851.4315613653,418158.2532721455,81.24995778208525,42.225078991502784,306541.9852924489,1.0892041618196249,0.03485371609160482,20189.418650783853,0.561970786310739,20986.028770707908,13.841128870019315,276.0875558069418,1.0932071115601867,,,0.0009065101291605945,3.612422113076549e-05,4.765074950224933e-05,3430.785885404816,20189.418650783853,2549155.151170764,291.8996127698938,12336788.397459306,0.0015874890667121264,0.0485,0.0015874890667121264,1.4210854715202007e-14,1.0,0.005557521601035995,0.0013216415145030625,0.006157521601035994,0.0002084070600388498,vapour,False,
0.04966807360352575,1.0002946294136443,2913.335241783309,768.6146137344346,1.4353239385658132,1103.2109546245497,2650326.6110457447,510.96006599680913,415.17346565565583,289.10046264492604,3364793.8639793657,417799.61577011284,81.44834458814867,42.12222977339702,306746.04622875754,1.0917883857665203,0.0348535720138959,20226.509118521284,0.5614787218452885,21022.158176244775,13.83453740714438,276.098705961711,1.091645434824844,,,0.0009064449512653045,3.614143250946663e-05,4.756885528194764e-05,3430.785885404816,20226.509118521284,2550016.744995887,291.90342041113644,12328193.105109412,0.0019049868800545518,0.0485,0.0019049868800545518,-0.0,1.0,0.005557521601035995,0.0013216415145030625,0.006157521601035994,0.0002084070600388498,vapour,False,
0.04966807360352575,1.0002946294136443,2913.335241783309,768.6146137344346,1.4354274490948011,1103.2905143298053,2650918.2967151706,510.59701256407834,414.74322471316236,288.8612514551272,3365734.6963719907,417440.8982022235,81.64758615412605,42.019440463659585,306949.34426666313,1.0944012465344035,0.034853428664188515,20264.08542061363,0.5609819352083724,21058.76026650194,13.827926658663818,276.109830183975,1.0900832900423945,,,0.0009063795863480715,3.615871072665312e-05,4.748617617299603e-05,3430.785885404816,20264.08542061363,2550883.059016225,291.90722026953785,12319624.05991329,0.002222484693396977,0.0485,0.002222484693396977,-0.0,1.0,0.005557521601035995,0.0013216415145030625,0.006157521601035994,0.0002084070600388498,vapour,False,
0.04966807360352575,1.0002946294136443,2913.335241783309,768.6146137344346,1.4355313022114595,1103.3703373529509,2651511.927023717,510.2328225313581,414.3115647487167,288.6227818565399,3366673.969454209,417082.1003053325,81.84773676653523,41.91668604338914,307151.92828688095,1.097043819780056,0.034853286005584974,20302.16478423178,0.5604802415992316,21095.851722093135,13.821294613505112,276.1209284893531,1.0885202337485893,,,0.0009063140145665487,3.617606121436976e-05,4.7402684336879656e-05,3430.785885404816,20302.16478423178,2551754.381806505,291.9110123431998,12311081.603762008,0.0025399825067394023,0.0485,0.0025399825067394023,-0.0,1.0,0.005557521601035995,0.0013216415145030625,0.006157521601035994,0.0002084070600388498,vapour,False,
0.04966807360352575,1.0002946294136443,2913.335241783309,768.6146137344346,1.4356355003121413,1103.4504255358581,2652107.515535948,509.86748812502356,413.87847574907175,288.3850727743319,3367611.728093307,416723.2218144591,82.04882811751959,41.81395352156471,307353.7627859501,1.0997165544875824,0.0348531440606909,20340.75668214924,0.5599735676244066,21133.44170027632,13.814641123447847,276.13201270907877,1.086956300351345,,,0.0009062482344998684,3.619348454527282e-05,4.7318369349509456e-05,3430.785885404816,20340.75668214924,2552630.7751240875,291.9148006691102,12302547.746687606,0.0028574803200818277,0.0485,0.0028574803200818277,-0.0,1.0,0.005557521601035995,0.0013216415145030625,0.006157521601035994,0.0002084070600388498,vapour,False,
0.04966807360352575,1.0002946294136443,2913.335241783309,768.6146137344346,1.4357400172729928,1103.5307587993518,2652704.9128005826,509.5011015489745,413.44406623930064,288.1481870115771,3368547.8408006513,416364.26248484605,82.2507907704673,41.71128147544403,307554.7937112109,1.1024190295353937,0.03485300286501761,20379.856497662422,0.5594620161161015,21171.52558528543,13.807967861222536,276.14307103820727,1.0853919014341051,,,0.0009061822627291386,3.621097651915673e-05,4.7233251849125925e-05,3430.785885404816,20379.856497662422,2553512.038409448,291.9185812071157,12294039.623183023,0.0031749781334242527,0.0485,0.0031749781334242527,-0.0,1.0,0.005557521601035995,0.0013216415145030625,0.006157521601035994,0.0002084070600388498,vapour,False,
0.04966807360352575,1.0002946294136443,2913.335241783309,768.6146137344346,1.4358449143185084,1103.6113842014727,2653304.4686275166,509.1334488239718,413.0080816929039,287.91199218401204,3369482.4798687915,416005.2220244006,82.4537297418633,41.608619720969905,307755.1303382908,1.1051531051286683,0.03485286233940465,20419.49289538309,0.5589452569657146,21210.131180310953,13.80127092263642,276.15410349224095,1.0838261486699567,,,0.0009061160607033412,3.622854755933494e-05,4.714728030198536e-05,3430.785885404816,20419.49289538309,2554398.710967024,291.9223539553292,12285558.794429542,0.003492475946766678,0.0485,0.003492475946766678,-0.0,1.0,0.005557521601035995,0.0013216415145030625,0.006157521601035994,0.0002084070600388498,vapour,False,
0.04966807360352575,1.0002946294136443,2913.335241783309,768.6146137344346,1.435950134935741,1103.6922583055439,2653905.859870861,508.7647286718916,412.5707569367355,287.67665833358933,3370415.562010101,415646.1001847575,82.65760349431444,41.50599267786418,307954.59163948847,1.107917826359,0.034852722608343115,20459.65667072778,0.5584234724611653,21249.2494805836,13.794553920580807,276.1651337035375,1.0822599981144871,,,0.000906049664183802,3.624618837830082e-05,4.706048563803372e-05,3430.785885404816,20459.65667072778,2555290.377620393,291.9261269914821,12277067.77616755,0.0038099737601091036,0.0485,0.0038099737601091036,-0.0,1.0,0.005557521601035995,0.0013216415145030625,0.006157521601035994,0.0002084070600388498,vapour,False,
0.04966807360352575,1.0002946294136443,2913.335241783309,768.6146137344346,1.436055712294119,1103.7734066060727,2654509.2759768916,508.3948254898196,412.1319540493618,287.4420842470313,3371347.083720126,415286.8966919158,82.86238988539861,41.40341462694601,308153.29045144835,1.110714124895954,0.03485258359022091,20500.360704750896,0.5578965268695264,21288.892836162682,13.787814742357927,276.1761262549859,1.0806929066464934,,,0.0009059830523321273,3.626390471174059e-05,4.697285141580194e-05,3430.785885404816,20500.360704750896,2556187.3071762016,291.9298881951961,12268621.544167863,0.004127471573451529,0.0485,0.004127471573451529,-0.0,1.0,0.005557521601035995,0.0013216415145030625,0.006157521601035994,0.0002084070600388498,vapour,False,
0.04966807360352575,1.0002946294136443,2913.335241783309,768.6146137344346,1.4361616485311457,1103.8548307459753,2655114.7290217853,508.0237324542404,411.69166408503395,287.20830184733086,3372277.044566621,414927.6112702406,83.06814707403453,41.30085967064038,308351.16833281034,1.1135425420893874,0.03485244532345255,20541.617197425105,0.5573643234105609,21329.07306883147,13.7810532565629,276.18710477648835,1.0791249407958032,,,0.0009059162238971304,3.6281697101916855e-05,4.688436280249406e-05,3430.785885404816,20541.617197425105,2557089.5745353005,291.9336456445158,12260183.393530633,0.004444969386793954,0.0485,0.004444969386793954,-0.0,1.0,0.005557521601035995,0.0013216415145030625,0.006157521601035994,0.0002084070600388498,vapour,False,
0.04966807360352575,1.0002946294136443,2913.335241783309,768.6146137344346,1.4362679467486403,1103.9365331093557,2655722.237151398,507.651438864611,411.24987352708865,286.97530465599186,3373205.444399306,414568.2436416416,83.27485518155885,41.19834105895342,308548.23268787755,1.1164034161191696,0.03485230780034012,20583.432705882566,0.5568268239377936,21369.796421551324,13.774269265510128,276.198057474955,1.0775560685299421,,,0.0009058491770205238,3.629956626824244e-05,4.679501761614844e-05,3430.785885404816,20583.432705882566,2557997.2254107893,291.93739529776036,12251771.624256378,0.004762467200136379,0.0485,0.004762467200136379,-0.0,1.0,0.005557521601035995,0.0013216415145030625,0.006157521601035994,0.0002084070600388498,vapour,False,
0.04966807360352575,1.0002946294136443,2913.335241783309,768.6146137344346,1.436374579450502,1104.0184925623084,2656331.644052423,507.2780407962473,410.80669561586444,286.743179717015,3374132.2412207657,414208.7935491802,83.48249550356425,41.09587123277046,308744.3862864477,1.1192964380121329,0.03485217108611168,20625.80650990476,0.5562840963534751,21411.06210643074,13.767464520607696,276.2089961646096,1.0759867678340032,,,0.0009057819291406137,3.631750779176368e-05,4.670482926205017e-05,3430.785885404816,20625.80650990476,2558910.0738681615,291.94114119409363,12243367.517060043,0.0050799650134788045,0.0485,0.0050799650134788045,-0.0,1.0,0.005557521601035995,0.0013216415145030625,0.006157521601035994,0.0002084070600388498,vapour,False,
0.04966807360352575,1.0002946294136443,2913.335241783309,768.6146137344346,1.436481579539059,1104.1007343940444,2656943.1361025884,506.90342506979187,410.36199505939607,286.5118651903527,3375057.5207078857,413849.26071069785,83.69112507874407,40.99342531453397,308939.67473293317,1.1222227982452408,0.03485203514630852,20668.758521042346,0.5557359371869419,21452.889382610956,13.760636940101676,276.21992085360586,1.0744165941254504,,,0.0009057144596039263,3.633552735795859e-05,4.6613767598623284e-05,3430.785885404816,20668.758521042346,2559828.427062991,291.94488333256606,12234971.858804874,0.00539746282682123,0.0485,0.00539746282682123,-0.0,1.0,0.005557521601035995,0.0013216415145030625,0.006157521601035994,0.0002084070600388498,vapour,False,
0.04966807360352575,1.0002946294136443,2913.335241783309,768.6146137344346,1.4365889806693883,1104.183284472347,2657556.905482283,506.5274745816505,409.91563191801805,286.281274249867,3375981.324508885,413489.6448180303,83.90074922852091,40.89100415611745,309134.18764953763,1.1251835848506284,0.034851899916068456,20712.305429370528,0.5551821771218121,21495.294314671602,13.753784381977553,276.2308079617528,1.0728450391822812,,,0.000905646747295099,3.635363083452009e-05,4.652181009298628e-05,3430.785885404816,20712.305429370528,2560752.5775867826,291.94861362894164,12226621.577066023,0.005714960640163655,0.0485,0.005714960640163655,-0.0,1.0,0.005557521601035995,0.0013216415145030625,0.006157521601035994,0.0002084070600388498,vapour,False,
0.04966807360352575,1.0002946294136443,2913.335241783309,768.6146137344346,1.4366967248413007,1104.2660982174236,2658172.6205875725,506.1503930601948,409.4678471706402,286.0515870659513,3376903.5236356948,413129.9456078854,84.11135038938956,40.78861972280974,309327.72267942526,1.1281778269579632,0.03485176553347041,20756.439256087513,0.5546229919233754,21538.26909300893,13.746910552108073,276.24169288676666,1.0712730891521822,,,0.000905578828883965,3.6371808640547645e-05,4.642898627005214e-05,3430.785885404816,20756.439256087513,2561682.106076472,291.9523442062907,12218260.622429386,0.00603245845350608,0.0485,0.00603245845350608,-0.0,1.0,0.005557521601035995,0.0013216415145030625,0.006157521601035994,0.0002084070600388498,vapour,False,
0.04966807360352575,1.0002946294136443,2913.335241783309,768.6146137344346,1.436804815832042,1104.3491785325202,2658790.3028646596,505.7721679394822,409.01862504336515,285.8227703431638,3377824.0743299397,412770.162814069,84.32285498781341,40.686310797952025,309520.3330699673,1.1312057116182923,0.034851631958763514,20801.16285495808,0.554058385245024,21581.81628217004,13.7400152143233,276.2525402613224,1.0697006499926438,,,0.0009055107020850223,3.639006159751368e-05,4.6335303151762844e-05,3430.785885404816,20801.16285495808,2562617.0366746406,291.9560629378266,12209943.380112972,0.0063499562668485054,0.0485,0.0063499562668485054,-0.0,1.0,0.005557521601035995,0.0013216415145030625,0.006157521601035994,0.0002084070600388498,vapour,False,
0.04966807360352575,1.0002946294136443,2913.335241783309,768.6146137344346,1.4369133162333423,1104.4325735265559,2659410.309839835,505.39258092164073,408.5677053316118,285.59472262792815,3378743.19229495,412410.2961220071,84.53542644262808,40.58400164022592,309712.0768845785,1.1342694627592447,0.03485149914906779,20846.51366724225,0.5534879502779588,21625.97223690966,13.73309438113912,276.2633736818103,1.068126895034126,,,0.000905442327553693,3.640840047576564e-05,4.6240695634172306e-05,3430.785885404816,20846.51366724225,2563557.9646338862,291.959777905895,12201635.283728654,0.006667454080190931,0.0485,0.006667454080190931,-0.0,1.0,0.005557521601035995,0.0013216415145030625,0.006157521601035994,0.0002084070600388498,vapour,False,
0.04966807360352575,1.0002946294136443,2913.335241783309,768.6146137344346,1.4370221990026213,1104.5162624142074,2660032.4868227267,505.01172737118577,408.1152003464026,285.36751747591853,3379660.7904707375,412050.34523805795,84.74901949954892,40.4817177315317,309902.87897310144,1.1373687005283508,0.034851367153820506,20892.48965431856,0.5529117744057324,21670.73483276611,13.726149783172119,276.2741931562766,1.0665522697216985,,,0.0009053737224422935,3.642682091470299e-05,4.614518186471471e-05,3430.785885404816,20892.48965431856,2564504.6944631636,291.9634891095556,12193335.525769237,0.006984951893533356,0.0485,0.006984951893533356,-0.0,1.0,0.005557521601035995,0.0013216415145030625,0.006157521601035994,0.0002084070600388498,vapour,False,
0.04966807360352575,1.0002946294136443,2913.335241783309,768.6146137344346,1.4371314370914166,1104.600224405632,2660656.679103432,504.6297026050147,407.6612224171207,285.1412143248672,3380576.738800925,411690.30988951516,84.96356120272225,40.37949724375363,310092.6881497444,1.140502937832963,0.03485123600567687,20939.08623395132,0.5523299710470085,21716.099439856753,13.719183150792569,276.2849869103504,1.0649771890461897,,,0.0009053049038968685,3.644531853714006e-05,4.604878526963479e-05,3430.785885404816,20939.08623395132,2565457.0148281106,291.9671925047104,12185061.127949847,0.007302449706875782,0.0485,0.007302449706875782,-0.0,1.0,0.005557521601035995,0.0013216415145030625,0.006157521601035994,0.0002084070600388498,vapour,False,
0.04966807360352575,1.0002946294136443,2913.335241783309,768.6146137344346,1.4372410638943642,1104.6844851684345,2661283.077349232,504.24639055040825,407.20563267695,284.915753008092,3381491.1233815937,411330.18977787136,85.17911050815648,40.27731523536272,310281.54779291525,1.1436734580701966,0.03485110567192213,20986.325725961764,0.5517423211770273,21762.087627819845,13.712192359521492,276.29575495906477,1.0634012086428215,,,0.0009052358509837558,3.646389919937269e-05,4.595147382467283e-05,3430.785885404816,20986.325725961764,2566415.247719323,291.97088808951645,12176812.847211935,0.007619947520218207,0.0485,0.007619947520218207,-0.0,1.0,0.005557521601035995,0.0013216415145030625,0.006157521601035994,0.0002084070600388498,vapour,False,
0.04966807360352575,1.0002946294136443,2913.335241783309,768.6146137344346,1.4373510821958992,1104.7690468427727,2661911.697311055,503.86178222331273,406.74841946961226,284.6911531356416,3382403.987126068,410969.98460248794,85.39570085076768,40.17515930222586,310469.4189449767,1.1468807854341043,0.03485097617672655,21034.22060995011,0.5511487379445609,21808.711412785422,13.705177237360337,276.3065090951436,1.0618243596940764,,,0.0009051665620591169,3.64825635845846e-05,4.585323640046642e-05,3430.785885404816,21034.22060995011,2567379.4671161743,291.9745799058962,12168572.840406006,0.007937445333560632,0.0485,0.007937445333560632,-1.4210854715201978e-14,1.0,0.005557521601035995,0.0013216415145030625,0.006157521601035994,0.0002084070600388498,vapour,False,
0.04966807360352575,1.0002946294136443,2913.335241783309,768.6146137344346,1.4374614955246678,1104.8539121408153,2662542.558989285,503.47586604899016,406.2895680442865,284.46740799504755,3383315.286249203,410609.69406001974,85.61331215983184,40.073042367521865,310656.30883315165,1.1501253007403933,0.034850847512376264,21082.779402500088,0.5505491752796554,21855.978895080498,13.698137564929302,276.3172375511456,1.060246612424091,,,0.0009050970350119451,3.650131250544063e-05,4.5754070536053055e-05,3430.785885404816,21082.779402500088,2568349.726654164,291.9782639088548,12160358.89214535,0.008254943146903058,0.0485,0.008254943146903058,1.421085471520203e-14,1.0,0.005557521601035995,0.0013216415145030625,0.006157521601035994,0.0002084070600388498,vapour,False,
0.04966807360352575,1.0002946294136443,2913.335241783309,768.6146137344346,1.4375723067337356,1104.9390832554702,2663175.6785225053,503.0886328245424,405.82906645475236,284.2445372700182,3384225.06342648,410249.31784493785,85.83197810544812,39.970952098878044,310842.17806565907,1.1534075371986159,0.03485071970324108,21132.015063678118,0.5499435442600905,21903.90254730605,13.691073165989986,276.32795211507585,1.0586679976087054,,,0.0009050272681582687,3.652014666330545e-05,4.5653964988215743e-05,3430.785885404816,21132.015063678118,2569326.1022420144,291.98194414092137,12152153.177313216,0.008572440960245483,0.0485,0.008572440960245483,-0.0,1.0,0.005557521601035995,0.0013216415145030625,0.006157521601035994,0.0002084070600388498,vapour,False,
0.04966807360352575,1.0002946294136443,2913.335241783309,768.6146137344346,1.4376834884326735,1105.0245391340536,2663810.899256898,502.70017901413394,405.3670284353362,284.02259899180353,3385133.189174979,409888.85567291145,86.05162431138231,39.868926506144,311026.97679055727,1.156726975613074,0.03485059278076478,21181.92314545691,0.5493319622593421,21952.477847337,13.68398579218071,276.3386410240924,1.0570889315543686,,,0.0009049572788525081,3.653906161505294e-05,4.555294427145078e-05,3430.785885404816,21181.92314545691,2570308.378602227,291.98561655650565,12143972.675350472,0.008889938773587907,0.0485,0.008889938773587907,-1.4210854715202004e-14,1.0,0.005557521601035995,0.0013216415145030625,0.006157521601035994,0.0002084070600388498,vapour,False,
0.04966807360352575,1.0002946294136443,2913.335241783309,768.6146137344346,1.4377951054270246,1105.1103295870532,2664448.5912829395,502.31027898292996,404.9031845789738,283.8014830629081,3386039.8781176396,409528.30720952974,86.27239296442272,39.766903032579776,311210.7795845397,1.1600859620203166,0.034850466690945076,21232.543730818496,0.5487140094757044,22001.74364131016,13.676871318187724,276.3493160615007,1.055508553347326,,,0.0009048870264145211,3.655806860850493e-05,4.5450943175358805e-05,3430.785885404816,21232.543730818496,2571297.1733163935,291.9892851987411,12135801.157244219,0.009207436586930334,0.0485,0.009207436586930334,1.4210854715202004e-14,1.0,0.005557521601035995,0.0013216415145030625,0.006157521601035994,0.0002084070600388498,vapour,False,
0.04966807360352575,1.0002946294136443,2913.335241783309,768.6146137344346,1.437907099308873,1105.1964097212906,2665088.4207346635,501.91913755732094,404.4377775130583,283.58131199063166,3386944.9576013885,409167.67216556007,86.49415510786774,39.66494477142702,311393.47982038313,1.163483066171646,0.0348503415041322,21283.859241692775,0.5480899683154716,22051.682623799046,13.669733472761104,276.3599654690392,1.0539277254336865,,,0.0009048165477231155,3.657715792310958e-05,4.5348013440061056e-05,3430.785885404816,21283.859241692775,2572292.000627824,291.99294602144414,12127655.186995044,0.009524934400272758,0.0485,0.009524934400272758,-1.4210854715202004e-14,1.0,0.005557521601035995,0.0013216415145030625,0.006157521601035994,0.0002084070600388498,vapour,False,
0.04966807360352575,1.0002946294136443,2913.335241783309,768.6146137344346,1.4380195040770727,1105.2828056687824,2665730.5816861475,501.5266367691629,403.9706658491429,283.3620407952976,3387848.5131138284,408806.950225508,86.7169991637321,39.56301438576167,311575.09431066475,1.1669197452481739,0.03485021720592588,21335.897081230694,0.5474595802418424,22102.3212933241,13.662570094615841,276.37060102533377,1.0523460321039881,,,0.0009047458214958134,3.659633557503507e-05,4.524411652191687e-05,3430.785885404816,21335.897081230694,2573293.211257585,291.99660306835074,12119517.371941661,0.009842432213615184,0.0485,0.009842432213615184,1.4210854715202004e-14,1.0,0.005557521601035995,0.0013216415145030625,0.006157521601035994,0.0002084070600388498,vapour,False,
0.04966807360352575,1.0002946294136443,2913.335241783309,768.6146137344346,1.4381323549061158,1105.3695444651569,2666375.2749071163,501.1326546410455,403.50170331436925,283.1435988518749,3388750.5873789038,408446.14104671136,86.94096034386753,39.46109948447113,311755.6861050476,1.1703973501726403,0.03485009375041426,21388.681328977105,0.5468226217165051,22153.682851809994,13.655378948348739,276.38121097668346,1.0507629989270155,,,0.000904674825724332,3.6615607804898155e-05,4.513922162239035e-05,3430.785885404816,21388.681328977105,2574301.1417080285,292.00025229268584,12111406.22765513,0.010159930026957609,0.0485,0.010159930026957609,-0.0,1.0,0.005557521601035995,0.0013216415145030625,0.006157521601035994,0.0002084070600388498,vapour,False,
0.04966807360352575,1.0002946294136443,2913.335241783309,768.6146137344346,1.4382455925353417,1105.4565805618047,2667022.1616790458,500.737398886904,403.0311360666157,282.92612034814755,3389651.00801474,408085.2443323427,87.16593518051393,39.35925058682527,311935.12657241913,1.1739144726088588,0.034849971222718365,21442.19618784515,0.5461793608569375,22205.75173921689,13.648163816195247,276.3917953377997,1.0491795185592814,,,0.000904603597810951,3.663496472739342e-05,4.503337746652058e-05,3430.785885404816,21442.19618784515,2575315.31017962,292.00389369263763,12103320.143487649,0.010477427840300034,0.0485,0.010477427840300034,-1.4210854715202004e-14,1.0,0.005557521601035995,0.0013216415145030625,0.006157521601035994,0.0002084070600388498,vapour,False,
0.04966807360352575,1.0002946294136443,2913.335241783309,768.6146137344346,1.4383592197907562,1105.5439161308348,2667671.257982846,500.3408604120832,402.55895225143286,282.70962439061543,3390549.817265838,407724.25978341204,87.39195735344582,39.25745559776665,312113.3757521019,1.1774716412157251,0.03484984964713924,21496.455934324073,0.5455297058180952,22258.541667257796,13.640924523583664,276.4023658803199,1.0475956205165022,,,0.0009045321360907889,3.665440704811135e-05,4.492657313084419e-05,3430.785885404816,21496.455934324073,2576335.7951184204,292.0075313128425,12095241.362008534,0.01079492565364246,0.0485,0.01079492565364246,1.4210854715202004e-14,1.0,0.005557521601035995,0.0013216415145030625,0.006157521601035994,0.0002084070600388498,vapour,False,
0.04966807360352575,1.0002946294136443,2913.335241783309,768.6146137344346,1.438473303728444,1105.631602712534,2668322.9466973557,499.94280604707774,402.08487310304935,282.4939773195262,3391447.1443655426,407363.187049119,87.6191182483965,39.15567691150101,312290.5516241468,1.181071198272968,0.03484972894034056,21551.500237110424,0.5448732526443462,22312.09097661922,13.633656804418475,276.4129108573385,1.0460103849257272,,,0.0009044603985148583,3.6673946482058804e-05,4.481874876935099e-05,3430.785885404816,21551.500237110424,2577363.218834846,292.01116110564334,12087189.15839776,0.011112423466984885,0.0485,0.011112423466984885,-1.4210854715201953e-14,1.0,0.005557521601035995,0.0013216415145030625,0.006157521601035994,0.0002084070600388498,vapour,False,
0.04966807360352575,1.0002946294136443,2913.335241783309,768.6146137344346,1.4385878160836816,1105.7196185822227,2668977.0661767004,499.54333529717815,401.6090159626242,282.27926257594544,3392342.944730363,407002.02580053674,87.84739698199125,39.05392764350352,312466.5573185687,1.1847127515014084,0.03484960916550128,21607.330236295456,0.5442100752890409,22366.40058685186,13.626362465741895,276.42344203586487,1.0444242866757079,,,0.0009043884029861217,3.669357844083867e-05,4.4709920852792566e-05,3430.785885404816,21607.330236295456,2578397.388441665,292.0147871162735,12079145.000534188,0.01142992128032731,0.0485,0.01142992128032731,1.4210854715202004e-14,1.0,0.005557521601035995,0.0013216415145030625,0.006157521601035994,0.0002084070600388498,vapour,False,
0.04966807360352575,1.0002946294136443,2913.335241783309,768.6146137344346,1.4387027289213707,1105.8079422685762,2669633.456672883,499.14254644409584,401.1314967965351,282.06553550199607,3393237.0899461336,406640.7757303553,88.07671653282911,38.95224550209076,312641.3457259196,1.1883957097684401,0.03484949035172487,21663.942024252432,0.543540297465789,22421.46645143096,13.619043292938187,276.4339476735037,1.042837744448037,,,0.0009043161671894759,3.671329837531704e-05,4.460011579377223e-05,3430.785885404816,21663.942024252432,2579438.0825467766,292.0184052964903,12071125.793291392,0.011747419093669735,0.0485,0.011747419093669735,-0.0,1.0,0.005557521601035995,0.0013216415145030625,0.006157521601035994,0.0002084070600388498,vapour,False,
0.04966807360352575,1.0002946294136443,2913.335241783309,768.6146137344346,1.4388181094166301,1105.8966254033726,2670292.501709679,498.7402060712707,400.65203633837655,281.85269106579324,3394129.7933931514,406279.43647936697,88.30722522575533,38.850568304395175,312814.98400152964,1.1921226478962281,0.03484937245045718,21721.38200554339,0.542863456668613,22477.333486836425,13.611695013686239,276.44443953265585,1.0412498944699502,,,0.0009042436490257422,3.673311806481572e-05,4.448926295397262e-05,3430.785885404816,21721.38200554339,2580485.960674227,292.02201969212155,12063115.376918035,0.01206491690701216,0.0485,0.01206491690701216,-1.4210854715202004e-14,1.0,0.005557521601035995,0.0013216415145030625,0.006157521601035994,0.0002084070600388498,vapour,False,
0.04966807360352575,1.0002946294136443,2913.335241783309,768.6146137344346,1.438933897686458,1105.9856219596613,2670953.8590517943,498.3365238802544,400.17088330649847,281.64084664667996,3395020.882593005,405918.00773467467,88.53878893169662,38.74895881003636,312987.37110061507,1.195891961115187,0.03484925552739322,21779.631464825976,0.5421798568424935,22533.983235974505,13.604321448119101,276.4549058754176,1.0396616020731282,,,0.0009041708862617321,3.675302747783343e-05,4.437741829875618e-05,3430.785885404816,21779.631464825976,2581540.51596316,292.0256262543411,12055130.23534312,0.012382414720354586,0.0485,0.012382414720354586,1.4210854715202054e-14,1.0,0.005557521601035995,0.0013216415145030625,0.006157521601035994,0.0002084070600388498,vapour,False,
0.04966807360352575,1.0002946294136443,2913.335241783309,768.6146137344346,1.4390501295440856,1106.0749594640154,2671617.733073359,497.9313758753615,399.68788875257064,281.4299462626209,3395910.401426149,405556.4891557258,88.77147184306774,38.64739216524244,313158.5439896721,1.1997051544883313,0.03484913955450188,21838.720177396914,0.5414892339921201,22591.444403832822,13.596920321721734,276.46534671625176,1.0380724220137105,,,0.0009040978565183164,3.67730330228696e-05,4.426454467118277e-05,3430.785885404816,21838.720177396914,2582602.1147927097,292.02922498136104,12047170.734195532,0.012699912533697011,0.0485,0.012699912533697011,-1.4210854715201953e-14,1.0,0.005557521601035995,0.0013216415145030625,0.006157521601035994,0.0002084070600388498,vapour,False,
0.04966807360352575,1.0002946294136443,2913.335241783309,768.6146137344346,1.4391668085580065,1106.164640659231,2672284.143964184,497.5247505244247,399.2030377168455,281.2200100021769,3396798.3493101164,405194.88039923576,89.00530937936973,38.54585652617289,313328.46031711256,1.2035628098729416,0.03484902455754218,21898.66543225893,0.5407914809396877,22649.73357377185,13.589491413732727,276.47577381067674,1.0364823821994054,,,0.0009040245576861316,3.6793135576415313e-05,4.415062970797985e-05,3430.785885404816,21898.66543225893,2583670.850608461,292.0328199198982,12039218.794413278,0.013017410347039437,0.0485,0.013017410347039437,1.4210854715202004e-14,1.0,0.005557521601035995,0.0013216415145030625,0.006157521601035994,0.0002084070600388498,vapour,False,
0.04966807360352575,1.0002946294136443,2913.335241783309,768.6146137344346,1.4392839387273146,1106.2546686190706,2672953.1143702692,497.1166348083916,398.71631344704844,281.01104434829995,3397684.767194328,404833.1811188554,89.24030928073226,38.44435225579784,313497.10224362486,1.2074654311121946,0.03484891054561579,21959.482584431036,0.5400865112045324,22708.865413049632,13.582034476059908,276.4861871663297,1.0348914829433316,,,0.0009039509873872827,3.681333609344864e-05,4.403566544655951e-05,3430.785885404816,21959.482584431036,2584746.806869736,292.03641106904763,12031274.783781273,0.013334908160381862,0.0485,0.013334908160381862,-0.0,1.0,0.005557521601035995,0.0013216415145030625,0.006157521601035994,0.0002084070600388498,vapour,False,
0.04966807360352575,1.0002946294136443,2913.335241783309,768.6146137344346,1.4394015244873561,1106.3450467526054,2673624.6694257325,496.7070142032444,398.22769737483765,280.80304202292933,3398569.6545490697,404471.3909648346,89.47645124612389,38.342891762299715,313664.4769843114,1.2114134415523634,0.034848797510891615,22021.18498040566,0.5393742594698141,22768.852600956623,13.574549232933487,276.4965750542298,1.0332996980034297,,,0.0009038771429720283,3.683363560883038e-05,4.3919648369017307e-05,3430.785885404816,22021.18498040566,2585830.056764754,292.03999437882254,12023356.71253422,0.013652405973724286,0.0485,0.013652405973724286,-1.4210854715202004e-14,1.0,0.005557521601035995,0.0013216415145030625,0.006157521601035994,0.0002084070600388498,vapour,False,
0.04966807360352575,1.0002946294136443,2913.335241783309,768.6146137344346,1.4395195699991403,1106.4357782580485,2674298.8326949473,496.29587515571075,397.7371720678616,280.5960093966522,3399452.9695322313,404109.50958423445,89.71374292336135,38.241475314830986,313830.5668277003,1.2154073457896981,0.03484868546239634,22083.78872014855,0.5386546362882356,22829.710510908473,13.567035426142176,276.5069374887046,1.0317070283199772,,,0.0009038030219651619,3.6854035114889976e-05,4.3802570318278055e-05,3430.785885404816,22083.78872014855,2586920.6868635393,292.0435698474482,12015464.166604418,0.013969903787066713,0.0485,0.013969903787066713,1.4210854715202054e-14,1.0,0.005557521601035995,0.0013216415145030625,0.006157521601035994,0.0002084070600388498,vapour,False,
0.04966807360352575,1.0002946294136443,2913.335241783309,768.6146137344346,1.439638079151936,1106.5268661247487,2674975.6261875504,495.8832050733604,397.2447212188597,280.3899666420242,3400334.7527601365,403747.5366211378,89.95222027668517,38.14009120455302,313995.32859224395,1.2194477314700534,0.034848574426292335,22147.312763725604,0.5379275274852025,22891.457312750375,13.5594928148599,276.51728621617445,1.0301135009741744,,,0.0009037286220642572,3.687453556168768e-05,4.3684418442114966e-05,3430.785885404816,22147.312763725604,2588018.797541571,292.047141522818,12007579.480348572,0.014287401600409137,0.0485,0.014287401600409137,-1.4210854715202004e-14,1.0,0.005557521601035995,0.0013216415145030625,0.006157521601035994,0.0002084070600388498,vapour,False,
0.04966807360352575,1.0002946294136443,2913.335241783309,768.6146137344346,1.439757023638294,1106.6182885951864,2675654.888044675,495.4691034590219,396.75046230654505,280.1849662014109,3401214.876939077,403385.47174152994,90.19180351933389,38.038776823765126,314158.71839733276,1.2235339070201023,0.03484846442912204,22211.754336978818,0.5371930611543524,22954.089996163322,13.55192320724911,276.5276095142931,1.0285195370317812,,,0.0009036539611770427,3.689513232576046e-05,4.356522084592095e-05,3430.785885404816,22211.754336978818,2589124.163655301,292.0507053540806,11999719.486081343,0.014604899413751564,0.0485,0.014604899413751564,1.4210854715202054e-14,1.0,0.005557521601035995,0.0013216415145030625,0.006157521601035994,0.0002084070600388498,vapour,False,
0.04966807360352575,1.0002946294136443,2913.335241783309,768.6146137344346,1.4398764734239167,1106.7100994460236,2676337.017615114,495.0533277077211,396.25410444362484,279.98090829872507,3402093.554180255,403023.314557357,90.43264750605312,37.937470371805446,314320.7952893622,1.227668677822144,0.0348483554281529,22277.167740886118,0.5364507246636868,23017.66104614395,13.544322157579575,276.5379191249623,1.0269242698587862,,,0.0009035789955296888,3.6915837808848456e-05,4.344490076534191e-05,3430.785885404816,22277.167740886118,2590237.494288885,292.05426538971426,11991868.091637934,0.014922397227093988,0.0485,0.014922397227093988,-1.4210854715202004e-14,1.0,0.005557521601035995,0.0013216415145030625,0.006157521601035994,0.0002084070600388498,vapour,False,
0.04966807360352575,1.0002946294136443,2913.335241783309,768.6146137344346,1.43999636727135,1106.8022516092576,2677021.66498579,494.63609196365496,395.7559019369538,279.7779048403511,3402970.6122751166,402661.06472791464,90.67461266649114,37.83623425030262,314481.46467064915,1.2318502221231566,0.03484824748401864,22343.533492981936,0.5357008429050418,23082.15120111094,13.536693569575966,276.54820333023923,1.0253285676746704,,,0.0009035037636994591,3.693664168654609e-05,4.332351830152946e-05,3430.785885404816,22343.533492981936,2591358.262576905,292.05781757829396,11984041.703316022,0.015239895040436414,0.0485,0.015239895040436414,1.4210854715202054e-14,1.0,0.005557521601035995,0.0013216415145030625,0.006157521601035994,0.0002084070600388498,vapour,False,
0.04966807360352575,1.0002946294136443,2913.335241783309,768.6146137344346,1.4401167762033489,1106.8947996740162,2677709.2355146664,494.2171500701129,395.2555594995587,279.57584330774444,3403846.181580213,402298.72185764636,90.91782681105212,37.73501859580044,314640.8095036335,1.236081310703982,0.034848140538016374,22410.905411700795,0.5349429142422933,23147.61242216937,13.52903293124422,276.5584621442743,1.0237315379070289,,,0.0009034282212677329,3.6957556577846005e-05,4.320099981638975e-05,3430.785885404816,22410.905411700795,2592487.177627141,292.0613619180627,11976241.467213072,0.015557392853778839,0.0485,0.015557392853778839,-0.0,1.0,0.005557521601035995,0.0013216415145030625,0.006157521601035994,0.0002084070600388498,vapour,False,
0.04966807360352575,1.0002946294136443,2913.335241783309,768.6146137344346,1.440237637990602,1106.9876958099408,2678399.3736382197,493.796719561039,394.7533355500833,279.37486218771255,3404720.0899078785,401936.2855991098,91.1622061555353,37.63386199267075,314798.68522128346,1.2403602341841171,0.034848034684179324,22479.268944005074,0.5341772212211396,23214.030274314122,13.521344208826434,276.56870730222124,1.0221341002314919,,,0.0009033524074252135,3.697857197316307e-05,4.3077397081991434e-05,3430.785885404816,22479.268944005074,2593623.7330614575,292.0649024583724,11968447.84146335,0.015874890667121264,0.0485,0.015874890667121264,-0.0,1.0,0.005557521601035995,0.0013216415145030625,0.006157521601035994,0.0002084070600388498,vapour,False,
0.04966807360352575,1.0002946294136443,2913.335241783309,768.6146137344346,1.4403589911192198,1107.080969598019,2679092.2989055985,493.374667555051,394.24906999476946,279.1748945758305,3405592.463484822,401573.75557515345,91.40779040226636,37.53275153361275,314955.149563175,1.2446885468619113,0.0348479298807458,22548.658856221435,0.5334034816195234,23281.438160665468,13.513624960880316,276.5789270926974,1.020535783300548,,,0.0009032762981763655,3.699969485962622e-05,4.295267298776771e-05,3430.785885404816,22548.658856221435,2594768.3246826376,292.0684351469426,11960679.904879292,0.016192388480463688,0.0485,0.016192388480463688,1.4210854715202004e-14,1.0,0.005557521601035995,0.0013216415145030625,0.006157521601035994,0.0002084070600388498,vapour,False,
0.04966807360352575,1.0002946294136443,2913.335241783309,768.6146137344346,1.4404808739835022,1107.1746505486703,2679788.2303181062,492.9508616043436,393.7426031162467,278.97590266824506,3406463.3466517464,401211.13137899124,91.65467783792622,37.431650695139695,315110.2067623216,1.2490680224283468,0.03484782612192899,22619.116641216548,0.5326213552397755,23349.876051653693,13.505872752718581,276.5891332463884,1.0189361657334266,,,0.0009031998696000139,3.7020932238485336e-05,4.2826779799080675e-05,3430.785885404816,22619.116641216548,2595921.3839609083,292.0719640337045,11952920.092214538,0.016509886293806116,0.0485,0.016509886293806116,-1.4210854715201953e-14,1.0,0.005557521601035995,0.0013216415145030625,0.006157521601035994,0.0002084070600388498,vapour,False,
0.04966807360352575,1.0002946294136443,2913.335241783309,768.6146137344346,1.440603224334147,1107.2686908161713,2680486.8122170316,492.5255192206341,393.2341934026713,278.77800924496756,3407332.607663569,400848.412651964,91.90275461347102,37.33060994563415,315263.73992288817,1.2534967788638736,0.03484772348292386,22690.62528914075,0.5318311538292028,23419.32707212846,13.498091550974577,276.5993257707145,1.017336141817535,,,0.0009031231608859966,3.704227357710427e-05,4.2699775143842985e-05,3430.785885404816,22690.62528914075,2597082.386747343,292.075489117773,11945167.20972629,0.01682738410714854,0.0485,0.01682738410714854,-0.0,1.0,0.005557521601035995,0.0013216415145030625,0.006157521601035994,0.0002084070600388498,vapour,False,
0.04966807360352575,1.0002946294136443,2913.335241783309,768.6146137344346,1.4407260818212517,1107.3631208761667,2681188.270770124,492.09850360413157,392.72367590985465,278.58113404778885,3408200.2919971473,400485.59900480794,92.15203241468974,37.22962799090606,315415.83207302704,1.257976312912961,0.034847621905200105,22763.219458543765,0.5310326056686036,23489.82445134413,13.490278841130271,276.6094812485657,1.015735216422368,,,0.0009030461473276995,3.706372610146196e-05,4.257162509116913e-05,3430.785885404816,22763.219458543765,2598251.7299622223,292.0790022937659,11937457.488679485,0.017144881920490965,0.0485,0.017144881920490965,-0.0,1.0,0.005557521601035995,0.0013216415145030625,0.006157521601035994,0.0002084070600388498,vapour,False,
0.04966807360352575,1.0002946294136443,2913.335241783309,768.6146137344346,1.4408494510950542,1107.4579443028972,2681892.6322965594,491.6697996840976,392.2110311241651,278.3853114125241,3409066.439194329,400122.6900446979,92.40257743917816,37.128681693571274,315566.4118826683,1.262507272307355,0.03484752143341987,22836.926098405896,0.5302255504257155,23561.394024924237,13.48243433499024,276.6196231205947,1.0141334392221626,,,0.000902968826170155,3.7085290947969e-05,4.24423104567649e-05,3430.785885404816,22836.926098405896,2599429.549152609,292.08251166415863,11929755.418206664,0.01746237973383339,0.0485,0.01746237973383339,-0.0,1.0,0.005557521601035995,0.0013216415145030625,0.006157521601035994,0.0002084070600388498,vapour,False,
0.04966807360352575,1.0002946294136443,2913.335241783309,768.6146137344346,1.4409733375346796,1107.5531652308368,2682599.928185444,491.23938905163914,391.6962355828619,278.19054759555235,3409931.0484805033,399759.6853745611,92.65439839347303,37.027771426839195,315715.4602421805,1.2670901346824581,0.034847422077307025,22911.76771920354,0.52940987203952,23634.05725081699,13.474557690333151,276.62975139415954,1.012530810546649,,,0.0009028911942042796,3.7106969407886945e-05,4.2311821004217615e-05,3430.785885404816,22911.76771920354,2600615.9579736274,292.0860172280715,11922060.986784905,0.017779877547175815,0.0485,0.017779877547175815,1.4210854715202054e-14,1.0,0.005557521601035995,0.0013216415145030625,0.006157521601035994,0.0002084070600388498,vapour,False,
0.04966807360352575,1.0002946294136443,2913.335241783309,768.6146137344346,1.4410977474331605,1107.6487884969024,2683310.193328471,490.8072516883917,391.1792637361235,277.99683464840217,3410794.079468513,399396.5845926034,92.90747488588568,36.926909160094006,315862.98467803834,1.2717252797611576,0.03484732382884446,22987.76481070288,0.5285854759695895,23707.833582974148,13.466648521568226,276.6398543708829,1.0109273071068836,,,0.0009028132476513755,3.712876289889043e-05,4.2180150982591385e-05,3430.785885404816,22987.76481070288,2601811.0605725953,292.0895149315253,11914391.709811522,0.018097375360518243,0.0485,0.018097375360518243,-1.4210854715201953e-14,1.0,0.005557521601035995,0.0013216415145030625,0.006157521601035994,0.0002084070600388498,vapour,False,
0.04966807360352575,1.0002946294136443,2913.335241783309,768.6146137344346,1.4412226863625128,1107.744818383827,2684023.459184257,490.3733694811817,390.6600923347752,277.8041929004388,3411655.5713891108,399033.3872927736,93.16184479689147,36.82608360627151,316008.93942779204,1.2764132540458002,0.03484722671551156,23064.94390352355,0.5277522163349766,23782.748377685995,13.458706483206715,276.64994376816077,1.0093229532763068,,,0.0009027349831877129,3.715067273544317e-05,4.204728503700789e-05,3430.785885404816,23064.94390352355,2603014.989634663,292.0930088261767,11906730.03362479,0.018414873173860667,0.0485,0.018414873173860667,-0.0,1.0,0.005557521601035995,0.0013216415145030625,0.006157521601035994,0.0002084070600388498,vapour,False,
0.04966807360352575,1.0002946294136443,2913.335241783309,768.6146137344346,1.441348161149427,1107.8412601387045,2684739.7644785773,489.93771988342814,390.1386928009396,277.61260005027475,3412515.484349276,398670.0930637803,93.41745839661151,36.725318203789406,316153.3590351364,1.2811543294387184,0.03484713071135444,23143.324169894444,0.5269100174137591,23858.81975327642,13.450731149210029,276.6599961905252,1.007717702994048,,,0.0009026563967068689,3.7172700461667126e-05,4.19132216237425e-05,3430.785885404816,23143.324169894444,2604227.842100246,292.09649080381865,11899111.323580848,0.018732370987203092,0.0485,0.018732370987203092,-0.0,1.0,0.005557521601035995,0.0013216415145030625,0.006157521601035994,0.0002084070600388498,vapour,False,
0.04966807360352575,1.0002946294136443,2913.335241783309,768.6146137344346,1.4414222121293734,1107.8981768040526,2685162.4924689233,489.6806599021511,389.83098157265545,277.4221048916968,3413373.8545937673,398306.7416319842,93.67441247650648,36.62457863042649,316566.7480621239,1.2907838558767672,0.034846856388909775,23172.992100278138,0.5265654030753196,23887.45952946412,13.446024751367311,276.6700467559184,1.0061116268194008,,,0.0009026100240409224,3.7185711706291154e-05,4.186296993058406e-05,3430.785885404816,23172.992100278138,2604850.0113289943,292.0999730237285,11891482.280064233,0.019049868800545516,0.0485,0.019049868800545516,-0.0,1.0,0.005557521601035995,0.0013216415145030625,0.006157521601035994,0.0002084070600388498,vapour,False,
0.04966807360352575,1.0002946294136443,2913.335241783309,768.6146137344346,1.4414966432387277,1107.9553856424188,2685587.3835655204,489.42231318794575,389.5216901101881,277.2327403773445,3414230.5958934003,397943.33270467754,93.93259310334201,36.52391328780162,316977.44783330633,1.300546860267759,0.03484658455548867,23203.335494652623,0.5262146297886261,23916.75574448808,13.441294462574035,276.68007207098435,1.0045051264034395,,,0.0009025634181291301,3.7198798180651495e-05,4.1811690961909105e-05,3430.785885404816,23203.335494652623,2605478.172993354,292.1034473774218,11883877.843504295,0.01936736661388794,0.0485,0.01936736661388794,1.4210854715202004e-14,1.0,0.005557521601035995,0.0013216415145030625,0.006157521601035994,0.0002084070600388498,vapour,False,
0.04966807360352575,1.0002946294136443,2913.335241783309,768.6146137344346,1.4415716440736284,1108.0130323801657,2686015.519960075,489.16202227690883,389.2100304994912,277.0445115302429,3415085.669140078,397579.8658427124,94.19200826203821,36.42332241033139,317384.48061614245,1.3104283434223583,0.03484631583927218,23234.54266990692,0.5258558220626844,23946.891563854693,13.436528238184252,276.69007214943434,1.0028982028801352,,,0.000902516460345111,3.7211993391201147e-05,4.175907329489872e-05,3430.785885404816,23234.54266990692,2606114.5365832536,292.106913863185,11876297.63146434,0.01968486442723037,0.0485,0.01968486442723037,-1.4210854715201953e-14,1.0,0.005557521601035995,0.0013216415145030625,0.006157521601035994,0.0002084070600388498,vapour,False,
0.04966807360352575,1.0002946294136443,2913.335241783309,768.6146137344346,1.4416472536086797,1108.0711469737437,2686447.123970047,488.8996526904871,388.8958407269336,276.857314042351,3415939.245176811,397216.3405768572,94.4527957893269,36.32275632218493,317788.10768685315,1.3204366565131254,0.03484605004726748,23266.634434869036,0.5254887860305086,23977.88692396045,13.431723607441684,276.70004700493814,1.001289962174094,,,0.0009024691264014074,3.7225304407170874e-05,4.170509282870657e-05,3430.785885404816,23266.634434869036,2606759.4429915026,292.1103724793089,11868743.144833935,0.020002362240572794,0.0485,0.020002362240572794,-0.0,1.0,0.005557521601035995,0.0013216415145030625,0.006157521601035994,0.0002084070600388498,vapour,False,
0.04966807360352575,1.0002946294136443,2913.335241783309,768.6146137344346,1.3927858253936025,1070.5155391996993,2405967.390050903,665.850453426508,592.2307002630951,276.70949395117793,3416746.8252250445,396890.76933173457,94.67957296892172,36.23575580057761,44680.94129782698,2.188263859538129,0.036081361152010216,6951.00125741382,0.7982609339343968,7625.37459264281,16.340501609061413,276.70949395117793,0.9998509056194765,,,0.0009341293642010879,3.059881587250244e-05,0.00013114109842745692,3430.785885404816,22511.605959590423,2193188.301814861,292.1136488564304,11861581.7465885,0.020319860053915218,0.0485,0.020319860053915218,-0.0,1.0,0.005557521601035995,0.0013216415145030625,0.006157521601035994,0.0002084070600388498,two-phase,False,
0.04966807360352575,1.0002946294136443,2913.335241783309,768.6146137344346,1.392025955512679,1069.931492104685,2401580.5333611984,668.7237399412629,595.4428905964883,276.71770023922556,3417449.132819382,396565.79170828796,94.82468064814677,36.18030519011156,44687.14915487394,2.1883510121270593,0.03608116785242131,6865.034973940203,0.8005862552657705,7534.956777872623,16.386140136436936,276.71770023922556,0.9984114398626752,,,0.0009346392805326991,3.0513592330885672e-05,0.00013271476260310206,3430.785885404816,22513.111629867108,2188059.5788783566,292.1164955857283,11855368.399359686,0.020637357867257643,0.0485,0.020637357867257643,-0.0,1.0,0.005557521601035995,0.0013216415145030625,0.006157521601035994,0.0002084070600388498,two-phase,False,
0.04966807360352575,1.0002946294136443,2913.335241783309,768.6146137344346,1.3916239322292916,1069.6224911340119,2399259.263137587,670.2454759782759,597.1432597388546,276.72589360284877,3418150.4001527745,396241.12819501595,94.97003475576838,36.1249302922513,44693.34847526416,2.188438106538626,0.036080974870304504,6820.340735582147,0.8018007648441456,7487.918935452414,16.41030454726326,276.72589360284877,0.9969730173710256,,,0.0009349092864902287,3.0468660624789248e-05,0.00013354845433293688,3430.785885404816,22514.615345498896,2185355.61464534,292.119338421214,11849165.894877145,0.020954855680600067,0.0485,0.020954855680600067,1.4210854715202004e-14,1.0,0.005557521601035995,0.0013216415145030625,0.006157521601035994,0.0002084070600388498,two-phase,False,
0.04966807360352575,1.0002946294136443,2913.335241783309,768.6146137344346,1.3913083133818414,1069.3799018754917,2397436.7319099577,671.440918067945,598.4786189646217,276.73408573322155,3418850.6690579797,395916.7113034411,95.11566698005603,36.069619173507846,44699.5481021762,2.1885252668910375,0.03608078193025196,6785.623578040269,0.8027467806999542,7451.367418217205,16.429284448088016,276.73408573322155,0.9955356606210116,,,0.000935121371035857,3.0433461760301333e-05,0.00013420355538436963,3430.785885404816,22516.11925137613,2183237.2908005496,292.1221814179285,11842956.803542525,0.021272353493942495,0.0485,0.021272353493942495,-1.4210854715202004e-14,1.0,0.005557521601035995,0.0013216415145030625,0.006157521601035994,0.0002084070600388498,two-phase,False,
0.04966807360352575,1.0002946294136443,2913.335241783309,768.6146137344346,1.391036812662505,1069.1712224549703,2395868.852011351,672.4697922717774,599.6276252411785,276.74225326334226,3419549.9498398425,395592.5065745967,95.2615536458487,36.01438097639428,44705.73034665385,2.1886122442436218,0.036080589582532206,6756.014256758335,0.8035554123606828,7420.183941240331,16.44561762560506,276.74225326334226,0.994098879302038,,,0.0009353038867842483,3.0403236374748452e-05,0.0001347675486105057,3430.785885404816,22517.619056140014,2181418.17638098,292.1250164639084,11836776.802441247,0.02158985130728492,0.0485,0.02158985130728492,-0.0,1.0,0.005557521601035995,0.0013216415145030625,0.006157521601035994,0.0002084070600388498,two-phase,False,
0.04966807360352575,1.0002946294136443,2913.335241783309,768.6146137344346,1.3907930674796702,1068.983876345416,2394461.1697273315,673.3939080436598,600.6594136782558,276.7504078861184,3420248.243619256,395268.4923308253,95.40772672347312,35.95920375871131,44711.90405143331,2.1886991626214103,0.036080397551678536,6729.628992827273,0.8042773859359221,7392.388377320799,16.460286076218743,276.7504078861184,0.9926626959481084,,,0.0009354678046396224,3.0376142776909743e-05,0.0001352742779407955,3430.785885404816,22519.116904407558,2179787.4364166246,292.1278476139671,11830608.08928882,0.021907349120627344,0.0485,0.021907349120627344,-0.0,1.0,0.005557521601035995,0.0013216415145030625,0.006157521601035994,0.0002084070600388498,two-phase,False,
0.04966807360352575,1.0002946294136443,2913.335241783309,768.6146137344346,1.390568787608419,1068.811491558806,2393165.8302381574,674.2445797360197,601.6090106546453,276.7585612874368,3420945.5918203364,394944.6533700989,95.55421839166529,35.90407564574947,44718.07806101146,2.1887861464242637,0.03608020556246329,6705.51300012174,0.8049384091883661,7366.977127167034,16.47378729529235,276.7585612874368,0.9912271323298221,,,0.0009356186828994063,3.0351247775481662e-05,0.00013574088567647682,3430.785885404816,22520.61494188406,2178288.9113272056,292.13067892383606,11824433.252846293,0.02222484693396977,0.0485,0.02222484693396977,-0.0,1.0,0.005557521601035995,0.0013216415145030625,0.006157521601035994,0.0002084070600388498,two-phase,False,
0.04966807360352575,1.0002946294136443,2913.335241783309,768.6146137344346,1.390358891858955,1068.6501626184072,2391953.5055341083,675.0409999396147,602.4978827256748,276.76669011077706,3421642.0046579866,394620.9784590039,95.70100533847628,35.84900569508939,44724.23468380421,2.1888729461497096,0.036080014164797995,6683.0817607551,0.8055542269726006,7343.335731318933,16.486426262052493,276.76669011077706,0.9897916990159294,,,0.0009357599287214812,3.0327979639278843e-05,0.0001361778947045896,3430.785885404816,22522.10887558112,2176888.19227363,292.1335022801795,11818287.922155494,0.022542344747312194,0.0485,0.022542344747312194,1.4210854715202105e-14,1.0,0.005557521601035995,0.0013216415145030625,0.006157521601035994,0.0002084070600388498,two-phase,False,
0.04966807360352575,1.0002946294136443,2913.335241783309,768.6146137344346,1.3901603698136844,1068.4975756732638,2390806.8161671287,675.7945392125298,603.338749775743,276.77480604375035,3422337.433566994,394297.4587158827,95.84808127433915,35.793996497281164,44730.382763861875,2.188959686105035,0.03607982308339661,6661.987370449026,0.806134198206072,7321.098553762065,16.49838359882161,276.77480604375035,0.9883568658451394,,,0.0009358935600484603,3.0305999191079074e-05,0.0001365915227962795,3430.785885404816,22523.600850929422,2175564.868786562,292.13632173850266,11812153.874068104,0.02285984256065462,0.0485,0.02285984256065462,-1.4210854715202004e-14,1.0,0.005557521601035995,0.0013216415145030625,0.006157521601035994,0.0002084070600388498,two-phase,False,
0.04966807360352575,1.0002946294136443,2913.335241783309,768.6146137344346,1.3899709077445823,1068.3519523582036,2389712.407248512,676.5139377424148,604.1413872200615,276.78292076698415,3423031.9288820894,393974.08706623764,95.99551741347251,35.739021756898424,44736.53114698373,2.189046490971439,0.036079632043211,6641.964401829746,0.8066854766004129,7299.986565617194,16.50979819006392,276.78292076698415,0.9869222059618781,,,0.0009360211284237106,3.028504614313909e-05,0.0001369865534698354,3430.785885404816,22525.093014444108,2174303.280818917,292.13914135522424,11806013.799394937,0.023177340373997046,0.0485,0.023177340373997046,-0.0,1.0,0.005557521601035995,0.0013216415145030625,0.006157521601035994,0.0002084070600388498,two-phase,False,
0.04966807360352575,1.0002946294136443,2913.335241783309,768.6146137344346,1.3897890448580126,1068.21216988589,2388661.849253149,677.2047083628618,604.9119630959545,276.7910109343841,3423725.4422747237,393650.8575762395,96.14321285142772,35.68411938455278,44742.66213896544,2.189133110686496,0.036079441593797654,6622.842887191122,0.807212627582189,7279.821155940523,16.52075765302698,276.7910109343841,0.9854881270105077,,,0.000936143612843152,3.026495579083739e-05,0.00013736601196362826,3430.785885404816,22526.581071510114,2173093.514161635,292.1419530156427,11799902.758728882,0.02349483818733947,0.0485,0.02349483818733947,-0.0,1.0,0.005557521601035995,0.0013216415145030625,0.006157521601035994,0.0002084070600388498,two-phase,False,
0.04966807360352575,1.0002946294136443,2913.335241783309,768.6146137344346,1.389613485632865,1068.0772324998657,2387647.6608511065,677.8717488833167,605.6559546801964,276.79909989981576,3424418.064299773,393327.7653244193,96.29127064037814,35.62925135984417,44748.79343285452,2.1892197949707253,0.03607925118531991,6604.474780814687,0.807719644486085,7260.446684152717,16.531339765754055,276.79909989981576,0.9840542222995806,,,0.0009362618821669582,3.0245582456407347e-05,0.00013773257259538688,3430.785885404816,22528.069316045778,2171926.803895062,292.14476483352223,11793786.060987325,0.023812336000681895,0.0485,0.023812336000681895,-0.0,1.0,0.005557521601035995,0.0013216415145030625,0.006157521601035994,0.0002084070600388498,two-phase,False,
0.04966807360352575,1.0002946294136443,2913.335241783309,768.6146137344346,1.3894433889171065,1067.9464936783857,2386664.9900503345,678.5182315885231,606.3769116625665,276.8071759938981,3425109.755539948,393004.8060458711,96.43966036931302,35.574429360977796,44754.91618081754,2.189306418614694,0.03607906109242753,6586.762091141319,0.8082091582792065,7241.760185315557,16.541594972894316,276.8071759938981,0.982620472009749,,,0.0009363765000582063,3.022683125897587e-05,0.00013808797507928322,3430.785885404816,22529.55560029645,2170797.4412898496,292.1475727510513,11787681.090777911,0.02412983381402432,0.0485,0.02412983381402432,1.4210854715202105e-14,1.0,0.005557521601035995,0.0013216415145030625,0.006157521601035994,0.0002084070600388498,two-phase,False,
0.04966807360352575,1.0002946294136443,2913.335241783309,768.6146137344346,1.389278008752602,1067.8193800671256,2385709.5264424854,679.1469783220164,607.0779901159889,276.81523922223073,3425800.5075932755,392681.9760589657,96.58834386122295,35.51966778034967,44761.03038183995,2.1893929813546507,0.03607887131492215,6569.618770700374,0.8086834851785206,7223.671213257537,16.55156805880445,276.81523922223073,0.9811873249932309,,,0.0009364879666607452,3.0208618193974062e-05,0.0001384337645607,3430.785885404816,22531.039923642435,2169700.3675347753,292.150376767536,11781587.761988943,0.024447331627366748,0.0485,0.024447331627366748,-1.4210854715201903e-14,1.0,0.005557521601035995,0.0013216415145030625,0.006157521601035994,0.0002084070600388498,two-phase,False,
0.04966807360352575,1.0002946294136443,2913.335241783309,768.6146137344346,1.3891167802703677,1067.69545749953,2384778.0134656704,679.7601181701975,607.761572249656,276.8232779240631,3426490.2909338595,392359.2721227462,96.73732954840705,35.46496374688596,44767.127185909674,2.189479357516535,0.03607868212715985,6552.97918083424,0.8091443885241433,7206.110789703328,16.561292891231105,276.8232779240631,0.9797543142435909,,,0.0009365966605701703,3.019087961814507e-05,0.0001387711109616689,3430.785885404816,22532.520136975974,2168631.752856404,292.15317282403305,11775523.510030152,0.024764829440709173,0.0485,0.024764829440709173,-0.0,1.0,0.005557521601035995,0.0013216415145030625,0.006157521601035994,0.0002084070600388498,two-phase,False,
0.04966807360352575,1.0002946294136443,2913.335241783309,768.6146137344346,1.388959171984894,1067.5743174680692,2383867.3828008277,680.3596598542049,608.4299044499357,276.83131543937213,3427179.146343009,392036.69141145516,96.88668216471146,35.41029384794429,44773.224289561505,2.189565797566034,0.03607849297977691,6536.782960923341,0.8095934982006024,7189.015459667367,16.5708013978547,276.83131543937213,0.9783214795529354,,,0.0009367029382756855,3.0173555762048497e-05,0.00013910110579262402,3430.785885404816,22534.000536379008,2167588.0065104743,292.15596903612527,11769453.260589255,0.025082327254051597,0.0485,0.025082327254051597,-0.0,1.0,0.005557521601035995,0.0013216415145030625,0.006157521601035994,0.0002084070600388498,two-phase,False,
0.04966807360352575,1.0002946294136443,2913.335241783309,768.6146137344346,1.3888048587147792,1067.455710033566,2382975.755558567,680.9468315104041,609.0843614613946,276.83934010566,3427867.114650154,391714.231353583,97.0363711094931,35.35566969557851,44779.31284321331,2.1896521759227605,0.03607830414718912,6520.991342693285,0.8100318493623355,7172.3445119953085,16.580113054375918,276.83934010566,0.9768888018654346,,,0.000936807017471999,3.0156609810814116e-05,0.0001394244236773012,3430.785885404816,22535.47897301193,2166566.9079136914,292.1587613450979,11763395.082359098,0.025399825067394022,0.0485,0.025399825067394022,-0.0,1.0,0.005557521601035995,0.0013216415145030625,0.006157521601035994,0.0002084070600388498,two-phase,False,
0.04966807360352575,1.0002946294136443,2913.335241783309,768.6146137344346,1.3886535172475087,1067.339386770158,2382101.267057714,681.5228524119061,609.7263075990024,276.84735192848126,3428554.1073449613,391391.8896299456,97.18635776548568,35.30110567250015,44785.39284585272,2.1897384923238623,0.036078115629199825,6505.566744673079,0.8104604511667455,7156.058460527867,16.589247249051525,276.84735192848126,0.9754567302079816,,,0.0009369091147531513,3.014000529943196e-05,0.00013974173150148287,3430.785885404816,22536.955446254837,2165566.2640116466,292.16154975026114,11757348.177020207,0.025717322880736446,0.0485,0.025717322880736446,1.4210854715202004e-14,1.0,0.005557521601035995,0.0013216415145030625,0.006157521601035994,0.0002084070600388498,two-phase,False,
0.04966807360352575,1.0002946294136443,2913.335241783309,768.6146137344346,1.3885048153964112,1067.225092354315,2381242.00087877,682.0889771122697,610.3571457315682,276.8553509133795,3429240.174892403,391069.6641806855,97.33668285734898,35.246587254599355,44791.464296452075,2.189824746507582,0.036077927425613235,6490.4713087768505,0.8108803253671921,7140.117498248919,16.59822393381283,276.8553509133795,0.9740248168885681,,,0.0009370094529861406,3.0123704921309824e-05,0.0001400537176377343,3430.785885404816,22538.4299554828,2164583.8306930377,292.1643342509266,11751312.982192326,0.026034820694078874,0.0485,0.026034820694078874,-1.4210854715202004e-14,1.0,0.005557521601035995,0.0013216415145030625,0.006157521601035994,0.0002084070600388498,two-phase,False,
0.04966807360352575,1.0002946294136443,2913.335241783309,768.6146137344346,1.3883584706338954,1067.1126096312018,2380396.3250846206,682.6462745642875,610.978070975211,276.863337065887,3429925.318162836,390747.5531667757,97.48734756180265,35.1921143739176,44797.52719399268,2.1899109382119257,0.036077739536233736,6475.672808480047,0.81129234151546,7124.487738785685,16.6070600759933,276.863337065887,0.972593062531212,,,0.0009371082217326658,3.010767695859582e-05,0.00014036096862880452,3430.785885404816,22539.902500073553,2163617.697289156,292.16711484640666,11745289.494357053,0.0263523185074213,0.0485,0.0263523185074213,-0.0,1.0,0.005557521601035995,0.0013216415145030625,0.006157521601035994,0.0002084070600388498,two-phase,False,
0.04966807360352575,1.0002946294136443,2913.335241783309,768.6146137344346,1.3882143649450325,1067.0018478928196,2379563.5586494314,683.1951878098889,611.5895805665828,276.8713220475795,3430609.577535008,390425.55484134465,97.638385196019,35.13767539802265,44803.5903890564,2.189997193140724,0.03607755168666208,6461.156493049339,0.8116968880165436,7109.153737767591,16.615762719279722,276.8713220475795,0.971161486103563,,,0.0009372054996669979,3.0091907813526755e-05,0.0001406637184799465,3430.785885404816,22541.375229510377,2162667.0493722255,292.16989559561495,11739260.39666544,0.026669816320763724,0.0485,0.026669816320763724,-0.0,1.0,0.005557521601035995,0.0013216415145030625,0.006157521601035994,0.0002084070600388498,two-phase,False,
0.04966807360352575,1.0002946294136443,2913.335241783309,768.6146137344346,1.3880722526977864,1066.8926183427955,2378742.284349925,683.7366453989553,612.1927123314401,276.8792825501548,3431292.91431056,390103.667649297,97.78973273159225,35.08329340485513,44809.63617785552,2.1900832591936656,0.03607736442516959,6446.89426400079,0.8120947234624333,7094.085929995424,16.624346624228235,276.8792825501548,0.9697300513519327,,,0.0009373014517180747,3.0076369995275643e-05,0.00014096248760841343,3430.785885404816,22542.84384322752,2161730.2270994,292.17266837889,11733260.669515366,0.026987314134106148,0.0485,0.026987314134106148,-0.0,1.0,0.005557521601035995,0.0013216415145030625,0.006157521601035994,0.0002084070600388498,two-phase,False,
0.04966807360352575,1.0002946294136443,2913.335241783309,768.6146137344346,1.387931984509544,1066.7848061634702,2377931.6396063743,684.2712113737975,612.7880974888146,276.88723023687277,3431975.329355821,389781.89015225996,97.94142344306773,35.0289567457542,44815.67341053399,2.1901692619831294,0.03607717747729999,6432.86882366169,0.8124863120579517,7079.266150934974,16.63282074863508,276.88723023687277,0.9682987774351705,,,0.0009373961779567787,3.0061046623197147e-05,0.000141257579342165,3430.785885404816,22544.310490437165,2160806.2167859413,292.1754372549236,11727272.637925712,0.027304811947448573,0.0485,0.027304811947448573,1.4210854715202105e-14,1.0,0.005557521601035995,0.0013216415145030625,0.006157521601035994,0.0002084070600388498,two-phase,False,
0.04966807360352575,1.0002946294136443,2913.335241783309,768.6146137344346,1.3877934284346092,1066.6783099394538,2377130.86370311,684.799382796883,613.376292410285,276.89517676417233,3432656.8233183436,389460.22101479967,98.09349082622592,34.97465383796469,44821.71093896341,2.1902553274902594,0.03607699056882911,6419.064916071193,0.8128720631649741,7064.678382139014,16.641193001004304,276.89517676417233,0.9668676827483216,,,0.0009374897667664784,3.0045922787496353e-05,0.00014154926040627828,3430.785885404816,22545.777321426984,2159894.1243644557,292.17820628330315,11721278.655056061,0.027622309760791,0.0485,0.027622309760791,-1.4210854715202004e-14,1.0,0.005557521601035995,0.0013216415145030625,0.006157521601035994,0.0002084070600388498,two-phase,False,
0.04966807360352575,1.0002946294136443,2913.335241783309,768.6146137344346,1.3876564804320748,1066.5730497033842,2376339.3543414646,685.3215534547612,613.9577380218111,276.9030988339338,3433337.347968147,389138.658982984,98.2458309390931,34.92042209436562,44827.731056765624,2.190341203062645,0.03607680424768198,6405.469561231664,0.8132523205127927,7050.308994610431,16.649469622137605,276.9030988339338,0.9654371808901016,,,0.0009375822877561943,3.0030986652883278e-05,0.00014183775502101318,3430.785885404816,22547.24003401709,2158993.2317898693,292.18096734302827,11715313.57280659,0.027939807574133425,0.0485,0.027939807574133425,-0.0,1.0,0.005557521601035995,0.0013216415145030625,0.006157521601035994,0.0002084070600388498,two-phase,False,
0.04966807360352575,1.0002946294136443,2913.335241783309,768.6146137344346,1.3875209611373387,1066.468887593007,2375556.076316268,685.8384024916932,614.5331928466761,276.91101975183443,3434017.0422318424,388817.2029429632,98.39859073459695,34.86620956450905,44833.75146913918,2.1904271410154825,0.036076617965662305,6392.063413687068,0.8136276121901213,7036.137628463605,16.657661397691914,276.91101975183443,0.9640064104660917,,,0.00093767386150099,3.001621824713522e-05,0.0001421234280515854,3430.785885404816,22548.702929676037,2158102.34028906,292.18372855418136,11709343.33515355,0.02825730538747585,0.0485,0.02825730538747585,-0.0,1.0,0.005557521601035995,0.0013216415145030625,0.006157521601035994,0.0002084070600388498,two-phase,False,
0.04966807360352575,1.0002946294136443,2913.335241783309,768.6146137344346,1.3873868453717293,1066.3658042556274,2374780.8851649077,686.3500218074914,615.1027612862956,276.91892787238703,3434695.7686506803,388495.8518004358,98.55165779823852,34.812056560515174,44839.76332216117,2.1905130148469714,0.03607643199660784,6378.842062032567,0.8139980469718827,7022.159696966872,16.665769797972946,276.91892787238703,0.9625762517858926,,,0.0009377645044591862,3.0001614450525707e-05,0.0001424063312647157,3430.785885404816,22550.16385686462,2157221.2612800547,292.18648585581127,11703384.354901394,0.028574803200818275,0.0485,0.028574803200818275,-0.0,1.0,0.005557521601035995,0.0013216415145030625,0.006157521601035994,0.0002084070600388498,two-phase,False,
0.04966807360352575,1.0002946294136443,2913.335241783309,768.6146137344346,1.387253954295118,1066.263662232109,2374012.7496291534,686.8570884723244,615.6671992171623,276.92682320104416,3435373.666219441,388174.60460064834,98.70511492334737,34.757934156392025,44845.76661481069,2.1905988242970094,0.03607624634032611,6365.786169043544,0.8143641535628893,7008.354827817136,16.673805609670964,276.92682320104416,0.961145807932808,,,0.0009378543369907279,2.998715540440242e-05,0.0001426868394321105,3430.785885404816,22551.622814957867,2156348.800540014,292.1892392472381,11697437.850721499,0.0288923010141607,0.0485,0.0288923010141607,1.4210854715202105e-14,1.0,0.005557521601035995,0.0013216415145030625,0.006157521601035994,0.0002084070600388498,two-phase,False,
0.04966807360352575,1.0002946294136443,2913.335241783309,768.6146137344346,1.3871222917474164,1066.162464473864,2373251.689293796,687.3595876272962,616.2264915399777,276.9347057432477,3436050.5976234465,387853.46038619726,98.85888152491877,34.70387113918579,44851.76134605972,2.1906845691061636,0.03607606099662528,6352.894624464397,0.8147259511345674,6994.721913826742,16.681768542596238,276.9347057432477,0.9597159771595101,,,0.000937943356028282,2.997284123222725e-05,0.00014296494018200504,3430.785885404816,22553.079803328485,2155484.9621129716,292.19198872778327,11691502.596505148,0.029209798827503127,0.0485,0.029209798827503127,-1.4210854715201903e-14,1.0,0.005557521601035995,0.0013216415145030625,0.006157521601035994,0.0002084070600388498,two-phase,False,
0.04966807360352575,1.0002946294136443,2913.335241783309,768.6146137344346,1.3869916968152625,1066.062087300531,2372496.7784698736,687.85812677073,616.7813163820904,276.94257550442813,3436726.6624866496,387532.41832494154,99.01304088851995,34.649838593156446,44857.74751488388,2.1907702490150553,0.03607587596531388,6340.1502449834115,0.8150839107502486,6981.242845776501,16.689668300373462,276.94257550442813,0.9582858623774644,,,0.0009380316699303954,2.9958654120694032e-05,0.00014324097042476872,3430.785885404816,22554.534821350142,2154628.6762303645,292.19473429676924,11685579.461919457,0.02952729664084555,0.0485,0.02952729664084555,-0.0,1.0,0.005557521601035995,0.0013216415145030625,0.006157521601035994,0.0002084070600388498,two-phase,False,
0.04966807360352575,1.0002946294136443,2913.335241783309,768.6146137344346,1.3868621852978087,1065.962542855569,2371748.1048233407,688.3526467385059,617.3316091467335,276.95043249000526,3437401.762915922,387211.4775728774,99.16751195816387,34.595865295603794,44863.72512025207,2.1908558637649262,0.03607569124620103,6327.553267663776,0.8154380154528641,6967.917932827496,16.697503903393503,276.95043249000526,0.9568563620114644,,,0.0009381192676068483,2.9944595485219975e-05,0.0001435148934933297,3430.785885404816,22555.987868394168,2153780.026605522,292.1974759535194,11679667.570674112,0.029844794454187976,0.0485,0.029844794454187976,-0.0,1.0,0.005557521601035995,0.0013216415145030625,0.006157521601035994,0.0002084070600388498,two-phase,False,
0.04966807360352575,1.0002946294136443,2913.335241783309,768.6146137344346,1.3867336100953254,1065.8637180759765,2371004.8223133553,688.8437030401296,617.877989649817,276.95827670538773,3438075.9984983946,386890.63740048587,99.32237851546647,34.54192234100167,44869.69416114505,2.190941413096709,0.03607550683909591,6315.088145126721,0.8157886923249352,6954.730783490467,16.705284207267763,276.95827670538773,0.9554265788015766,,,0.0009382062481732007,2.9930649116551464e-05,0.00014378701794954545,3430.785885404816,22557.438943835365,2152938.03765537,292.20021369735866,11673767.791295087,0.0301622922675304,0.0485,0.0301622922675304,1.4210854715202105e-14,1.0,0.005557521601035995,0.0013216415145030625,0.006157521601035994,0.0002084070600388498,two-phase,False,
0.04966807360352575,1.0002946294136443,2913.335241783309,768.6146137344346,1.3866059977743557,1065.7656333811867,2370267.08356671,689.3311931193107,618.4203450160406,276.966108155973,3438749.2713723322,386569.8970575946,99.47755902990203,34.48803849693933,44875.65463652972,2.191026896752281,0.03607532274380859,6302.756376775445,0.8161358904152547,6941.683035955639,16.71300757900117,276.966108155973,0.9539974113442699,,,0.0009382925933044562,2.9916817642577877e-05,0.00014405728334473475,3430.785885404816,22558.88804704406,2152102.868746784,292.2029475276125,11667879.24861664,0.03047979008087283,0.0485,0.03047979008087283,-1.4210854715202004e-14,1.0,0.005557521601035995,0.0013216415145030625,0.006157521601035994,0.0002084070600388498,two-phase,False,
0.04966807360352575,1.0002946294136443,2913.335241783309,768.6146137344346,1.3864793049352273,1065.668255413577,2369534.6372394273,689.8152812306412,618.9588592473808,276.97393848126933,3439421.670638011,386249.25582804286,99.63312893341481,34.43418792656429,44881.615402604715,2.1911124416285763,0.03607513868669002,6290.552866422078,0.8164797454777754,6928.7693502135035,16.720676622644316,276.97393848126933,0.9525684271600529,,,0.0009383783320184463,2.9903096105744e-05,0.00014432577409568208,3430.785885404816,22560.33733099526,2151274.2235983904,292.2056815060929,11661985.150820352,0.030797287894215254,0.0485,0.030797287894215254,-0.0,1.0,0.005557521601035995,0.0013216415145030625,0.006157521601035994,0.0002084070600388498,two-phase,False,
0.04966807360352575,1.0002946294136443,2913.335241783309,768.6146137344346,1.3863533368689516,1065.5714345169736,2368806.3592776656,690.296708142951,619.4943575895229,276.9817444167436,3440093.2075326606,385928.7131477748,99.78906566916449,34.380378876169324,44887.558744324204,2.1911977932482483,0.036074955214526014,6278.4572849981305,0.8168208190833794,6915.968253942021,16.728303091365127,276.9817444167436,0.95113914583014,,,0.000938463595782579,2.9889463221053886e-05,0.00014459291357070815,3430.785885404816,22561.78248812347,2150450.811378383,292.20840750737716,11656120.726813259,0.031114785707557678,0.0485,0.031114785707557678,1.4210854715202004e-14,1.0,0.005557521601035995,0.0013216415145030625,0.006157521601035994,0.0002084070600388498,two-phase,False,
0.04966807360352575,1.0002946294136443,2913.335241783309,768.6146137344346,1.386228194595915,1065.4752483371217,2368082.8333313293,690.7750865594535,620.0264102582055,276.9895492343404,3440763.784027633,385608.2683737561,99.94535273869619,34.32661741036116,44893.5023755409,2.1912832057546305,0.03607477178026552,6266.479002955215,0.8171588426896862,6903.2897113834715,16.73588084707079,276.9895492343404,0.9497104977345512,,,0.0009385483159375984,2.987592972063451e-05,0.00014485847209208208,3430.785885404816,22563.22782527358,2149633.2868457166,292.21113365598364,11650249.974466857,0.031432283520900106,0.0485,0.031432283520900106,-1.4210854715201903e-14,1.0,0.005557521601035995,0.0013216415145030625,0.006157521601035994,0.0002084070600388498,two-phase,False,
0.04966807360352575,1.0002946294136443,2913.335241783309,768.6146137344346,1.3861037314023934,1065.379584107709,2367363.2115675993,691.2509754038801,620.5556399605888,276.997329676175,3441433.499832815,385287.92097767966,100.10200931855589,34.27289730505791,44899.42857948084,2.1913684243078224,0.036074588930469074,6254.602523683822,0.8174942433785799,6890.717356269986,16.743418761104767,276.997329676175,0.9482815540423971,,,0.0009386325915354699,2.9862479529061776e-05,0.00014512277144702244,3430.785885404816,22564.66903380584,2148820.674537444,292.2138518256129,11644408.873370355,0.03174978133424253,0.0485,0.03174978133424253,1.4210854715202105e-14,1.0,0.005557521601035995,0.0013216415145030625,0.006157521601035994,0.0002084070600388498,two-phase,False,
0.04966807360352575,1.0002946294136443,2913.335241783309,768.6146137344346,1.3859800535397777,1065.2845234951071,2366648.108793752,691.7239664885337,621.0815937346517,277.0051090075124,3442102.256951285,384967.6703480438,100.2590186510243,34.219224679891326,44905.35507172195,2.191453703414478,0.03607440611831222,6242.837740353918,0.8178267380205432,6878.261705883675,16.750910371025945,277.0051090075124,0.9468532445390513,,,0.000938716350369088,2.9849123953576287e-05,0.00014538557018622868,3430.785885404816,22566.110421637433,2148013.664422894,292.216570141663,11638561.451909147,0.032067279147584955,0.0485,0.032067279147584955,-1.4210854715201903e-14,1.0,0.005557521601035995,0.0013216415145030625,0.006157521601035994,0.0002084070600388498,two-phase,False,
0.04966807360352575,1.0002946294136443,2913.335241783309,768.6146137344346,1.3858569496592106,1065.1899040534959,2365936.3060672386,692.1948638433237,621.6051667336196,277.01287560290433,3442770.1935646734,384647.5160382919,100.4164333258126,34.165581984706016,44911.27299314127,2.1915389154812406,0.03607422361695354,6231.163381898996,0.8181569191381499,6865.900273926209,16.758368451350126,277.01287560290433,0.945424655891319,,,0.0009387997353284886,2.9835840013394494e-05,0.00014564732374537653,3430.785885404816,22567.54983399767,2147210.866178392,292.219284540541,11632726.46762673,0.032384776960927376,0.0485,0.032384776960927376,1.4210854715202105e-14,1.0,0.005557521601035995,0.0013216415145030625,0.006157521601035994,0.0002084070600388498,two-phase,False,
0.04966807360352575,1.0002946294136443,2913.335241783309,768.6146137344346,1.3857345078409784,1065.0957934826704,2365228.308312659,692.6633334108319,622.1259880438663,277.02062946768126,3443437.173144017,384327.457533542,100.57417012343895,34.11199795329225,44917.18234271413,2.19162406025114,0.03607404142620547,6219.587114921993,0.8184845641218386,6853.641212848669,16.765787654806893,277.02062946768126,0.9439966872933871,,,0.0009388826865329935,2.982263704483015e-05,0.00014590784211541136,3430.785885404816,22568.987270257974,2146412.841490974,292.22199502157923,11626902.707753431,0.032702274774269804,0.0485,0.032702274774269804,-0.0,1.0,0.005557521601035995,0.0013216415145030625,0.006157521601035994,0.0002084070600388498,two-phase,False,
0.04966807360352575,1.0002946294136443,2913.335241783309,768.6146137344346,1.3856126573679086,1065.0021374283785,2364523.711155657,693.1296402573012,622.6443535368759,277.0283706071626,3444103.295113052,384007.4943736312,100.73231510654479,34.058443725591594,44923.08311940788,2.1917091374678606,0.03607385954588103,6208.101565796311,0.8188098759118653,6841.476748592736,16.773172254618018,277.0283706071626,0.942568440718817,,,0.0009389652516704456,2.9809507254201075e-05,0.0001461672730533939,3430.785885404816,22570.422729787184,2145619.1247901837,292.22470158411113,11621091.035710193,0.03301977258761223,0.0485,0.03301977258761223,-1.4210854715201903e-14,1.0,0.005557521601035995,0.0013216415145030625,0.006157521601035994,0.0002084070600388498,two-phase,False,
0.04966807360352575,1.0002946294136443,2913.335241783309,768.6146137344346,1.3854913375712428,1064.9088892597258,2363822.1601668643,693.5940188416153,623.160524254004,277.0361106475154,3444768.549262306,383687.62614635745,100.89086056161094,34.00492241127967,44928.984182862354,2.191794274754083,0.036073677702783885,6196.7004524541735,0.8191330273130962,6829.400259683246,16.780525898984948,277.0361106475154,0.9411403804272128,,,0.0009390474716528591,2.9796443985718288e-05,0.0001464257419357027,3430.785885404816,22571.85836770083,2144829.310400763,292.22740829170533,11615273.84163951,0.033337270400954654,0.0485,0.033337270400954654,1.4210854715202206e-14,1.0,0.005557521601035995,0.0013216415145030625,0.006157521601035994,0.0002084070600388498,two-phase,False,
0.04966807360352575,1.0002946294136443,2913.335241783309,768.6146137344346,1.3853706202002585,1064.8161041242556,2363124.0734589915,694.056190399584,623.6741913563619,277.04382635067594,3445432.8488748977,383367.85238294036,101.04969843456212,33.95147079658558,44934.86781113163,2.191879216186491,0.036073496442803256,6185.389607240519,0.819453846224895,6817.417953041209,16.787844232782984,277.04382635067594,0.9397129276727433,,,0.0009391292976569294,2.978345480616323e-05,0.00014668310009567566,3430.785885404816,22573.28987214168,2144043.8572601583,292.2301070154461,11609485.376770284,0.03365476821429708,0.0485,0.03365476821429708,-1.4210854715201802e-14,1.0,0.005557521601035995,0.0013216415145030625,0.006157521601035994,0.0002084070600388498,two-phase,False,
0.04966807360352575,1.0002946294136443,2913.335241783309,768.6146137344346,1.3852503276471648,1064.7236455100244,2362428.424084457,694.5168337889927,624.1861100119406,277.0515293444372,3446096.293320474,383048.1727535643,101.2089488084253,33.89804879703695,44940.742863426945,2.1919640892981875,0.03607331549268777,6174.151818947885,0.8197728158983468,6805.511624747251,16.79513800805852,277.0515293444372,0.9382851986944998,,,0.0009392108498923958,2.9770520478015346e-05,0.00014693972402657368,3430.785885404816,22574.719397957855,2143261.602647978,292.23280181868694,11603708.987095397,0.0339722660276395,0.0485,0.0339722660276395,1.4210854715202206e-14,1.0,0.005557521601035995,0.0013216415145030625,0.006157521601035994,0.0002084070600388498,two-phase,False,
0.04966807360352575,1.0002946294136443,2913.335241783309,768.6146137344346,1.3851305702114116,1064.6315981948012,2361735.848227771,694.9755272751622,624.6958120153347,277.05923125000663,3446758.8338555465,382728.58684232633,101.36860378179924,33.84465956332738,44946.61820067637,2.192049021982407,0.03607313457940918,6162.997156695791,0.820089647469443,6793.691972888378,16.802400518387834,277.05923125000663,0.9368576573049253,,,0.0009392920534160445,2.9757652750440105e-05,0.00014719536946783946,3430.785885404816,22576.14910106619,2142483.2588201636,292.23549676565045,11597926.746614005,0.03428976384098193,0.0485,0.03428976384098193,-0.0,1.0,0.005557521601035995,0.0013216415145030625,0.006157521601035994,0.0002084070600388498,two-phase,False,
0.04966807360352575,1.0002946294136443,2913.335241783309,768.6146137344346,1.3850112715294824,1064.539903484471,2361045.90460936,695.4325620611662,625.2036216076098,277.0669204534446,3447420.509654377,382409.09429303656,101.52863132988456,33.79131423782896,44952.48496074143,2.1921338860153536,0.03607295397573658,6151.917658971863,0.8204045606900444,6781.950586599657,16.8096363789709,277.0669204534446,0.9354302899946809,,,0.0009393729598362467,2.9744843298663337e-05,0.00014745020436685035,3430.785885404816,22577.576824819134,2141708.3195665185,292.2381877912231,11592156.48902501,0.03460726165432436,0.0485,0.03460726165432436,-1.4210854715201802e-14,1.0,0.005557521601035995,0.0013216415145030625,0.006157521601035994,0.0002084070600388498,two-phase,False,
0.04966807360352575,1.0002946294136443,2913.335241783309,768.6146137344346,1.3848923559829165,1064.4485032575803,2360358.1581745995,695.8882248998357,625.70985813946,277.0745853473567,3448081.245091202,382089.694808376,101.68899920345801,33.73802389912939,44958.334279772826,2.1922185528140337,0.03607277395421727,6140.905565088309,0.8207177705533685,6770.279264261701,16.816850171464225,277.0745853473567,0.9340030840210017,,,0.0009394536202922493,2.9732083886221932e-05,0.00014770439459989542,3430.785885404816,22579.000411502075,2140936.2868751087,292.24087082942634,11586415.012252022,0.03492475946766678,0.0485,0.03492475946766678,1.4210854715202206e-14,1.0,0.005557521601035995,0.0013216415145030625,0.006157521601035994,0.0002084070600388498,two-phase,False,
0.04966807360352575,1.0002946294136443,2913.335241783309,768.6146137344346,1.3847739097452216,1064.3574637483462,2359673.1055112635,696.3421864603292,626.2141561388366,277.0822491639439,3448741.1173537136,381770.38802382833,101.84977586352244,33.684766179574424,44964.18388194541,2.1923032786899883,0.03607259396914736,6129.968859997731,0.821029048398965,6758.686497481755,16.824036656196213,277.0822491639439,0.9325760669424732,,,0.0009395339761871931,2.9719383654329613e-05,0.00014795774302781966,3430.785885404816,22580.424174381045,2140167.7177877165,292.2435540100193,11580668.030189397,0.03524225728100921,0.0485,0.03524225728100921,-1.4210854715201802e-14,1.0,0.005557521601035995,0.0013216415145030625,0.006157521601035994,0.0002084070600388498,two-phase,False,
0.04966807360352575,1.0002946294136443,2913.335241783309,768.6146137344346,1.384655859855612,1064.2667288780426,2358990.3268529205,696.7947234681451,626.7168237050664,277.08990029415526,3449400.088994147,381451.17363167915,102.01092913172502,33.631552173931276,44970.0249038337,2.1923879351506987,0.03607241429313052,6119.100071566578,0.8213386012449265,6747.164388368442,16.831200241647135,277.08990029415526,0.9311492258249086,,,0.0009396140768716945,2.9706734684481956e-05,0.00014821040994998107,3430.785885404816,22581.845956006586,2139402.132065309,292.2462332672418,11574932.682941375,0.03555975509435163,0.0485,0.03555975509435163,1.4210854715202206e-14,1.0,0.005557521601035995,0.0013216415145030625,0.006157521601035994,0.0002084070600388498,two-phase,False,
0.04966807360352575,1.0002946294136443,2913.335241783309,768.6146137344346,1.3845381459475052,1064.176252248032,2358309.472772897,697.2460669017437,627.2181178556116,277.0975387432219,3450058.1608451596,381132.051371498,102.17246036556958,33.578381817659874,44975.85734440649,2.192472521941923,0.03607223492598318,6108.293140675198,0.8216465974476473,6735.706535021676,16.83834458167067,277.0975387432219,0.9297225612957399,,,0.0009396939631828262,2.969413041613803e-05,0.00014846252502251895,3430.785885404816,22583.265755746193,2138639.131801438,292.24890860043575,11569208.966796622,0.03587725290769406,0.0485,0.03587725290769406,-0.0,1.0,0.005557521601035995,0.0013216415145030625,0.006157521601035994,0.0002084070600388498,two-phase,False,
0.04966807360352575,1.0002946294136443,2913.335241783309,768.6146137344346,1.3844207954956183,1064.0860549757833,2357630.6997269937,697.6961130658019,627.7179237014622,277.1051645163646,3450715.3828311246,380813.02096168295,102.33441479094314,33.52524067698533,44981.68120262115,2.1925570388102624,0.03607205586752256,6097.550164779177,0.8219529735058692,6724.3151823871285,16.84546800326633,277.1051645163646,0.9282956241714658,,,0.0009397736163573332,2.968157369703532e-05,0.00014871402854810866,3430.785885404816,22584.683572963993,2137878.8875427735,292.2515800089447,11563497.30753801,0.036194750721036485,0.0485,0.036194750721036485,-1.4210854715201903e-14,1.0,0.005557521601035995,0.0013216415145030625,0.006157521601035994,0.0002084070600388498,two-phase,False,
0.04966807360352575,1.0002946294136443,2913.335241783309,768.6146137344346,1.3843038383285708,1063.9961599880096,2356954.183372725,698.1447439160179,628.2161108984358,277.112789223321,3451371.6951846,380494.08209686255,102.4967400664895,33.47214636464798,44987.50534241194,2.1926416142762326,0.03607187684510856,6086.873752896548,0.8222576530058859,6712.993121590794,16.852568695144644,277.112789223321,0.9268693270711365,,,0.0009398530160214763,2.9669067608907235e-05,0.0001489648480025595,3430.785885404816,22586.10156544509,2137121.593259049,292.2542515585054,11557779.734557187,0.036512248534378906,0.0485,0.036512248534378906,1.4210854715202206e-14,1.0,0.005557521601035995,0.0013216415145030625,0.006157521601035994,0.0002084070600388498,two-phase,False,
0.04966807360352575,1.0002946294136443,2913.335241783309,768.6146137344346,1.3841871588949732,1063.9064784702243,2356279.255320946,698.5924020658499,628.713171291509,277.1203896586174,3452027.159261469,380175.2345621105,102.65945772557387,33.419092224078256,44993.31203324548,2.192725990626982,0.03607169840352821,6076.252419283681,0.822560957010841,6701.728187870499,16.85965364251093,277.1203896586174,0.9254427459446146,,,0.0009399322405084754,2.9656599750025134e-05,0.0001492152429891004,3430.785885404816,22587.515415987345,2136366.489999536,292.2569151158921,11552091.653247155,0.036829746347721334,0.0485,0.036829746347721334,-1.4210854715201802e-14,1.0,0.005557521601035995,0.0013216415145030625,0.006157521601035994,0.0002084070600388498,two-phase,False,
0.04966807360352575,1.0002946294136443,2913.335241783309,768.6146137344346,1.3840707998566892,1063.817043212959,2355606.1595961805,699.0389258663004,629.2089256187342,277.1279890348845,3452681.7152165836,379856.4781094796,102.82254885169664,33.36608481037674,44999.11900443484,2.1928104252473384,0.036071519997739866,6065.690099641805,0.8228627722213449,6690.52457782014,16.866720258090545,277.1279890348845,0.9240168057977682,,,0.0009400112607519262,2.9644174584573577e-05,0.00014946511119847243,3430.785885404816,22588.929441055756,2135613.8513092715,292.25957881345016,11546397.663560892,0.037147244161063755,0.0485,0.037147244161063755,1.4210854715202206e-14,1.0,0.005557521601035995,0.0013216415145030625,0.006157521601035994,0.0002084070600388498,two-phase,False,
0.04966807360352575,1.0002946294136443,2913.335241783309,768.6146137344346,1.3839547307956837,1063.7278308364678,2354934.72403419,699.4844279126451,629.703499564936,277.13556415310063,3453335.3866326623,379537.8125143195,102.98603528519214,33.313117413484036,45004.908523738646,2.1928946600687347,0.036071342172312434,6055.18330204497,0.8231631931000744,6679.37860339848,16.8737703825023,277.13556415310063,0.9225905831808697,,,0.0009400900973077342,2.9631788786132122e-05,0.00014971452576309992,3430.785885404816,22590.339322383017,2134863.475342215,292.2622345170992,11540732.811996223,0.037464741974406184,0.0485,0.037464741974406184,-0.0,1.0,0.005557521601035995,0.0013216415145030625,0.006157521601035994,0.0002084070600388498,two-phase,False,
0.04966807360352575,1.0002946294136443,2913.335241783309,768.6146137344346,1.3838389576881818,1063.6388459341645,2354264.9818912433,699.9288859600051,630.1968686968181,277.14313821941363,3453988.200539347,379219.23754747974,103.14994235469112,33.26018228500531,45010.69832218256,2.192978952832123,0.03607116438242344,6044.732615126327,0.8234622018069072,6668.290910586814,16.880803641501043,277.14313821941363,0.9211645524797267,,,0.0009401687460199216,2.9619442925736204e-05,0.00014996346341344596,3430.785885404816,22591.74937749963,2134115.399508787,292.2648903600422,11535062.486272639,0.03778223978774861,0.0485,0.03778223978774861,-1.4210854715201802e-14,1.0,0.005557521601035995,0.0013216415145030625,0.006157521601035994,0.0002084070600388498,two-phase,False,
0.04966807360352575,1.0002946294136443,2913.335241783309,768.6146137344346,1.383723493975074,1063.5500988369138,2353597.009855496,700.372248851088,630.6889765521942,277.15069963769486,3454640.0708710724,378900.75296943256,103.3141928073682,33.20730474855085,45016.47953290925,2.1930631743330076,0.03607098690024006,6034.338690569626,0.8237597753803252,6657.262207635574,16.887819215493924,277.15069963769486,0.9197391523565992,,,0.0009402471976577207,2.9607138353380127e-05,0.00015021189924786888,3430.785885404816,22593.15744681965,2133369.7029824816,292.26754227480717,11529403.346244661,0.03809973760109103,0.0485,0.03809973760109103,1.4210854715202105e-14,1.0,0.005557521601035995,0.0013216415145030625,0.006157521601035994,0.0002084070600388498,two-phase,False,
0.04966807360352575,1.0002946294136443,2913.335241783309,768.6146137344346,1.3836082506354768,1063.4615211219636,2352930.2945304853,700.8148564212529,631.1802007434991,277.15824841309916,3455291.0967498748,378582.3586101221,103.47887724359764,33.15445602804975,45022.25215488568,2.193147324319129,0.036070809725581764,6023.993126902364,0.824056150926376,6646.283596375836,16.894822496280156,277.15824841309916,0.9183134833587149,,,0.0009403255126193837,2.9594865534105984e-05,0.00015046002559163918,3430.785885404816,22594.56352970876,2132625.8076108852,292.270190260744,11523756.245957978,0.03841723541443346,0.0485,0.03841723541443346,-1.4210854715201802e-14,1.0,0.005557521601035995,0.0013216415145030625,0.006157521601035994,0.0002084070600388498,two-phase,False,
0.04966807360352575,1.0002946294136443,2913.335241783309,768.6146137344346,1.3834932536829476,1063.373132783715,2352264.987363063,701.2566074423544,631.67042935377,277.1657845507706,3455941.2297427617,378264.054278999,103.64395255685726,33.10165041730483,45028.01618706765,2.1932314025390562,0.03607063285826875,6013.698015764652,0.8243512661457909,6635.357312935157,16.90181191132961,277.1657845507706,0.9168879961343598,,,0.000940403673151102,2.9582627154005922e-05,0.00015070778450025158,3430.785885404816,22595.967625529047,2131883.8790311506,292.27283431720343,11518120.75174298,0.03873473322777588,0.0485,0.03873473322777588,1.4210854715202206e-14,1.0,0.005557521601035995,0.0013216415145030625,0.006157521601035994,0.0002084070600388498,two-phase,False,
0.04966807360352575,1.0002946294136443,2913.335241783309,768.6146137344346,1.3833784658679815,1063.2849051916533,2351600.870241566,701.6976470431687,632.1598234720361,277.1733196475,3456590.5570589243,377945.83981502824,103.8094995992542,33.048862567000214,45033.780496804764,2.1933155382247636,0.0360704560260988,6003.449847619955,0.824645219410803,6624.479648961312,16.908789702312372,277.1733196475,0.9154622520018472,,,0.0009404817044964572,2.9570419219988418e-05,0.00015095525278831454,3430.785885404816,22597.37189419217,2131143.672292552,292.27547851163484,11512480.232911162,0.03905223104111831,0.0485,0.03905223104111831,-0.0,1.0,0.005557521601035995,0.0013216415145030625,0.006157521601035994,0.0002084070600388498,two-phase,False,
0.04966807360352575,1.0002946294136443,2913.335241783309,768.6146137344346,1.383263928425548,1063.196870039579,2350938.183952956,702.1378142876474,632.6482050629992,277.18083052350045,3457238.943845252,377627.7150245922,103.97536115172284,32.996143003519336,45039.5273467174,2.1933994722461216,0.036070279772991716,5993.2517042773125,0.8249379180474885,6613.653888767013,16.9157533779817,277.18083052350045,0.9140371299770983,,,0.0009405595785499008,2.9558246022362934e-05,0.00015120234847766284,3430.785885404816,22598.772014233975,2130405.4482738324,292.27811470740824,11506868.269398376,0.03936972885446074,0.0485,0.03936972885446074,-1.4210854715201802e-14,1.0,0.005557521601035995,0.0013216415145030625,0.006157521601035994,0.0002084070600388498,two-phase,False,
0.04966807360352575,1.0002946294136443,2913.335241783309,768.6146137344346,1.3831496046392888,1063.108999106763,2350276.716341932,702.5772495956189,633.1357301501241,277.1883287771401,3457886.44015036,377309.67974278145,104.14161788391169,32.94346635971382,45045.26560372371,2.1934833337476025,0.03607010382669228,5983.100201778684,0.8252294572666051,6602.876456679522,16.92270514174643,277.1883287771401,0.9126121916121225,,,0.0009406373201997275,2.9546103640756328e-05,0.00015144914592312147,3430.785885404816,22600.170145298733,2129668.9689772986,292.2807469717631,11501267.899923692,0.03968722666780316,0.0485,0.03968722666780316,1.4210854715202206e-14,1.0,0.005557521601035995,0.0013216415145030625,0.006157521601035994,0.0002084070600388498,two-phase,False,
0.04966807360352575,1.0002946294136443,2913.335241783309,768.6146137344346,1.3830354577758908,1063.0212641594433,2349616.252995162,703.0160955778374,633.6225571049765,277.19582600039723,3458533.0955804447,376991.7338337008,104.30835126276916,32.890807340652195,45051.00413644427,2.1935672522267273,0.03606992791516105,5972.991945998032,0.8255199328307227,6592.143764620618,16.92964723159396,277.19582600039723,0.9111869975251855,,,0.0009407149543623893,2.9533988107377946e-05,0.00015169572080131214,3430.785885404816,22601.568448091777,2128933.994226058,292.28337937278604,11495662.186727282,0.04000472448114559,0.0485,0.04000472448114559,-1.4210854715201802e-14,1.0,0.005557521601035995,0.0013216415145030625,0.006157521601035994,0.0002084070600388498,two-phase,False,
0.04966807360352575,1.0002946294136443,2913.335241783309,768.6146137344346,1.3829215851766965,1062.9337400155985,2348957.358138971,703.4539766496041,634.1082696681974,277.2033106083105,3459178.8501111707,376673.87708510493,104.47543750529454,32.83820548950516,45056.73407503616,2.1936510978608075,0.036069752310188295,5962.935211334034,0.825809104031068,6581.4646126696925,16.93657372884512,277.2033106083105,0.9097624382403915,,,0.000940792414760797,2.9521909685217915e-05,0.0001519418638330051,3430.785885404816,22602.964761165673,2128201.1474779313,292.2860078415234,11490067.968887856,0.04032222229448801,0.0485,0.04032222229448801,1.4210854715202206e-14,1.0,0.005557521601035995,0.0013216415145030625,0.006157521601035994,0.0002084070600388498,two-phase,False,
0.04966807360352575,1.0002946294136443,2913.335241783309,768.6146137344346,1.3828078168182893,1062.8462959927463,2348299.0493723243,703.8915449607998,634.5935915362274,277.21078260596977,3459823.7653284385,376356.1094176852,104.64296917322771,32.78563206406572,45062.45541845234,2.193734870399921,0.036069577011596424,5952.914571837108,0.826097411035329,6570.822632463523,16.943494961422832,277.21078260596977,0.9083376137258342,,,0.0009408698169907578,2.9509850307649424e-05,0.00015218794600533624,3430.785885404816,22604.359083880612,2127469.331005008,292.2886323773316,11484485.771011679,0.040639720107830436,0.0485,0.040639720107830436,-0.0,1.0,0.005557521601035995,0.0013216415145030625,0.006157521601035994,0.0002084070600388498,two-phase,False,
0.04966807360352575,1.0002946294136443,2913.335241783309,768.6146137344346,1.382694223978602,1062.758986876147,2347641.7381117395,704.3285270884262,635.0782195777595,277.218241998454,3460467.792848091,376038.43069646077,104.81090225858416,32.73310134226833,45068.168165659124,2.1938185695937555,0.03606940201920785,5942.936158713022,0.8263846756839068,6560.224348059369,16.950406593863512,277.218241998454,0.9069129749207925,,,0.0009409471125145509,2.9497817484862754e-05,0.0001524338112454672,3430.785885404816,22605.751415600866,2126739.000512286,292.2912529795679,11478915.161267933,0.040957217921172864,0.0485,0.040957217921172864,-1.4210854715201802e-14,1.0,0.005557521601035995,0.0013216415145030625,0.006157521601035994,0.0002084070600388498,two-phase,False,
0.04966807360352575,1.0002946294136443,2913.335241783309,768.6146137344346,1.3825807978955669,1062.6718059311474,2346985.3728593304,704.7649571855859,635.5621918406689,277.22568879083184,3461110.9706831775,375720.84079341963,104.97923824033171,32.68061326136343,45073.8723156109,2.1939021951929094,0.03606922733284575,5932.998948666993,0.8266709250480769,6549.668685394617,16.95730915637252,277.22568879083184,0.9054885224547311,,,0.0009410243072401526,2.9485810242015967e-05,0.00015267947861697835,3430.785885404816,22607.14175568682,2126010.09586369,292.2938696475909,11473356.458946098,0.041274715734515285,0.0485,0.041274715734515285,1.4210854715202206e-14,1.0,0.005557521601035995,0.0013216415145030625,0.006157521601035994,0.0002084070600388498,two-phase,False,
0.04966807360352575,1.0002946294136443,2913.335241783309,768.6146137344346,1.3824675303670135,1062.5847468534398,2346329.907043804,705.2008656859371,636.0455423252104,277.23312298816154,3461753.2623912306,375403.3395868515,105.14797860473305,32.6281677587132,45079.56786727033,2.193985746947836,0.036069052952333466,5923.102011082761,0.8269561837328352,6539.154668556191,16.964203137370237,277.23312298816154,0.9040642569572196,,,0.0009411014066983666,2.947382768003739e-05,0.00015292496518067443,3430.785885404816,22608.530103501336,2125282.5625767447,292.29648238076015,11467809.336431433,0.04159221354785771,0.0485,0.04159221354785771,-1.4210854715201802e-14,1.0,0.005557521601035995,0.0013216415145030625,0.006157521601035994,0.0002084070600388498,two-phase,False,
0.04966807360352575,1.0002946294136443,2913.335241783309,768.6146137344346,1.3823544676824082,1062.497845221784,2345675.609735096,705.6360729953822,636.528072233524,277.24055617287263,3462394.6685779155,375085.9269186361,105.317159753863,32.57575397421383,45085.26369180683,2.1940693548837324,0.036068878605953945,5913.249428774223,0.827240333362319,6528.686650329155,16.971085720003263,277.24055617287263,0.9026401882036106,,,0.0009411783793229827,2.9461874640740657e-05,0.00015317016324402447,3430.785885404816,22609.918621337853,2124556.699111356,292.2990952484283,11462256.471570225,0.041909711361200135,0.0485,0.041909711361200135,1.4210854715202206e-14,1.0,0.005557521601035995,0.0013216415145030625,0.006157521601035994,0.0002084070600388498,two-phase,False,
0.04966807360352575,1.0002946294136443,2913.335241783309,768.6146137344346,1.3822414929448437,1062.411011187509,2345021.804793077,706.0710284992892,637.0102800506429,277.2479651936665,3463035.190256935,374768.60272214725,105.48671343397507,32.52339345610735,45090.942044178955,2.194152758290765,0.03606870483666639,5903.430291163648,0.8275236836212582,6518.253046390758,16.977964020595824,277.2479651936665,0.9012162983399701,,,0.0009412553046511168,2.9449938720181894e-05,0.0001534153388772952,3430.785885404816,22611.302982957433,2123831.747145828,292.30170011018186,11456732.5024793,0.04222720917454256,0.0485,0.04222720917454256,-0.0,1.0,0.005557521601035995,0.0013216415145030625,0.006157521601035994,0.0002084070600388498,two-phase,False,
0.04966807360352575,1.0002946294136443,2913.335241783309,768.6146137344346,1.3821287086054992,1062.3243234960887,2344369.0814927127,706.505340932089,637.4917318859166,277.25537320876595,3463674.865019324,374451.36685101915,105.65671103303589,32.471064562402525,45096.62066820039,2.194236217555691,0.036068531101266135,5893.65374165004,0.8278059710282578,6507.863587400328,16.98483178820759,277.25537320876595,0.8997926060951549,,,0.0009413321128796331,2.943803072263249e-05,0.00015366025832748998,3430.785885404816,22612.6875138524,2123108.363195975,292.30430510557625,11451203.117978495,0.04254470698788499,0.0485,0.04254470698788499,-1.4210854715201802e-14,1.0,0.005557521601035995,0.0013216415145030625,0.006157521601035994,0.0002084070600388498,two-phase,False,
0.04966807360352575,1.0002946294136443,2913.335241783309,768.6146137344346,1.3820159717723624,1062.2376723186335,2343716.6162043232,706.9395572012509,637.9730344535144,277.2627686458138,3464313.705555202,374134.219270338,105.82716590415302,32.418763708668685,45102.2906906123,2.194319602156037,0.0360683576711191,5883.906917964837,0.8280875634702565,6497.504613450037,16.991697731210134,277.2627686458138,0.8983686522738651,,,0.0009414089012840392,2.9426135510968182e-05,0.00015390523893280027,3430.785885404816,22614.0700504498,2122385.628366864,292.3069061639822,11445685.733379094,0.04286220480122741,0.0485,0.04286220480122741,1.4210854715202004e-14,1.0,0.005557521601035995,0.0013216415145030625,0.006157521601035994,0.0002084070600388498,two-phase,False,
0.04966807360352575,1.0002946294136443,2913.335241783309,768.6146137344346,1.3819033935083538,1062.1511430197277,2343065.0505226245,707.3732504783616,638.4537146807304,277.2701515098248,3464951.614613031,373817.1598583707,105.99798622455427,32.36651947459432,45107.952110372964,2.1944029118435706,0.03606818454605045,5874.199351802454,0.8283681842732434,6487.186266042588,16.998555078799296,277.2701515098248,0.8969453388243269,,,0.0009414855941848068,2.9414264782046278e-05,0.0001541500365473605,3430.785885404816,22615.450592110257,2121664.252660235,292.30950328476376,11440179.495000651,0.04317970261456984,0.0485,0.04317970261456984,-1.4210854715201802e-14,1.0,0.005557521601035995,0.0013216415145030625,0.006157521601035994,0.0002084070600388498,two-phase,False,
0.04966807360352575,1.0002946294136443,2913.335241783309,768.6146137344346,1.3817909349115938,1062.0647056988178,2342414.159920455,707.806569799814,638.9339379857541,277.2775218058031,3465588.727867069,373500.1885237667,106.1692671606563,32.31430316094505,45113.604926437125,2.194486146370508,0.03606801172588583,5864.527462397079,0.8286479348046751,6476.904750266975,17.005406198534942,277.2775218058031,0.8955217649768829,,,0.0009415622180402083,2.940241439472797e-05,0.0001543947361521382,3430.785885404816,22616.829138193338,2120943.9846394304,292.31209646728587,11434685.567204218,0.04349720042791226,0.0485,0.04349720042791226,1.4210854715202206e-14,1.0,0.005557521601035995,0.0013216415145030625,0.006157521601035994,0.0002084070600388498,two-phase,False,
0.04966807360352575,1.0002946294136443,2913.335241783309,768.6146137344346,1.381678541695468,1061.978318630419,2341763.6297178064,708.2397246376636,639.4139366059283,277.28487953874253,3466224.9601138267,373183.3052177573,106.34096350828601,32.26212902554237,45119.24913776967,2.1945693054888715,0.03606783921045102,5854.886350999084,0.8289269546003213,6466.6548679724965,17.012254393934473,277.28487953874253,0.8940983820414347,,,0.000941638809810779,2.939057860422481e-05,0.00015463945740365947,3430.785885404816,22618.205688061593,2120224.473522834,292.3146857109148,11429203.200923832,0.04381469824125469,0.0485,0.04381469824125469,-0.0,1.0,0.005557521601035995,0.0013216415145030625,0.006157521601035994,0.0002084070600388498,two-phase,False,
0.04966807360352575,1.0002946294136443,2913.335241783309,768.6146137344346,1.3815662928914303,1061.8920425592614,2341113.9194900705,708.6724082171377,639.8933708765021,277.29222471362647,3466860.312155567,372866.509829385,106.51307681605553,32.209997006561615,45124.88474332142,2.194652388951684,0.036067666999572645,5845.282754844999,0.8292050475786935,6456.4437930333315,17.019094843501893,277.29222471362647,0.8926751906484566,,,0.0009417153156076999,2.937876570979369e-05,0.00015488402471326796,3430.785885404816,22619.580241073094,2119506.226552888,292.31727101501747,11423732.39234958,0.04413219605459712,0.0485,0.04413219605459712,-1.4210854715201802e-14,1.0,0.005557521601035995,0.0013216415145030625,0.006157521601035994,0.0002084070600388498,two-phase,False,
0.04966807360352575,1.0002946294136443,2913.335241783309,768.6146137344346,1.3814541083815302,1061.8058159055174,2340464.5620474224,709.104932448025,640.3725863371446,277.2995689002995,3467494.7845910224,372549.8023109115,106.68564405205267,32.15789636823968,45130.52061765683,2.194735527481897,0.0360674948219577,5835.709690810015,0.8294824144600741,6446.2641111977855,17.025932435594118,277.2995689002995,0.8912521990345423,,,0.000941791790005587,2.93669672360915e-05,0.000155128611355359,3430.785885404816,22620.954961634972,2118788.726327831,292.31985645061786,11418255.874521814,0.04444969386793954,0.0485,0.04444969386793954,1.4210854715202408e-14,1.0,0.005557521601035995,0.0013216415145030625,0.006157521601035994,0.0002084070600388498,two-phase,False,
0.04966807360352575,1.0002946294136443,2913.335241783309,768.6146137344346,1.3813420445958111,1061.7196820421434,2339815.88590595,709.5370778409415,640.8513400635904,277.30688897243044,3468128.378422563,372233.1825701443,106.85859602070236,32.10584841242111,45136.139008950115,2.194818458978915,0.036067323219724924,5826.171528961844,0.8297589252634754,6436.120476830585,17.032763726660466,277.30688897243044,0.8898293924257343,,,0.0009418681945092796,2.9355189094613986e-05,0.00015537310148246974,3430.785885404816,22622.32551927907,2118072.3304593777,292.3224338739806,11412808.175021045,0.044767191681281966,0.0485,0.044767191681281966,-1.4210854715201802e-14,1.0,0.005557521601035995,0.0013216415145030625,0.006157521601035994,0.0002084070600388498,two-phase,False,
0.04966807360352575,1.0002946294136443,2913.335241783309,768.6146137344346,1.3812300767306662,1061.6336219047244,2339167.7486411156,709.9689387791614,641.3297368188803,277.31420806316765,3468761.0942470157,371916.65053416364,107.03200518164691,32.05383174483498,45141.75766778361,2.1949014452232207,0.03606715165051472,5816.66636797036,0.8300346354377105,6426.010881010819,17.03959021839091,277.31420806316765,0.8884067864722197,,,0.000941944545996815,2.934342866182003e-05,0.00015561753917271595,3430.785885404816,22623.696243719107,2117356.8835323006,292.32501142799316,11407354.772320537,0.04508468949462439,0.0485,0.04508468949462439,1.4210854715202206e-14,1.0,0.005557521601035995,0.0013216415145030625,0.006157521601035994,0.0002084070600388498,two-phase,False,
0.04966807360352575,1.0002946294136443,2913.335241783309,768.6146137344346,1.3811181066451244,1061.5475600606758,2338519.5785713615,710.4008971010066,641.808199445622,277.32151461259014,3469393.018234305,371600.2062074086,107.20588561284173,32.00184267675932,45147.367717512956,2.1949843549980548,0.03606698038527442,5807.185386601926,0.8303097973510519,6415.92594704143,17.04641790238573,277.32151461259014,0.8869839231940199,,,0.0009420209113785181,2.933167559678462e-05,0.00015586214807562253,3430.785885404816,22625.064969269268,2116641.749773365,292.3275850403705,11401913.661085151,0.045402187307966815,0.0485,0.045402187307966815,-0.0,1.0,0.005557521601035995,0.0013216415145030625,0.006157521601035994,0.0002084070600388498,two-phase,False,
0.04966807360352575,1.0002946294136443,2913.335241783309,768.6146137344346,1.381006252703395,1061.461587486459,2337872.0650377003,710.8324921795465,642.2862181095993,277.3288086256382,3470024.065538829,371283.8495010379,107.38019128976995,31.94989545275344,45152.969157096064,2.1950671880571897,0.03606680942383207,5797.73868028757,0.8305841176421686,6405.876423617161,17.053239557937516,277.3288086256382,0.8855612541459021,,,0.0009420972099122305,2.931994230781051e-05,0.00015610666423616974,3430.785885404816,22626.431695289102,2115927.689622711,292.3301547104841,11396484.097375879,0.04571968512130924,0.0485,0.04571968512130924,-1.4210854715201802e-14,1.0,0.005557521601035995,0.0013216415145030625,0.006157521601035994,0.0002084070600388498,two-phase,False,
0.04966807360352575,1.0002946294136443,2913.335241783309,768.6146137344346,1.3808945039242366,1061.3756957417309,2337225.143314335,711.2637672890764,642.7638407926283,277.3360901072421,3470654.188111222,370967.5803349688,107.55487560420514,31.898004308329845,45158.56198548383,2.195149944155033,0.036066638766016346,5788.325121975524,0.8308576270859803,6395.861121468471,17.060055848640346,277.3360901072421,0.8841392310446016,,,0.0009421734490548711,2.9308227618718437e-05,0.00015635111222840357,3430.785885404816,22627.79642113595,2115214.6295592296,292.33272043770666,11391065.656001009,0.046037182934651665,0.0485,0.046037182934651665,1.4210854715202206e-14,1.0,0.005557521601035995,0.0013216415145030625,0.006157521601035994,0.0002084070600388498,two-phase,False,
0.04966807360352575,1.0002946294136443,2913.335241783309,768.6146137344346,1.3807827487302233,1061.2897990664515,2336578.164884136,711.6951554096586,643.2415469459295,277.34337061791837,3471283.52079889,370651.39871687477,107.73007222323265,31.846130004403225,45164.155079773234,2.195232754533963,0.036066468140848344,5778.935208816818,0.8311306005237671,6385.869938825549,17.066873590178858,277.34337061791837,0.8827169588405799,,,0.000942249704915317,2.9296519796556372e-05,0.00015659573551914745,3430.785885404816,22629.161312795644,2114501.8540238077,292.3352862943026,11385642.26908153,0.04635468074799409,0.0485,0.04635468074799409,-1.4210854715201802e-14,1.0,0.005557521601035995,0.0013216415145030625,0.006157521601035994,0.0002084070600388498,two-phase,False,
0.04966807360352575,1.0002946294136443,2913.335241783309,768.6146137344346,1.3806710830815612,1061.2039712170376,2335931.6895958786,712.1262820044226,643.7189221381923,277.35062704984705,3471911.979134827,370335.3045786715,107.90566317330918,31.794307958559788,45169.73068306838,2.195315356058356,0.03606629808982437,5769.576690667664,0.8314028099950291,6375.911127988293,17.073686911494313,277.35062704984705,0.8812948761175258,,,0.0009423259120046017,2.928482890613339e-05,0.00015684032915865264,3430.785885404816,22630.522036638304,2113789.975541369,292.3378441340698,11380247.644708313,0.046672178561336514,0.0485,0.046672178561336514,1.4210854715202206e-14,1.0,0.005557521601035995,0.0013216415145030625,0.006157521601035994,0.0002084070600388498,two-phase,False,
0.04966807360352575,1.0002946294136443,2913.335241783309,768.6146137344346,1.3805594820133336,1061.1181930050893,2335285.5695613665,712.5572464990778,644.1960763905126,277.3578825175889,3472539.599960189,370019.29787228676,108.08172173759505,31.74251696076983,45175.30655101814,2.19539801154546,0.03606612807121031,5760.247620322469,0.831674312339452,6365.982628216549,17.080497348514186,277.3578825175889,0.8798729962141508,,,0.0009424020873376956,2.9273152285784845e-05,0.00015708494012654152,3430.785885404816,22631.882925536225,2113078.8332999013,292.3404021023699,11374847.655402599,0.04698967637467894,0.0485,0.04698967637467894,-0.0,1.0,0.005557521601035995,0.0013216415145030625,0.006157521601035994,0.0002084070600388498,two-phase,False,
0.04966807360352575,1.0002946294136443,2913.335241783309,768.6146137344346,1.3804479174923354,1061.032442883876,2334639.643113709,712.9881564781876,644.6731289284385,277.3651139194505,3473166.3117676643,369703.3785715247,108.2581777562375,31.69077806879254,45180.86492503932,2.19548045751636,0.03606595862629667,5750.945139361384,0.8319451870152499,6356.081402298233,17.087306606248216,277.3651139194505,0.8784513074402108,,,0.000942478250035418,2.9261486992758e-05,0.0001573296401834029,3430.785885404816,22633.239644807378,2112368.243564418,292.3429520521837,11369476.094978174,0.04730717418802137,0.0485,0.04730717418802137,-1.4210854715201802e-14,1.0,0.005557521601035995,0.0013216415145030625,0.006157521601035994,0.0002084070600388498,two-phase,False,
0.04966807360352575,1.0002946294136443,2913.335241783309,768.6146137344346,1.3803363712725538,1060.946706829245,2333993.806608102,713.4190805055223,645.1501558380007,277.3723443638367,3473792.2002027137,369387.54666421446,108.43515374952511,31.639055848342363,45186.42356246786,2.195562957132274,0.03606578921355629,5741.66801016354,0.8322154709369387,6346.206143466765,17.094115792616915,277.3723443638367,0.8770293710766073,,,0.0009425544125478359,2.92498311153335e-05,0.00015757445903793576,3430.785885404816,22634.59652837549,2111658.094989165,292.3455021296929,11364099.283249822,0.04762467200136379,0.0485,0.04762467200136379,1.4210854715202206e-14,1.0,0.005557521601035995,0.0013216415145030625,0.006157521601035994,0.0002084070600388498,two-phase,False,
0.04966807360352575,1.0002946294136443,2913.335241783309,768.6146137344346,1.3802249014225347,1060.8610294735295,2333348.3930432242,713.8497972089253,645.6269119343555,277.37956230309845,3474417.204325025,369071.8020931245,108.61251767038925,31.587389363501902,45191.97358328317,2.1956453784886487,0.03606562010352413,5732.4207575499095,0.8324850298428051,6336.36167478113,17.10092136716615,277.37956230309845,0.8756080842240663,,,0.0009426305352137096,2.9238190695385708e-05,0.0001578192741080459,3430.785885404816,22635.95140844821,2110948.7509389566,292.34804826097553,11358733.891652303,0.04794216981470622,0.0485,0.04794216981470622,-1.4210854715201802e-14,1.0,0.005557521601035995,0.0013216415145030625,0.006157521601035994,0.0002084070600388498,two-phase,False,
0.04966807360352575,1.0002946294136443,2913.335241783309,768.6146137344346,1.3801134293561421,1060.775350414277,2332702.950209171,714.2806075498179,646.1037306317163,277.3867677421022,3475041.3865841124,368756.14486221544,108.79036924815024,31.535749985177567,45197.51498643492,2.195727721341645,0.03606545129603134,5723.196718945306,0.832754056441685,6326.540910751459,17.107728130546082,277.3867677421022,0.8741865449006818,,,0.0009427066716901541,2.92265575057417e-05,0.0001580642588275338,3430.785885404816,22637.304284381735,2110239.712229318,292.35059044541055,11353380.4467454,0.04825966762804864,0.0485,0.04825966762804864,1.4210854715202206e-14,1.0,0.005557521601035995,0.0013216415145030625,0.006157521601035994,0.0002084070600388498,two-phase,False,
0.04966807360352575,1.0002946294136443,2913.335241783309,768.6146137344346,1.3800020371300707,1060.6897327214622,2332057.953159317,714.7111944138255,646.5802610123017,277.39397223059933,3475664.685765413,368440.5749111646,108.9686480276014,31.484155741161523,45203.05665196411,2.195810117535271,0.036065282520461144,5714.002839362775,0.833022348364126,6316.751255456969,17.114531070751145,277.39397223059933,0.8727656615323528,,,0.0009427827659218048,2.9214940095817383e-05,0.00015830922566977945,3430.785885404816,22638.65732399802,2109531.502352452,292.3531327566965,11348021.237877749,0.04857716544139107,0.0485,0.04857716544139107,-0.0,1.0,0.005557521601035995,0.0013216415145030625,0.006157521601035994,0.0002084070600388498,two-phase,False,
0.04966807360352575,1.0002946294136443,2913.335241783309,768.6146137344346,1.3798906226908283,1060.6040979552793,2331412.807746226,715.1419552959974,647.0569427874007,277.4011526821296,3476287.164588444,368125.0922600482,109.14738191947376,31.432598978287587,45208.58081707559,2.195892302735622,0.03606511431759261,5704.830058237258,0.8332901655818391,6306.983064115627,17.121336413442307,277.4011526821296,0.8713445215839953,,,0.000942858887616862,2.92033278201017e-05,0.00015855441339134485,3430.785885404816,22640.00618998866,2108823.4625939936,292.3556670457806,11342691.146741817,0.048894663254733496,0.0485,0.048894663254733496,-1.4210854715201802e-14,1.0,0.005557521601035995,0.0013216415145030625,0.006157521601035994,0.0002084070600388498,two-phase,False,
0.04966807360352575,1.0002946294136443,2913.335241783309,768.6146137344346,1.37977924286493,1060.5184897934187,2330767.846517932,715.5726672034457,647.5335295070873,277.4083321898036,3476908.7746467777,367809.6968839427,109.32659592336435,31.381072980720308,45214.10524331293,2.195974540960379,0.03606494614641245,5695.683452044944,0.8335573615624596,6297.241753362498,17.128140695430087,277.4083321898036,0.8699235870619516,,,0.0009429349979506654,2.9191726579721738e-05,0.00015879968391971556,3430.785885404816,22641.355218900786,2108115.9615449226,292.35820146088406,11337355.406583402,0.04921216106807592,0.0485,0.04921216106807592,1.4210854715202206e-14,1.0,0.005557521601035995,0.0013216415145030625,0.006157521601035994,0.0002084070600388498,two-phase,False,
0.04966807360352575,1.0002946294136443,2913.335241783309,768.6146137344346,1.379667881407631,1060.432895749932,2330122.974837932,716.0033934629278,648.0100912375921,277.41549921356176,3477529.552557036,367494.3887707305,109.50625547454183,31.329588164051593,45219.62104855083,2.19605669987822,0.03606477827720099,5686.561373037206,0.8338239818969511,6287.525573732173,17.134944903217775,277.41549921356176,0.8685028534983362,,,0.0009430111080181136,2.9180134679400392e-05,0.00015904507874731652,3430.785885404816,22642.702241629024,2107408.892060333,292.3607319270709,11332031.494411808,0.049529658881418345,0.0485,0.049529658881418345,-1.4210854715201802e-14,1.0,0.005557521601035995,0.0013216415145030625,0.006157521601035994,0.0002084070600388498,two-phase,False,
0.04966807360352575,1.0002946294136443,2913.335241783309,768.6146137344346,1.3795565237061007,1060.347304593184,2329478.106785582,716.4341918208943,648.4866918333905,277.4226422193949,3478149.427633514,367179.1679199209,109.68632574954283,31.27815488357823,45225.119348971755,2.1961386468181496,0.03606461098003579,5677.462311261055,0.834090068264027,6277.8329218603985,17.14174993350736,277.4226422193949,0.867082317197365,,,0.0009430872278056698,2.9168550582028905e-05,0.00015929063618718543,3430.785885404816,22644.045088016526,2106702.1567473626,292.363254368597,11326735.939233411,0.049847156694760766,0.0485,0.049847156694760766,1.4210854715202408e-14,1.0,0.005557521601035995,0.0013216415145030625,0.006157521601035994,0.0002084070600388498,two-phase,False,
0.04966807360352575,1.0002946294136443,2913.335241783309,768.6146137344346,1.3794451515832822,1060.261702352023,2328833.1392885353,716.8651305622893,648.9634070037669,277.42978429129323,3478768.4850372653,366864.03434497037,109.86693163829254,31.22673796606753,45230.61790863942,2.196220646309545,0.036064443714209866,5668.3850849941055,0.8343556562952269,6268.162548213832,17.148556894004265,277.42978429129323,0.8656615360343095,,,0.0009431633697432042,2.915697239659959e-05,0.00015953638603149477,3430.785885404816,22645.38809618183,2105995.6455572126,292.36577693490045,11321435.16155173,0.050164654508103194,0.0485,0.050164654508103194,-0.0,1.0,0.005557521601035995,0.0013216415145030625,0.006157521601035994,0.0002084070600388498,two-phase,False,
0.04966807360352575,1.0002946294136443,2913.335241783309,768.6146137344346,1.3793338365106955,1060.1761439605039,2328188.483589383,717.2959356242768,649.4399334615428,277.43692542953534,3479386.6633302732,366548.98800368706,110.04797482343844,31.17536593389553,45236.11672776898,2.1963026983646428,0.03606427647970841,5659.335443906014,0.8346205767065275,6258.520585374041,17.155361422603765,277.43692542953534,0.8642414132353669,,,0.0009432394849635989,2.9145407530802825e-05,0.00015978216998070878,3430.785885404816,22646.731266267285,2105289.8085951926,292.36829962597164,11316128.64347869,0.05048215232144562,0.0485,0.05048215232144562,-1.4210854715201802e-14,1.0,0.005557521601035995,0.0013216415145030625,0.006157521601035994,0.0002084070600388498,two-phase,False,
0.04966807360352575,1.0002946294136443,2913.335241783309,768.6146137344346,1.3792224763115197,1060.090550884029,2327543.547525445,717.7270028602625,649.9167090555702,277.4440425657735,3480004.0254430594,366234.0289340095,110.22948433579623,31.124030980254645,45241.59803852817,2.1963845376298523,0.03606410981670291,5650.304521219194,0.8348850851105265,6248.8975888092555,17.16216976016408,277.4440425657735,0.862821038103898,,,0.0009433156433345073,2.9133845369632315e-05,0.0001600282267052728,3430.785885404816,22648.070257821975,2104583.9914978677,292.37081429033714,11310851.187051356,0.050799650134788044,0.0485,0.050799650134788044,1.4210854715202408e-14,1.0,0.005557521601035995,0.0013216415145030625,0.006157521601035994,0.0002084070600388498,two-phase,False,
0.04966807360352575,1.0002946294136443,2913.335241783309,768.6146137344346,1.379111210076114,1060.005030029481,2326899.139583745,718.1577910508072,650.3931354657791,277.451158774931,3480620.509863239,365919.157064473,110.41143443039519,31.072740818050217,45247.07960748899,2.196466429144578,0.036063943184790836,5641.30404957988,0.8351488399034843,6239.306071766329,17.16897340874142,277.451158774931,0.8614013222950693,,,0.0009433917497280063,2.9122300331913253e-05,0.00016027423378460787,3430.785885404816,22649.4094105309,2103879.083364406,292.37332907864607,11305567.994376354,0.05111714794813047,0.0485,0.05111714794813047,-1.4210854715202004e-14,1.0,0.005557521601035995,0.0013216415145030625,0.006157521601035994,0.0002084070600388498,two-phase,False,
0.04966807360352575,1.0002946294136443,2913.335241783309,768.6146137344346,1.3789998480382109,1059.9194355397333,2326254.1598446188,718.5890357567714,650.8700261214408,277.458250994656,3481236.1795912506,365604.3724724523,110.59385451798435,31.02148758950177,45252.54366515113,2.196548107216567,0.036063777123942486,5632.318031330144,0.8354123054244615,6229.728987669935,17.17578396650786,277.458250994656,0.8599813557261411,,,0.0009434679339479976,2.9110752730412853e-05,0.00016052062649582827,3430.785885404816,22650.74438289987,2103173.874157587,292.375835838623,11300313.8411164,0.05143464576147289,0.0485,0.05143464576147289,1.4210854715202206e-14,1.0,0.005557521601035995,0.0013216415145030625,0.006157521601035994,0.0002084070600388498,two-phase,False,
0.04966807360352575,1.0002946294136443,2913.335241783309,768.6146137344346,1.3788884917652882,1059.833845481034,2325609.196683549,719.0203436513202,651.3469460784876,277.46534229384736,3481850.986275466,365289.67515570397,110.77676950067998,30.97026480252935,45258.007979757385,2.19662983722447,0.036063611093957525,5623.355068510642,0.8356752312593723,6220.1755131635855,17.182595230131945,277.46534229384736,0.8585615976338944,,,0.0009435441265287422,2.9099213087623932e-05,0.00016076716772440387,3430.785885404816,22652.079515657413,2102469.011665244,292.37834272172216,11295054.068982527,0.05175214357481532,0.0485,0.05175214357481532,-0.0,1.0,0.005557521601035995,0.0013216415145030625,0.006157521601035994,0.0002084070600388498,two-phase,False,
0.04966807360352575,1.0002946294136443,2913.335241783309,768.6146137344346,1.3787771706902348,1059.7482824759313,2324964.4177196724,719.4516034085741,651.8237720563193,277.4724211444527,3482464.9306908087,364975.06508930284,110.96014434886781,30.919082752976088,45263.4636658261,2.1967114861594528,0.03606344536471381,5614.41723466266,0.8359375541571954,6210.647863448043,17.18940539146946,277.4724211444527,0.8571420450957095,,,0.0009436203073277561,2.9087684455224592e-05,0.00016101379791396152,3430.785885404816,22653.412637604048,2101764.6763788327,292.3808456514011,11289805.794087209,0.05206964138815775,0.0485,0.05206964138815775,-1.4210854715201802e-14,1.0,0.005557521601035995,0.0013216415145030625,0.006157521601035994,0.0002084070600388498,two-phase,False,
0.04966807360352575,1.0002946294136443,2913.335241783309,768.6146137344346,1.378665755379794,1059.662647040133,2324319.07647755,719.8833135022883,652.301055451059,277.4794875512243,3483078.0976719563,364660.5423493354,111.14403215344481,30.86792712962125,45268.910722312336,2.1967930537806164,0.03606327993604674,5605.494002387095,0.836199581737358,6201.134821298993,17.196222377740337,277.4794875512243,0.8557222468612389,,,0.0009436965649333931,2.9076153414207144e-05,0.0001612608060971852,3430.785885404816,22654.743748096356,2101060.050827851,292.38334462705086,11284569.731346603,0.05238713920150017,0.0485,0.05238713920150017,1.4210854715202206e-14,1.0,0.005557521601035995,0.0013216415145030625,0.006157521601035994,0.0002084070600388498,two-phase,False,
0.04966807360352575,1.0002946294136443,2913.335241783309,768.6146137344346,1.378554362069605,1059.5770285140493,2323673.845795444,720.3150240326804,652.7782988037941,277.48654151890406,3483690.3549786443,364346.10692084086,111.32833222938402,30.816826379253833,45274.34914816805,2.196874539847526,0.036063114807792306,5596.594728178161,0.8364610388557152,6191.646367632599,17.203039071855763,277.48654151890406,0.8543031072911652,,,0.0009437728198037663,2.9064632005515926e-05,0.000161507931917364,3430.785885404816,22656.072846489813,2100355.870349333,292.38583964806344,11279344.739031252,0.0527046370148426,0.0485,0.0527046370148426,-1.42108547152016e-14,1.0,0.005557521601035995,0.0013216415145030625,0.006157521601035994,0.0002084070600388498,two-phase,False,
0.04966807360352575,1.0002946294136443,2913.335241783309,768.6146137344346,1.3784430067247997,1059.4914391687146,2323028.8164560148,720.7466746886266,653.2554354115564,277.4935945760849,3484301.752087996,364031.7587765739,111.51313473286287,30.765755923044328,45279.78782928954,2.1969560773932484,0.036062949710044076,5587.720749522992,0.836721886012035,6182.183936748276,17.20985450362924,277.4935945760849,0.852884177570877,,,0.0009438490610028977,2.9053121854955787e-05,0.00016175513543939993,3430.785885404816,22657.402104260444,2099652.2349153203,292.38833479096223,11274114.149389552,0.05302213482818502,0.0485,0.05302213482818502,1.4210854715202206e-14,1.0,0.005557521601035995,0.0013216415145030625,0.006157521601035994,0.0002084070600388498,two-phase,False,
0.04966807360352575,1.0002946294136443,2913.335241783309,768.6146137344346,1.3783315359473765,1059.4057611001826,2322383.1024485347,721.1788577772768,653.733120130223,277.50062367828497,3484912.3386347676,363717.4980091825,111.69841892415155,30.714722002774987,45285.20899115778,2.1970373997154233,0.036062785182173894,5578.859327243331,0.8369824939696162,6172.73394603012,17.216678054599026,277.50062367828497,0.8514650013466696,,,0.0009439253935730061,2.9041607121557165e-05,0.0001620027703677609,3430.785885404816,22658.72717678294,2098948.172042938,292.3908219010793,11268912.543435598,0.05333963264152745,0.0485,0.05333963264152745,-0.0,1.0,0.005557521601035995,0.0013216415145030625,0.006157521601035994,0.0002084070600388498,two-phase,False,
0.04966807360352575,1.0002946294136443,2913.335241783309,768.6146137344346,1.378220097357264,1059.3201077712883,2321737.5567935826,721.6110030370965,654.210722526203,277.5076518764587,3485522.1014727256,363403.3245958856,111.88420962646394,30.663718292856696,45290.630407027835,2.197118773204753,0.036062620684582956,5570.022599068181,0.8372425075837959,6163.309348100102,17.223500697584768,277.5076518764587,0.8500460357738299,,,0.0009440017164442461,2.9030103042299318e-05,0.0001622504962059481,3430.785885404816,22660.052407913157,2098244.6166574536,292.39330913226854,11263705.643423643,0.053657130454869875,0.0485,0.053657130454869875,-1.4210854715201802e-14,1.0,0.005557521601035995,0.0013216415145030625,0.006157521601035994,0.0002084070600388498,two-phase,False,
0.04966807360352575,1.0002946294136443,2913.335241783309,768.6146137344346,1.378108587025107,1059.2343993004101,2321091.578468356,722.0435125859176,654.6886870808603,277.5146676514559,3486131.0061547933,363089.2385952313,112.07047145550268,30.612755000026937,45296.04318891445,2.1972000643481273,0.03606245648685096,5561.201996892753,0.837502176405498,6153.901008292525,17.230328792805402,277.5146676514559,0.8486272790898363,,,0.0009440781008060798,2.90185988910889e-05,0.0001624985515126871,3430.785885404816,22661.375624887878,2097540.9100268693,292.39579240679507,11258510.225106606,0.053974628268212296,0.0485,0.053974628268212296,1.4210854715202206e-14,1.0,0.005557521601035995,0.0013216415145030625,0.006157521601035994,0.0002084070600388498,two-phase,False,
0.04966807360352575,1.0002946294136443,2913.335241783309,768.6146137344346,1.37799709119982,1059.1487019797241,2320445.666152014,722.4760528755405,655.1666451360998,277.52167100797703,3486739.0534484233,362775.23999828746,112.25720624503549,30.56183206551642,45301.44733576706,2.1972812729064053,0.03606229258881555,5552.404346130761,0.8377612989463465,6144.51621263934,17.237157063798655,277.52167100797703,0.8472087319283852,,,0.0009441544875906797,2.900710355828318e-05,0.0001627467428506395,3430.785885404816,22662.696827061278,2096837.5956434277,292.3982717240551,11253326.284579273,0.054292126081554724,0.0485,0.054292126081554724,-1.4210854715201802e-14,1.0,0.005557521601035995,0.0013216415145030625,0.006157521601035994,0.0002084070600388498,two-phase,False,
0.04966807360352575,1.0002946294136443,2913.335241783309,768.6146137344346,1.3778855181109737,1059.0629452731373,2319799.2877297406,722.9089804514542,655.6449906171695,277.52866195071266,3487346.2441199,362461.32886812673,112.44441583838415,30.51094943065798,45306.84284654088,2.197362398640484,0.03606212899031458,5543.622249695869,0.8380200915220462,6135.147074740793,17.243991126938294,277.52866195071266,0.8457903949232513,,,0.0009442309396842275,2.8995607589875628e-05,0.0001629952775080375,3430.785885404816,22664.016013789318,2096134.0925686858,292.4007470834462,11248153.817939283,0.054609623894897145,0.0485,0.054609623894897145,0.0005951044302922737,0.9999998229253428,0.005557521601035995,0.0013216415145030625,0.006157521601035994,0.0002084070600388498,two-phase,False,
0.049668849734541914,1.0002946386216847,2913.3352381775535,768.6253934642115,1.3777732991699034,1058.9915441789517,2319181.6857613497,723.3444884785672,656.125175704616,277.53565199933865,3487952.624627154,362147.50253336655,112.63213971830848,30.46035713230786,45312.57975040454,2.1974435750873478,0.03606196560750916,5534.901346411774,0.8382776844075305,6125.847495893139,17.250858347514182,277.53565199933865,0.8443722699439775,,,0.0009442946031975274,2.898406502028052e-05,0.00016324271877000122,3430.815200395673,22665.53297228033,2095455.6644937322,292.40322256268473,11242976.169217857,0.054927121325627465,0.048499622111450126,0.054927121708239574,0.0030620226138962613,0.9999953119977673,0.0055574741141603086,0.0013216401717013203,0.006157474114160308,0.0002084052792810116,two-phase,False,
0.04967206725883231,1.0002946767960186,2913.3352232289562,768.6700816561005,1.3776563505776291,1058.9632194925516,2318649.066224006,723.7888598197646,656.6124998436733,277.5426181270669,3488558.1952027143,361833.7545606912,112.82030455879143,30.410631666573128,45319.37239516977,2.1975245345405563,0.036061803385969385,5526.288899851003,0.8385342103714023,6116.679741804003,17.25792426866563,277.5426181270669,0.8429543549596429,,,0.0009443198607777838,2.897219805905775e-05,0.0001634873889449488,3430.9367264480074,22667.66740193503,2094849.6795983147,292.40569000473096,11237827.418852976,0.055244615061796835,0.04849805563357213,0.055244619521582,0.00684656434602552,0.999976562003658,0.005557277264744568,0.0013216346051110916,0.0061572772647445675,0.00020839789742792129,two-phase,False,
0.04967778026945352,1.0002947445841566,2913.335196683962,768.7494288848297,1.3775397188148484,1058.9828721050837,2318212.655290522,724.2415707575133,657.1054442670506,277.54958336708484,3489163.039944434,361520.07970079005,113.00904053437831,30.361752324907354,45327.26260776322,2.1976055443965534,0.03606164181845765,5517.836869132481,0.838787133019081,6107.698218106295,17.265016441035247,277.54958336708484,0.8415362006068684,,,0.0009443023360823245,2.8960296777453806e-05,0.00016372780125833593,3431.1524991802103,22670.43748702156,2094327.323169151,292.40815756581804,11232674.195565322,0.05556210047763087,0.04849527458393021,0.05556211733492442,0.01069929063905513,0.9999427609517562,0.005556927787739595,0.0013216247215978986,0.0061569277877395944,0.00020838479204023482,two-phase,False,
0.049686025641714066,1.0002948424339595,2913.335158367197,768.8639460025837,1.3774209095163108,1059.0492757971786,2317869.5226757536,724.7027919166153,657.6045943456635,277.55653620905605,3489767.180872786,361206.4732381804,113.19825926589158,30.31375146668973,45336.25789298203,2.1976864706418704,0.036061481207775074,5509.527887971006,0.8390374907798148,6098.885320031291,17.27221897596258,277.55653620905605,0.8401182584814011,,,0.0009442431271644746,2.894822030081025e-05,0.00016396438816706092,3431.4638978481453,22673.85047094107,2093885.3750728648,292.4106211670286,11227533.716401469,0.05587957271755614,0.04849126164818842,0.05587961514826685,0.014547541323630593,0.9998941789216683,0.005556423507361765,0.0013216104581801813,0.006156423507361765,0.0002083658815260662,two-phase,False,
0.049696763839833444,1.0002949698910688,2913.3351084565916,769.0130820370986,1.3772998834528838,1059.1616282634388,2317617.6801932943,725.1726804113346,658.1101781431081,277.56348816676274,3490370.7016759226,360892.9307163074,113.38805387431069,30.26658711129081,45346.349856851615,2.19776744714677,0.03606132130480426,5501.353866504308,0.8392854892374063,6090.232135082706,17.279534775809854,277.56348816676274,0.8387000773259193,,,0.0009441429648839923,2.89359642193588e-05,0.000164197353700118,3431.86940996656,22677.89845285728,2093522.0042867835,292.41308488686866,11222389.665679157,0.056197027324168876,0.048486036981859694,0.05619711296160927,0.01839994072450204,0.999830706760567,0.005555766956427533,0.0013215918844172831,0.006155766956427533,0.00020834126086603246,two-phase,False,
0.04971004415775601,1.0002951275599805,2913.3350467154414,769.1975191491741,1.3771765760225276,1059.3208057068823,2317458.70313753,725.6514945255121,658.6224245480128,277.5704277327916,3490973.5545770824,360579.4474749924,113.5783355241894,30.22029558612884,45357.55127962602,2.19784833973159,0.036061162426680705,5493.314615941252,0.8395311529966836,6081.738771890772,17.286967459905522,277.5704277327916,0.8372821092014284,,,0.0009440010944868607,2.8923522946385682e-05,0.00016442666110913978,3432.3708717215213,22682.59176294848,2093238.5035386542,292.4155446460285,11217258.652699236,0.05651445921648022,0.048479577796244296,0.0565146107749517,0.022247621147261337,0.9997524910463028,0.005554955271224433,0.0013215689165735312,0.006154955271224433,0.00020831082267091624,two-phase,False,
0.04972581661111835,1.000295314871186,2913.334973366769,769.4165601338105,1.3770511169193838,1059.525933508534,2317391.139289572,726.13873210468,659.1408471961365,277.57735491178033,3491575.7746147965,360266.01904370205,113.76910613326712,30.174855733520253,45369.840097157445,2.1979291481587664,0.036061004601427006,5485.413971690155,0.8397743294529183,6073.40897688021,17.29450968827576,277.57735491178033,0.8358643547424773,,,0.0009438183326844877,2.8910909243004353e-05,0.00016465217537740728,3432.9663645028895,22687.91759061966,2093033.711663497,292.41800044391084,11212140.96289249,0.05683186420787308,0.048471909874795244,0.05683210858829413,0.02609949485293602,0.9996593501630551,0.005553991691796728,0.0013215416429777434,0.006153991691796728,0.00020827468844237732,two-phase,False,
0.049744143317698865,1.000295532590942,2913.3348881105317,769.6710640504955,1.3769233686749716,1059.778074284058,2317416.662463965,726.6349377180732,659.665975455159,277.58426970835694,3492177.446212679,359952.6407388716,113.96042145519206,30.130269373438985,45383.243432362935,2.198009872190991,0.03606084789178367,5477.6475593953055,0.8400151748813762,6065.238475457578,17.302169424143067,277.58426970835694,0.8344463621140905,,,0.0009435937808729987,2.8898110274097247e-05,0.00016487397882975367,3433.6581963555723,22693.8916294699,2092908.9229735658,292.42045227991963,11207037.300808255,0.05714923690240289,0.048463004773700365,0.05714960640163655,0.029946339125042253,0.9995515078138835,0.005552872643789562,0.0013215099584617976,0.006152872643789562,0.00020823272414210856,two-phase,False,
0.049764963356226134,1.0002957800286165,2913.334791217188,769.9601807047211,1.3767934432562567,1060.0761283626625,2317533.2488976293,727.1396804215433,660.1974155260233,277.5911951337448,3492778.5895309057,359639.30814695347,114.15230635828654,30.086505774156098,45397.75203353508,2.198090780472383,0.03606069179561659,5470.016793841877,0.8402536032990293,6057.228360065628,17.30994053244779,277.5911951337448,0.833028583716428,,,0.0009433284773090278,2.888513678384632e-05,0.00016509200917582136,3434.444024381824,22700.5025675059,2092862.4509741294,292.42290831323396,11201913.844221463,0.05746657347755784,0.04845289412734532,0.05746710421497898,0.03379748806722198,0.9994287017093045,0.0055516021024970795,0.001321473970951894,0.006151602102497079,0.0002081850788436405,two-phase,False,
0.04978835226082386,1.0002960581197107,2913.334682320424,770.2849542303159,1.3766612001583185,1060.4214095546022,2317743.1103615253,727.6535092714726,660.7356861224087,277.5980966782914,3493379.254475276,359326.01657269755,114.34470257031501,30.04360126100177,45413.37203430698,2.1981714696928845,0.03606053719800159,5462.518205127708,0.8404897502537828,6049.37540512344,17.317831044792015,277.5980966782914,0.8316105679960205,,,0.0009430213224570972,2.88719758673454e-05,0.00016530632222841766,3435.326650330388,22707.76290376801,2092896.0574072362,292.42535630418325,11196821.991882892,0.057783868125900195,0.04844154357174913,0.0577846020283214,0.03764322981965301,0.9992912424557442,0.005550175749614073,0.0013214335528546307,0.006150175749614073,0.00020813159061052776,two-phase,False,
0.04981423750068703,1.0002963660442452,2913.334561741354,770.6443721359109,1.3765267173857842,1060.8125678480742,2318043.524551681,728.1761324309059,661.2805612911363,277.6049973517578,3493979.46107255,359012.7616881772,114.53763471250896,30.00152125210571,45430.08890448265,2.1982522085795657,0.03606038360373424,5455.149068402394,0.8407236443010047,6041.676203590428,17.32583701025921,277.6049973517578,0.8301927672370288,,,0.0009426735978708884,2.885863463357835e-05,0.00016551698010656765,3436.303281993258,22715.65830016757,2093007.395192664,292.42780441214256,11191727.925964,0.05810111749067227,0.048428990899636,0.058102099841663826,0.04149345456379965,0.9991387757605856,0.005548598334314332,0.0013213888328342711,0.006148598334314332,0.00020807243753678746,two-phase,False,
0.04984270880816017,1.0002967049168463,2913.334429043526,771.0396744175544,1.3763899313449885,1061.25124453584,2318437.7301442577,728.7077988450628,661.8322115046656,277.6118971543946,3494579.3076552926,358699.53874923504,114.73121402627545,29.960262103178852,45447.94152574825,2.198332997144178,0.03606023110802078,5447.9139964147425,0.8409551940102953,6034.136258684843,17.333961631943538,277.6118971543946,0.8287742762438861,,,0.0009422839362015265,2.884510826876328e-05,0.00016572380157321023,3437.3772436431223,22724.211323744756,2093199.228255713,292.43025263710325,11186632.48513136,0.05841831524675391,0.0484151954773493,0.058419597655006254,0.04533782679345596,0.9989717120427618,0.00554686475042197,0.001321339659562386,0.0061468647504219695,0.00020800742814082386,two-phase,False,
0.04987368118364058,1.0002970737776706,2913.3342846028263,771.469674398637,1.376250945070181,1061.735868484109,2318922.624067363,729.2481169402422,662.3903167657443,277.6187960864521,3495178.765029448,358386.343433193,114.925334376877,29.91981951112372,45466.89191801814,2.1984138353986067,0.03606007975949073,5440.81041413197,0.8411844143302398,6026.752239805683,17.342199549005528,277.6187960864521,0.8273560001644661,,,0.0009418538354814628,2.8831406223132293e-05,0.00016592684753077594,3438.545261811702,22733.400038774544,2093468.8967732878,292.4327009790562,11181535.425430529,0.05873545861578542,0.048400201647936826,0.058737095468348675,0.04918692743726072,0.9987895905391093,0.005544980570248714,0.0013212861838975381,0.006144980570248714,0.00020793677138432679,two-phase,False,
0.049907259531651,1.000297473932801,2913.334127907839,771.935821372806,1.3761096556217898,1062.2683373114555,2319501.832357133,729.7974913667667,662.9552010943412,277.6256826521352,3495777.8687951462,358073.17095336574,115.11995941506264,29.880233077275626,45486.976510606015,2.1984945884993565,0.036059929939199306,5433.8413144798415,0.8414112691855417,6019.528017823076,17.350556233962536,277.6256826521352,0.8259379403353517,,,0.0009413817251966171,2.8817519926034645e-05,0.000166125981478801,3439.8112191685823,22743.24860640132,2093819.4569998812,292.4351453571306,11176454.010352036,0.059052540636452065,0.04838396207392035,0.0590545932816911,0.05303462702126929,0.9985926738849603,0.00554293984519161,0.0013212282291464135,0.0061429398451916094,0.0002078602441946854,two-phase,False,
0.04994335186239409,1.0002979043475317,2913.3339593637675,772.4368305766238,1.3759660791769357,1062.846877180376,2320171.447835324,730.3558675519898,663.5269256071767,277.632568350637,3496376.7506020046,357760.01706582267,115.31523991021963,29.84142920476995,45508.16299086854,2.1985753911476817,0.03605978143450204,5426.996790463732,0.8416359874717605,6012.452382901497,17.359031733222004,277.632568350637,0.8245191904337745,,,0.0009408693025028193,2.880344985158888e-05,0.00016632148353371552,3441.1715680118814,22753.735424709044,2094247.4382893061,292.43758985179,11171372.387901163,0.05936955905544285,0.04836652497356224,0.059372091095033525,0.05687743842270523,0.9983811681910228,0.005540748634536212,0.0013211659588774935,0.0061407486345362115,0.00020777807379510793,two-phase,False,
0.04998205983949382,1.0002983663006373,2913.3337784698933,772.9741049077855,1.3758201917793171,1063.4733812546756,2320935.403185415,730.9233447952884,664.105481853079,277.63944168905294,3496975.313482986,357446.87700554426,115.51102999297339,29.80347465232728,45530.48614782932,2.198656108335077,0.03605963463848466,5420.28545562668,0.8418583646247072,6005.535188034505,17.367626716771685,277.63944168905294,0.823100657511241,,,0.0009403150258638441,2.8789195447018485e-05,0.00016651305315676295,3442.630054459799,22764.88374151547,2094756.2565947068,292.44003038177453,11166306.684249379,0.059686506680736745,0.04834784524219844,0.05968958890837595,0.060724568085083336,0.998154560592136,0.005538401270263271,0.0013210992028578196,0.006138401270263271,0.00020769004763487268,two-phase,False,
0.05002330461232291,1.0002988589225001,2913.3335855667806,773.5465409582309,1.3756719653627625,1064.146290299576,2321790.0755252615,731.5000381588989,664.6911024293188,277.64632565538534,3497573.7235616297,357133.7465270886,115.70752012254107,29.766290141483807,45553.928200592214,2.1987370100302908,0.0360594890845853,5413.6956994370485,0.8420786893379824,5998.763489014556,17.37634382414849,277.64632565538534,0.8216814328368975,,,0.0009397204210696277,2.8774752908902114e-05,0.000166701021274015,3444.1836155191336,22776.677417248284,2095342.643510616,292.442475109383,11161224.411828538,0.06000338128391206,0.048327965232830616,0.06000708672171838,0.06456451763530437,0.997913534862876,0.0055359030746079405,0.001321028102621489,0.00613590307460794,0.00020759636529779778,two-phase,False,
0.05006717407792172,1.0002993833392804,2913.333380213478,774.1553491006624,1.3755214669997355,1064.8673014806357,2322739.336116464,732.0856952795612,665.2834083307278,277.6531972650193,3498171.918050359,356820.620871707,115.90452495180716,29.7299476903605,45578.50875428179,2.1988178261225073,0.03605934544239949,5407.2412321196625,0.8422965963881586,5992.152494333648,17.385178279117564,277.6531972650193,0.8202624254825186,,,0.0009390841456109681,2.8760130725871337e-05,0.00016688493841664223,3445.83546389331,22789.133924131125,2096010.0600897467,292.4449158719101,11156158.924745692,0.06032017578220862,0.048306847161254926,0.0603245845350608,0.06841003301701783,0.9976572895451677,0.005533249299467133,0.0013209525125645726,0.006133249299467133,0.0002074968487300175,two-phase,False,
0.05011360723634285,1.0002999389032974,2913.3331626636473,774.7996726097672,1.3753686794176179,1065.6352025304982,2323780.358912939,732.6803901249759,665.8825650691363,277.66006801135546,3498769.945721642,356507.4956988584,116.1021412707175,29.69439805698213,45604.20876880651,2.198898691643284,0.036059203529208494,5400.913053169212,0.842512306956771,5985.692164993418,17.39413189703676,277.66006801135546,0.8188431809350952,,,0.0009384074377660964,2.8745326467553075e-05,0.0001670650565440663,3447.5831981606584,22802.239406887773,2096755.9518933145,292.4473567505982,11151093.69227578,0.060636887734371966,0.04828452526837929,0.06064208234840323,0.07224769330680016,0.9973867207918133,0.005530444247680242,0.0013208725441013936,0.006130444247680241,0.00020739165928800908,two-phase,False,
0.050162675649745435,1.000300526557318,2913.3329325481545,775.4804937108429,1.3752135433520094,1066.451277556454,2324915.5870953486,733.2843583438107,666.4887534203951,277.666937894641,3499367.875902833,356194.3663500602,116.30037193145515,29.659659241655813,45631.058316400726,2.198979606604325,0.03605906348630121,5394.713695628461,0.8427257789559142,5979.38565754512,17.403207814054237,277.666937894641,0.8174236991322393,,,0.0009376893450690846,2.8730335541716456e-05,0.00016724126143931602,3449.429401164792,22816.01146900071,2097582.373375909,292.4497977454384,11146029.30192657,0.060953510362999085,0.048260970309679026,0.06095958016174566,0.07609139214246338,0.9971008474782388,0.005527484244271906,0.0013207880806667828,0.0061274842442719055,0.00020728065916019646,two-phase,False,
0.05021433776739395,1.000301145895626,2913.3326900259162,776.1972244401038,1.3750560578988593,1067.3146955906452,2326143.085564953,733.8976132159974,667.1020481631435,277.67380691512307,3499965.7918953574,355881.2284694595,116.49927594465005,29.62569822203761,45659.037783812506,2.1990605710172644,0.03605892541619006,5388.6373688134445,0.8429371491366281,5973.226487401746,17.41240667493647,277.67380691512307,0.8160035270389328,,,0.000936930789139567,2.871515749282971e-05,0.00016741370884046006,3451.372392222088,22830.438939410094,2098487.57326038,292.45223885642207,11140966.458291125,0.06127004083383795,0.04823620768756534,0.06127707797508808,0.07992649151786525,0.9968007604098447,0.0055243724814032676,0.00132069920086281,0.006124372481403267,0.00020716396805262256,two-phase,False,
0.05026864715002839,1.000301797657366,2913.3324348075457,776.9505957973403,1.3748962556855049,1068.2264650143852,2327465.0663315644,734.5200363521099,667.7222619694093,277.6806750730483,3500563.630203176,355568.0774170315,116.69874410073231,29.592555504802203,45688.16913559956,2.199141584893725,0.036058789466083235,5382.691421222058,0.84314622148999,5967.22284116335,17.42172615660037,277.6806750730483,0.8145835704992455,,,0.0009361310852624621,2.8699796765578862e-05,0.0001675821444276821,3453.4140621416295,22845.53476007029,2099473.5037068794,292.4546800835404,11135904.624908257,0.06158647286752018,0.04821021746692645,0.06159457578843051,0.08376817061380752,0.9964852701329889,0.005521106453954294,0.0013206058199999745,0.006121106453954294,0.00020704149202328603,two-phase,False,
0.05032558350664132,1.0003024817016464,2913.3321669482602,777.7403135651948,1.3747340344280834,1069.186079004843,2328879.880539472,735.1520294860293,668.3498731107379,277.6875423686635,3501161.5237340936,355254.90882161004,116.89889177271147,29.560190566108616,45718.441885386965,2.199222648245294,0.03605865575775281,5376.8648388960655,0.8433533008907039,5961.362786413773,17.43117293591483,277.6875423686635,0.8131629234668141,,,0.0009352908905536456,2.8684242984579098e-05,0.0001677468786632223,3455.5535177682577,22861.293082280143,2100538.550048246,292.45712142678445,11130844.924365286,0.06190280303230585,0.04818301539924164,0.06191207360177293,0.08760043592656326,0.9961556924625167,0.005517688141314253,0.0013205079808319721,0.006117688141314252,0.0002069133052992845,two-phase,False,
0.05038518051932439,1.0003031985410193,2913.3318862474052,778.5668315455085,1.3745694856336077,1070.1942091688973,2330389.2425229824,735.7932464777687,668.9844678816521,277.69439732060454,3501759.4238141435,354941.7180972961,117.09962641809027,29.528632958523207,45749.8601155838,2.1993036254023255,0.03605852470898288,5371.166931137228,0.8435581200155363,5955.656475467358,17.440741258054043,277.69439732060454,0.8117420420789487,,,0.0009344098402257199,2.866850626369465e-05,0.00016790760248164364,3457.7918880799753,22877.719516427238,2101684.2874798514,292.4595588033407,11125803.839311887,0.06221902576530333,0.048154591714836,0.062229571415115356,0.09143989105165895,0.995810597616063,0.005514116315789584,0.0013204056337261364,0.006114116315789584,0.00020677936184210942,two-phase,False,
0.05044744118587783,1.0003039483252367,2913.3315926463993,779.4301772435095,1.3744025893952336,1071.2508538562654,2331992.9351334646,736.4437733846385,669.6261477495516,277.7012628937806,3502357.3993259496,354628.50073959987,117.30102956184096,29.497858245370097,45782.44124959543,2.199384787656829,0.036058395930029165,5365.595660155785,0.8437607328075165,5950.101729293465,17.450432524115996,277.7012628937806,0.8103209200133876,,,0.0009334881707680529,2.8652584932150787e-05,0.0001680643534339611,3460.129142051152,22894.818435074663,2102910.4612891804,292.4620003786159,11120748.155422965,0.06253513680562765,0.04812495161534612,0.06254706922845778,0.09526904749157979,0.9954515601424546,0.005510391631037221,0.0013202987822003701,0.0061103916310372205,0.00020663968616389577,two-phase,False,
0.05051237721511331,1.000304731314413,2913.3312860434426,780.3304983075261,1.374233338638291,1072.356185930433,2333691.174452602,737.1036435202,670.2749457703451,277.7081390841153,3502955.519184765,354315.2522330208,117.50310439906251,29.467864588967316,45816.18852211218,2.199466135268661,0.03605826957462729,5360.15061481267,0.8439611484439657,5944.698162720292,17.46024726673405,277.7081390841153,0.8088995566229911,,,0.0009325259770216619,2.863647876010437e-05,0.00016821711929313501,3462.565569214864,22912.591991492798,2104217.210214241,292.4644461531838,11115678.471699126,0.06285113155393786,0.04809409643931652,0.06286456704180021,0.09910607326617568,0.995076874538726,0.005506514255263628,0.0013201874152123073,0.0061065142552636275,0.00020649428457238605,two-phase,False,
0.05058001714847819,1.000305547977871,2913.3309662548195,781.2681750282658,1.3740616502232361,1073.5106378462349,2335484.41592169,737.7731901275793,670.9312055311541,277.7150029329559,3503553.7993800407,354001.9680584594,117.70583228128363,29.438660906921985,45851.0944563366,2.1995473966382724,0.03605814634311143,5354.827135619617,0.8441595097942984,5939.440950016417,17.47019055480437,277.7150029329559,0.8074775056794626,,,0.0009315231398230781,2.8620180096575884e-05,0.00016836601431271674,3465.10208329574,22931.04215376398,2105604.7918381323,292.4668879608433,11110628.690632004,0.06316700465849151,0.04806201985266246,0.06318206485514263,0.10293184419006192,0.9946884112382293,0.005502483392504243,0.0013200714932967753,0.006102483392504243,0.00020634312721890915,two-phase,False,
0.05065034840132441,1.0003063982944138,2913.3306332888956,782.2430168627025,1.3738875058018003,1074.7139073683738,2337371.7819826384,738.4524950631562,671.5950436561758,277.7218659207187,3504152.3089314383,353688.64383446914,117.90925618340721,29.410227500196477,45887.16041365261,2.1996287075417884,0.03605802612132819,5349.621361553058,0.844355914577335,5934.325854380778,17.480263850878657,277.7218659207187,0.8060547635818974,,,0.0009304801893265493,2.860368723638386e-05,0.00016851113749707393,3467.738048732954,22950.167028612424,2107072.3653563857,292.4693298845847,11105582.503690457,0.0634827527621211,0.04802873533220668,0.06349956266848505,0.10676623397228724,0.9942841501720596,0.005498300736306558,0.0013199510478964238,0.0060983007363065575,0.0002061862776114959,two-phase,False,
0.05072342754820312,1.000307283085139,2913.330286824213,783.2557911428823,1.3737110425132268,1075.9671294054112,2339356.1732805525,739.1410301567712,672.2658196438931,277.7287395220573,3504750.9838941502,353375.2748538223,118.11330414107869,29.382595297889825,45924.417855856096,2.1997102040867484,0.03605790883997394,5344.548608197194,0.8445499322556023,5929.369610983443,17.490458387641713,277.7287395220573,0.8046322325132207,,,0.0009293964217592861,2.858701521243643e-05,0.00016865199264144717,3470.4754148738893,22969.98219681536,2108622.602447342,292.47177600817497,11100522.507028325,0.06379836912751771,0.04799422393475491,0.06381706048182748,0.11058834072938367,0.9938662982990829,0.005493963906198573,0.0013198259924463724,0.006093963906198573,0.00020602364648244652,two-phase,False,
0.05079921515654943,1.0003082020154686,2913.329926991858,784.3059339043444,1.373532163770743,1077.2694264538675,2341435.131060009,739.8391794009835,672.9440171517582,277.73561225992984,3505349.9583647973,353061.8567607189,118.31805472298808,29.355727114264084,45962.838285486854,2.199791750354854,0.036057794912626735,5339.595883539849,0.8447419141121475,5924.558035907354,17.500780716673734,277.73561225992984,0.8032090096969272,,,0.0009282728864698024,2.8570153988823414e-05,0.00016878896179921523,3473.312527138603,22990.474485969833,2110253.1719007567,292.474222248218,11095466.702603629,0.06411385195283173,0.04795851239331059,0.06413455829516991,0.11441988649915386,0.9934324786182103,0.00548947626154858,0.001319696405140135,0.00608947626154858,0.00020585535980807172,two-phase,False,
0.05087779856825825,1.0003091562939517,2913.3295533186642,785.3946370867684,1.373350754481015,1078.6223174084564,2343611.319132545,740.5474021358436,673.6300486651082,277.74248413458326,3505949.268134351,352748.3849115211,118.52351156775474,29.329644590308696,46002.457333734594,2.1998733463580624,0.036057684567666066,5334.762773891651,0.8449319130216864,5919.891224448504,17.511237351589727,277.74248413458326,0.8017850949536239,,,0.0009271085753191555,2.855309364843989e-05,0.00016892202273415248,3476.252469877588,23011.6649500937,2111966.241904073,292.47666860470497,11090415.388038402,0.06442919278448297,0.047921567994080067,0.06445205610851233,0.11823922856070415,0.9929851382721544,0.005484833691420024,0.0013195621478166847,0.006084833691420024,0.00020568126342825093,two-phase,False,
0.05095911030641914,1.0003101452566763,2913.3291660646832,786.5209469101023,1.3731670208122702,1080.024625474991,2345882.8919152855,741.2649032858835,674.3231310290174,277.7493666163474,3506548.897997798,352434.85493567324,118.72966007910762,29.304324837422488,46043.2520857074,2.199955128453348,0.0360575776807315,5330.055995313753,0.845119680528014,5915.37590841281,17.521816444549483,277.7493666163474,0.8003609367137351,,,0.0009259048140316279,2.8535854235337293e-05,0.00016905096404402743,3479.2925267949227,23033.537665301716,2113760.3705918957,292.4791191619864,11085351.588010712,0.06474439163449837,0.047883431183468,0.06476955392185475,0.12206654049175944,0.992521918998454,0.005480041278458015,0.0013194233473396108,0.006080041278458015,0.0002055015479421756,two-phase,False,
0.05104326666438954,1.0003111704805103,2913.328764612533,787.6864544792888,1.3729807267649483,1081.4783207338794,2348252.974668341,741.9926133017584,675.0241624982402,277.7562482325036,3507148.9341159607,352121.2621148046,118.93652197711714,29.279793861585166,46085.26150048069,2.2000369604738426,0.036057474779481,5325.469069114551,0.8453054652766638,5911.0058737277495,17.532531710775057,277.7562482325036,0.7989360858741531,,,0.0009246602366669828,2.8518414125708522e-05,0.00016917594422374588,3482.4368461038835,23056.11867953188,2115637.9895738317,292.4815698360831,11080292.879354963,0.0650594382396853,0.047844056474279244,0.06508705173519719,0.12589362397268294,0.992043746738532,0.0054750933065730294,0.0013192798172499487,0.006075093306573029,0.00020531599899648858,two-phase,False,
0.05113019018272343,1.000312231190974,2913.3283492655682,788.8900665053831,1.3727920371222613,1082.982001463441,2350719.0578746316,742.7298954610833,675.7325474528493,277.76312898329985,3507749.411578049,351807.60212104674,119.14410097454298,29.256021053543055,46128.449121359765,2.2001188424313463,0.03605737600661408,5321.00438586673,0.8454891406653084,5906.783156642214,17.543373937619975,277.76312898329985,0.7975105422548738,,,0.0009233763798924572,2.850078906018192e-05,0.00016929688689781914,3485.682326516689,23079.387258973646,2117597.021117305,292.4840206269862,11075239.552268427,0.0653743335345873,0.047803489478321255,0.06540454954853961,0.1297057016056426,0.9915525356585942,0.005469995507513837,0.0013191317021626486,0.006069995507513836,0.00020512483153176887,two-phase,False,
0.051219978819338055,1.0003133287589085,2913.3279194870915,790.1331181505426,1.3726008799594709,1084.5374132585553,2353284.457892892,743.4770419389274,676.4485028114,277.7700203347382,3508350.3164684903,351493.8702102573,119.35238220418576,29.233035378348628,46172.86367726869,2.200200910932941,0.036057281364944106,5316.665799300714,0.8456706392440643,5902.712489708171,17.554346913450875,277.7700203347382,0.7960847538151782,,,0.0009220521005314535,2.8482973617029246e-05,0.0001694136385167965,3489.0324114651494,23103.369132198877,2119640.252700777,292.48647561963054,11070174.660350196,0.06568906814546299,0.047761694132654506,0.06572204736188203,0.1335294276127387,0.9910448486125208,0.0054647433494778,0.0013189788480815496,0.0060647433494778,0.0002049278756054175,two-phase,False,
0.05131259251260457,1.0003144628776353,2913.3274753972855,791.4150326948114,1.372407211572958,1086.1436982176076,2355946.9564038296,744.2342326983639,677.1722893618091,277.77692228273537,3508951.7688423707,351180.0620183582,119.5614280784,29.21080351745145,46218.484797654724,2.200283166240662,0.03605719103258619,5312.4442519701115,0.8458501959335218,5898.783888340375,17.565453960828172,277.77692228273537,0.7946582663495764,,,0.0009206884886788259,2.8464963166623796e-05,0.00016952646832453297,3492.485383864045,23128.052935510266,2121765.6221027174,292.488934814592,11065099.225786818,0.06600364111244363,0.04771869908686606,0.06603954517522446,0.13733687119235397,0.9905243983926367,0.005459340432678211,0.0013188213366303117,0.006059340432678211,0.00020472526622543292,two-phase,False,
0.05140809282918743,1.0003156344906543,2913.3270166268,792.7366394883661,1.37221102179561,1087.801954087149,2358708.7142566424,745.0015182266793,677.9039023171653,277.78382336034326,3509553.77070473,350866.1729211629,119.77120227278387,29.189348052774278,46265.327057073366,2.2003654718551973,0.036057105530188815,5308.343854387927,0.8460277123603808,5895.002121378609,17.57669540328792,277.78382336034326,0.793231084857087,,,0.0009192849821998806,2.8446757967169943e-05,0.00016963522309405705,3496.043309839518,23153.450661097875,2123974.962147658,292.4913941271131,11060030.090041995,0.06631804519988148,0.047674486042832795,0.06635704298856689,0.14115702611397038,0.9899872190986406,0.005453784457705102,0.0013186590769441145,0.006053784457705102,0.00020451691716394133,two-phase,False,
0.05150648068321312,1.000316843806758,2913.326543093981,794.0979274550001,1.3720123635106132,1089.5121743064142,2361569.7633261443,745.7787001067973,678.6431359917985,277.79072356781177,3510156.358368667,350552.1983810363,119.9817086036179,29.168662675413813,46313.38761472297,2.2004478277885235,0.036057025076197756,5304.36698507884,0.846203107439568,5891.369716463829,17.5880682203022,277.79072356781177,0.7918032091566078,,,0.0009178419696288407,2.8428363691632812e-05,0.00016973981402074168,3499.705985478726,23179.561177118932,2126268.302351002,292.4938535571847,11054967.551533647,0.06663227707814934,0.04762906521916008,0.06667454080190931,0.14495954597631844,0.989437582685406,0.005448076708666294,0.001318492081837742,0.0060480767086662935,0.00020430287657498603,two-phase,False,
0.05160777760754003,1.0003180912949707,2913.3260546152796,795.4991700518596,1.37181115908878,1091.274638523004,2364530.195185473,746.5660918017306,679.3903251599239,277.7976458253286,3510759.602427553,350238.1338775271,120.19303195218981,29.148727762948106,46362.69059222366,2.200530507911824,0.03605694938508896,5300.508914816675,0.8463765249687497,5887.881719117234,17.59957729841464,277.7976458253286,0.7903746267460574,,,0.0009163596080208183,2.8409773230465013e-05,0.0001698403683540588,3503.473967377704,23206.392961736958,2128645.576938137,292.4963212762483,11049878.59764034,0.06694633215060218,0.047582437597622,0.06699203861525173,0.1487759142741247,0.9888709356290629,0.005442217308935157,0.0013183203295568028,0.006042217308935157,0.00020408314908506838,two-phase,False,
0.05171202936424375,1.000319377731718,2913.325550886786,796.9409748898062,1.3716074734300048,1093.090197041452,2367591.9387011295,747.3634508613422,680.1451620128895,277.8045557489,3511363.420616465,349923.9747314759,120.4049950801461,29.12959467644402,46413.22512117,2.2006131017000277,0.03605687951311105,5296.777054516789,0.8465477567981782,5884.546331740801,17.61121845900459,277.8045557489,0.7889458090467364,,,0.0009148375886149111,2.8390994136146824e-05,0.00016993663464013787,3507.348703703892,23233.949380819795,2131108.4913594737,292.4987850277055,11044812.947525209,0.06726020419254157,0.04753459340572591,0.06730953642859416,0.15257321772122154,0.988292169975151,0.00543620503046405,0.0013181437578515549,0.00603620503046405,0.00020385768864240186,two-phase,False,
0.05181921351454128,1.0003207030600023,2913.3250319309345,798.4230054626156,1.3714012003854594,1094.9582681067973,2370753.0875193384,748.171202261779,680.9081581603921,277.8114877143336,3511968.019441917,349609.71654752555,120.61784308138283,29.111191259775733,46465.00515305055,2.2006960202058785,0.03605681488874839,5293.1600357316,0.8467171194748536,5881.351202667867,17.622998774377987,277.8114877143336,0.787515829423708,,,0.0009132768153155445,2.8372015818723666e-05,0.0001700289551738358,3511.329099283753,23262.229990995704,2133655.1865415475,292.50125706931095,11039721.947068902,0.06757389179894886,0.04748555451206374,0.06762703424193658,0.15638558179531395,0.9876960817005103,0.00543004262134128,0.0013179624204993207,0.00603004262134128,0.000203626598300298,two-phase,False,
0.05192942484959854,1.0003220686808505,2913.3244971992513,799.9465452687584,1.371192369868548,1096.8805991752265,2374017.3560830057,748.9892378573577,681.6790963598736,277.8184188019448,3512573.300711893,349295.35454228584,120.83137904696171,29.093588365408266,46518.0497450276,2.200778989582395,0.03605675636237637,5289.667989636379,0.8468843531025531,5878.307763058914,17.634915803673877,277.8184188019448,0.7860856074758086,,,0.0009116762578825138,2.835284305104735e-05,0.00017011698609662907,3515.4184036169213,23291.25258106501,2136288.898351035,292.50372922960514,11034638.36319867,0.06788738527135942,0.04743528950068958,0.067944532055279,0.16018572414537094,0.9870868927202018,0.005423726133722654,0.0013177761734757022,0.006023726133722654,0.00020338973001459952,two-phase,False,
0.05204260438763006,1.000323474100129,2913.323946885351,801.5107509463041,1.3709809754842899,1098.8559911935097,2377381.912868687,749.8175985361727,682.4581082727574,277.8253604661531,3513179.4028453776,348980.8843571681,121.04576798256407,29.07672204021066,46572.33871126212,2.2008621471080296,0.03605670386627095,5286.292502274411,0.8470496628329077,5875.406589693441,17.646970780002412,277.8253604661531,0.7846542285343195,,,0.0009100373552260125,2.83334746928125e-05,0.0001702009868992193,3519.6141497728468,23321.0029762981,2139007.060904745,292.50620559508866,11029546.573535165,0.06820068612287568,0.047383837527055724,0.06826202986862144,0.16398551293508387,0.9864627471665706,0.005417260488027421,0.001317585133272062,0.0060172604880274205,0.0002031472683010283,two-phase,False,
0.05215886542461505,1.0003249209701115,2913.323380342395,803.1171593620086,1.3707669720768334,1100.8864767616083,2380850.7594846636,750.6564662312994,683.2452761332402,277.8323127028545,3513786.347632196,348666.30118069146,121.26095412237638,29.060634365530536,46627.916918290735,2.2009454930478762,0.036056657760995564,5283.040428893633,0.8472128984859368,5872.655722054838,17.659165755873552,277.8323127028545,0.7832221455753968,,,0.0009083588736066791,2.8313908307570916e-05,0.00017028071239464734,3523.9202505657527,23351.507942397413,2141813.076200304,292.5086861663418,11024446.770431211,0.06851378318961061,0.04733115968512285,0.06857952768196386,0.16779172870655637,0.9858224666630728,0.0054106407951784894,0.0013173891260012335,0.006010640795178489,0.00020289902981919338,two-phase,False,
0.05227815976454802,1.0003264089456807,2913.32279770566,804.7650746313922,1.3705504102244856,1102.9711031703932,2384421.8352009184,751.5056582111547,684.0404725497556,277.83927550794033,3514394.1378772445,348351.6005674813,121.47694173019725,29.045303364094835,46684.75952428685,2.2010290276676314,0.03605661826100376,5279.908414483824,0.8473741201712267,5870.051227238163,17.67149835744984,277.83927550794033,0.7817893578244332,,,0.0009066420662568476,2.8294148571120637e-05,0.0001703562645858708,3528.3346242960506,23382.75368612566,2144705.118234482,292.5111709439459,11019338.987153234,0.06882667752611545,0.047277290777253414,0.06889702549530628,0.17157518614565875,0.9851710285524451,0.0054038714285697086,0.001317188250833919,0.006003871428569708,0.00020264517857136407,two-phase,False,
0.052400561760115476,1.0003279392167845,2913.3221985093496,806.4554930855163,1.3703312395989355,1105.1111555212462,2388097.486933328,752.3653798199775,684.8438530247435,277.84624887729706,3515002.8465592056,348036.77779627126,121.69373510040523,29.030744395473068,46742.89428988904,2.2011127512338593,0.0360565857064841,5276.898685268501,0.8475332922997166,5867.595933238399,17.683971322030942,277.84624887729706,0.7803558645059576,,,0.0009048863501231524,2.8274191972766487e-05,0.00017042755012069952,3532.8597182302733,23414.75707195891,2147685.1222330895,292.51365992848275,11014223.843618954,0.06913936088617519,0.04722221047059475,0.06921452330864872,0.17537685834850691,0.9845013750908669,0.005396949833099456,0.0013169824009393706,0.005996949833099455,0.0002023856187412296,two-phase,False,
0.052526082297782245,1.0003295121925915,2913.3215825934026,808.188533172061,1.3701094227857078,1107.3067246864005,2391877.52404104,753.2357899974604,685.655597899065,277.8532328068065,3515612.5634378097,347721.828294166,121.9113997954268,29.016938744900354,46802.321523327344,2.201196664013091,0.036056560382130357,5274.007674972107,0.8476905148535007,5865.286052227571,17.69658719346713,277.8532328068065,0.778921210857122,,,0.0009030921403310445,2.8254035342169245e-05,0.00017049466830696363,3537.495620168957,23447.519002095993,2150752.803368349,292.5161531205354,11009102.098943625,0.06945183001027184,0.04716592752125998,0.06953202112199114,0.17915407369957795,0.9838210293934797,0.005389877109093355,0.0013167715770184,0.005989877109093355,0.0002021203915910008,two-phase,False,
0.052654737334635146,1.000331128354303,2913.320949769558,809.9643824712701,1.3698849853669413,1109.5580462293995,2395762.3351425305,754.1168024209564,686.4756109136184,277.8602158454723,3516223.241041429,347406.7474720978,122.12983808491774,29.003908076656526,46863.03442359549,2.2012806285836,0.03605654284281243,5271.236672708463,0.8478457453213624,5863.123034664372,17.70934457062775,277.8602158454723,0.7774858579410585,,,0.000901259743371057,2.8233681828591602e-05,0.00017055756703172165,3542.2425972318993,23481.03933831587,2153908.4555164687,292.5186464331909,11003990.105963059,0.06976408136866427,0.047108448702938205,0.06984951893533356,0.18295097665651522,0.9831220372570372,0.005382654107758287,0.0013165557717372668,0.005982654107758287,0.00020184952904093575,two-phase,False,
0.05278660213211536,1.000332788939858,2913.3202995532556,811.7840458943045,1.3696579030894762,1111.8664340610842,2399754.420840024,755.0085209748358,687.3039362630773,277.86722088437756,3516834.918546507,347091.5305432361,122.34913681486714,28.991647880072964,46925.078904612696,2.2013649205069132,0.036056532937146384,5268.589978355596,0.8479988881618326,5861.11193916848,17.722244594340356,277.86722088437756,0.7760497893107517,,,0.0008993886040317875,2.821313052860563e-05,0.0001706160896394466,3547.1030929675,23515.339463358643,2157154.1754150502,292.52114804182906,10998854.711280823,0.07007610660206492,0.047049754749371966,0.07016701674867598,0.18672696059827784,0.9824118495751816,0.005375278408024935,0.0013163348789948716,0.005975278408024935,0.00020157294030093506,two-phase,False,
0.05292163651278599,1.000334493744671,2913.319632024775,813.6469341762437,1.369428209405757,1114.2310641574572,2403851.9073525467,755.9108281603308,688.1405107875094,277.87423647105413,3517447.6695417305,346776.17301452556,122.56925922306323,28.980148101617175,46988.42384708442,2.2014494024470648,0.036056531170742215,5266.063553159036,0.8481500272846552,5859.248146481465,17.735285893146788,277.87423647105413,0.774613011922702,,,0.0008974799143265362,2.8192384549786613e-05,0.00017067036162319048,3552.075284989879,23550.40510622186,2160488.2742682323,292.5236538597368,10993713.284988577,0.07038790706339819,0.04698987819101783,0.07048451456201842,0.19051354662117237,0.9816845667289582,0.00536775409779103,0.001316108986726647,0.00596775409779103,0.00020129077866716362,two-phase,False,
0.05305996291493938,1.0003362446272435,2913.3189464565867,815.5547004099793,1.369195729831992,1116.654013245753,2408058.2655153205,756.8244217865217,688.9859797409781,277.8812626013645,3518061.5862834645,346460.6700541093,122.7902718496878,28.96942303140213,47053.1166485806,2.20153407467356,0.036056537984242014,5263.655286594872,0.8482992812661703,5857.530125828084,17.748478538898738,277.8812626013645,0.7731750708512551,,,0.000895532535716522,2.81714288300356e-05,0.00017072041944617895,3557.163329354474,23586.26475112655,2163913.5177160176,292.52616388750045,10988566.604094502,0.07069947040375332,0.04692877979191629,0.07080201237536084,0.1943031871990919,0.9809415229483736,0.005360076246520491,0.0013158779114023898,0.005960076246520491,0.0002010028592445184,two-phase,False,
0.05320153191110167,1.0003380412857708,2913.3182429670546,817.5066257329963,1.3689606128912037,1119.1343714060627,2412371.933862673,757.7487282609632,689.839788349411,277.88829927116683,3518676.6735034757,346145.01713850844,123.01217982685651,28.959449789917315,47119.13111725659,2.201618937455636,0.0360565536233425,5261.368588297337,0.8484465088231786,5855.961194024178,17.761814107278553,277.88829927116683,0.771735965195581,,,0.0008935477504310907,2.815027772389008e-05,0.00017076615893911115,3562.3650452441307,23622.903967394606,2167428.6245385874,292.5286781257074,10983414.714438718,0.0710107990982462,0.04686649682238321,0.07111951018870326,0.19806402409791307,0.9801890850025525,0.005352249537739335,0.001315641757512137,0.0059522495377393346,0.00020070935766522503,two-phase,False,
0.05334642229607428,1.0003398850532523,2913.317521034431,819.5037584778127,1.3687227536860778,1121.673440959842,2416794.9978026957,758.6841762932131,690.7023372639121,277.8953464763142,3519292.954576401,345829.20950885647,123.23492580998928,28.95025848991014,47186.495630851976,2.2017039910637997,0.036056578494519174,5259.201677796635,0.8485917934475999,5854.539898153547,17.77529875854807,277.8953464763142,0.7702961482791915,,,0.000891525076268434,2.8128922432853736e-05,0.0001708076155250711,3567.6829571840885,23660.34020651946,2171035.218556315,292.53119657494585,10978257.817189012,0.07132188459868229,0.04680301032356625,0.0714370080020457,0.20184833458872486,0.9794167906584806,0.005344271589007915,0.0013154004160186865,0.005944271589007915,0.00020041018458779683,two-phase,False,
0.05349466176211536,1.0003417766283909,2913.316780385344,821.5464408920949,1.3684821985693407,1124.2716796588309,2421328.387457351,759.6305929042874,691.5734240940249,277.9024042126553,3519910.4876405247,345513.24243708246,123.45857709282494,28.94183443908552,47255.21657719672,2.2017892357687114,0.03605661295060343,5257.158417305727,0.848735023253023,5853.270524369164,17.788929732059618,277.9024042126553,0.7688551650532269,,,0.0008894647246682029,2.8107368320134995e-05,0.00017084465784327898,3573.1176983056152,23698.57811590628,2174734.084164787,292.5337192358048,10973096.402809346,0.07163272289583685,0.04673832433853149,0.07175450581538811,0.20560185738003883,0.9786357219322612,0.0053361429083928985,0.001315153863960604,0.005936142908392898,0.0002001053590647337,two-phase,False,
0.05364625246149328,1.0003437163945295,2913.316020869907,823.6346622515092,1.3682389198758451,1126.9290006513115,2425971.5205655294,760.588103526904,692.4532059649405,277.90948391261395,3520529.2958976775,345197.1113096208,123.6831178467647,28.934174837711463,47325.29859506662,2.2018748101310495,0.036056657059222515,5255.234790923778,0.848876305971075,5852.1487397155815,17.802709091617125,277.90948391261395,0.7674134595988924,,,0.0008873673491604595,2.8085613118030345e-05,0.00017087740665467103,3578.6689562515608,23737.6182271334,2178524.590488423,292.53625019776604,10967913.973971555,0.07194331245715707,0.04667245436789579,0.07207200362873054,0.20938060220321264,0.9778342208273445,0.0053278654437592474,0.0013149021214092277,0.005927865443759247,0.0001997949541409718,two-phase,False,
0.053801305846178205,1.0003457061480012,2913.31524178499,825.769915998117,1.3679928360805906,1129.6473293362951,2430727.907796221,761.5570384310695,693.3419392158396,277.9165741324902,3521149.4390234337,344880.81121660076,123.90857417552999,28.927299274114663,47396.7740569275,2.2019605763062695,0.03605671155836796,5253.433742610334,0.8490156019308083,5851.178363431248,17.816641299068326,277.9165741324902,0.7659705857074944,,,0.0008852320312991249,2.8063650808648552e-05,0.00017090574545630156,3584.340407804392,23777.48355688979,2182409.630465084,292.5387853729298,10962727.741658475,0.07225364175156446,0.0466053689140204,0.07238950144207297,0.21314909801767296,0.9770196835347037,0.00531943523699694,0.00131464502773793,0.00591943523699694,0.00019947882138738525,two-phase,False,
0.05395977407871161,1.0003477456569654,2913.3144432216027,827.9515003367625,1.3677440158921566,1132.4257100345396,2435595.5096111023,762.5371445175533,694.239422516838,277.9236863017272,3521770.993491433,344564.3376019201,124.13499345930875,28.921175152112504,47469.62607817044,2.2020466730297703,0.03605677646231552,5251.7529677053035,0.8491529401201351,5850.356586935804,17.830722886962427,277.9236863017272,0.7645265327534989,,,0.0008830601346639325,2.8041487895344556e-05,0.00017092975191171418,3590.129888343008,23818.162105625106,2186387.403170126,292.54132885118275,10957521.663794639,0.07256371415282714,0.04653710595673349,0.07270699925541539,0.2168994270281264,0.9761939553976302,0.005310857060791946,0.0013143826873466967,0.0059108570607919455,0.00019915713977969798,two-phase,False,
0.05412175935530788,1.0003498366303696,2913.313624510855,830.1807780243736,1.367492467446449,1135.2659605671633,2440577.9874278135,763.5284004312621,695.1455357791341,277.9308089795627,3522393.9491810426,344247.6855068041,124.3622755786162,28.915848396740785,47543.88264704569,2.2021329622864076,0.03605685251462184,5250.20065806571,0.8492881195003563,5849.692809621889,17.844952824390568,277.9308089795627,0.7630817635750392,,,0.0008808508620309673,2.8019127028265247e-05,0.00017094914768090835,3596.040706904965,23859.674411168024,2190461.033197815,292.54387654422766,10952312.35597713,0.0728735190561241,0.04646763907924391,0.07302449706875781,0.22066974829367597,0.975348584962323,0.005302127595512382,0.00131411495672461,0.005902127595512382,0.0001988297848317143,two-phase,False,
0.05428727191037442,1.0003519796091764,2913.3127854411896,832.4578442336682,1.367238064768906,1138.1680519517358,2445674.41713015,764.5313177692619,696.0608559078189,277.9379421618104,3523018.3666751063,343930.8502514425,124.5904891160227,28.911298320311534,47619.54185854533,2.2022194443507437,0.03605694008038157,5248.766311608433,0.849421442985148,5849.175772786733,17.859339273037413,277.9379421618104,0.7616358229152137,,,0.000878604875866262,2.7996556443432348e-05,0.00017096425869991735,3602.0727987068594,23902.020432616715,2194629.463781608,292.54642845265994,10947100.325708855,0.07318305467271326,0.04639698198594142,0.07334199488210023,0.22440423738828197,0.9744961458323905,0.0052932485633026575,0.0013138418454551896,0.005893248563302657,0.00019849682112384965,two-phase,False,
0.05445633352104149,1.0003541752950091,2913.3119257381527,834.7829518902889,1.3669807805808811,1141.1322511905994,2450884.943630548,765.5460194872171,696.9855174807444,277.9450972734241,3523644.3774798433,343613.8271773759,124.81974590829054,28.907497644483552,47696.61586217479,2.202306258221875,0.03605703929108166,5247.447705419732,0.849552975188025,5848.803183277577,17.873884174587513,277.9450972734241,0.7601882450375277,,,0.0008763226163809242,2.7973774201294377e-05,0.00017097514972962653,3608.2265108289444,23945.205234881596,2198892.6914950227,292.54898866697596,10941870.005656444,0.07349231830226062,0.046325143725599295,0.07365949269544267,0.22816840596359234,0.9736216814143127,0.005284221101265158,0.001313563344610603,0.005884221101265158,0.00019815829129744345,two-phase,False,
0.054629054252458,1.0003564255540622,2913.3110446713285,837.1575663339017,1.3667207200227482,1144.160591832362,2456214.0992237525,766.572101941139,697.9189710684885,277.9522743057226,3524271.954520493,343296.61122508417,125.04992381755886,28.904498918355923,47775.144496958696,2.2023934044382463,0.03605715068004129,5246.260543368693,0.8496822965016301,5848.592562593691,17.888580375015714,277.9522743057226,0.7587399374062921,,,0.0008740031837650604,2.7950792601649408e-05,0.00017098130692087864,3614.5053877251207,23989.253290337725,2203254.710755383,292.551557188382,10936621.192428172,0.07380129859201272,0.04625209641872775,0.07397699050878509,0.23192033509746554,0.9727347830566558,0.005275041705959872,0.0013132793008076328,0.005875041705959871,0.00019781406397349522,two-phase,False,
0.054805395389524746,1.000358730332405,2913.310142262121,839.5811056011985,1.3664578326388015,1147.2521778843025,2461659.412038401,767.6097814416662,698.8615258434085,277.9594618238551,3524901.1242728266,342979.1977524157,125.28104999572238,28.902276514283404,47855.09541310674,2.202480744640462,0.03605727481110623,5245.194494503006,0.849809676550105,5848.532526854139,17.903431807954135,277.9594618238551,0.7572904547543108,,,0.0008716479421674696,2.792760658198838e-05,0.00017098306206016588,3620.907548976132,24034.149964189968,2207713.1889203126,292.55412992777997,10931370.777755274,0.0741099991072701,0.04617787569141743,0.07429448832212751,0.23565222075546793,0.971837450838882,0.005265714854293384,0.0013129898063241655,0.005865714854293384,0.0001974643070360019,two-phase,False,
0.05498545780550574,1.0003610914124048,2913.3092178129655,842.0549050821983,1.366192069915976,1150.408733757149,2467224.0369918025,768.6592646315144,699.8133189590111,277.96667124824944,3525531.967183179,342661.58179306146,125.5131726188633,28.900840425836662,47936.51342878585,2.202568418094276,0.03605741196757032,5244.253423342638,0.8499350416766592,5848.627813876691,17.91844104174473,277.96667124824944,0.7558397852489955,,,0.0008692562657570189,2.7904213253549577e-05,0.00017098027636967418,3627.4361731982594,24079.91957786949,2212270.7263827776,292.5567109762822,10926102.787520427,0.07441840954539056,0.04610245867170485,0.07461198613546995,0.23940710865092676,0.9709192738469061,0.005256237672089997,0.0013126947248145557,0.005856237672089997,0.0001971089127033749,two-phase,False,
0.05516926983888579,1.0003635096476677,2913.3082709899572,844.5793013776469,1.3659233813536065,1153.630615159022,2472908.1714126053,769.7207665340984,700.7745818315384,277.9739025701669,3526164.56421311,342343.75853569736,125.74629759072947,28.900189177391308,48019.40332364701,2.2026564253428775,0.03605756258110134,5243.433689191485,0.8500584999836451,5848.874641669807,17.93361142520756,277.9739025701669,0.7543879273712375,,,0.0008668285904168338,2.788060854810303e-05,0.0001709730608475664,3634.0917887286264,24126.566175937034,2216927.3254521196,292.5593003351039,10920817.914022133,0.07472652703481422,0.046025853610373486,0.07492948394881237,0.24312188635986035,0.9699957465746039,0.00524661119617374,0.0013123940400341732,0.00584661119617374,0.00019674791985651528,two-phase,False,
0.05535683905100206,1.0003659856320692,2913.3073015609016,847.1543445042541,1.3656518238922233,1156.9178756904555,2478711.8496913533,770.7940758818158,701.7450992018149,277.98114435922173,3526798.943682475,342025.72320929635,125.98045329904744,28.90031005637989,48103.75162913001,2.2027446277666543,0.036057727305403534,5242.737012609061,0.8501799889209042,5849.274864852696,17.948939787903218,277.98114435922173,0.7529344362014359,,,0.0008643655880960384,2.7856798557928065e-05,0.00017096136240901091,3640.874161385758,24174.08630490858,2221682.970662858,292.561893914542,10915533.042137166,0.07503435107881672,0.04594807771898132,0.07524698176215479,0.2468687246769292,0.9690489320856747,0.005236837589412779,0.0013120877703464901,0.005836837589412779,0.00019638140960297922,two-phase,False,
0.055548306529016475,1.0003685217426297,2913.306308595458,849.7819155736831,1.365377304149421,1160.2729410009265,2484639.491871447,771.8795769438211,702.7251609913783,277.9884080312839,3527435.0796626466,341707.4706816847,126.21555814406754,28.901253705907987,48189.61917995567,2.2028331649000528,0.036057906529680515,5242.167741370094,0.8502994409042576,5849.833984357102,17.964431176601412,277.9884080312839,0.7514802086875045,,,0.0008618661736068199,2.7832776617566812e-05,0.0001709450221449148,3647.787867554477,24222.51383316406,2226541.3049416854,292.56449580632915,10910231.333142707,0.07534186728501653,0.045869093453295685,0.07556447957549722,0.25061381191356974,0.9680871434319072,0.005226912133859692,0.0013117757171589015,0.005826912133859692,0.00019600920501973844,two-phase,False,
0.05574363050409061,1.0003711179580486,2913.305292102326,852.4613839510762,1.3650998450094365,1163.6949031081438,2490688.894388164,772.9771977403789,703.7147639822629,277.99569357755774,3528073.127707862,341388.99623904226,126.45174882909977,28.90296807986708,48276.980844587575,2.2029220372913834,0.03605810058510297,5241.72033575211,0.8504169818244836,5850.545741398003,17.98008501322916,277.99569357755774,0.750024333833274,,,0.0008593317692885595,2.780854482234741e-05,0.0001709242255682369,3654.83086005084,24271.835351039943,2231500.308657827,292.5671060116897,10904914.095516624,0.0756490806571329,0.04578893943895861,0.07588197738883964,0.25431404091543613,0.967121692752914,0.0052168396833558095,0.0013114579811590835,0.005816839683355809,0.00019563148812584287,two-phase,False,
0.05594288832531582,1.0003737758517086,2913.30425146585,855.1937521448626,1.3648194475093436,1167.1850643157939,2496862.4857736593,774.0869481350155,704.7138591419744,278.00300098922463,3528713.0805465076,341070.2948995747,126.68896624234954,28.90548000079779,48365.86099774081,2.203011245490885,0.03605831002032302,5241.399286460466,0.8505325045088954,5851.415397730181,17.995901018795216,278.00300098922463,0.748567264824024,,,0.0008567621627219861,2.7784104806855283e-05,0.00017089882225553656,3662.005380039981,24322.06657662642,2236561.9874467556,292.5697245318517,10899581.287318535,0.07595598377904507,0.045707605557450175,0.07619947520218207,0.2580519972310144,0.9661310297910344,0.005206618966370415,0.001311134469679617,0.005806618966370415,0.00019524821123889055,two-phase,False,
0.056146168457547295,1.0003764971717406,2913.303186001982,857.9801724745438,1.364536065229278,1170.7448885931512,2503162.804014039,775.2090303896398,705.7225983566353,278.0103302574427,3529354.9866744857,340751.3615864174,126.9272165320001,28.908804164288323,48456.28829331763,2.2031007900512365,0.03605853541885554,5241.206640917024,0.850645979182471,5852.4456526309405,18.011881821944055,278.0103302574427,0.7471090001283154,,,0.0008541570497067639,2.7759453728529632e-05,0.00017086873750813124,3669.31404584181,24373.225808093568,2241728.3799631707,292.572351368047,10894233.328299796,0.07626256806269827,0.04562507796944711,0.07651697301552449,0.26176823444045905,0.9651307639060754,0.005196248243802859,0.0013108050734053245,0.0057962482438028585,0.0001948593091426072,two-phase,False,
0.05635345860989434,1.0003792823386257,2913.3020955465004,860.8204141814189,1.3642496910096547,1174.3739840618036,2509588.5947965677,776.3434870828987,706.7410732941198,278.017681373347,3529998.9858147195,340432.1914835036,127.16657228739727,28.912911390430153,48548.24932005418,2.2031906715265017,0.03605877718148989,5241.137519282988,0.8507575275653471,5853.631133941799,18.028028470480564,278.017681373347,0.745649083289365,,,0.0008515175008742131,2.773459121271688e-05,0.0001708341330565881,3676.7558363702483,24425.306632012627,2246998.254790228,292.57498652151105,10888871.39218004,0.07656883606879614,0.04554138428686125,0.07683447082886692,0.265472998383424,0.9641182951947933,0.005185730985468314,0.0013104698473104337,0.005785730985468314,0.0001944649119550618,two-phase,False,
0.056564866111692605,1.0003821333981844,2913.3009792988432,863.715883896283,1.3639603059082086,1178.0741812169529,2516143.284759408,777.4904124632071,707.7692964843752,278.0250543280492,3530645.0361739877,340112.7794648619,127.40697384645102,28.91783628926311,48641.780016385615,2.203280890473232,0.036059035947258525,5241.197513339146,0.8508670243776632,5854.978468435471,18.044341728001925,278.0250543280492,0.7441879676092565,,,0.000848842981149963,2.770951733994708e-05,0.00017079482108961768,3684.3340118020974,24478.331735485684,2252374.4533615517,292.5776299934829,10883495.149770947,0.07687477739991065,0.04545650420707985,0.07715196864220934,0.26920024364000694,0.9630842272741056,0.005175064640065219,0.001310128653720879,0.005775064640065219,0.00019406492400244571,two-phase,False,
0.056780434831985624,1.000385051569155,2913.2998367822966,866.6671162995225,1.3636678114686922,1181.8460497560525,2522827.2254879377,778.6502129935802,708.8076997429328,278.03244911263823,3531293.243576526,339793.1205657317,127.64849438661145,28.923565068073877,48736.88972362274,2.203371447449453,0.036059312243341884,5241.3805724767535,0.8509746545499868,5856.481359587463,18.060827911748717,278.03244911263823,0.7427251965413333,,,0.0008461338938404137,2.7684223693574197e-05,0.00017075099169622238,3692.049533232819,24532.30820009787,2257857.029757431,292.5802817852053,10878105.49255946,0.07718038878594055,0.04537044374418415,0.07746946645555176,0.27289080099770147,0.9620450149191735,0.0051642499633453125,0.0013097814588540558,0.005764249963345312,0.0001936593736254492,two-phase,False,
0.057000181392871815,1.000388037720657,2913.298667657046,869.6742713557093,1.3633723710369698,1185.6898733680825,2529641.3735996783,779.8222583376732,709.8555988971048,278.03987712756884,3531943.6023499253,339473.2097768595,127.8911174012877,28.930096539637105,48833.58586573429,2.203462482900541,0.036059606298275405,5241.696330777154,0.8510801264818727,5858.150238795083,18.07747714286995,278.03987712756884,0.7412612105387646,,,0.0008433908583189548,2.7658726715481322e-05,0.00017070234788066517,3699.902372981316,24587.238768266423,2263446.884371265,292.5829459905112,10872685.81308787,0.07748567025531447,0.04528322017353706,0.0777869642688942,0.2765956430999077,0.9609863943980417,0.0051532891261947215,0.001309428273636806,0.005753289126194721,0.00019324834223230204,two-phase,False,
0.05722423378546836,1.0003910942600582,2913.2974709810546,872.7390307834366,1.363073748144885,1189.607661842313,2536588.4797946983,781.0075058455304,710.9139415707543,278.0473155435573,3532596.2207574407,339153.04193507804,128.13482970950383,28.937459646886683,48931.892868629984,2.2035537177103333,0.03605991932827851,5242.136607252816,0.8511837289736579,5859.977016651138,18.09430370704891,278.0473155435573,0.7397955786166628,,,0.0008406132812320048,2.7633005839579086e-05,0.00017064913346221286,3707.8964640794643,24643.146016008883,2269145.9863551846,292.5856144256888,10867270.180588063,0.07779060937828233,0.04519480717101778,0.07810446208223662,0.28031162292859996,0.9599090550938325,0.005142178820626867,0.0013090689311631733,0.0057421788206268665,0.0001928317057735075,two-phase,False,
0.0574526067254507,1.0003942220806274,2913.2962464051047,875.861523864163,1.3627720739757605,1193.5996253919354,2543669.1756077628,782.2054505509145,711.9821864733258,278.05478716884176,3533251.1311013796,338832.6119889639,128.3796580535113,28.94564239241443,49031.82634779783,2.2036454323051293,0.036060251328682104,5242.70859968915,0.8512852418834636,5861.969490022654,18.11129978803955,278.05478716884176,0.7383287281770576,,,0.0008378018715208928,2.76070743597427e-05,0.00017059113011455394,3716.031672477385,24700.03436985888,2274954.907974366,292.58829527737703,10861825.73049044,0.07809520676967441,0.045105223967888415,0.07842195989557904,0.2839812040625544,0.9588298471257461,0.005130921463313416,0.0013087034477474292,0.005730921463313416,0.0001924095548742531,two-phase,False,
0.0576853385652415,1.0003974224178815,2913.2949934460057,879.0422015289968,1.3624672930794524,1197.6662488198147,2550883.7825403605,783.416335636276,713.0605938265131,278.0622805850174,3533908.405894459,338511.91491126094,128.62563328807303,28.954638351449095,49133.38282492761,2.203737487366987,0.036060603094915475,5243.408177621035,0.851384787801367,5864.12338827668,18.128469098071445,278.0622805850174,0.7368602154183376,,,0.0008349571518654752,2.7580927947919846e-05,0.0001705284718256713,3724.308694582267,24757.906793281454,2280873.7129018153,292.59098445424905,10856369.651650589,0.07839946062059432,0.04501448079777748,0.07873945770892148,0.2876800988315519,0.9577265584373592,0.005119518340250057,0.0013083318025798908,0.005719518340250057,0.00019198193775937718,two-phase,False,
0.05792256981420522,1.0004006979428066,2913.293711058599,882.282908014247,1.3621593386806554,1201.8099025099323,2558236.5807160363,784.6404395443096,714.14934962133,278.0698071862049,3534568.0994060016,338190.9453754853,128.87280665156305,28.96446452188246,49236.61941852793,2.2038300237181416,0.036060975165244626,5244.24028715489,0.8514822765262183,5866.444838091945,18.145815191049063,278.0698071862049,0.7353900249197212,,,0.0008320783494224334,2.7554562566394877e-05,0.00017046099087249732,3732.7318360946156,24816.795587211884,2286905.904842353,292.5936860510027,10850885.856157066,0.0787033573843745,0.04492254883227679,0.0790569555222639,0.291384244329262,0.9566060956091933,0.005107965828752176,0.0013079538131686849,0.005707965828752176,0.00019154871857820658,two-phase,False,
0.05816430314599593,1.0004040494574409,2913.2923989294623,885.5836014585717,1.3618482669075178,1206.030492848074,2565727.16631546,785.8775603075751,715.2482636315092,278.07735555704477,3535230.245946241,337869.69829565973,129.12107345795604,28.975134589131844,49341.517367407854,2.203922901862567,0.03606136827600128,5245.205026130063,0.8515776871848525,5868.9339087458975,18.163335096503324,278.07735555704477,0.7339186235909159,,,0.0008291664314709595,2.752798411434123e-05,0.00017038869674606454,3741.300481737456,24876.694815002746,2293051.044310025,292.5963959758975,10845391.20244387,0.07900689978230535,0.04482945354160214,0.07937445333560632,0.29503780671185126,0.9554855794885971,0.005096267129501486,0.0013075695182789347,0.005696267129501486,0.00019111001735630574,two-phase,False,
0.05841059068755123,1.0004074784689407,2913.291056469145,888.9449136813454,1.3615339912325957,1210.3287163104774,2573356.1252536303,787.1280640730324,716.3577199576716,278.08493708845185,3535894.9206358287,337548.1685776979,129.37055312448453,28.986625374951533,49448.09711043391,2.204016262813116,0.036061782786094204,5246.297439794009,0.8516711743371622,5871.585518970082,18.18103442494834,278.08493708845185,0.7324455404192795,,,0.0008262218243060151,2.7501185483367828e-05,0.000170311749146661,3750.015757969699,24937.615191187007,2299309.3786981837,292.5991183240697,10839869.786867112,0.0793100850343495,0.04473520158291708,0.07969195114894874,0.29872443680659294,0.9543394107206219,0.005084423079061827,0.0013071788787417007,0.005684423079061827,0.00019066586546481854,two-phase,False,
0.05866157642174155,1.000410987798579,2913.28968257375,892.3687269598256,1.3612165172644075,1214.7070506279267,2581128.26410837,788.3919446590075,717.4775889308983,278.09254036813434,3536562.1804061327,337226.3507863406,129.6212092552819,28.998973520804032,49556.39679206136,2.2041099668945443,0.036062219776000264,5247.527080004309,0.8517625105723305,5874.410776040936,18.198912177984198,278.09254036813434,0.7309707874489433,,,0.0008232437602820065,2.7474169615745817e-05,0.00017022983889355297,3758.882014928519,24999.58459313615,2305684.940882112,292.6018490033621,10834338.638915906,0.07961289957956706,0.04463976531736208,0.08000944896229117,0.30241616340591476,0.9531759880058074,0.005072430204231682,0.0013067817113235018,0.005672430204231682,0.00019021613265868807,two-phase,False,
0.05891726996628536,1.0004145784266996,2913.288276860142,895.8550871278592,1.3608957433126099,1219.1653746972509,2589042.3225742183,789.6696306062308,718.6083738517185,278.1001767837797,3537232.177329161,336904.2398447104,129.873162863993,29.012143418238793,49666.4188881647,2.204204155312049,0.036062679528559634,5248.883801388259,0.851851980287058,5877.398740380114,18.216975331004296,278.1001767837797,0.7294938930347092,,,0.000820233268393408,2.7446927435260196e-05,0.00017014329708984934,3767.8988271904495,25062.603222962978,2312176.3399686506,292.6045921093524,10828782.50015257,0.07991534609681004,0.04454316912440827,0.0803269467756336,0.30605892490785364,0.9520125705494905,0.005060291568625745,0.0013063780471749913,0.005660291568625745,0.00018976093382346547,two-phase,False,
0.059177728393196884,1.0004182520226452,2913.286838675473,899.4046852854291,1.3605717916963829,1223.7046441189177,2597100.4117516275,790.9606513612366,719.7495296803846,278.10784632143356,3537904.85300456,336581.8304928757,130.12628391250504,29.02616839894314,49778.17526846653,2.204298828930264,0.036063162690967265,5250.377142828244,0.8519393126920305,5880.559986999221,18.235216286797847,278.10784632143356,0.7280157656090955,,,0.0008171906552826824,2.7419471868946026e-05,0.00017005183217428378,3777.0674299730567,25126.68020088133,2318785.399628026,292.6073476439771,10823200.920552244,0.08021742188470805,0.04444541972517365,0.08064444458897602,0.3097266716172991,0.9508256353763658,0.005048008016844612,0.0013059678433124612,0.005648008016844612,0.00018930030063167295,two-phase,False,
0.05944308910958918,1.000422011426766,2913.285366908496,903.0193039630892,1.3602445373196599,1228.3270753099937,2605306.0954719577,792.2655279421892,720.9015219399614,278.1155375734397,3538580.2877349746,336259.1172822337,130.38060477819494,29.041066845003662,49891.70011388331,2.2043938478014713,0.0360636703667615,5252.006546669261,0.852024572288165,5883.894674758682,18.25364242718257,278.1155375734397,0.7265359624636588,,,0.0008141154095684404,2.7391793281510802e-05,0.00016995545557433236,3786.391858655563,25191.84130928141,2325514.888666365,292.6101115144493,10817611.098650713,0.08051911467146078,0.04434649454591979,0.08096194240231845,0.3134053778643935,0.9496194338395127,0.0050355767121886535,0.0013055509319183467,0.005635576712188653,0.0001888341267070745,two-phase,False,
0.05971338976143239,1.0004258581082193,2913.283860984816,906.6993629890114,1.3599140130816385,1233.033169380952,2613660.054111843,793.5841489129671,722.0642275182163,278.1232733146354,3539258.5787167214,335936.09490699694,130.63622246916057,29.056815484181463,50007.01609514625,2.2044894943353075,0.036064202692055,5253.773600591315,0.8521077128309251,5887.404686059398,18.272252004346278,278.1232733146354,0.72505445155649,,,0.0008110081908843158,2.7363895806661867e-05,0.00016985412984568037,3795.8726118368795,25258.095552805917,2332365.2654160913,292.6128919119672,10811980.842396718,0.08082042454741709,0.044246409184081986,0.08127944021566087,0.31704282387605337,0.9484112229558957,0.0050229996146893925,0.0013051273038131792,0.005622999614689392,0.00018836248555085223,two-phase,False,
0.05998868256447364,1.000429793772057,2913.2823202377217,910.4454782518238,1.3595801890581116,1237.8236354487176,2622163.08562473,794.916657689856,723.2377902837247,278.1310307452262,3539939.7867529183,335612.7580722972,130.89305602793172,29.07343443267929,50124.112561692855,2.2045854876803403,0.03606476081823451,5255.676192959007,0.8521887998546672,5891.087990538442,18.291047142022915,278.1310307452262,0.7235712606872619,,,0.0008078695311367961,2.7335777777931092e-05,0.00016974793138484434,3805.5106821210893,25325.445586766695,2339336.999431615,292.6156806488075,10806343.687640812,0.08112135013656703,0.04414517424532221,0.0815969380290033,0.32068475678450314,0.9471859831976316,0.00501027805709362,0.0013046969280216267,0.0056102780570936196,0.00018788542714101076,two-phase,False,
0.060269087159843,1.000433821125464,2913.2807436082335,914.2591798591791,1.3592429343537868,1242.7003303916772,2630817.9082739814,796.2635964052597,724.422723557697,278.13882124470473,3540623.9953356795,335289.1013670712,131.15122862839723,29.090916163140808,50243.03473713846,2.204681969533152,0.0360653453554981,5257.711717671804,0.8522679490679608,5894.942422612657,18.31003580549649,278.13882124470473,0.72208591694464,,,0.000804699230815218,2.7307428850024697e-05,0.0001696369410096455,3815.3093967216164,25393.917302734375,2346432.102599319,292.6184818216696,10800683.841486817,0.08142188197493663,0.04404277628380491,0.08191443584234573,0.32434982301376525,0.9459372031540673,0.004997410349747807,0.0013042596697398917,0.005597410349747807,0.00018740288811554276,two-phase,False,
0.06055469266978392,1.0004379424846794,2913.2791301904645,918.1415786281544,1.3589023113016176,1247.6647132999149,2639627.3298239238,797.6247386813511,725.6187232738982,278.14664479886204,3541311.246260759,334965.1193028714,131.41067868137338,29.10928564180896,50363.80538763012,2.204778940777719,0.03606595709215171,5259.887745944181,0.8523449610644429,5898.976621780849,18.32921398918775,278.14664479886204,0.720598873517714,,,0.0008014973809390881,2.727885659990362e-05,0.00016952092949609093,3825.270982120073,25463.52668467325,2353652.9022230157,292.62129543252934,10795001.674726808,0.08172201459246892,0.04393921405122811,0.08223193365568815,0.3279877141859828,0.9446819884718105,0.004984396335785702,0.0013038154438367998,0.0055843963357857015,0.00018691486259196383,two-phase,False,
0.06084553555429157,1.000442159444041,2913.277479361187,922.0930663382895,1.3585583937408314,1252.7172750841046,2648592.1591125736,798.9998112937828,726.825492267803,278.1545127789866,3542001.6030059024,334640.80644754303,131.67145959541833,29.12852804622249,50486.43572980521,2.204876543600133,0.03606659644172188,5262.207962834682,0.8524197252581612,5903.194724406267,18.348577408532154,278.1545127789866,0.719110112074791,,,0.0007982647161410481,2.725006897632828e-05,0.00016939979903857539,3835.395803712194,25534.279513933707,2361000.0009588865,292.6241255792083,10789281.263964158,0.08202174939631103,0.0438345060439229,0.08254943146903057,0.33159657994433833,0.9434212782046089,0.004971238339524819,0.0013033642485704524,0.005571238339524819,0.0001864214377321807,two-phase,False,
0.06114170522348502,1.000446474400898,2913.275790182858,926.114751335053,1.3582109809600036,1257.859224892312,2657713.3326631435,800.3896419808002,728.0438979516532,278.1624023980181,3542695.130633565,334316.1574083132,131.9334898952592,29.148672201058005,50610.92824854165,2.2049744963964213,0.0360672646918314,5264.661408121369,0.8524925822086754,5907.585350654393,18.368138778090344,278.1624023980181,0.7176196620373533,,,0.0007950015233903556,2.7221048688743784e-05,0.0001692738979876488,3845.6860492985093,25606.186625037608,2368473.747869148,292.6269640722478,10783556.119494714,0.0823210814798642,0.0437286521997971,0.082866929282373,0.3352473668384388,0.9421301412373416,0.004957936353162425,0.0013029060013297618,0.005557936353162425,0.00018592261324359093,two-phase,False,
0.06144336837567229,1.0004508909323375,2913.2740612561674,930.2087867515964,1.3578601228615912,1263.0934174654544,2666996.5035565677,801.794049818684,729.2736060864669,278.1703364110343,3543391.9565160726,333991.1664277765,132.1969397760643,29.1697111952287,50737.354938574674,2.2050730827570715,0.03606796240447737,5267.261563252168,0.8525631982775966,5912.163982928928,18.387894270231644,278.1703364110343,0.7161270330707622,,,0.000791707078963817,2.71918030771721e-05,0.0001691428050519994,3856.1465541608372,25679.28681103092,2376078.9134187833,292.6298191055498,10777794.375431646,0.08261999638413117,0.043621625977139,0.08318442709571543,0.33889174750067097,0.9408253735289783,0.0049444870413686585,0.001302440502221319,0.005544487041368658,0.00018541826405132472,two-phase,False,
0.06175053358324439,1.0004554103523275,2913.272292067797,934.3751752444921,1.3575057920761466,1268.4197123665626,2676440.5823920746,803.2131718113897,730.5148089272732,278.1783034180367,3544092.1094243,333665.8281002491,132.46177365702607,29.191641697143353,50865.695053438045,2.205172162288046,0.03606869042392466,5270.002024166535,0.85263174070639,5916.9236835726115,18.40784631325477,278.1783034180367,0.7146322386660484,,,0.0007883825757755241,2.7162330209154865e-05,0.00016900674294250903,3866.7766351640075,25753.573834017978,2383814.2996380934,292.63268658528887,10772012.763579873,0.08291849998358371,0.043513457960344004,0.08350192490905785,0.3424860546197454,0.9395229121160381,0.004930894247491997,0.001301967797500074,0.005530894247491997,0.0001849085342809499,two-phase,False,
0.062063293648717356,1.000460035247709,2913.2704816061987,938.615059486581,1.3571479698811935,1273.839522482129,2686047.794048128,804.6471058655457,731.7675648573127,278.1863147834751,3544795.6739465427,333340.13686744386,132.7279744491023,29.21447813387862,50995.98066300923,2.205271877587038,0.03606944936383595,5272.884619789231,0.8526981785599531,5921.866906118523,18.427996093887916,278.1863147834751,0.7131357153954065,,,0.0007850282412744257,2.713263001861808e-05,0.00016886566615787862,3877.5785072973,25829.066212654976,2391681.597339111,292.6355706102253,10766195.558371628,0.08321658781845229,0.04340414937925552,0.08381942272240027,0.3460958046350553,0.9381991760889655,0.004917158126079121,0.0013014878048270833,0.0055171581260791205,0.00018439342972796703,two-phase,False,
0.062381779353464985,1.0004647688211545,2913.268628618819,942.9300924109978,1.356786641348047,1279.354953108321,2695821.821055339,806.0959362353879,733.0318773557888,278.19435911050834,3545502.6813676837,333014.0870028161,132.99550570959093,29.238248622640683,51128.23844636535,2.205372088074373,0.03607024044170693,5275.914276686238,0.852762406308385,5926.999671125551,18.448344250199117,278.19435911050834,0.7116374772877022,,,0.000781643903883281,2.710270326805092e-05,0.00016871942896701692,3888.555661630848,25905.786228949553,2399683.7560828123,292.6384670861042,10760359.496352395,0.0835142508456956,0.04329368919563014,0.0841369205357427,0.34972698937913693,0.93685166002938,0.004903277290023454,0.0013010003857434468,0.005503277290023454,0.00018387289837587954,two-phase,False,
0.06270610043948405,1.000469614023139,2913.266731951897,947.3216367671375,1.3564217288826852,1284.9676523516557,2705765.0391298705,807.5599974843226,734.3080528603846,278.20243638450796,3546213.2258501085,332687.6727917935,133.2644489229849,29.262949385713704,51262.49609434902,2.205472794667557,0.03607106458995465,5279.089790500044,0.8528244874788528,5932.321246197541,18.468895624688027,278.20243638450796,0.7101370659831203,,,0.000778229707315878,2.7072544572271677e-05,0.00016856807959295415,3899.7108237483367,25983.75345319534,2407822.5033275294,292.64137601496554,10754505.370803343,0.08381148301088197,0.043182074835844846,0.08445441834908513,0.3533341322576136,0.9354971891896625,0.00488925141591399,0.0013005054364440562,0.0054892514159139896,0.00018334692809677462,two-phase,False,
0.06303630965030939,1.0004745730040077,2913.264790764958,951.7902793402538,1.3560532541399093,1290.6783055580845,2715878.2834196086,809.039228342358,735.5960209738535,278.2105579647129,3546927.418651955,332360.88861469884,133.534859644988,29.2885673317182,51398.76849547355,2.2055741402794906,0.03607192234103739,5282.41177856569,0.8528844053389927,5937.832535279622,18.48964921829024,278.2105579647129,0.7086344615223047,,,0.0007747864016104336,2.704215716030959e-05,0.00016841162058015306,3911.04472784377,26062.976401004093,2416098.3571442054,292.6443014962855,10748617.692927096,0.08410828597015602,0.04306932413322565,0.08477191616242755,0.3569111453203555,0.9341383379061755,0.004875082744752568,0.0013000029419923697,0.005475082744752568,0.0001828156029282213,two-phase,False,
0.06337250988950996,1.0004796487147372,2913.262803904188,956.3372820573798,1.3556811403155915,1296.488417065862,2726163.5835417197,810.5339652529206,736.8961004221251,278.218723831314,3547645.3333799243,332033.728792105,133.80674808746934,29.31511197832545,51537.07982035526,2.2056761261393754,0.036072814627682484,5285.8781700391,0.8529422436779899,5943.531821439161,18.510609927418976,278.218723831314,0.7071296607519411,,,0.0007713142569087833,2.701153565228401e-05,0.0001682501297280614,3922.5598036397487,26143.472697534617,2424512.732012172,292.64724353281514,10742697.107166471,0.08440465527301161,0.042955438391478924,0.08508941397576998,0.36050820590340454,0.9327560417795794,0.004860771440367762,0.001299492812716274,0.005460771440367762,0.00018227892901379107,two-phase,False,
0.06371485264081506,1.0004848449041395,2913.2607699035457,960.9645585652394,1.355305470250109,1302.4005229399502,2736625.9557094094,812.0438957487836,738.2078386835014,278.2269339644023,3548367.022297411,331706.1873537534,134.08005109065456,29.342620860277986,51677.472574183696,2.2057787534846196,0.03607374255186164,5289.501829473231,0.8529976744801359,5949.433830042597,18.531772039843673,278.2269339644023,0.705623116634479,,,0.0007678129595208302,2.698069018575181e-05,0.00016808322078486586,3934.2601040797786,26225.271094677733,2433069.837034427,292.65020212732037,10736744.082706826,0.08470058047183779,0.042840403581008844,0.0854069117891124,0.3641186232133271,0.931352579976687,0.004846315739748567,0.0012989748877087939,0.005446315739748566,0.00018173684024057126,two-phase,False,
0.0640634347840769,1.000490164561599,2913.258687594353,965.6732786769742,1.3549260826709697,1308.4159126178242,2747266.484035106,813.5696991453442,739.5319458965308,278.23518834396936,3549092.6255183704,331378.2585021643,134.35485195779606,29.371084961317266,51819.96736590845,2.205882023559617,0.03607470705791426,5293.2740092420745,0.8530509711861586,5955.5295784234395,18.553145952461357,278.23518834396936,0.7041143699709866,,,0.0007642829702363078,2.6949607429443383e-05,0.00016791118016153353,3946.1477718176316,26308.387325534884,2441770.137300616,292.65317728258225,10730759.805058992,0.0849960585891646,0.04272422524420143,0.08572440960245482,0.3676999038084761,0.9299445041179809,0.0048317163393717475,0.0012984490913548242,0.005431716339371747,0.00018118936272644055,two-phase,False,
0.06441833321453609,1.0004956104288687,2913.256555904946,970.464337813915,1.354542966717658,1314.535643236148,2758086.5311737857,815.1114463635431,740.8684791367066,278.2434755828126,3549822.20525133,331049.9364809413,134.631189041965,29.400499722507927,51964.56645102051,2.2059857952171282,0.03607570926712507,5297.194303034169,0.8531021539388389,5961.81898943229,18.574732625831928,278.2434755828126,0.7026029796359385,,,0.0007607249032351695,2.691828787374569e-05,0.00016773404254180892,3958.2242360692044,26392.829720797086,2450614.5332668494,292.656164903034,10724761.212435162,0.08529108966930629,0.042606916341559935,0.08604190741579726,0.37125859991609,0.9285295105640664,0.004816974867902181,0.001297915380131052,0.00541697486790218,0.00018063655754633177,two-phase,False,
0.06477966216128866,1.0005011858798225,2913.254373516314,975.3391308213604,1.354156157439432,1320.7614895933689,2769089.193683304,816.669020671236,742.2172485956728,278.25181839664305,3550555.7929062205,330721.21538909,134.90901743268427,29.430887864009865,52111.31636777689,2.2060903544122716,0.036076749732791735,5301.268861567969,0.8531510721064384,5968.309303767379,18.59652978355485,278.25181839664305,0.7010898185003258,,,0.0007571389746591387,2.6886736709456216e-05,0.00016755163801057855,3970.4921639050826,26478.62275527548,2459605.4879581034,292.6591731879749,10718715.812584372,0.08558566927399401,0.042488478254089766,0.08635940522913968,0.37482860059251016,0.9270941269244781,0.004802091498882119,0.001297373656355175,0.005402091498882119,0.0001800784312080795,two-phase,False,
0.06514756967572075,1.0005068948833764,2913.2521388766354,980.2995029779714,1.3537656340557929,1327.0957782135522,2780278.40442168,818.2425321364908,743.5782825976556,278.26019403270897,3551293.4940967294,330392.0891721224,135.18832908595914,29.46227203225069,52260.23554936439,2.2061954175085816,0.0360778300693449,5305.502099153004,0.8531976370945742,5975.006071644738,18.618538467835048,278.26019403270897,0.699574463951438,,,0.0007535251158331113,2.6854954316837936e-05,0.00016736384666546963,3982.9553271159566,26565.788286000996,2468746.0956551875,292.6621939432666,10712657.278750407,0.08587978889646739,0.042368902421421425,0.0866769030424821,0.3784170307764429,0.9256352147678591,0.00478706515658381,0.0012968237742945238,0.00538706515658381,0.0001795149433718929,two-phase,False,
0.06552219117870163,1.0005127412933639,2913.2498504792434,985.3471227240307,1.3533712848228487,1333.5405014775185,2791656.8741116724,819.8324619420305,744.9520379776766,278.26862519961315,3552035.391744991,330062.5517931093,135.46922754681242,29.494646813657955,52411.37743577538,2.20630127089054,0.03607895093660871,5309.891454665499,0.8532419585630301,5981.907215200889,18.640765678895114,278.26862519961315,0.6980568756145353,,,0.0007498834860223842,2.6822932523962517e-05,0.0001671707641099574,3995.617020612295,26654.355196320197,2478038.2655443707,292.6652353691849,10706553.566960922,0.08617344209571193,0.04224818570426347,0.08699440085582452,0.3819845127845922,0.924168724850997,0.0047718954465122525,0.001296265610079493,0.005371895446512252,0.00017894607924420948,two-phase,False,
0.06590360436836935,1.0005187281352887,2913.2475071418025,990.4828751301927,1.3529731179067854,1340.096703798174,2803225.945125675,821.4388061871468,746.3384950167327,278.27711187161276,3552781.675856051,329732.5973039524,135.75179930187736,29.527995715178005,52564.75249480284,2.206407916155323,0.03608011327328402,5314.437308072124,0.8532840324196035,5989.013505642163,18.663211253311164,278.27711187161276,0.6965365932340644,,,0.000746214804622492,2.679067354559852e-05,0.00016697240690105548,4008.478548113539,26744.33367215664,2487482.877054267,292.66829746930375,10700406.284527274,0.08646663051190476,0.04212634453937374,0.08731189866916696,0.3855238199644947,0.9226978835133328,0.004756584434171358,0.0012956991282983403,0.005356584434171358,0.00017837191628142593,two-phase,False,
0.06629193621101412,1.000524859275924,2913.245107352804,995.7083035887294,1.3525710697986073,1346.7662453923642,2814988.259158026,823.0618489077478,747.7379043899214,278.28563130608313,3553532.3268234236,329402.219679393,136.0358875675193,29.562367046479228,52720.36896334768,2.20651506906395,0.03608131865753305,5319.138846392151,0.8533239090627852,5996.324697005577,18.68587921926886,278.28563130608313,0.6950141079173718,,,0.0007425193521305265,2.6758173599045878e-05,0.00016676882099119422,4021.5428397645856,26835.739870889927,2497081.8222873406,292.6713720481012,10694248.034441778,0.0867593497225448,0.04200338038880868,0.08762939648250938,0.38905846921054704,0.9212130630508589,0.004741132303288554,0.0012951242224984718,0.005341132303288554,0.00017779246137332078,two-phase,False,
0.06668731710771955,1.000531138717751,2913.2426495477407,1001.0249914045339,1.3521652005680687,1353.5511582761608,2826947.4605858047,824.7013755067105,749.1499598860042,278.2942175573859,3554287.514061506,329071.41276472004,136.32164376880198,29.597742402155323,52878.28694220876,2.2066231596868326,0.036082567543084546,5324.004373734178,0.8533613803366445,6003.850450257075,18.708765662168645,278.2942175573859,0.693489358467398,,,0.000738797343480957,2.6725440311172406e-05,0.0001665597783097981,4034.812896107383,26928.603431961,2506838.0315554175,292.67447140714523,10688031.17435663,0.08705159530778887,0.04187929473389767,0.0879468942958518,0.3926167126605486,0.9197021892654297,0.004725539240013181,0.0012945407838959636,0.005325539240013181,0.0001772077215004943,two-phase,False,
0.06708993897669384,1.0005375715335205,2913.2401317433364,1006.435341764567,1.351755450057367,1360.4544583606023,2839108.5620946465,826.3576604874615,750.5748377568648,278.3028365296074,3555047.24616003,328740.1701955737,136.60893887555406,29.63417886250831,53038.52749660175,2.206731760560301,0.03608386200052598,5329.037968288594,0.8533963820123591,6011.596187614068,18.731873924698576,278.3028365296074,0.6919623996118556,,,0.0007350484934314058,2.6692470919352814e-05,0.0001663451716967184,4048.293728855634,27022.952232860356,2516755.425899692,292.67758325066154,10681804.863673298,0.08734335511004564,0.04175407112533964,0.08826439210919423,0.39617628364465035,0.9181744672324065,0.004709803177265105,0.0012939486161910457,0.005309803177265105,0.00017661761914744144,two-phase,False,
0.06749989513756265,1.0005441613169916,2913.237552535336,1011.9404253876246,1.3513416623191932,1367.477256611304,2851472.037779177,828.0313642837618,752.0132505477221,278.3115222662032,3555811.722658077,328408.4858814999,136.89800167280296,29.67163102721527,53201.13531682569,2.2068413024147038,0.036085202385290775,5334.229799293998,0.8534292108818703,6019.55168735327,18.755214366936638,278.3115222662032,0.6904327122550006,,,0.0007312735880361652,2.6659252739944394e-05,0.00016612532825342164,4061.9869939985083,27118.806847971682,2526833.8749763467,292.6807198817176,10675521.74826535,0.08763463061415111,0.041627725158450354,0.08858188992253666,0.3997019723622933,0.9166451512388492,0.004693926074809502,0.0012933476714157316,0.0052939260748095015,0.00017602222780535633,two-phase,False,
0.06791731288369043,1.0005509122878544,2913.2349102746357,1017.541763393042,1.3509239831193187,1374.6215719931836,2864041.8939461117,829.7219258295509,753.4645157783052,278.3202520329221,3556580.928540906,328076.3535114519,137.18867406129553,29.71014532581979,53366.11575884586,2.206951500515694,0.03608659032809948,5339.592410140556,0.853459529050392,6027.731180778547,18.778777642864288,278.3202520329221,0.6889007887171147,,,0.0007274729426441438,2.6625801184135863e-05,0.0001658998999804167,4075.8954434176144,27216.18233585903,2537076.7044166704,292.6838731036494,10669214.4260385,0.08792541929045683,0.04150026276706996,0.08889938773587908,0.4032158396621954,0.9151049047215902,0.004677908678314716,0.0012927378541767775,0.005277908678314716,0.00017542157543680185,two-phase,False,
0.06834233743058869,1.0005578290485848,2913.2322031624612,1023.2411104520438,1.3505022486710136,1381.8894205981103,2876820.3789717993,831.4300444002556,754.9293392061278,278.3290371579767,3557355.0686003948,327743.7668213393,137.4810920533882,29.74970824705047,53533.51119939503,2.20706249966135,0.03608802685534487,5345.118892220387,0.8534875679484312,6036.12789712658,18.80257424863982,278.3290371579767,0.6873661486349775,,,0.0007236469033587213,2.659210347413839e-05,0.0001656691205095301,4090.022378074188,27315.105421528035,2547485.2785155154,292.68704702020545,10662868.277965015,0.08821571674001868,0.04137168551867919,0.08921688554922151,0.40672471880339295,0.9135507665774797,0.004661751184756187,0.0012921190458332788,0.005261751184756187,0.00017481566942835703,two-phase,False,
0.06877511800300382,1.0005649163674346,2913.229429335326,1029.0402673975918,1.3500764760637864,1389.2830579358772,2889811.2214000258,833.1556784227128,756.4075996772804,278.33787761462173,3558134.2408218086,327410.7194475242,137.7752686638118,29.790333340222897,53703.35439874916,2.207174301523608,0.03608951325094689,5350.814674516047,0.8535132044978464,6044.748470854363,18.826603014945256,278.33787761462173,0.6858287879401106,,,0.0007197957207408451,2.655816344579431e-05,0.00016543285544826984,4104.371179533719,27415.600814275935,2558062.484254681,292.69024163510977,10656484.151874969,0.08850551856772268,0.04124199500127524,0.08953438336256393,0.410246516981524,0.9119746681265484,0.004645453793687527,0.001291491125117927,0.005245453793687527,0.00017420451726328227,two-phase,False,
0.06921584652459928,1.0005721798228704,2913.226586612818,1034.9415988525595,1.3496466651736692,1396.8054775408623,2903019.551974066,834.8988604895212,757.899216828278,278.34678472166866,3558918.5191156557,327077.20482078305,138.0711869136521,29.832050250178952,53875.703666015936,2.2072870514726564,0.03609105075546416,5356.687213638725,0.8535362756736709,6053.601978873284,18.850863549094953,278.34678472166866,0.6842891385609924,,,0.0007159193002024477,2.6523983832242287e-05,0.00016519090675104532,4118.94658610992,27517.70524979607,2568812.381334827,292.6934610534059,10650046.402710315,0.08879481520639995,0.04111118143109275,0.08985188117590635,0.4137751684844216,0.9103791023225921,0.00462901527564452,0.00129085391240775,0.005229015275644519,0.0001735880728366695,two-phase,False,
0.06966466875740093,1.0005796243505756,2913.2236730662867,1040.9468423804278,1.34921266730402,1404.4586657297941,2916447.5258082356,836.6602276816038,759.4048355956779,278.3557357587818,3559707.9902221146,326743.21650353214,138.3688421226704,29.874874165472768,54050.56775579583,2.207400463943787,0.03609264112218392,5362.729570761967,0.853557008166071,6062.681599024056,18.87536550564947,278.3557357587818,0.6827467810915052,,,0.0007120181066207266,2.6489553267212128e-05,0.00016494351281138954,4133.751746836946,27621.436627546253,2579736.2326837485,292.69669707652645,10643588.385437464,0.08908360386280648,0.04097925023949258,0.09016937898924877,0.4172798482912811,0.9087780412234912,0.0046124363131521025,0.0012902072986413313,0.005212436313152102,0.00017296636174320384,two-phase,False,
0.07012171940338773,1.0005872548098735,2913.2206867971568,1047.0575798009793,1.348774544072212,1412.2446098134196,2930098.458170859,838.43956332169,760.9241618044753,278.36475338829985,3560502.8007942117,326408.7479849473,138.66834298361636,29.918792601562934,54227.99246894315,2.2075148281297188,0.03609428517415555,5368.948480756879,0.8535752335748372,6071.995296471028,18.90010501667953,278.36475338829985,0.6812016695965469,,,0.0007080926300239986,2.6454879460127076e-05,0.00016469050965523443,4148.789394129212,27726.820699095864,2590836.602690963,292.69995791111575,10637078.75354092,0.08937188382622477,0.040846211223615064,0.09048687680259121,0.420766460164655,0.9071689952817533,0.004595718137355238,0.0012895511938538931,0.005195718137355238,0.00017233943015082143,two-phase,False,
0.07058716500038698,1.0005950767036806,2913.2176256551766,1053.2758104854008,1.3483322920559346,1420.1657877188527,2943976.2864763997,840.2369131672535,762.4571641710402,278.3738262371067,3561302.987303881,326073.7926334694,138.96957680906556,29.96384784178975,54408.003084616226,2.2076300020662636,0.0360959845451391,5375.348160840588,0.8535908666233625,6081.54847684137,18.9250821998649,278.3738262371067,0.6796542777377527,,,0.0007041431420526291,2.641996450634013e-05,0.0001644318061112257,4164.063254144754,27833.882081081065,2602116.4802567423,292.7032394597,10630534.147534974,0.08965965072873204,0.04071206606330812,0.09080437461593363,0.424247731719814,0.9055461678625738,0.004578860959349841,0.001288885465659202,0.00517886095934984,0.00017170728597561903,two-phase,False,
0.07106117678174012,1.0006030957385177,2913.214487410632,1059.6035874249744,1.3478857485258706,1428.2245745770094,2958083.768678673,842.052975885209,764.0045387779601,278.3829656158817,3562108.8430083254,325738.3438731316,139.27276238228887,30.010011105225505,54590.646786028636,2.2077461316251785,0.03609774045670384,5381.9223413403415,0.8536041240436987,6091.335171576901,18.950307516176647,278.3829656158817,0.6781036658228725,,,0.0007001699997328259,2.638479610809389e-05,0.0001641676203710071,4179.577145747922,27942.651457796463,2613577.5940378327,292.70654582844895,10623940.724157397,0.08994690020768877,0.04057681646032691,0.09112187242927605,0.42772359440102875,0.9039095788809101,0.004561864992984773,0.001288209978701312,0.005161864992984773,0.000171069937236929,two-phase,False,
0.0715439308311864,1.0006113178332354,2913.211269750951,1066.0430188971297,1.3474350556005312,1436.4237344402122,2972426.2022409006,843.8872040362594,765.5655878967664,278.39216015487955,3562920.294426006,325402.3949044709,139.5777080591579,30.057342548045035,54775.95041062336,2.207863074642928,0.03609955460921998,5388.685308289041,0.8536146348090887,6101.3717764092535,18.975771624444846,278.39216015487955,0.676550764941989,,,0.0006961734034488851,2.6349389626711846e-05,0.0001638975687183112,4195.334983205135,28053.154832500015,2625224.292661518,292.70987291942987,10617314.214721503,0.0902336279060222,0.04044046413861268,0.09143937024261849,0.43120215159069203,0.9022553432723787,0.004544730454896879,0.0012875245945788358,0.005144730454896879,0.00017042739205863297,two-phase,False,
0.0720356268697574,1.0006197494486642,2913.2079701517123,1072.5965183465873,1.3469799496887003,1444.7660043187614,2987006.412015985,845.7407103414125,767.1414480531405,278.4014324950489,3563737.6423493754,325065.9390165068,139.8846827785408,30.10580787575251,54963.98034826116,2.20798112161856,0.03610142815437142,5395.625690508686,0.8536227711266806,6111.646922556825,19.00149139479706,278.4014324950489,0.6749946126377129,,,0.0006921536061969577,2.631372399204984e-05,0.00016362201754640092,4211.341384491335,28165.43125619376,2637058.1839248533,292.7132289422373,10610624.601652911,0.09051982697253894,0.04030300566435947,0.09175686805596091,0.43469119193685374,0.9005795731930174,0.004527456913581377,0.001286829145472539,0.005127456913581377,0.00016977963425930166,two-phase,False,
0.07253646986243295,1.0006283972867749,2913.2045859944,1079.2665580871187,1.34652059754247,1453.254650703072,3001830.8054054305,847.6128440700436,768.7312833487223,278.41075993179396,3564560.8163330858,324728.9692140923,140.1934455723723,30.155482996190916,55154.76116346899,2.2080999860507813,0.03610336316639617,5402.760952223335,0.8536280810942359,6122.180618682608,19.02745570673047,278.41075993179396,0.6734361622789011,,,0.0006881106484099044,2.627781705060745e-05,0.000163340492919855,4227.6010641350895,28279.509634063546,2649084.577990688,292.7166056961534,10603903.885906665,0.09080549056422306,0.04016443782409596,0.09207436586930333,0.4381655165232141,0.8988943097661398,0.004510043965221551,0.0012861234606709956,0.005110043965221551,0.00016912664869580816,two-phase,False,
0.07304661309647688,1.000637267305006,2913.20111495214,1086.0549116839902,1.3460568073768557,1461.8916070573048,3016900.862698512,849.5044303728073,770.3359625792943,278.4201537673993,3565390.080757936,324391.47871669324,140.50421896029394,30.20633132256805,55348.32960081354,2.20821981433188,0.03610536085481711,5410.080251340076,0.8536308982491324,6132.9617968268085,19.05367722012235,278.4201537673993,0.6718744728269108,,,0.0006840452432810231,2.6241653735582142e-05,0.00016305335547946826,4244.116990133287,28395.415094627144,2661304.0025752136,292.7200072885125,10597138.014444329,0.09109061949634278,0.04002477317550862,0.09239186368264576,0.44161721277008853,0.8972035651875099,0.0044924931878628244,0.001285407446478987,0.005092493187862824,0.00016846849454485593,two-phase,False,
0.07356625367263316,1.0006463663667224,2913.197554343833,1092.9639257074043,1.3455886511166066,1470.6798545117372,3032221.761267103,851.4152079243299,771.9550992679638,278.4296252961921,3566225.5291937403,324053.4605309943,140.81698678950724,30.258377079823788,55544.73744896146,2.2083407533402513,0.036107422630000656,5417.593798384261,0.8536309745247355,6144.0025311450045,19.080151113184876,278.4296252961921,0.6703099738200061,,,0.000679957637912976,2.6205243188796714e-05,0.00016276034961425036,4260.893485521475,28513.18219594815,2673720.5471341233,292.72343782774715,10590311.586420322,0.0913752094482254,0.039884013542051316,0.09270936149598819,0.4450631180027071,0.8954992021178514,0.0044748048106471655,0.0012846809515816816,0.005074804810647165,0.00016780518039926872,two-phase,False,
0.07409559441106127,1.0006557015981277,2913.1939013858478,1099.996011288358,1.345115965696523,1479.622196986463,3047796.8480405947,853.3458846096578,773.589388746003,278.43915182449666,3567067.3164688996,323714.9077112173,141.13174784367808,30.31164177467121,55744.00507246438,2.208462515921274,0.03610955059489957,5425.295489741879,0.853628523527641,6155.297161907138,19.10688787814135,278.43915182449666,0.6687422483077542,,,0.0006758482010047522,2.616857351070813e-05,0.0001624616933506689,4277.934983670796,28632.83804060834,2686336.347114871,292.7268891116437,10583458.365368688,0.09165925610662892,0.03974216077095716,0.0930268593093306,0.44850315774688865,0.8937812470012276,0.004456979065704736,0.0012839438212053312,0.0050569790657047356,0.0001671367149639276,two-phase,False,
0.07463484404743799,1.0006652803999587,2913.190153187466,1107.1536461977034,1.3446388498456505,1488.7218054256982,3063631.763778498,855.2960909033068,775.2383185216916,278.4487672974537,3567915.5863245353,323375.81311462336,141.44858336790688,30.366129722590678,55946.2078731991,2.2085855387956985,0.03611174580836434,5433.197815192846,0.8536232365744351,6166.860305795068,19.13388090025129,278.4487672974537,0.6671716797635713,,,0.0006717171713045818,2.6131656332899685e-05,0.00016215707027776984,4295.246031626542,28754.424440508017,2699155.9043221637,292.73037345682195,10576530.93462161,0.09194275516610932,0.03959921673355852,0.09334435712267303,0.45193725652612626,0.8920497274051701,0.0044390161881940945,0.0012831958970258045,0.005039016188194094,0.00016646310705727854,two-phase,False,
0.07518421743712253,1.0006751104597853,2913.1863067460895,1114.4393770051588,1.3441572224578189,1497.9817375928762,3079730.782370899,857.2661943155113,776.9021988292618,278.45843770016313,3568770.3800092284,323036.1695654022,141.76736227002502,30.42189136139971,56151.35721622959,2.2087093896434564,0.0361140106704467,5441.30041101602,0.8536151663808652,6178.692607957507,19.16113530528628,278.45843770016313,0.6655983321701834,,,0.0006675648807354028,2.6094487202021752e-05,0.00016184653671103577,4312.831293570897,28877.967423116836,2712182.2423001355,292.73387855640686,10569578.325317232,0.09222570232940233,0.039455183325614006,0.09366185493601546,0.4553653378357237,0.8903046720633095,0.0044209164163432945,0.0012824370170741294,0.005020916416343294,0.00016578436561287354,two-phase,False,
0.07574393576776621,1.0006851997649373,2913.1823589422115,1121.8558213217752,1.3436709871731498,1507.4051189013744,3096098.1526095555,859.256633344271,778.5814168800853,278.468196965344,3569631.952616402,322695.9698685205,142.08832931081318,30.47889700315873,56359.53073818859,2.2088345059489933,0.03611634633046391,5449.60265394684,0.8536043778292558,6190.794462776598,19.188657237653693,278.468196965344,0.6640216728948004,,,0.0006633916705343412,2.605706036683252e-05,0.00016153015675333786,4330.695554415174,29003.510667423965,2725418.330521274,292.7374167287361,10562554.065650059,0.09250809330782035,0.039310062467642945,0.09397935274935788,0.4587873241159247,0.8885461109197144,0.004402679991491913,0.0012816670156389305,0.005002679991491913,0.00016510049968094677,two-phase,False,
0.07631422678077224,1.0006955566161067,2913.1783065341237,1129.405670129553,1.3431817749662536,1516.9971126615642,3112754.455300486,861.2597963932749,780.2673854909985,278.47802240816515,3570500.396755868,322355.2050329523,142.41140335693598,30.53718747948452,56570.75262379046,2.208960600033509,0.03611875505833085,5458.234724513291,0.8535872939458911,6203.308966488884,19.216334102316466,278.47802240816515,0.6624417431881482,,,0.0006591970358107701,2.601953095412338e-05,0.00016120428716385652,4348.843723527245,29131.084804824397,2738884.1259701285,292.74097977038923,10555491.365969105,0.09278992382166559,0.03916385610526726,0.0942968505627003,0.46221465291348146,0.8867680726278263,0.004384307158134011,0.0012808857231656424,0.0049843071581340105,0.0001644115184300254,two-phase,False,
0.07689535396110783,1.0007061901735657,2913.1741459442214,1137.0920730626176,1.3426979487606956,1526.7711940532236,3129777.03099808,863.2422090642444,781.9223483094693,278.48793662604646,3571375.869311272,322013.85815109295,142.73661744978324,30.596786123078875,56785.1021280831,2.209087965075063,0.036121238447619795,5467.759831476307,0.8535480694420634,6216.851606413814,19.243620205131133,278.48793662604646,0.6608589474546639,,,0.0006549769892797308,2.598263708544194e-05,0.00016085312362423417,4367.281756042746,29260.739026485626,2752658.4539855258,292.74457589698375,10548359.207045361,0.09307118576142197,0.0390165589112639,0.09461434837604274,0.4656390483753123,0.8849747321975546,0.004365797246830998,0.001280092926728696,0.004965797246830998,0.00016371739675616242,two-phase,False,
0.07748753902413161,1.000717109053566,2913.1698738082373,1144.9176121504736,1.3422095814922188,1536.7193890475576,3147085.596688179,865.245171928404,783.5924867492874,278.4979282561662,3572258.624311066,321671.92163500463,143.06410513009243,30.657684421899855,57002.609457576415,2.2092164585280254,0.03612379855824502,5477.501360851831,0.8535058402547387,6230.68600476922,19.2711702608714,278.4979282561662,0.6592723882864712,,,0.0006507368925824443,2.5945492319955826e-05,0.0001604959709467881,4386.014187179878,29392.504364675573,2766656.131504927,292.7482010096652,10541175.896900412,0.09335187751865898,0.038868178076077405,0.09493184618938516,0.4690445657565222,0.8831744988020632,0.004347151161160781,0.0012792884761644381,0.004947151161160781,0.0001630181685435293,two-phase,False,
0.07809101980743059,1.0007283223850025,2913.1654865618098,1152.8850680340358,1.3417166294552167,1546.8450676318748,3164685.612635924,867.2685322657574,785.2775437740256,278.50799725604304,3573148.7016476537,321329.3877641901,143.39371816278026,30.719936906559752,57223.32010305909,2.2093460830777842,0.03612643732297723,5487.467252772083,0.8534604478683463,6244.821999231215,19.298984381405823,278.50799725604304,0.6576829751926103,,,0.0006464771559384023,2.590809910607212e-05,0.00016013266673143087,4405.045974757621,29526.41766905536,2780881.2912195884,292.75185511437195,10533941.834710432,0.09363199630401689,0.0387187184077395,0.09524934400272758,0.4724392729726288,0.8813632244160712,0.004328369505318449,0.0012784722047456737,0.004928369505318449,0.00016231385644944183,two-phase,False,
0.07870605257027743,1.0007398398703977,2913.160980416674,1160.9974490360228,1.3412188961788452,1557.1517170625496,3182581.25032365,869.3130910617745,786.9783023741136,278.5181435828888,3574046.317233803,320986.24886047933,143.72564113140393,30.78352984563524,57447.28456194535,2.209476841433213,0.03612915677464564,5497.651184937236,0.8534121250974995,6259.253936217305,19.327074867446616,278.5181435828888,0.65608978687358,,,0.000642198180846774,2.5870443583895382e-05,0.00015976344947658992,4424.382563351633,29662.51924216801,2795336.5944719524,292.7555382170883,10526658.830775179,0.09391153789212728,0.03856818196479408,0.09556684181607002,0.47582744931181326,0.8795386509309376,0.004309452537988253,0.0012776439265803799,0.004909452537988253,0.0001616044701745595,two-phase,False,
0.07933290137578444,1.0007516716049731,2913.1563514314903,1169.2578498790645,1.340716451495329,1567.6432353729174,3200779.101785494,871.3785862092395,788.6943474976188,278.52838981010666,3574951.5629503853,320642.4970518395,144.05982472326158,30.84850027606237,57674.57693287928,2.2096090282576712,0.03613195858020535,5508.064847693389,0.8533606001072724,6273.99585086789,19.355436729295526,278.52838981010666,0.6544936831581103,,,0.0006379002425013597,2.583253516792118e-05,0.00015938805567773347,4444.029542745032,29800.85627825585,2810027.1780284178,292.75925853676137,10519295.434074793,0.0941904980692834,0.0384165708328471,0.09588433962941244,0.47920900965590146,0.8777008175139238,0.004290400521255171,0.0012768034513813101,0.004890400521255171,0.00016089001954706892,two-phase,False,
0.07997183837498477,1.0007638280951803,2913.151595504633,1177.6694546232006,1.3402092233695262,1578.3234651665732,3219284.7126440844,873.4653184560134,790.4258941714327,278.53871326930687,3575864.7599465344,320298.124400166,144.39635597684747,30.914856697015605,57905.22790545279,2.209742354894874,0.03613484529894281,5518.710246179753,0.8533058726191193,6289.0512455704975,19.384074133338274,278.53871326930687,0.6528937914519005,,,0.0006335836867853079,2.5794371016156e-05,0.00015900649572609535,4463.9926525954925,29941.46558570138,2824957.03013263,292.7630078677237,10511886.59250971,0.09446887263397273,0.0382638871249612,0.09620183744275486,0.4825838675992185,0.8758497649328794,0.0042712137206544825,0.0012759505843433082,0.004871213720654482,0.0001601705145245431,two-phase,False,
0.08062314410328071,1.0007763202782358,2913.1467083666034,1186.235539721942,1.3396970745983425,1589.1962823500714,3238103.138078271,875.5738962216938,792.173498647742,278.5491252206712,3576785.9446574063,319953.12296777137,144.73521981358613,30.98263016466154,58139.30295861452,2.209876970357009,0.03613781891696258,5529.5849045968625,0.8532480693394843,6304.418765162138,19.412995814600443,278.5491252206712,0.6512905382735,,,0.0006292488921011193,2.5755942296343147e-05,0.00015861890481101026,4484.277787285332,30084.39380721427,2840129.5819353526,292.76679032315883,10504416.55581164,0.09474665739743068,0.038110132982059675,0.09651933525609728,0.4859519354131342,0.873985535617283,0.004251892405222546,0.001275085126016431,0.004851892405222546,0.00015944596519584548,two-phase,False,
0.08128710778988901,1.0007891595427267,2913.1416855720067,1194.9594772024134,1.3391801193435862,1600.2659752906773,3257241.790303399,877.7039267258604,793.9365864116623,278.55962561362304,3577715.3343034415,319607.4845807981,145.0764354081515,31.05184510695484,58376.857714004225,2.2100128778492745,0.036140881686930186,5540.702975165188,0.853186851480393,6320.115251678496,19.442194165924445,278.55962561362304,0.6496839170171907,,,0.0006248961206704136,2.571726193725243e-05,0.00015822496270687786,4504.891000963059,30229.685920860946,2855550.660025289,292.77060591014305,10496887.160607474,0.09502384818421636,0.037955310573339694,0.09683683306943972,0.4893131240089317,0.8721081737219414,0.004232436847548715,0.0012742068721747104,0.004832436847548715,0.00015871638178307682,two-phase,False,
0.0819640276809423,1.0008023577503455,2913.13652249111,1203.8447379753209,1.3386581666531872,1611.5365898731295,3276705.633139459,879.8562024969967,795.7159167697139,278.5702256968222,3578653.1849554894,319261.20110570005,145.42015847516797,31.122497460060913,58617.96051474304,2.210150227102118,0.03614403571486682,5552.059199398972,0.853122428063179,6336.13639193526,19.471681162101003,278.5702256968222,0.6480734371070117,,,0.0006205257803539704,2.567831692792826e-05,0.0001578248854101084,4525.838512785071,30377.39111518253,2871223.4915507874,292.77445874346154,10489284.456247889,0.09530044083281126,0.0377994220966955,0.09715433088278214,0.49266734289959124,0.8702177251931017,0.004212847323828527,0.0012733156136803877,0.004812847323828527,0.00015798177464356977,two-phase,False,
0.08265421137695049,1.000815927258831,2913.13121430092,1212.89489528084,1.3381312142165043,1623.0125189391504,3296501.4458546774,882.0307715209904,797.5114065999196,278.5809254122934,3579599.592183995,318914.2642718277,145.7663240578956,31.194631145125303,58862.66983936581,2.210289021786502,0.03614728337528096,5563.660714078274,0.8530546613551746,6352.49145186132,19.501456553377736,278.5809254122934,0.6464595492105643,,,0.0006161381926084156,2.5639110526510795e-05,0.00015741855106424327,4547.126712366858,30527.556971209327,2887153.1315213316,292.7783488312228,10481609.328394402,0.09557643119624197,0.03764246977915143,0.09747182869612456,0.49601450015994447,0.8683142378373628,0.004193124113918113,0.0012724111363434326,0.004793124113918113,0.00015724215427192925,two-phase,False,
0.08335797618536701,1.0008298809461864,2913.1257559757723,1222.113628276822,1.3375992035918713,1634.6982158818496,3316635.676837189,884.2279174545463,799.32323439432,278.59171340632935,3580554.823200525,318566.66572306183,146.11498818747714,31.26826496123273,59111.034113229434,2.2104291188447847,0.03615062730858933,5575.510817912163,0.8529835214634871,6369.1855460266615,19.53152380584573,278.59171340632935,0.644841814001,,,0.0006117337073501013,2.5599641122232943e-05,0.00015700594570114822,4568.762165453426,30680.229432740172,2903344.228496396,292.7822720733511,10473880.106318336,0.09585181514272773,0.03748445587730539,0.09778932650946699,0.4993545023854395,0.8663977613933396,0.00417326750138993,0.0012714932207761633,0.00477326750138993,0.00015649753130212238,two-phase,False,
0.08407564948902935,1.000844232236257,2913.1201422773906,1231.5047257760516,1.3370620481434115,1646.5982309444178,3337114.6944055576,886.4480423738626,801.1517087097959,278.6026009196259,3581519.0667394586,318218.3970427085,146.4662231169978,31.343415035370384,59363.126079562804,2.2105706685149222,0.03615406981093231,5587.6112823981985,0.8529090238596061,6386.222164875609,19.56188824919791,278.6026009196259,0.643220198078045,,,0.0006073126894023462,2.555990473059273e-05,0.00015658709862930017,4590.7516198192225,30835.46177160482,2919801.290295466,292.7862325857479,10466082.319905264,0.09612658855635378,0.03732538267778298,0.09810682432280941,0.5026872546495682,0.8644683476061342,0.004153277773589825,0.0012705616422427654,0.004753277773589825,0.00015574791650961844,two-phase,False,
0.08480756913135265,1.000858995125755,2913.1143677443883,1241.0720901396744,1.336519759814289,1658.7173718256954,3357945.980250038,888.6911373093817,802.9966714280768,278.61359918345414,3582492.5668620905,317869.4496543534,146.8201019310639,31.420098138703256,59619.02017689272,2.210713821621965,0.0361576132486745,5599.970848053652,0.8528309926839829,6403.61246955655,19.592548630276124,278.61359918345414,0.6415946671114592,,,0.0006028754608745268,2.5519906033427226e-05,0.00015616185469594006,4613.102011408443,30993.308762212677,2936529.9177826983,292.79023448562464,10458201.976071639,0.09640074733777212,0.03716525249770246,0.09842432213615183,0.5060126604594836,0.8625260503049837,0.004133155221695466,0.0012696161705035066,0.004733155221695466,0.00015499332081357996,two-phase,False,
0.08555408381910373,1.00087418421282,2913.108426681173,1250.819741334276,1.335972255649514,1671.0604712412942,3379136.3302631928,890.9575898816474,804.8584075397441,278.6246855541279,3583475.335213511,317519.8149115223,147.17645705375978,31.498383393165675,59878.75772892291,2.210858288037548,0.036161260662641415,5612.591520799331,0.852749438318437,6421.360298828506,19.623509993651894,278.6246855541279,0.639965725125434,,,0.0005984223893807875,2.5479641519878324e-05,0.0001557302430424963,4635.820470727108,31153.817641633203,2953534.925975142,292.79426956393485,10450271.400670124,0.09667428740492999,0.037004067685151,0.09874181994949427,0.5093306217099868,0.8605709254840755,0.004112900140776189,0.0012686565696534264,0.004712900140776189,0.00015423375527910712,two-phase,False,
0.08631555354373763,1.0008898147272194,2913.102313146219,1260.7518211604956,1.3354195342393702,1683.6326098055868,3400693.4842554107,893.2474680633018,806.7368366639953,278.63589383644677,3584467.763859145,317169.48401808913,147.53555170211396,31.578248603466665,60142.4396120401,2.211004513177682,0.03616501415851483,5625.48143979167,0.8526642064261898,6439.476260063992,19.65477207395969,278.63589383644677,0.6383328252904132,,,0.0005939538080789921,2.5439114639362437e-05,0.00015529213240551064,4658.914329498964,31317.052297548413,2970822.0522128562,292.79835015676423,10442245.694226725,0.0969472046938279,0.03684183061967268,0.09905931776283669,0.5126410386358358,0.8586030313866657,0.004092512829854324,0.0012676825979552762,0.0046925128298543235,0.00015346923111953713,two-phase,False,
0.08709235002227689,1.0009059025622904,2913.0960209396567,1270.8725976615176,1.3348614121842466,1696.4387904207151,3422623.714511124,895.5615635589004,808.6326933280028,278.64720138786504,3585470.1522320025,316818.44819831464,147.89739503705255,31.65972684255108,60410.110343903005,2.211152206857601,0.03616887692052829,5638.63629118704,0.8525754857186121,6457.957371591055,19.686346465909846,278.64720138786504,0.6366955547814425,,,0.0005894701333444522,2.5398313540088935e-05,0.00015484772389471948,4682.3911275979535,31483.063094082976,2988395.428656277,292.8024680549202,10434159.457014201,0.0972194951593083,0.036678543712768304,0.09937681557617911,0.5159438097621604,0.8566224285927304,0.004071993591967996,0.0012666940076664734,0.004671993591967996,0.00015269975969879984,two-phase,False,
0.08788485715879454,1.0009224643087398,2913.08954359016,1281.1864697202186,1.3342979414389635,1709.4844691471408,3444935.7434440632,897.8996979855744,810.5456125094564,278.65861942825745,3586482.4875584426,316466.6984637029,148.26188508276658,31.742875909363995,60681.8510494422,2.2113015206352236,0.03617285160765,5652.068397060366,0.8524830100259354,6476.818926305558,19.718229116976307,278.65861942825745,0.6350547953064033,,,0.0005849716789172694,2.5357246689538037e-05,0.000154396782028058,4706.258620270644,31651.91116112528,3006261.6644017105,292.8066273772164,10425996.677963689,0.09749115477587608,0.0365142094084076,0.09969431338952153,0.5192388318530591,0.8546291801102222,0.004051342734235501,0.0012656905448598164,0.004651342734235501,0.00015192535253383128,two-phase,False,
0.08869347152762816,1.0009395172904256,2913.082874341047,1291.6979718542298,1.3337290378055606,1722.775093136536,3467637.2102012737,900.2622664647226,812.4758720672307,278.6701591675349,3587505.222927046,316114.2257447925,148.62927506167514,31.827678522281886,60957.744805523864,2.2114526066931677,0.03617694096099121,5665.780815103876,0.8523867704371434,6496.066127439248,19.75042507441424,278.6701591675349,0.6334095933436023,,,0.0005804588213423553,2.531591082805235e-05,0.00015393931964085476,4730.524785662805,31823.65941219517,3024426.167139944,292.8108322438545,10417745.088489667,0.09776217953855235,0.03634883018355412,0.10001181120286397,0.5225259998579036,0.8526233514703302,0.0040305605679212585,0.0012646719492377051,0.004630560567921258,0.0001511460212970472,two-phase,False,
0.08951860287951856,1.0009570796022464,2913.0760061355827,1302.4117792187076,1.3331546266930656,1736.3162893249676,3490736.0748037053,902.6496245684268,814.4237011194813,278.68180925198203,3588538.497663143,315761.02087857755,148.99944897395818,31.91419743771118,61237.85294611827,2.211605322031911,0.036181148198327795,5679.777221780389,0.8522867413837604,6515.704909010627,19.78293872335451,278.68180925198203,0.6317604263759095,,,0.000575931934837041,2.52743036306194e-05,0.00015347533597126093,4755.197832665074,31998.36637785019,3042894.594182554,292.81507855480675,10409421.949333895,0.09803256546376281,0.03618240854870335,0.10032930901620639,0.5258052068561122,0.8506050108264124,0.004009647408503435,0.00126363795393959,0.004609647408503435,0.0001503617778188788,two-phase,False,
0.09036067467194885,1.0009751701502871,2913.068931601396,1313.3327128271521,1.3325747290234646,1750.1139839132939,3514241.489759068,905.0617263214599,816.3888701870528,278.6935921596861,3589582.6001504916,315407.07450906927,149.37253551933705,32.002444040154415,61522.27424481397,2.2117599672917456,0.036185476032528495,5694.068536466866,0.8521827036288142,6535.749212177769,19.815767998001075,278.6935921596861,0.6301072292409112,,,0.000571391354615645,2.523243106451578e-05,0.00015300464683325743,4780.286209093561,32176.101763347087,3061673.7648224323,292.81937454229916,10400997.711080227,0.09830230859026261,0.036014947048434116,0.10064680682954881,0.5290763439990022,0.8485742290575701,0.003988603575743237,0.0012625882853423657,0.004588603575743237,0.00014957263409037138,two-phase,False,
0.091220124625035,1.000993808694365,2913.0616430339787,1324.4657450011707,1.3319891619343502,1764.1740176948642,3538160.8287563445,907.4993837170448,818.3721157203795,278.7054852611476,3590637.8126806603,315052.3772887087,149.74854644827877,32.09245581480104,61811.06187964946,2.211916251523157,0.03618992804673109,5708.651202628615,0.8520748329316058,6556.1971577629865,19.84892451145668,278.7054852611476,0.6284495901761398,,,0.0005668375058071864,2.5190281705762095e-05,0.00015252744478800969,4805.798610222068,32356.92472289207,3080768.558989627,292.8237119953638,10392506.744185634,0.09857140498009875,0.03584644826197413,0.10096430464289124,0.5323393004498671,0.8465310798763067,0.003967429393755978,0.0012615226628534054,0.004567429393755978,0.00014877860226584916,two-phase,False,
0.09209740530441296,1.001013015893147,2913.054132379183,1335.8160050607348,1.3313978781198177,1778.502594696354,3562503.0623293268,909.9628392019822,820.3735255941031,278.71749975386643,3591704.3858325155,314696.9197389895,150.12756055844395,32.184256972607166,62104.30669113078,2.212074327714127,0.03619450732696025,5723.531695895408,0.8519630348437723,6577.057934143798,19.882410741095395,278.71749975386643,0.6267874715878324,,,0.000562270756861466,2.5147855886838658e-05,0.000152043666030164,4831.743987683604,32540.90575933566,3100185.432169337,292.82809503595365,10383935.193186937,0.09883985071961197,0.03567691480377985,0.10128180245623367,0.5355939633214319,0.8444756399409286,0.003946125191083945,0.0012604407986959287,0.0045461251910839445,0.00014797969466564794,two-phase,False,
0.09299298473265612,1.0010328133520054,2913.04639121467,1347.3887852671103,1.3308009299219843,1793.106248399923,3587278.4571447806,912.4519142583349,822.3927055732916,278.72964682477624,3592782.4822071227,314340.69214489614,150.5095660399641,32.27789227343818,62402.10177751233,2.2122343495197097,0.03619921705592001,5738.723721885786,0.8518470211758359,6598.34873718018,19.916222391483984,278.72964682477624,0.6251212939733508,,,0.000557691436797094,2.510516252388284e-05,0.00015155306877995544,4858.131558759891,32728.117506450475,3119932.091953091,292.83252778749704,10375268.544939563,0.09910764192048,0.0355063493241312,0.10159930026957609,0.5388402176105768,0.8424079889729122,0.003924691300771136,0.0012593423976863629,0.004524691300771136,0.00014717592377891763,two-phase,False,
0.0939073470308624,1.0010532236738117,2913.038410730211,1359.1895470313689,1.3301981706259873,1807.9914489950913,3612495.536283453,914.967270354336,824.4302077254707,278.74193764999325,3593872.571844261,313983.6847530472,150.89473431241828,32.37336835071151,62704.54256693517,2.2123964712790443,0.03620406051630326,5754.2273046194805,0.8517268786297167,6620.07181459808,19.950368563932788,278.74193764999325,0.623450558890934,,,0.0005530999610400896,2.506219363305014e-05,0.00015105576314064688,4884.970816078664,32918.63480947886,3140014.3434788818,292.8370143749342,10366494.758584762,0.09937477472080361,0.03533475450974152,0.10191679808291852,0.5420779461308364,0.840328209879077,0.003903128060439907,0.0012582271570033595,0.004503128060439907,0.00014636730226649653,two-phase,False,
0.09484099309215807,1.0010742705128597,2913.0301817067943,1371.2239274020953,1.3295895092840802,1823.164948753141,3638163.663056954,917.50933454204,826.4863138478229,278.75434960900435,3594974.8742918596,313625.88771178963,151.28298835475636,32.470746322252964,63011.690252051274,2.212560401524971,0.03620904166420448,5770.046234707286,0.8516025911817965,6642.233611677015,19.984854574750944,278.75434960900435,0.6217753142524066,,,0.0005484967230660605,2.5018946128920286e-05,0.00015055176593638695,4912.271537739643,33112.52512575895,3160438.7578850216,292.84154658608196,10357647.633793203,0.0996412452862378,0.035162133084383485,0.10223429589626094,0.5453070294417065,0.8382363888793315,0.003881435812369627,0.001257094765948099,0.004481435812369627,0.00014555384296386102,two-phase,False,
0.09579444128898013,1.001095978632151,2913.0216944944236,1383.4977458467326,1.328980579316268,1838.6416357581415,3664354.350361182,920.0534732291471,828.5636801448383,278.76690513790834,3596089.6715415157,313267.28501363087,151.6744625525555,32.57004320143662,63323.65688948391,2.2127264435721727,0.03621416379473076,5786.192572705622,0.8515126687356519,6664.925144959234,20.02602818756213,278.76690513790834,0.6200954909582989,,,0.0005438797754558964,2.496750705217436e-05,0.00015003919447712216,4940.043797891413,33309.87104896789,3181230.0160426022,292.8461326590494,10348697.702514254,0.09990704981116984,0.03498848780953125,0.10255179370960336,0.5485273457749107,0.8361326156400858,0.0038596149035773726,0.001255944905695501,0.004459614903577372,0.00014473555888415147,two-phase,False,
0.09676822821613001,1.0011183739642673,2913.012938988537,1396.01701134184,1.3283703580500843,1854.4276172001687,3691066.5111404583,922.605507118393,830.6622996743947,278.77959288124043,3597217.2545034643,312907.86171032244,152.06913324214975,32.671311211272126,63640.52032501545,2.2128944546142173,0.036219430881609664,5802.668002615596,0.8514486829231768,6688.135840654038,20.07253506676201,278.77959288124043,0.6184111078123141,,,0.0005392499500788329,2.490965881175353e-05,0.00014951849421500525,4968.297977782681,33510.747919251015,3202392.123905521,292.8507684941186,10339663.368544409,0.1001721845199465,0.0348138214850195,0.10286929152294579,0.5517486572760648,0.8340104430965235,0.0038376656859007464,0.0012547772490359404,0.004437665685900746,0.00014391246322127799,two-phase,False,
0.09776294519807588,1.001141484510381,2913.0039042787976,1408.788388179809,1.3277541547500784,1870.5246355694078,3718264.8618887914,925.1846629904242,832.7801828040294,278.79243525513897,3598358.0230992557,312547.60726415395,152.46723053437404,32.774556147354794,63962.408755759236,2.213064739237217,0.03622484664694634,5819.47883156388,0.8513807745309906,6711.81786662285,20.119505322623187,278.79243525513897,0.6167216345548988,,,0.0005346093716085109,2.485150564004075e-05,0.0001489909320949981,4997.045807780529,33715.25054371614,3223919.9698065226,292.8554623321953,10330516.161788737,0.10043664149039845,0.03463813068830136,0.10318678933628822,0.5549708663219591,0.8318697840009903,0.003815587729249825,0.0012535914176410208,0.004415587729249825,0.00014308453984686846,two-phase,False,
0.0987791694458447,1.0011653388087476,2912.994579248105,1421.8183079906419,1.3271319320096635,1886.9404780503314,3745960.7837566463,927.7911097528004,834.9173110462771,278.8054208994119,3599512.244871133,312186.5109889712,152.86863881805914,32.87985290108386,64289.40530872916,2.2132371549562553,0.036230415304145495,5836.634211096525,0.8513087969228501,6735.9839811505635,20.16694070839985,278.8054208994119,0.6150275489228005,,,0.0005299584229775193,2.47930515207863e-05,0.00014845641005060576,5026.298357526703,33923.459635501895,3245821.683228746,292.8602100742401,10321274.3009678,0.10070041689113488,0.034461418281662645,0.10350428714963064,0.5581756415635909,0.8297228170690942,0.0037933813933100505,0.001252387065356979,0.00439338139331005,0.00014225180224912692,two-phase,False,
0.099817467650857,1.0011899660328716,2912.984952534429,1435.113015703444,1.326503644416667,1903.6826454804118,3774164.866600015,930.4250570810718,837.073734140158,278.8185609607979,3600680.238963734,311824.56209569046,153.27344260419892,32.98722896941133,64621.61091584614,2.213411858021943,0.036236140632487944,5854.141290275311,0.8512326539281309,6760.644679932819,20.214844030592147,278.8185609607979,0.6133288089736341,,,0.0005252976394853044,2.4734299173583765e-05,0.00014791488790532578,5056.066146114636,34135.458919682584,3268104.6598190865,292.8650158493413,10311924.618491113,0.10096351053156945,0.034283692484330504,0.10382178496297306,0.5613628464764517,0.827569788353741,0.003771047710939969,0.0012511638735247716,0.004371047710939969,0.00014141428916024883,two-phase,False,
0.10087845797974782,1.0012153975020721,2912.975011940616,1448.6793613664133,1.325869195650175,1920.7593396098955,3802888.4783444703,933.0869541702793,839.249746359973,278.8318665741106,3601862.541910936,311461.7496454326,153.68191799689362,33.09667773843179,64959.13866347514,2.213589005447547,0.03624202670715826,5872.005313493042,0.8511523186557607,6785.808618021909,20.263222697504393,278.8318665741106,0.6116244524449355,,,0.0005206274307134693,2.467524576244132e-05,0.0001473663724237929,5086.360914167289,34351.34103763075,3290776.7678790884,292.86988378826004,10302455.697007358,0.10122591874073956,0.03410495624272143,0.1041392827763155,0.5645406941212721,0.8254052366450508,0.0037485870523971962,0.001249921478256042,0.004348587052397196,0.00014057201446489488,two-phase,False,
0.1019627811805739,1.001241666074687,2912.9647446719446,1462.524425519946,1.3252285787759268,1938.1791658568768,3832144.356050404,935.7768646463137,841.4451872058908,278.84531513221594,3603059.182291927,311098.06247712637,154.09370518798622,33.20833104102853,65302.0666867465,2.213768305023042,0.03624807828382515,5890.238039234164,0.851067579535105,6811.4916946667345,20.312075752446354,278.84531513221594,0.6099159074823731,,,0.0005159481732215896,2.4615898743868204e-05,0.00014681072000469157,5117.194773221302,34571.191503332346,3313847.167356634,292.8748056770254,10292899.705271589,0.10148763788376224,0.03392521254492819,0.10445678058965792,0.5677090484416314,0.8232292732389304,0.003725999793176544,0.0012486595058125315,0.004325999793176544,0.00013972499224412042,two-phase,False,
0.10307110159077582,1.001268806236742,2912.9541373018396,1476.6555285335203,1.3245816219501585,1955.950775046599,3861943.798193433,938.4955530353591,843.6607060980548,278.8589402511037,3604270.8268718557,310733.4893762969,154.5092861723711,33.32214100380423,65650.53898114336,2.213950214131597,0.03625429933373006,5908.840197821616,0.8509785476613959,6837.697811376771,20.361417363527718,278.8589402511037,0.6082016893281421,,,0.0005112603102070275,2.4556247292274576e-05,0.00014624805418223796,5148.580220232889,34795.11566411855,3337323.377837097,292.8797938781297,10283214.55380885,0.10174866436337686,0.03374446442148572,0.10477427840300034,0.5708348439024614,0.8210649066832979,0.0037032863141062636,0.0012473775722803987,0.0043032863141062635,0.0001388732367789849,two-phase,False,
0.1042039771172053,1.0012968509337907,2912.943177010398,1491.0785726937,1.3239283418407597,1974.0811823006568,3892296.241781231,941.2429872314622,845.8961293704401,278.8727305613915,3605497.7925368873,310368.0191669726,154.92854683870846,33.43816597837926,66004.61309248609,2.2141345909444463,0.03626069393374719,5927.8183846813845,0.8508851153012621,6864.436723345882,20.41124547310554,278.8727305613915,0.6064822753171828,,,0.0005065647800940832,2.449630036828545e-05,0.00014567837687235282,5180.526463981839,35023.182748231964,3361211.7280048034,292.88484429387677,10273418.828931676,0.10200900923549436,0.033562735800691926,0.10509177621634277,0.5729773136237747,0.8195712281873263,0.0036804496221049523,0.001246075433430727,0.004280449622104952,0.0001380168608289357,two-phase,False,
0.10535830151154908,1.0013257419258623,2912.9318866160834,1505.7528573180507,1.323270301948473,1992.518038163033,3923107.074006021,944.0126603576045,848.1468420863005,278.88668593827714,3606740.337695324,310001.6471859908,155.35152271614436,33.55576893749857,66363.27086603266,2.2143214435689638,0.03626724440081801,5947.079024395096,0.8507885878882584,6891.589076868231,20.461448849805155,278.88668593827714,0.604757652174429,,,0.0005018775142040533,2.443619724439803e-05,0.00014510441479404537,5212.9398003515,35254.74372734381,3385435.1340517863,292.8899569418813,10263514.794279557,0.1022690882183511,0.033380626536365726,0.1054092740296852,0.5735764363510371,0.8191520442889981,0.003657565097026639,0.0012447570313235013,0.004257565097026639,0.000137158691138499,two-phase,False,
0.10653216036990065,1.0013554482392732,2912.9202782793213,1520.6530225733245,1.3226085732075084,2011.2287245293896,3954317.374372905,946.8001020183237,850.409523449601,278.9008287193601,3607998.7681953455,309634.36970733263,155.77826159191923,33.67453996547657,66725.8937776276,2.2145110816534963,0.036273939321088945,5966.568137313294,0.8506896401588057,6919.085240233118,20.51194957582727,278.9008287193601,0.6030282024814576,,,0.0004972084914081522,2.4376034962041605e-05,0.00014452777575064358,5245.761295729548,35489.39904001336,3409945.5681749657,292.8951400740995,10253473.486567387,0.10252916720120782,0.033198517272039534,0.10572677184302762,0.5735764363510589,0.8191520442889828,0.003634680571948326,0.0012434248672075767,0.004234680571948326,0.00013630052144806223,two-phase,False,
0.1077260055266213,1.001385997932548,2912.9083410933263,1535.783813280602,1.3219430123240798,2030.2186804067212,3985933.2212271458,949.6059344635985,852.684770989143,278.9151475305339,3609273.544634619,309266.180985566,156.2089410844621,33.79447214619353,67092.53132925308,2.214703363725084,0.03628078159668632,5986.281669373614,0.8505884525872055,6946.922699045055,20.562759867599343,278.9151475305339,0.6012930236372329,,,0.0004925577769778309,2.4315802120893703e-05,0.00014394862924521428,5278.99870846524,35727.20630302961,3434746.5793536725,292.90038959354047,10243314.601168953,0.10278924618406454,0.03301640800771334,0.10604426965637004,0.5735764363510637,0.8191520442889794,0.0036117960468700144,0.0012420787244723903,0.004211796046870014,0.00013544235175762555,two-phase,False,
0.10894030230467835,1.0014174202125832,2912.896063706924,1551.1501008583728,1.3212736320856355,2049.493727671142,4017962.670727186,952.4301122971422,854.9723999987481,278.92964223373235,3610564.864984291,308897.0751533594,156.64350156966856,33.91561055233424,67463.24711718528,2.214898298787995,0.036287774014510873,6006.227264611922,0.8504848784537088,6975.111858564895,20.613877424215957,278.92964223373235,0.5995525614133829,,,0.00048792537713023834,2.4255504663699502e-05,0.00014336687644257313,5312.659994790836,35968.228165482,3459843.7172704777,292.90570551971723,10233039.949542183,0.10304932516692128,0.032834298743387134,0.10636176746971247,0.5735764363510322,0.8191520442890015,0.0035889115217917003,0.0012407183819375407,0.0041889115217917,0.00013458418206718876,two-phase,False,
0.11017553001809079,1.0014497454895848,2912.8834343034246,1566.756887426806,1.3206004142828636,2069.05979461637,4050413.619637632,955.2727213715489,857.272375888926,278.9443239123236,3611873.160205884,308527.0462524165,157.0821357324654,34.03794639179945,67838.11921309626,2.2150960472467136,0.036294919253565976,6026.410577569341,0.8503788302023145,7003.660994472219,20.665302758324614,278.9443239123236,0.597806308395916,,,0.00048331131009455083,2.4195145159370324e-05,0.00014278246773926812,5346.753315171022,36212.53248207399,3485242.289736868,292.91109199068853,10222637.40123454,0.10330940414977802,0.03265218947906094,0.1066792652830549,0.5735764363510236,0.8191520442890075,0.003566026996713387,0.0012393436137316388,0.004166026996713387,0.00013372601237675202,two-phase,False,
0.11143218249719872,1.001483005435036,2912.8704405783296,1582.609310068911,1.3199233292774368,2088.9229494916244,4083294.029917002,958.1338951682931,859.5847166818808,278.95920363596605,3613198.5899574775,308156.0882436029,157.52474022349088,34.161535726157304,68217.22736063326,2.2152967703973987,0.03630222006669137,6046.8365829178965,0.8502702413345765,7032.577691077284,20.71703738494375,278.95920363596605,0.5960551370214369,,,0.0004787155985065736,2.413472499515681e-05,0.00014219537187179162,5381.287040898432,36460.1889285362,3510947.593261509,292.91655314644817,10212092.753347116,0.10356948313263475,0.03247008021473474,0.10699676309639732,0.5735764363510513,0.8191520442889881,0.003543142471635074,0.0012379541891672802,0.004143142471635074,0.00013286784268631529,two-phase,False,
0.11271076863800236,1.0015172330428939,2912.857069715813,1598.7126452554805,1.3192422828210233,2109.089319701677,4116611.278383496,961.0140444210019,861.9097621824291,278.9742700263879,3614541.721460829,307784.19507598906,157.971498835949,34.28637318033627,68600.62648187877,2.2155003271214495,0.0363096796292518,6067.505362773091,0.8501591811311862,7061.864192138699,20.769088809268634,278.9742700263879,0.5942981439175242,,,0.0004741382883402237,2.4074238624126095e-05,0.000141605668530585,5416.269760946404,36711.26188214459,3536964.2248075507,292.9220848906577,10201426.493599271,0.10382956211549149,0.032287970950408536,0.10731426090973975,0.5735764363510552,0.8191520442889855,0.0035202579465567607,0.0012365498726119996,0.0041202579465567605,0.00013200967299587852,two-phase,False,
0.11401181297689945,1.0015524626942125,2912.843308363893,1615.0723134410957,1.318557298575061,2129.5653866142657,4150374.3758936315,963.913070306168,864.2472523735842,278.98953414336285,3615902.7814797913,307411.3605550549,158.42240850021122,34.41249467611463,68988.39936232957,2.2157068793920525,0.03631730084199289,6088.426177765776,0.8500454673826712,7091.532920649171,20.82145344305028,278.98953414336285,0.592535740624572,,,0.0004695793828570209,2.4013693442082373e-05,0.00014101323524681012,5451.710289090776,36965.82469289219,3563298.4124123463,292.9276913647323,10190624.957443662,0.10408964109834823,0.032105861686082336,0.10763175872308217,0.5735764363510465,0.8191520442889915,0.0034973734214784474,0.0012351304233550523,0.004097373421478447,0.0001311515033054418,two-phase,False,
0.11533585629222842,1.0015887302254198,2912.8291426082137,1631.6938838388255,1.3178682908950021,2150.357629958501,4184591.2110167495,966.8313454429551,866.5974763036318,279.004995821621,3617282.242938507,307037.57846124977,158.877612172802,34.53990525326234,69380.61717289682,2.2159164380578833,0.036325086857403946,6109.6001720172135,0.8499291439719681,7121.587409668802,20.874137888462823,279.004995821621,0.5907674503724617,,,0.00046503892472030275,2.3953085041004304e-05,0.0001404181318679491,5487.617671313141,37223.94907671982,3589955.1198289143,292.93337259208334,10179692.14980811,0.10434972008120497,0.03192375242175614,0.10794925653642459,0.5735764363510504,0.8191520442889888,0.0034744888964001333,0.0012336955954698663,0.004074488896400133,0.000130293333615005,two-phase,False,
0.1166834562340373,1.0016260730004776,2912.8145579443435,1648.5830793816156,1.3171752327278308,2171.4728012556434,4219270.613268999,969.7689849907117,868.9604182833341,279.02066610135927,3618680.4699209407,306662.84248245455,159.33720984096948,34.66862008574113,69777.36612759641,2.216129166391358,0.03633304073671216,6131.0332027457225,0.849810127061085,7152.0364539996435,20.92714315399648,279.02066610135927,0.5889932226969332,,,0.00046051693552033205,2.3892415525647823e-05,0.0001398203164136235,5524.001193498584,37485.712389470915,3616940.208247271,292.939132716909,10168615.529770384,0.1046097990640617,0.03174164315742994,0.10826675434976703,0.5735764363510418,0.8191520442889949,0.00345160437132182,0.0012322451376719993,0.00405160437132182,0.00012943516392456827,two-phase,False,
0.11805518798438311,1.0016645299871982,2912.7995392484954,1665.7457818788096,1.3164781476725667,2192.9179214212063,4254422.287744904,972.7258838753573,871.335800171631,279.03655600785015,3620097.780772821,306287.14615460695,159.80120036699702,34.7986772106261,70178.73433741339,2.2163452286450145,0.03634116562673365,6152.735119950032,0.8496882256456368,7182.8933257400595,20.980465408120427,279.03655600785015,0.587213466930883,,,0.00045601341948626643,2.3831692494603885e-05,0.00013921966464634487,5560.870389441715,37751.19413358726,3644260.3610863537,292.9449758855217,10157382.250485219,0.10486987804691844,0.03155953389310373,0.10858425216310945,0.5735764363510599,0.8191520442889821,0.003428719846243507,0.0012307787931724289,0.004028719846243507,0.0001285769942341315,two-phase,False,
0.11945164494728029,1.0017041418379207,2912.7840707465894,1683.1880373766433,1.3157769811227298,2214.700074481332,4290055.201162397,975.702273263425,873.7237348197793,279.0526541490973,3621534.5585782705,305910.48294625455,160.26957175744334,34.930117974283775,70584.78457642165,2.2165644847149992,0.03634946509834474,6174.709864752624,0.8495634119682551,7214.164839366304,21.034108090954398,279.0526541490973,0.5854281997484349,,,0.00045152840852917444,2.3770915212469705e-05,0.0001386161838918891,5598.235049175435,38020.46858751476,3671921.3881003633,292.95089800361364,10146011.341608845,0.10512995702977516,0.03137742462877754,0.10890174997645187,0.5735764363510504,0.8191520442889888,0.0034058353211651946,0.0012292962995259934,0.004005835321165194,0.0001277188245436948,two-phase,False,
0.12087343947552437,1.001744950974987,2912.7681359814833,1700.9160617320301,1.3150715431350855,2236.826310045193,4326176.794009421,978.6989708517087,876.1250219477924,279.06896034154244,3622991.3808099683,305532.8464100051,160.74257602574193,35.06292711605663,70995.5947242034,2.2167869467355996,0.036357942637972915,6196.951420753054,0.8494359320648213,7245.846867998926,21.088087376171295,279.06896034154244,0.5836364818126737,,,0.0004470619804091073,2.3710068679105543e-05,0.00013801009298395074,5636.10522763778,38293.61585819223,3699927.4092400745,292.9568990972509,10134507.626656067,0.1053900360126319,0.03119531536445134,0.10921924778979429,0.5735764363510599,0.8191520442889821,0.0033829507960868813,0.0012277973884748008,0.003982950796086881,0.00012686065485325806,two-phase,False,
0.12232120362936871,1.0017870016811388,2912.751717778342,1718.9362464094213,1.3143619800905832,2259.3044484801617,4362799.097640587,981.7153315244,878.5387370257889,279.08550798227543,3624468.538877818,305154.2297992395,161.22022433070276,35.19714277318656,71411.28579276435,2.2170130863502324,0.036366601324209734,6219.479796675569,0.8493053264410345,7277.964128413924,21.142387567847592,279.08550798227543,0.5818391125641302,,,0.00044261409774707516,2.364917388802284e-05,0.00013740106193927182,5674.491253692911,38570.72965078289,3728287.2470880644,292.96299155984053,10122826.805187603,0.10565011499548864,0.031013206100125135,0.10953674560313673,0.5735764363510418,0.8191520442889949,0.0033600662710085664,0.0012262817857864037,0.003960066271008566,0.00012600248516282124,two-phase,False,
0.12379558997492882,1.0018303401953386,2912.7347982079414,1737.2551645110455,1.3136482250866202,2282.1421633824993,4399931.671417053,984.7516330857252,880.9650366100575,279.10227447090716,3625966.580071721,304774.62630583486,161.7025550207998,35.3327981662896,71831.91213914499,2.2172426113485666,0.036375445164498976,6242.298506712298,0.8491715847006066,7310.523176045558,21.19701300951995,279.10227447090716,0.5800356816102116,,,0.00043818479674282877,2.3588229142258924e-05,0.00013678911562399623,5713.403739523258,38851.88732157627,3757007.0213469565,292.9691671767972,10111004.81329823,0.10591019397834538,0.030831096835798932,0.10985424341647915,0.5735764363510418,0.8191520442889949,0.003337181745930254,0.001224749211086539,0.003937181745930254,0.0001251443154723845,two-phase,False,
0.125297272420876,1.0018750148142708,2912.717358547825,1755.8795770513752,1.3129300931758923,2305.347136703708,4437582.741789464,987.8086664301925,883.4046788812623,279.11927079395696,3627485.8632162367,304394.0291939124,162.18967457169757,35.46991265382744,72257.57120536348,2.2174756886341735,0.036384477762326756,6265.402590387854,0.8490349293998062,7343.52126064963,21.251979191454428,279.11927079395696,0.5782261348938749,,,0.00043377415230829233,2.3527220476531126e-05,0.00013617445425786608,5752.85359041081,39137.179937637826,3786091.361163784,292.9754301000019,10099029.193927852,0.10617027296120211,0.03064898757147274,0.11017174122982157,0.5735764363510637,0.8191520442889794,0.0033142972208519417,0.0012231993776862162,0.0039142972208519415,0.0001242861457819478,two-phase,False,
0.12682694709914358,1.0019210760000201,2912.699379241101,1774.8164394872304,1.3122077057930623,2328.92780826335,4475764.891059133,990.8858841303827,885.8568403861759,279.1365079215107,3629026.9026734717,304012.43144518277,162.68169101645907,35.60850627216765,72688.3626502793,2.217712486204449,0.03639370282417451,6288.81071846216,0.8488949461703971,7376.981867209464,21.307272405334082,279.1365079215107,0.5764104172421513,,,0.0004293821373302621,2.3466166409682243e-05,0.0001355567924661683,5792.852014926422,39426.701200497904,3815549.3299127123,292.9817844836744,10086888.74298422,0.10643035194405885,0.030466878307146533,0.110489239043164,0.5735764363510418,0.8191520442889949,0.0032914126957736276,0.0012216319924029321,0.0038914126957736274,0.00012342797609151104,two-phase,False,
0.12838533328780297,1.0019685764942141,2912.680839852814,1794.0729085155212,1.3114809148245479,2352.8923793218732,4514487.381252809,993.983911371143,888.3220761265273,279.15398562638825,3630590.1539523993,303629.82606591337,163.17865622810032,35.74861241284442,73124.37429209838,2.2179530191798653,0.036403124324337184,6312.5210704210795,0.8487517759880573,7410.905875825382,21.36290445268822,279.15398562638825,0.57458850837005,,,0.0004250088141677818,2.3405057168482635e-05,0.0001349362705120885,5833.41053554714,39720.543647024555,3845386.4067103034,292.9882303601501,10074587.424012246,0.10669043092691559,0.030284769042820334,0.11080673685650642,0.5735764363510552,0.8191520442889855,0.003268528170695314,0.0012200467553757763,0.0038685281706953138,0.00012256980640107428,two-phase,False,
0.12997317438318437,1.002017571439222,2912.661719023629,1813.6563491513284,1.3107497373883539,2377.2495833628245,4553762.002022202,997.1026486207168,890.8000816077385,279.1717148552232,3632176.085158452,303246.2058928189,163.68068084576066,35.890252712587575,73565.71016705847,2.2181974571535634,0.03641274618217047,6336.5448719781,0.8486052117934241,7445.308703062167,21.4188712934196,279.1717148552232,0.5727603516046044,,,0.00042065419087608535,2.3343900486185387e-05,0.00013431276524353004,5874.5409997227425,40018.80644802901,3875610.5909019923,292.99477188701167,10062113.732398162,0.10695050990977231,0.030102659778494138,0.11112423466984885,0.5735764363510552,0.8191520442889855,0.0032456436456170016,0.0012184433598741813,0.0038456436456170014,0.00012171163671063757,two-phase,False,
0.13159123892157878,1.0020681185068239,2912.641994420686,1833.5743420996216,1.3100140746144673,2402.0081950024664,4593599.24369437,1000.2425058379033,893.2911492673575,279.189695363974,3633785.2536595776,302861.5637258207,164.1878189970864,36.03346233327295,74012.46243154893,2.218445816423319,0.03642257258974851,6360.8844677005945,0.848455286290146,7480.196007510317,21.47517989014194,279.189695363974,0.5709259256545135,,,0.00041631831318501107,2.3282692045318893e-05,0.00013368633642700983,5916.255591413749,40321.58774993505,3906228.399726384,293.0014090990348,10049472.442264713,0.10721058889262906,0.02992055051416793,0.11144173248319128,0.5735764363510284,0.8191520442890042,0.003222759120538687,0.001216821492100066,0.003822759120538687,0.00012085346702020075,two-phase,False,
0.13324032165456423,1.0021202780349086,2912.6216426854357,1853.8346914346942,1.3092738915178923,2427.177360685573,4634010.810904667,1003.4035995525028,895.7952211397628,279.2079380748011,3635418.297811217,302475.8922483047,164.70029254957655,36.17824079657251,74464.73975292404,2.2186982682575893,0.03643260769369168,6385.5476751004135,0.8483018894979831,7515.57960759376,21.5318308818415,279.2079380748011,0.5690847104157625,,,0.00041200120609131876,2.3221434477347044e-05,0.00013305693668517563,5958.566843124518,40628.99260128664,3937247.4918719465,293.00814615731883,10036653.413056413,0.1074706678754858,0.02973844124984173,0.1117592302965337,0.5735764363510418,0.8191520442889949,0.0031998745954603743,0.0012151808309830967,0.003799874595460374,0.00011999529732976403,two-phase,False,
0.13492124468126016,1.002174113172781,2912.6006393782072,1874.4454326021457,1.3085291993112842,2452.7665810755793,4675009.393881855,1006.5858436972483,898.31199379024,279.22645389164654,3637075.666059663,302089.1839693834,165.2181093305607,36.32463579672693,74922.65334295126,2.2189549851558703,0.036442855761637416,6410.54614350498,0.8481448128770084,7551.475672727915,21.588820374896656,279.22645389164654,0.5672371082243295,,,0.00040770288037823935,2.3160135260627618e-05,0.00013242444832491362,6001.487648456429,40941.1292012461,3968676.4202966266,293.014987225569,10023645.096962728,0.10773074685834252,0.029556331985515535,0.11207672810987612,0.5735764363510371,0.8191520442889981,0.0031769900703820615,0.0012135210479687953,0.0037769900703820613,0.0001191371276393273,two-phase,False,
0.1366348586398799,1.0022296900356569,2912.5789589193173,1895.4148407590321,1.3077798317980693,2478.7853016354115,4716605.483723119,1009.7899272870595,900.8420772748539,279.2452313759607,3638757.954007311,301701.43143047823,165.74137839528916,36.47267407653796,75386.28794165721,2.2192158304790053,0.03645332149854674,6435.877740217858,0.8479842144092377,7587.885161969283,21.646161366170794,279.2452313759607,0.5653826710069826,,,0.00040342340231735145,2.3098783730838e-05,0.00013178902667267966,6045.031275207532,41258.10091682188,4000521.3039103174,293.02192821637635,10010468.11101945,0.10799082584119926,0.029374222721189336,0.11239422592321854,0.5735764363510552,0.8191520442889855,0.0031541055453037483,0.0012118418067991877,0.003754105545303748,0.00011827895794889056,two-phase,False,
0.13838204396766923,1.0022870778691924,2912.5565745263875,1916.75143946869,1.307025810808526,2505.243604289974,4758812.604411215,1013.0157090144535,903.3850928025979,279.26429257488286,3640465.63835825,301312.6269788485,166.27016760183284,36.62239274112269,75855.77418248497,2.219481133254417,0.03646400926495463,6461.555659887223,0.8478198512045901,7624.826159735305,21.703848654900668,279.26429257488286,0.563521762975628,,,0.00039916277933515213,2.3037388803718065e-05,0.00013115053104826655,6089.211379046616,41580.0264967576,4032791.2891647355,293.0289774230617,9997095.661259415,0.108250904824056,0.029192113456863133,0.11271172373656098,0.5735764363510418,0.8191520442889949,0.003131221020225434,0.0012101427632857003,0.003731221020225434,0.00011742078825845379,two-phase,False,
0.14016371222357707,1.0023463492244618,2912.5334581477323,1938.4640097676383,1.3062671204670864,2532.151800168255,4801644.128644009,1016.2632075549548,905.9408451566121,279.2836260384455,3642199.199033052,300922.7628073609,166.80447832147453,36.773844920215346,76331.20165157843,2.2197507577018314,0.03647492402133131,6487.590159586285,0.8476515599061523,7662.313593707407,21.76188047581253,279.2836260384455,0.5616543976423619,,,0.0003949210311694396,2.2975955619080357e-05,0.00013050888452558759,6134.0420177913265,41907.01598935333,4065495.2081847247,293.03613075991376,9983547.472363178,0.10851098380691274,0.029010004192536933,0.1130292215499034,0.5735764363510465,0.8191520442889915,0.003108336495147121,0.0012084235650739678,0.003708336495147121,0.00011656261856801704,two-phase,False,
0.14198080748894137,1.0024075801445265,2912.5095803913796,1960.5615996229494,1.3055036436525718,2559.520311913075,4845112.30607636,1019.5328833418637,908.5096584053445,279.30326492900934,3643959.6755258455,300531.83107228176,167.3447734017312,36.92698338111206,76812.72131901546,2.2200251912129287,0.03648607024631046,6513.98432709641,0.847479371971299,7700.354535985159,21.820264673660336,279.30326492900934,0.5597795121780916,,,0.0003906982083109803,2.291447915402968e-05,0.00012986415045266006,6179.537666321691,42239.19942922328,4098640.5856137043,293.0434006538299,9969785.704194482,0.10877106278976947,0.028827894928210734,0.11334671936324582,0.5735764363510552,0.8191520442889855,0.0030854519700688077,0.0012066838514002256,0.0036854519700688076,0.00011570444887758029,two-phase,False,
0.14383430784431786,1.0024708503632416,2912.4849104494824,1983.053533799478,1.3047352924397015,2587.3599323454455,4889230.1736799,1022.825063530617,911.09169354439,279.3231866262964,3645747.281185232,300139.8238550476,167.8907765483001,37.08192528593847,77300.41329052614,2.220304143484574,0.03649745332932919,6540.743244377047,0.8473032643118824,7738.958368676282,21.87900612987227,279.3231866262964,0.5578980815644012,,,0.0003864943518289311,2.2852957626687177e-05,0.00012921635604702783,6225.713232162254,42576.689992307234,4132235.5936346943,293.05077889348803,9955843.505240032,0.10903114177262621,0.028645785663884527,0.11366421717658826,0.5735764363510418,0.8191520442889949,0.003062567444990494,0.0012049232528389263,0.003662567444990494,0.00011484627918714351,two-phase,False,
0.1457252269301217,1.0025362435173133,2912.459416017762,2005.9494241574755,1.303962100336078,2615.6820242923277,4934013.013612088,1026.1395316476487,913.6864587515495,279.34342424807534,3647562.9494951023,299746.73300988844,168.44284426478075,37.23864969833929,77794.43457512357,2.2205881049576943,0.03650907804138248,6567.882624502092,0.8471229444361354,7778.146436926101,21.938097761769733,279.34342424807534,0.5560095025484435,,,0.0003823094667902341,2.2791401762796472e-05,0.00012856533469884077,6272.584071768089,42919.62547868568,4166290.594289298,293.0582779121897,9941682.346993286,0.10929122075548295,0.02846367639955833,0.11398171498993068,0.5735764363510418,0.8191520442889949,0.0030396829199121813,0.0012031413910412142,0.003639682919912181,0.0001139881094967068,two-phase,False,
0.14765461559648313,1.0026038473726226,2912.433063209587,2029.259180402256,1.3031840427071029,2644.498182417114,4979475.68257878,1029.4763209109562,916.2937522801091,279.3639663068118,3649407.075940235,299352.5502285664,169.00087140826653,37.39723916738885,78294.88566958232,2.2208769425836064,0.036520949914067416,6595.413525439266,0.8469382429883536,7817.935025553256,21.997537884211198,279.3639663068118,0.5541142491797253,,,0.00037814357621754303,2.272981652000593e-05,0.00012791101444709595,6320.166007552071,43268.13104201755,4200815.325163422,293.06589362973716,9927321.340389265,0.10955129973833967,0.02828156713523213,0.1142992128032731,0.5735764363510465,0.8191520442889915,0.003016798394833868,0.0012013378784638627,0.003616798394833868,0.00011312993980627007,two-phase,False,
0.1496235636485327,1.0026737540659252,2912.4058164642825,2052.9930213088123,1.3024008784309515,2673.8199143652105,5025630.083333414,1032.8364197622068,918.9145056630691,279.3848347277038,3651280.7185642137,298957.26730290864,169.5652750227446,37.55766235061276,78801.91507804758,2.22117099376912,0.036533074183476635,6623.330366394876,0.8467494265185401,7858.322000890143,22.057345696281015,279.3848347277038,0.5522112906048537,,,0.0003739967656862221,2.266818532405296e-05,0.0001272536299590073,6368.475345693033,43622.34868001893,4235816.289716728,293.07363435699267,9912738.446647163,0.10981137872119642,0.028099457870905925,0.11461671061661553,0.5735764363510371,0.8191520442889981,0.0029939138697555536,0.0011995123180882756,0.0035939138697555534,0.00011227177011583326,two-phase,False,
0.15163320169385733,1.0027460603631408,2912.3776384492317,2077.161486445619,1.3016126820903773,2703.659733507317,5072493.46165174,1036.2194078898492,921.5479646025585,279.40601800890846,3653184.3099624864,298560.8757314665,170.13595324328864,37.720004340235405,79315.62913917047,2.2214701265694723,0.036545456697011966,6651.6529241279695,0.8465561062616728,7899.333610831117,22.117509452390145,279.40601800890846,0.5503011001148429,,,0.00036986902885991207,2.260652362673534e-05,0.00012659295698422672,6417.528894766936,43982.41197621872,4271305.356764879,293.081496015904,9897953.045410058,0.11007145770405315,0.02791734860657973,0.11493420842995795,0.5735764363510418,0.8191520442889949,0.0029710293446772408,0.0011976643031291166,0.0035710293446772406,0.00011141360042539652,two-phase,False,
0.1536847030994309,1.0028208679355584,2912.3484899552654,2101.7754484232687,1.3008193752970305,2734.0302258325924,5120081.1604642505,1039.625536095077,924.1941680426487,279.4275491606872,3655118.7208901728,298163.36690229684,170.71316091349647,37.884272956101576,79836.19833300456,2.221774838809074,0.03655810287831446,6680.3896445924665,0.8463581944588079,7940.983621860847,22.17803204991363,279.4275491606872,0.5483835305628673,,,0.0003657604040187488,2.254483169988688e-05,0.0001259289840678031,6467.343985245791,44348.47628030115,4307292.243957953,293.08949105523334,9882926.434077328,0.11033153668690988,0.027735239342253533,0.11525170624330038,0.5735764363510418,0.8191520442889949,0.002948144819598928,0.00119579341673212,0.003548144819598928,0.0001105554307349598,two-phase,False,
0.1557792860659502,1.0028982836554001,2912.3183297848063,2126.8461256950413,1.3000207717980452,2764.94414182175,5168407.230461988,1043.0555290337363,926.8537155881835,279.44941665288513,3657084.842736707,297764.73222381435,171.29702952835103,38.050505066306684,80363.73551455418,2.222085000592719,0.03657101891766736,6709.540125481394,0.846155829383557,7983.276043983327,22.238926731051773,279.44941665288513,0.5464581276849331,,,0.00036167095923360175,2.24830993890483e-05,0.00012526185922803705,6517.938489911807,44720.68441726437,4343785.1211155355,293.0976154010752,9867681.509230852,0.11059161566976662,0.027553130077927333,0.1155692040566428,0.5735764363510418,0.8191520442889949,0.0029252602945206148,0.0011938992316606134,0.0035252602945206146,0.00010969726104452305,two-phase,False,
0.1579182158281943,1.0029784199123244,2912.2871146322054,2152.385095938143,1.299217019227271,2796.4153485739575,5217491.641316533,1046.5086121729007,929.5254060722996,279.4716311994045,3659083.0839393167,297364.9626998296,171.88746395630034,38.218789747851844,80898.38751599003,2.22240079775775,0.03658421089144855,6739.131872399141,0.8459484420199598,8026.24620145727,22.300173739595092,279.4716311994045,0.5445257477001303,,,0.0003576006691959954,2.242134997864275e-05,0.00012459124413831673,6569.330845237305,45099.19277402625,4380798.1130193025,293.10587324467383,9852206.838196453,0.11085169465262336,0.027371020813601127,0.11588670186998523,0.5735764363510322,0.8191520442890015,0.002902375769442301,0.001191981309970255,0.003502375769442301,0.0001088390913540863,two-phase,False,
0.16010280699078283,1.003061394952596,2912.2547989556083,2178.4043100460312,1.298407864722425,2828.4572887089953,5267348.352233099,1049.9857898883733,932.2101600112264,279.4942146018531,3661114.82022994,296964.0494276094,172.48501826012821,38.38907367478168,81440.32056851318,2.2227225763355247,0.03659768492292159,6769.160352648869,0.8457362862043587,8069.893786537571,22.36179232379188,279.4942146018531,0.5425848879589741,,,0.0003535496201381334,2.2359567281555685e-05,0.00012391736823949638,6621.540073784125,45484.16740375003,4418338.8992068535,293.1142729147612,9836483.081744473,0.1111117736354801,0.02718891154927493,0.11620419968332765,0.5735764363510418,0.8191520442889949,0.0028794912443639883,0.0011900392026714646,0.003479491244363988,0.00010798092166364955,two-phase,False,
0.16233442600954656,1.0031473332428185,2912.221334839671,2204.916106764056,1.2975933716149946,2861.0845251041787,5317997.063871846,1053.486642729096,934.9071849180857,279.5171552978439,3663180.2369994475,296561.9831921656,173.08935939236912,38.561502746967655,81989.6578095042,2.22305020888473,0.036611447763012665,6799.647071707819,0.8455189551797008,8114.247735738821,22.42377036479447,279.5171552978439,0.5406369466383898,,,0.0003495178108950094,2.2297766694266753e-05,0.00012324001343902124,6674.585807679713,45875.766358080655,4456420.895733778,293.1228103422386,9820527.80483201,0.11137185261833683,0.027006802284948728,0.11652169749667007,0.5735764363510599,0.8191520442889821,0.0028566067192856742,0.0011880724493790057,0.003456606719285674,0.00010712275197321279,two-phase,False,
0.164614493829641,1.0032363658603043,2912.1866718483575,2231.933228002553,1.296773398082407,2894.311636369906,5369454.628834512,1057.0116584317057,937.6167677786095,279.54048614603204,3665280.693093047,296158.7547201742,173.70099274163482,38.73603833248516,82546.5890555616,2.2233842037964653,0.03662550579467564,6830.597728227067,0.8452964513970207,8159.319487269457,22.486115609568092,279.54048614603204,0.5386808408531282,,,0.0003455052964698082,2.2235943667711308e-05,0.00012255924057885534,6728.488313230693,46274.17124152473,4495054.3543195985,293.13149799777796,9804306.396636607,0.11163193160119357,0.026824693020622528,0.11683919531001251,0.5735764363510371,0.8191520442889981,0.002833722194207361,0.0011860805779481394,0.003433722194207361,0.00010626458228277604,two-phase,False,
0.16694448869256867,1.003328630912362,2912.1507568669845,2259.4688348636373,1.2959477962642079,2928.153657269188,5421738.317053685,1060.5613419487702,940.3392096703645,279.5641955513439,3667417.045113301,295754.3546830983,174.3199440804765,38.91275064663446,83111.24508670873,2.2237244360515267,0.03663986618148472,6862.01750912309,0.8450687896278946,8205.120050252242,22.54883611820422,279.5641955513439,0.5367165762738535,,,0.0003415121325745608,2.2174093482205848e-05,0.00012187512112869791,6783.268516738844,46679.5514396066,4534249.716475777,293.14033181710533,9787841.513489258,0.11189201058405031,0.026642583756296325,0.11715669312335493,0.5735764363510465,0.8191520442889915,0.002810837669129048,0.0011840631040967485,0.0034108376691290476,0.0001054064125923393,two-phase,False,
0.16932594912534193,1.0034242739870045,2912.1135339325974,2287.5365244200884,1.2951166113267178,2962.626551793043,5474869.330021482,1064.1353178769903,943.0737447295874,279.5883052084095,3669590.1770443097,295348.7734410356,174.94642734382168,39.09167014967335,83683.8083520499,2.224071259289629,0.036654535882494656,6893.92864110289,0.8448355642992557,8251.67969620037,22.611920478496312,279.5883052084095,0.5347440347961863,,,0.0003375383236860479,2.211223060312345e-05,0.0001211874475036237,6838.948031588471,47092.09605672712,4574021.274469787,293.1493201445199,9771110.345813306,0.11215208956690703,0.02646047449197013,0.11747419093669735,0.5735764363510504,0.8191520442889888,0.002787953144050735,0.0011820195310127978,0.003387953144050735,0.00010454824290190256,two-phase,False,
0.1717604771264663,1.0035234486378424,2912.0749440516643,2316.1503472871113,1.2942796126178393,2997.7461742514365,5528864.694297007,1067.734438579211,945.8210757115913,279.6128256775079,3671801.099203713,294942.0013929674,175.58059734665133,39.272842733670224,84264.44988113709,2.2244248703113847,0.0366695222279352,6926.330827590555,0.8445969380307354,8299.003643401516,22.67538424110468,279.6128256775079,0.5327631376702889,,,0.0003335839466961237,2.2050342992363838e-05,0.00012049639245490553,6895.5491866789125,47511.99605576881,4614378.739806228,293.15846719364527,9754106.33945727,0.11241216854976378,0.026278365227643926,0.11779168875003979,0.5735764363510504,0.8191520442889888,0.0027650686189724214,0.0011799493489464575,0.003365068618972421,0.00010369007321146581,two-phase,False,
0.1742497415644899,1.0036263169061899,2912.0349250039826,2345.3248260302303,1.2934368777740626,3033.5296203465377,5583747.510001113,1071.3581527879762,948.5802058640584,279.6377674908089,3674050.856345623,294534.02856760315,176.22261162600884,39.45631603188928,84853.34520872054,2.224785467953798,0.036684832786120024,6959.250300616741,0.844352416765676,8347.127031706654,22.73921192647577,279.6377674908089,0.5307738047677066,,,0.0003296489980822288,2.198844892323814e-05,0.00011980169897995909,6953.095056280691,47939.44905579265,4655337.865344331,293.1677771822211,9736823.25322564,0.1126722475326205,0.026096255963317726,0.1181091865633822,0.5735764363510552,0.8191520442889855,0.0027421840938941077,0.0011778520347861957,0.0033421840938941075,0.00010283190352102905,two-phase,False,
0.17679548180674712,1.0037330498837451,2911.9934111315756,2375.0749744552986,1.29258820576485,3069.9938997881713,5639536.614201509,1075.0071504778864,951.3516249295815,279.6631300739535,3676340.3303861627,294124.8449796392,176.872567202664,39.642153683251486,85450.65809802235,2.225153092380038,0.03670047550836618,6992.690436583691,0.8441020802409537,8396.059568377252,22.80341533140173,279.6631300739535,0.5287759969292924,,,0.000325733546268284,2.1926540070138912e-05,0.00011910349037617357,7011.609491399232,48374.65484676662,4696909.7143402435,293.177250193364,9719268.809546972,0.11293232651547724,0.025914146698991527,0.11842668437672463,0.5735764363510465,0.8191520442889915,0.0027192995688157945,0.0011757270516180862,0.0033192995688157943,0.0001019737338305923,two-phase,False,
0.1793995115974523,1.003843828319541,2911.9503331112282,2405.4163178294375,1.2917335920706707,3107.1570606552255,5696255.076598282,1078.681217517478,954.1347221349256,279.68894606108154,3678670.7343633594,293714.4403630904,177.53075361305397,39.83037873059391,86056.60628757028,2.2255282679017196,0.036716458195679084,7026.672330152642,0.8438455768980668,8445.831049247476,22.867986205078957,279.68894606108154,0.526769546776608,,,0.00032183760926109215,2.186462749784896e-05,0.000118401610708173,7071.117152735692,48817.83475695733,4739109.472926404,293.18689873037613,9701407.871681102,0.11319240549833398,0.025732037434665327,0.11874418219006705,0.5735764363510685,0.8191520442889761,0.0026964150437374813,0.0011735738482675645,0.003296415043737481,0.00010111556414015555,two-phase,False,
0.1820637232062969,1.0039588432752646,2911.905617709183,2436.3649140848092,1.2908728662011892,3145.037359756672,5753923.674205855,1082.3808725242704,956.9297618835565,279.7152037454329,3681043.0183819802,293302.80438219506,178.19721009364972,40.02107295390653,86671.34677996716,2.22591087795134,0.03673278945882556,7061.203266139193,0.8435828989210168,8496.455968142807,22.93293237827442,279.7152037454329,0.5247544549607579,,,0.0003179612467552274,2.1802706769138537e-05,0.00011769613162823044,7131.643545340565,49269.198583806115,4781949.649801929,293.1967187455858,9683263.887431456,0.11345248448119072,0.02554992817033912,0.11906168000340948,0.5735764363510322,0.8191520442890015,0.0026735305186591676,0.0011713918588228012,0.0032735305186591675,0.00010025739444971878,two-phase,False,
0.18479009187084847,1.0040782968334823,2911.8591875163324,2467.9373760604167,1.290005908569949,3183.6537970985537,5812564.841064339,1086.1063853863827,959.7366985481726,279.7419356787499,3683458.6786458134,292889.92655594036,178.87235970705953,40.214234702571076,87295.10787573372,2.22630145278376,0.03674947764940083,7096.296109065704,0.8433139090029069,8547.955305621239,22.99825609485814,279.7419356787499,0.522730084958245,,,0.0003141045049908873,2.1740778863306426e-05,0.00011698704125680067,7193.215055062409,49728.98333172578,4825444.189935341,293.2067227543378,9664804.023260437,0.11371256346404746,0.025367818906012928,0.1193791778167519,0.5735764363510418,0.8191520442889949,0.0026506459935808553,0.0011691805021388352,0.003250645993580855,9.939922475928207e-05,two-phase,False,
0.18758068055847052,1.0042024028638035,2911.810960662101,2500.150894840656,1.2891326600350037,3223.0261735548297,5872202.947150053,1089.8577307032763,962.555117883961,279.7691411684223,3685918.6431605434,292475.79616712726,179.55618636656644,40.40996377639804,87928.07346086792,2.226700041313628,0.0367665318111271,7131.969444797414,0.8430383340539078,8600.356696541416,23.063952958627223,279.7691411684223,0.520696856988586,,,0.00031026741520285336,2.1678851014694415e-05,0.0001162742471369989,7255.858986901125,50197.41976991603,4869608.723271379,293.2169108571839,9646036.55240291,0.11397264244690418,0.02518570964168673,0.11969667563009433,0.5735764363510599,0.8191520442889821,0.002627761468502542,0.001166939181321544,0.003227761468502542,9.854105506884532e-05,two-phase,False,
0.19043764507618738,1.0043313878525748,2911.7608505049857,2533.0232642530664,1.2882530161219368,3263.1748600810465,5932862.351813691,1093.635066198613,965.3848159012168,279.79683056140044,3688424.291672454,292060.4023126437,180.24899381863443,40.608291066233676,88570.44945703013,2.227106856038379,0.03678396115520715,7168.239026342364,0.8427559781859146,8653.684835029637,23.130022506997612,279.79683056140044,0.5186542168094511,,,0.0003064500196520769,2.1616926652307975e-05,0.00011555770969980965,7319.603605382862,50674.75214405424,4914458.552504309,293.2272872991402,9626958.05718553,0.11423272142976093,0.025003600377360522,0.12001417344343676,0.5735764363510284,0.8191520442890042,0.0026048769434242275,0.0011646672831904994,0.0032048769434242274,9.768288537840853e-05,two-phase,False,
0.19336323955997284,1.004465491802326,2911.708765297508,2566.5729065918604,1.2873668424448255,3304.120858663601,5994567.691533587,1097.4386620064995,968.2257137303995,279.82503626134445,3690977.056414017,291643.7339337098,180.95109341123668,40.80924871948561,89222.48172635758,2.227522437940532,0.03680177494942662,7205.119207649166,0.8424666875881766,8707.963091455635,23.196466652569892,279.82503626134445,0.5166019855675016,,,0.00030265236738478876,2.1555006953811475e-05,0.00011483741829145014,7384.478177082031,51161.24387883379,4960008.943790988,293.23786461722165,9607535.592275662,0.11449280041261767,0.024821491113034323,0.12033167125677918,0.5735764363510552,0.8191520442889855,0.0025819924183459147,0.0011623641777196844,0.0031819924183459146,9.682471568797181e-05,two-phase,False,
0.19635982237836844,1.0046049692079049,2911.654607823079,2600.8188996380686,1.2864740646532034,3345.8860612442577,6057345.682939849,1101.268488252928,971.0773556521764,279.85375747285764,3693577.985623042,291225.77972241916,181.6624763055622,41.01294426314446,89884.37124824278,2.2279468436568055,0.03681998318163763,7242.630275589001,0.8421701699586042,8763.221769185662,23.26328053967977,279.85375747285764,0.5145405794649897,,,0.0002988744929431707,2.1493099356608745e-05,0.00011411328234512166,7450.513015424824,51657.152941283755,5006276.9593751,293.24864292720855,9587778.496287305,0.11475287939547439,0.024639381848708126,0.1206491690701216,0.5735764363510552,0.8191520442889855,0.002559107893267602,0.0011600292174550068,0.003159107893267602,9.596654599753508e-05,two-phase,False,
0.19942986248921366,1.004750090117039,2911.598275001999,2635.78100505185,1.2855744167802774,3388.4926283300656,6121220.143290042,1105.125363680739,973.9403073770313,279.8830154544841,3696228.827518693,290806.5283746196,182.38365671104575,41.21937054825477,90556.35936422391,2.2283804585497093,0.036838595923423915,7280.776920071485,0.8418665161519691,8819.473859764787,23.330478012368875,279.8830154544841,0.5124689276421819,,,0.0002951164749893008,2.1431193983034563e-05,0.00011338544859938729,7517.739527918287,52162.75735430772,5053276.312236997,293.2596306373116,9567671.3635242,0.11501295837833114,0.02445727258438192,0.12096666688346404,0.5735764363510284,0.8191520442890042,0.002536223368189288,0.0011576617369074716,0.0031362233681892877,9.510837630709829e-05,two-phase,False,
0.20257594629265144,1.0049011412839843,2911.539657463461,2671.479698217475,1.284667983411795,3431.9644366345938,6186222.923506592,1109.0084722706324,976.8131293104443,279.912820376209,3698930.723401821,290385.9680921637,183.11456706148533,41.42865522769882,91238.67673702864,2.2288235082727503,0.036857623732700316,7319.595910939173,0.8415550548431867,8876.768806383714,23.39803651543766,279.912820376209,0.510387864870149,,,0.0002913783107206689,2.1369314458078898e-05,0.00011265360423500628,7586.190265959611,52678.340531625094,5101028.651607275,293.2708320186663,9547209.374671618,0.11527303736118787,0.02427516332005572,0.12128416469680646,0.5735764363510552,0.8191520442889855,0.0025133388431109746,0.0011552610519208217,0.0031133388431109745,9.425020661666157e-05,two-phase,False,
0.2058007850285352,1.005058427425957,2911.4786390801087,2707.9361996269167,1.283754433513235,3476.325101942035,6252378.475021188,1112.9188693024425,979.6966506759222,279.94319339105056,3701685.5412583863,289964.0871469245,183.8557342290848,41.64079521094672,91931.57821020283,2.229276386043879,0.03687707741451422,7359.08845683599,0.8412359740469987,8935.116232624523,23.465974893231973,279.94319339105056,0.5082963149383585,,,0.00028766009238933205,2.1307446303635543e-05,0.00011191796211321011,7655.898977391566,53204.202061381,5149547.590136176,293.2822554950625,9526378.223494513,0.1155331163440446,0.024093054055729524,0.12160166251014888,0.5735764363510552,0.8191520442889855,0.002490454318032662,0.001152826459012387,0.0030904543180326617,9.339203692622482e-05,two-phase,False,
0.20910722277184407,1.0052222725932243,2911.4150964612318,2745.1725078937043,1.2828336789915362,3521.599747767703,6319717.234327545,1116.8564620413113,982.5902868467494,279.97414457228047,3704494.639476772,289540.8735296881,184.60722936613843,41.85589420584026,92635.30817495933,2.229739324830083,0.036896968289697754,7399.278516764745,0.8409089249461131,8994.551724743636,23.534286372460475,279.97414457228047,0.5061946426489556,,,0.0002839618558678871,2.1245598531727467e-05,0.00011117841451164728,7726.900661982377,53740.64785260347,5198852.527063601,293.29390535198854,9505174.86637264,0.11579319532690134,0.023910944791403318,0.12191916032349132,0.5735764363510371,0.8191520442889981,0.0024675697929543478,0.0011503572346857989,0.0030675697929543476,9.253386723578804e-05,two-phase,False,
0.2124982450873735,1.0053930216651488,2911.3488984002192,2783.2114344949164,1.281905635528797,3567.8144227472203,6388270.901637106,1120.8211005115243,985.4933670758651,280.00569496114747,3707359.7825913127,289116.3149280264,185.36946057271496,42.073983524175055,93350.13595627483,2.2302127262655227,0.036917307961756525,7440.192030826374,0.8405735231403302,9055.113440165578,23.602962746266552,280.00569496114747,0.5040822325127732,,,0.0002802836362856561,2.1183781264031716e-05,0.00011043483956416502,7799.231630021626,54288.001191558695,5248963.755914172,293.3057900297962,9483584.459643213,0.11605327430975808,0.023728835527077122,0.12223665813683374,0.5735764363510371,0.8191520442889981,0.002444685267876035,0.0011478526347141707,0.003044685267876035,9.167569754535132e-05,two-phase,False,
0.2159769884080008,1.0055710419858102,2911.2799052714217,2822.076640345933,1.2809700571083715,3614.995675148131,6458068.91422522,1124.8133380712857,988.4060672547494,280.03786553107113,3710282.5601098426,288690.39893996733,186.14257314062212,42.29515812210649,94076.33871375828,2.23069699707539,0.03693810846166586,7481.841767176296,0.8402297037690972,9116.82497677161,23.672011306901446,280.03786553107113,0.5019593993978496,,,0.00027662550383522193,2.112199058701141e-05,0.00010968730918360939,7872.929564238385,54846.598178135406,5299898.79819578,293.31791797887524,9461591.035046518,0.11631335329261482,0.023546726262750922,0.12255415595017616,0.5735764363510552,0.8191520442889855,0.0024218007427977218,0.0011453118933922434,0.0030218007427977216,9.081752785491457e-05,two-phase,False,
0.2195467502175905,1.0057567251550361,2911.2079683707575,2861.7926743196426,1.2800268274657467,3663.171397774087,6529144.690651693,1128.8330856068483,991.3277606486763,280.0706661891416,3713264.7490673624,288263.1128732761,186.92692076628623,42.51946992269072,94814.18356681627,2.2311923829204594,0.03695938238704505,7524.253718990016,0.8398770987182286,9179.72522384893,23.741424896227883,280.0706661891416,0.4998255680303795,,,0.00027298749946771435,2.1060235524424723e-05,0.00010893572254232615,7948.033585263299,55416.78286207182,5351678.838145187,293.33029350945264,9439194.919277046,0.11657343227547154,0.023364616998424726,0.12287165376351858,0.5735764363510371,0.8191520442889981,0.002398916217719409,0.001142734222755924,0.002998916217719409,8.995935816447784e-05,two-phase,False,
0.22321100011902276,1.0059504889921984,2911.132929193939,2902.385013829692,1.2790757312601542,3712.370233962726,6601530.782388411,1132.8806627593804,994.258306200772,280.1041177863646,3716308.317308525,287834.44386967877,187.72279521255416,42.74698931361864,95563.96380364677,2.2316992999177994,0.03698114267861617,7567.4466231869355,0.8395155202863992,9243.845222059655,23.8112053000532,280.1041177863646,0.497680581302977,,,0.0002693696848583342,2.0998517030084275e-05,0.00010818008912715074,8024.584320873673,55998.91874192927,5404323.701551413,293.3429250901646,9416383.126818871,0.11683351125832829,0.02318250773409852,0.12318915157686101,0.5735764363510418,0.8191520442889949,0.002376031692641095,0.0011401188117675417,0.0029760316926410947,8.910118847404106e-05,two-phase,False,
0.22697339188663532,1.006152779692887,2911.0546186451593,2943.8801076055775,1.2781166117066423,3762.622068403426,6675262.366905373,1136.9560656810418,997.1971486670582,280.13825208273175,3719414.9279039814,287404.3788018351,188.53042278837182,42.97780623116897,96325.99987624082,2.2322183371229913,0.0370034026469124,7611.4465278352545,0.8391446208381828,9309.224665787768,23.881346927715093,280.13825208273175,0.49552469978034236,,,0.0002657721083383548,2.0936842528749225e-05,0.00010742033154222707,8102.623979279007,56593.38977719241,5457855.448660151,293.3558253531348,9393125.908180658,0.11709359024118501,0.02300039846977232,0.12350664939020344,0.5735764363510552,0.8191520442889855,0.0023531471675627812,0.0011374648254650528,0.002953147167562781,8.82430187836043e-05,two-phase,False,
0.23083777661148963,1.0063640742011135,2910.9728561682414,2986.3054207965192,1.2771492659671397,3813.957776123965,6750375.013368622,1141.0594461071396,1000.1439067538538,280.1730787824294,3722587.090873581,286972.90431979625,189.35031747418418,43.211949870854234,97100.58468914205,2.2327497558478604,0.03702617635069826,7656.276917586881,0.838764121540026,9375.900732517657,23.95184748377862,280.1730787824294,0.4933568716547263,,,0.0002621948271845517,2.087521642489686e-05,0.00010665641931678982,8182.196426724781,57200.58440410383,5512296.031533532,293.3689986388818,9369429.277181856,0.11735366922404175,0.022818289205446124,0.12382414720354586,0.5735764363510552,0.8191520442889855,0.002330262642484469,0.0011347714040733225,0.0029302626424844687,8.738484909316758e-05,two-phase,False,
0.23480821706343227,1.0065848828229003,2910.887448791127,3029.6894825506747,1.276162851431064,3866.3771690025737,6826647.947668273,1145.2428545702862,1003.0894759018523,280.20862947615194,3725826.6241685506,286540.0231781495,190.1827196701739,43.449516780731095,97888.0574299801,2.2332941581283206,0.037049478146649835,7701.9607151899345,0.8383132021299515,9443.669702168452,24.011557135026457,280.20862947615194,0.49117735056330647,,,0.00025864005405814417,2.082330592673781e-05,0.00010589103934568787,8263.347269714299,57820.91871790771,5567599.880933993,293.38245760474865,9345264.973326748,0.1176137482068985,0.022636179941119917,0.12414164501688829,0.5735764363510465,0.8191520442889915,0.002307378117406155,0.0011320376620754919,0.0029073781174061546,8.65266794027308e-05,two-phase,False,
0.238889003410943,1.0068157521107877,2910.798190073291,3074.0619362267926,1.2751436344563403,3919.8705099041267,6903805.443652774,1149.565152857062,1006.021935509787,280.2449027594734,3729135.286385684,286105.75724393525,191.027666102046,43.690655455706974,98688.71099484443,2.2338516480217026,0.037073323298537325,7748.532397271038,0.8377226959907683,9512.2952809501,24.04782883941617,280.2449027594734,0.4889865303571549,,,0.00025511046792830365,2.0791897819085564e-05,0.00010512709818866332,8346.123942172326,58454.80889127629,5623706.851461047,293.3962024577462,9320648.460700003,0.11787382718975523,0.022454070676793718,0.12445914283023071,0.5735764363510418,0.8191520442889949,0.0022844935923278416,0.0011292626872423277,0.0028844935923278414,8.566850971229405e-05,two-phase,False,
0.2430846704592393,1.0070572680530439,2910.7048589442165,3119.4535924067663,1.274115074728605,3974.5428470017623,6982424.002676628,1153.9181613385053,1008.9600603870958,280.2819519739963,3732516.1325434046,285670.0937621228,191.8859711638446,43.93534215537902,99502.94235167756,2.2344231785874245,0.037097727078970515,7796.01403011476,0.8371206712173284,9582.316144892577,24.08428351657688,280.2819519739963,0.4867831584925906,,,0.0002516012629614398,2.0760426593378082e-05,0.00010435890288727377,8430.575797900705,59102.718165622566,5680784.756626009,293.4102541921729,9295531.496841151,0.11813390617261196,0.022271961412467522,0.12477664064357313,0.5735764363510465,0.8191520442889915,0.002261609067249529,0.0011264455396173146,0.0028616090672495286,8.481034002185733e-05,two-phase,False,
0.24740001659086713,1.007310059606422,2910.607218419308,3165.896484889762,1.2730768962340824,4030.42967078185,7062541.805669912,1158.3022825785908,1011.9036072531121,280.3197864984185,3735971.0992042744,285233.0198418936,192.75775559200042,44.18371744653118,100331.08407991457,2.235009036700176,0.03712270583674649,7844.428834074624,0.8365068726087179,9653.769814625306,24.12092114210809,280.3197864984185,0.48456757400730227,,,0.00024811250454247804,2.0728893272949925e-05,0.00010358647649595042,8516.754208704462,59765.10593583151,5738857.218070601,293.4246171974074,9269916.542684028,0.1183939851554687,0.022089852148141315,0.12509413845691555,0.5735764363510552,0.8191520442889855,0.002238724542171215,0.0011235852504551248,0.002838724542171215,8.395217033142057e-05,two-phase,False,
0.25184012462120814,1.0075748026172449,2910.5050141775673,3213.4239298618595,1.272026824907376,4087.561438583564,7144189.927842492,1162.7172352816685,1014.8521044040641,280.3584375296906,3739502.624519835,284794.5229703753,193.6434274948323,44.43586224390736,101173.51776136016,2.235609855067287,0.03714827633658112,7893.792759126469,0.8358814431309188,9726.686900166862,24.15779124341387,280.3584375296906,0.48233954818911623,,,0.0002446446408268602,2.0697256423900707e-05,0.00010280993006805276,8604.712668598431,60442.46356327331,5797940.789197179,293.43930418973054,9243780.651302574,0.11865406413832542,0.021907742883815126,0.12541163627025798,0.5735764363510495,0.8191520442889895,0.002215840017092903,0.0011206808211109386,0.0028158400170929026,8.309400064098385e-05,two-phase,False,
0.256410384804282,1.0078522241820023,2910.3979729831776,3262.070588449589,1.2709687323956194,4145.989720786806,7227433.317221935,1167.1632319548407,1017.8038789187573,280.39791427790453,3743113.25104565,284354.58901396015,194.54326291893835,44.691894101526344,102030.59799321291,2.236225934209739,0.03717445624236559,7944.177340736936,0.8352427106968682,9801.159285092024,24.194779805573553,280.39791427790453,0.48009894600562353,,,0.00024119693181733813,2.066561481517675e-05,0.00010202874689742488,8694.50690453859,61135.2917991561,5858083.755224125,293.4543195840713,9217130.879106041,0.11891414312118218,0.02172563361948892,0.12572913408360042,0.5735764363510542,0.8191520442889861,0.002192955492014589,0.0011177312218779477,0.002792955492014589,8.223583095054709e-05,two-phase,False,
0.2611165202818011,1.008143107508005,2910.2858009298807,3311.872532881107,1.2699002215733213,4205.747663328314,7312303.990626376,1171.64036235889,1020.7588399219618,280.43826958263423,3746806.069120944,283913.20433809515,195.45797587968596,44.9518366012752,102902.76917277391,2.236858266229997,0.03720126348498218,7995.593786815684,0.834590934385435,9877.21303931183,24.231939976888476,280.43826958263423,0.47784496299698687,,,0.00023776985212865275,2.0633923675813055e-05,0.00010124313366735608,8786.194994159632,61844.13825657669,5919302.55245697,293.4696844498146,9189920.377873162,0.11917422210403888,0.02154352435516273,0.12604663189694285,0.5735764363510495,0.8191520442889895,0.0021700709669362768,0.001114735390770196,0.0027700709669362766,8.137766126011038e-05,two-phase,False,
0.26596461528711435,1.0084482973428361,2910.1681814842864,3362.8673164958536,1.2688210262660735,4266.876759712905,7398848.744494698,1176.1483910949044,1023.7159071989863,280.479523341354,3750583.5512046507,283470.3549877359,196.38778414517117,45.215834221529825,103790.43049804433,2.2375073420201232,0.03722871707559521,8048.081881693615,0.8339255777728194,9954.906548159455,24.269265170364477,280.479523341354,0.4755778753021331,,,0.00023436345981253147,2.0602189497297045e-05,0.00010045297714872956,8879.837491041642,62569.55643985248,5981627.2747400915,293.4854073986244,9162141.713020675,0.11943430108689561,0.02136141509083654,0.12636412971028527,0.5735764363510446,0.8191520442889928,0.0021471864418579653,0.0011116922322477328,0.002747186441857965,8.05194915696737e-05,two-phase,False,
0.2709611464864281,1.0087687060539337,2910.0447732999014,3415.094047861554,1.2677306249295561,4329.419311488735,7487109.943293892,1180.6881541741511,1026.6752410989955,280.52169534716944,3754449.2088677697,283026.02704547386,197.3333627258462,45.48393355330953,104693.99400110457,2.2381736610882954,0.03725683680598607,8101.660907655536,0.8332465159671409,10034.275097828373,24.306760367685275,280.52169534716944,0.47329654635814356,,,0.00023097785824217966,2.0570408908326885e-05,9.965841979122347e-05,8975.497558073515,63312.12494247182,6045083.012726135,293.5014970580711,9133794.953810522,0.11969438006975233,0.021179305826510356,0.1266816275236277,0.5735764363510408,0.8191520442889955,0.0021243019167796534,0.001108600615880867,0.002724301916779653,7.9661321879237e-05,two-phase,False,
0.27611301789898546,1.0091053204532738,2909.9152077690114,3468.593469277479,1.2666287446312676,4393.420191627147,7577138.664140223,1185.2591690453505,1029.6354185320783,280.56483798163754,3758405.591642351,282580.20620500564,198.2950103923276,45.756275418019385,105613.94551462967,2.238858251837316,0.03728564297126211,8156.378208924843,0.8325530889498501,10115.386801831544,24.344416064866753,280.56483798163754,0.4710015640305818,,,0.00022761310240840862,2.0538590807342772e-05,9.88592942208532e-05,9073.241109530358,64072.46808663876,6109702.960148298,293.5179745664302,9104830.470627267,0.11995445905260906,0.02099719656218416,0.1269991253369701,0.5735764363510408,0.8191520442889955,0.002101417391701341,0.001105459374950101,0.002701417391701341,7.880315218880028e-05,two-phase,False,
0.2814275999034155,1.0094592094780601,2909.779086274198,3523.4080399642485,1.2655150148928784,4458.925778169044,7668985.917071413,1189.8612633270516,1032.5953530270199,280.6089598519748,3762456.178395925,282132.8778788542,199.2732018380045,46.03296819606299,106550.70554823059,2.2395614637577874,0.03731515716122879,8212.27572017784,0.8318447546997713,10198.304100545407,24.382225945980704,280.6089598519748,0.4686923018224005,,,0.00022426926343919256,2.0506741308515464e-05,9.80555188530336e-05,9173.136962536502,64851.213280368895,6175519.598575531,293.53484443002804,9075262.999740005,0.12021453803546578,0.020815087297857974,0.12731662315031253,0.5735764363510542,0.8191520442889861,0.002078532866623029,0.0011022673049780993,0.002678532866623029,7.794498249836359e-05,two-phase,False,
0.286912772942036,1.0098315328592096,2909.635977094055,3579.582024264023,1.2643888856495284,4525.983726750272,7762700.442531298,1194.4949356778409,1035.5547277876806,280.6541238892777,3766604.7606397714,281684.0274332724,200.2687881291386,46.31404167016069,107504.81091461235,2.2402845266735634,0.03734540135175677,8269.383406813595,0.8311212171415838,10283.076212210884,24.42019091826,280.6541238892777,0.46636787442205685,,,0.00022094644178449486,2.047486040029806e-05,9.72471641134514e-05,9275.25699864551,65649.05015874363,6242562.527671015,293.55213200465147,9045038.090087181,0.1204746170183225,0.020632978033531778,0.12763412096365495,0.5735764363510495,0.8191520442889895,0.0020556483415447163,0.0010990231621898117,0.002655648341544716,7.708681280792687e-05,two-phase,False,
0.2925769766321748,1.01022355093286,2909.48541190986,3637.161585200236,1.263249980015231,4594.644299816364,7858338.415274579,1199.159671223327,1038.5119932254088,280.70033840040685,3770854.473373513,281233.63986121694,201.28196269974336,46.59968638285903,108476.71301854224,2.241027814962191,0.03737639900440938,8327.752723482932,0.8303817772959046,10369.777721469947,24.45830065273779,280.70033840040685,0.46402858553872417,,,0.00021764470430060657,2.0442957468675628e-05,9.643408247117634e-05,9379.67633633437,66466.66791348273,6310868.072356017,293.5698418424235,9014168.567533737,0.12073469600117923,0.020450868769205578,0.1279516187769974,0.5735764363510556,0.8191520442889851,0.002032763816466403,0.0010957256618966168,0.002632763816466403,7.622864311749012e-05,two-phase,False,
0.29842926513183066,1.0106366357799452,2909.3268818497822,3696.1948837738787,1.2620977830761577,4664.959368628449,7955955.214129897,1203.8553899364372,1041.4660862165947,280.7476659159119,3775209.095122782,280781.69994173053,202.3134474129445,46.889980061082795,109466.98263016244,2.2417925910410297,0.03740817407709589,8387.428168864742,0.8296258877169242,10458.475832602046,24.496549439782317,280.7476659159119,0.4616740073921206,,,0.00021436413931596822,2.041103793940879e-05,9.56162270684525e-05,9486.47351528189,67304.82248427707,6380471.107004235,293.58799935984047,8982600.791414145,0.12099477498403595,0.02026875950487939,0.12826911659033982,0.5735764363510495,0.8191520442889895,0.0020098792913880916,0.0010923734768000753,0.0026098792913880915,7.537047342705344e-05,two-phase,False,
0.30447936976690276,1.0110722839148012,2909.159832995133,3756.732184403415,1.2609316360135412,4736.982459344523,8055605.198470348,1208.5824575017398,1044.416447533953,280.79613612546814,3779672.935388193,280328.1924098851,203.36391916412114,47.18502049341996,110476.14682425777,2.242579609951782,0.037440751907569576,8448.445731841384,0.8288531764960884,10549.2285604765,24.53493631248958,280.79613612546814,0.4593033871059452,,,0.00021110485600961556,2.03791032359629e-05,9.479366138170304e-05,9595.730693381256,68164.28614337488,6451404.760666403,293.6066175015338,8950327.996818496,0.12125485396689267,0.0200866502405532,0.12858661440368224,0.5735764363510408,0.8191520442889955,0.0019869947663097793,0.001088965235210585,0.002586994766309779,7.451230373661672e-05,two-phase,False,
0.3107377701258851,1.011532130788132,2908.98366125822,3818.825966948366,1.259751010993672,4810.769872672091,8157349.771162758,1213.340346972674,1047.3614214975923,280.8457893856291,3784250.1493282337,279873.1016743117,204.43398626698104,47.48493161429494,111504.77190473423,2.243389819222395,0.03747415885869741,8510.86162333142,0.8280629019060042,10642.117954838044,24.5734503576703,280.8457893856291,0.4569163848135459,,,0.00020786693740654043,2.034716300407245e-05,9.396625786743766e-05,9707.533857525306,69045.87606447037,6523708.477025334,293.62571341218677,8917328.489324296,0.1215149329497494,0.019904540976227007,0.12890411221702466,0.5735764363510408,0.8191520442889955,0.0019641102412314673,0.001085499519175921,0.002564110241231467,7.365413404618002e-05,two-phase,False,
0.31721577507297477,1.0120179674245369,2908.797706522947,3882.5310457924493,1.2585552296172802,4886.379751833535,8261249.606534075,1218.1289443510805,1050.2998150884828,280.8966766643943,3788945.088331974,279416.411982269,205.52434653652787,47.789827408868646,112553.46513671172,2.2442243632469117,0.03750842238607509,8574.724878484449,0.8272544765651583,10737.218493097105,24.612085049931725,280.8966766643943,0.454512600937077,,,0.00020465048784322712,2.0315223150969367e-05,9.313399002198699e-05,9821.973049301178,69950.45714885124,6597420.232629046,293.64530844484995,8883568.295439225,0.12177501193260612,0.019722431711900818,0.12922161003036708,0.5735764363510446,0.8191520442889928,0.001941225716153155,0.0010819748625142903,0.002541225716153155,7.279596435574331e-05,two-phase,False,
0.32392561543507187,1.0125317595831655,2908.601245916388,3947.9046965013895,1.257343592745119,4963.872674914386,8367368.590669303,1222.9478984897,1053.2301197677875,280.94883783520515,3793762.138907947,278958.10736704036,206.63563966220266,48.09984677903199,113622.83335075465,2.2450842302292435,0.03754357130339933,8640.090858864824,0.8264272104972037,10834.612707083255,24.650831084642817,280.94883783520515,0.452091680427554,,,0.00020145561046592465,2.0283291799905855e-05,9.229679242214521e-05,9939.142606839214,70878.93082473411,6672580.444498112,293.66541981815953,8849028.30598694,0.12203509091546284,0.019540322447574632,0.1295391078437095,0.573576436351047,0.8191520442889911,0.001918341191074844,0.0010783897487461735,0.0025183411910748438,7.193779466530665e-05,two-phase,False,
0.33088055049933374,1.0130756699157764,2908.393486050897,4015.006790613238,1.2561152931852428,5043.311431931888,8475771.513369497,1227.7969915126305,1056.1509566056263,281.0023233442862,3798706.25431314,278498.1717287347,207.76859686146744,48.415119397897165,114713.52650504363,2.245970608758697,0.0375796356563754,8707.013558953573,0.8255804582275846,10934.382323179436,24.689680475175443,281.0023233442862,0.44965320753699395,,,0.00019828242088491062,2.0251375893776002e-05,9.145464009248452e-05,10059.14142418151,71832.25175656419,6749229.660010818,293.6860689651675,8813679.759609738,0.12229516989831958,0.019358213183248426,0.12985660565705195,0.5735764363510542,0.8191520442889861,0.0018954566659965294,0.0010747426089188202,0.0024954566659965293,7.107962497486986e-05,two-phase,False,
0.3380949909362307,1.0136520837045286,2908.173554040294,4083.8999391658704,1.2548694506164708,5124.761273033714,8586525.374563733,1232.6759226197476,1059.0608174456138,281.0571941486179,3803783.027083024,278036.58884715586,208.92421149081815,48.73572649628557,115826.23964386659,2.246884892854441,0.037616646804072916,8775.550198645506,0.8247135327778754,11036.613606214409,24.728624176886985,281.0571941486179,0.44719623038635015,,,0.00019513104059343397,2.0219483155368315e-05,9.060750296059363e-05,10182.073229668636,72811.43131932965,6827409.850970875,293.70728154272194,8777484.912576199,0.1225552488811763,0.019176103918922233,0.13017410347039438,0.5735764363510408,0.8191520442889955,0.0018725721409182175,0.0010710318193168505,0.0024725721409182173,7.022145528443316e-05,two-phase,False,
0.34558464137657874,1.0142636388997788,2907.9404870477297,4154.649645617632,1.253605144582155,5208.29016968269,8699700.796976939,1237.5840910816119,1061.9578022070202,281.11350006687115,3808997.744683831,277573.3423250635,210.10325854060767,49.06181349395698,116961.67052959681,2.2478283247695634,0.03765463769240554,8845.765780340062,0.8238256217397127,11141.402675453579,24.767649685945003,281.11350006687115,0.4447203131745536,,,0.00019200159119800423,2.018762403134832e-05,8.975530542515724e-05,10308.046884991918,73817.52648055459,6907165.807644846,293.7290790803325,8740418.570838708,0.12281532786403303,0.018993994654596044,0.1304916012837368,0.5735764363510495,0.8191520442889895,0.0018496876158399056,0.001067255699051928,0.0024496876158399054,6.936328559399646e-05,two-phase,False,
0.3533666666426262,1.0149132613539322,2907.6932200644696,4227.3244688729865,1.2523213568355585,5293.968714643175,8815370.673658812,1242.5208042782938,1064.8398698052372,281.17129060115286,3814355.5454930165,277108.41561196797,211.30636184077676,49.3935753557089,118120.54215417938,2.248802174464842,0.03769364284311358,8917.728711408447,0.8229158714451017,11248.850480405821,24.80674333406208,281.17129060115286,0.4422254850772195,,,0.0001888942027998747,2.0155809783924807e-05,8.889797244099588e-05,10437.176706723098,74851.65029040612,6988543.788996927,293.75148315649784,8702455.142838208,0.12307540684688974,0.018811885390269855,0.13080909909707922,0.5735764363510495,0.8191520442889895,0.0018268030907615937,0.0010634125075240043,0.0024268030907615935,6.850511590355976e-05,two-phase,False,
0.3614598866453454,1.0156042063759554,2907.4305715430914,4301.996197186707,1.2510169058136613,5381.869971426651,8933608.459230168,1247.4855140332747,1067.7051276144002,281.2306256935288,3819862.672803504,276641.79212294513,212.5345823407545,49.73111997073265,119303.62653756507,2.2498079241015003,0.037733698355785036,8991.505510383526,0.821983485761811,11359.05669848276,24.845892917416315,281.2306256935288,0.4397107631251336,,,0.00018580902275773775,2.0124050347553145e-05,8.803547922545108e-05,10569.582812317618,75914.98328257432,7071589.817797654,293.7745195847441,8663563.34129188,0.12333548582974646,0.018629776125943666,0.13112659691042164,0.5735764363510495,0.8191520442889895,0.0018039185656832817,0.0010595004417460684,0.0024039185656832816,6.764694621312307e-05,two-phase,False,
0.3698850062642968,1.0163401080282544,2907.151226410363,4378.740033787488,1.2496904819076542,5472.069742972224,9054489.747566074,1252.4775521219917,1070.5515144100764,281.29156489760504,3825525.45796335,276173.4552772733,213.78883680033226,50.0746047034766,120511.72417919089,2.250847090120651,0.03777484210346808,9067.166359722381,0.8210276232070454,11472.126202728346,24.885084788973696,281.29156489760504,0.43717562670366084,,,0.00018274620883337595,2.0092356696391262e-05,8.71677997895609e-05,10705.391492792709,77008.77033056774,7156351.263295665,293.7982142388258,8623713.225970736,0.12359556481260318,0.018447666861617477,0.13144409472376406,0.5735764363510408,0.8191520442889955,0.0017810340406049698,0.0010555176335237666,0.0023810340406049697,6.678877652268637e-05,two-phase,False,
0.3786648882476588,1.0171250379795354,2906.853715855771,4457.634795135967,1.2483406605026361,5564.646764439566,9178093.340062533,1257.4959527153665,1073.3765864755221,281.3541995972342,3831351.2052264563,275703.3884877922,215.07047851263624,50.42410138997075,121745.73464704599,2.251921779904791,0.03781711357346673,9144.789436954818,0.8200473204194028,11588.174137649663,24.924301901263913,281.3541995972342,0.4346189017114391,,,0.00017970592605992902,2.0060742402363734e-05,8.629487166153528e-05,10844.735614510695,78134.34874582771,7242877.9573563095,293.8226056180447,8582841.093889212,0.12385564379545991,0.018265557597291284,0.13176159253710648,0.5735764363510518,0.8191520442889878,0.0017581495155266575,0.00105146214648062,0.0023581495155266573,6.593060683224965e-05,two-phase,False,
0.38782487945488825,1.0179635762488142,2906.5363931199745,4538.763122813534,1.2469659053622013,5659.682866663751,9304502.196191378,1262.5392972763054,1076.1773295542778,281.4185776769621,3837346.293037903,275231.57511021016,216.38022706959356,50.77984805524991,123006.49821075235,2.253033406979149,0.03786055461389954,9224.46354897094,0.819041444830753,11707.329015519523,24.963522090702817,281.4185776769621,0.43204057155655046,,,0.00017668834518805402,2.0029224970070043e-05,8.541657953529583e-05,10987.755052754434,79293.09878524541,7331223.136917937,293.8477155520828,8540932.927072221,0.12411572277831665,0.01808344833296508,0.13207909035044893,0.5735764363510336,0.8191520442890005,0.0017352649904483438,0.0010473319729188922,0.0023352649904483437,6.507243714181289e-05,two-phase,False,
0.39739320383487053,1.0188608968779715,2906.197404276827,4622.211710127868,1.2455643047826506,5757.261915283644,9433795.09841576,1267.606831669365,1078.9515349597311,281.48478950780583,3843518.784464753,274757.9988213956,217.7194981543071,51.14193838614015,124294.98118869944,2.2541841692401894,0.03790520884251472,9306.262881811766,0.8180091562073534,11829.703435557827,25.002730543356233,281.48478950780583,0.42943943297817433,,,0.0001736936784733256,1.9997815803876705e-05,8.453297290565976e-05,11134.597160068928,80486.51156634754,7421435.172678485,293.87358269775496,8497932.211759387,0.12437580176117337,0.017901339068638892,0.13239658816379135,0.570887967011391,0.8210279709739499,0.001712380465370032,0.0010431250305054133,0.0023123804653700317,6.42142674513762e-05,two-phase,False,
0.40730526564384745,1.0198135145771117,2905.838178183915,4707.253436433514,1.2441454042329791,5856.507729498655,9564727.185559573,1272.6588796434246,1081.6824659237313,281.55287131221064,3849874.016451288,274282.68672646343,219.08898458994213,51.50410198931301,125600.99934861837,2.2553753799824903,0.03795068005757057,9389.254065657206,0.8169634649856098,11953.972518918568,25.041645193940703,281.55287131221064,0.42681550073374813,,,0.00017075022286115976,1.9966739250861377e-05,8.365419933979121e-05,11283.981407055406,81704.89943658377,7512620.049258871,293.9002248412115,8453833.397832327,0.12463706672634321,0.01772094060226071,0.13271408597713377,0.562075256703779,0.8270860933429971,0.0016897109255023294,0.0010388797958641898,0.002289710925502329,6.336415970633735e-05,two-phase,False,
0.41745424060317077,1.0208132175424358,2905.4619175188204,4792.838231896518,1.2427228975414217,5956.169814989745,9695556.81740926,1277.6445250380532,1084.351287530968,281.6228589376298,3856415.366261045,273805.70046912564,220.48958075952692,51.85764886830251,126910.39255925185,2.2566083895315603,0.0379963989048422,9472.114062490597,0.8159226240443629,12078.252709199895,25.079917286433442,281.6228589376298,0.4241683042503022,,,0.0001678931311668322,1.993626989633122e-05,8.279343246712409e-05,11434.071258146776,82934.1260550163,7603535.236839937,293.92765982866064,8408618.685339967,0.12490097794504704,0.01754443724095565,0.1330315837904762,0.5496664146917245,0.8353842424656723,0.001667530858973934,0.00103464916659741,0.002267530858973934,6.253240721152252e-05,two-phase,False,
0.4278402907016364,1.021861745323723,2905.0680715522326,4878.853174742024,1.2412971072320282,6056.106332417072,9826090.947102092,1282.5584246351896,1086.956016773313,281.6947878453385,3863145.6865207483,273327.0767016722,221.92202026759387,52.20158850720031,128221.95647215424,2.2578845869874145,0.038042304094794574,9554.722231832377,0.8148881274131022,12202.36439320857,25.11751019455932,281.6947878453385,0.4214978406786618,,,0.00016512259612206756,1.990643165373551e-05,8.195133072378716e-05,11584.681982695503,84172.89177184964,7694047.36647078,293.95590556843604,8362267.710393915,0.12516751100396672,0.017371918691798903,0.13334908160381861,0.5370490176633733,0.8435510373574356,0.001645851538708382,0.0010304383506974334,0.002245851538708382,6.171943270156433e-05,two-phase,False,
0.43846592349361324,1.0229611249953434,2904.655991760356,4965.200839406165,1.2398678703889139,6156.192990807769,9956158.183058437,1287.3970465121067,1089.496148304535,281.76865043852723,3870067.4359693984,272846.8537760307,223.3869173309726,52.53511302926692,129534.64370656681,2.259204636820966,0.038088343355449195,9636.959650791803,0.8138615044214367,12326.135001423516,25.154403727404414,281.76865043852723,0.4188038514787497,,,0.00016243805246085821,1.9877235231589927e-05,8.112843157117071e-05,11735.65695124215,85420.07271641045,7784037.30576974,293.98496323490355,8314811.848675297,0.12543660780785068,0.01720342706029011,0.13366657941716104,0.5243023584317271,0.8515321702337081,0.0016246782558388068,0.0010262516101986136,0.0022246782558388066,6.0925434593955255e-05,two-phase,False,
0.4493335562775076,1.0241134402489185,2904.2250198137426,5051.778241114294,1.238435136383013,6256.299675011119,10085585.599489756,1292.1562054355645,1091.9704766743819,281.8445028478236,3877183.7163851024,272365.0721231871,224.88539808644555,52.857280325287334,130847.51961829027,2.2605703819670553,0.03813446119961462,9718.719318931548,0.8128440360884842,12449.404074592727,25.190570931061888,281.8445028478236,0.41608572492858714,,,0.00015983889070950277,1.9848696616219286e-05,8.032512994263256e-05,11886.830527719088,86674.51588158337,7873386.9525964055,294.01485924408115,8266207.032690211,0.12570820864991966,0.01703900226082743,0.13398407723050346,0.5114331855508166,0.8593230456105223,0.0016040160261564093,0.001022093313087219,0.002204016026156409,6.015060098086535e-05,two-phase,False,
0.4604455123138702,1.0253208312220716,2903.7744885181855,5138.476846230248,1.2369987976724883,6356.289680654737,10214192.620226437,1296.831895685583,1094.3781232142983,281.9223262230295,3884495.906471676,271881.7743344879,226.4178489815666,53.16731010002475,132159.445395091,2.261982362694524,0.03818059999937007,9799.884413475422,0.8118371375128743,12571.99795736851,25.225987383552354,281.9223262230295,0.41334372443292694,,,0.00015732448491821943,1.9820829702230247e-05,7.95418519308536e-05,12038.027988983526,87934.92504383455,7961972.901572487,294.04559066911,8216492.051035069,0.1259822524560294,0.0168786821555395,0.1343015750438459,0.4984477880087757,0.8669197209829517,0.001583869607556597,0.0010179679291604476,0.002183869607556597,5.939511028337239e-05,two-phase,False,
0.47180401811452094,1.0265854943215098,2903.303722800795,5225.182616687125,1.2355586709111428,6456.019689141952,10341790.332613336,1301.420390566437,1096.718659302237,282.0021440739808,3892005.8162753284,271397.0052786269,227.9851944561704,53.464285368177485,133469.34770533166,2.2634419199768305,0.03822669909673667,9880.327220164265,0.8108423782886037,12693.728602906634,25.26063230814991,282.0021440739808,0.41057739675257504,,,0.00015489419923576884,1.9793645459883585e-05,7.877905943026213e-05,12189.06549612413,89199.95469262834,8049665.762127115,294.0771714320382,8165655.804293543,0.12625867699337343,0.016722502680160043,0.13461907285718833,0.4853520465361525,0.8743188153775305,0.0015642435158568528,0.001013880025031218,0.0021642435158568526,5.8659131844631975e-05,two-phase,False,
0.4834112019944039,1.0279096820768887,2902.812040728117,5311.776090699771,1.2341146727614645,6555.340811956119,10468188.728708358,1305.9173820071403,1098.9910249810205,282.08394773070677,3899714.34816551,270910.8118860666,229.587936825463,53.747380166461205,134776.0463570319,2.2649498477134133,0.038272695405322174,9959.930039933977,0.8098611154723372,12814.417967762,25.294478864736867,282.08394773070677,0.40778693744105454,,,0.00015254736995155545,1.976715957161118e-05,7.803709872081276e-05,12339.75012219164,90468.14724116668,8136337.338540064,294.1096028896698,8113721.564440131,0.12653741904916457,0.0165704979584165,0.13493657067053075,0.47215147778213123,0.8815174314942102,0.0015451420391712333,0.001009834258272646,0.002145142039171233,5.7942826468921256e-05,two-phase,False,
0.49526909414185427,1.029295703075582,2902.2987545381848,5398.132501857108,1.2326665771670322,6654.097514158309,10593187.32329942,1310.319180935652,1101.1950247425839,282.1677601096426,3907622.824032734,270423.24338598293,231.2270447538257,54.01565355092096,136078.40594223444,2.2665075601096003,0.03831852298479815,10038.556012343868,0.8088950053204609,12933.86408576631,25.32750763025086,282.1677601096426,0.40497187902353887,,,0.00015028334013324,1.9741381872206257e-05,7.731641475191454e-05,12489.879941025945,91737.98682940632,8221851.071654565,294.1428990653874,8060676.470153807,0.12681841458380907,0.016422700406203382,0.13525406848387317,0.458851272539587,0.8885130892051065,0.0015265692510011823,0.0010058353706985845,0.002126569251001182,5.724634691254433e-05,two-phase,False,
0.5073796285228747,1.0307459220437916,2901.763171663052,5484.121938545058,1.2312142308581426,6752.1289744980195,10716584.184126131,1314.6216605039224,1103.3299961412413,282.25354031716745,3915730.494611038,269934.3511334084,232.90259875619458,54.268369049085585,137375.10774887534,2.2681153219529118,0.03836411381359012,10116.074962774426,0.8079455512218052,13051.8712454986,25.359694658212252,282.25354031716745,0.4021330681182261,,,0.00014810143641759213,1.971632571838102e-05,7.661736629105082e-05,12639.244181792268,93007.81586139704,8306070.977285476,294.1770487637595,8006573.292418114,0.12710159886233655,0.01627914082664177,0.1355715662972156,0.4454563289774819,0.8953036685806138,0.001508529022181054,0.0010018881807798991,0.002108529022181054,5.6569838331789526e-05,two-phase,False,
0.5197446470065028,1.0322627601583965,2901.2045957118326,5569.609545456834,1.2297572602767386,6849.267775432168,10838164.109594204,1318.821709694451,1105.396633578407,282.34132137233394,3924038.7786686155,269444.1889931834,234.61609844467787,54.50445872410771,138664.9840425993,2.2697748134023645,0.038409396873413215,10192.327888219646,0.8070147208661499,13168.208683987677,25.391027865210276,282.34132137233394,0.3992690028107789,,,0.00014600100810584866,1.9691995245496898e-05,7.594047330188375e-05,12787.623453689135,94275.95719578181,8388849.61214529,294.21207030575823,7951387.895280677,0.1273869065672359,0.01613984849698255,0.135889064110558,0.431931256679513,0.9019065303584716,0.0014910250317987017,0.000997997575200199,0.0020910250317987015,5.5913438692451314e-05,two-phase,False,
0.5323634496193491,1.03384838331331,2900.6224418907946,5654.439491865742,1.2282957513450508,6945.324004096358,10957692.882292183,1322.9144939492262,1107.3941289471525,282.4310515375568,3932545.9351325394,268952.8135904058,236.36757202811117,54.72308113362301,139946.4304613277,2.2714861522331486,0.03845429067848103,10267.162100007465,0.806104265839296,13282.646438795307,25.42147903792467,282.4310515375568,0.3963805835611047,,,0.00014398176376079777,1.9668407147124766e-05,7.52862017827448e-05,12934.761821451808,95540.3464025876,8470029.642285325,294.2479483364411,7895180.193174942,0.1276742836904591,0.016004876843439483,0.13620656192390046,0.41824116275204504,0.9083360225047873,0.001474063993590151,0.0009941692310822443,0.002074063993590151,5.527739975963066e-05,two-phase,False,
0.5452347783890541,1.0355049225289616,2900.0161558251148,5738.450376901878,1.2268297289536305,7040.10152050839,11074928.45526634,1326.8955945655691,1109.3222658910267,282.5227107423413,3941250.2491605035,268460.28404285153,238.15751291700585,54.923287093594325,141217.88463318834,2.273250073397324,0.03849871069730987,10340.411727229046,0.8052161311022129,13394.937607670468,25.45102500093844,282.5227107423413,0.39346804923059187,,,0.0001420434062047143,1.9645574195206826e-05,7.465506964566678e-05,13080.393455437112,96798.84650239754,8549447.816127224,294.2846801562604,7837971.552230098,0.12796367383087318,0.015874277381223233,0.13652405973724288,0.40449728008989255,0.9145392011280211,0.0014576523811476974,0.000990408902412823,0.0020576523811476973,5.466196429303865e-05,two-phase,False,
0.558363912577551,1.0372354110913535,2899.3848727928266,5821.520244390093,1.2253584402391906,7133.448966486715,11189686.112070847,1330.7627147539133,1111.1819462473968,282.6162788226316,3950149.896437151,267966.6602704654,239.98663932468622,55.104402910278125,142478.30004774532,2.275067336465657,0.038542593688775405,10411.9446792815,0.8043518429768977,13504.887484475556,25.4796587792678,282.6162788226316,0.39053115316292725,,,0.00014018464345901232,1.9623496701095474e-05,7.404726630633114e-05,13224.320466431107,98049.84778087173,8626979.892378608,294.3222630868835,7779782.973018937,0.12825498975941052,0.0157480327134855,0.1368415575505853,0.390743947463928,0.9204994120151881,0.001441788008318907,0.0009867204329387354,0.002041788008318907,5.406705031195901e-05,two-phase,False,
0.5717522263119535,1.0390424621641328,2898.72790408791,5903.497303819551,1.2238815742274194,7225.1815736459985,11301742.000474675,1334.5122666985303,1112.9734582197427,282.7117145543766,3959242.7760363263,267472.00503957976,241.85551458845438,55.265610470131065,143726.22803228407,2.2769383128576766,0.03858586064863799,10481.604793228222,0.8035132004220129,13612.263947728994,25.50736387470644,282.7117145543766,0.38756976925788267,,,0.00013840482620499408,1.9602182430768906e-05,7.34631655571765e-05,13366.29265929862,99291.28003673296,8702475.472036922,294.36068601651243,7720659.2292534225,0.12854816417139778,0.015626166345050898,0.13715905536392772,0.3769180972551667,0.9262465913359923,0.0014264738288071546,0.00098310887771319,0.0020264738288071544,5.34927685802683e-05,two-phase,False,
0.5854010468903997,1.040928747907342,2898.0445621585623,5984.226528183095,1.2223988528528433,7315.111643262569,11410872.72541769,1338.1404510671837,1114.6968378105832,282.80896631067986,3968524.612741749,266976.3831888403,243.76419024098524,55.40622499322651,144960.17331172878,2.2788631780289004,0.038628430987252146,10549.240873096966,0.8027018975182486,13716.839872714765,25.534121470533073,282.80896631067986,0.3845848047060033,,,0.00013670331346494612,1.9581641004450095e-05,7.290308914294304e-05,13506.053569783699,100520.99010371532,8775785.535860416,294.3999336005358,7660644.170223507,0.12884312958568422,0.015508700610876273,0.13747655317727014,0.3629227053022566,0.9318192474810183,0.0014117126493058936,0.0009795793046956415,0.0020117126493058935,5.293922434897102e-05,two-phase,False,
0.59930354434306,1.042895838516569,2897.33458019845,6063.504592963612,1.2209105501129711,7402.9967282077305,11516779.803446729,1341.642983096401,1116.3531167626404,282.90798261673643,3977991.7252990673,266479.8637540899,245.71315441450682,55.525160696316654,146178.074165929,2.280842112467947,0.038670198316549276,10614.623637207878,0.8019207400037852,13818.28188996372,25.559915301261118,282.90798261673643,0.3815762009511667,,,0.0001350804325212907,1.956188015909936e-05,7.236789696165516e-05,13643.26238406436,101736.11521506551,8846706.421221003,294.439990477884,7599784.954947197,0.12913984234580567,0.015395720961673272,0.13779405099061257,0.34878202295681604,0.9372038734779914,0.0013975152078682415,0.0009761387505531355,0.0019975152078682413,5.240682029505906e-05,two-phase,False,
0.6134613522518677,1.044946500606559,2896.597280597998,6141.17844491168,1.2194162036375054,7488.6525051546805,11619245.979861677,1345.0169432991615,1117.9431437437597,283.0087017337545,3987639.2843131544,265982.5165285401,247.70281889505935,55.62175080405458,147378.46952389847,2.2828750892002696,0.03871108327775072,10677.596108799891,0.8011715125337686,13916.35725541484,25.584735012607222,283.0087017337545,0.3785439644298004,,,0.00013353537225978477,1.954290320980922e-05,7.185788505184438e-05,13777.664466042854,102934.45610018107,8915092.74910904,294.48083703308464,7538133.844093949,0.1294382269261101,0.015287234118767468,0.138111548803955,0.33467096818462283,0.9423350481937766,0.0013838823491208805,0.0009727919276039379,0.0019838823491208804,5.1895588092033015e-05,two-phase,False,
0.6278808181096942,1.047084276383329,2895.831734505763,6217.117215752534,1.2179149872637955,7571.920234640772,11718091.403851308,1348.259779079949,1119.4674004046303,283.1110621806099,3997461.0684545785,265484.41221843986,249.73314854244236,55.69562016522011,148560.17005822036,2.2849620774337245,0.03875101836436725,10738.038356928897,0.8004554637737212,14010.88372060927,25.608570249799595,283.1110621806099,0.37548908036040796,,,0.00013206689571624127,1.952471360652838e-05,7.137308537712384e-05,13909.042583884362,104114.09701252535,8980826.439910129,294.52245361762033,7475734.308051229,0.12973819795887423,0.015183214536566625,0.13842904661729744,0.32054936460986116,0.9472318115689603,0.0013708108629100148,0.000969542513349653,0.0019708108629100146,5.140540735912556e-05,two-phase,False,
0.6425608579365031,1.0493117031554873,2895.037402308026,6291.1473674116905,1.2164066365352688,7652.593409140965,11813072.507823268,1351.3682334073703,1120.9268998391763,283.21498196470003,4007451.3028328805,264985.62477694754,251.80437441876794,55.74607147290852,149721.42150056528,2.287102610903905,0.038789913346748674,10795.768131135794,0.7997747152505612,14101.592988907858,25.63140979291253,283.21498196470003,0.37241169538990276,,,0.00013067465453025473,1.950731559597075e-05,7.091397410112374e-05,14037.104653539654,105272.46677921602,9043743.626061914,294.56481206401986,7412656.444707999,0.1300396919427566,0.01508369447137983,0.13874654443063986,0.30618468957957734,0.9519721297743217,0.0013583048026829902,0.0009663959411521779,0.00195830480268299,5.0936430100612137e-05,two-phase,False,
0.6574851502059434,1.0516289587371304,2894.214607069773,6363.0246859925965,1.2148921423289332,7730.388692457433,11903848.156520065,1354.3375542981976,1122.3230079348634,283.320379539133,4017602.340642478,264486.23304600996,253.9164964192401,55.77201753013971,150859.6363308343,2.2892962021155157,0.038827640184386274,10850.516852709767,0.7991325600715333,14188.093998324644,25.653236711026487,283.320379539133,0.3693124528448423,,,0.00012935960140991404,1.949071790169409e-05,7.048163059238837e-05,14161.435289485516,106405.95386395461,9103612.158875663,294.6078841418445,7348958.31770812,0.130342672429858,0.014988796210159501,0.13906404224398228,0.29178240296593966,0.9564847250842127,0.001346379535471461,0.0009633605313519742,0.0019463795354714608,5.048923258017979e-05,two-phase,False,
0.6726710085497717,1.0540414371915385,2893.3618445419884,6432.670886954906,1.213369614036188,7805.2073913262975,11990318.253654707,1357.1671411213972,1123.6567116694875,283.4271634682925,4027906.403208342,263986.3127607802,256.06941133456814,55.7735691880845,151974.16708165145,2.291542121298125,0.038864159527532444,10902.221974287579,0.7985294905675945,14270.288731602184,25.674052935875462,283.4271634682925,0.36619207229224904,,,0.0001281195937357502,1.9474915053296024e-05,7.007566691944053e-05,14281.905030020605,107513.25762383701,9160369.043844793,294.6516373065229,7284708.405607376,0.13064703246003123,0.014898420968414728,0.1393815400573247,0.2774734632294671,0.9607333018082831,0.0013350226476501895,0.0009604375155023523,0.0019350226476501893,5.0063349286882104e-05,two-phase,False,
0.6881149692265636,1.0565514155792497,2892.4787513281863,6499.904643087753,1.2118389156832075,7876.837394723709,12072236.460940521,1359.8539355579514,1124.9293011287696,283.53524287868913,4038355.1742250193,263485.9442124418,258.2632456122998,55.75011275259601,153063.13211421232,2.2938396054771797,0.03889937684614483,10950.693751994135,0.797967732464146,14347.898398579364,25.693849626016387,283.53524287868913,0.3630507954493545,,,0.0001269545059632498,1.9459909950345604e-05,6.969661843291374e-05,14398.20506273711,108591.58248959447,9213848.656644147,294.6960389313198,7219970.9189468175,0.13095271049030457,0.014812608528296802,0.13969903787066712,0.26292199453885934,0.9648170939549672,0.001324239138391746,0.000957632449808914,0.0019242391383917459,4.9658967689690475e-05,two-phase,False,
0.7037974288913812,1.0591584547219748,2891.565940329377,6564.484739164009,1.210301274027437,7945.004243143868,12149281.20738595,1362.393540217677,1126.142135639547,283.6444965366235,4048938.277659744,262985.21186268213,260.4973452120474,55.700843556932085,154123.85498757655,2.2961871875388287,0.038933165732250724,10995.679456536624,0.797450353485948,14420.552228873055,25.712611590777037,283.6444965366235,0.35989005706813987,,,0.00012586525688302165,1.9445710453594962e-05,6.93454719437016e-05,14509.921872652383,109637.20478192282,9263833.982464623,294.7410435415446,7154832.7147623245,0.13125966307225595,0.014731473198219845,0.14001653568400954,0.24835995615195205,0.9686678131228478,0.0013140433721150918,0.0009549533138699617,0.0019140433721150918,4.9276626454315946e-05,two-phase,False,
0.7197406498165069,1.0618690621385056,2890.621619425723,6626.348090934454,1.2087542678778904,8009.626535361534,12221371.86931824,1364.786199339361,1127.296757249193,283.7548349275974,4059646.502140377,262484.19698586623,262.77180596703846,55.62601724982923,155155.81826017817,2.298584012553255,0.038965494585486586,11037.120337015938,0.7969778565647057,14488.161816169833,25.730347761476786,283.7548349275974,0.35671012903752825,,,0.000124849766163893,1.9432306342497047e-05,6.902186852192166e-05,14616.94901149126,110648.95066716695,9310273.7059812,294.7866183071691,7089350.167295688,0.13156778703489977,0.014654907011248063,0.14033403349735196,0.23381518475252236,0.9722810598685669,0.0013044217812949346,0.0009524006656067992,0.0019044217812949347,4.891581679856005e-05,two-phase,False,
0.7359265004276013,1.0646830296472056,2889.646376822031,6685.2706759422645,1.20719891898552,8070.451533123098,12288215.139913052,1367.0283312914648,1128.394861498157,283.8661177866242,4070468.502664371,261982.9869416071,265.08598027955657,55.52500579571095,156156.4538560891,2.3010280499666163,0.0389962460499354,11074.779954042246,0.7965531317486376,14550.3811817095,25.74704870728421,283.8661177866242,0.3535121250006799,,,0.00012390880434579856,1.941970148440908e-05,6.872672183028759e-05,14718.900591384097,111623.25298242457,9352970.001468964,294.83270900290586,7023624.977765851,0.1318770332393642,0.014583007362936964,0.1406515313106944,0.2191102398913633,0.975700109036967,0.0012953866050177411,0.0009499817309646249,0.001895386605017741,4.8576997688165295e-05,two-phase,False,
0.7523543286028228,1.0676030542367818,2888.6398131423302,6741.106299636682,1.2056348218427524,8127.312492585526,12349629.536541881,1369.1178865757886,1129.4375565546648,283.9782161370723,4081392.386973736,261481.66886366648,267.4392826943389,55.39771211986446,157124.1081806439,2.303517412858171,0.03902534411239518,11108.522057149363,0.7961777122524467,14607.005856061753,25.762709721430756,283.9782161370723,0.3502971155934795,,,0.0001230419035704965,1.9407896351216276e-05,6.846029979408892e-05,14815.524392244035,112557.63983396828,9391803.731451778,294.8792655069165,6957741.819068881,0.13218732829297933,0.014515778366674689,0.14096902912403683,0.20447594710047523,0.9788715886454993,0.0012869383601871098,0.0009477005185877794,0.0018869383601871099,4.826018850701662e-05,two-phase,False,
0.7690385181519085,1.0706346267070304,2887.6006068975303,6793.75867580396,1.2040601147275036,8180.093850619489,12405487.230171692,1371.0547754298132,1130.4270260667918,284.09103266686293,4092406.972110151,260980.3302688805,269.83165285903146,55.24427376918294,158057.7628007603,2.3060508265161928,0.03905273903985262,11138.234606773465,0.7958529080322213,14657.875036527703,25.77734127300555,284.09103266686293,0.34706549460005204,,,0.00012224798617980023,1.9396880178779652e-05,6.82227128767288e-05,14906.653702135469,113450.37041056069,9426688.850645086,294.92625034809134,6891752.806345444,0.13249858887952912,0.014453170947545413,0.14128652693737925,0.18968238128550258,0.9818455042570909,0.00127907087986724,0.0009455590432239572,0.0018790708798672399,4.7965157995021504e-05,two-phase,False,
0.7859385472239924,1.0737732045827404,2886.530902089966,6842.968435423569,1.202477800209966,8228.517631134366,12455478.6378997,1372.834365696616,1131.364182844729,284.2043993184777,4103497.8823835347,260479.06417892384,272.26152125869027,55.06411145706102,158954.2725757933,2.30862532500171,0.039078294357222515,11163.68067690007,0.7955816115669985,14702.632112745632,25.79092476510782,284.2043993184777,0.34381964125340125,,,0.00012152857231736187,1.938666428419205e-05,6.801503243307744e-05,14991.838752057509,114297.23689033854,9457421.305598859,294.973596047967,6825771.320024976,0.13281077139925254,0.014395335616281476,0.14160402475072167,0.1748780666530409,0.9845900983676885,0.0012718030777945713,0.0009435659870360988,0.0018718030777945714,4.7692615417296425e-05,two-phase,False,
0.8030969383975776,1.077029558721914,2885.4276460057536,6888.731871373698,1.2008836270080963,8272.565315181517,12499590.919713154,1374.458503607524,1132.2510343353651,284.3181901147261,4114653.2823584485,259977.95909564005,274.72871796328474,54.85801320898813,159813.52943881488,2.3112387615709133,0.039102009593514675,11184.8391461717,0.7953639776701732,14741.251037636019,25.803479465919896,284.3181901147261,0.3405597095740619,,,0.00012088148741054188,1.937723168925253e-05,6.783684759501695e-05,15071.071638918249,115097.75643301196,9483992.469363714,295.02125201431363,6759876.291812971,0.13312377586408858,0.01434212830011512,0.1419215225640641,0.16007050711533874,0.9871055833860115,0.001265116849251153,0.0009417197194207044,0.001865116849251153,4.744188184691824e-05,two-phase,False,
0.8204671670130231,1.0803977476577862,2884.2934972036824,6930.80401647875,1.1992808910247648,8311.980816400654,12537537.82117782,1375.9240605900204,1133.0897076440137,284.4322699023372,4125859.3250965155,259477.11044556697,277.23241381971644,54.62538105111381,160632.56842666463,2.3138886603311635,0.03912375544432096,11201.472100155588,0.7952030514423634,14773.378825902817,25.8150003676899,284.4322699023372,0.3372869377555799,,,0.00012030826611472272,1.9368583880626277e-05,6.768932224540643e-05,15143.926244622082,115847.91767184423,9506212.611452917,295.06916321966,6694144.992901637,0.1334375545442867,0.0142936955307976,0.14223902037740652,0.14517372678703755,0.989406180014438,0.0012590306079599159,0.0009400284418053794,0.001859030607959916,4.721364779849685e-05,two-phase,False,
0.8380807818976391,1.0838867237810301,2883.1261089566847,6969.15159535903,1.1976665190447657,8346.719531908924,12569284.924420701,1377.2309034967186,1133.8805216952176,284.5464944570751,4137101.5833795513,258976.60992178688,279.7713505519644,54.36704840252618,161410.7923736213,2.31657220193719,0.03914351545213613,11213.565758292616,0.7950988480766441,14798.988997642542,25.82548839942518,284.5464944570751,0.3340031616520851,,,0.00011980754788477917,1.9360718073046355e-05,6.757218348897337e-05,15210.34255709877,116546.75552201063,9524062.965190403,295.11727018314104,6628660.700923747,0.1337520205336813,0.014249947129367294,0.14255651819074897,0.13030647621339703,0.9914737627677535,0.0012535330216983261,0.0009384919101326435,0.001853533021698326,4.7007488313687235e-05,two-phase,False,
0.8559100490951531,1.0874938888629218,2881.927050980138,7003.6092450531905,1.1960421128508172,8376.611599034935,12594645.420356056,1378.378119356392,1134.626060897262,284.6606903278715,4148365.1310996916,258476.5533120652,282.3441702526729,54.08304173628533,162145.94496003492,2.3192857249972754,0.03916120271318289,11220.95113035987,0.7950536136570189,14817.833592348497,25.83495191788872,284.6606903278715,0.33070996575513106,,,0.00011938001281033603,1.9353626110439495e-05,6.748624849697133e-05,15270.031543772158,117191.33293206742,9537419.88565735,295.1655003850682,6563534.965716994,0.13406711153699455,0.014210954709632293,0.1428740160040914,0.1153540104942459,0.9933244446115747,0.001248633089722919,0.0009371152935549744,0.0018486330897229191,4.682374086460946e-05,two-phase,False,
0.8739613833050695,1.0912233372658797,2880.695679704046,7034.098763253048,1.1944065069443213,8401.573333318443,12613533.08381544,1379.3657997643609,1135.3279948271456,284.7747461134573,4159637.1822576104,257977.03565497554,284.9506527347075,53.773714229196806,162836.90403924708,2.3220268876667487,0.03917677629888331,11223.5509668403,0.7950683719205922,14829.798255301692,25.843399728703062,284.7747461134573,0.3274075424040764,,,0.00011902532541545063,1.9347299707037897e-05,6.74318006748674e-05,15322.854969579257,117780.04919076843,9546227.736949673,295.2138068011062,6498821.502271184,0.13438275285385876,0.014176700665862348,0.1431915138174338,0.10042075025042878,0.9949450602516406,0.0012443285996323835,0.0009359003826112846,0.0018443285996323834,4.666232248621438e-05,two-phase,False,
0.8922329463655955,1.0950775497754306,2879.4319272211546,7060.531708568473,1.1927594441987937,8421.515876460091,12625866.153205423,1380.1927951668679,1135.9865651226867,284.8884907845594,4170900.705502251,257478.1526993732,287.58846707494877,53.439753713431706,163482.19739616328,2.3247917734962846,0.039190190040766786,11221.313788090756,0.7951437573958894,14834.795817184959,25.85082729241013,284.8884907845594,0.32409904289964814,,,0.00011874346788268968,1.934174076304325e-05,6.74090841777261e-05,15368.656851308626,118311.07494636092,9550438.556587918,295.26211651632826,6434615.73965511,0.13469887291299407,0.014147190433702253,0.14350901163077623,0.08542523476938785,0.9963445835977606,0.0012406202344899878,0.0009348495104651473,0.0018406202344899878,4.652325879337454e-05,two-phase,False,
0.9107002867830422,1.099054090809256,2878.137354618293,7082.8041771326325,1.1911021222547595,8436.343086897554,12631543.397561988,1380.8602444471835,1136.6049510747698,285.0017848912721,4182143.2484961646,256980.0012508913,290.2572587009132,53.081375379120324,164080.21279023323,2.327577060415564,0.03920138919624754,11214.127481914838,0.795281446571597,14832.663732535055,25.857256199362663,285.0017848912721,0.3207844376363315,,,0.00011853477148802726,1.9336931813063913e-05,6.741877373020508e-05,15407.254505617613,118782.38955497248,9549986.46958405,295.3103692707117,6371001.575967874,0.13501540269729165,0.01412245812538813,0.14382650944411865,0.07044271374819344,0.9975158264808585,0.001237512280965749,0.0009339657617343863,0.001837512280965749,4.640671053621559e-05,two-phase,False,
0.9293965924374326,1.103162918771508,2876.8095195891347,7100.892130125631,1.1894314962993298,8446.024751395466,12630545.122086419,1381.366930458718,1137.182115162646,285.11449009900855,4193348.6442525377,256482.67729965638,292.95515295164734,52.69954706104081,164630.20203566164,2.3303792990733574,0.039210361499313666,11202.00321085803,0.7954812680880294,14823.406911092408,25.862675176529702,285.11449009900855,0.31746623622554865,,,0.00011839889527138532,1.933288016754541e-05,6.7460874952552e-05,15438.603869749748,119193.14837132623,9544864.271831043,295.3585046190564,6308041.31782138,0.13533226684081126,0.014102461331704466,0.14414400725746107,0.055416437191254636,0.9984633285649642,0.0012349994097604713,0.0009332492017537913,0.0018349994097604711,4.631247786601768e-05,two-phase,False,
0.948246204807949,1.107389963746394,2875.453763647619,7114.681137321766,1.1877528162418314,8450.482557516563,12622803.746401247,1381.7161385491004,1137.722968733275,285.2264491139751,4204502.882404845,255986.2777932675,295.6808723145143,52.29457157754778,165130.2622750214,2.333194403827803,0.03921704645430809,11184.835196012109,0.7957450296963542,14806.868363566135,25.86712520667968,285.2264491139751,0.3141456257176418,,,0.00011833643738019631,1.932955425100292e-05,6.753622544930606e-05,15462.504541363134,119541.15727976928,9535033.077115772,295.40645333213536,6245827.691147966,0.1356493977874041,0.014087270304177633,0.1444615050708035,0.04040095808144307,0.9991835479961134,0.00123309044894132,0.000932703636588747,0.00183309044894132,4.62408918352995e-05,two-phase,False,
0.9673479701576159,1.1117601352712305,2874.0629412095104,7124.202197961492,1.186057901115067,8449.716306033553,12608317.146300899,1381.904306570158,1138.223597600332,285.33753589743765,4215591.798678602,255490.89920051544,298.4330980510947,51.867600119592545,165580.20071474163,2.336018907294217,0.039221460860690865,11162.679471946685,0.7960718885546767,14783.120175661927,25.870568908805428,285.33753589743765,0.31082411117989195,,,0.0001183471685654045,1.9326981241213358e-05,6.764471830827311e-05,15479.008592165334,119826.41305936273,9520493.732880352,295.45415888514594,6184418.118608623,0.1359667198805887,0.01407680787622464,0.14477900288414594,0.02535596720161879,0.9996784857779377,0.0012317757014694867,0.0009323272814548022,0.0018317757014694866,4.619158880510575e-05,two-phase,False,
0.9863999386424747,1.1162057298073944,2872.6592893955126,7129.341015589824,1.1843693492001772,8443.77297886025,12587217.467266731,1381.9492124216326,1138.7008414349461,285.4476054013975,4226600.951289103,254996.6323250835,301.21021934108506,51.41896165166882,165978.03636000116,2.338848703070396,0.0392235440002948,11135.44509547458,0.7964643420983178,14752.030154353639,25.873179368497503,285.4476054013975,0.3075033812672606,,,0.00011843046970869426,1.9325031256451873e-05,6.778728009208134e-05,15487.916717390008,120046.75589253908,9501354.562387593,295.5015559752713,6123887.8418261465,0.13628416441293262,0.014071170005965195,0.14509650069748836,0.009234574872332897,0.9999573604043961,0.0012310672257979278,0.0009321242685003403,0.001831067225797928,4.616502096742229e-05,two-phase,False,
1.0122935786357468,1.1223867587733432,2870.7261690890286,7129.54686505001,1.1821625945620506,8428.283620039254,12552762.159343187,1381.364547525002,1138.7572577926112,285.5564937347479,4237512.5759522375,254503.82109902523,304.00935130530587,50.946701131766524,166316.61764623114,2.341679021737361,0.03922300221411715,11102.586621879065,0.7969039200490079,14712.55381868349,25.87053788282613,285.5564937347479,0.30418683483420156,,,0.00011864811924724273,1.9327004419646005e-05,6.796916513094407e-05,15488.273562213633,120193.54552080238,9472735.388805829,295.5485704931712,6064314.108997487,0.13660165208029026,0.014070944297267006,0.14541399851083078,-0.02366497544107104,0.9997199452533562,0.0012310388624064048,0.0009321161379775046,0.0018310388624064046,4.616395734024018e-05,two-phase,False,
1.051356971267368,1.1320145704276015,2867.757116291462,7115.662085953308,1.1789639689553943,8389.109214600932,12486021.866403261,1379.396249005123,1137.9492950468045,285.66369991168784,4248276.512864094,254013.36839433873,306.82194821509285,50.40123430634203,166487.79545585983,2.344495995564119,0.03921494916290539,11054.23074172188,0.7974927134649896,14650.044465932568,25.856656424331497,285.66369991168784,0.30088305120618314,,,0.00011920216728845742,1.9337380355547152e-05,6.825917848409367e-05,15464.204902317237,120130.10452733457,9421361.626469335,295.5949814716878,6005963.412418274,0.13691873714718672,0.014086191360938652,0.1457314963241732,-0.07755712328475109,0.9969879099707247,0.0012329548649351908,0.0009326648478523144,0.0018329548649351909,4.623580743506966e-05,two-phase,False,
1.0911636340697943,1.1422005370027948,2864.6704281314924,7084.875686781093,1.1757201840361056,8329.831346335195,12393811.354248988,1376.7878001474592,1136.9569609759487,285.76871670937584,4258840.807640424,253525.6867341376,309.64092456380746,49.77005102096179,166455.6842783548,2.347285017473046,0.039197883324051316,10987.435199579399,0.7983158066143098,14560.599770651352,25.83865235401563,285.76871670937584,0.29759778445566226,,,0.0001200504498137242,1.9350854415682953e-05,6.867848960560134e-05,15410.844613718476,119813.5387069998,9352375.67652273,295.6405630053766,5949096.152934104,0.13723436546095516,0.014120163981053924,0.14604899413751563,-0.13629526268702066,0.9906682599988132,0.0012372239902862844,0.0009338836459809799,0.0018372239902862844,4.639589963573567e-05,two-phase,False,
1.1314832446009313,1.1529036045859962,2861.4858068216795,7037.684027712598,1.1724463711069155,8251.307099288737,12277255.426171886,1373.5693738931093,1135.792316678325,285.87109005021426,4269157.702665311,253041.10996848895,312.45912455995716,49.05943145190971,166222.05671967292,2.3500323437323756,0.03917206636411751,10902.867414840453,0.7993677946751451,14445.168612718846,25.816736841607543,285.87109005021426,0.29433704230040925,,,0.00012119291985704908,1.9367281119516818e-05,6.922729853907754e-05,15329.067002872936,119250.27932579759,9266578.446984857,295.68511017996684,5893934.994996017,0.13754744117683113,0.01417268790507228,0.14636649195085805,-0.1945161411717283,0.9808993173734296,0.0012438243412396357,0.0009357577160982272,0.0018438243412396357,4.664341279648634e-05,two-phase,False,
1.1722666017361971,1.1641248164205331,2858.209895758346,6974.734770659579,1.1691442957546647,8154.471371518367,12137520.36213201,1369.7602085688752,1134.454896715839,285.97039853716575,4279184.003091891,252559.95827307086,315.2694273480389,48.27621075550976,165789.94300661155,2.3527246264307564,0.03913783894666108,10801.36590561194,0.8006407406559038,14304.94061846266,25.79100375284493,285.97039853716575,0.29110672050155095,,,0.00012263210629358056,1.93866049104369e-05,6.990591758971378e-05,15220.013319422798,118449.35520305486,9164791.530067377,295.72843053731566,5840688.356292667,0.13785686899137958,0.01424360884686153,0.14668398976420047,-0.25211045057497916,0.9676984657995904,0.0012527365296280666,0.0009382685973132337,0.0018527365296280665,4.6977619861052495e-05,two-phase,False,
1.2134299024736523,1.1758534347983312,2854.8526819391614,6896.905014702285,1.165818442954266,8040.539065443687,11976100.924640253,1365.387755873362,1132.9468269178199,286.06633199407037,4288885.503675908,252082.53245852824,318.0667539318302,47.42785458726934,165164.92612074476,2.3553511407057797,0.03909566198022454,10683.983966190655,0.8021244430703542,14141.42963077517,25.76160097632995,286.06633199407037,0.2879104321636662,,,0.0001243697707157174,1.9408731641306206e-05,7.071420825966268e-05,15085.22375452362,117423.61181304434,9048057.629044948,295.7703787570614,5789491.968144062,0.13816156701558985,0.014332683551847716,0.14700148757754292,-0.3004682210025941,0.9537918264314997,0.001263929987180278,0.0009413907101233828,0.001863929987180278,4.739737451926043e-05,two-phase,False,
1.2529946936130476,1.1875080567209961,2851.582338833539,6809.712886700668,1.1626149334082343,7917.073894300692,11802847.452018978,1360.7730310518393,1131.4214067786015,286.1587100514054,4298244.086075684,251608.87276568424,320.8466743245564,46.54643797349427,164408.35003224248,2.3579044722873888,0.039048476027473696,10556.779168829537,0.8037507085109019,13963.525774553711,25.730900074109883,286.1587100514054,0.2847518643721013,,,0.00012630929221462434,1.9431889228900076e-05,7.16151505103632e-05,14934.26982544988,116254.93740402063,8923251.628998341,295.8108655024518,5740425.273175704,0.1384623454825354,0.014434349047306666,0.14731898539088534,-0.3204165624885236,0.9472767422897271,0.001276705650126574,0.0009449119930515117,0.001876705650126574,4.7876461879746533e-05,two-phase,False,
1.2876985179471843,1.1980386061969448,2848.682134874461,6724.114028786904,1.1597740875493592,7798.453212314177,11636464.783972021,1356.5317728517182,1130.1717528666406,286.2477763822956,4307280.862025064,251138.58731245616,323.61300942252467,45.69073933299239,163650.63264079255,2.3603889495606265,0.0390021330746698,10431.499251876729,0.8053804155769411,13788.522554422152,25.703445300851183,286.2477763822956,0.28162672406864514,,,0.00012823055710854895,1.9452645127828145e-05,7.252408632274293e-05,14786.117658289786,115105.97593483703,8803392.32933728,295.8499875345397,5693325.1073329635,0.13876308162303075,0.014536145997613005,0.14763648320422776,-0.3199697806562151,0.9474277489427959,0.0012894978321761836,0.0009483936279551701,0.0018894978321761834,4.835616870660688e-05,two-phase,False,
1.3188969364296321,1.2077510312862771,2846.052082856933,6640.515825096548,1.1571929955667084,7684.358399751606,11476316.33792377,1352.5876007350764,1129.1259807050044,286.3336938992497,4316012.068383811,250671.5213579221,326.3669963959101,44.86195568617105,162897.6725773475,2.362806909737622,0.0389568504339066,10308.583801567813,0.8070022901869088,13617.01633675346,25.67849534157002,286.3336938992497,0.278533853819125,,,0.00013013448201899648,1.94715458732727e-05,7.343752664090713e-05,14641.461729742066,113982.89450902776,8687994.9158521,295.8878072934197,5648088.756729718,0.13906395776856137,0.014637528394137725,0.14795398101757018,-0.31866354779959877,0.9478678933816531,0.0013022379198611993,0.0009518179451259295,0.0019022379198611991,4.8833921994794976e-05,two-phase,False,
1.3474824504200344,1.2168541334789176,2843.62514662312,6558.855613271109,1.1548043443301617,7574.194956039743,11321507.200211834,1348.87788095049,1128.2328810474312,286.4166338421867,4324452.9679490095,250207.5599740497,329.1096983024391,44.0588161809444,162149.77195315782,2.365161129367879,0.038912594160508004,10187.987508278104,0.8086130072400712,13448.905551298441,25.655480987980702,286.4166338421867,0.2754724917798323,,,0.00013202723270313888,1.9489012902710505e-05,7.435549280836862e-05,14500.183700873231,112884.91684548053,8576413.410792582,295.92439179686096,5604602.04110221,0.13936497339860607,0.014738495892503903,0.1482714788309126,-0.31735623479711794,0.9483063957579304,0.00131492586990594,0.0009551862532231022,0.00191492586990594,4.9309720121472746e-05,two-phase,False,
1.374017171735663,1.22547883905756,2841.35901659035,6479.073215539454,1.1525654833345726,7467.556152228315,11171424.238629455,1345.3643416395757,1127.4623780316053,286.49676599652247,4332619.545603063,249746.6084833358,331.84336664411137,43.2799687537074,161407.2295174324,2.3674545456354545,0.03886933168729734,10069.61695149033,0.8102113255697343,13284.044054542639,25.634060505136347,286.49676599652247,0.27244029444636864,,,0.00013391261874898665,1.9505298425109592e-05,7.527828091311079e-05,14362.17053948221,111811.30744812159,8468201.58256891,295.95980830033346,5562757.148573801,0.1396661279909866,0.014839048151202188,0.14858897664425502,-0.31604785069698077,0.9487432508691795,0.001327561639395076,0.000958499820815152,0.001927561639395076,4.9783561477315347e-05,two-phase,False,
1.3988826879475091,1.2337136405554556,2839.224901493811,6401.110820339992,1.1504479514335868,7364.14483015951,11025644.237194816,1342.0185738779003,1126.7914673986265,286.5742098277665,4340523.864926889,249288.5852924353,334.5682221433429,42.524403946656015,160670.19213674054,2.369688831649307,0.03882703206443662,9953.446412937232,0.8117955641395835,13122.372978949394,25.613976830229245,286.5742098277665,0.269437343877634,,,0.00013579309248570816,1.9520592343548434e-05,7.620572907081492e-05,14227.314226138056,110761.30649257962,8363057.448456634,295.99410258302834,5522479.397380532,0.1399674210218791,0.014939184831601506,0.14890647445759747,-0.31473840458087565,0.9491784535491127,0.0013401451857749705,0.0009617598778991613,0.0019401451857749704,5.0255444466561394e-05,two-phase,False,
1.422352368355604,1.2416216634292865,2837.2021191459967,6324.9128705149315,1.1484309741611012,7263.72584936955,10883822.721660549,1338.8219562155355,1126.2063299745073,286.64912289619167,4348179.543716554,248833.41910334997,337.28616977989515,41.790955996638345,159938.92449247788,2.3718669136332724,0.03878566533266101,9839.389061857633,0.8133655199665885,12963.765458623815,25.59506776167591,286.64912289619167,0.2664618219271209,,,0.00013767039405634978,1.9535013724349723e-05,7.713808177043002e-05,14095.511479546289,109734.24176829915,8260730.000130123,296.0273379593535,5483664.634855514,0.14026885196582525,0.01503890559795948,0.1492239722709399,-0.3134279055634344,0.9496119986679395,0.0013526764668549927,0.0009649676173516697,0.0019526764668549926,5.072536750706224e-05,two-phase,False,
1.4446301800767418,1.2492498103300596,2835.2751917092082,6250.425957660644,1.146499447195462,7166.109905194094,10745700.571950931,1335.758617987348,1125.6944964150011,286.72161277140333,4355597.883136428,248381.0457320702,339.99778959685307,41.07868911835464,159213.54137068056,2.37399041756699,0.03874520302196101,9727.412293088913,0.8149203496990947,12808.161957849148,25.577191601113213,286.72161277140333,0.2635133186598081,,,0.00013954572469997793,1.954866694505421e-05,7.807521510822058e-05,13966.663499776878,108729.41351555893,8161035.14192299,296.059556213801,5446248.564229395,0.14057042029574443,0.015138210117432986,0.1495414700842823,-0.3121163627921509,0.9500438811325499,0.001365155440808842,0.0009681241963144813,0.001965155440808842,5.1193329030331575e-05,two-phase,False,
1.4658732289622112,1.2566340609854443,2833.4321583456262,6177.598722248272,1.14464160038436,7071.13648796664,10611055.428564988,1332.8168829054714,1125.2473823168866,286.7917959288318,4362789.345129581,247931.40686439784,342.7038237843535,40.38669768891359,158494.1869050516,2.3760613538946203,0.03870561771755989,9617.459835820086,0.8164598176209475,12655.477047121694,25.560247046112867,286.7917959288318,0.2605913180000397,,,0.0001414199827286261,1.956162626667721e-05,7.901717148050421e-05,13840.675728013402,107746.16822344948,8063812.926206095,296.0908036165522,5410155.140171434,0.14087212548294514,0.015237098060088524,0.14985896789762473,-0.31080378544695114,0.9504740958868083,0.0013775820661758517,0.0009712307375188156,0.0019775820661758516,5.165932748159444e-05,two-phase,False,
1.4862056657175815,1.263802735453209,2831.663533883994,6106.381759155528,1.1428481197672513,6978.666912031936,10479696.924972035,1329.9874892938783,1124.8584309482617,286.859797738124,4369765.294299204,247484.44896153038,345.4059937406748,39.71401154056222,157781.03386409284,2.378082122385081,0.0386668830009316,9509.474068439911,0.8179838632489158,12505.625319252915,25.54415500537,286.859797738124,0.25769415896727876,,,0.00014329384287934673,1.9573949496269807e-05,7.996401415133234e-05,13717.457621596519,106783.89630359612,7968926.271899893,296.12113092622553,5375304.660730476,0.1411739669971368,0.01533556909891238,0.15017646571096716,-0.30949018273987683,0.9509026379118094,0.0013899563018622669,0.0009742883305509627,0.0019899563018622667,5.212336131983501e-05,two-phase,False,
1.5057276880592032,1.2707786024249526,2829.961634458389,6036.7275282754845,1.141111642847037,6888.5800672103705,10351465.702594122,1327.2621518949097,1124.5215607767868,286.9257135314573,4376534.80228701,247040.12216152187,348.1044842929572,39.05988878843177,157074.16683552164,2.3800543479286524,0.03862897365287807,9403.415900473283,0.8194922159610827,12358.544680752464,25.528843645728195,286.9257135314573,0.2548219580128237,,,0.00014516779804302462,1.9585689306521577e-05,8.091567622500304e-05,13596.922443237301,105841.98143719959,7876262.108157123,296.1505759907984,5341637.23783001,0.14147594430644175,0.015433622909820907,0.15049396352430958,-0.3081755639149524,0.9513295022260695,0.0014022781071425356,0.0009772980330624642,0.0020022781071425354,5.2585429017845086e-05,two-phase,False,
1.5245216017302146,1.277580295884031,2828.3201232869474,5968.590269891675,1.1394259790719836,6800.766811950837,10226214.245889753,1324.6346524192427,1124.2327285418994,286.98962825657867,4383106.896988743,246598.37996410657,350.80018867240767,38.423545649679795,156373.6420004762,2.381979440102803,0.03859186547895344,9299.227434554485,0.8209850251980982,12214.151711020135,25.51426165985496,286.98962825657867,0.25197385991975824,,,0.00014704224209580633,1.9596882977284727e-05,8.187224325187945e-05,13478.987063370541,104919.82419970322,7785714.007564707,296.17917241613003,5309103.518091476,0.14177805687740705,0.015531259171670536,0.150811461337652,-0.3068599382477035,0.9517546838858296,0.0014145474416605661,0.0009802608719276032,0.002014547441660566,5.304552906227123e-05,two-phase,False,
1.5426560369055826,1.284223298631436,2826.733694549078,5901.9259245298135,1.1377859970971833,6715.12867283487,10103811.647994636,1322.0995854711362,1123.988464762122,287.0516456931988,4389490.70772609,246159.17869044625,353.494317519892,37.80420536448882,155679.57404683263,2.383859468386875,0.03855553506767762,9196.856652158116,0.8224624142471336,12072.370838261055,25.500364673710365,287.0516456931988,0.24914881845010467,,,0.0001489174740679747,1.9607562730876383e-05,8.283377088042164e-05,13363.571774701815,104016.87675153675,7697187.95189008,296.2069626133077,5277636.982952369,0.14208030417501658,0.01562847756626776,0.15112895915099445,-0.30554331504493987,0.95217817798527,0.0014267642654309837,0.0009831778443508865,0.0020267642654309835,5.350365995366189e-05,two-phase,False,
1.5601889636232469,1.290720644238116,2825.1978471965194,5836.692057016263,1.136187523041949,6631.576691019925,9984145.59015223,1319.6515713505132,1123.7849777752751,287.1118398859891,4395693.919816408,245722.47683213395,356.18730811161896,37.201213564654765,154991.99162025464,2.385695690978236,0.038519960071125264,9096.270187207621,0.8239242355182744,11933.149443927045,25.487106830999807,287.1118398859891,0.2463465410566489,,,0.00015079370210015647,1.9617762161684556e-05,8.380017401935034e-05,13250.600118079827,103132.58116410678,7610604.920619764,296.23397603265124,5247194.037838366,0.14238268566270307,0.015725277778379034,0.15144645696433687,-0.30422570364438545,0.95259997965677,0.001438928538840372,0.0009860499189270058,0.002038928538840372,5.395982020651395e-05,two-phase,False,
1.577169900065074,1.2970834300461749,2823.708719222486,5772.847784491694,1.1346268502150352,6550.028098488655,9867107.153132472,1317.2866085434193,1123.6199213972213,287.1703037741508,4401724.588659651,245288.23504208823,358.8803278968408,36.61387291942132,154310.98177351477,2.387490020833097,0.03848511883759877,8997.417752779747,0.8253706949680998,11796.4154029644,25.474456393431947,287.1703037741508,0.24356602589309434,,,0.00015267110078974146,1.9627504205699734e-05,8.477151455252273e-05,13139.998718895182,102266.42821579536,7525886.638907646,296.2602509198595,5217715.086845553,0.14268520080236044,0.015821659495740513,0.1517639547776793,-0.30290711341445004,0.9530200840711205,0.0014510402226484997,0.0009888780366556437,0.0020510402226484995,5.441400834931874e-05,two-phase,False,
1.5936415633394256,1.3033211998624148,2822.2629637003774,5710.353708145041,1.1331008950430916,6470.406897711784,9752600.412940994,1315.0006590082357,1123.4906665593844,287.22709104343494,4407589.044628702,244856.41569473178,361.5731700751776,36.04165964681817,153636.5183220164,2.389243239930778,0.038450990767740785,8900.262458005986,0.8268018032426643,11662.113116578026,25.462380025798783,287.22709104343494,0.24080763974026861,,,0.0001545497857876053,1.9636813192380058e-05,8.574775343059153e-05,13031.69713327065,101417.88493646313,7442965.30616246,296.2858081738882,5189171.078603387,0.1429878490543558,0.01591762240906779,0.1520814525910217,-0.30158755375387986,0.9534384864377726,0.0014630992779895414,0.0009916631119133569,0.002063099277989541,5.48662229246078e-05,two-phase,False,
1.6096411259354058,1.3094422346261245,2820.857654375194,5649.171848448762,1.1316069388892023,6392.64206268216,9640534.67729407,1312.7903196542522,1123.3951822418455,287.28229370145647,4413294.599321652,244426.98277338868,364.2670665929918,35.48393167754673,152968.6903926992,2.390957377359987,0.03841755574885911,8804.763696700778,0.8282176779594154,11530.183076263364,25.45085055774656,287.28229370145647,0.23807034669145483,,,0.00015642984390407588,1.964570884833605e-05,8.67288917605005e-05,12925.627703366086,100586.48811705003,7361776.4073640425,296.3106861962315,5161501.067717562,0.1432906298775419,0.016013166212065385,0.15239895040436413,-0.3002670340914003,0.953855182005085,0.0014751056663732725,0.0009944060333846297,0.0020751056663732724,5.5316462488997725e-05,two-phase,False,
1.6252011873770138,1.315453776716248,2819.4902126055035,5589.265583690506,1.1301424840349201,6316.666490682876,9530820.969737852,1310.6530777344644,1123.3323785418413,287.3359646259079,4418847.857595704,243999.901907177,366.96274756473224,34.94012813633631,152307.47476659366,2.392633315716044,0.03838479465096199,8710.869336735897,0.8296186817033093,11400.552455834168,25.439849976048986,287.3359646259079,0.23535344090374158,,,0.00015831135005702873,1.9654203954454845e-05,8.771504748335733e-05,12821.725421173782,99771.74899642963,7282255.527601475,296.33490602100085,5134678.790707543,0.14359354272926964,0.01610829060143636,0.15271644821770655,-0.2989455638854537,0.9542701660605387,0.001487059349686275,0.0009971076649540969,0.0020870593496862748,5.576472561323531e-05,two-phase,False,
1.6403505363444637,1.3213622055129841,2818.1583500184115,5530.599591610191,1.128705557987772,6242.418498055325,9423384.879786562,1308.5855966501151,1123.299996192693,287.388175678799,4424254.72922593,243575.1398253699,369.66080679714037,34.409727962341,151652.90638221204,2.3942725847082773,0.03835268889446412,8618.553800067879,0.831004726997186,11273.180553893042,25.429350301703693,287.388175678799,0.23265654964724392,,,0.00016019432217040974,1.966231909458188e-05,8.870611050886286e-05,12719.927800229096,98973.22269196733,7204350.997211682,296.3584974634515,5108657.255854323,0.1438965870654003,0.016202995276891535,0.15303394603104897,-0.29762315262384653,0.9546834339309772,0.0014989602901930984,0.0009997688465618014,0.0020989602901930983,5.6211010882241195e-05,two-phase,False,
1.6551147560751682,1.3271731765582677,2816.860022921068,5473.139793963344,1.1272942939297996,6169.839259614997,9318151.695484394,1306.5853944592147,1123.2967167690244,287.4389694190434,4429520.14849863,243152.6644656121,372.3609704441362,33.89231352483478,151004.93757394314,2.395875847309986,0.03832122075561858,8527.778396198077,0.8323759919598109,11148.011399100908,25.419332533007637,287.4389694190434,0.22998007516229438,,,0.00016207877675931558,1.9670068022074833e-05,8.970209701083105e-05,12620.174754704403,98190.44923544761,7128009.640145958,296.3814773056567,5083413.374152902,0.14419976234031814,0.016297279941158895,0.15335144384439142,-0.29629980982345255,0.9550949809828265,0.0015108084505374392,0.0010023903950232647,0.002110808450537439,5.665531689515397e-05,two-phase,False,
1.6695167107973157,1.3328917331283703,2815.593395639847,5416.853303843697,1.1259068499324763,6098.872239876984,9215044.600814693,1304.6510052479207,1123.3223687029003,287.48842669018507,4434651.069996239,242732.4451638845,375.06541261585124,33.38726543207397,150363.63423546302,2.397445023866433,0.03829037286259803,8438.488697897668,0.8337329745541006,11024.970556501408,25.40978848238008,287.48842669018507,0.22732195959237697,,,0.0001639647398188768,1.9677456203412132e-05,9.070319007884348e-05,12522.40848539577,97423.03324802004,7053175.272993554,296.40387983959374,5058896.937435512,0.14450306800694318,0.01639114429999266,0.15366894165773384,-0.2949755450298228,0.955504802622341,0.001522603793743282,0.0010049731048160514,0.002122603793743282,5.709764226537308e-05,two-phase,False,
1.6835769406419274,1.338522396617977,2814.3568107301803,5361.7083756082375,1.1245420265643349,6029.466402553456,9114007.634368002,1302.7789983870755,1123.3742553183913,287.53657982893947,4439651.030117943,242314.45179341658,377.7728213584997,32.89430226203412,149728.92445800523,2.3989805469178656,0.03826012878003919,8350.677369115549,0.8350753260987904,10904.040224115286,25.400687513815488,287.53657982893947,0.22468371803007742,,,0.00016585215560310676,1.9684506560227907e-05,9.170912610799144e-05,12426.573372147908,96670.53989954112,6979810.760963912,296.4257175794123,5035089.08191863,0.14480650351674365,0.016484588062182427,0.15398643947107626,-0.29365036781702347,0.9559128942957756,0.001534346283216049,0.0010075177488344047,0.0021343462832160488,5.753798562060184e-05,two-phase,False,
1.6973139852800823,1.3440692404489731,2813.148764539384,5307.674357258289,1.1231982104301217,5961.570339618357,9014968.03251499,1300.9686645068643,1123.4529559197506,287.58348983199534,4444526.291764576,241898.65561243624,380.48516034036334,32.41286956175991,149100.82173652417,2.4004838000584128,0.03823047243735753,8264.283289879308,0.8364037173274422,10785.138587139798,25.3920289766666,287.58348983199534,0.22206344442036738,,,0.00016774103852375534,1.9691218864765123e-05,9.272018082293354e-05,12332.615872297501,95932.58563222205,6907862.061109374,296.4470161809201,5011955.926716888,0.14511006831974882,0.016577610939562094,0.15430393728441869,-0.2923242877871113,0.9563192514896677,0.0015460358827437187,0.0010100250791134648,0.0021460358827437185,5.7976345602889455e-05,two-phase,False,
1.7107446514555018,1.349535951034322,2811.96788698479,5254.721645139116,1.1218742981964533,5895.137157858158,8917869.882261036,1299.2176924666512,1123.5569952592516,287.62920780412094,4449281.327747047,241485.02857215723,383.2028728339595,31.942569569537838,148479.31344380096,2.401955894799481,0.038201388376523794,8179.283678224905,0.8377181294165807,10668.229978824233,25.38379393920957,287.62920780412094,0.21946088121760451,,,0.0001696313373586245,1.9697607110955358e-05,9.37362619651936e-05,12240.484424745511,95208.7916385549,6837290.508106407,296.4677969766138,4989465.510155507,0.14541376186456198,0.01667021264701877,0.1546214350977611,-0.2909971942040459,0.9567239063415175,0.0015576725564979488,0.0010124958275244803,0.0021576725564979487,5.841272086867308e-05,two-phase,False,
1.7238842250707076,1.354925874006749,2810.812925637314,5202.821683549582,1.120569198321798,5830.121722946423,8822656.567898173,1297.5243551476767,1123.6855483443685,287.67377500936834,4453920.070054449,241073.54342183593,385.9257737240072,31.483073328976133,147864.36196046922,2.4033976632664062,0.03817286175324127,8095.646811315995,0.8390187285256657,10553.268326237825,25.375969641464085,287.67377500936834,0.21687637724727094,,,0.00017152300543986254,1.970368057120485e-05,9.475737459586549e-05,12150.129433694769,94498.7840446597,6768056.047022124,296.4880769669412,4967593.027021638,0.1457175836215146,0.016762392826037458,0.15493893291110353,-0.2896691174675659,0.9571268475941741,0.0015692562594264172,0.00101493070443271,0.002169256259426417,5.884710972849065e-05,two-phase,False,
1.7367466822297164,1.3602420664386783,2809.682729441452,5151.946829065775,1.1192820703209383,5766.481713020134,8729279.228291592,1295.886334564874,1123.837007961542,287.71723251463203,4458446.615067173,240664.1734163354,388.65416856790887,31.034024574329237,147255.9310266509,2.404809963855018,0.03814487819426697,8013.355960082927,0.8403054152563856,10440.225772229523,25.36853645587746,287.71723251463203,0.21430974837702016,,,0.00017341596657492227,1.970945390837312e-05,9.578336923133882e-05,12061.503018251982,93802.2031463166,6700125.385920695,296.50787318571633,4946314.7639128985,0.14602153303208193,0.01685415121081547,0.15525643072444598,-0.2883402824615532,0.9575280056008763,0.001580786958127372,0.0010173304037603417,0.002180786958127372,5.927951092977645e-05,two-phase,False,
1.7493448403920029,1.3654873299419505,2808.5762373345133,5102.07033842956,1.1180116601243903,5704.174129139043,8637674.441429887,1294.3036632724009,1124.012587573656,287.75962119813556,4462865.686360628,240256.89306387107,391.38939700253025,30.59500096268612,146653.98603686737,2.4061936804273647,0.03811742379044033,7932.349576045758,0.8415789551541863,10329.020988549926,25.361500612957755,287.75962119813556,0.21175974901906408,,,0.00017531021623123813,1.9714921748145253e-05,9.681459657295056e-05,11974.558978077554,93118.70309960292,6633450.863295869,296.5272026987469,4925610.0130388,0.14632560952234838,0.01694548758563181,0.1555739285377884,-0.28701067824625126,0.9579273827240908,0.0015922646254925132,0.001019695602385899,0.002192264625492513,5.9709923455969245e-05,two-phase,False,
1.761690477848308,1.3706642348390397,2807.492469349961,5053.166390361782,1.1167573869851972,5643.160894101845,8547801.349735364,1292.77376645609,1124.2102563309056,287.80098175756615,4467180.533379381,239851.6771336246,394.13131443526913,30.165714786049236,146058.4948211554,2.4075497215222597,0.03809048510835326,7852.621781494756,0.8428390777818664,10219.639606573804,25.354839085242453,287.80098175756615,0.20922670244505392,,,0.00017720565101115343,1.9720101489069215e-05,9.78508086876907e-05,11889.252819505018,92447.95212168765,6568005.687758834,296.54608260251337,4905452.220472568,0.14662981253530755,0.017036401677742945,0.15589142635113082,-0.2856802198575359,0.9583250033168027,0.0016036892272478787,0.0010220269579448943,0.0022036892272478785,6.013834602179545e-05,two-phase,False,
1.773794457275342,1.375775149592371,2806.430517117889,5005.210015969947,1.1155182816802298,5583.40327646347,8459605.883684084,1291.2962047988974,1124.430543678604,287.84134514286734,4471395.054529927,239448.5013396855,396.88065659514467,29.7458226479552,145469.40022475854,2.408878703660165,0.03806404922401321,7774.126271487368,0.8440862956625794,10112.019015414906,25.348552323133653,287.84134514286734,0.20670996387342822,,,0.0001791022339753686,1.9724992324066132e-05,9.889221909843976e-05,11805.541623483185,91789.62050941685,6503750.066779231,296.564525645695,4885826.748568136,0.1469341415125923,0.017126893217501514,0.15620892416447324,-0.28434891705963655,0.958720863112414,0.0016150607295085805,0.0010243251109946102,0.0022150607295085803,6.056477735657177e-05,two-phase,False,
1.7856668245341134,1.3808222630214475,2805.389536339958,4958.177064917857,1.1142937497690222,5524.865713686084,8373046.386601163,1289.8691924047878,1124.6722922229344,287.8807613019727,4475512.794834345,239047.34181272305,399.63797765943514,29.33500976397479,144886.7008591954,2.4101818961973187,0.03803810349035423,7696.84594899051,0.8453205802178938,10006.131846704877,25.342625610359157,287.8807613019727,0.20420922081997267,,,0.00018099987435401743,1.972960527797948e-05,9.993871910945391e-05,11723.383976694668,91143.41272090074,6440655.504918571,296.5825533572512,4866700.129862018,0.1472385958944881,0.017216961938364517,0.15652642197781566,-0.28301677964248223,0.9591149578860705,0.0016263790987798379,0.0010265906855612236,0.0022263790987798377,6.098921620424392e-05,two-phase,False,
1.7973168940422315,1.385807603458443,2804.368740277083,4912.04417316306,1.1130831674227644,5467.513686784872,8288080.192477076,1288.4913840832448,1124.9348424858802,287.91924175027066,4479536.438282253,238648.17520190938,402.40268338391127,28.933057325447578,144310.29004841583,2.4114593230142054,0.038012635950070754,7620.756523707705,0.8465420516829433,9901.94231170018,25.337048923669077,287.91924175027066,0.20172505520664344,,,0.0001828984904815194,1.973394776583139e-05,0.00010099028741243982,11642.739906260636,90509.00181895384,6378692.09975102,296.6001697798731,4848070.853930501,0.14754317511994622,0.01730660757690141,0.15684391979115808,-0.281683817421421,0.9595072834548446,0.001637644301957993,0.0010288242896659937,0.002237644301957993,6.141166132342475e-05,two-phase,False,
1.808753322893389,1.390733055342217,2803.367394086551,4866.788732179211,1.111885798511179,5411.313275664291,8204661.224953479,1287.1622130168453,1125.218440082192,287.9568457054756,4483470.012114431,238250.97889386155,405.1765809112625,28.5395833880842,143740.1968115504,2.4127126127130367,0.037987634671931746,7545.821316426378,0.8477510846865649,9799.399948663935,25.331820656865244,287.9568457054756,0.19925598981176565,,,0.000184798023891389,1.973802068050303e-05,0.0001020470646405591,11563.57081781582,89886.12617636025,6317826.386272962,296.617400871877,4829899.302329073,0.14784787862659696,0.017395829872802093,0.1571614176045005,-0.2803500402367598,0.9598978356779679,0.0016488563063315129,0.0010310265158314453,0.0022488563063315127,6.183211148743173e-05,two-phase,False,
1.81998417549908,1.3956003736598919,2802.3848098750345,4822.388859585389,1.1107010879019579,5356.232552627773,8122749.48860353,1285.8805489428796,1125.5226098623334,287.99359399089695,4487316.502289868,237855.73077348983,407.9598141357259,28.15434030208492,143176.3451809762,2.4139421429139185,0.037963088383470796,7472.016039105523,0.8489478275616904,9698.469348135874,25.32693278292747,287.99359399089695,0.19680197032040697,,,0.00018669839111249922,1.9741829943854984e-05,0.00010310905402739746,11485.83943675254,89274.49196690564,6258030.239807638,296.63425509878584,4812176.939771293,0.1481527058507633,0.017484628568884802,0.15747891541784295,-0.2790154579534689,0.9602866104570115,0.0016600150795819846,0.0010331979415684276,0.0022600150795819844,6.225056548432443e-05,two-phase,False,
1.831016980184566,1.4004111965612218,2801.4203423599993,4778.823371109006,1.1095286090608483,5302.24124789405,8042309.242841338,1284.6449134721508,1125.8464241572133,288.0294977953799,4491078.09472535,237462.40906610928,410.75181072102396,27.777138054286954,142618.6352508165,2.4151479825346347,0.03793898624295487,7399.324331288935,0.850132285380144,9599.124808524164,25.32237327173623,288.0294977953799,0.1943635626511479,,,0.0001885994909034328,1.9745384630202852e-05,0.00010417616396778019,11409.509752446227,88673.8055205324,6199279.1683948245,296.6507365588901,4794900.775561557,0.1484576562274741,0.01757300341110388,0.15779641323118537,-0.27768008046088866,0.9606736037360631,0.0016711205897850892,0.001035339129844887,0.002271120589785089,6.266702211694085e-05,two-phase,False,
1.8418587789538905,1.4051670564283716,2800.4733850478415,4736.071753813204,1.1083677649955281,5249.309264632392,7963299.741308001,1283.4547946284658,1126.1900913165632,288.0646063931383,4494757.982917652,237070.9926290418,413.55375613655787,27.4076750533604,142067.07480119113,2.4163314970770515,0.03791531745771846,7327.713813632865,0.851304787861451,9501.321561693789,25.318140604997748,288.0646063931383,0.19193988893277159,,,0.00019050125446743512,1.9748685648001382e-05,0.00010524851658864719,11334.546965287427,88083.82563989637,6141543.693431125,296.66686689637305,4778037.325598988,0.1487627291904778,0.01766095414855742,0.1581139110445278,-0.2763439176722585,0.9610588115019538,0.0016821728054115625,0.0010374506295371426,0.0022821728054115624,6.30814802029336e-05,two-phase,False,
1.8525161713976765,1.409869389620809,2799.543366855649,4694.114140523662,1.1072181111150048,5197.408192028844,7885685.358374212,1282.3091864677542,1126.5531929609492,288.09894030859,4498358.691573564,236681.46074871445,416.3658185194323,27.045729825757313,141521.59423905713,2.417493106344647,0.03789207178251485,7257.16256469146,0.8524654717046605,9405.027565223385,25.31422766093976,288.09894030859,0.18953087917219943,,,0.00019240359099246412,1.9751738298992534e-05,0.00010632611048346761,11260.917436356867,87504.28892085378,6084798.814555058,296.6826546278191,4761576.719219924,0.149067924172256,0.017748480533494832,0.15843140885787022,-0.2750069795244603,0.9614422297844177,0.0016931716953281486,0.0010395329758644334,0.0022931716953281485,6.349393857480557e-05,two-phase,False,
1.8629953535736856,1.4145195450861459,2798.6297491140062,4652.931285393529,1.1060791920060806,5146.510476607888,7809430.5219958,1281.207301906036,1126.935546356959,288.1325199859121,4501883.058518679,236293.7931825888,419.1887525718611,26.691051634723962,140982.12616902744,2.4186332414502223,0.03786923928832647,7187.646096279519,0.8536145347095513,9310.207851516829,25.31062959062352,288.1325199859121,0.1871359291049977,,,0.0001943064149087498,1.9754546136822616e-05,0.00010740898763469378,11188.588639591071,86934.9413472102,6029019.298043303,296.6981082835234,4745510.498662996,0.14937324060403712,0.01783558232132429,0.15874890667121264,-0.27366927597762297,0.9618238546562898,0.0017041172287985311,0.0010415866908074442,0.002304117228798531,6.390439607994493e-05,two-phase,False,
1.8733021525491111,1.4191187919939237,2797.7320228989474,4612.504540548704,1.1049506124398376,5096.589716960822,7734501.889463867,1280.1482425674842,1127.336808569432,288.165375312414,4505333.112923524,235907.97009208272,422.0223400725592,26.343461140906673,140448.63126553586,2.41975266946663,0.03784681027502943,7119.143344414758,0.8547521178615834,9216.831725842336,25.307340187523096,288.165375312414,0.18475539233934876,,,0.00019620963340881125,1.975711379762096e-05,0.00010849715279016976,11117.529116295964,86375.54822661747,5974181.723894693,296.7132407937428,4729818.429585034,0.14967867791580983,0.017922259270619967,0.15906640448455506,-0.27233081701479867,0.9622036822336798,0.001715009375484246,0.0010436122835114996,0.002315009375484246,6.431285158065922e-05,two-phase,False,
1.8834420571851445,1.4236683265246006,2796.8497066493,4572.815833758839,1.1038319687283147,5047.620304410029,7660866.289617195,1279.1312913152442,1127.7568291892412,288.1975265640773,4508711.378591214,235523.97207553976,424.8673672731402,26.00272292687638,139921.04603658893,2.420851846007036,0.037824775408320396,7051.631202168064,0.8558784121826419,9124.866183559549,25.304355113877623,288.1975265640773,0.18238865424469025,,,0.00019811315821959016,1.975944448099315e-05,0.00010959064822251528,11047.70843187489,85825.87297762051,5920262.5744620655,296.72806071763955,4714491.103746413,0.14998423553633716,0.01800851114312936,0.15938390229789748,-0.2709916126415316,0.9625817086761737,0.001725848105445601,0.0010456102506750818,0.0023258481054456008,6.471930395421004e-05,two-phase,False,
1.8934202456544078,1.4281692779253494,2795.9823440324167,4533.847647082827,1.1027229370757685,4999.577793645238,7588493.338371235,1278.155509131145,1128.1951686653183,288.22900345549203,4512020.225338234,235141.78006887907,427.72422487224645,25.66863529398145,139399.33474561002,2.421931563792107,0.037803125558958366,6985.09169226855,0.8569935164668885,9034.284537491585,25.30166747687706,288.22900345549203,0.18003552754720237,,,0.00020001688968037656,1.9761543402502818e-05,0.00011068945148341044,10979.097134646603,85285.69749984927,5867240.682393828,296.7425810151916,4699510.044246314,0.1502899128931702,0.018094337703780307,0.15970140011123993,-0.2696516728855486,0.9629579301869968,0.0017366333891425567,0.0010475810769242813,0.0023366333891425566,6.512375209284588e-05,two-phase,False,
1.90324161010778,1.4326227139272898,2795.1295020268617,4495.582996440119,1.1016231196982997,4952.438165400994,7517350.935048103,1277.2204067520838,1128.6519028557734,288.259816602468,4515261.486241471,234761.37547043653,430.5929707880761,25.34102379020638,138883.4119213631,2.422991973901614,0.03778185201821407,6919.500017000504,0.8580976740512815,8945.052027515492,25.29927520941669,288.259816602468,0.17769601646576585,,,0.00020192074420762222,1.9763412029048725e-05,0.00011179364825648222,10911.666716636277,84754.79103407772,5815093.055116835,296.756805882827,4684871.904893785,0.15059570941266187,0.01817973872068797,0.16001889792458235,-0.2683110077964208,0.963332343013183,0.001747365197435605,0.0010495252351737764,0.002347365197435605,6.552619490383519e-05,two-phase,False,
1.912910778845547,1.4370296456046618,2794.2907691952655,4458.00541206209,1.100532137115068,4906.178223407232,7447408.021610173,1276.3255256827472,1129.1271213190444,288.2900050744172,4518437.750233406,234382.7401272134,433.4748063799128,25.019653775967733,138373.27103769896,2.424034219158725,0.037760946109381126,6854.8323561718935,0.8591911193902835,8857.135202204227,25.29717646669882,288.2900050744172,0.17536929399501971,,,0.00020382463792877102,1.976505167120922e-05,0.00011290332338509809,10845.389576230067,84232.9609944407,5763797.470703937,296.77075269584424,4670550.85973173,0.15090162451998088,0.0182647139651617,0.16033639573792477,-0.2669696274451559,0.9637049434457595,0.001758043501586632,0.0010514431869749047,0.002358043501586632,6.59266313094987e-05,two-phase,False,
1.9224321362966421,1.4413910317447503,2793.46575412438,4421.098919780209,1.0994499519357024,4860.776994855337,7378643.68990099,1275.469002224309,1129.6192205764241,288.3195603636793,4521550.042898957,234005.85585434505,436.3682228092323,24.704454676351908,137868.7793355596,2.4250578120318926,0.03774039978633978,6791.0889709027415,0.86027360932852,8770.529739706664,25.295353913229505,288.3195603636793,0.173056617817385,,,0.00020572842594062708,1.9766475761325454e-05,0.00011401819840741405,10780.23898259091,83719.97127097289,5713340.843694995,296.7844168912813,4656557.602352032,0.15120765763912572,0.018349263211711788,0.1606538935512672,-0.26562754192386084,0.9640757278199091,0.0017686682732597644,0.0010533353828513596,0.002368668273259764,6.632506024724117e-05,two-phase,False,
1.9318098410668143,1.4457077827875533,2792.6540840126395,4384.848023110074,1.0983758646826587,4816.211238885574,7311018.738648449,1274.6519914922644,1130.130171132506,288.34852140975096,4524601.235238165,233630.7054017657,439.2756999134625,24.395132814882132,137369.93381485765,2.4260639149757086,0.03772020486237593,6728.221088259725,0.8613458975456664,8685.172385328631,25.293823176490225,288.34852140975096,0.17075608844306184,,,0.00020763208887644027,1.9767671992928834e-05,0.00011513876243714439,10716.189041739226,83215.64347377553,5663693.0473747,296.79781586685243,4642867.705442936,0.15151380819293886,0.018433386238056144,0.1609713913646096,-0.2642847613453071,0.9644446925151562,0.0017792394845222111,0.0010552022626230193,0.002379239484522211,6.672148066958293e-05,two-phase,False,
1.9410478422805344,1.4499807643859568,2791.8554033882046,4349.237686092781,1.0973099175309264,4772.461646648867,7244515.341927285,1273.8724674720515,1130.658140410882,288.37690808391136,4527592.544831815,233257.2713972526,442.1962600253145,24.09159829528802,136876.6819063153,2.427053044147661,0.03770035353432422,6666.233610172216,0.8624076628976411,8601.06466092431,25.292564963954437,288.37690808391136,0.1684686585398541,,,0.00020953547121791566,1.9768655362260504e-05,0.00011626467645838339,10653.214664208605,82719.78555047108,5614843.460155323,296.8109582514487,4629467.310070151,0.15182007560312064,0.018517082825126714,0.16128888917795203,-0.2629411781011306,0.9648118660437327,0.0017897571078450687,0.0010570442557183983,0.0023897571078450685,6.711589154419007e-05,two-phase,False,
1.9501498862746993,1.4542107968401716,2791.0693736450116,4314.253348083338,1.0962516179259554,4729.50721297883,7179101.1984005645,1273.1308495849364,1131.204182431158,288.4047212397321,4530526.204713272,232885.53712122305,445.13111229382696,23.79364483176563,136388.92284143617,2.4280250607925984,0.03768083839477091,6605.091957404911,0.863459389821422,8518.16064079088,25.29158664249465,288.4047212397321,0.16619335000453558,,,0.0002114385188494428,1.9769420047372807e-05,0.00011739623636719226,10591.291589488103,82232.19247402714,5566767.942820679,296.8238438962822,4616363.65174194,0.15212645931051527,0.018600352682282294,0.16160638699129448,-0.26159674119647214,0.9651772609191464,0.0018002211067052864,0.001058861779850366,0.0024002211067052862,6.750829150144824e-05,two-phase,False,
1.9591195424011705,1.4583986637006994,2790.295670913809,4279.8808604039,1.0952009243606287,4687.329474467714,7114756.8947256105,1272.4256484457273,1131.7670710439538,288.43199014042045,4533403.117783485,232515.48587449142,448.0794363200594,23.50118175240181,135906.63325316648,2.428980826083391,0.03766165201055257,6544.793605499361,0.8645009198768427,8436.453143989922,25.290874634695193,288.43199014042045,0.1639310101257558,,,0.00021334109442211943,1.976997661101356e-05,0.00011853322515189857,10530.39627247147,81752.69518287615,5519454.044790732,296.836485839249,4603533.327984828,0.15243295874471754,0.018683195558059654,0.1619238848046369,-0.26025175501958586,0.9655407935500319,0.0018106314495030629,0.0010606552437609376,0.0024106314495030627,6.789867935636486e-05,two-phase,False,
1.9679602273898404,1.4625451201521558,2789.5339840533543,4246.106425424592,1.094157463665739,4645.909036897368,7051454.284335098,1271.7568970864943,1132.347370496285,288.45873450606445,4536225.690324014,232147.10145810092,451.0428482056963,23.213993560887463,135429.76497751943,2.4299208793228138,0.037642787198231435,6485.312069037171,0.8655325885237196,8355.906198524533,25.290431926731518,288.45873450606445,0.16168045150402255,,,0.00021524312939794882,1.9770322683635517e-05,0.00011967582883787969,10470.505773931376,81281.11959312347,5472881.155910694,296.848892735379,4590967.5382852135,0.15273957329354426,0.018765611355117513,0.16224138261797932,-0.2589062910735419,0.9659024445784069,0.0018209881240061313,0.0010624250499271007,0.002420988124006131,6.828705465022992e-05,two-phase,False,
1.9766751880215832,1.4666508821300452,2788.7840162248863,4212.916691616587,1.0931210578776094,4605.227950690161,6989171.032416099,1271.1238466845994,1132.9447018248584,288.4849550711509,4538994.982385167,231780.36790127394,454.0206387008569,22.931992601598274,134958.22228653711,2.4308450995746163,0.03762423715757987,6426.634116756588,0.8665544676601588,8276.499927064659,25.29025287973262,288.4849550711509,0.15944228561821805,,,0.00021714451721116981,1.9770462651272875e-05,0.00012082402087988173,10411.597927660974,80817.27842994659,5427033.818715004,296.8610644564174,4578669.035504254,0.15304630237424263,0.018847599867382256,0.16255888043132175,-0.25756018316888735,0.9662622584195293,0.0018312911043185183,0.001064171589125354,0.002431291104318518,6.867341641194445e-05,two-phase,False,
1.9852675236930721,1.4707166342384983,2788.045483013902,4180.298692330412,1.092091485667113,4565.268609439409,6927884.04360563,1270.5260035946312,1133.558973257972,288.51068094353207,4541712.814679874,231415.26953023893,457.0139935976621,22.654998262905796,134491.9861642197,2.431754372443803,0.037605995045985004,6368.743407575295,0.8675666997848812,8198.21080832122,25.290334566563846,288.51068094353207,0.157215749328282,,,0.00021904516153383464,1.9770398793420713e-05,0.00012197783435685693,10353.651231078675,80361.0194952574,5381895.740760349,296.87301406721474,4566618.42586983,0.15335314540298928,0.01892916089202529,0.16287637824466417,-0.25621344153540554,0.9666202317231848,0.0018415403649520309,0.0010658952431478628,0.0024415403649520307,6.905776368570116e-05,two-phase,False,
1.9937401958256686,1.4747430317772003,2787.31811168076,4148.23983247883,1.0910684197328284,4526.01347869545,6867567.8850556165,1269.9633982265966,1134.190695220826,288.5359222482349,4544380.597610093,231051.7911200031,460.02307679737163,22.382887598614346,134030.9891775603,2.432648922968009,0.03758805436392005,6311.616188326334,0.8685695866659972,8121.006472789344,25.290679691203266,288.5359222482349,0.15500081301825827,,,0.00022094498938351234,1.9770129000285926e-05,0.00012313744649147253,10296.644820724305,79912.1762629396,5337448.354829237,296.8847458488712,4554811.59908893,0.15366010179490477,0.019010294229468937,0.1631938760580066,-0.25486607642101217,0.9669763611845735,0.001851735880826998,0.0010675963850556563,0.0024517358808269977,6.944009553101242e-05,two-phase,False,
2.002096036503139,1.4787307025988632,2786.601640470849,4116.727875758967,1.0900517447545959,4487.446403650943,6808203.133969818,1269.4351895399295,1134.8393375767614,288.5606890802923,4546999.59958612,230689.91760480366,463.0480553134222,22.115541424535827,133575.1656349323,2.4335289807331786,0.03757040879212318,6255.242825231475,0.8695631451922056,8044.871681526566,25.291281397857865,288.5606890802923,0.1527974450272203,,,0.00022284388715738417,1.9769658647756347e-05,0.00012430279059593945,10240.558448834745,79470.5874413004,5293678.444154128,296.89626408766964,4543243.9320995,0.15396717096406795,0.01909099968339204,0.163511373871349,-0.2535180980912826,0.9673306435444805,0.0018618776272729762,0.0010692753794232712,0.002461877627272976,6.98204110227366e-05,two-phase,False,
2.0103377564154195,1.4826802488146624,2785.895817978462,4085.7509323886743,1.089041357024146,4449.551739871232,6749770.993276457,1268.940540710062,1135.5043643176305,288.5849915056179,4549571.046952768,230329.63406891486,466.0890993429443,21.852844177867205,133124.45153789385,2.43439477977658,0.037553052185292826,6199.614026222142,0.8705473896696868,7969.791706222639,25.292132822457365,288.5849915056179,0.15060561165951022,,,0.00022474173994635685,1.976899312959643e-05,0.00012547379365250184,10185.372460943829,79036.09677513986,5250573.222764612,296.9075730749297,4531910.686205755,0.15427435232353037,0.01917127706073553,0.16382887168469146,-0.252169516829199,0.9676830755893834,0.0018719655800294465,0.0010709325825751818,0.0024719655800294464,7.019870925110425e-05,two-phase,False,
2.0184679521749542,1.4865922483621952,2785.200402559306,4055.297447333512,1.0880369690964444,4412.313543381302,6692248.318965469,1268.4794684805875,1136.1862293958386,288.6088490083951,4552096.307134336,229970.9260030694,469.14657712073864,21.59467481705047,132678.80904603208,2.4352468963167353,0.037535978485531474,6144.70837840668,0.8715225919543206,7895.73727876777,25.293236318291115,288.6088490083951,0.14842517293146654,,,0.00022663847212310004,1.976813064599483e-05,0.00012665061725002872,10131.067774454641,78608.56242825702,5208115.83061471,296.9186815065937,4520799.405787691,0.1545816452853308,0.019251126171707884,0.16414636949803388,-0.25082034293463557,0.968033654151627,0.0018819997152465036,0.0010725683428143393,0.0024819997152465034,7.057498932174389e-05,two-phase,False,
2.026489113066385,1.4904672564496897,2784.5151617870006,4025.356189001966,1.0870384407905473,4375.716915319277,6635616.161359075,1268.0513937292574,1136.8846745791352,288.6322810298156,4554576.610393052,229613.77910577753,472.220867432752,21.34091598476557,132238.20159713062,2.4360859136287165,0.03751918179572758,6090.514031196795,0.8724888309405063,7822.690760227443,25.294587698593396,288.6322810298156,0.14625598518419633,,,0.00022853397954036392,1.9767074520364864e-05,0.00012783325209328935,10077.62585813548,78187.84706208752,5166293.104908397,296.92959808610595,4509897.202555733,0.15488904926050998,0.01933054682979042,0.1644638673113763,-0.24947058672405648,0.9683823761095381,0.001891980009485518,0.0010741830006431143,0.002491980009485518,7.094925035570692e-05,two-phase,False,
2.034403627282476,1.4943058068881314,2783.839871949542,3995.91623838761,1.0860456044032858,4339.747266264576,6579855.235085637,1267.6559028426898,1137.5996243862478,288.6552786531437,4557013.29747215,229258.1793245618,475.31250340184096,21.09144750189285,131802.5208212131,2.4369114041926228,0.03750265661756883,6037.017007396642,0.8734462342595737,7750.632026889367,25.29618451787907,288.6552786531437,0.14409768118249044,,,0.00023042816520067697,1.9765826725631504e-05,0.00012902173610238328,10025.028712493197,77773.7892064079,5125091.4535239665,296.9403183208805,4499216.594917089,0.15519656365912496,0.01940953885174253,0.16478136512471872,-0.24812025853015834,0.9687292383875524,0.0019019064397197962,0.0010757768889769473,0.002501906439719796,7.132149148949236e-05,two-phase,False,
2.0422137876937287,1.4981084133218332,2783.1743175821066,3966.966978638079,1.085058224907653,4304.390148108309,6524944.9620140605,1267.2929180111037,1138.331384246971,288.6778801420183,4559407.601261549,228904.11294927483,478.42229766027504,20.846141368734024,131371.78186526743,2.4377246384756726,0.03748639719909103,5984.19943947751,0.8743950177386527,7679.5363409789115,25.298027914075547,288.6778801420183,0.14194990202223337,,,0.00023232094805334487,1.976438644538792e-05,0.00013021619478039085,9973.258850980643,77366.27928808812,5084496.023014961,296.95085972613623,4488728.225305462,0.15550418789026396,0.019488102057606708,0.16509886293806114,-0.24676936870138722,0.9690742379563697,0.0019117789833352108,0.0010773503333509776,0.0025117789833352107,7.169171187507041e-05,two-phase,False,
2.0499217971940094,1.5018755703668392,2782.5182910329345,3938.498085031662,1.0840762448658186,4269.632214432341,6470869.549813515,1266.9616283441708,1139.0793920952995,288.70006710248356,4561760.13765378,228551.56637543385,481.549119213199,20.604957804115685,130945.85525357636,2.438524855563834,0.03747039842157653,5932.0541087299425,0.8753351771601516,7609.391902687876,25.30011102253709,288.70006710248356,0.13981345307944346,,,0.00023421221074259498,1.976275912602142e-05,0.00013141654586705788,9922.299281997039,76965.15498357578,5044496.168802628,296.9612134148356,4478450.117258073,0.15581192136206076,0.01956623627071348,0.16541636075140356,-0.2454179276016277,0.9694173718330625,0.001921597618130821,0.0010789036521199236,0.002521597618130821,7.205991067990579e-05,two-phase,False,
2.057529773659976,1.5056077546655067,2781.8715920594345,3910.4995153433006,1.083099395797895,4235.4596623362895,6417608.344636905,1266.6621800314288,1139.844192715002,288.72187772749925,4564072.70759604,228200.52638981643,484.69530626365,20.367710114099065,130524.75858645282,2.4393133376748173,0.03745465481847285,5880.561090388746,0.8762669819369944,7540.17164352122,25.302437297889696,288.72187772749925,0.1376868980088496,,,0.00023610188261087055,1.9760942161951396e-05,0.0001326229756134577,9872.13349164249,76570.31467460791,5005076.768677103,296.97139691455254,4468355.304072573,0.15611976348170986,0.01964394131768633,0.165733858564746,-0.24406594560980036,0.9697586370812038,0.0019313623223194912,0.001080437156651464,0.002531362322319491,7.242608708698092e-05,two-phase,False,
2.065039754558183,1.509305425864746,2781.234027451886,3882.9615005828214,1.0821276385728362,4201.859959294925,6365146.673577236,1266.3937578477291,1140.6251994344593,288.74330302268567,4566345.631413671,227850.9798657083,487.859164365815,20.134387431174297,130108.38974669194,2.440089669255866,0.03743916146833383,5829.714204353495,0.8771904150892388,7471.865173315668,25.304999730781898,288.74330302268567,0.1355714699541025,,,0.0002379898448990196,1.975894113098062e-05,0.00013383539140552324,9822.74542719026,76181.61351345683,4966227.991943309,296.98140574615235,4458452.432797682,0.1564277136554808,0.019721217028446304,0.16605135637808843,-0.24271343311949353,0.9700980308109841,0.0019410730745284695,0.0010819511515133705,0.0025410730745284694,7.279024029481761e-05,two-phase,False,
2.0724537012302764,1.5129690275246315,2780.6054106824126,3855.87453608888,1.0811608039244545,4168.8204132696865,6313467.003595756,1266.1561474089242,1141.4225166789724,288.7643528412794,4568580.462626147,227502.91393889464,491.04247302088817,19.904835158375906,129696.69652649712,2.440854118194246,0.03742391341870004,5779.499389200932,0.8781056308027058,7404.452653311546,25.307797771334098,288.7643528412794,0.13346604561302905,,,0.0002398760082868815,1.975675657430554e-05,0.0001350538718824494,9774.119481242027,75798.92928581417,4927937.337097134,296.9912442379333,4448738.440020975,0.15673577128873314,0.019798063236216606,0.16636885419143085,-0.24136040053847294,0.9704355501793553,0.0019507298537999665,0.0010834459346546238,0.0025507298537999663,7.315236951749875e-05,two-phase,False,
2.079773502883588,1.5165989879633874,2779.9855615771326,3829.2293729630474,1.0801987300069895,4136.328705580145,6262552.333773618,1265.9491347029639,1142.2362392740984,288.7850558492773,4570777.86294166,227156.31599879684,494.2451251398116,19.678981100283227,129289.67582828939,2.441607642216336,0.03740890567849172,5729.903240206933,0.8790127744813545,7337.915109148448,25.31083082351164,288.7850558492773,0.1313708925872062,,,0.00024176028337664332,1.9754389078984398e-05,0.00013627849125063648,9726.24047653347,75422.16188361436,4890192.701264324,297.0009255317972,4439190.428564249,0.1570439357859314,0.019874479777527106,0.16668635200477327,-0.24000685828847054,0.9707711923901008,0.001960332639591718,0.001084921797580732,0.002560332639591718,7.351247398468943e-05,two-phase,False,
2.08700098031176,1.520195721044165,2779.374306009586,3803.0170098292165,1.0792413461085333,4104.373196961733,6212388.154640711,1265.7721415574256,1143.0660301258522,288.8054030087751,4572938.779561804,226811.17356998485,497.4669544303967,19.456757006989438,128887.22999653305,2.442349832460486,0.03739413371143883,5680.9174762192,0.8799118857095596,7272.239826393519,25.314094311044173,288.8054030087751,0.1292861692570077,,,0.00024364256172909696,1.9751842347441095e-05,0.00013750921639996632,9679.093651359317,75051.17753254873,4852984.125835376,297.01044515615035,4429819.534785129,0.15735220655065982,0.01995046649221866,0.1670038498181157,-0.23865261202900306,0.9711050050183729,0.001969881411777535,0.001086379025523479,0.002569881411777535,7.387055294165756e-05,two-phase,False,
2.0941378771230506,1.5237596207835749,2778.7714766473296,3777.22872906621,1.0782884167147466,4072.941985834258,6162956.423121582,1265.6253418493336,1143.9124141464686,288.8254041097421,4575064.271972111,226467.47452798433,500.7090283191563,19.238048807452277,128489.31148772033,2.4430809672013236,0.0373795929603703,5632.524329198453,0.88080321141633,7207.402697951031,25.317591727671974,288.8254041097421,0.12721128173984989,,,0.0002455227703900552,1.9749113793216874e-05,0.00013874623659980686,9632.664725135934,74685.86512995724,4816298.387613423,297.01980745033677,4420620.902985481,0.15766058301741223,0.020026023093371273,0.16732134763145812,-0.23729776031924785,0.9714369629304151,0.001979376134301986,0.0010878178951367916,0.0025793761343019857,7.422660503632447e-05,two-phase,False,
2.10118589295545,1.5272910769750005,2778.1769101497534,3751.855980666213,1.0773398551283229,4042.0239786732695,6114242.868275998,1265.5082816269455,1144.7751814645014,288.8450783295644,4577155.30320888,226125.20690803227,503.9718492710294,19.02276824308175,128095.89654634164,2.4438016730025702,0.03736527886383482,5584.714895822832,0.8816868133078626,7143.390384193662,25.32131975427378,288.8450783295644,0.12514606189651856,,,0.00024740080842574176,1.9746206155609606e-05,0.0001399895492499923,9586.93968972012,74326.12499384918,4780125.596760855,297.02902116384564,4411581.176044887,0.15796906457389331,0.020101149483430673,0.16763884544480054,-0.23594263484828726,0.9717669849613373,0.001988816794906039,0.0010892386806987593,0.002588816794906039,7.458062980897646e-05,two-phase,False,
2.1081466703004925,1.5307904678144062,2777.5904482902315,3726.8904341117254,1.0763956835841773,4011.608776469022,6066235.993344484,1265.4200619536246,1145.6536007079349,288.8644260051246,4579212.2797637265,225784.3587645197,507.25466070973306,18.81087674876237,127706.91503602007,2.4445118909094234,0.037351187137020375,5537.486238165913,0.8825626275860753,7080.196823738635,25.32527023947118,288.8644260051246,0.12309109377495625,,,0.0002492765510599441,1.9743125947801952e-05,0.00014123901141380402,9541.904902846063,73971.84214989295,4744458.263926342,297.0380862373771,4402701.259838156,0.15827765060297874,0.02017584558607905,0.167956343258143,-0.2345871580389599,0.9720950906589355,0.001998203383999316,0.0010906416509964241,0.0025982033839993157,7.493262689997435e-05,two-phase,False,
2.1150217888368243,1.5342581562110018,2777.0119384354384,3702.324001750438,1.075455483330773,3981.684648749639,6018914.455098261,1265.3617234973042,1146.5491741988797,288.88346626948885,4581236.702098677,225444.91874138472,510.55964631190835,18.602228357289377,127322.34577411662,2.4452122550365556,0.03733731344938812,5490.810654939985,0.8834311275531864,7017.786066822415,25.32945589771155,288.88346626948885,0.12104513034553954,,,0.000251149975002171,1.9739863423010743e-05,0.00014249508185033494,9497.547130711017,73622.92330198578,4709280.0074753435,297.0470114281937,4393969.970874139,0.15858634050486195,0.02025011125451999,0.1682738410714854,-0.23323122410679123,0.9724213058657486,0.0020075358831348356,0.0010920270677598322,0.0026075358831348355,7.528259561755634e-05,two-phase,False,
2.12181277509018,1.5376944938346622,2776.441232731256,3678.148806658484,1.0745195486276458,3952.242795515988,5972273.560950664,1265.331245327016,1147.459858822431,288.9021900313287,4583228.715958411,225106.8751528797,513.8849876551986,18.396827534608832,126942.09806046599,2.4459023647039255,0.037323653829245594,5444.700382911354,0.8842919290602637,6956.170538153789,25.333856409326096,288.9021900313287,0.11900940028777104,,,0.0002530208926269785,1.973643459256113e-05,0.0001437572576053327,9453.853490517278,73279.25084625916,4674589.268018394,297.05579227395793,4385395.404821401,0.15889513367893138,0.020323946345287985,0.16859133888482783,-0.2318748435486785,0.9727456280699883,0.0020168142742841904,0.0010933951872172368,0.0026168142742841903,7.563053528565714e-05,two-phase,False,
2.1285211049332733,1.5410998216408425,2775.878187893072,3654.3571760783157,1.073587393738756,3923.2717964564386,5926291.080896358,1265.3300055700738,1148.3875291242057,288.9206163909608,4585189.6103797,224770.2169884929,517.2329216803618,18.19453295524605,126566.15303417169,2.4465828595319765,0.037310204152971684,5399.124356117267,0.8851455864181367,6895.310329108291,25.33848803706323,288.9206163909608,0.11698265260531471,,,0.0002548892995135376,1.9732826965391056e-05,0.000145026105029463,9410.81143905154,72940.73726769681,4640368.741814977,297.0644375376677,4376965.628736452,0.15920402952378565,0.020397350718251984,0.16890883669817025,-0.23051802687257694,0.97306805480746,0.002026038539837993,0.0010947462602354024,0.0026260385398379927,7.597644524392474e-05,two-phase,False,
2.135148205933525,1.5444744703630366,2775.3226650082534,3630.9416350963666,1.0726590589712242,3894.7624374819065,5880957.051623246,1265.3571289779018,1149.3314508855296,288.9387456354882,4587119.783393138,224434.9332365393,520.602692564363,17.99531369221761,126194.44599615387,2.4472536886491345,0.03729696056551523,5354.080751393278,0.885992025634102,6835.20096781174,25.343342733757634,288.9387456354882,0.11496546713399844,,,0.0002567550694174131,1.972904700270632e-05,0.00014630147741217706,9368.408761708837,72607.2797194868,4606612.021818438,297.0729471687064,4368681.599031601,0.1595130274372484,0.02047032423661883,0.16922633451151267,-0.22916078459721295,0.9733885836616277,0.0020352086626063085,0.0010960805324555967,0.0026352086626063084,7.632032484773657e-05,two-phase,False,
2.14169545955994,1.5478187609752385,2774.7745293499165,3607.8949005504396,1.071734537119142,3866.705571215938,5836260.623211877,1265.4119684511859,1150.2911482791394,288.9565874361105,4589019.976208886,224101.01294760083,523.9946193138101,17.7991017811491,125826.93682941346,2.447915150246189,0.03728391922250399,5309.565001523411,0.8868312343876612,6775.834720366558,25.348414884856112,288.9565874361105,0.11295777488912151,,,0.0002586180875637595,1.972509927233023e-05,0.00014758329287375272,9326.633561940982,72278.7870549277,4573311.8388546845,297.0813255272112,4360537.484101876,0.1598221268163838,0.020542866766936653,0.1695438323248551,-0.22780312725161897,0.9737072122637187,0.0020443246258190794,0.0010973982444254353,0.0026443246258190793,7.666217346821548e-05,two-phase,False,
2.1481642032594124,1.5511330051266343,2774.233650201183,3585.2098751573903,1.070813611329758,3839.0915337923957,5792186.532593576,1265.494803625196,1151.26720528021,288.9741514476047,4590891.114810733,223768.4455012282,527.4099312700702,17.60580091609191,125463.58644420163,2.4485675453529945,0.03727107637203971,5265.561295021051,0.8876634480116624,6717.190294934231,25.353708808182216,288.9741514476047,0.11095896667337109,,,0.0002604782905533287,1.972098061797723e-05,0.00014887176871468863,9285.474251110572,71955.17067565452,4540456.929226469,297.0895769762054,4352528.194267791,0.16013132705751135,0.020614978179098038,0.1698613301381975,-0.22644506537470727,0.9740239382928145,0.0020533864131265273,0.0010986996317267144,0.002653386413126527,7.700199049224477e-05,two-phase,False,
2.1545557324118785,1.554417505550561,2773.699900689201,3562.879641851936,1.0698962074389688,3811.911416378898,5748722.958549551,1265.6053175232273,1152.2595123075698,288.99144730881557,4592733.616100107,223437.22042435998,530.8480807935686,17.41537715444352,125104.3567533147,2.4492111777670775,0.03725842835186553,5222.061630612954,0.8884887353226633,6659.255903967497,25.359222370919433,288.99144730881557,0.10896950810683044,,,0.0002623355820135883,1.9716692913004012e-05,0.00015016692771998942,9244.919538732502,71636.344448108,4508039.039163484,297.0977058815134,4344646.736874944,0.16044062755622127,0.020686658346343083,0.17017882795153996,-0.22508660951488058,0.9743387594759307,0.0020623940085995325,0.0010999849250993789,0.0026623940085995323,7.733977532248247e-05,two-phase,False,
2.1608713021729447,1.5576725564496021,2773.173157628247,3540.89745832795,1.0689822986748367,3785.156704375299,5705859.336903565,1265.7430080896274,1153.2677416993638,289.0084658823512,4594548.293882843,223107.32733244903,534.30986512679,17.227753077142697,124749.16453216784,2.449845653923371,0.03724597176040698,5179.060374384686,0.8893071156196668,6602.022676018872,25.36495142454476,289.0084658823512,0.1069890106492196,,,0.00026418985476719904,1.9712239603036173e-05,0.0001514687314892739,9204.958423085756,71322.20696939356,4476050.968578294,297.1057077887914,4336903.798957601,0.16075002770738955,0.020757907145262378,0.17049632576488238,-0.22372777022972398,0.9746516735880753,0.0020713473967300107,0.0011012543505617585,0.0026713473967300105,7.76755273773754e-05,two-phase,False,
2.167112129211887,1.5608984438585274,2772.653301371291,3519.25675177397,1.0680717743713903,3758.8188033357196,5663583.495253188,1265.9077540128744,1154.291997085692,289.02523554843617,4596335.602181346,222778.75603543274,537.7951900045143,17.042882406780883,124398.02000021667,2.4504719809207014,0.03723370293403442,5136.547753183482,0.8901187022253358,6545.4767789659645,25.37089588053456,289.02523554843617,0.10501771389955156,,,0.00026604102307686703,1.9707620982498197e-05,0.00015277725882605257,9165.58018217932,71012.69458041119,4444484.039878538,297.1135958901481,4329276.434599833,0.16105952690519332,0.02082872445579981,0.1708138235782248,-0.22236855808549813,0.974962678452348,0.002080246562431266,0.0011025081295272057,0.002680246562431266,7.800924609117248e-05,two-phase,False,
2.1732793933522685,1.5640954459866294,2772.140215669467,3497.951113795028,1.0671643952794931,3732.8888850703006,5621880.758934415,1266.100006056172,1155.3330304747024,289.0417471508392,4598096.584582199,222451.49669720783,541.3058329405017,16.860661403698273,124050.84207218702,2.451089768353316,0.037221618638392545,5094.507335833956,0.8909237572609777,6489.596359972463,25.377061752487343,289.0417471508392,0.10305468792153016,,,0.0002678890346828974,1.970283261619097e-05,0.00015409278860052913,9126.774365056663,70707.71054426624,4413327.297862432,297.1213657345393,4321776.230729276,0.161369124543126,0.020899110161255296,0.17113132139156723,-0.22100898365677793,0.9752717719400055,0.0020890914910383336,0.001103746478917255,0.0026890914910383335,7.834093091393751e-05,two-phase,False,
2.1793742391218363,1.5672638335409033,2771.6337875389127,3476.9742955132933,1.066260170059184,3707.359203625416,5580742.028768632,1266.3191626945652,1156.3903822041948,289.05801028509904,4599831.589682605,222125.53952561045,544.8412538048552,16.681062089104238,123707.59681086476,2.451699327404454,0.037209715545247005,5052.935680157445,0.8917222608909001,6434.375343814794,25.383443734543654,289.05801028509904,0.1011003939866732,,,0.0002697337768139928,1.969787887053179e-05,0.00015541524181695047,9088.53078342419,70407.17800010165,4382574.688625585,297.1290216953892,4314396.022717424,0.1616788200140127,0.02096906414828733,0.17144881920490965,-0.21964905752604594,0.9755789519705311,0.0020978821683082993,0.0011049696112714266,0.002697882168308299,7.867058131156123e-05,two-phase,False,
2.185397777217809,1.5704038700313734,2771.1339071345064,3456.3202028403175,1.0653591711409185,3682.222426495572,5540159.711906496,1266.5643645555288,1157.4632942565656,289.0740251629766,4601540.890546272,221800.87469526046,548.4006287508855,16.504064782356384,123368.22835519964,2.4523006196901855,0.037197990491368155,5011.832351975849,0.8925141283586723,6379.811346228666,25.390033739930903,289.0740251629766,0.09915540611483625,,,0.00027157512072178524,1.96927662689022e-05,0.00015674444677602194,9050.839503589586,70111.01347493233,4352221.43295191,297.13656373525913,4307136.425134342,0.16198861271002543,0.02103858630691543,0.17176631701825207,-0.21828879028332165,0.9758842165116947,0.002106618580420609,0.0011061777348537881,0.0027066185804206088,7.899819676577283e-05,two-phase,False,
2.1913510858932073,1.5735158120597876,2770.640467630052,3435.98289191404,1.0644610596288777,3657.4699899935144,5500117.732564309,1266.8365409779947,1158.553047399233,289.0898107268332,4603225.538490388,221477.49285616615,551.9865381944154,16.32954830416926,123032.7274379735,2.4528943124738056,0.03718644021262875,4971.176487959274,0.8932997289762832,6325.877277588296,25.396842818724302,289.0898107268332,0.09721845160656205,,,0.0002734130430969779,1.9687486494634897e-05,0.00015808084098356776,9013.690838696877,69819.15298110357,4322255.199290804,297.1440006449457,4299984.96326797,0.1622985020226984,0.021107676530522448,0.17208381483159452,-0.21692819252569656,0.9761875635796301,0.002115300713977357,0.0011073710537563876,0.0027153007139773568,7.932377677415089e-05,two-phase,False,
2.1972352122694105,1.576599909592784,2770.153365104513,3415.9565646939805,1.063565971009312,3633.0951606543867,5460610.230410742,1267.134592145319,1159.6585988331392,289.1053578019095,4604885.841407113,221155.384547419,555.5979346689099,16.15750308106357,122701.01733736417,2.453480018181636,0.037175061782165696,4930.970836571287,0.8940789122671604,6272.574695078129,25.40386025812104,289.1053578019095,0.09529021623778511,,,0.00027524740084701823,1.9682048118657925e-05,0.00015942416768423105,8977.075341245469,69531.50844735677,4292672.643207608,297.1513279766192,4292950.437177462,0.1626084873429434,0.021176334715856775,0.17240131264493694,-0.2155672091003115,0.976489005755161,0.0021239285560035615,0.0011085497679996588,0.0027239285560035614,7.964732085013356e-05,two-phase,False,
2.2030511700286235,1.579656404351859,2769.672498727319,3396.2355767273334,1.0626735684900501,3609.0897797536986,5421621.689463982,1267.459469869395,1160.7812412657597,289.1206853063717,4606522.549058434,220834.54077720313,559.236489759991,15.98784053187384,122373.09072536885,2.4540584083959933,0.03716385208569809,4891.195105035216,0.8948520413103872,6219.877281812651,25.411097280252584,289.1206853063717,0.09336996321328823,,,0.00027707817234412074,1.9676442716566944e-05,0.00016077487620600952,8940.983817887633,69248.0199515414,4263461.844560835,297.1585545253449,4286019.289072462,0.16291856807022476,0.02124456072126635,0.17271881045827936,-0.21420567305456464,0.9767885798018121,0.0021325020886987017,0.00110971407291924,0.0027325020886987015,7.996882832620132e-05,two-phase,False,
2.208799938211614,1.5826855287777282,2769.1977708503023,3376.814440850205,1.0617818151920506,3585.44016657266,5383137.608301006,1267.8095567926755,1161.919791931272,289.1357840571482,4608135.624915506,220514.9529789486,562.9001075476323,15.820582049082095,122048.87351321535,2.4546290968364053,0.03715280835492748,4851.844176092094,0.8956192948516793,6167.777548322566,25.418592700375175,289.1357840571482,0.09145891809169629,,,0.0002789057838206529,1.967064053835758e-05,0.00016213295504990567,8905.407336894452,68968.6038464232,4234612.005590384,297.1656758447382,4279199.02775287,0.16322874361864312,0.02131235433745138,0.17303630827162178,-0.2128439058530185,0.9770862151014267,0.002141021285761389,0.0011108641587868086,0.0027410212857613887,8.028829821605209e-05,two-phase,False,
2.214482491049842,1.5856875214114232,2768.729084540117,3357.687726388226,1.0608949284054512,3562.1538800944995,5345165.489466822,1268.1859666990033,1163.0748001688467,289.1506635922676,4609726.238177177,220196.61171393807,566.5922843050118,15.65559095968724,121728.33644351983,2.4551924047363185,0.03714192766792973,4812.924523912134,0.8963801455511118,6116.280882692435,25.426249493355492,289.1506635922676,0.08955537637225519,,,0.00028072902902596426,1.966471697411222e-05,0.00016349805039689286,8870.337043994086,68693.19443934628,4206130.908968153,297.17269631834506,4272485.706232182,0.16353901334297946,0.021379715626923725,0.1733538060849642,-0.21148209591159184,0.9773818716903031,0.0021494861550470953,0.0011120002166446878,0.002749486155047095,8.060573081426608e-05,two-phase,False,
2.220099762948966,1.588662608136698,2768.266346466827,3338.8501775027034,1.06001071151892,3539.2169523097127,5307687.555250699,1268.587850694797,1164.245952304905,289.1653427918246,4611294.517342286,219879.5081787677,570.3116827040184,15.49286933364712,121411.47429685488,2.45574901059104,0.03713120710274228,4774.422769048346,0.8971349597835239,6065.369861416592,25.434114373775195,289.1653427918246,0.08766021628939624,,,0.0002825483753821292,1.9658636139324116e-05,0.00016487040738624403,8835.764379585773,68421.73696556869,4178004.786811955,297.1796247479616,4265863.5316851325,0.16384937663179797,0.021446644499992375,0.17367130389830662,-0.21012000877911655,0.977675601572763,0.0021578966852849155,0.0011131224311740728,0.0027578966852849153,8.092112569818433e-05,two-phase,False,
2.2256526627949453,1.5916110093684877,2767.8094657150673,3320.29666431555,1.0591289962562218,3516.62247334941,5270692.590755375,1269.0154863501741,1165.4337519890705,289.1798031055378,4612841.028642673,219563.6338300657,574.0590309922883,15.332362204395263,121098.1928059829,2.4562981751741058,0.03712064415918437,4736.327132994033,0.897883920659934,6015.0286312215285,25.44219124764244,289.1798031055378,0.08577315783303341,,,0.00028436376312170617,1.9652395311914484e-05,0.00016625024772274783,8801.68098987793,68154.1442363462,4150225.3534902427,297.18645227337055,4259350.252973496,0.16415983287311778,0.02151314087034093,0.17398880171164904,-0.20875765508694966,0.9779674030572788,0.002166252865628012,0.0011142309834446635,0.002766252865628012,8.123448246105046e-05,two-phase,False,
2.2311420749128645,1.5945329402519337,2767.3583536994765,3302.022179331515,1.0582499049918592,3494.3646575585876,5234175.417979373,1269.4679126839872,1166.6372918959426,289.19406339903855,4614366.011115844,219248.98003337043,577.8339883041757,15.174044618958074,120788.48844282537,2.4568405795322326,0.03711023603981908,4698.6397174336635,0.8986269034184919,5965.258204733916,25.450470773526114,289.19406339903855,0.08389453782723745,,,0.0002861750555532093,1.9646002011094665e-05,0.00016763733700687406,8768.07872087806,67890.36488999809,4122789.6032087742,297.1931876989167,4252930.526698106,0.16447038145442858,0.021579204655029015,0.1743062995249915,-0.20739504547073295,0.9782572745010346,0.002174554685653789,0.0011153260509989388,0.0027745546856537888,8.154580071201708e-05,two-phase,False,
2.2365688599788642,1.597428610851614,2766.9129240840334,3284.0218339801936,1.0573729917327908,3472.4359915114437,5198119.649161873,1269.9466266867723,1167.8584494096533,289.2081238218215,4615870.373781625,218935.53874628607,581.6389266508913,15.017821559657126,120482.31360162733,2.4573761959866904,0.03709998018645741,4661.336277189763,0.8993643758627328,5916.027682211629,25.458969822977302,289.2081238218215,0.08202330212524689,,,0.0002879822702116191,1.963944352330936e-05,0.0001690323395556126,8734.949612593586,67630.33214228497,4095684.6376271565,297.199830998102,4246607.462406418,0.16478102176270562,0.02164483577449352,0.1746237973383339,-0.20603219057002076,0.9785452143099564,0.002182802135364051,0.0011164078079340485,0.0027828021353640507,8.185508007615191e-05,two-phase,False,
2.2419338558879915,1.600298226331589,2766.4730927050678,3266.2908552732024,1.0564986771872973,3450.831967905104,5162526.358196958,1270.4494073411665,1169.094881085268,289.2219938664488,4617354.0865048,218623.30147771817,585.4721697387666,14.863705472657983,120179.64380865415,2.4579053539695166,0.03708987400854391,4624.432601106756,0.9000959091421388,5867.354743155152,25.467665574020366,289.2219938664488,0.0801604419654917,,,0.00028978519073099635,1.9632737776722315e-05,0.00017043455590725931,8702.28589343505,67373.98925387798,4068912.864484636,297.20638656250486,4240372.723516114,0.16509175318442573,0.021710034152549858,0.17494129515167633,-0.20466910102777686,0.9788312209387692,0.0021909952051851617,0.0011174764249813965,0.0027909952051851615,8.216232019444357e-05,two-phase,False,
2.2472378785805454,1.6031419871267893,2766.0387774977544,3248.8245825722283,1.0556266001065973,3429.5456484434562,5127381.207952877,1270.9774097390236,1170.3480674544403,289.23567367131545,4618817.78670234,218312.26022523365,589.3350331656331,14.711631732194867,119880.43309400263,2.4584280277488797,0.03707991506254569,4587.908589861667,0.9008218822844798,5819.213580617185,25.476571204512332,289.23567367131545,0.07830544244982224,,,0.00029158381386579967,1.9625874925878626e-05,0.00017184452609384036,8670.079974813643,67121.27257536314,4042463.1200711746,297.21285436758217,4234228.422663177,0.16540257510558243,0.021774799716392925,0.17525879296501876,-0.20330578749008882,0.9791152928910032,0.002199133885968161,0.0011185320695839898,0.002799133885968161,8.246752072380604e-05,two-phase,False,
2.252481722829381,1.605960089106289,2765.609898425875,3231.618464463664,1.0547565451152714,3408.570726708413,5092673.010257162,1271.5311720105215,1171.6187828320021,289.24916337283685,4620262.0950914705,218002.40729707034,593.2288904828632,14.561537012962773,119584.63636066289,2.4589441918789063,0.03707010096031139,4551.751209169564,0.9015425186725348,5771.5869834442365,25.485693276525375,289.24916337283685,0.07645778798236907,,,0.0002933780989680914,1.961885025354775e-05,0.0001732625710863397,8638.324445925053,66872.1199959992,4016326.9823077433,297.2192343891328,4228176.60347609,0.16571348691170165,0.021839132396598068,0.17557629077836118,-0.20194226060570156,0.9793974287190358,0.00220721816898889,0.0011195749059716312,0.00280721816898889,8.277068133708337e-05,two-phase,False,
2.257666162990396,1.6087527237289136,2765.186377414691,3214.6680557358995,1.0538887805753052,3387.9025972138943,5058400.17702823,1272.1091616800645,1172.9054560809159,289.2624724440623,4621687.139927691,217693.73473750002,597.1531501522186,14.413408129084468,119292.23142375807,2.459454179301265,0.03706042927583292,4515.969098786631,0.9022575540995531,5724.4840627932335,25.49501627221299,289.2624724440623,0.07461792668636293,,,0.00029516787195191767,1.9611676049210837e-05,0.00017468823199274573,8607.012068712385,66626.47923281066,3990504.4084636504,297.22553102218194,4222209.567048667,0.16602448798785696,0.021903032127121823,0.1758937885917036,-0.20057853102565237,0.9796776270241101,0.0022152480459480817,0.0011206050952340136,0.0028152480459480815,8.307180172305306e-05,two-phase,False,
2.2627919537183074,1.6115200781916403,2764.7681382867277,3197.9690144553783,1.053023107738063,3367.535270051833,5024552.121048433,1272.711866231381,1174.2087976935447,289.2756010110051,4623093.283138732,217386.23488179254,601.1080601326408,14.267211408059504,119003.17471427546,2.4599579664186306,0.037050897726438055,4480.550001746276,0.9029671975173611,5677.888613383026,25.504546181312357,289.2756010110051,0.0727858829702115,,,0.00029695308877480833,1.960434804232506e-05,0.00017612180655375264,8576.135773000931,66384.29104172291,3964987.435941291,297.2317442443634,4216328.414123002,0.16633557771868518,0.02196649884530257,0.17621128640504602,-0.19921460940275137,0.9799558864563798,0.0022232235089714447,0.0011216227953917998,0.0028232235089714446,8.337088158642918e-05,two-phase,False,
2.2678598306497126,1.6142623355712098,2764.3551067003405,3181.5170991377386,1.0521594918682289,3347.4634143988446,4991121.608226216,1273.3390774414968,1175.528727658087,289.28855853222717,4624480.933900778,217079.90016097197,605.0941524617651,14.122907347609901,118717.44543562138,2.4604558888368864,0.03704150398820201,4445.4890992032015,0.9036714917962381,5631.79348228956,25.51428156262876,289.28855853222717,0.07096156191136951,,,0.0002987336607469944,1.959686769046083e-05,0.00017756332918540508,8545.68865179805,66145.5058719425,3939771.0111250123,297.23787845326774,4210526.530145154,0.16664675548840208,0.022029532491861094,0.17652878421838847,-0.1978505063914167,0.9802322057148806,0.0022311445506097345,0.0011226281614657352,0.0028311445506097343,8.366792064786504e-05,two-phase,False,
2.2728705110552063,1.6169796749593135,2763.947210090893,3165.3081660105618,1.0512978646721904,3327.6817159563507,4958100.899376007,1273.9907411167903,1176.8653364061474,289.3013451238995,4625850.6677354565,216774.72314098707,609.1128826711027,13.980436465911707,118435.00148228668,2.4609479247231882,0.03703224587831457,4410.78011946084,0.9043705142017293,5586.1897824551515,25.524222597307254,289.3013451238995,0.0691444447646502,,,0.0003005095094296323,1.958923520956712e-05,0.0001790128941091035,8515.663956751683,65910.06718401833,3914849.607497054,297.2439336282668,4204805.826841396,0.1669580206808175,0.02209213301090095,0.1768462820317309,-0.19648623264697326,0.9805065835476066,0.002239011163838795,0.0011236213455438691,0.0028390111638387948,8.396291864395482e-05,two-phase,False,
2.277824694462328,1.619672271591745,2763.5443776144216,3149.3381663642754,1.0504381224370982,3308.184870395183,4925481.730779369,1274.6669648503066,1178.2188929891076,289.313960900598,4627202.58350801,216470.6965634357,613.1633451897063,13.839795154643177,118155.80153449402,2.461434052479228,0.03702312126229934,4376.415376797255,0.9050643759221162,5541.066938628405,25.534371168496545,289.313960900598,0.06733509612905336,,,0.00030228056749456803,1.9581449517616605e-05,0.00018047065864314077,8486.055093761299,65677.91977078006,3890217.213303074,297.24990974900913,4199166.444749326,0.16726937267935138,0.022154300349908757,0.1771637798450733,-0.19512179882549666,0.9807790187514731,0.0022468233420596014,0.0011246024968469344,0.002846823342059601,8.425587532723505e-05,two-phase,False,
2.2827230632508804,1.622340296971822,2763.1465400936518,3133.6031439880444,1.0495802751549805,3288.9680500934837,4893258.135943066,1275.367376108163,1179.5891220766025,289.32640597530536,4628537.237062902,216167.81321198994,617.2470302329884,13.700925568719557,117879.80504076359,2.4619142507419634,0.03701412805273396,4342.392110564899,0.9057530776501086,5496.420379561638,25.54472403689178,289.32640597530536,0.06553299677780156,,,0.0003040467358664602,1.9573513469078715e-05,0.00018193659344516042,8456.855618735364,65449.00971946086,3865869.794728351,297.2558067954189,4193610.2168377936,0.16758081086704876,0.022216034459754334,0.17748127765841573,-0.19375721558330927,0.9810495101723475,0.0022545810790982725,0.0011255717617919528,0.0028545810790982723,8.454679046618522e-05,two-phase,False,
2.287566283222155,1.6249839189884132,2762.7536299662393,3118.099232687506,1.0487242468706879,3270.0262694682747,4861422.645893581,1276.0919810113282,1180.9761718639538,289.33869911163276,4629854.768292115,215866.06601259872,621.3635940252021,13.563812419219188,117607.01570245289,2.4623892195284696,0.03700526402139097,4308.704041251719,0.9064367019792875,5452.241291393084,25.555281974004863,289.33869911163276,0.063738470126341,,,0.0003058079408525993,1.956542684634065e-05,0.00018341081154618036,8428.059233489706,65223.300745387285,3841801.982179395,297.2616335899288,4188121.7195571368,0.1678923346265956,0.02227733529469069,0.17779877547175815,-0.19239249357653293,0.9813180567050642,0.0022622843692060714,0.0011265292840541116,0.002862284369206071,8.483566384522767e-05,two-phase,False,
2.2923550041434466,1.627603302028859,2762.3655812351362,3102.822653881357,1.0478697887732873,3251.354118923628,4829964.715673465,1276.8415383257648,1182.3810328555558,289.3508310833528,4631155.885314262,215565.44823283565,625.515543574643,13.428378987642137,117337.37245659415,2.4628585793573015,0.03699652726330519,4275.337711445249,0.9071154968933215,5408.512171356001,25.56605372600284,289.3508310833528,0.06195057296746295,,,0.00030756416047694415,1.9557183340010653e-05,0.00018489373201304712,8399.659781781285,65000.733112321395,3818005.699096259,297.2673856936716,4182711.2376761436,0.16820394334033445,0.022338202812353984,0.17811627328510057,-0.19102764346079246,0.9815846572934076,0.0022699332070594013,0.0011274752046269772,0.002869933207059401,8.512249526472755e-05,two-phase,False,
2.2970898602691596,1.630198607087046,2761.982329420959,3087.7697142740085,1.0470173718242648,3232.9485310377336,4798887.32444076,1277.613717186857,1183.8012202214952,289.3628019929844,4632440.208911437,215265.9526477593,629.6994216255645,13.29467831471244,117070.83681339605,2.4633223107260624,0.03698791582418733,4242.309524196287,0.9077890287302484,5365.251789994939,25.5770152147887,289.3628019929844,0.060170953597078296,,,0.00030931516242821633,1.954880175818555e-05,0.00018638454244864869,8371.651245472358,64781.25650765129,3794484.6204578737,297.27306308841827,4177377.1650961027,0.16851563639027953,0.022398636973763188,0.17843377109844302,-0.1896626758906962,0.9818493109301348,0.002277527587759762,0.0011284096618810826,0.002877527587759762,8.540728454099107e-05,two-phase,False,
2.301771470839755,1.632769991866918,2761.6038115162655,3072.936803601478,1.0461663851296414,3214.803187555593,4768173.4557492975,1278.4108514598756,1185.2394879203994,289.3746305820772,4633708.81353923,214967.57279186364,633.9199463875239,13.16258904356842,116807.41419845753,2.4637811178324007,0.036979427603937444,4209.591392276906,0.9084578838452844,5322.424935738498,25.58819187898355,289.3746305820772,0.058397762614424635,,,0.0003110610328716141,1.954026303869743e-05,0.0001878842843391361,8344.027740819902,64564.83800578083,3771224.992094779,297.2786746005216,4172107.5919088996,0.16882741315813266,0.02245863774331979,0.17875126891178544,-0.18829741959687288,0.9821120515364624,0.0022850675068337126,0.001129332791620955,0.0028850675068337124,8.569003150626422e-05,two-phase,False,
2.306400431598313,1.6353176059446721,2761.2299666649865,3058.3204206964083,1.0453169486473177,3196.9141701481503,4737819.843392878,1279.2321427530235,1186.6950658438782,289.3863076205551,4634961.70377218,214670.30211115064,638.1758997947121,13.03211790078219,116547.04623270585,2.464234621768274,0.036971060840623085,4177.185347540617,0.9091219603997976,5280.032987501193,25.59957587618952,289.3863076205551,0.05663168329340504,,,0.0003128016414509052,1.9531573586148985e-05,0.00018939275613754375,8316.783567562448,64351.421779579956,3748224.9970703316,297.28421579178195,4166910.1971490406,0.16913927304728682,0.022518204973256503,0.17906876672512786,-0.186931999425204,0.9823728556871345,0.002292552945712267,0.001130244725375967,0.002892552945712267,8.597073546421002e-05,two-phase,False,
2.31097733888085,1.637841603860118,2760.8607342108203,3043.917096653579,1.0444690941438883,3179.2773325908584,4707821.617584379,1280.0771708128204,1188.167608801159,289.39783320121023,4636199.104894008,214374.13406826044,642.4676253601306,12.903238605328577,116289.69600635166,2.464682804781408,0.036962813692732306,4145.089776121462,0.909781240796067,5238.07291410284,25.611163379208914,289.39783320121023,0.054872735470159764,,,0.0003145368885403525,1.9522736729948742e-05,0.0001909099045390583,8289.913066220613,64140.960548965726,3725481.4079263285,297.289686645689,4161785.6246972526,0.16945121542466998,0.02257733870727124,0.17938626453847029,-0.1855666799721438,0.9826316742727744,0.0022999839098866684,0.0011311455951117449,0.0028999839098866683,8.624939662075007e-05,two-phase,False,
2.31550277322731,1.6403421359807697,2760.496055018554,3029.723446250309,1.0436228986369807,3161.8887650441698,4678174.817810809,1280.9453290316906,1189.6565609978518,289.40921673014475,4637421.172045144,214079.06208982226,646.7944366169204,12.775945874645283,116035.34887232246,2.4651260121872567,0.03695468426705661,4113.304841948715,0.9104356675483951,5196.543869414246,25.62294857608705,289.40921673014475,0.053121359205101845,,,0.00031626666031245743,1.951375730686325e-05,0.0001924355927957787,8263.410714239464,63933.416253944866,3702991.7601278317,297.2950915691304,4156726.447124604,0.16976323966239223,0.02263603896559576,0.1797037623518127,-0.18420135775166546,0.9828885286757817,0.002307360401899314,0.0011320355299620157,0.0029073604018993136,8.652601507122428e-05,two-phase,False,
2.319977298408519,1.6428193478044815,2760.1358715462743,3015.736170193318,1.0427779764321072,3144.743261007301,4648867.226552932,1281.8380135952757,1191.1636062965342,289.420467604859,4638628.606288401,213785.08009420615,651.1596846399253,12.650155292186039,115783.99087076115,2.4655645909698727,0.036946670713936695,4081.8124842962998,0.9110856045231548,5155.42289936123,25.63494686674087,289.420467604859,0.051376364230433395,,,0.0003179909827296004,1.9504624004066373e-05,0.0001939705082436404,8237.271130705944,63728.751955842505,3680746.4011402098,297.30043497052634,4151727.269659654,0.17007534514105782,0.022694305726233897,0.18002126016515513,-0.18283597156492218,0.9831434318053043,0.0023146824189860834,0.0011329146560079154,0.0029146824189860833,8.680059071197813e-05,two-phase,False,
2.3244014653815337,1.6452733819959462,2759.7801275208876,3001.9520419610985,1.0419345200205603,3127.837459965478,4619897.2217047885,1282.7541372522699,1192.687644374146,289.4315672817847,4639821.3445664635,213492.18183049661,655.5617735511315,12.525881440263376,115535.54438397466,2.46599779890667,0.03693877150592795,4050.6174726691434,0.9117308903864747,5114.714795583253,25.64714731346524,289.4315672817847,0.04963855767177034,1121214.595268021,4.120439781289526,0.0003197097076812415,1.9495345579330396e-05,0.00019551432288336727,8211.48905227026,63526.907628237444,3658744.848164906,297.3057079882827,4146803.312508542,0.1703875312410364,0.022752138970568186,0.18033875797849755,-0.18147053205219585,0.9833963829487543,0.002321949958807438,0.0011337830970278124,0.002921949958807438,8.707312345527894e-05,two-phase,False,
2.3287758126774514,1.6477043784672953,2759.428767902055,2988.367905937914,1.0410923752148362,3111.167041208689,4591257.0189479785,1283.6941133062433,1194.2292523107526,289.44254377628306,4640999.7887189435,213200.36127361798,660.0020295547853,12.40308205660668,115290.03941845126,2.4664267108955653,0.03693098467606184,4019.711192482987,0.9123716743727323,5074.408118112918,25.659554868024767,289.44254377628306,0.047907587912940294,1126946.7317214282,4.074067468951939,0.00032142279304022835,1.9485918698576754e-05,0.00019706731834015005,8186.059330094949,63327.86431441625,3636981.259105849,297.3109238791844,4141932.4860840808,0.17069979734247884,0.022809538683358714,0.18065625579184,-0.18010504984991807,0.9836473814424347,0.0023291630194482737,0.0011346409745458758,0.0029291630194482735,8.734361322931026e-05,two-phase,False,
2.333100866773792,1.6501124744555276,2759.0817388474616,2974.9806756047556,1.0402514513264538,3094.727965466001,4562940.103541841,1284.6580885429482,1195.7887056331733,289.4533785445521,4642164.29752087,212909.61255080684,664.4816090301334,12.281719788771447,115047.39964458524,2.466850584661607,0.03692330876887421,3989.087439267393,0.913008050763006,5034.494372186904,25.672171641916183,289.4533785445521,0.04618317590479998,1132644.1909905632,4.028573262315754,0.0003231301785355538,1.947634220330726e-05,0.00019862967878651454,8160.976926900082,63131.56395247574,3615450.869053524,297.31607378166905,4137131.5491539566,0.1710121428253325,0.02286650485274186,0.18097375360518242,-0.1787395355904426,0.983896426671483,0.0023363215994177634,0.001135488407879389,0.0029363215994177632,8.761205997816612e-05,two-phase,False,
2.3373771424522003,1.652497804596921,2758.7389876793836,2961.787331785282,1.039411915672056,3078.517044344167,4534944.629582035,1285.6451037544568,1197.3650425720116,289.4640902783047,4643314.944491763,212619.92964984884,669.0001639414526,12.1617861289691,114807.63464564238,2.467270133963847,0.03691574198122245,3958.7500474309554,0.9136398829008944,4994.977280423621,25.684988030365197,289.4640902783047,0.04446563444259878,1138305.8965568757,3.9839419643693694,0.00032483172436455855,1.9466623827462648e-05,0.00020020111080769332,8136.236914101211,62937.98134584073,3594152.937955321,297.3211665309578,4132385.044968404,0.17132456706935675,0.0229230374702289,0.18129125141852484,-0.17737399990147742,0.9841435180698751,0.002343425697649183,0.00113632551418483,0.0029434256976491827,8.787846366184437e-05,two-phase,False,
2.341605143142174,1.6548605009985695,2758.4004628524776,2948.7849209448523,1.0385735725450091,3062.5300900125476,4507262.40197942,1286.6557715338845,1198.959054605401,289.47466974277535,4644451.96384315,212331.30682911014,673.5577592108838,12.043264824890654,114570.69065931237,2.4676849804256666,0.03690828283057565,3928.6889012934007,0.9142673578871311,4955.8436373376835,25.698011053567125,289.47466974277535,0.04275510442881891,1143931.8060809118,3.940149559632592,0.0003265274040118583,1.945675869458369e-05,0.00020178199176138807,8111.834469036606,62747.06828012285,3573081.208709453,297.326197689648,4127701.4750156333,0.17163706945413856,0.022979136530704512,0.18160874923186726,-0.17600845340582422,0.9843886551203694,0.0023504753134997217,0.0011371524085027679,0.0029504753134997216,8.814282425623957e-05,two-phase,False,
2.345785361251488,1.657200693307189,2758.06611392275,2935.970553540808,1.0377362866723754,3046.7631800108766,4479886.431200444,1287.6904507954139,1200.571246216721,289.4851263134988,4645575.841403411,212043.73854755118,678.1566018135549,11.92610209891345,114336.55698174193,2.4680954751741866,0.036900929675212565,3898.896469046779,0.9148906048010079,4917.083394571206,25.71124502837855,289.4851263134988,0.041050934152125226,1149525.0361828206,3.8971629935756895,0.0003282171737405695,1.9446744000460872e-05,0.00020337259300992697,8087.764872280649,62558.79330927753,3552230.455888203,297.3311716700612,4123074.7004532656,0.1719496493591079,0.023034802032425136,0.18192624704520968,-0.17464290672089175,0.9846318373544896,0.002357470446750278,0.0011379692038016003,0.0029574704467502776,8.840514175313541e-05,two-phase,False,
2.3499182784840005,1.6595185087753526,2757.7358915176437,2923.341402422282,1.0369002763381632,3031.2135080024577,4452815.99854205,1288.7479806408492,1202.2004256953687,289.4954507573975,4646686.493423307,211757.21906778179,682.7953195370214,11.81030870350457,114105.18108558694,2.468501239406353,0.03689368109803546,3869.3783279422155,0.9155094485938117,4878.702451298318,25.7246781919318,289.4954507573975,0.0393538086080731,1155083.2176360234,3.8549741962792243,0.0003299008787602662,1.9436589109861762e-05,0.0002049725331648132,8064.023505040268,62373.11000902773,3531600.8498300286,297.33608403448443,4118512.04472785,0.17226230616355323,0.023090033977017203,0.1822437448585521,-0.1732773704583865,0.9848730643524712,0.002364411097605234,0.0011387760110201743,0.002964411097605234,8.866541616019628e-05,two-phase,False,
2.354004366145259,1.6618140723251824,2757.4097473071984,2910.8947012778076,1.0360652643727537,3015.87688824064,4426041.817805086,1289.829344717526,1203.8477894045393,289.50566174361046,4647784.440119703,211471.74301127996,687.4765199091197,11.695826131915538,113876.57437473208,2.4689029912819223,0.03688653542326874,3840.1218120492326,0.9161241399374734,4840.6845576806045,25.738321444021068,289.50566174361046,0.037662949356552546,1160609.8592030045,3.8135483536599173,0.0003315785216230647,1.9426286251318398e-05,0.0002065823517488498,8040.605846631435,62189.99645729909,3511185.1481062374,297.3409436221627,4113999.7510548662,0.172575039246637,0.023144832369475277,0.18256124267189452,-0.17191185522380836,0.9851123357432432,0.0023712972666922274,0.0011395729391093176,0.0029712972666922272,8.892364750095853e-05,two-phase,False,
2.3580440854363527,1.6640875066095437,2757.087633976259,2898.6277431291496,1.0352314071848807,3000.7504774247245,4399562.235584361,1290.9336606008683,1205.5124528449435,289.5157593328709,4648869.685252684,211187.30487275452,692.1991526249116,11.582660050405332,113650.70641157308,2.4693007189959326,0.03687949119825138,3811.1302173516724,0.9167345585967178,4803.032878553045,25.75216595014258,289.5157593328709,0.03597891511809409,1166102.9989752527,3.7728761862808047,0.00033324996780745677,1.941584257293246e-05,0.00020820178110070707,8017.507472032987,62009.4157124106,3490982.677638078,297.34575042226993,4109537.7209446216,0.1728878479874111,0.023199197218160005,0.18287874048523697,-0.17054637161613564,0.9853496512043687,0.0023781289550618857,0.0011403600950723135,0.0029781289550618855,8.917983581482071e-05,two-phase,False,
2.362037887736505,1.6663389320708353,2756.769505197683,2886.537878869762,1.0343984720431127,2985.8303713974497,4373368.952890134,1292.0617325175897,1207.1954068288787,289.5257342897021,4649942.641402232,210903.8994539061,696.9648572605543,11.470770679799339,113427.52631043456,2.4696940441186945,0.03687254709758855,3782.392641133537,0.9173409161795137,4765.733339306175,25.766220685290474,289.5257342897021,0.03430130284774121,1171564.869680344,3.7329294058496205,0.00033491520803707707,1.9405251787098215e-05,0.0002098312953753275,7994.724049514896,61831.323810892834,3470987.0164036043,297.35049999751135,4105135.085494264,0.17320073176483208,0.02325312853479599,0.1831962382985794,-0.16918093022745878,0.9855850104619954,0.002384906164187567,0.001141137584004352,0.002984906164187567,8.943398115703378e-05,two-phase,False,
2.3659862148795257,1.6685684670000807,2756.45531560614,2874.6225158463835,1.0335664341178306,2971.1133431381736,4347457.36385802,1293.2134726456447,1208.8966467149692,289.53559597216906,4651003.508670427,210621.52163062492,701.7744783449908,11.36013289787861,113207.02576705307,2.470083321135818,0.03686570163061263,3753.905946758673,0.9179432446137846,4728.781320837424,25.780485187099153,289.53559597216906,0.03263000131114523,1176996.2170913895,3.6936884764179796,0.00033657416749499424,1.939451474133643e-05,0.00021147097574453056,7972.25133833853,61655.69325129518,3451194.9156016996,297.35519676331813,4100784.7060652287,0.1735136899577769,0.023306626334469557,0.18351373611192182,-0.16781554164242787,0.9858184132908345,0.0023916288959650745,0.0011419055091309847,0.0029916288959650744,8.968608359869029e-05,two-phase,False,
2.3698894994104136,1.6707762275884266,2756.145020773588,2862.879116482344,1.0327354484867899,2956.5967483238587,4321825.994403289,1294.3880203123651,1210.6153079123474,289.5453351465415,4652052.235739032,210340.16615388854,706.6265603775136,11.250759074607927,112989.15501906764,2.470468171191404,0.03685895352994445,3725.6732980703428,0.9185414288413514,4692.179880129661,25.7949508293728,289.5453351465415,0.0309656963447752,1182394.6682684664,3.655146720791881,0.0003382267130500349,1.938363842239421e-05,0.00021312055921700226,7950.085186526297,61482.48164708764,3431605.8031879407,297.3598362820758,4096494.0110094417,0.1738267219450582,0.02335969063562631,0.18383123392526424,-0.16645021643807342,0.9860498595140706,0.002398297152712352,0.0011426639718456124,0.002998297152712352,8.99361432267132e-05,two-phase,False,
2.373748164842412,1.6729623279823245,2755.8385771848125,2851.305196941162,1.031905120438313,2942.2764326559577,4296464.099893792,1295.586898515917,1212.3531711765559,289.5549797476304,4653089.509435196,210059.8282575296,711.5258784242387,11.142562440956215,112773.94843672198,2.4708496850840325,0.03685230116447663,3697.6785933893116,0.919135806250019,4655.9086697394205,25.809634130502328,289.5549797476304,0.029306932497038553,1187766.3485901947,3.617263702573683,0.00033987289192175327,1.9372610920086245e-05,0.00021478084535880027,7928.221528698301,61311.678491309955,3412211.11846511,297.36443182494844,4092242.196583635,0.17413982710543952,0.0234123214600687,0.18414873173860666,-0.16508496518330748,0.9862793490033269,0.0024049109371691757,0.0011434130717460332,0.0030049109371691756,9.018416014384408e-05,two-phase,False,
2.3775626258998996,1.6751268803340111,2755.535942214186,2839.8983258291337,1.0310757836205766,2928.1503917070377,4271373.377129138,1296.8084843533088,1214.1085224413623,289.5645019556936,4654115.024687263,209780.50285291573,716.4686459348276,11.035593014202796,112561.31544799465,2.471226749406134,0.03684574351748027,3669.9312408437486,0.919726116808597,4619.978370402914,25.824518405927513,289.5645019556936,0.02765519401620166,1193105.7748542742,3.5800458493722767,0.00034151251343925176,1.9361445280049628e-05,0.00021645122981664279,7906.656383973719,61143.22729179316,3393012.9843156384,297.3689701002361,4088051.225099452,0.17445300481765091,0.023464518832953318,0.18446622955194908,-0.16371979843848927,0.9865068816786127,0.0024114702524968157,0.00114415290667008,0.0030114702524968156,9.04301344686306e-05,two-phase,False,
2.381333288753538,1.6772699948507628,2755.2370741031405,2828.6561229355875,1.0302472317219662,2914.2151401477786,4246546.4437561715,1298.0534965238849,1215.8822452972568,289.5739204071789,4655129.2115794895,209502.18512493334,721.4577222316669,10.929796176473037,112351.27038345943,2.471600088747979,0.0368392791086845,3642.421873921916,0.9203125418547004,4584.3768534198325,25.839611666884647,289.5739204071789,0.026009695691286215,1198416.3547907344,3.543465029311701,0.0003431455647263196,1.9350136002267658e-05,0.00021813215448333498,7885.385853934619,60977.11112961237,3374005.7045755885,297.3734599530177,4083907.1039494337,0.1747662544604043,0.023516282782788195,0.18478372736529153,-0.16235472675512944,0.9867324575082485,0.002417975102277697,0.001144883572730369,0.0030179751022776967,9.067406633541364e-05,two-phase,False,
2.3850605512470553,1.679391779842431,2754.941931938388,2817.5762580096102,1.0294194338283003,2900.467756288314,4221978.968075415,1299.3218999893963,1217.674384662871,289.583235153331,4656132.293506015,209224.87033779218,726.4936521382024,10.825154627991292,112143.78624075193,2.4719696930191954,0.03683290667946346,3615.1472769954635,0.9208951192011082,4549.0994826387105,25.854913962726425,289.583235153331,0.02437045069283083,1203698.3876559031,3.507505710211466,0.0003447719761172885,1.9338683575618233e-05,0.00021982372639165693,7864.406120650157,60813.29820515944,3355186.191953004,297.3779013741454,4079810.5450070193,0.17507957541240854,0.023567613341429865,0.18510122517863395,-0.16098976067541154,0.9869560765088149,0.0024244254905150305,0.001145605164348187,0.0030244254905150304,9.091595589431365e-05,two-phase,False,
2.3887448031160234,1.6814923417673389,2754.650475630875,2806.6564495720077,1.0285923597626596,2886.9053805083595,4197666.702106226,1300.6136615226644,1219.4849857318432,289.5924462448101,4657124.401448122,208948.55383386833,731.5769878012304,10.721651412701613,111938.83648809453,2.472335552222538,0.036826624996490545,3588.104298166987,0.9214738859557232,4514.141714075728,25.870425353233312,289.5924462448101,0.02273747213237697,1208952.1684280094,3.4721528375803468,0.0003463916783527933,1.9327088487066934e-05,0.00022152605375277864,7843.713444759052,60651.757390434184,3336551.4177668374,297.3822943545738,4075761.9243135257,0.17539296705238497,0.023618510544080398,0.18541872299197637,-0.1596249107319354,0.987177738745066,0.002430821421632438,0.0011463177742865442,0.0030308214216324377,9.115580331121642e-05,two-phase,False,
2.39238642619898,1.6835717852766088,2754.362665895426,2795.894463761374,1.027765784854946,2873.524667919307,4173602.2527168323,1301.9295967410553,1221.3150311517247,289.6015630148301,4658105.945514321,208673.2312454377,736.7104126096415,10.619239296341618,111736.4157326929,2.4726980257245486,0.03682043275198393,3561.283332716753,0.9220490321907417,4479.491169170921,25.886154829501475,289.6015630148301,0.021110099094087228,1214180.6520478388,3.4373816167121665,0.0003480046686789332,1.931534456520243e-05,0.00022323964089543752,7823.304163608353,60492.46589061349,3318095.6449436448,297.38664331416834,4071754.9333607103,0.17570642875908282,0.023668974429284315,0.1857362208053188,-0.15826018744720077,0.9873974443298792,0.002437162900473567,0.0011470214936824092,0.0030371629004735667,9.139360876775876e-05,two-phase,False,
2.3959857946412004,1.6856302132569776,2754.0784642310578,2785.288113213188,1.026940082105683,2860.3240036711345,4149788.186915863,1303.267933119987,1223.1626379515683,289.6105762268097,4659076.70184645,208398.8978422014,741.8906628917917,10.517957806654376,111536.47760609142,2.4730567350501818,0.0368143288602541,3534.694847840098,0.9226202756268005,4445.15989740201,25.902084114358928,289.6105762268097,0.01948956285804314,1219379.1815661374,3.403197503819926,0.0003496107429495861,1.9303465998816017e-05,0.00022496378602363746,7803.174689446711,60335.386160256516,3299821.6627690056,297.3909438158056,4067796.3679075725,0.17601995991129413,0.023719005038925243,0.1860537186186612,-0.1568956013332633,0.9876151934241766,0.002443449932301669,0.0011477164120781566,0.0030434499323016687,9.162937246131259e-05,two-phase,False,
2.3995432750914643,1.6876677268721807,2753.797832901933,2774.83525597082,1.0261148110722353,2847.299554437076,4126213.693232517,1304.630432583111,1225.0298319328394,289.6194859297127,4660037.181126837,208125.5494179099,747.121818098869,10.417740881233641,111338.99693554376,2.473411670473642,0.03680831216047528,3508.3220892194277,0.9231879763070696,4411.126850224858,25.91823214601858,289.6194859297127,0.01787478616701891,1224552.5802722583,3.3695684119297877,0.0003512099731275744,1.929143921480028e-05,0.0002266994430117159,7783.321507670191,60180.48899024803,3281720.7793671577,297.3951958507368,4063887.9747439646,0.17633355988786917,0.0237686024182226,0.18637121643200363,-0.1555311628914078,0.9878309862368392,0.0024496825227991845,0.0011484026174522419,0.0030496825227991843,9.186309460496942e-05,two-phase,False,
2.40305922689207,1.689684425602949,2753.520734918929,2764.533794427451,1.0252903699883793,2834.4498769338993,4102881.827383347,1306.0152204373871,1226.9146162269697,289.62830145069967,4660987.199522679,207853.1813775433,752.4013058745123,10.318617358186517,111143.96955282542,2.473763192535419,0.03680238141510399,3482.17628116692,0.9237518352038501,4377.405028433285,25.93457956698517,289.62830145069967,0.016266742420085117,1229696.9783091208,3.336498259128003,0.0003528021462428282,1.927927918432509e-05,0.0002284458471410651,7763.741175118946,60027.753408118784,3263796.1739762784,297.39940383990603,4060021.3132520085,0.17664722806773184,0.02381776661572813,0.18668871424534605,-0.15416688261164138,0.9880448230246482,0.002455860678067305,0.0011490801962491329,0.0030558606780673046,9.209477542752392e-05,two-phase,False,
2.406534002262404,1.691680407285684,2753.2471340218003,2754.3816742979316,1.0244663131165497,2821.771238783791,4079781.8743222617,1307.4240927178976,1228.8190490397892,289.63702283331406,4661927.2993770335,207581.7896534007,757.7333332630553,10.220522152658864,110951.37104173936,2.4741112925823714,0.036796535508352664,3456.2407814987905,0.9243122117171205,4343.973543447411,25.951145648039816,289.63702283331406,0.014664352917065167,1234817.1721553246,3.3039562182320186,0.00035438733879469586,1.9266972132221332e-05,0.00023020398029551352,7744.4303184230985,59877.151358961346,3246039.220225485,297.4035677755325,4056198.2576840995,0.17696096382989457,0.023866497683322226,0.1870062120586885,-0.15280277097245992,0.9882567040921797,0.002461984404625513,0.0011497492334085091,0.003061984404625513,9.232441517345675e-05,two-phase,False,
2.4099679464763266,1.6936557681498634,2752.976994661907,2744.37688361959,1.0236427457783843,2809.2614885990824,4056912.2135919794,1308.8564562014333,1230.7425466182701,289.645650120618,4662857.399721155,207311.37010642284,763.1167252910726,10.123465226698414,110761.1774075289,2.4744559620386437,0.036790773346512,3430.5171773682478,0.9248690355729653,4310.833697029518,25.967924504360173,289.645650120618,0.013068174723818129,1239911.1609355344,3.271937814101914,0.0003559654393363995,1.925452301419187e-05,0.0002319736900750947,7725.38563239614,59728.65536927512,3228449.069003144,297.40768764991964,4052418.431688543,0.1772747665534738,0.02391479567621026,0.18732370987203092,-0.15143883844035824,0.988466629791737,0.00246805370941112,0.0011504098123937569,0.00306805370941112,9.255201410291701e-05,two-phase,False,
2.4133613980336084,1.695610602854229,2752.7102819854904,2734.5174517811033,1.0228195913806177,2796.918022653916,4034268.316379857,1310.3125128324803,1232.685401952323,289.6541926297522,4663777.9236849295,207041.9187229705,768.5544062004807,10.02740185509264,110573.38553398088,2.4747975634534267,0.0367850937570538,3405.0011708783213,0.9254223763532332,4277.979643195356,25.984918610510178,289.6541926297522,0.011477543195609619,1244981.838403736,3.240423427824801,0.00035753639967292587,1.9241930578830595e-05,0.00023375520301753208,7706.603878474322,59582.24611305262,3211022.3719181526,297.41176788580333,4048675.6145481565,0.17758863561770488,0.023962660652918685,0.18764120768537335,-0.15007509546952127,0.9886746005232532,0.0024740685997787777,0.0011510620152197775,0.0030740685997787775,9.277757249170416e-05,two-phase,False,
2.416714688825682,1.6975450045218043,2752.4469618174717,2724.8014485785257,1.0219960148356144,2784.7362216655624,4011831.7930556685,1311.7964033038272,1234.6457918989104,289.66264112550874,4664688.786126968,206773.43254649505,774.0447676070593,9.932347849812452,110387.95171270965,2.4751357179320137,0.036779495788988474,3379.691648986087,0.9259667122324384,4245.400343669904,26.0,289.66264112550874,0.009893145660718776,1250026.8193573644,3.2093965752815934,0.0003591004391079798,1.923076923076923e-05,0.00023554904580225234,7688.081883200553,59437.88962778566,3193751.6631014263,297.4158040458008,4044977.0862370827,0.17790257040195734,0.024010092675291087,0.18795870549871577,-0.1487115525013758,0.9888806167342096,0.0024800290834999794,0.001151705922480123,0.0030800290834999793,9.300109063124924e-05,two-phase,False,
2.420028144295923,1.6994590647737913,2752.187000645761,2715.226983297634,1.021165825577064,2772.697004028249,3989503.5407506432,1313.3339507255625,1236.6127287880504,289.67099564955754,4665590.131811429,206505.91510109566,779.5884506341549,9.838289074847534,110204.85316751027,2.4754704171257704,0.03677397841197661,3354.58847644071,0.9264681945407447,4213.040149289912,26.0,289.67099564955754,0.008314993784891655,1255046.3580439314,3.1787698639025055,0.00036065967487510284,1.923076923076923e-05,0.00023735828868579506,7669.816536751322,59295.560103948286,3176599.825847181,297.4197961224597,4041323.2834490906,0.17821657028574994,0.02405709180848407,0.1882762033120582,-0.14734821996431027,0.9890846789195298,0.002485935168762546,0.0011523416133734808,0.0030859351687625458,9.322256882859547e-05,two-phase,False,
2.423302083594677,1.7013528737623886,2751.9303656060483,2705.7922038217516,1.0203361119526748,2760.8174969993456,3967393.951326559,1314.8944312718857,1238.5983937463752,289.67926551356527,4666482.1022923235,206239.3623696622,785.1865304476052,9.74520638700115,110024.08787768625,2.475802024661299,0.036768540514885394,3329.6893231497625,0.9269662535418227,4180.96108855463,26.0,289.67926551356527,0.006742967453646434,1260041.07796424,3.148622708186942,0.00036221155548560226,1.923076923076923e-05,0.00023917945630670838,7651.804791505276,59155.239794568944,3159605.8898093672,297.42374853949275,4037706.9851777647,0.17853063464876576,0.02410365812096308,0.1885937011254006,-0.14598510827318803,0.9892867876214994,0.0024917868641700985,0.0011529691657295301,0.0030917868641700983,9.34420074063787e-05,two-phase,False,
2.426536819729248,1.703226520202572,2751.6770244670665,2696.4952957642804,1.0195066546202658,2749.0948981839256,3945496.0291092973,1316.4788318853102,1240.6039082485931,289.68745075425227,4667365.06201757,205973.77063949872,790.8416821096479,9.65306183696282,109845.63374345991,2.4761305331818155,0.036763181106775046,3304.9847640733697,0.9274610634381385,4149.151061603935,26.0,289.68745075425227,0.005176531329731331,1265013.4625265494,3.1189360002771447,0.00036375608592508326,1.923076923076923e-05,0.00024101315790932677,7634.043660652124,59016.90389066945,3142764.403925418,297.42766129033265,4034129.4312137756,0.17884476287086717,0.024149791684498018,0.18891119893874303,-0.14462222782901987,0.9894869434296599,0.00249758417874151,0.001153588656034174,0.00309758417874151,9.365940670280664e-05,two-phase,False,
2.4297326597090434,1.7050800914028852,2751.426945616297,2687.3344816251397,1.0186773513976066,2737.5267720613574,3923805.087658974,1318.0875066363635,1242.6297164890755,289.6955514079503,4668239.10378788,205709.13635173108,796.5546751312603,9.561842337546338,109669.46904402258,2.476455935393246,0.0367578992160647,3280.469916606743,0.9279527083194096,4117.603535943044,26.0,289.6955514079503,0.003615695737704157,1269963.7414858497,3.0896985161703485,0.0003652932311770599,1.923076923076923e-05,0.0002428597098460021,7616.530216840553,58880.528089237356,3126071.861055395,297.4315343684801,4030590.8838142855,0.17915895433211101,0.024195492574158844,0.18922869675208548,-0.14325958901864516,0.9896851469806995,0.0025033271219103486,0.001154200159454177,0.0031033271219103485,9.387476707163808e-05,two-phase,False,
2.4328899046860575,1.706913673295267,2751.180098046122,2678.3080199704195,1.0178487140704051,2726.1123740113444,3902326.2300231094,1319.7181131239736,1244.6733779312212,289.70356751060314,4669104.030244889,205445.4554437239,802.3221737505108,9.471583659891444,109495.57243056399,2.476778224065635,0.03675269389011985,3256.158424336235,0.9284409005828894,4086.334654185898,26.0,289.70356751060314,0.002061563252793933,1274887.6682413607,3.060917700620761,0.0003668227361180081,1.923076923076923e-05,0.0002447180871433609,7599.261590863923,58746.08858166022,3109532.993187873,297.4353677675038,4027090.564679478,0.17947320841276332,0.024240760868310975,0.1895461945654279,-0.14189720221432983,0.9898813989583528,0.0025090157035243038,0.0011548037498612163,0.0031090157035243036,9.40880888821614e-05,two-phase,False,
2.436008850090878,1.7087273504639606,2750.936451340385,2669.4142046344805,1.017020113986571,2714.8479386747313,3881046.5642367653,1321.3733038252717,1246.7377929745653,289.71149909776716,4669960.483694162,205182.7245661847,808.151061337956,9.382200102329351,109323.92291952454,2.47709739203311,0.03674756419485066,3232.029653557227,0.9289260409205669,4055.318635515346,26.0,289.71149909776716,0.0005125059252353045,1279792.1850352949,3.032559980923568,0.0003683447554297114,1.923076923076923e-05,0.00024658974790347664,7582.234970382544,58613.562042511214,3093137.3610437843,297.4391614810405,4023630.7069839668,0.1797875244933145,0.024285596648610634,0.18986369237877032,-0.14053507777332952,0.990075700093303,0.0025146499338445987,0.0011553994998553647,0.0031146499338445986,9.429937251917245e-05,two-phase,False,
2.4390897857643967,1.7105212061735426,2750.6959756613574,2660.651363943871,1.2097652826005305,3218.7636492030438,6798546.584308107,638.5351197403556,408.15834294203864,289.5856894440438,4670574.722205016,204721.64458440887,811.2245209048674,9.325960204263355,108863.75710825481,2.4685108066424375,0.03674398002059395,58343.238591897694,0.3641077239108017,57336.54754064416,14.755277590891648,289.7171969275239,-0.0020882279876620687,1289036.3639884812,5.274130951024791,0.0003106782942101378,3.3886180515414174e-05,1.7440882698616097e-05,7565.4475986813995,58343.238591897694,6917912.613507925,297.44188722721555,4021142.3726198734,0.18010190195449413,0.02433,0.19018119019211274,-0.13985404936819817,0.9901721289126036,0.002520229823545383,0.0011559874807880188,0.003120229823545383,9.450861838295186e-05,liquid,True,-118.44114601451474
