M,X,Taw,hg0,sigma,hg,q,Twg,Twc,Tb,p,h,rho,v,Re,Pr,f,hc,eta_fin,hce,kw,Tsat,xq,chf,chf_ratio,Rg,Rw,Rc,G,x,r,s,nx,nr,w,Dh,pitch,A_flow,regime,onb,margin_sat
0.04970711483464267,1.0002867018433368,3056.626723431992,804.5738680313551,1.4424304278675857,1160.541828715546,2955345.610121057,510.1044551291361,402.4106354864558,345.509768011903,2611472.6360029257,305051.475158481,977.5108080987852,4.908694510459271,16198.16810208696,2.472140675629247,0.03839033372375173,52314.91224603412,0.37046378379129563,51938.498326809306,13.721054838275165,499.4320169146008,-0.3649558150609507,36896657.069165416,0.08009792335877612,0.0008616664865124,3.644034703550923e-05,1.9253540864962318e-05,4798.301937629113,0.0,0.0485,0.0,-0.0,1.0,0.005557521601035995,0.0013216415145030625,0.006157521601035994,0.0002084070600388498,liquid,False,97.02138142814499
0.04970711483464267,1.0002867018433368,3056.626723431992,804.5738680313551,1.4424381255237173,1160.5480220485147,2955393.8590546153,510.07647052822176,402.37685238879664,345.441424454959,2611582.210559187,304765.53331542574,977.5506281772895,4.908494557029622,16183.36106210245,2.4745722278746416,0.03839347123661959,52282.705690696836,0.3705654609550185,51907.81849376735,13.720540100841562,499.4342591767721,-0.3651198684269954,36910661.85657173,0.08006883947350364,0.0008616618881783737,3.644171412533039e-05,1.9264920565291555e-05,4798.301937629113,0.00031749781334242534,0.0485,0.00031749781334242534,-0.0,1.0,0.005557521601035995,0.0013216415145030625,0.006157521601035994,0.0002084070600388498,liquid,False,97.05740678797548
0.04970711483464267,1.0002867018433368,3056.626723431992,804.5738680313551,1.4424458100181845,1160.5542047919519,2955442.025406853,510.0485341464141,402.34312701526375,345.37310388815837,2611691.788598892,304479.58681215387,977.5904107488182,4.908294808204689,16168.563008248488,2.4770071249832832,0.038396612133658276,52250.50385341487,0.37066722108609573,51877.14280566448,13.720026246259271,499.4365219370081,-0.36528393971563394,36924664.004369125,0.08003978113537198,0.0008616572977556582,3.6443078972704125e-05,1.9276312185234877e-05,4798.301937629113,0.0006349956266848507,0.0485,0.0006349956266848507,-0.0,1.0,0.005557521601035995,0.0013216415145030625,0.006157521601035994,0.0002084070600388498,liquid,False,97.09339492174433
0.04970711483464267,1.0002867018433368,3056.626723431992,804.5738680313551,1.4424534866637333,1160.5603812203547,2955490.1424783515,510.02062666812617,402.30943604963096,345.3047589225654,2611801.3707812545,304193.63565343345,977.6301824805538,4.908095130056561,16153.763703168366,2.4794470684479215,0.038399758597098294,52218.28441553782,0.3707691349038911,51846.450000768404,13.719512919258575,499.438764054219,-0.36544799629765495,36938668.21174126,0.0800107390319753,0.0008616527120704207,3.644444252085159e-05,1.9287723652924727e-05,4798.301937629113,0.000952493440027276,0.0485,0.000952493440027276,-0.0,1.0,0.005557521601035995,0.0013216415145030625,0.006157521601035994,0.0002084070600388498,liquid,False,97.12932800458805
0.04970711483464267,1.0002867018433368,3056.626723431992,804.5738680313551,1.442461150114117,1160.5665470322722,2955538.1767592663,509.99276752745345,402.27580295542066,345.2364369497743,2611910.9564771606,303907.6798472747,977.6699166946131,4.907895656492743,16138.9733909459,2.481890372380167,0.03840290845831796,52186.0697114291,0.3708711319632207,51815.76135447751,13.719000477324212,499.44102666817577,-0.3656120708152616,36952669.776819706,0.07998172241977672,0.0008616481343160692,3.6445803819778074e-05,1.9299147090764264e-05,4798.301937629113,0.0012699912533697013,0.0485,0.0012699912533697013,-0.0,1.0,0.005557521601035995,0.0013216415145030625,0.006157521601035994,0.0002084070600388498,liquid,False,97.16522371275511
0.04970711483464267,1.0002867018433368,3056.626723431992,804.5738680313551,1.442468805687744,1160.5727065067574,2955586.161585559,509.96493738873187,402.24220439150014,345.1680903857295,2612020.5463582557,303621.7193984624,977.7096405774959,4.907696251000388,16124.181786727704,2.484338749531929,0.03840606391707589,52153.837316010155,0.37097328346002895,51785.05550321337,13.718488564811585,499.44328920866707,-0.3657762016086679,36966675.85288175,0.07995271669403174,0.0008616435613154561,3.644716381384156e-05,1.931059048373421e-05,4798.301937629113,0.0015874890667121268,0.0485,0.0015874890667121268,-1.4210854715201997e-14,1.0,0.005557521601035995,0.0013216415145030625,0.006157521601035994,0.0002084070600388498,liquid,False,97.20108481716693
0.04970711483464267,1.0002867018433368,3056.626723431992,804.5738680313551,1.4424764479917358,1160.5788553048408,2955634.0631552157,509.93715585506015,402.2086640261031,345.0997672057086,2612130.1397564886,303335.7543150519,977.7493258263307,4.907497055622,16109.399287687886,2.486790492110676,0.03840922276474208,52121.609865005936,0.37107551785103454,51754.35400985911,13.717977542319783,499.4455311081473,-0.3659402083597447,36980674.38663687,0.07992374698886635,0.0008616389962897758,3.64485215446305e-05,1.9322045828443764e-05,4798.301937629113,0.001904986880054552,0.0485,0.001904986880054552,-0.0,1.0,0.005557521601035995,0.0013216415145030625,0.006157521601035994,0.0002084070600388498,liquid,False,97.23686708204417
0.04970711483464267,1.0002867018433368,3056.626723431992,804.5738680313551,1.442484082390859,1160.5849977428734,2955681.9150946476,509.90940342276326,402.17515831459417,345.03141924190703,2612239.7373825577,303049.784601845,977.7890012523154,4.9072979257116085,16094.615455941488,2.4892473349080713,0.03841238724120018,52089.364631996505,0.371177907432594,51723.63522336199,13.71746705110819,499.44779350239236,-0.36610434238265854,36994679.879974484,0.07989478283591209,0.0008616344360342569,3.6449877964868636e-05,1.933352123611626e-05,4798.301937629113,0.0022224846933969773,0.0485,0.0022224846933969773,1.421085471520201e-14,1.0,0.005557521601035995,0.0013216415145030625,0.006157521601035994,0.0002084070600388498,liquid,False,97.27263518779819
0.04970711483464267,1.0002867018433368,3056.626723431992,804.5738680313551,1.4424917061496003,1160.5911316199329,2955729.7002581214,509.88169003460143,402.1416992626397,344.9630707741323,2612349.3388908883,302763.8102653025,977.8286518723093,4.90709893644608,16079.835570874011,2.4917084199355344,0.038415556228653586,52057.11308498929,0.37128041603490125,51692.910067827295,13.716957274082713,499.45003525696666,-0.36626840700797525,37008682.636795714,0.07986584470638251,0.0008616298821827265,3.645123258820067e-05,1.9345012665912602e-05,4798.301937629113,0.0025399825067394027,0.0485,0.0025399825067394027,-0.0,1.0,0.005557521601035995,0.0013216415145030625,0.006157521601035994,0.0002084070600388498,liquid,False,97.30833599432697
0.04970711483464267,1.0002867018433368,3056.626723431992,804.5738680313551,1.4424993192879483,1160.5972569521014,2955777.4187712525,509.85401561639947,402.1082867826433,344.8947214147947,2612458.9443230215,302477.8313118729,977.8682787776158,4.906900082317048,16065.059531712512,2.4941737673830757,0.03841872975818409,52024.85503469332,0.37138304446245957,51662.17836220118,13.71644820989521,499.45229750498726,-0.3664325442606539,37022687.54742076,0.0798369220220797,0.0008616253347230431,3.6452585417797446e-05,1.93565202185058e-05,4798.301937629113,0.002857480320081828,0.0485,0.002857480320081828,-0.0,1.0,0.005557521601035995,0.0013216415145030625,0.006157521601035994,0.0002084070600388498,liquid,False,97.34401072234397
0.04970711483464267,1.0002867018433368,3056.626723431992,804.5738680313551,1.4425069217648034,1160.6033737063112,2955825.0703767664,509.8263803160389,402.0749210551039,344.82637135935033,2612568.5536806313,302191.8477480298,977.9078814017655,4.9067013661359065,16050.2873958898,2.4966433812986693,0.038421907826981544,51992.590584225036,0.37148579258396475,51631.44020390819,13.715939861282202,499.45455967957014,-0.36659668313160704,37036692.16600966,0.07980802003396698,0.000861620793679554,3.645393644597525e-05,1.9368043890518978e-05,4798.301937629113,0.0031749781334242536,0.0485,0.0031749781334242536,-0.0,1.0,0.005557521601035995,0.0013216415145030625,0.006157521601035994,0.0002084070600388498,liquid,False,97.37963862446622
0.04970711483464267,1.0002867018433368,3056.626723431992,804.5738680313551,1.442514510887273,1160.6094797159315,2955872.63819624,509.7987939205823,402.04161389872843,344.75804469492755,2612678.166631311,301905.85958187963,977.947445365521,4.906502860013795,16035.5243817454,2.4991164001797497,0.038425089319038555,51960.33111761436,0.371588624290483,51600.70643782638,13.71543240829412,499.45680121649565,-0.3667606979246043,37050689.24963003,0.07977915385813657,0.0008616162606605264,3.6455285193752656e-05,1.9379579642090726e-05,4798.301937629113,0.0034924759467666786,0.0485,0.0034924759467666786,-0.0,1.0,0.005557521601035995,0.0013216415145030625,0.006157521601035994,0.0002084070600388498,liquid,False,97.41518731776722
0.04970711483464267,1.0002867018433368,3056.626723431992,804.5738680313551,1.4425220919824617,1160.6155792670115,2955920.155619739,509.7712370645295,402.0083419340332,344.68969325089614,2612787.7838835595,301619.8668182984,977.986999394244,4.906304419794063,16020.760065268969,2.501594573928733,0.03842827649031008,51928.05388600115,0.3716916123010639,51569.95539026656,13.71492549471802,499.4590632448871,-0.36692484002495057,37064693.28564445,0.07975029316550687,0.0008616117324838526,3.6456632607487605e-05,1.9391135641523988e-05,4798.301937629113,0.003809973760109104,0.0485,0.003809973760109104,-0.0,1.0,0.005557521601035995,0.0013216415145030625,0.006157521601035994,0.0002084070600388498,liquid,False,97.45072131085391
0.04970711483464267,1.0002867018433368,3056.626723431992,804.5738680313551,1.4425296623333892,1160.6216701735395,2955967.6056178347,509.7437196226201,401.97511708542635,344.6213413086805,2612897.4050931064,301333.86946380965,978.0265285479745,4.906106120406473,16005.999718782372,2.504077037156557,0.038431468215051716,51895.770368700534,0.37179472023590787,51539.197996731265,13.71441930221585,499.4613046369611,-0.3670889126935953,37078694.59224094,0.0797214583233035,0.0008616072107722037,3.6457978203948785e-05,1.9402707819850483e-05,4798.301937629113,0.004127471573451529,0.0485,0.004127471573451529,-0.0,1.0,0.005557521601035995,0.0013216415145030625,0.006157521601035994,0.0002084070600388498,liquid,False,97.48618755153473
0.04970711483464267,1.0002867018433368,3056.626723431992,804.5738680313551,1.4425372219595738,1160.6277524512197,2956014.9883132004,509.71624152238473,401.9419392673715,344.55298848027695,2613007.0303015807,301047.86752492504,978.0660339170437,4.905907956349795,15991.2432417629,2.506563810284869,0.038434664524582815,51863.480376364125,0.37189794890453776,51508.43407609296,13.713913829470846,499.463566519183,-0.36725305802359925,37092698.045693174,0.07969263882265427,0.0008616026955137187,3.6459321986223435e-05,1.94142962785999e-05,4798.301937629113,0.0044449693867939545,0.0485,0.0044449693867939545,-0.0,1.0,0.005557521601035995,0.0013216415145030625,0.006157521601035994,0.0002084070600388498,liquid,False,97.52162725181154
0.04970711483464267,1.0002867018433368,3056.626723431992,804.5738680313551,1.4425447708197618,1160.6338260668606,2956062.3034475963,509.6888029122547,401.90880866105095,344.4846349613545,2613116.659510789,300761.86100818135,978.105514935239,4.905709930433029,15976.490691517438,2.5090548974440687,0.038437865416123984,51831.18401218314,0.37200129817591315,51477.66372584691,13.7134090792298,499.46582832799487,-0.3674172049718139,37106701.20718408,0.07966383988009382,0.0008615981867328352,3.6460663946596276e-05,1.9425901014577328e-05,4798.301937629113,0.00476246720013638,0.0485,0.00476246720013638,-0.0,1.0,0.005557521601035995,0.0013216415145030625,0.006157521601035994,0.0002084070600388498,liquid,False,97.55701966694392
0.04970711483464267,1.0002867018433368,3056.626723431992,804.5738680313551,1.4425523115057635,1160.6398931057645,2956109.5672663944,509.6613943701759,401.87571389157705,344.41625705497097,2613226.2930556205,300475.8499185434,978.1449848073174,4.9055119764012485,15961.736971082795,2.5115511758196156,0.03844107200802652,51798.87008732442,0.37210480410561014,51446.87628482988,13.7129048781825,499.46806950250163,-0.367581337129275,37120706.44598809,0.0796350568265083,0.0008615936828813397,3.646200454547817e-05,1.943752608931224e-05,4798.301937629113,0.005079965013478805,0.0485,0.005079965013478805,-0.0,1.0,0.005557521601035995,0.0013216415145030625,0.006157521601035994,0.0002084070600388498,liquid,False,97.59235561092459
0.04970711483464267,1.0002867018433368,3056.626723431992,804.5738680313551,1.442559838766974,1160.6459493434322,2956156.7468599756,509.63403497928266,401.8426780030768,344.347902158099,2613335.930313139,300189.8342641603,978.1844170733749,4.9053142269278105,15946.992289777927,2.514050921353274,0.03844428209103532,51766.56099425373,0.37220839517365983,51416.09308697212,13.712401577394154,499.47033116517696,-0.3677454873073869,37134709.024958946,0.0796062989176268,0.0008615891870950755,3.64633428490225e-05,1.9449163480944866e-05,4798.301937629113,0.005397462826821231,0.0485,0.005397462826821231,-0.0,1.0,0.005557521601035995,0.0013216415145030625,0.006157521601035994,0.0002084070600388498,liquid,False,97.62765316210016
0.04970711483464267,1.0002867018433368,3056.626723431992,804.5738680313551,1.4425673551988492,1160.6519968680998,2956203.8584965887,509.60671530414584,401.8096896046786,344.2795465740257,2613445.571616841,299903.814051607,978.223824946475,4.905116615710785,15932.251549297502,2.516555009780955,0.03844749678194842,51734.24554638359,0.3723121073943974,51385.30347337182,13.711899003309895,499.47259275445856,-0.36790963910367996,37148711.31201388,0.07957756148436174,0.0008615846978236347,3.6464679318255316e-05,1.9460817245503008e-05,4798.301937629113,0.005714960640163656,0.0485,0.005714960640163656,-0.0,1.0,0.005557521601035995,0.0013216415145030625,0.006157521601035994,0.0002084070600388498,liquid,False,97.66290314977994
0.04970711483464267,1.0002867018433368,3056.626723431992,804.5738680313551,1.4425748607600795,1160.6580356465306,2956250.9019176518,509.57943549338097,401.7767488778093,344.21119049865405,2613555.216968681,299617.7892874835,978.2632078609986,4.904919145554643,15917.514806756784,2.5190634452709877,0.03845071607797284,51701.92384696126,0.3724159406361341,51354.50754158102,13.711397158680091,499.4748337114472,-0.3680737214273395,37162710.878167,0.07954884969531223,0.0008615802150914864,3.646601394544769e-05,1.9472487379814013e-05,4798.301937629113,0.006032458453506082,0.0485,0.006032458453506082,-0.0,1.0,0.005557521601035995,0.0013216415145030625,0.006157521601035994,0.0002084070600388498,liquid,False,97.69808483363789
0.04970711483464267,1.0002867018433368,3056.626723431992,804.5738680313551,1.4425823554696042,1160.6640656939628,2956297.8772422024,509.55219547662955,401.74385573948166,344.1428335435457,2613664.8664103923,299331.75997837837,978.3025669060473,4.90472181096702,15902.78196194723,2.521576248525247,0.0384539400107137,51669.59570659371,0.37251989571440813,51323.705110406605,13.710896042226809,499.4770951546252,-0.3682378764531569,37176712.58283985,0.07952015312421089,0.0008615757388871158,3.64673467335833e-05,1.9484173986441907e-05,4798.301937629113,0.006349956266848507,0.0485,0.006349956266848507,-0.0,1.0,0.005557521601035995,0.0013216415145030625,0.006157521601035994,0.0002084070600388498,liquid,False,97.73323941514354
0.04970711483464267,1.0002867018433368,3056.626723431992,804.5738680313551,1.4425898419000247,1160.670089080244,2956344.80059508,509.5249859022588,401.71099889904764,344.07445201067446,2613774.520275828,299045.72612932,978.341915243712,4.904524545934252,15888.047924756043,2.5240943044604656,0.03845716970667139,51637.24992541524,0.37262400889823044,51292.88550753642,13.710395481928664,499.4793565244262,-0.36840208776004846,37190718.79787472,0.07949146712281403,0.0008615712676738619,3.6468678139812795e-05,1.949588115593674e-05,4798.301937629113,0.006667454080190932,0.0485,0.006667454080190932,-0.0,1.0,0.005557521601035995,0.0013216415145030625,0.006157521601035994,0.0002084070600388498,liquid,False,97.76835762537854
0.04970711483464267,1.0002867018433368,3056.626723431992,804.5738680313551,1.442597314778039,1160.6761015626132,2956391.638924684,509.49782593465716,401.67820150038426,344.00609388360635,2613884.1779179634,298759.68774853455,978.3812248442497,4.904327490946041,15873.323048111479,2.526615857460462,0.03846040290621947,51604.909210725295,0.372728207299515,51262.070368044144,13.709895830359324,499.4815972639458,-0.36856617491121707,37204717.49398387,0.07946281649370789,0.00086156680460096,3.6470007225933496e-05,1.9507600703996966e-05,4798.301937629113,0.006984951893533357,0.0485,0.006984951893533357,-0.0,1.0,0.005557521601035995,0.0013216415145030625,0.006157521601035994,0.0002084070600388498,liquid,False,97.80339576356153
0.04970711483464267,1.0002867018433368,3056.626723431992,804.5738680313551,1.4426047793465402,1160.6821073593653,2956438.425092632,509.4706965171458,401.64544053331144,343.93771098563064,2613993.8400139343,298473.64484106883,978.4205242433652,4.9041305029243425,15858.596938835002,2.5291426912801023,0.03846364190121753,51572.550764657186,0.3728325645788903,51231.23796873497,13.709396736956803,499.48385848767595,-0.36873038944847286,37218723.12658286,0.07943417121102267,0.0008615623465369613,3.647133492403324e-05,1.9519340926531442e-05,4798.301937629113,0.007302449706875783,0.0485,0.007302449706875783,-0.0,1.0,0.005557521601035995,0.0013216415145030625,0.006157521601035994,0.0002084070600388498,liquid,False,97.8384179543645
0.04970711483464267,1.0002867018433368,3056.626723431992,804.5738680313551,1.4426122303473758,1160.6881022399284,2956485.1261423887,509.44361675856226,401.6127390752704,343.8693513012256,2614103.505917652,298187.59741515823,978.4597854453792,4.903933722166213,15843.879944342127,2.531673044233691,0.03846688442559581,51540.19730336795,0.37293700767876153,51200.40995362772,13.708898553278212,499.48611963804575,-0.36889455094062196,37232723.665171385,0.07940555605680748,0.0008615578966219882,3.6472660298477075e-05,1.953109361635388e-05,4798.301937629113,0.007619947520218208,0.0485,0.007619947520218208,-0.0,1.0,0.005557521601035995,0.0013216415145030625,0.006157521601035994,0.0002084070600388498,liquid,False,97.87338056277537
0.04970711483464267,1.0002867018433368,3056.626723431992,804.5738680313551,1.4426196729479834,1160.6940903618874,2956531.7744625253,509.41656787694683,401.5800744471927,343.80096723754065,2614213.1763054472,297901.5454759045,978.499035298016,4.903737014076587,15829.161834011446,2.5342086896499167,0.038470132743221086,51507.82631288371,0.37304160948072845,51169.56486943837,13.708400933810214,499.48836016014513,-0.3690586975833329,37246726.29341227,0.07937695654572036,0.0008615534517697205,3.647398426805615e-05,1.954286698648989e-05,4798.301937629113,0.007937445333560634,0.0485,0.007937445333560634,-0.0,1.0,0.005557521601035995,0.0013216415145030625,0.006157521601035994,0.0002084070600388498,liquid,False,97.90828571295242
0.04970711483464267,1.0002867018433368,3056.626723431992,804.5738680313551,1.4426271019654333,1160.7000675551928,2956578.3375680964,509.3895687072577,401.5474693964301,343.7326061951364,2614322.850532164,297615.4890315523,978.5382474932654,4.903540510471601,15814.452792750119,2.5367478763852405,0.03847338461611385,51475.46022547853,0.3731462977081068,51138.72409027749,13.707904225076803,499.49062116447715,-0.36922286230517565,37260726.249750584,0.07934838193305176,0.0008615490150752909,3.647530591038971e-05,1.9554652913018616e-05,4798.301937629113,0.008254943146903058,0.0485,0.008254943146903058,-1.4210854715201978e-14,1.0,0.005557521601035995,0.0013216415145030625,0.006157521601035994,0.0002084070600388498,liquid,False,97.94315176804707
0.04970711483464267,1.0002867018433368,3056.626723431992,804.5738680313551,1.4426345225516632,1160.7060379649588,2956624.847750412,509.36260052435273,401.5149013118906,343.6642205801761,2614432.529273232,297329.4280872221,978.5774488445055,4.903344076950578,15799.742595517691,2.53929238400992,0.038476642314732155,51443.07651835155,0.37325114541496446,51107.86615393365,13.70740808260456,499.49288209546495,-0.36938708330984193,37274730.716253765,0.0793198177676215,0.0008615445834616995,3.647662614163556e-05,1.9566459632418686e-05,4798.301937629113,0.008572440960245484,0.0485,0.008572440960245484,1.421085471520203e-14,1.0,0.005557521601035995,0.0013216415145030625,0.006157521601035994,0.0002084070600388498,liquid,False,97.97798078357437
0.04970711483464267,1.0002867018433368,3056.626723431992,804.5738680313551,1.4426419294791988,1160.7119973852964,2956671.2722454444,509.33568232458947,401.4823931364826,343.5958583792898,2614542.2118845284,297043.36265120446,978.6166114250658,4.903147853419129,15785.041578429955,2.541840438525617,0.0384799035599211,51410.697925383545,0.3733560792002883,51077.012722342275,13.706912855892211,499.49512240019334,-0.3695511801160339,37288727.67263054,0.07929128872947853,0.0008615401600506173,3.647794403136256e-05,1.9578278891055362e-05,4798.301937629113,0.008889938773587909,0.0485,0.008889938773587909,-1.4210854715201978e-14,1.0,0.005557521601035995,0.0013216415145030625,0.006157521601035994,0.0002084070600388498,liquid,False,98.01272926371075
0.04970711483464267,1.0002867018433368,3056.626723431992,804.5738680313551,1.4426493279442307,1160.7179499969247,2956717.6436217595,509.30879522247915,401.44992206484136,343.527471412483,2614651.89904058,296757.2927286387,978.6557636666794,4.902951697389041,15770.339365291546,2.544393842503618,0.038483170663438836,51378.30162217506,0.37346117324495226,51046.14204546564,13.70641819751108,499.4973831851764,-0.36971540435093525,37302731.55687802,0.07926276495632632,0.0008615357417386795,3.647926050372474e-05,1.9590119055605076e-05,4798.301937629113,0.009207436586930335,0.0485,0.009207436586930335,1.421085471520203e-14,1.0,0.005557521601035995,0.0013216415145030625,0.006157521601035994,0.0002084070600388498,liquid,False,98.04746112033502
0.04970711483464267,1.0002867018433368,3056.626723431992,804.5738680313551,1.442656715314004,1160.7238936815977,2956763.945378328,509.2819487844836,401.4174996519619,343.4590837712559,2614761.5904280394,296471.2183262606,978.6948913276117,4.902755680189724,15755.641151928321,2.546951710406651,0.03848644248358631,51345.89902844627,0.3735663907627082,51015.265004208246,13.705924283475749,499.49964389683186,-0.3698796302044921,37316735.14929409,0.07923426134545589,0.0008615313300979686,3.6480575089913065e-05,1.9601975995175365e-05,4798.301937629113,0.00952493440027276,0.0485,0.00952493440027276,-1.4210854715201978e-14,1.0,0.005557521601035995,0.0013216415145030625,0.006157521601035994,0.0002084070600388498,liquid,False,98.08214424486994
0.04970711483464267,1.0002867018433368,3056.626723431992,804.5738680313551,1.4426640915468054,1160.7298284057542,2956810.1772540407,509.255143160658,401.3851260810549,343.39069565196723,2614871.286049203,296185.13945083146,978.7339938429924,4.902559804619244,15740.946995141378,2.549514046621653,0.038489719017661184,51313.490247595684,0.37367173162285816,50984.38169626411,13.705431116563439,499.501883984238,-0.37004378650414843,37330736.03773623,0.07920578298443173,0.0008615269251531906,3.648188778211686e-05,1.961384970710109e-05,4798.301937629113,0.009842432213615186,0.0485,0.009842432213615186,1.4210854715202004e-14,1.0,0.005557521601035995,0.0013216415145030625,0.006157521601035994,0.0002084070600388498,liquid,False,98.1167579031831
0.04970711483464267,1.0002867018433368,3056.626723431992,804.5738680313551,1.442671454088758,1160.7357521146116,2956856.3232423877,509.2283876302131,401.352812560994,343.3223305617592,2614980.9856166476,295899.056110661,978.7730586659266,4.902364133488949,15726.261927281905,2.5520799746922234,0.03849299915058276,51281.08641748573,0.37377715978107834,50953.50273467278,13.704938867510567,499.5041445499216,-0.37020796092192065,37344734.246232405,0.07917732935911027,0.0008615225284292437,3.648319812540853e-05,1.962573613844061e-05,4798.301937629113,0.01015993002695761,0.0485,0.01015993002695761,-0.0,1.0,0.005557521601035995,0.0013216415145030625,0.006157521601035994,0.0002084070600388498,liquid,False,98.15133198892761
0.04970711483464267,1.0002867018433368,3056.626723431992,804.5738680313551,1.4426788080451332,1160.7416689157376,2956902.4153418653,509.2016636390217,401.3205366853482,343.25394090417814,2615090.6897899555,295612.9683109632,978.8121125071274,4.902168532976929,15711.57573989676,2.554651292993064,0.038496285172608384,51248.66498899135,0.37388274880916217,50922.606630587696,13.704447194974298,499.50640504229415,-0.370372191624269,37358736.96469644,0.07914888605940032,0.0008615181368771845,3.6484507028007685e-05,1.963764359618091e-05,4798.301937629113,0.010477427840300035,0.0485,0.010477427840300035,-1.4210854715202004e-14,1.0,0.005557521601035995,0.0013216415145030625,0.006157521601035994,0.0002084070600388498,liquid,False,98.18586835694595
0.04970711483464267,1.0002867018433368,3056.626723431992,804.5738680313551,1.4426861507986182,1160.747576703311,2956948.437148342,509.1749806969369,401.28830994139514,343.185550771939,2615200.3982436163,295326.876058539,978.851141159742,4.901973074214419,15696.893623041688,2.5572271097874064,0.03849957593543268,51216.2373906946,0.37398846174761474,50891.70427387845,13.703956273933168,499.5086449124271,-0.37053635275225033,37372736.9834406,0.07912046790842558,0.0008615137520598086,3.64858140237261e-05,1.9649567926010234e-05,4798.301937629113,0.010794925653642462,0.0485,0.010794925653642462,1.4210854715202054e-14,1.0,0.005557521601035995,0.0013216415145030625,0.006157521601035994,0.0002084070600388498,liquid,False,98.22033497103195
0.04970711483464267,1.0002867018433368,3056.626723431992,804.5738680313551,1.442693482366642,1160.7534754913547,2956994.388771392,509.1483387390872,401.25613225277766,343.1171597754511,2615310.1110196486,295040.7793601789,978.8901457098525,4.901777751730838,15682.215477283075,2.5598074465141467,0.038502871471405326,51183.80343308189,0.3740942994275819,50860.79548317754,13.703466103210204,499.5109052588606,-0.37070058668500605,37386739.11978088,0.0790920646836215,0.0008615093739665034,3.6487119115277624e-05,1.966150923319229e-05,4798.301937629113,0.011112423466984886,0.0485,0.011112423466984886,-1.4210854715201953e-14,1.0,0.005557521601035995,0.0013216415145030625,0.006157521601035994,0.0002084070600388498,liquid,False,98.25477300608293
0.04970711483464267,1.0002867018433368,3056.626723431992,804.5738680313551,1.4427008027072568,1160.7593652461185,2957040.2699484397,509.1217379163668,401.22400380373847,343.04876811114696,2615419.828120449,294754.6782226987,978.9291255926261,4.901582568323634,15667.541359367102,2.5623923076808572,0.0385061717779021,51151.363219583465,0.37420026171972115,50829.88035620479,13.702976685598244,499.5131655319995,-0.370864822236352,37400740.96437999,0.07906368145927078,0.0008615050026221134,3.648842229480674e-05,1.9673467515410553e-05,4798.301937629113,0.011429921280327313,0.0485,0.011429921280327313,1.4210854715202004e-14,1.0,0.005557521601035995,0.0013216415145030625,0.006157521601035994,0.0002084070600388498,liquid,False,98.28916172826104
0.04970711483464267,1.0002867018433368,3056.626723431992,804.5738680313551,1.4427081117982405,1160.765245949723,2957086.0805405406,509.09517830798995,401.1919246919493,342.98037578014475,2615529.549561667,294468.5726529276,978.9680807935248,4.901387524034226,15652.871273973793,2.5649817034739537,0.03850947686397989,51118.91675600458,0.374306348815227,50798.95889767131,13.702488022571325,499.5154257318495,-0.3710290594062743,37414742.51725283,0.07903531820850986,0.0008615006380397037,3.648972355796835e-05,1.9685442806306042e-05,4798.301937629113,0.011747419093669737,0.0485,0.011747419093669737,-1.4210854715202004e-14,1.0,0.005557521601035995,0.0013216415145030625,0.006157521601035994,0.0002084070600388498,liquid,False,98.32350103990024
0.04970711483464267,1.0002867018433368,3056.626723431992,804.5738680313551,1.442715409597655,1160.7711175684262,2957131.8202851815,509.0686600648082,401.1598951016107,342.9119829789869,2615639.275359006,294182.4626577203,979.0070107480998,4.901192621657052,15638.205277702116,2.567575638408796,0.038512786726989705,51086.464145779275,0.3744125605840627,50768.03120530417,13.702000116921562,499.51766531214093,-0.37119322697453755,37428741.376077436,0.07900697997222078,0.000861496280244112,3.6491022896906485e-05,1.9697435103520844e-05,4798.301937629113,0.012064916907012163,0.0485,0.012064916907012163,1.4210854715202054e-14,1.0,0.005557521601035995,0.0013216415145030625,0.006157521601035994,0.0002084070600388498,liquid,False,98.35777021053025
0.04970711483464267,1.0002867018433368,3056.626723431992,804.5738680313551,1.4427226986666275,1160.7769821628438,2957177.5052347975,509.04217387901053,401.1279037922184,342.8435654197342,2615749.005855926,293896.34824237844,979.0459301148678,4.900997787781158,15623.538149255395,2.570175042945922,0.038516102558438396,51053.99385673871,0.3745189350388694,50737.086287846905,13.70151279741047,499.51992536609566,-0.3713575220431603,37442747.14831746,0.07897864687975177,0.0008614919277058092,3.6492320767273083e-05,1.9709448712263378e-05,4798.301937629113,0.012382414720354588,0.0485,0.012382414720354588,-1.4210854715201953e-14,1.0,0.005557521601035995,0.0013216415145030625,0.006157521601035994,0.0002084070600388498,liquid,False,98.39202157387729
0.04970711483464267,1.0002867018433368,3056.626723431992,804.5738680313551,1.4427299738708947,1160.7828356020816,2957223.1032102327,509.01573840535457,401.0959732978975,342.77517109491964,2615858.7404141054,293610.22941531695,979.0848111741527,4.900803161142722,15608.880190843067,2.5727781056150048,0.03851942203949445,51021.52867546969,0.37462539773970177,50706.14586058003,13.701026407283669,499.5221853467779,-0.3715217640622546,37456747.82745767,0.07895034338892712,0.0008614875834904246,3.649361625448679e-05,1.9721475237924168e-05,4798.301937629113,0.012699912533697014,0.0485,0.012699912533697014,1.4210854715202054e-14,1.0,0.005557521601035995,0.0013216415145030625,0.006157521601035994,0.0002084070600388498,liquid,False,98.42621204888042
0.04970711483464267,1.0002867018433368,3056.626723431992,804.5738680313551,1.442737237716479,1160.7886799024202,2957268.629918578,508.9893445361399,401.06409262000807,342.7067763033668,2615968.479362381,293324.10618343105,979.1236669435905,4.900608676539686,15594.226335498239,2.5753857382171876,0.03852274632481063,50989.05736499687,0.3747319856902776,50675.19921362931,13.700540778985896,499.5244247099103,-0.37168593645920883,37470745.81680192,0.07892206481229247,0.0008614832461013174,3.6494909804356615e-05,1.973351887151626e-05,4798.301937629113,0.013017410347039439,0.0485,0.013017410347039439,-0.0,1.0,0.005557521601035995,0.0013216415145030625,0.006157521601035994,0.0002084070600388498,liquid,False,98.46033208990224
0.04970711483464267,1.0002867018433368,3056.626723431992,804.5738680313551,1.4427444902200872,1160.7945150773012,2957314.08546488,508.9629922091217,401.0322616853672,342.6383806549839,2616078.2227429035,293037.9785536059,979.1624985078064,4.900414328511846,15579.576484155092,2.5779979625399387,0.038526075447086715,50956.57973576047,0.3748386997290611,50644.24616555526,13.700055911388514,499.5266845447302,-0.3718501817085537,37484745.914028004,0.07889380102102166,0.0008614789155283066,3.6496201419467386e-05,1.97455797195799e-05,4798.301937629113,0.013334908160381864,0.0485,0.013334908160381864,-1.4210854715201953e-14,1.0,0.005557521601035995,0.0013216415145030625,0.006157521601035994,0.0002084070600388498,liquid,False,98.494422859363
0.04970711483464267,1.0002867018433368,3056.626723431992,804.5738680313551,1.44275173386777,1160.800343126936,2957359.4854309238,508.9366723897433,401.0004695829248,342.56996044740345,2616187.970885148,292751.846531219,979.2013188410668,4.900220052101381,15564.925576950234,2.5806156984579967,0.0385294105694563,50924.08453990854,0.3749455770804939,50613.27599545206,13.699571638275678,499.5289443062941,-0.37201448324600156,37498750.520797335,0.07886554736779111,0.0008614745902867534,3.649749154221974e-05,1.9757662003341902e-05,4798.301937629113,0.01365240597372429,0.0485,0.01365240597372429,1.4210854715202004e-14,1.0,0.005557521601035995,0.0013216415145030625,0.006157521601035994,0.0002084070600388498,liquid,False,98.5284747233693
0.04970711483464267,1.0002867018433368,3056.626723431992,804.5738680313551,1.44275896357646,1160.8061599616215,2957404.7979586404,508.91040354580355,400.9687386222164,342.5015634795019,2616297.7231527423,292465.7101247303,979.2401008427744,4.900025982901942,15550.283852794504,2.583237127503172,0.03853274937141731,50891.59448377142,0.3750525432764328,50582.310343193596,13.699088299463453,499.5312039946075,-0.3721787317326655,37512750.03471863,0.07883732318269165,0.0008614702734115935,3.64987792669081e-05,1.9769757316641845e-05,4798.301937629113,0.013969903787066714,0.0485,0.013969903787066714,-1.4210854715201953e-14,1.0,0.005557521601035995,0.0013216415145030625,0.006157521601035994,0.0002084070600388498,liquid,False,98.5624653723911
0.04970711483464267,1.0002867018433368,3056.626723431992,804.5738680313551,1.4427661818361797,1160.8119675847645,2957450.038654734,508.88417662819575,400.93705787477717,342.43316604945136,2616407.479873702,292179.56934108963,979.2788574961327,4.899832055904528,15535.646250300879,2.585863167943454,0.038536093014378006,50859.09832177019,0.3751596354962493,50551.33849017683,13.698605728469603,499.5334430680507,-0.3723429105698993,37526746.864513576,0.07880912377862916,0.0008614659634158004,3.6500065036608626e-05,1.978186987460917e-05,4798.301937629113,0.01428740160040914,0.0485,0.01428740160040914,1.4210854715202054e-14,1.0,0.005557521601035995,0.0013216415145030625,0.006157521601035994,0.0002084070600388498,liquid,False,98.59638519327353
0.04970711483464267,1.0002867018433368,3056.626723431992,804.5738680313551,1.442773391179462,1160.8177680339752,2957495.223392246,508.8579824338058,400.90541622550984,342.3647438670535,2616517.2414164497,291893.42418571113,979.3176033977098,4.899638198048891,15521.00755844125,2.5884947618549337,0.03853944270204323,50826.58450641805,0.3752668920685675,50520.349429588154,13.698123755973167,499.5357026105455,-0.37250721695722555,37540750.59767626,0.07878092942487176,0.0008614616587870247,3.650134930208755e-05,1.979400402591697e-05,4798.301937629113,0.014604899413751565,0.0485,0.014604899413751565,-1.4210854715201953e-14,1.0,0.005557521601035995,0.0013216415145030625,0.006157521601035994,0.0002084070600388498,liquid,False,98.63028638503567
0.04970711483464267,1.0002867018433368,3056.626723431992,804.5738680313551,1.4427805865275072,1160.8235572229837,2957540.320340007,508.8318394142393,400.8738359653016,342.296344928296,2616627.0071328846,291607.2746670887,979.3563109494282,4.899444547385866,15506.378059376162,2.5911300754109448,0.03854279609198387,50794.07585478383,0.3753742379377783,50489.36490761641,13.697642721499907,499.53796207980645,-0.372671470292826,37554749.23817957,0.07875276443953087,0.0008614573625575631,3.6502631158220886e-05,1.9806151292054544e-05,4798.301937629113,0.014922397227093992,0.0485,0.014922397227093992,1.4210854715202004e-14,1.0,0.005557521601035995,0.0013216415145030625,0.006157521601035994,0.0002084070600388498,liquid,False,98.66412611450482
0.04970711483464267,1.0002867018433368,3056.626723431992,804.5738680313551,1.442787772885898,1160.8293391791512,2957585.3608709187,508.8057293810539,400.84229512487815,342.2279214346561,2616736.777689297,291321.12079068075,979.3950071530271,4.899250968796694,15491.74753491611,2.593770960914508,0.03854615553680112,50761.549654867835,0.37548174831553066,50458.36327624701,13.69716229039718,499.54022147583885,-0.3728357799179953,37568752.38806193,0.07872460949250841,0.0008614530717384545,3.6503911496364503e-05,1.9818320196500396e-05,4798.301937629113,0.015239895040436416,0.0485,0.015239895040436416,-0.0,1.0,0.005557521601035995,0.0013216415145030625,0.006157521601035994,0.0002084070600388498,liquid,False,98.6979263509607
0.04970711483464267,1.0002867018433368,3056.626723431992,804.5738680313551,1.4427949452112987,1160.8351098447417,2957630.313376193,508.7796706565405,400.81081583952505,342.15952118732037,2616846.5524517535,291034.96256500407,979.4336649944747,4.899057597388366,15477.12620974112,2.5964155838715754,0.03854951869911099,50729.028634699855,0.37558934829345203,50427.3661973635,13.696682799816454,499.54248079864834,-0.3730000364908008,37582750.44541053,0.07869648384761495,0.0008614487893407592,3.65051894175939e-05,1.9830502273035292e-05,4798.301937629113,0.01555739285377884,0.0485,0.01555739285377884,-1.4210854715202004e-14,1.0,0.005557521601035995,0.0013216415145030625,0.006157521601035994,0.0002084070600388498,liquid,False,98.7316649591233
0.04970711483464267,1.0002867018433368,3056.626723431992,804.5738680313551,1.4428021084737068,1160.840873218485,2957675.209005595,508.75364518199603,400.779376296103,342.0910965827722,2616956.3320857,290748.7999955615,979.4723108918383,4.898864300982759,15462.503922985308,2.5990657973241005,0.03855288792648517,50696.49017137929,0.3756971129359142,50396.3521073147,13.69620391748737,499.54471950993747,-0.3731642780517776,37596750.626562305,0.07866837318956979,0.0008614445123968229,3.650646580704e-05,1.9842706032980046e-05,4798.301937629113,0.015874890667121267,0.0485,0.015874890667121267,1.4210854715202054e-14,1.0,0.005557521601035995,0.0013216415145030625,0.006157521601035994,0.0002084070600388498,liquid,False,98.76534321383446
0.04970711483464267,1.0002867018433368,3056.626723431992,804.5738680313551,1.442809260180659,1160.8466272950106,2957720.032137954,508.72766201162676,400.7479874341565,342.02267113039545,2617066.116283201,290462.6330893673,979.5109324327796,4.898671141639763,15447.88568533992,2.601720700198349,0.03855626207788709,50663.945437439754,0.3758050055167613,50365.33165422094,13.695725810026982,499.54697868698315,-0.3733285925269648,37610752.90301507,0.07864027715065625,0.0008614402423946277,3.650774022023262e-05,1.985492733107404e-05,4798.301937629113,0.01619238848046369,0.0485,0.01619238848046369,-0.0,1.0,0.005557521601035995,0.0013216415145030625,0.006157521601035994,0.0002084070600388498,liquid,False,98.79899125282662
0.04970711483464267,1.0002867018433368,3056.626723431992,804.5738680313551,1.4428163977976152,1160.8523700350936,2957764.766888483,508.7017303520647,400.7166603779535,341.9542689282387,2617175.904735479,290176.46185497264,979.5495155930242,4.8984781894605876,15433.276656681584,2.6043793674426308,0.03855963996975591,50631.405907278866,0.3759129881554258,50334.31577439386,13.695248646861973,499.54923779082225,-0.37349285394884557,37624750.087122604,0.07861221031474183,0.0008614359808472193,3.6509012205088095e-05,1.9867161887769643e-05,4798.301937629113,0.016509886293806116,0.0485,0.016509886293806116,1.4210854715202004e-14,1.0,0.005557521601035995,0.0013216415145030625,0.006157521601035994,0.0002084070600388498,liquid,False,98.83257741286877
0.04970711483464267,1.0002867018433368,3056.626723431992,804.5738680313551,1.4428235262895184,1160.8581054333974,2957809.444375119,508.6758321636371,400.68537333646685,341.8858421754798,2617285.6981066386,289890.286297918,979.5880872871932,4.898285309815491,15418.666633112192,2.607043667833378,0.038563023971928664,50598.84884732133,0.3760211365106929,50303.28279790093,13.694772096064805,499.5514968214605,-0.37365717166175727,37638751.78044479,0.07858415341796346,0.0008614317247900489,3.651028264600877e-05,1.987941828801933e-05,4798.301937629113,0.016827384107148544,0.0485,0.016827384107148544,-1.4210854715202004e-14,1.0,0.005557521601035995,0.0013216415145030625,0.006157521601035994,0.0002084070600388498,liquid,False,98.86612348499364
0.04970711483464267,1.0002867018433368,3056.626723431992,804.5738680313551,1.4428306431177678,1160.8638314474301,2957854.0486876015,508.64997666783165,400.65413745177847,341.81741497018567,2617395.496076424,289604.1064252831,979.6266334826305,4.898092572851829,15404.06077582313,2.6097126779647697,0.038566412902534035,50566.28572987697,0.3761294127457667,50272.243658932115,13.694296327334426,499.5537352432562,-0.37382141966443233,37652750.802297145,0.07855612101804649,0.0008614274757386005,3.651155109021394e-05,1.9891692258344733e-05,4798.301937629113,0.01714488192049097,0.0485,0.01714488192049097,-0.0,1.0,0.005557521601035995,0.0013216415145030625,0.006157521601035994,0.0002084070600388498,liquid,False,98.89959779147773
0.04970711483464267,1.0002867018433368,3056.626723431992,804.5738680313551,1.442837748297673,1160.8695480895096,2957898.5799222207,508.6241638074803,400.6229526568416,341.74898692123276,2617505.298687252,289317.9222441385,979.6651552614635,4.897899973127544,15389.458986410125,2.6123864203058136,0.03856980679495324,50533.716365257795,0.3762378177133574,50241.19817587198,13.69382133963564,499.55599412817435,-0.37398574060852086,37666751.91390307,0.07852810315801184,0.000861423233683527,3.651281754003838e-05,1.9903983907777178e-05,4798.301937629113,0.017462379733833393,0.0485,0.017462379733833393,-0.0,1.0,0.005557521601035995,0.0013216415145030625,0.006157521601035994,0.0002084070600388498,liquid,False,98.93304147133273
0.04970711483464267,1.0002867018433368,3056.626723431992,804.5738680313551,1.442844841786572,1160.875255325311,2957943.0378119354,508.59839373602154,400.59181913904877,341.6805582257838,2617615.1059421087,289031.73376158037,979.7036520600712,4.897707513429685,15374.861321084203,2.615064899756876,0.038573205646725825,50501.14085711959,0.3763463512859743,50210.146446651546,13.693347135808741,499.5582529399081,-0.37415006317159183,37680752.733972676,0.07850010478015416,0.0008614189986500926,3.651408198748403e-05,1.991629323492421e-05,4798.301937629113,0.017779877547175818,0.0485,0.017779877547175818,-0.0,1.0,0.005557521601035995,0.0013216415145030625,0.006157521601035994,0.0002084070600388498,liquid,False,98.9664338008593
0.04970711483464267,1.0002867018433368,3056.626723431992,804.5738680313551,1.4428519235610553,1160.8809531359993,2957987.4222103665,508.5726665369498,400.56073700129525,341.6121288849187,2617724.917857168,288745.5409847193,979.7421238633823,4.897515193802365,15360.267784508902,2.617748127112842,0.03857660946736395,50468.559211347325,0.3764550136633029,50179.088476028104,13.692873717406954,499.5605116784628,-0.3743143873536251,37694753.26252046,0.07847212585820175,0.0008614147706520671,3.6515344427983664e-05,1.9928620275311036e-05,4798.301937629113,0.018097375360518243,0.0485,0.018097375360518243,1.4210854715202054e-14,1.0,0.005557521601035995,0.0013216415145030625,0.006157521601035994,0.0002084070600388498,liquid,False,98.99977467716752
0.04970711483464267,1.0002867018433368,3056.626723431992,804.5738680313551,1.4428589935976537,1160.8866415026926,2958031.732970762,508.5469822939758,400.5297063467372,341.5436988997028,2617834.734448631,288459.3439206799,979.7805706563435,4.897323014289605,15345.678381343125,2.6204361131991116,0.038580018266403546,50435.97143382192,0.37656380504548187,50148.02426875358,13.692401085987486,499.5627703438439,-0.374478713154612,37708753.49956156,0.0784441663659117,0.0008614105497032551,3.6516604856958906e-05,1.994096506456155e-05,4798.301937629113,0.01841487317386067,0.0485,0.01841487317386067,-1.4210854715201953e-14,1.0,0.005557521601035995,0.0013216415145030625,0.006157521601035994,0.0002084070600388498,liquid,False,99.0330639971067
0.04970711483464267,1.0002867018433368,3056.626723431992,804.5738680313551,1.4428660518728356,1160.8923204064572,2958075.96994598,508.52134109103235,400.49872727880535,341.4752682712211,2617944.5557327247,288173.142576601,979.8189924238274,4.897130974935802,15331.093116249927,2.6231288688722074,0.0385834320534024,50403.37753043963,0.3766727256330373,50116.95382959309,13.691929243111701,499.5650289360571,-0.3746430405745464,37722753.44511132,0.07841622627707023,0.0008614063358174987,3.651786326981977e-05,1.9953327638391288e-05,4798.301937629113,0.018732370987203095,0.0485,0.018732370987203095,-0.0,1.0,0.005557521601035995,0.0013216415145030625,0.006157521601035994,0.0002084070600388498,liquid,False,99.06630165725176
0.04970711483464267,1.0002867018433368,3056.626723431992,804.5738680313551,1.4428730983438676,1160.8979898129114,2958120.132868535,508.49574308180536,400.467799985208,341.40683719690026,2618054.3817257336,287886.9369596475,979.8573886027143,4.896939078524005,15316.512045254818,2.6258263990799153,0.03858685082588781,50370.777604923074,0.3767817752978104,50085.87725654467,13.691458191624571,499.5672669234461,-0.3748072982433015,37736750.72768998,0.07838831048847998,0.0008614021290201032,3.651911965855202e-05,1.996570799544758e-05,4798.301937629113,0.01904986880054552,0.0485,0.01904986880054552,-0.0,1.0,0.005557521601035995,0.0013216415145030625,0.006157521601035994,0.0002084070600388498,liquid,False,99.0994669382381
0.04970711483464267,1.0002867018433368,3056.626723431992,804.5738680313551,1.442880133025402,1160.9036497338438,2958164.2218305953,508.4701882115173,400.4369244017881,341.33840528517595,2618164.212443908,287600.7270769753,979.8957602739215,4.896747319620802,15301.935070264617,2.628528726607821,0.038590274617556215,50338.17146753357,0.3768909548990876,50054.79436791975,13.690987930534902,499.56952537000495,-0.3749716288942829,37750750.09170326,0.07836040912153243,0.0008613979293021142,3.652037402537285e-05,1.9978106245920425e-05,4798.301937629113,0.019367366613887944,0.0485,0.019367366613887944,1.4210854715202004e-14,1.0,0.005557521601035995,0.0013216415145030625,0.006157521601035994,0.0002084070600388498,liquid,False,99.13260096821688
0.04970711483464267,1.0002867018433368,3056.626723431992,804.5738680313551,1.4428871558745573,1160.9093001347535,2958208.236563748,508.4446766343899,400.40610071690554,341.2699727334517,2618274.0479035554,287314.5129357661,979.934106874187,4.896555701010174,15287.362247332376,2.6312358564771916,0.03859370342599541,50305.55922200387,0.3770002643098763,50023.705261721705,13.69051846269756,499.5717837434123,-0.3751359611641764,37764749.16427001,0.07833252707958056,0.0008613937366889249,3.6521626362240833e-05,1.9990522388696448e-05,4798.301937629113,0.019684864427230372,0.0485,0.019684864427230372,-1.4210854715202004e-14,1.0,0.005557521601035995,0.0013216415145030625,0.006157521601035994,0.0002084070600388498,liquid,False,99.16568302650677
0.04970711483464267,1.0002867018433368,3056.626723431992,804.5738680313551,1.4428941668675614,1160.9149409965135,2958252.1769193406,508.41920843522803,400.3753290350522,341.20153954278265,2618383.8881210093,287028.2945432162,979.9724283882938,4.896364222736974,15272.79358111165,2.633947799670849,0.03859713726085722,50272.940874235544,0.37710970373245417,49992.609942714706,13.690049789690006,499.57404204367356,-0.37530029505296747,37778747.94540509,0.0783046643365306,0.0008613895511945205,3.652287666452102e-05,2.0002956459882276e-05,4798.301937629113,0.020002362240572797,0.0485,0.020002362240572797,-0.0,1.0,0.005557521601035995,0.0013216415145030625,0.006157521601035994,0.0002084070600388498,liquid,False,99.19871300862138
0.04970711483464267,1.0002867018433368,3056.626723431992,804.5738680313551,1.4429011659805768,1160.920572299945,2958296.042748321,508.3937836990649,400.3446094609993,341.1331057142349,2618493.733112631,286742.0719065362,980.0107248010119,4.896172884846126,15258.229076257237,2.6366645672023106,0.0386005761318163,50240.31643013694,0.37721927336952227,49961.50841566784,13.689581913093946,499.5763002707944,-0.37546463056064816,37792746.4351237,0.07827682086631707,0.0008613853728329244,3.652412492756664e-05,2.0015408495681082e-05,4798.301937629113,0.02031986005391522,0.0485,0.02031986005391522,-0.0,1.0,0.005557521601035995,0.0013216415145030625,0.006157521601035994,0.0002084070600388498,liquid,False,99.23169080979505
0.04970711483464267,1.0002867018433368,3056.626723431992,804.5738680313551,1.4429081556282626,1160.9261959878197,2958339.849184479,508.36839365310425,400.3139313967879,341.06464734492664,2618603.583216652,286455.8450314725,980.0490094438569,4.895981620706887,15243.663652655938,2.6393871216760756,0.038604021252311514,50207.674497022745,0.37732901176414213,49930.389818635194,13.689114671483818,499.5785584247802,-0.3756290223634794,37806749.433566496,0.07824898711228358,0.0008613812001624364,3.6525371581667305e-05,2.00278828912082e-05,4798.301937629113,0.020637357867257646,0.0485,0.020637357867257646,-0.0,1.0,0.005557521601035995,0.0013216415145030625,0.006157521601035994,0.0002084070600388498,liquid,False,99.26462702799233
0.04970711483464267,1.0002867018433368,3056.626723431992,804.5738680313551,1.4429151308863806,1160.9318080982243,2958383.5653663278,508.3430561831883,400.283316455402,340.996212440186,2618713.4378075125,286169.6139267575,980.0872550517219,4.895790566500014,15229.107537163347,2.6421135667390514,0.03860747021420555,50175.037973751685,0.3774388421545043,49899.27598094623,13.68864839402167,499.5807959779581,-0.3757932896982179,37820744.97736023,0.07822118700034167,0.0008613770361225142,3.6526615748152914e-05,2.004037093407617e-05,4798.301937629113,0.02095485568060007,0.0485,0.02095485568060007,1.4210854715202004e-14,1.0,0.005557521601035995,0.0013216415145030625,0.006157521601035994,0.0002084070600388498,liquid,False,99.2974795225561
0.04970711483464267,1.0002867018433368,3056.626723431992,804.5738680313551,1.44292209421163,1160.9374106077546,2958427.2066911645,508.3177623636966,400.2527538543736,340.92777670431275,2618823.297221791,285883.3785996337,980.125476059887,4.895599650075753,15214.555545781308,2.6448448753664593,0.03861092425348959,50142.395274084825,0.3775488037008162,49868.15585630828,13.688182916470812,499.5830539863551,-0.3759576300559978,37834742.594272524,0.07819340119255933,0.0008613728792463469,3.652785786478325e-05,2.0052877088164887e-05,4798.301937629113,0.0212723534939425,0.0485,0.0212723534939425,-1.4210854715201903e-14,1.0,0.005557521601035995,0.0013216415145030625,0.006157521601035994,0.0002084070600388498,liquid,False,99.33030013198146
0.04970711483464267,1.0002867018433368,3056.626723431992,804.5738680313551,1.442929047986935,1160.9430054336492,2958470.7880938207,508.29250353741827,400.2222331349919,340.8593164302095,2618933.161797111,285597.1390558988,980.1636852258839,4.89540880768636,15200.002653986048,2.6475820093645845,0.03861438457686213,50109.73509679967,0.37765893475397044,49837.01866952708,13.687718079529322,499.58531192163366,-0.3761220267097989,37848744.71981017,0.07816562504239001,0.0008613687281112203,3.652909835626842e-05,2.006540573044855e-05,4798.301937629113,0.021589851307284923,0.0485,0.021589851307284923,-0.0,1.0,0.005557521601035995,0.0013216415145030625,0.006157521601035994,0.0002084070600388498,liquid,False,99.36307878664178
0.04970711483464267,1.0002867018433368,3056.626723431992,804.5738680313551,1.442935987331908,1160.9485886492757,2958514.278987779,508.2672974302691,400.19177571785275,340.79087942803045,2619043.0309093595,285310.8953043098,980.2018558846778,4.895218172483894,15185.45902869072,2.650323068297036,0.03861784877778,50077.08025568154,0.37776915861028965,49805.886169678684,13.687254209423283,499.58756978379904,-0.37628637030556245,37862741.75397648,0.07813787755286013,0.0008613645856303301,3.653033635159376e-05,2.007794814840158e-05,4798.301937629113,0.021907349120627348,0.0485,0.021907349120627348,-0.0,1.0,0.005557521601035995,0.0013216415145030625,0.006157521601035994,0.0002084070600388498,liquid,False,99.39579406594629
0.04970711483464267,1.0002867018433368,3056.626723431992,804.5738680313551,1.4429429170701609,1160.954164135586,2958557.709604354,508.24212651966445,400.16136043184304,340.72241788937794,2619152.9052152145,285024.64735069853,980.240014652919,4.89502761150603,15170.91451522339,2.65306997839766,0.03862131928595464,50044.40794460492,0.3778795524754503,49774.73661296488,13.686790983700025,499.5898275728568,-0.37645077019793244,37876743.296702266,0.07811013968199162,0.0008613604489239866,3.6531572710905264e-05,2.0090513140747164e-05,4798.301937629113,0.022224846933969773,0.0485,0.022224846933969773,1.4210854715202004e-14,1.0,0.005557521601035995,0.0013216415145030625,0.006157521601035994,0.0002084070600388498,liquid,False,99.42846714101375
0.04970711483464267,1.0002867018433368,3056.626723431992,804.5738680313551,1.4429498323379746,1160.9597279793595,2958601.0494616,508.217008470544,400.1310086244445,340.6539796252142,2619262.784091549,284738.39520384633,980.2781349007421,4.894837257708461,15156.379274632089,2.6558208324704657,0.03862479368778148,50011.740985808654,0.3779900394632142,49743.591757077964,13.686328727468242,499.59208528881265,-0.3766151170316392,37890739.74818286,0.07808243040711514,0.0008613563208953781,3.6532806566052156e-05,2.0103091969785456e-05,4798.301937629113,0.0225423447473122,0.0485,0.0225423447473122,-1.4210854715202004e-14,1.0,0.005557521601035995,0.0013216415145030625,0.006157521601035994,0.0002084070600388498,liquid,False,99.46107666436814
0.04970711483464267,1.0002867018433368,3056.626723431992,804.5738680313551,1.4429567379420134,1160.965284047912,2958644.3286845214,508.19192582229834,400.10069919888025,340.5855168262604,2619372.6681941645,284452.13886961964,980.3162432095021,4.894646978325824,15141.843158098103,2.658577563657948,0.038628274420145936,49979.05656470911,0.37810069696396253,49712.4298495917,13.685867119411176,499.59434293167186,-0.3767795201625352,37904740.70815687,0.07805473071203041,0.0008613521986749871,3.653403877426454e-05,2.0115693459876476e-05,4798.301937629113,0.022859842560654625,0.0485,0.022859842560654625,-0.0,1.0,0.005557521601035995,0.0013216415145030625,0.006157521601035994,0.0002084070600388498,liquid,False,99.49364373279161
0.04970711483464267,1.0002867018433368,3056.626723431992,804.5738680313551,1.4429636290352832,1160.9708284414792,2958687.516896081,508.1668961787018,400.0704534292782,340.5170773043904,2619482.55690092,284165.87835682405,980.3543129845248,4.894456906117427,15127.31632081305,2.6613382579680507,0.03863175906234963,49946.37751202593,0.3782114479081805,49681.27265684312,13.685406483516536,499.59660050144,-0.37694387023413367,37918736.57701138,0.07802705954844012,0.0008613480851559629,3.6535268470266324e-05,2.012830884802746e-05,4798.301937629113,0.02317734037399705,0.0485,0.02317734037399705,-0.0,1.0,0.005557521601035995,0.0013216415145030625,0.006157521601035994,0.0002084070600388498,liquid,False,99.52614707216179
0.04970711483464267,1.0002867018433368,3056.626723431992,804.5738680313551,1.4429705103886448,1160.9763649985707,2958730.6439968036,508.14190220960154,400.04025037595954,340.44861344627975,2619592.450866769,283879.61367137224,980.3923702250637,4.894266911244516,15112.788670814043,2.6641048493891,0.03863525004621627,49913.6811026271,0.3783223695377013,49650.098511108365,13.68494650086385,499.5988374757546,-0.3771082051380146,37932734.60240864,0.07799940275882275,0.0008613439774902145,3.653649650500555e-05,2.0140946946485252e-05,4798.301937629113,0.023494838187339474,0.0485,0.023494838187339474,-0.0,1.0,0.005557521601035995,0.0013216415145030625,0.006157521601035994,0.0002084070600388498,liquid,False,99.55858709979503
0.04970711483464267,1.0002867018433368,3056.626723431992,804.5738680313551,1.4429773796059617,1160.9818917913176,2958773.6949698273,508.1169526166723,400.0101005559842,340.3801487648619,2619702.349790074,283593.3448206297,980.4304027240795,4.894077054625456,15098.265185278327,2.6668763979712855,0.0386387461900164,49880.978560119256,0.37843342406648567,49618.91811239614,13.684487331611805,499.60109490002134,-0.3772726131199552,37946734.689744,0.0779717601306419,0.0008613398771078736,3.653772245051348e-05,2.015360346500931e-05,4798.301937629113,0.0238123360006819,0.0485,0.0238123360006819,1.4210854715202105e-14,1.0,0.005557521601035995,0.0013216415145030625,0.006157521601035994,0.0002084070600388498,liquid,False,99.59099434403714
0.04970711483464267,1.0002867018433368,3056.626723431992,804.5738680313551,1.4429842342515993,1160.9874068600723,2958816.6545508434,508.0920562446381,399.98001465982304,340.3117073643804,2619812.2533682203,283307.07181343884,980.4683966691996,4.893887405172543,15083.75098852577,2.6696519386214526,0.03864224626809391,49848.28141023247,0.3785445725229075,49587.742449279,13.684029138556312,499.6033522512135,-0.3774369680416603,37960729.68614847,0.07794414593749205,0.0008613357854625936,3.6538945871665316e-05,2.0166273974316405e-05,4798.301937629113,0.024129833814024327,0.0485,0.024129833814024327,-1.4210854715202004e-14,1.0,0.005557521601035995,0.0013216415145030625,0.006157521601035994,0.0002084070600388498,liquid,False,99.62333759139045
0.04970711483464267,1.0002867018433368,3056.626723431992,804.5738680313551,1.4429910790895475,1160.9929140378163,2958859.5525971744,508.0671957889167,399.9499717778836,340.2432414333663,2619922.1622548164,283020.79465575336,980.5063785534677,4.893697830612795,15069.235946425,2.6724334218938357,0.0386457527353927,49815.56681730135,0.378655892761705,49556.54974781043,13.68357160324068,499.6056095293365,-0.3776013792620193,37974729.19088207,0.07791654122730682,0.0008613316997104667,3.654016761834206e-05,2.017896736332382e-05,4798.301937629113,0.02444733162736675,0.0485,0.02444733162736675,-0.0,1.0,0.005557521601035995,0.0013216415145030625,0.006157521601035994,0.0002084070600388498,liquid,False,99.6556377514529
0.04970711483464267,1.0002867018433368,3056.626723431992,804.5738680313551,1.4429979116985963,1160.9984113765074,2958902.373934888,508.04238004194167,399.91998253731674,340.1747748790545,2620032.076149044,282734.513354995,980.5443351025117,4.893508397177647,15054.725133751768,2.675219890579342,0.038649264380356256,49782.84620706927,0.37876734619204866,49525.350901106074,13.683114887497371,499.60786673439594,-0.37776579210172373,37988728.40431339,0.07788895544076495,0.0008613276212965495,3.654138725801852e-05,2.019167924719674e-05,4798.301937629113,0.024764829440709176,0.0485,0.024764829440709176,-0.0,1.0,0.005557521601035995,0.0013216415145030625,0.006157521601035994,0.0002084070600388498,liquid,False,99.6878841970792
0.04970711483464267,1.0002867018433368,3056.626723431992,804.5738680313551,1.4430047320539334,1161.0038988561823,2958945.1184088215,508.0176090922678,399.89004704718616,340.1063077024996,2620141.995067687,282448.2279186005,980.5822663006749,4.8933191049141564,15040.218555150319,2.6780113561917416,0.03865278121302859,49750.119585509114,0.3788789330234848,49494.14591397257,13.682658992973206,499.6101238663971,-0.3779302065607588,38002727.32645721,0.077861388552206,0.0008613235502354445,3.6542604785866356e-05,2.0204409663682922e-05,4798.301937629113,0.0250823272540516,0.0485,0.0250823272540516,1.4210854715202105e-14,1.0,0.005557521601035995,0.0013216415145030625,0.006157521601035994,0.0002084070600388498,liquid,False,99.72007681921093
0.04970711483464267,1.0002867018433368,3056.626723431992,804.5738680313551,1.4430115401306765,1161.0093764568214,2958987.785863376,507.99288302870355,399.8601654168624,340.0378399048033,2620251.9190275553,282161.93835402164,980.620172132296,4.893129953869408,15025.716215273145,2.680807830275866,0.038656303243476,49717.38695862114,0.3789906534659311,49462.93479124108,13.682203921319656,499.61238092534563,-0.3780946226391192,38016725.957328826,0.0778338405359956,0.0008613194865417958,3.65438201970443e-05,2.0217158650624193e-05,4798.301937629113,0.02539982506739403,0.0485,0.02539982506739403,-1.4210854715202004e-14,1.0,0.005557521601035995,0.0013216415145030625,0.006157521601035994,0.0002084070600388498,liquid,False,99.75221550848323
0.04970711483464267,1.0002867018433368,3056.626723431992,804.5738680313551,1.4430183359038844,1161.0148441583576,2959030.37614258,507.9682019402717,399.83033775597823,339.96937148700613,2620361.848045489,281875.6446687254,980.6580525816439,4.89294094409084,15011.218118760467,2.683609324413229,0.038659830481792105,49684.64833237926,0.3791025077298619,49431.7175377161,13.681749674192178,499.6146379112469,-0.3782590403367866,38030724.29694284,0.07780631136652968,0.0008613154302302824,3.65450334867e-05,2.022992624597772e-05,4798.301937629113,0.025717322880736453,0.0485,0.025717322880736453,-0.0,1.0,0.005557521601035995,0.0013216415145030625,0.006157521601035994,0.0002084070600388498,liquid,False,99.78430015526868
0.04970711483464267,1.0002867018433368,3056.626723431992,804.5738680313551,1.443025119348546,1161.0203019406674,2959072.8890900263,507.943565916245,399.80056417447327,339.9009024501812,2620471.7821383546,281589.3468701937,980.6959076329982,4.892752075625834,14996.724270257293,2.686415850216566,0.038663362938093755,49651.903712774016,0.3792144960261636,49400.49415821637,13.68129625325087,499.6168948241065,-0.37842345965375485,38044722.34531451,0.07777880101823001,0.0008613113813156247,3.654624464996823e-05,2.024271248779965e-05,4798.301937629113,0.026034820694078878,0.0485,0.026034820694078878,-0.0,1.0,0.005557521601035995,0.0013216415145030625,0.006157521601035994,0.0002084070600388498,liquid,False,99.81633064963324
0.04970711483464267,1.0002867018433368,3056.626723431992,804.5738680313551,1.4430318904395898,1161.0257497835794,2959115.3245489285,507.91897504611734,399.7708447825502,339.8324327953559,2620581.7213230478,281303.04496592394,980.7337372706112,4.892563348521914,14982.23467439823,2.689227419335566,0.03866690062252484,49619.15310578408,0.37932661856622957,49369.264657547705,13.680843660159848,499.61915166393,-0.378587880590011,38058720.10245873,0.07775130946554766,0.0008613073398125792,3.654745368197256e-05,2.025551741425659e-05,4798.301937629113,0.026352318507421302,0.0485,0.026352318507421302,-0.0,1.0,0.005557521601035995,0.0013216415145030625,0.006157521601035994,0.0002084070600388498,liquid,False,99.84830688137976
0.04970711483464267,1.0002867018433368,3056.626723431992,804.5738680313551,1.443038649151869,1161.031187666861,2959157.68236203,507.89442941965217,399.74117969074626,339.76396252365834,2620691.6656164927,281016.7389634284,980.7715414786591,4.892374762826987,14967.749335838427,2.692044043449931,0.038670443545248775,49586.39651744069,0.37943887556174294,49338.02904056452,13.680391896588281,499.6214084307227,-0.37875230314554953,38072717.56839084,0.0777238366829589,0.0008613033057359471,3.654866057782261e-05,2.0268341063600745e-05,4798.301937629113,0.026669816320763727,0.0485,0.026669816320763727,1.4210854715202105e-14,1.0,0.005557521601035995,0.0013216415145030625,0.006157521601035994,0.0002084070600388498,liquid,False,99.88022873997642
0.04970711483464267,1.0002867018433368,3056.626723431992,804.5738680313551,1.4430453954601785,1161.0366155702322,2959199.9623717074,507.86992912682354,399.7115690098516,339.6954916361046,2620801.615035639,280730.4288702349,980.8093202413323,4.892186318588887,14953.268259208682,2.694865734276461,0.038673991716459556,49553.63395371652,0.3795512672250625,49306.78731206378,13.679940964209194,499.6236651244901,-0.37891672732035186,38086714.74312536,0.07769638264497052,0.0008612992791005642,3.654986533261723e-05,2.0281183474213745e-05,4798.301937629113,0.026987314134106155,0.0485,0.026987314134106155,-1.4210854715202004e-14,1.0,0.005557521601035995,0.0013216415145030625,0.006157521601035994,0.0002084070600388498,liquid,False,99.91209611463853
0.04970711483464267,1.0002867018433368,3056.626723431992,804.5738680313551,1.4430521293392427,1161.0420334733578,2959242.1644198974,507.84547425786195,399.6820128509702,339.6270201337753,2620911.5695974687,280444.11469388625,980.8470735428003,4.891998015855561,14938.79144915165,2.69769250356412,0.038677545146373,49520.8654206257,0.37966379376887444,49275.53947688036,13.67949086470036,499.62592174523786,-0.3790811531144094,38100711.626677394,0.07766894732611483,0.0008612952599213082,3.655106794144214e-05,2.0294044684567908e-05,4798.301937629113,0.02730481194744858,0.0485,0.02730481194744858,-0.0,1.0,0.005557521601035995,0.0013216415145030625,0.006157521601035994,0.0002084070600388498,liquid,False,99.94390889426768
0.04970711483464267,1.0002867018433368,3056.626723431992,804.5738680313551,1.443058850763721,1161.047441355849,2959284.2883481286,507.8210649032303,399.65251132548775,339.5585480177285,2621021.5293320506,280157.7964419408,980.8848013671662,4.891809854675285,14924.31891030529,2.700524363098253,0.038681103845230845,49488.09092417735,0.37977645540635546,49244.28553984276,13.679041599743842,499.62817829297126,-0.3792455805277125,38114708.21906202,0.07764153070095192,0.0008612912482130955,3.6552268399371134e-05,2.0306924733244756e-05,4798.301937629113,0.027622309760791004,0.0485,0.027622309760791004,-0.0,1.0,0.005557521601035995,0.0013216415145030625,0.006157521601035994,0.0002084070600388498,liquid,False,99.9756669674835
0.04970711483464267,1.0002867018433368,3056.626723431992,804.5738680313551,1.4430655596897806,1161.0528391824391,2959326.3338820376,507.7967012205472,399.62306462595984,339.490075486409,2621131.4942303277,279871.4741219835,980.9225031529227,4.891621837817165,14909.850697935572,2.703361318439559,0.038684667810817315,49455.31056837954,0.37988925201236395,49213.02559921509,13.678593172257768,499.6304142546182,-0.37940993799935163,38128702.18800443,0.07761413748860992,0.0008612872440018791,3.6553466698174397e-05,2.0319823620353657e-05,4798.301937629113,0.02793980757413343,0.0485,0.02793980757413343,-0.0,1.0,0.005557521601035995,0.0013216415145030625,0.006157521601035994,0.0002084070600388498,liquid,False,100.00734962865835
0.04970711483464267,1.0002867018433368,3056.626723431992,804.5738680313551,1.4430722584648845,1161.0582288418357,2959368.315733723,507.7723746835104,399.59366244909324,339.42157823700495,2621241.4646387114,279585.14774017566,980.9601931099618,4.891433894393758,14895.381666052845,2.7062043872893233,0.03868823832550604,49422.51271422847,0.3800022239343723,49181.74855474258,13.678145425326106,499.63267065700325,-0.37957442332784863,38142702.998474084,0.07758674879051214,0.0008612832458863907,3.655466325677549e-05,2.0332745975611928e-05,4798.301937629113,0.028257305387475853,0.0485,0.028257305387475853,1.4210854715202105e-14,1.0,0.005557521601035995,0.0013216415145030625,0.006157521601035994,0.0002084070600388498,liquid,False,100.03900820791
0.04970711483464267,1.0002867018433368,3056.626723431992,804.5738680313551,1.4430789423685302,1161.0636065360454,2959410.2043196964,507.7481024330132,399.5643255142186,339.35310428602077,2621351.4399434947,279298.817305541,980.9978443987004,4.891246158211711,14880.92197013095,2.709051590391598,0.0386918128947342,49389.720361729494,0.3801152921836393,49150.47633901437,13.677698674456092,499.6349269863905,-0.37973885559231235,38156698.718797505,0.0775593880940694,0.0008612792566838197,3.6555857231580884e-05,2.0345682778382883e-05,4798.301937629113,0.02857480320081828,0.0485,0.02857480320081828,-1.4210854715201903e-14,1.0,0.005557521601035995,0.0013216415145030625,0.006157521601035994,0.0002084070600388498,liquid,False,100.07060147217192
0.04970711483464267,1.0002867018433368,3056.626723431992,804.5738680313551,1.4430856137155417,1161.0689741275153,2959452.0141475312,507.72387606118036,399.5350436613115,339.28462972557287,2621461.4204762946,279012.4828256996,981.0354701465737,4.8910585637767126,14866.466563965025,2.711903931226038,0.03869539277412848,49356.9220699451,0.38022849638400963,49119.19804076365,13.67725276491254,499.63718324278534,-0.37990328947597785,38170694.14801334,0.07753204598983068,0.0008612752750123648,3.655704903565825e-05,2.035863857488283e-05,4798.301937629113,0.028892301014160706,0.0485,0.028892301014160706,-0.0,1.0,0.005557521601035995,0.0013216415145030625,0.006157521601035994,0.0002084070600388498,liquid,False,100.10213958147386
0.04970711483464267,1.0002867018433368,3056.626723431992,804.5738680313551,1.443092274803137,1161.0743334645272,2959493.759614369,507.69968722446356,399.5058068075822,339.2161306469123,2621571.4065698828,278726.1443068785,981.0730834452912,4.8908710457926725,14852.010407335689,2.714762420485662,0.03869897922675906,49324.106389636334,0.3803418763497246,49087.902740220714,13.676807543139939,499.63943942619323,-0.3800677796632936,38184694.084968574,0.07750471309339035,0.000861271299500784,3.655823907903067e-05,2.037161793796986e-05,4798.301937629113,0.02920979882750313,0.0485,0.02920979882750313,-0.0,1.0,0.005557521601035995,0.0013216415145030625,0.006157521601035994,0.0002084070600388498,liquid,False,100.13363261861105
0.04970711483464267,1.0002867018433368,3056.626723431992,804.5738680313551,1.4430989209553708,1161.0796807849374,2959535.411416101,507.6755529013585,399.47663547686017,339.14765487049453,2621681.3976120437,278439.8017581401,981.1106580544357,4.890683735048046,14837.563596078344,2.7176250744982298,0.03870256975947878,49291.296235292575,0.3804553531469559,49056.61228931531,13.676363321663008,499.6416955366198,-0.3802322167856325,38198688.93196628,0.07747740810390578,0.0008612673329395956,3.6559426525910796e-05,2.0384611846052877e-05,4798.301937629113,0.029527296640845555,0.0485,0.029527296640845555,1.4210854715202105e-14,1.0,0.005557521601035995,0.0013216415145030625,0.006157521601035994,0.0002084070600388498,liquid,False,100.16506005975964
0.04970711483464267,1.0002867018433368,3056.626723431992,804.5738680313551,1.443105554473722,1161.0850179404558,2959576.983976596,507.6514647327426,399.44751956766567,339.0791784877783,2621791.393933769,278153.4551871511,981.1482070745617,4.890496566197638,14823.12108847161,2.7204929022264372,0.038706165633549325,49258.48015974831,0.38056896654331773,49025.315770398454,13.67591994664072,499.64395157407046,-0.3803966555271396,38212683.487901345,0.07745012163078362,0.0008612633739550011,3.656061178705696e-05,2.039762486555571e-05,4798.301937629113,0.029844794454187983,0.0485,0.029844794454187983,-1.4210854715202004e-14,1.0,0.005557521601035995,0.0013216415145030625,0.006157521601035994,0.0002084070600388498,liquid,False,100.19643200640479
0.04970711483464267,1.0002867018433368,3056.626723431992,804.5738680313551,1.44311217764195,1161.0903467685357,2959618.491608587,507.6274144242243,399.4184490562476,339.0106775894064,2621901.395867221,277867.10460019356,981.1857435705093,4.890309474094291,14808.677848806296,2.723366919894609,0.03870976811771781,49225.64670758576,0.38068275649764616,48994.002257361346,13.675477265419165,499.6462075385507,-0.380561150573175,38226682.55147689,0.07742284430837282,0.0008612594211838287,3.656179527016124e-05,2.0410661589699992e-05,4798.301937629113,0.030162292267530408,0.0485,0.030162292267530408,-0.0,1.0,0.005557521601035995,0.0013216415145030625,0.006157521601035994,0.0002084070600388498,liquid,False,100.2277584823031
0.04970711483464267,1.0002867018433368,3056.626723431992,804.5738680313551,1.4431187858103793,1161.0956635281696,2959659.9051727345,507.60341885832077,399.3894443511998,338.942199997066,2622011.4028016813,277580.7500063688,981.2232413553878,4.8901225892296445,14794.243963894436,2.7262451330962114,0.03871337470772401,49192.818805696224,0.380796643791369,48962.69361483856,13.675035588762986,499.6484634300658,-0.38072559255328714,38240676.52528352,0.07739559479853608,0.0008612554774008411,3.656297614397864e-05,2.0423712957183824e-05,4798.301937629113,0.030479790080872832,0.0485,0.030479790080872832,-0.0,1.0,0.005557521601035995,0.0013216415145030625,0.006157521601035994,0.0002084070600388498,liquid,False,100.259019078866
0.04970711483464267,1.0002867018433368,3056.626723431992,804.5738680313551,1.4431253835678193,1161.1009719113933,2959701.253427566,507.57946137059344,399.36048531139835,338.8736978907854,2622121.4153819755,277294.39141199563,981.2607265658594,4.889935781310478,14779.809359200193,2.7291295641132463,0.03871698793255009,49159.97353515588,0.3809107081742439,48931.36798366228,13.674594609953756,499.6507192486216,-0.38089009083851744,38254675.00666502,0.07736835440143994,0.0008612515398672086,3.6564155228122766e-05,2.043678812196484e-05,4798.301937629113,0.030797287894215257,0.0485,0.030797287894215257,-0.0,1.0,0.005557521601035995,0.0013216415145030625,0.006157521601035994,0.0002084070600388498,liquid,False,100.29023393722326
0.04970711483464267,1.0002867018433368,3056.626723431992,804.5738680313551,1.4431319685785093,1161.1062700389152,2959742.521735142,507.55555044113044,399.33158218917265,338.8051951820185,2622231.4333126103,277008.0288248091,981.2981861048685,4.889749115582624,14765.379079687285,2.7320192209681666,0.03872060654442825,49127.122363464645,0.3810249101229519,48900.03629962754,13.674154485097631,499.65297499422337,-0.381054590743483,38268673.1969481,0.077341132432341,0.0008612476099767202,3.656533210480473e-05,2.0449882570079333e-05,4798.301937629113,0.03111478570755768,0.0485,0.03111478570755768,-0.0,1.0,0.005557521601035995,0.0013216415145030625,0.006157521601035994,0.0002084070600388498,liquid,False,100.32139280505072
0.04970711483464267,1.0002867018433368,3056.626723431992,804.5738680313551,1.4431385385244142,1161.1115560457047,2959783.695568692,507.53169448527615,399.3027451590982,338.7367157830771,2622341.456296957,276721.6622539499,981.3356069110774,4.889562657094033,14750.958164288686,2.734913104422422,0.03872422928809437,49094.27676637521,0.38113920992256195,48868.70950699155,13.673715369113319,499.65523066687655,-0.381219037581578,38282666.29765077,0.0773139381817384,0.0008612436891125362,3.656650635930436e-05,2.046299176074891e-05,4798.301937629113,0.031432283520900106,0.0485,0.031432283520900106,1.4210854715202105e-14,1.0,0.005557521601035995,0.0013216415145030625,0.006157521601035994,0.0002084070600388498,liquid,False,100.35248550777834
0.04970711483464267,1.0002867018433368,3056.626723431992,804.5738680313551,1.4431450979674418,1161.1168336021535,2959824.803518025,507.5078769368397,399.27395419806027,338.66821187271313,2622451.4849785203,276435.2917057925,981.3730150673518,4.889376275849408,14736.536547513782,2.7378132478112063,0.03872785870389067,49061.413812608924,0.38125368761236106,48837.36573390896,13.673276957084502,499.6574862665867,-0.38138354072566827,38296663.90582936,0.07728675298705308,0.0008612397745519563,3.656767880657432e-05,2.0476124888645986e-05,4798.301937629113,0.031749781334242534,0.0485,0.031749781334242534,-0.0,1.0,0.005557521601035995,0.0013216415145030625,0.006157521601035994,0.0002084070600388498,liquid,False,100.38353206852645
0.04970711483464267,1.0002867018433368,3056.626723431992,804.5738680313551,1.443151644603021,1161.1221008540642,2959865.8311407305,507.4841061623706,399.24521942152853,338.59970716521053,2622561.5190755995,276148.9171881086,981.410398047905,4.889190034233667,14722.119219525544,2.7407186602078455,0.03873149355117871,49028.54487780988,0.3813683038698899,48806.01582901747,13.672839403030686,499.65976229781376,-0.38154811713894377,38310663.537060075,0.07725958148121044,0.0008612358676701177,3.6568849034325036e-05,2.0489277459223643e-05,4798.301937629113,0.03206727914758496,0.0485,0.03206727914758496,-1.4210854715201903e-14,1.0,0.005557521601035995,0.0013216415145030625,0.006157521601035994,0.0002084070600388498,liquid,False,100.41454287628522
0.04970711483464267,1.0002867018433368,3056.626723431992,804.5738680313551,1.4431581783685863,1161.1273577510979,2959906.7780450513,507.4603823874777,399.2165411042872,338.5312020572464,2622671.5585926566,275862.538708708,981.4477547472833,4.889003937723253,14707.706285537075,2.7436293411305215,0.03873513381523654,48995.67016415919,0.38148305822923534,48774.659984195714,13.672402711121832,499.6620177509913,-0.3817126235292384,38324660.56174808,0.07723243297291824,0.0008612319685041497,3.6570017030969575e-05,2.0502449434276458e-05,4798.301937629113,0.03238477696092738,0.0485,0.03238477696092738,1.4210854715202105e-14,1.0,0.005557521601035995,0.0013216415145030625,0.006157521601035994,0.0002084070600388498,liquid,False,100.4454766467041
0.04970711483464267,1.0002867018433368,3056.626723431992,804.5738680313551,1.4431646969818588,1161.1326024569926,2959947.6299283938,507.4367138972907,399.18792926401215,338.46272026419126,2622781.60323411,275576.1562767842,981.4850726845951,4.888818048454487,14693.302728112134,2.74654429051774,0.03873877824599564,48962.80105758414,0.3815979111270965,48743.3090586337,13.671967033884044,499.6642731312422,-0.3818770768514015,38338652.497107774,0.07720531205815565,0.0008612280784158234,3.657118238808069e-05,2.0515636285527772e-05,4798.301937629113,0.03270227477426981,0.0485,0.03270227477426981,-1.4210854715201903e-14,1.0,0.005557521601035995,0.0013216415145030625,0.006157521601035994,0.0002084070600388498,liquid,False,100.47634386723007
0.04970711483464267,1.0002867018433368,3056.626723431992,804.5738680313551,1.4431712049686183,1161.1378386130727,2959988.4151539765,507.4130842575505,399.15936403608265,338.3942139630803,2622891.6536417003,275289.7698987865,981.5223778707834,4.888632236829964,14678.898493861603,2.749465556564041,0.0387424293990511,48929.91461037036,0.3817129429910552,48711.94116360922,13.671532068821163,499.6665284385721,-0.382041586480736,38352648.939811364,0.07717820012378356,0.0008612241947040976,3.6572345914345855e-05,2.0528847262343567e-05,4798.301937629113,0.03301977258761223,0.0485,0.03301977258761223,1.4210854715202105e-14,1.0,0.005557521601035995,0.0013216415145030625,0.006157521601035994,0.0002084070600388498,liquid,False,100.50716440248942
0.04970711483464267,1.0002867018433368,3056.626723431992,804.5738680313551,1.4431777000238444,1161.143064364779,2960029.119276663,507.389501836054,399.1308555379835,338.32570706690166,2623001.709508799,275003.3795825618,981.5596572712589,4.888446567749553,14664.498617178968,2.7523921347296048,0.03874608601361436,48897.02230447573,0.3818281139641353,48680.56724973571,13.67109796997993,499.66878367298636,-0.38220609772972686,38366645.09152131,0.07715110644195479,0.0008612203187443273,3.657350719729602e-05,2.0542077804268583e-05,4798.301937629113,0.03333727040095466,0.0485,0.03333727040095466,-0.0,1.0,0.005557521601035995,0.0013216415145030625,0.006157521601035994,0.0002084070600388498,liquid,False,100.53792813500286
0.04970711483464267,1.0002867018433368,3056.626723431992,804.5738680313551,1.4431841821208582,1161.1482796906466,2960069.7421295983,507.36596672810174,399.10240388698753,338.2571995766516,2623111.7708659926,274716.98533597315,981.5969108696604,4.888261041263859,14650.103102672705,2.755324037489474,0.038749748100432115,48864.1241459489,0.38194342426888256,48649.18732184724,13.670664739131773,499.67103883449056,-0.382370610598359,38380640.9522523,0.07712403098770793,0.0008612164505522243,3.6574666231757445e-05,2.0555327952023626e-05,4798.301937629113,0.03365476821429709,0.0485,0.03365476821429709,-1.4210854715201903e-14,1.0,0.005557521601035995,0.0013216415145030625,0.006157521601035994,0.0002084070600388498,liquid,False,100.56863494750303
0.04970711483464267,1.0002867018433368,3056.626723431992,804.5738680313551,1.4431906512328987,1161.1534845691438,2960110.2835454172,507.34247902928746,399.0740092007263,338.18869149343783,2623221.837730886,274430.5871668998,981.6341386494714,4.8880756574242605,14635.711954974695,2.7582612773521533,0.03875341567027141,48831.22014089825,0.38205887412813233,48617.80138483314,13.670232378053562,499.67329392309006,-0.38253512508663,38394636.52201983,0.07709697373610386,0.0008612125901435492,3.65758230125414e-05,2.0568597746420534e-05,4798.301937629113,0.03397226602763951,0.0485,0.03397226602763951,1.4210854715202105e-14,1.0,0.005557521601035995,0.0013216415145030625,0.006157521601035994,0.0002084070600388498,liquid,False,100.59928472236373
0.04970711483464267,1.0002867018433368,3056.626723431992,804.5738680313551,1.4431971073331433,1161.15867897869,2960150.743356364,507.3190388354328,399.04567159710837,338.12018281827005,2623331.910121114,274144.1850832373,981.671340594246,4.887890416281792,14621.325178694578,2.7612038668665226,0.038757088733931445,48798.31029538775,0.3821744637653781,48586.40944353876,13.669800888526362,499.67554893879037,-0.3826996411945206,38408631.800838366,0.07706993466223265,0.0008612087375340992,3.657697753444756e-05,2.0581887228404455e-05,4798.301937629113,0.03428976384098194,0.0485,0.03428976384098194,-1.4210854715201903e-14,1.0,0.005557521601035995,0.0013216415145030625,0.006157521601035994,0.0002084070600388498,liquid,False,100.629877341682
0.04970711483464267,1.0002867018433368,3056.626723431992,804.5738680313551,1.4432035503946892,1161.1638628976398,2960191.1213941835,507.29564624264503,399.0173911943897,338.05167355222477,2623441.9880543407,273857.7790928973,981.7085166874493,4.887705317887925,14606.94277845499,2.764151818615829,0.03876076730223455,48765.39461551478,0.3822901934045001,48555.01150283953,13.66937027233653,499.6778038815969,-0.38286415892202375,38422626.78872307,0.07704291374120707,0.0008612048927397194,3.6578129792261026e-05,2.0595196439022968e-05,4798.301937629113,0.03460726165432436,0.0485,0.03460726165432436,1.4210854715202105e-14,1.0,0.005557521601035995,0.0013216415145030625,0.006157521601035994,0.0002084070600388498,liquid,False,100.66041268720721
0.04970711483464267,1.0002867018433368,3056.626723431992,804.5738680313551,1.443209980390563,1161.1690363042915,2960231.417490179,507.2723013472887,398.989168111137,337.98316369636893,2623552.0715482617,273571.36920380796,981.7456669125291,4.887520362294228,14592.56475887552,2.7671051452214486,0.03876445138603041,48732.47310737901,0.3824060632698736,48523.60756761147,13.66894053127514,499.6800587515153,-0.3830286782691271,38436621.48568882,0.07701591094816614,0.000861201055776296,3.6579279780753886e-05,2.0608525419438924e-05,4798.301937629113,0.03492475946766679,0.0485,0.03492475946766679,-0.0,1.0,0.005557521601035995,0.0013216415145030625,0.006157521601035994,0.0002084070600388498,liquid,False,100.69089064037826
0.04970711483464267,1.0002867018433368,3056.626723431992,804.5738680313551,1.4432163972937235,1161.1741991768881,2960271.6314752284,507.2490042459722,398.9610024662179,337.914653251717,2623662.1606206014,273284.95542391366,981.7827912529002,4.887335549552431,14578.191124564019,2.770063859344477,0.03876814099619836,48699.54577705626,0.38252207358646456,48492.197642706036,13.66851166713783,499.6823135485508,-0.383193199235821,38450615.89175066,0.07698892625827447,0.0008611972266597567,3.658042749468563e-05,2.0621874210941547e-05,4798.301937629113,0.035242257281009215,0.0485,0.035242257281009215,-1.4210854715201802e-14,1.0,0.005557521601035995,0.0013216415145030625,0.006157521601035994,0.0002084070600388498,liquid,False,100.72131108233287
0.04970711483464267,1.0002867018433368,3056.626723431992,804.5738680313551,1.4432228033100316,1161.1793532902077,2960311.777173514,507.2257469287024,398.9328845776282,337.84611830539325,2623772.2556000873,272998.53775982134,981.8199026199572,4.887150815363374,14563.816865629015,2.7730290093296395,0.03877183743432173,48666.60113439574,0.3826382651464316,48460.770766303096,13.668083532488486,499.684568272709,-0.38335777651263214,38464614.80479679,0.07696195041070172,0.0008611934040736212,3.6581573328222646e-05,2.0635247524691537e-05,4798.301937629113,0.035559755094351636,0.0485,0.035559755094351636,1.4210854715202206e-14,1.0,0.005557521601035995,0.0013216415145030625,0.006157521601035994,0.0002084070600388498,liquid,False,100.75168369508077
0.04970711483464267,1.0002867018433368,3056.626723431992,804.5738680313551,1.4432291939417392,1161.18449502548,2960351.826398556,507.20254572318026,398.90483418748477,337.7776066861345,2623882.355884526,272712.11622086505,981.8569751320614,4.8869662885307035,14549.452017234495,2.77599853850437,0.03877553813191148,48633.66217597624,0.38275455709134015,48429.348874577416,13.66765642791446,499.68682292399546,-0.38352230071877685,38478608.62904767,0.07693500185876714,0.000861189590701568,3.6582716476455553e-05,2.0648636069623922e-05,4798.301937629113,0.035877252907694064,0.0485,0.035877252907694064,-1.4210854715201903e-14,1.0,0.005557521601035995,0.0013216415145030625,0.006157521601035994,0.0002084070600388498,liquid,False,100.7819887365107
0.04970711483464267,1.0002867018433368,3056.626723431992,804.5738680313551,1.4432355713991507,1161.1896261610577,2960391.793002409,507.1793926031851,398.87684159428875,337.7090944812132,2623992.4618007476,272425.6908150386,981.8940217095814,4.8867819047057255,14535.091567943175,2.7789734934052865,0.03877924438867337,48600.71741366042,0.3828709901652784,48397.92100777862,13.667230205681975,499.68907750241544,-0.38368682654448194,38492602.162439644,0.07690807133561636,0.0008611857852244534,3.658385733432158e-05,2.0662044550204498e-05,4798.301937629113,0.036194750721036485,0.0485,0.036194750721036485,1.4210854715202105e-14,1.0,0.005557521601035995,0.0013216415145030625,0.006157521601035994,0.0002084070600388498,liquid,False,100.8122359081267
0.04970711483464267,1.0002867018433368,3056.626723431992,804.5738680313551,1.4432419356726025,1161.194746689166,2960431.6769248494,507.1562876022376,398.8489068406368,337.64058149336165,2624102.5733795506,272139.26155034156,981.9310428791728,4.886597661236734,14520.735472459155,2.7819538934240673,0.03878295622850874,48567.76675542538,0.3829875649435985,48366.487077180616,13.666804866425299,499.69135250314554,-0.38385142573462117,38506597.69952409,0.07688115423818495,0.0008611819876478348,3.6584995899687594e-05,2.0675473048192527e-05,4798.301937629113,0.03651224853437891,0.0485,0.03651224853437891,-0.0,1.0,0.005557521601035995,0.0013216415145030625,0.006157521601035994,0.0002084070600388498,liquid,False,100.84244566250874
0.04970711483464267,1.0002867018433368,3056.626723431992,804.5738680313551,1.4432482889138405,1161.1998583410434,2960471.491650854,507.13322290715314,398.8210204820121,337.5720442055732,2624212.6909358967,271852.82843346894,981.9680504289988,4.886413499433965,14506.378826889571,2.7849407814982436,0.03878667493506926,48534.79889932545,0.38310432172117115,48335.036299858635,13.666380266327517,499.69360693518695,-0.3840160094979777,38520595.44752694,0.07685425049266519,0.0008611781966875687,3.65861325571297e-05,2.0688926223128227e-05,4798.301937629113,0.03682974634772134,0.0485,0.03682974634772134,-1.4210854715201903e-14,1.0,0.005557521601035995,0.0013216415145030625,0.006157521601035994,0.0002084070600388498,liquid,False,100.87258645317485
0.04970711483464267,1.0002867018433368,3056.626723431992,804.5738680313551,1.443254626679366,1161.204957541567,2960511.209334079,507.1102146479657,398.793202022496,337.5035302498152,2624322.813856634,271566.39147380984,982.0050190932885,4.886229544997146,14492.031604149575,2.787932092510038,0.03879039793733998,48501.83675997884,0.38322117959538554,48303.59053503193,13.665956702345111,499.69586129437846,-0.3841805401894048,38534588.106986344,0.07682737391962254,0.0008611744149948685,3.658726651125704e-05,2.0702394768661248e-05,4798.301937629113,0.03714724416106376,0.0485,0.03714724416106376,1.4210854715202105e-14,1.0,0.005557521601035995,0.0013216415145030625,0.006157521601035994,0.0002084070600388498,liquid,False,100.90265927188244
0.04970711483464267,1.0002867018433368,3056.626723431992,804.5738680313551,1.443260951160782,1161.210046054043,2960550.843709296,507.0872548667062,398.7654418426423,337.43501571263164,2624432.9424807313,271279.95067942457,982.0419617560008,4.886045733778232,14477.688798955875,2.79092888072113,0.038794126542893964,48468.86884119269,0.3833381795092761,48272.138814646496,13.665534027996827,499.6981155807256,-0.3843450725003494,38548580.47564674,0.07680051527655185,0.0008611706412617961,3.658839815375242e-05,2.0715883417549854e-05,4798.301937629113,0.03746474197440619,0.0485,0.03746474197440619,-0.0,1.0,0.005557521601035995,0.0013216415145030625,0.006157521601035994,0.0002084070600388498,liquid,False,100.93267373808328
0.04970711483464267,1.0002867018433368,3056.626723431992,804.5738680313551,1.4432672645310716,1161.2151256267973,2960590.4083945095,507.06433567334943,398.73773040469075,337.36647667970124,2624543.0771354972,270993.5060570557,982.0788912648375,4.885862001828888,14463.345412176783,2.7939322080836186,0.03879786206715938,48435.88363867991,0.3834553626048137,48240.67016230756,13.665112098048311,499.7003697942336,-0.3845096611234618,38562577.35106041,0.0767736653450913,0.0008611668741915697,3.6589527873057946e-05,2.0729396930752875e-05,4798.301937629113,0.03778223978774862,0.0485,0.03778223978774862,-1.4210854715201903e-14,1.0,0.005557521601035995,0.0013216415145030625,0.006157521601035994,0.0002084070600388498,liquid,False,100.96263938954286
0.04970711483464267,1.0002867018433368,3056.626723431992,804.5738680313551,1.4432735623566253,1161.2201926926632,2960629.8756054714,507.041473161501,398.71008716937837,337.2979609825844,2624653.2172222645,270707.0576161343,982.1157818648874,4.885678477254355,14449.011457428473,2.796939991548458,0.03880160191456361,48402.90417734465,0.38357264733514235,48209.20654335078,13.664691208791332,499.70262393490816,-0.38467419667370334,38576569.13811922,0.07674684249408643,0.0008611631164294326,3.6590654875414923e-05,2.0742925920192815e-05,4798.301937629113,0.03809973760109104,0.0485,0.03809973760109104,1.4210854715202206e-14,1.0,0.005557521601035995,0.0013216415145030625,0.006157521601035994,0.0002084070600388498,liquid,False,100.99253676552979
0.04970711483464267,1.0002867018433368,3056.626723431992,804.5738680313551,1.4432798490062109,1161.2252507666371,2960669.272720721,507.0186514699876,398.68249296091733,337.22942079139915,2624763.363375271,270420.6053634421,982.1526592591241,4.8854950321558555,14434.676933393006,2.7999543440650188,0.03880534870689523,48369.90744049151,0.38369011580626794,48177.725998038295,13.6642710682456,499.7048780027547,-0.38483878853670067,38590565.431865565,0.07672002831749114,0.0008611593653684358,3.6591779942213674e-05,2.075647987289226e-05,4798.301937629113,0.03841723541443347,0.0485,0.03841723541443347,-1.4210854715201802e-14,1.0,0.005557521601035995,0.0013216415145030625,0.006157521601035994,0.0002084070600388498,liquid,False,101.02238504183737
0.04970711483464267,1.0002867018433368,3056.626723431992,804.5738680313551,1.4432861222687956,1161.2302980697802,2960708.5858844854,506.99587862383214,398.65495748443743,337.1608798239238,2624873.515318429,270134.14930710173,982.1895111090204,4.885311727887628,14420.34679867586,2.802974236411334,0.038809101164049675,48336.90484645797,0.3838077276869918,48146.239418850666,13.663851824165144,499.7071524883084,-0.3850034538123717,38604563.71953345,0.07669322744829783,0.0008611556223276465,3.659290267739344e-05,2.0770054153148887e-05,4798.301937629113,0.03873473322777589,0.0485,0.03873473322777589,1.4210854715202206e-14,1.0,0.005557521601035995,0.0013216415145030625,0.006157521601035994,0.0002084070600388498,liquid,False,101.05219500387096
0.04970711483464267,1.0002867018433368,3056.626723431992,804.5738680313551,1.4432923798995159,1161.2353327959336,2960747.8010290717,506.9731627705114,398.6274905935973,337.0923623946126,2624983.6727485056,269847.6894565968,982.2263234837524,4.885128633704841,14406.026154921517,2.8059986116792475,0.0388128579589731,48303.908116213825,0.38392544139385054,48114.75798758346,13.66343362656229,499.7094064098532,-0.3851679942284414,38618554.63288157,0.07666645810996144,0.0008611518886462717,3.659402267874885e-05,2.0783643975889077e-05,4798.301937629113,0.03905223104111832,0.0485,0.03905223104111832,-0.0,1.0,0.005557521601035995,0.0013216415145030625,0.006157521601035994,0.0002084070600388498,liquid,False,101.0819158162559
0.04970711483464267,1.0002867018433368,3056.626723431992,804.5738680313551,1.4432986262563574,1161.2403584514186,2960786.9454653226,506.95048808851516,398.6000731598818,337.0238204737664,2625093.8362854603,269561.2258187685,982.2631225745622,4.884945619308721,14391.704960331945,2.809029601178733,0.03881662173838873,48270.89412281129,0.3840433396846953,48083.25963838557,13.663016184181153,499.71166025858645,-0.3853325909581534,38632550.05281832,0.07663969739034422,0.000861148161723864,3.659514072587376e-05,2.0797258911325665e-05,4798.301937629113,0.039369728854460745,0.0485,0.039369728854460745,-1.4210854715201802e-14,1.0,0.005557521601035995,0.0013216415145030625,0.006157521601035994,0.0002084070600388498,liquid,False,101.11158709870466
0.04970711483464267,1.0002867018433368,3056.626723431992,804.5738680313551,1.4433048569520992,1161.245371506392,2960825.991699907,506.9278705021752,398.57272444050966,336.9553018949792,2625204.005346107,269274.75840311806,982.2998827174131,4.884762812304523,14377.39321304149,2.812065102750514,0.03882038988714429,48237.88591128999,0.38416134051602085,48051.76635734947,13.662599790206945,499.7139140345136,-0.3854971346134174,38646540.38471475,0.07661296359844295,0.0008611444441778733,3.659625603308597e-05,2.0810889501194183e-05,4798.301937629113,0.039687226667803166,0.0485,0.039687226667803166,1.4210854715202206e-14,1.0,0.005557521601035995,0.0013216415145030625,0.006157521601035994,0.0002084070600388498,liquid,False,101.14118959400395
0.04970711483464267,1.0002867018433368,3056.626723431992,804.5738680313551,1.4433110763082597,1161.250375437835,2960864.966815057,506.90529432270114,398.54542546699525,336.88675882637574,2625314.1805624673,268988.28721652646,982.3366295240172,4.884580085295291,14363.080927225199,2.815107248891322,0.038824165046925485,48204.86044489257,0.3842795264963397,48020.25616402962,13.662184155823377,499.71616773764003,-0.3856617345829047,38660535.22313372,0.07658623838821901,0.0008611407334296555,3.6597369373540444e-05,2.0824545304051645e-05,4798.301937629113,0.040004724481145594,0.0485,0.040004724481145594,-1.4210854715201903e-14,1.0,0.005557521601035995,0.0013216415145030625,0.006157521601035994,0.0002084070600388498,liquid,False,101.17074227064478
0.04970711483464267,1.0002867018433368,3056.626723431992,804.5738680313551,1.4433172821193576,1161.255368471274,2960903.8569898945,506.88276755452307,398.5181859201494,336.81821518531734,2625424.3616468813,268701.81226721196,982.3733501584367,4.8843975020853785,14348.773103460988,2.8181549942415884,0.03882794591486749,48171.82925018111,0.3843978566962208,47988.74005491786,13.66176942841026,499.7184213679712,-0.3858263361724174,38674529.770792365,0.07655953089896435,0.0008611370307949082,3.659848035205657e-05,2.0838221608977638e-05,4798.301937629113,0.040322222294488015,0.0485,0.040322222294488015,1.4210854715202105e-14,1.0,0.005557521601035995,0.0013216415145030625,0.006157521601035994,0.0002084070600388498,liquid,False,101.2002354478218
0.04970711483464267,1.0002867018433368,3056.626723431992,804.5738680313551,1.4433234743743422,1161.2603505978188,2960942.6621555123,506.86029023618585,398.4910058486584,336.74967077401595,2625534.548630526,268415.3335633994,982.4100451458205,4.884215060033201,14334.469696776225,2.821208358881581,0.03883173251546616,48138.79223508923,0.3845163317028123,47957.2179412037,13.661355608694493,499.7206954120654,-0.3859910112154221,38688526.304082304,0.07653283660595472,0.0008611333362800153,3.659958896625055e-05,2.085191850006845e-05,4798.301937629113,0.04063972010783044,0.0485,0.04063972010783044,-0.0,1.0,0.005557521601035995,0.0013216415145030625,0.006157521601035994,0.0002084070600388498,liquid,False,101.22968956340702
0.04970711483464267,1.0002867018433368,3056.626723431992,804.5738680313551,1.4433296508565951,1161.265320034036,2960981.3684213366,506.83787041212236,398.4638949822688,336.6811499085597,2625644.7412117813,268128.85111465753,982.446700611038,4.884032828086026,14320.175799152212,2.8242662742644207,0.038835523509686415,48105.76113265747,0.3846349096293721,47925.70101714929,13.660942844797102,499.7229488961608,-0.386155561356052,38702515.471810386,0.07650617362527808,0.000861129651207263,3.6600694818837464e-05,2.0865631149394545e-05,4798.301937629113,0.04095721792117287,0.0485,0.04095721792117287,-1.4210854715201802e-14,1.0,0.005557521601035995,0.0013216415145030625,0.006157521601035994,0.0002084070600388498,liquid,False,101.25905391389199
0.04970711483464267,1.0002867018433368,3056.626723431992,804.5738680313551,1.4433358158668077,1161.2702802401493,2961020.002738928,506.81549246981467,398.4368344438352,336.61260455666803,2625754.940007964,267842.3649279476,982.4833426350499,4.883850676551852,14305.881387612726,2.8273308954311815,0.03883932156839575,48072.71279193797,0.3847536738423901,47894.16719210191,13.66053084929852,499.7252023074775,-0.386320167812082,38716509.14592901,0.0764795191523685,0.0008611259730105219,3.660179867941775e-05,2.0879369213980344e-05,4798.301937629113,0.04127471573451529,0.0485,0.04127471573451529,1.4210854715202206e-14,1.0,0.005557521601035995,0.0013216415145030625,0.006157521601035994,0.0002084070600388498,liquid,False,101.28836786364229
0.04970711483464267,1.0002867018433368,3056.626723431992,804.5738680313551,1.4433419672180918,1161.2752294566455,2961058.551404007,506.7931643458569,398.409833832597,336.54405863650976,2625865.144745439,267555.8750115566,982.5199584182526,4.883668669035328,14291.591456509046,2.8304011693681166,0.03884312538087648,48039.65874750901,0.3848725832132151,47862.62747082306,13.660119768333514,499.7274556460208,-0.38648477588808994,38730502.52934691,0.07645288230278836,0.000861122302994351,3.660290015605026e-05,2.089312795478262e-05,4798.301937629113,0.04159221354785772,0.0485,0.04159221354785772,-1.42108547152016e-14,1.0,0.005557521601035995,0.0013216415145030625,0.006157521601035994,0.0002084070600388498,liquid,False,101.31762181342384
0.04970711483464267,1.0002867018433368,3056.626723431992,804.5738680313551,1.443348104881781,1161.2801676604604,2961097.0142372693,506.77088614273725,398.3828932745665,336.47551214915404,2625975.3554425957,267269.38137378905,982.5565479434094,4.88348680559144,14277.306010438728,2.8334771095664597,0.038846934958602766,48006.59900553843,0.3849916379777084,47831.0818582142,13.659709603806244,499.72970891179625,-0.38664938558406153,38744495.622078784,0.0764262630521862,0.0008611186411756443,3.6603999243195934e-05,2.090690741564873e-05,4798.301937629113,0.04190971136120014,0.0485,0.04190971136120014,1.4210854715202004e-14,1.0,0.005557521601035995,0.0013216415145030625,0.006157521601035994,0.0002084070600388498,liquid,False,101.34681563722972
0.04970711483464267,1.0002867018433368,3056.626723431992,804.5738680313551,1.4433542288462844,1161.2850948422688,2961135.391166423,506.74865790096237,398.3560128208021,336.4069648966089,2626085.5721307565,266982.88402295636,982.5931117351388,4.8833050835822585,14263.025004550234,2.836558736371946,0.03885075032630045,47973.533473929965,0.3851108387276013,47799.530265419904,13.65930035647971,499.7319825880483,-0.38681406876755514,38758490.693536416,0.07639965690563484,0.0008611149875611076,3.6605095938373564e-05,2.0920707681586573e-05,4798.301937629113,0.04222720917454257,0.0485,0.04222720917454257,-0.0,1.0,0.005557521601035995,0.0013216415145030625,0.006157521601035994,0.0002084070600388498,liquid,False,101.3759697672462
0.04970711483464267,1.0002867018433368,3056.626723431992,804.5738680313551,1.4433603390484477,1161.2900109512577,2961173.681796037,506.7264798481997,398.32919274869715,336.33841727790343,2626195.794815475,266696.3829674083,982.6296486923432,4.88312350844956,14248.748542334353,2.839646049746296,0.03885457146908018,47940.46235532121,0.3852301849897429,47767.972884790935,13.658892030562784,499.73423570764294,-0.38697868171025623,38772483.20354636,0.07637307278593884,0.0008611113421882112,3.660619022986732e-05,2.0934528714706974e-05,4798.301937629113,0.042544706987885,0.0485,0.042544706987885,-1.4210854715202004e-14,1.0,0.005557521601035995,0.0013216415145030625,0.006157521601035994,0.0002084070600388498,liquid,False,101.40504295894578
0.04970711483464267,1.0002867018433368,3056.626723431992,804.5738680313551,1.4433664354765476,1161.2949159779953,2961211.8860529885,506.7043520254347,398.3024331098943,336.26986909514966,2626306.0235023187,266409.87821550155,982.6661593396259,4.882942077555293,14234.476578924598,2.842739070101896,0.038858398411704916,47907.385557664944,0.38534967735640474,47736.409627516485,13.658484626827349,499.73648875448606,-0.38714329627288824,38786475.42291516,0.07634650619229753,0.0008611077050637398,3.6607282115171377e-05,2.0948370600196425e-05,4798.301937629113,0.04286220480122742,0.0485,0.04286220480122742,1.4210854715202004e-14,1.0,0.005557521601035995,0.0013216415145030625,0.006157521601035994,0.0002084070600388498,liquid,False,101.43405564459175
0.04970711483464267,1.0002867018433368,3056.626723431992,804.5738680313551,1.4433725181016046,1161.2998098991652,2961250.003756013,506.6822745362879,398.2757340317798,336.20132034935716,2626416.258222728,266123.3697756105,982.7026436596341,4.882760790955029,14220.209118901057,2.8458378110956595,0.038862231165768174,47874.303087107175,0.38546931606568957,47704.84049846995,13.658078147198424,499.73874172858314,-0.38730791245544954,38800467.35165827,0.0763199571004511,0.0008611040762047737,3.6608371588689525e-05,2.0962233382418985e-05,4798.301937629113,0.04317970261456985,0.0485,0.04317970261456985,-1.4210854715201802e-14,1.0,0.005557521601035995,0.0013216415145030625,0.006157521601035994,0.0002084070600388498,liquid,False,101.46300769680334
0.04970711483464267,1.0002867018433368,3056.626723431992,804.5738680313551,1.4433785868945594,1161.3046926913871,2961288.0347233447,506.6602474846695,398.24909564209247,336.1327710415382,2626526.498995256,265836.857656127,982.7391016350451,4.882579648704193,14205.946166842159,2.8489422864247524,0.03886606974289284,47841.21494979775,0.38558910135623053,47673.26550252655,13.65767259360642,499.74099462993973,-0.3874725302579231,38814458.9897902,0.07629342548616445,0.000861100455628441,3.660945864481079e-05,2.097611710586519e-05,4798.301937629113,0.04349720042791227,0.0485,0.04349720042791227,1.4210854715202206e-14,1.0,0.005557521601035995,0.0013216415145030625,0.006157521601035994,0.0002084070600388498,liquid,False,101.49189898784726
0.04970711483464267,1.0002867018433368,3056.626723431992,804.5738680313551,1.4433846439536067,1161.3095660428137,2961325.992103935,506.6382632536138,398.2225087311784,336.06419705445467,2626636.7461562557,265550.3418641708,982.7755464805829,4.882398585121812,14191.682703944602,2.852053603037856,0.03886991551039728,47808.10950536769,0.3857090756973337,47641.67353040988,13.657267825826578,499.74326793848775,-0.38763727628038575,38828457.39636983,0.07626689780317662,0.0008610968420827882,3.661054365899415e-05,2.0990026711838657e-05,4798.301937629113,0.043814698241254696,0.0485,0.043814698241254696,-0.0,1.0,0.005557521601035995,0.0013216415145030625,0.006157521601035994,0.0002084070600388498,liquid,False,101.52075920730937
0.04970711483464267,1.0002867018433368,3056.626723431992,804.5738680313551,1.443390684989966,1161.3144265028043,2961363.8490219056,506.61633740777734,398.19599212443194,335.9956466255197,2626746.99909091,265263.82240946183,982.8119517051667,4.882217731788994,14177.42878317775,2.855169590318778,0.038873765770681974,47775.01005111274,0.3858291549198954,47610.086813323156,13.656864130448458,499.74552069371845,-0.38780189732977693,38842448.451881416,0.07624040108312136,0.0008610932381262253,3.661162586257503e-05,2.1003952459086067e-05,4798.301937629113,0.044132196054597124,0.0485,0.044132196054597124,-1.4210854715201802e-14,1.0,0.005557521601035995,0.0013216415145030625,0.006157521601035994,0.0002084070600388498,liquid,False,101.54952856928651
0.04970711483464267,1.0002867018433368,3056.626723431992,804.5738680313551,1.4433967121065423,1161.319275763301,2961401.6186557407,506.5944623130172,398.1695365915365,335.92709563773275,2626857.2581335395,264977.2993004451,982.8483305327746,4.882037022973918,14163.179384135192,2.858291353276779,0.03887762188906882,47741.904948649164,0.3859493814426418,47578.494244043046,13.656461366931978,499.747773376225,-0.38796651999905096,38856439.216826886,0.0762139217680373,0.0008610896425039784,3.6612705631834445e-05,2.101789928177903e-05,4798.301937629113,0.044449693867939545,0.0485,0.044449693867939545,1.4210854715202206e-14,1.0,0.005557521601035995,0.0013216415145030625,0.006157521601035994,0.0002084070600388498,liquid,False,101.5782367846885
0.04970711483464267,1.0002867018433368,3056.626723431992,804.5738680313551,1.443402725290862,1161.3241138142685,2961439.3009276143,506.5726380130445,398.14314218743044,335.85854389279535,2626967.5233157026,264690.7725455731,982.8846834871705,4.881856456044515,14148.93446216243,2.861418912693521,0.03888148389065713,47708.79410584692,0.3860697558646982,47546.89573365522,13.656059536099185,499.75004646395007,-0.3881312162102683,38870431.94945066,0.07618745541029336,0.0008610860552232801,3.661378296413195e-05,2.1031867266408475e-05,4798.301937629113,0.04476719168128197,0.0485,0.04476719168128197,-0.0,1.0,0.005557521601035995,0.0013216415145030625,0.006157521601035994,0.0002084070600388498,liquid,False,101.60690427651963
0.04970711483464267,1.0002867018433368,3056.626723431992,804.5738680313551,1.4434087265704791,1161.328942287023,2961476.9085437222,506.55085714759525,398.1168000124968,335.7899678704429,2627077.7949471762,264404.242152069,982.9210221220605,4.881675973589314,14134.689152547466,2.864553363069183,0.03888535311107276,47675.666169299046,0.3861903197900825,47515.28044605237,13.655658502448198,499.7522990003636,-0.3882958968257558,38884426.92834812,0.07616100178101638,0.0008610824750743615,3.661485822235227e-05,2.104586126005032e-05,4798.301937629113,0.0450846894946244,0.0485,0.0450846894946244,-1.4210854715201802e-14,1.0,0.005557521601035995,0.0013216415145030625,0.006157521601035994,0.0002084070600388498,liquid,False,101.63549898786681
0.04970711483464267,1.0002867018433368,3056.626723431992,804.5738680313551,1.4434147117461578,1161.3337578029696,2961514.4151894804,506.5291349556851,398.09052849915673,335.7214152120265,2627188.072428083,264117.7081297019,982.9573216443264,4.88149569871695,14120.453347739876,2.86769253845479,0.038889226876399986,47642.54415725619,0.3863109897121945,47483.67034746001,13.65525854658008,499.75455146406944,-0.38846052436173256,38898416.820241876,0.07613457454773259,0.0008610789045621274,3.661593065370583e-05,2.1059871587064287e-05,4798.301937629113,0.04540218730796682,0.0485,0.04540218730796682,1.4210854715202206e-14,1.0,0.005557521601035995,0.0013216415145030625,0.006157521601035994,0.0002084070600388498,liquid,False,101.6640229649127
0.04970711483464267,1.0002867018433368,3056.626723431992,804.5738680313551,1.443420682884018,1161.3385620244544,2961551.833812781,506.50746393699956,398.06431857852385,335.6528619989158,2627298.356091896,263831.1704869882,982.9935946993934,4.881315568588693,14106.22208296699,2.870837545228099,0.038893106546968426,47609.416521722014,0.38643180790076737,47452.05441624672,13.65485953041526,499.7568038550729,-0.38862515351754107,38912406.4216288,0.0761081646229582,0.0008610753424537908,3.661700062796577e-05,2.1073903170304427e-05,4798.301937629113,0.04571968512130925,0.0485,0.04571968512130925,-1.4210854715201802e-14,1.0,0.005557521601035995,0.0013216415145030625,0.006157521601035994,0.0002084070600388498,liquid,False,101.69248527654906
0.04970711483464267,1.0002867018433368,3056.626723431992,804.5738680313551,1.4434266420472908,1161.343356611499,2961589.1773433443,506.4858366020203,398.03816119435135,335.58428411215937,2627408.6462735287,263544.62923119334,983.0298544367096,4.881135517881713,14091.990350647477,2.8739895049225583,0.038896993504814514,47576.27160848426,0.3865528171931391,47420.421528767,13.654461316069401,499.75907664866713,-0.38878991094309745,38926402.78146375,0.07608175854239516,0.0008610717875183292,3.66180685144693e-05,2.1087961004171223e-05,4798.301937629113,0.04603718293465167,0.0485,0.04603718293465167,1.4210854715202206e-14,1.0,0.005557521601035995,0.0013216415145030625,0.006157521601035994,0.0002084070600388498,liquid,False,101.72091545431579
0.04970711483464267,1.0002867018433368,3056.626723431992,804.5738680313551,1.4434325850153435,1161.3481381682927,2961626.4193326053,506.4642682669487,398.0120748730387,335.5157297924862,2627518.9423617776,263258.08437214163,983.0660744951613,4.880955677463703,14077.768181264155,2.877146218671806,0.03890088502356304,47543.13274251902,0.38667393269641864,47388.79394491497,13.654064185570034,499.76132889362157,-0.3889545433456756,38940391.800440334,0.07605538317411371,0.0008610682422733505,3.6619133556469794e-05,2.1102035244079142e-05,4798.301937629113,0.0463546807479941,0.0485,0.0463546807479941,-0.0,1.0,0.005557521601035995,0.0013216415145030625,0.006157521601035994,0.0002084070600388498,liquid,False,101.74925402058284
0.04970711483464267,1.0002867018433368,3056.626723431992,804.5738680313551,1.4434385159224774,1161.3529100211865,2961663.585688768,506.44274392593616,397.98604146749494,335.4471510003756,2627629.2449922413,262971.5359171508,983.1022806410472,4.880775919368538,14063.545605789624,2.880309910666569,0.03890478384411569,47509.976705654706,0.38679523953507067,47357.14950436961,13.653667862636796,499.76358106589015,-0.38911923206924703,38954385.3251502,0.07602901601367647,0.0008610647042523508,3.662019649447076e-05,2.1116135799257316e-05,4798.301937629113,0.04667217856133653,0.0485,0.04667217856133653,-1.4210854715201802e-14,1.0,0.005557521601035995,0.0013216415145030625,0.006157521601035994,0.0002084070600388498,liquid,False,101.77753959839521
0.04970711483464267,1.0002867018433368,3056.626723431992,804.5738680313551,1.443444430617899,1161.35766883056,2961700.6504009967,506.42127864140593,397.96007919759506,335.37859537871867,2627739.553593354,262684.98387605516,983.1384481728984,4.880596366205043,14049.332501005732,2.883478394880513,0.0389086872722028,47476.826535671804,0.38691665369023664,47325.51019360239,13.65327262462798,499.7658536387775,-0.38928393968151637,38968376.01163382,0.07600267071732204,0.0008610611759312352,3.662125658416081e-05,2.1130252920869367e-05,4798.301937629113,0.04698967637467895,0.0485,0.04698967637467895,1.4210854715202004e-14,1.0,0.005557521601035995,0.0013216415145030625,0.006157521601035994,0.0002084070600388498,liquid,False,101.80577444118245
0.04970711483464267,1.0002867018433368,3056.626723431992,804.5738680313551,1.4434503331657578,1161.362417866322,2961737.6389378076,506.39985766241534,397.93417022414576,335.31001548590086,2627849.8687740727,262398.4282562249,983.1746011973546,4.880416898265602,14035.1190515329,2.886653882829366,0.03891259801672347,47443.659301618136,0.38703825941413983,47293.85412573178,13.652878199953292,499.76810566503,-0.3894486316523946,38982368.953926645,0.07597633798085213,0.0008610576548853887,3.6622314553550365e-05,2.114439642287299e-05,4798.301937629113,0.04730717418802138,0.0485,0.04730717418802138,-1.4210854715201802e-14,1.0,0.005557521601035995,0.0013216415145030625,0.006157521601035994,0.0002084070600388498,liquid,False,101.83393544088426
0.04970711483464267,1.0002867018433368,3056.626723431992,804.5738680313551,1.4434562194349063,1161.367153804659,2961774.5254115523,506.3784959797799,397.90833268082224,335.24145896564124,2627960.1899381215,262111.86906753483,983.2107150499886,4.880237637956536,14020.915127765484,2.889834180328502,0.038916513375131266,47410.498049108486,0.38715997248008716,47262.20329536026,13.652484864655984,499.77035761861293,-0.3896132705415499,38996356.809655786,0.07595003143160786,0.0008610541435789558,3.6623369661768825e-05,2.115855652667319e-05,4798.301937629113,0.0476246720013638,0.0485,0.0476246720013638,1.4210854715202206e-14,1.0,0.005557521601035995,0.0013216415145030625,0.006157521601035994,0.0002084070600388498,liquid,False,101.8620249377907
0.04970711483464267,1.0002867018433368,3056.626723431992,804.5738680313551,1.4434620935195264,1161.371879939643,2961811.3354788767,506.35717873386875,397.88254859656945,335.1728777765817,2628070.5177321546,261825.30631737752,983.2468154223209,4.88005845772118,14006.710773572508,2.8930215282972567,0.03892043610521291,47377.319544287304,0.38728187843463696,47230.535525867315,13.6520923451411,499.7726299708433,-0.3897780377431075,39010351.41526473,0.07592372865218336,0.0008610506395694466,3.662442264228856e-05,2.1172743202378427e-05,4798.301937629113,0.047942169814706226,0.0485,0.047942169814706226,-0.0,1.0,0.005557521601035995,0.0013216415145030625,0.006157521601035994,0.0002084070600388498,liquid,False,101.89008137427385
0.04970711483464267,1.0002867018433368,3056.626723431992,804.5738680313551,1.4434679532996626,1161.376594565613,2961848.0558553515,506.3359136166241,397.8568272770292,335.104296240443,2628180.8518625284,261538.74001443075,983.2828886263928,4.879879425474545,13992.51104816084,2.896214818241207,0.03892436482693793,47344.13555997468,0.38740393435778303,47198.86205272776,13.651700783058137,499.77488177844293,-0.389942734581615,39024343.48471827,0.07589744737192557,0.0008610471441212638,3.6625473114712835e-05,2.118695147528895e-05,4798.301937629113,0.048259667628048654,0.0485,0.048259667628048654,-1.4210854715201802e-14,1.0,0.005557521601035995,0.0013216415145030625,0.006157521601035994,0.0002084070600388498,liquid,False,101.91805450141374
0.04970711483464267,1.0002867018433368,3056.626723431992,804.5738680313551,1.4434737967250877,1161.38129603301,2961884.673693568,506.31470806664174,397.8311777218167,335.035738080476,2628291.1920341244,261252.17016861535,983.3189226329478,4.879700600880451,13978.320857349836,2.899412954547434,0.03892829819251205,47310.95758161406,0.3875260982067879,47167.19383780927,13.651310315395103,499.77713351338963,-0.39010737833745196,39038330.4677967,0.07587119218986249,0.0008610436584571765,3.6626520711065444e-05,2.1201176466817896e-05,4798.301937629113,0.048577165441391075,0.0485,0.048577165441391075,1.4210854715202408e-14,1.0,0.005557521601035995,0.0013216415145030625,0.006157521601035994,0.0002084070600388498,liquid,False,101.94595579157294
0.04970711483464267,1.0002867018433368,3056.626723431992,804.5738680313551,1.4434796278597193,1161.3859876115555,2961921.214460415,506.2935473345742,397.8055820926668,334.96715525422684,2628401.538892241,260965.5967873882,983.3549430773264,4.879521856689133,13964.130254695996,2.9026181907499655,0.03893223897242529,47277.762363737456,0.3876484558454051,47135.50869240615,13.65092067058262,499.7794056450126,-0.39027215042701247,39052324.1964715,0.07584494074050614,0.0008610401801528075,3.6627566159510915e-05,2.1215428192909413e-05,4798.301937629113,0.0488946632547335,0.0485,0.0488946632547335,-1.4210854715202004e-14,1.0,0.005557521601035995,0.0013216415145030625,0.006157521601035994,0.0002084070600388498,liquid,False,101.97382355234583
0.04970711483464267,1.0002867018433368,3056.626723431992,804.5738680313551,1.4434854445984857,1161.390667607564,2961957.6649647835,506.27243905811883,397.7800496299202,334.89857208404277,2628511.8921440765,260679.0198794824,983.3909362999301,4.879343260659921,13949.944294420895,2.9058294121953705,0.038936185780365715,47244.56168496691,0.38777096419607116,47103.8178580295,13.650531989273984,499.7816572340089,-0.39043685213304363,39066315.39321985,0.07581871070131292,0.0008610367104636507,3.662860908225987e-05,2.1229701656328396e-05,4798.301937629113,0.049212161068075924,0.0485,0.049212161068075924,1.4210854715202206e-14,1.0,0.005557521601035995,0.0013216415145030625,0.006157521601035994,0.0002084070600388498,liquid,False,102.00160760408869
0.04970711483464267,1.0002867018433368,3056.626723431992,804.5738680313551,1.4434912469272463,1161.3953360096584,2961994.0251184036,506.25138328703133,397.75458039583975,334.82998837124444,2628622.251795964,260392.4394536396,983.4269028229696,4.879164810170821,13935.762932183663,2.909046640483305,0.03894013864210886,47211.35545316165,0.3878936238711293,47072.12124570707,13.650144272402656,499.7839087503685,-0.39060155545939135,39080306.29954528,0.07579249769474984,0.0008610332493979326,3.6629649476370814e-05,2.124399694630713e-05,4798.301937629113,0.04952965888141835,0.0485,0.04952965888141835,-0.0,1.0,0.005557521601035995,0.0013216415145030625,0.006157521601035994,0.0002084070600388498,liquid,False,102.02932835452873
0.04970711483464267,1.0002867018433368,3056.626723431992,804.5738680313551,1.4434970328153125,1161.3999911839999,2962030.282196376,506.23038738870764,397.7291833043055,334.76142783963314,2628732.6175924307,260105.8555198327,983.4628306537585,4.878986564687385,13921.591067580512,2.9122687718915703,0.03894409620166096,47178.1551615244,0.38801639262159887,47040.42982536044,13.64975765564885,499.7861806614338,-0.39076627773293154,39094294.355658345,0.07576630633742758,0.0008610297981667288,3.663068697729434e-05,2.125830915475351e-05,4798.301937629113,0.04984715669476078,0.0485,0.04984715669476078,-1.4210854715201802e-14,1.0,0.005557521601035995,0.0013216415145030625,0.006157521601035994,0.0002084070600388498,liquid,False,102.0569973571283
0.04970711483464267,1.0002867018433368,3056.626723431992,804.5738680313551,1.4435028062367419,1161.404636328011,2962066.461102342,506.2094369404849,397.7038409114272,334.69284304478185,2628842.990138447,259819.26808562496,983.4987437328697,4.878808405404929,13907.41891349887,2.9154980555289995,0.03894806120565834,47144.93784418709,0.3881393556431963,47008.72167381277,13.649371873452074,499.78843203187597,-0.3909309843063906,39108284.67983622,0.07574012732472384,0.0008610263543993411,3.663172229723598e-05,2.12726482319359e-05,4798.301937629113,0.0501646545081032,0.0485,0.0501646545081032,1.4210854715202206e-14,1.0,0.005557521601035995,0.0013216415145030625,0.006157521601035994,0.0002084070600388498,liquid,False,102.08459112044875
0.04970711483464267,1.0002867018433368,3056.626723431992,804.5738680313551,1.4435085651556547,1161.4092698036766,2962102.5490788533,506.1885393286707,397.6785621538683,334.62425771040523,2628953.369142309,259532.67715981408,983.5346300582131,4.878630391840003,13893.251371125734,2.9187333898476537,0.03895203230026588,47111.71499244862,0.3882624707405277,46977.00775899903,13.648987061839998,499.79068332969786,-0.3910956925001369,39122274.71363606,0.07571396527325168,0.0008610229193099509,3.663275507073386e-05,2.1287009277606394e-05,4798.301937629113,0.05048215232144563,0.0485,0.05048215232144563,-0.0,1.0,0.005557521601035995,0.0013216415145030625,0.006157521601035994,0.0002084070600388498,liquid,False,102.11212117582954
0.04970711483464267,1.0002867018433368,3056.626723431992,804.5738680313551,1.4435143095573468,1161.4138915991655,2962138.5460341093,506.1676946050652,397.65334709636124,334.5556716375028,2629063.7546490273,259246.08275120656,983.5704901514306,4.878452521374819,13879.088396284249,2.921974796726026,0.03895600951151433,47078.48651411465,0.38838573853108693,46945.28799187716,13.648603221783697,499.7929550202553,-0.39126047436572237,39136266.68880089,0.07568781584580077,0.0008610194929071215,3.663378529474582e-05,2.1301392381979378e-05,4798.301937629113,0.05079965013478806,0.0485,0.05079965013478806,-1.4210854715201802e-14,1.0,0.005557521601035995,0.0013216415145030625,0.006157521601035994,0.0002084070600388498,liquid,False,102.13960792389406
0.04970711483464267,1.0002867018433368,3056.626723431992,804.5738680313551,1.4435200393780605,1161.4185016631802,2962174.4515689095,506.1469029994764,397.6281960189665,334.4870852271113,2629174.146652297,258959.48486864762,983.6063229147998,4.878274799423735,13864.930091011493,2.9252222765773226,0.038959992824393413,47045.252612195305,0.3885091585358154,46913.562565183944,13.648220357532107,499.7952061721926,-0.3914251858068197,39150256.140495196,0.07566168765125841,0.0008610160752286752,3.6634812957431674e-05,2.1315797507608856e-05,4798.301937629113,0.05111714794813048,0.0485,0.05111714794813048,1.4210854715202004e-14,1.0,0.005557521601035995,0.0013216415145030625,0.006157521601035994,0.0002084070600388498,liquid,False,102.1670101532261
0.04970711483464267,1.0002867018433368,3056.626723431992,804.5738680313551,1.4435257546191964,1161.4230999968477,2962210.2656923695,506.1261645052673,397.60310891572846,334.4184980801911,2629284.5451971856,258672.88352098147,983.64212940952,4.87809722069299,13850.776362429522,2.9284758585591777,0.03896398227871073,47012.01309610817,0.38863273173954166,46881.83129595718,13.647838468980224,499.79747771555043,-0.3915899709333616,39164247.53079583,0.07563557204471015,0.0008610126662735692,3.663583805863731e-05,2.1330224787661704e-05,4798.301937629113,0.05143464576147291,0.0485,0.05143464576147291,-1.4210854715201802e-14,1.0,0.005557521601035995,0.0013216415145030625,0.006157521601035994,0.0002084070600388498,liquid,False,102.19436879982197
0.04970711483464267,1.0002867018433368,3056.626723431992,804.5738680313551,1.4435314552169458,1161.427686548829,2962245.9880049718,506.10547935242585,397.5780860669317,334.3499105979732,2629394.950290307,258386.2787170911,983.6779085380751,4.87791979059514,13836.627312476896,2.9317355431175947,0.03896797785944418,46978.76816890973,0.38875645766268435,46850.094376980225,13.647457560380355,499.7997287216252,-0.3917546856217707,39178236.400444694,0.07560947761220177,0.0008610092660796561,3.6636860586512425e-05,2.1344674184719456e-05,4798.301937629113,0.05175214357481533,0.0485,0.05175214357481533,1.4210854715202206e-14,1.0,0.005557521601035995,0.0013216415145030625,0.006157521601035994,0.0002084070600388498,liquid,False,102.22164265469348
0.04970711483464267,1.0002867018433368,3056.626723431992,804.5738680313551,1.4435371411562241,1161.4322613069876,2962281.6184125314,506.0848475941325,397.55312753898096,334.2813225813854,2629505.3619382964,258099.67046586852,983.7136608219224,4.877742506513519,13822.482896989637,2.9350013523283436,0.03897197959277164,46945.51773839068,0.3888803369255134,46818.35171918733,13.647077632729008,499.80197965510683,-0.39191940193040326,39192224.979789615,0.07558340002232844,0.0008610058746557255,3.663788053794598e-05,2.1359145789623666e-05,4798.301937629113,0.052069641388157756,0.0485,0.052069641388157756,-0.0,1.0,0.005557521601035995,0.0013216415145030625,0.006157521601035994,0.0002084070600388498,liquid,False,102.24885211612587
0.04970711483464267,1.0002867018433368,3056.626723431992,804.5738680313551,1.4435428124217236,1161.436824259007,2962317.1568194553,506.0642692843853,397.52823339926687,334.21273383128175,2629615.7801863085,257813.05877621504,983.7493867820442,4.877565365834588,13808.34307192449,2.938273308365314,0.03897598750497105,46912.26171235845,0.3890043701503535,46786.603233520465,13.64669868703771,499.80425097803965,-0.3920841919449005,39206215.493604526,0.0755573349665101,0.0008610024920107014,3.663889790978708e-05,2.1373639693585314e-05,4798.301937629113,0.052387139201500184,0.0485,0.052387139201500184,-1.4210854715201802e-14,1.0,0.005557521601035995,0.0013216415145030625,0.006157521601035994,0.0002084070600388498,liquid,False,102.27601757877278
0.04970711483464267,1.0002867018433368,3056.626723431992,804.5738680313551,1.4435484709200455,1161.441376938889,2962352.615173581,506.0437375035949,397.5033952789031,334.14412082464025,2629726.205326502,257526.44365587598,983.7850977518736,4.877388312339858,13794.203009708051,2.9415525563204294,0.03898000298214629,46878.98869117224,0.3891286002008587,46754.8380357798,13.646320595899521,499.8065017656916,-0.39224896620775623,39220208.286277086,0.07553128207659443,0.0008609991170071914,3.663991304368455e-05,2.1388160926463608e-05,4798.301937629113,0.052704637014842605,0.0485,0.052704637014842605,1.4210854715202408e-14,1.0,0.005557521601035995,0.0013216415145030625,0.006157521601035994,0.0002084070600388498,liquid,False,102.30310648678852
0.04970711483464267,1.0002867018433368,3056.626723431992,804.5738680313551,1.4435541127057183,1161.4459161722104,2962387.96875138,506.02326656630066,397.47863049683383,334.07553101067856,2629836.636809883,257239.8251149887,983.8207699212606,4.877211464048621,13780.072478008236,2.9448368386969617,0.03898402326433821,46845.72168769152,0.3892529414350543,46723.07809491629,13.645943622932759,499.80877294148013,-0.3924137594834117,39234198.215330355,0.07550525061052116,0.0008609957519982597,3.664092523141621e-05,2.1402699496136262e-05,4798.301937629113,0.05302213482818503,0.0485,0.05302213482818503,-1.4210854715201802e-14,1.0,0.005557521601035995,0.0013216415145030625,0.006157521601035994,0.0002084070600388498,liquid,False,102.3301424446463
0.04970711483464267,1.0002867018433368,3056.626723431992,804.5738680313551,1.4435597396904305,1161.4504434970659,2962423.2295325836,506.00284953438177,397.4539306618538,334.00694086677083,2629947.0749392062,256953.2031625315,983.8564146332368,4.877034764689551,13765.946647536095,2.948127298469869,0.03898804973548131,46812.449304242924,0.3893774366623396,46691.312528780785,13.645567640390073,499.81102358332436,-0.3925784822867933,39248185.63077565,0.0754792401717969,0.0008609923958434704,3.664193481552424e-05,2.1417260424700944e-05,4798.301937629113,0.053339632641527454,0.0485,0.053339632641527454,1.4210854715202206e-14,1.0,0.005557521601035995,0.0013216415145030625,0.006157521601035994,0.0002084070600388498,liquid,False,102.35709292147055
0.04970711483464267,1.0002867018433368,3056.626723431992,804.5738680313551,1.4435653518745077,1161.4549589137168,2962458.3975195684,505.9824864051079,397.4292957727265,333.93834999331335,2630057.519734094,256666.57780748248,983.8920329476541,4.876858208978298,13751.825425763054,2.951423965317221,0.03899208243586578,46779.171350158846,0.3895020868773555,46659.541154293845,13.645192648238337,499.81329461199067,-0.3927432788232536,39262174.97517547,0.07545324219538678,0.000860989048542423,3.6642941795662554e-05,2.143184384718226e-05,4798.301937629113,0.05365713045486988,0.0485,0.05365713045486988,-0.0,1.0,0.005557521601035995,0.0013216415145030625,0.006157521601035994,0.0002084070600388498,liquid,False,102.38399883926417
0.04970711483464267,1.0002867018433368,3056.626723431992,804.5738680313551,1.4435709511437709,1161.459463939446,2962493.484529883,505.96217033456605,397.4047175517587,333.8697348669147,2630167.9715115614,256379.9490576763,983.9276361608198,4.876681740896691,13737.703991408478,2.9547279930499024,0.03899612276024696,46745.8764182323,0.3896269351585529,46627.75307935314,13.644818520461168,499.81554510804904,-0.3929080595819924,39276166.60387603,0.07542725629026954,0.0008609857089701548,3.664394650982144e-05,2.144645482483697e-05,4798.301937629113,0.05397462826821231,0.0485,0.05397462826821231,-1.4210854715201802e-14,1.0,0.005557521601035995,0.0013216415145030625,0.006157521601035994,0.0002084070600388498,liquid,False,102.41082755629031
0.04970711483464267,1.0002867018433368,3056.626723431992,804.5738680313551,1.4435765335774842,1161.4639554197317,2962528.4659951404,505.94191554698364,397.38021320937503,333.80114313835065,2630278.42968623,256093.31692332475,983.9631999981052,4.876505480731752,13723.592147788953,2.958037099862951,0.039000167917719236,46712.58763501261,0.3897518950681968,46595.97038279564,13.644445519020014,499.8177955315526,-0.39307278725298983,39290153.14723821,0.07540129596576498,0.0008609823794649042,3.6644948254072517e-05,2.146108326073673e-05,4798.301937629113,0.05429212608155473,0.0485,0.05429212608155473,1.4210854715202206e-14,1.0,0.005557521601035995,0.0013216415145030625,0.006157521601035994,0.0002084070600388498,liquid,False,102.43758232217755
0.04970711483464267,1.0002867018433368,3056.626723431992,804.5738680313551,1.443582101114466,1161.4684349144968,2962563.3540650113,505.9217150060813,397.35577423525183,333.73255068323715,2630388.8945984365,255806.68141346404,983.9987373820802,4.876329364400357,13709.48492656533,2.9613524594252896,0.039004219342550904,46679.29329983765,0.38987701074108394,46564.181892528446,13.64407351435679,499.8200663399098,-0.3932375886774845,39304141.6154199,0.0753753480499045,0.0008609790588700901,3.664594737589781e-05,2.1475734338209368e-05,4798.301937629113,0.05460962389489716,0.0485,0.05460962389489716,0.0005951044302638435,0.9999998229253428,0.005557521601035995,0.0013216415145030625,0.006157521601035994,0.0002084070600388498,liquid,False,102.46429210465794
0.049707891572596065,1.000286710803581,3056.6267200181333,804.5851520854544,1.4435872131452747,1161.4888374371083,2962636.9453185247,505.90315744326335,397.33169226803403,333.6639339778339,2630499.368480469,255520.03990015353,984.0342595811618,4.876195001237724,13695.48061912245,2.9646752321492738,0.03900825787766279,46646.38962024214,0.39000094176379096,46532.76673908807,13.643718174646395,499.8223166176603,-0.3934023743046844,39318271.156741194,0.075350132601407,0.0008609639350530112,3.664690179024154e-05,2.149023301380419e-05,4798.342937616326,0.05492712132562747,0.048499622111450126,0.05492712170823958,0.003062022613910516,0.9999953119977673,0.0055574741141603086,0.0013216401717013203,0.006157474114160308,0.0002084052792810116,liquid,False,102.49062434962627
0.049711111613000465,1.0002867479506112,3056.6267058650874,804.6319309922836,1.4435909161648888,1161.5593464366743,2962832.4314343096,505.88968108592644,397.3086285134989,333.59534047338286,2630609.8568944335,255233.3852192746,984.0697429155043,4.8761918945973575,13681.809643113791,2.9680031307131416,0.039012236491605665,46614.77276612611,0.390120631622599,46502.58246864943,13.64341365846492,499.8245872789506,-0.39356717899018107,39332834.62380639,0.07532720333461654,0.0008609116728023486,3.664771973616588e-05,2.150418206718236e-05,4798.5129041230875,0.05524461506179684,0.04849805563357213,0.05524461952158201,0.00684656434603973,0.9999765620036579,0.005557277264744568,0.0013216346051110916,0.0061572772647445675,0.00020839789742792129,liquid,False,102.51595876545173
0.049716829091207546,1.000286813914513,3056.6266807327966,804.714990441838,1.4435931827340713,1161.6810742457508,2963152.535627363,505.88138469596424,397.2865886969277,333.5267227204399,2630720.3666686015,254946.71241776715,984.1052110090106,4.876322806225022,13668.468400641026,2.971338477554042,0.03901615633838216,46584.445351490256,0.3902360688632721,46473.631809703955,13.643160836425604,499.8268374109701,-0.39373196786534537,39347847.26659911,0.07530659849192486,0.0008608214613888531,3.6648398856741464e-05,2.1517578055760953e-05,4798.814684168126,0.05556210047763088,0.04849527458393021,0.05556211733492444,0.010699290639026408,0.9999427609517565,0.005556927787739595,0.0013216247215978986,0.0061569277877395944,0.00020838479204023482,liquid,False,102.54024871404238
0.0497250809113518,1.0002869091310942,3056.6266444552216,804.8348651862688,1.4435939895879384,1161.8547739937162,2963599.0806832365,505.8783521395894,397.26559697232597,333.4581042445606,2630830.903891285,254660.0164981463,984.1406525554892,4.876589737776355,13655.46551577141,2.9746801431117382,0.039020014846338234,46555.43526433163,0.39034714373247975,46445.941596975645,13.642960608628794,499.82910792521557,-0.3938968305218302,39363315.68293087,0.07528834980657748,0.0008606927667583078,3.664893671860079e-05,2.153040643846298e-05,4799.250206780624,0.05587957271755615,0.04849126164818842,0.05587961514826686,0.014547541323659423,0.9998941789216679,0.005556423507361765,0.0013216104581801813,0.006156423507361765,0.0002083658815260662,liquid,False,102.5635109528896
0.04973582750672065,1.0002870331582234,3056.6265972008205,804.9909784763473,1.4435933590036711,1162.079630586322,2964170.0788044133,505.8805030550566,397.24563960847536,333.38948544801934,2630941.474795944,254373.2926526459,984.1760664592143,4.876990530632354,13642.794733390776,2.9780281281064744,0.03902381285192039,46527.719021182864,0.3904539257540516,46419.48951946162,13.642812191051265,499.83135791152586,-0.39406162264521744,39379228.703237124,0.0752724260076924,0.0008605262270154881,3.66493354154626e-05,2.154267550875898e-05,4799.817356596587,0.05619702732416889,0.048486036981859694,0.056197112961609286,0.018399940724472843,0.9998307067605674,0.005555766956427533,0.0013215918844172831,0.006155766956427533,0.00020834126086603246,liquid,False,102.5857183030505
0.04974911820978634,1.0002871865841292,3056.6265387454864,805.1840443874287,1.443591264677404,1162.3566529353152,2964867.989168902,505.8879322414673,397.22672847203467,333.3208420039607,2631052.0860876837,254086.535851055,984.2114660956771,4.8775277133804025,13630.456426305533,2.9813836337162347,0.03902755033255443,46501.307577931926,0.3905563723209475,46394.286239188456,13.642716472477295,499.8336282787487,-0.3942265432741718,39395604.64266441,0.07525885225170595,0.0008603211393634529,3.6649592550625525e-05,2.15543783741912e-05,4800.518701708422,0.056514459216480226,0.048479577796244296,0.05651461077495171,0.022247621147276173,0.9997524910463025,0.005554955271224433,0.0013215689165735312,0.006154955271224433,0.00020831082267091624,liquid,False,102.60689980671401
0.04976490299707346,1.0002873688546283,3056.626469300373,805.4133330961225,1.4435877331470222,1162.684807770619,2965690.2820431185,505.9005440776482,397.20885388163396,333.2521980402614,2631162.74372072,253799.74130848527,984.246838571285,4.878198608912837,13618.44778127588,2.984745501785153,0.03903122703367203,46476.183376115856,0.3906545296554742,46370.31506773468,13.642672575496888,499.83589857213576,-0.3943914655380454,39412427.78032275,0.0752475919162682,0.0008600783233053868,3.6649710475206446e-05,2.156552092732746e-05,4801.3515587453,0.05683186420787309,0.048471909874795244,0.056832108588294135,0.026099494852950596,0.9996593501630547,0.005553991691796728,0.0013215416429777434,0.006153991691796728,0.00020827468844237732,liquid,False,102.6270446905018
0.04978324403490682,1.0002875807153566,3056.626388581405,805.6797438525891,1.4435827290465562,1163.065363368251,2966640.036655166,505.9184661446625,397.1920410173881,333.1835537587717,2631273.454100064,253512.90396146732,984.2821833290209,4.879006485213157,13606.77585047361,2.988113740523812,0.03903484115823899,46452.37579980618,0.3907482887793094,46347.604258618354,13.642681773002394,499.8381483395939,-0.3945563172489505,39429707.21826561,0.07523870314920536,0.0008597969052263651,3.664968576702081e-05,2.157608825733532e-05,4802.319155742059,0.0571492369024029,0.048463004773700365,0.05714960640163656,0.02994633912502721,0.999551507813884,0.005552872643789562,0.0013215099584617976,0.006152872643789562,0.00020823272414210856,liquid,False,102.64610732220581
0.04980408035434148,1.0002878214942668,3056.626296844648,805.9823866863917,1.4435762892086823,1163.4970629402985,2967714.1932029086,505.94156567469236,397.1762587801511,333.114884831881,2631384.2238140735,253226.01904614645,984.3175137153804,4.879947932438763,13595.426371433847,2.9914895580374927,0.03903839568077594,46429.83789022928,0.39083780612387004,46326.10901538507,13.642742699565037,499.84041848599156,-0.39472129748736884,39447441.39243467,0.0752321085588092,0.0008594778894180261,3.6649522094698835e-05,2.158609952905599e-05,4803.418215918635,0.05746657347755785,0.04845289412734532,0.057467104214978984,0.03379748806723809,0.999428701709304,0.0055516021024970795,0.001321473970951894,0.006151602102497079,0.0002081850788436405,liquid,False,102.66415970584046
0.04982748754852873,1.000288092101684,3056.6261937432837,806.3223545806429,1.443568368925881,1163.9814462304546,2968916.4805285186,505.97000403911534,397.1615456623034,333.0462153880813,2631495.0590157984,252939.08146129912,984.3528168652169,4.8810269808600735,13584.412998282489,2.9948717896481343,0.03904188705396789,46408.61745052375,0.3909229063962743,46305.875175725094,13.642857020577097,499.84268855857016,-0.39488627936129084,39465636.91821027,0.07522788715361131,0.0008591202232977963,3.664921498817041e-05,2.1595531802500724e-05,4804.652657804739,0.05778386812590021,0.04844154357174913,0.05778460202832141,0.037643229819637754,0.9992912424557447,0.005550175749614073,0.0013214335528546307,0.006150175749614073,0.00020813159061052776,liquid,False,102.68114289626675
0.049853393029902666,1.0002883917396952,3056.626079581334,806.6985876750663,1.443559011808206,1164.5170160512941,2970243.250938993,506.0036240927484,397.1478659971616,332.9775215009986,2631605.9662802494,252652.08646502247,984.3881050295461,4.882239587880937,13573.72000343502,2.9982616331495384,0.03904531857768617,46388.66153916293,0.39100376760696426,46286.85219410964,13.643023129427885,499.8449585573355,-0.3950513175828647,39484285.64697371,0.07522595894214054,0.0008587251076767026,3.664876877042774e-05,2.160440713934005e-05,4806.018576214347,0.05810111749067228,0.048428990899636,0.05810209984166384,0.04149345456378429,0.9991387757605863,0.005548598334314332,0.0013213888328342711,0.006148598334314332,0.00020807243753678746,liquid,False,102.69709256017387
0.04988188660092753,1.00028872149293,3056.6259539455773,807.1123839783114,1.4435481671692312,1165.1056025914802,2971698.945317894,506.0426087894748,397.13525520344865,332.90880317108747,2631716.95211706,252365.02891345703,984.423378160869,4.883590462328773,13563.35786619675,3.0016591111766955,0.039048687811345184,46370.01337317629,0.391080235433131,46269.081527663606,13.643242845720872,499.84722848229285,-0.39521641215299436,39503403.64606685,0.07522640256376417,0.0008582912980383538,3.664817856385385e-05,2.1612704790824832e-05,4807.5206204798915,0.058418315246753914,0.0484151954773493,0.05841959765500626,0.04533782679348689,0.9989717120427604,0.00554686475042197,0.001321339659562386,0.0061468647504219695,0.00020800742814082386,liquid,False,102.7119732788442
0.04991288319548068,1.0002890804273745,3056.6258171918935,807.5625012956913,1.443535882163438,1165.7454477099884,2973279.262083047,506.0867883466076,397.12368904503046,332.8400843267124,2631828.02253105,252077.9040879537,984.4586239605474,4.885074999878094,13553.31900882512,3.0050630599780552,0.03905199555578293,46352.63671536433,0.39115242314149645,46252.52854303282,13.643514552820786,499.849498333448,-0.39538150835982044,39522970.844170734,0.07522914392761489,0.0008578202059158097,3.664744872475878e-05,2.1620439606228477e-05,4809.154212324059,0.058735458615785434,0.048400201647936826,0.05873709546834869,0.049186927437216796,0.9987895905391115,0.005544980570248714,0.0013212861838975381,0.006144980570248714,0.00020793677138432679,liquid,False,102.72580928841757
0.0499464878000575,1.0002894698139626,3056.6256688360827,808.0504567253389,1.4435220995599334,1166.4386918425243,2974989.4020581148,506.136369343817,397.11320033357964,332.7713410409301,2631939.184380758,251790.7067989556,984.4938546509322,4.886698641465619,13543.610900133717,3.0084746843009844,0.039055240439783666,46336.57076380085,0.39122019541063613,46237.23085972402,13.643840245456266,499.85176811080646,-0.39554666091641194,39543010.72668719,0.07523426636936179,0.0008573103815858378,3.664657391210017e-05,2.162759277331793e-05,4810.924782053961,0.05905254063645207,0.04838396207392035,0.05905459328169111,0.05303462702132748,0.9985926738849573,0.00554293984519161,0.0013212282291464135,0.0061429398451916094,0.0002078602441946854,liquid,False,102.73856777722682
0.04998260835286581,1.0002898886458327,3056.6255092617853,808.5749053967952,1.4435068725576274,1167.1834329179073,2976824.7189481882,506.1911602184159,397.1037536755211,332.70257331419,2632050.444005195,251503.432327316,984.5290701842251,4.888456332679145,13534.220110518228,3.01189400701961,0.039058424930540216,46321.76388608709,0.39128372376665566,46223.13911400894,13.644218032526346,499.85403781437395,-0.3957118698236756,39563506.67585381,0.07524168025189203,0.0008567633602372542,3.664555922575071e-05,2.1634186235891712e-05,4812.827367848786,0.05936955905544286,0.04836652497356224,0.05937209109503354,0.05687743842269025,0.9983811681910236,0.005540748634536212,0.0013211659588774935,0.0061407486345362115,0.00020777807379510793,liquid,False,102.75028413885286
0.05002134659695627,1.0002903381673451,3056.625337994929,809.1373158416299,1.4434901422971236,1167.9817391821468,2978790.2185256127,506.2513735770913,397.09539667143997,332.63380487429947,2632161.807719668,251216.07548777468,984.5642588278224,4.890353438958923,13525.16335787825,3.0153198653927724,0.03906154491371364,46308.276557490426,0.39134279209199874,46210.31121756677,13.644650082241185,499.8563278909355,-0.39587715261127954,39584474.09404036,0.07525147893714432,0.0008561777692690878,3.664439886595268e-05,2.1640191845750904e-05,4814.8672090346845,0.05968650668073676,0.04834784524219844,0.059689588908375966,0.06072456808506831,0.9981545605921369,0.005538401270263271,0.0013210992028578196,0.006138401270263271,0.00020769004763487268,liquid,False,102.76093121949555
0.05006262361997206,1.0002908175322835,3056.625155357953,809.7365330293823,1.4434719583547853,1168.8319790833366,2980881.926154035,506.31683089560465,397.0880826486246,332.5649882673638,2632273.2824899815,250928.63151494483,984.5994439128368,4.892385478669352,13516.419181243302,3.018754651593808,0.039064605406220476,46296.04071199188,0.3913976382077062,46198.68211124978,13.6451345181302,499.8585974462728,-0.3960424742291436,39605903.8322364,0.07526357531898586,0.0008555549624713861,3.6643097899522596e-05,2.1645639102689716e-05,4817.040021705082,0.06000338128391207,0.048327965232830616,0.06000708672171839,0.0645645176353336,0.9979135348628742,0.0055359030746079405,0.001321028102621489,0.00613590307460794,0.00020759636529779778,liquid,False,102.77051479764822
0.05010652738760342,1.0002913278365007,3056.6249609333736,810.3738239594431,1.4434522681282687,1169.7359342260365,2983104.1387948184,506.3877223307918,397.0818616332665,332.4961709486033,2632384.8743826984,250641.09524552134,984.6346020311312,4.894557117137663,13508.007267296218,3.0221960150791847,0.03906760126783401,46285.12099699006,0.3914480281336843,46188.313652318044,13.645673341568362,499.8608873732802,-0.39620786974220457,39627806.11843794,0.07527805425006473,0.0008548938018747424,3.664165098228364e-05,2.165049816556386e-05,4819.350299151483,0.060320175782208635,0.048306847161254926,0.060324584535060816,0.06841003301700174,0.9976572895451687,0.005533249299467133,0.0013209525125645726,0.006133249299467133,0.0002074968487300175,liquid,False,102.77902574001371
0.05015299685212204,1.0002918684497444,3056.6247549613495,811.0482918250298,1.4434311093889731,1170.6923356370344,2985453.753460419,506.4639120308466,397.0767016969637,332.4273291912305,2632496.5901575633,250353.46185793215,984.6697448194305,4.8968648707962545,13499.913306468981,3.025645164748095,0.03907053564774847,46275.470066160124,0.3914941253923179,46179.16056641794,13.646265154527255,499.86317722518373,-0.39637332162262146,39650172.30250496,0.07529484943175918,0.0008541953932378383,3.664006190251412e-05,2.1654789470712304e-05,4821.794682742182,0.06063688773437197,0.048284525268379286,0.06064208234840324,0.07224769330681634,0.9973867207918121,0.00553044424768024,0.0013208725441013933,0.00613044424768024,0.000207391659288009,liquid,False,102.78647552822002
0.05020210363155186,1.0002924402894091,3056.6245370923957,811.7609648043635,1.4434084445402708,1171.7026315467758,2987934.2762475912,506.5455359868074,397.0726222601031,332.3584392679584,2632608.4367740415,250065.72621180938,984.7048838764158,4.899312335949927,13492.140186152403,3.0291033186884886,0.03907340818641188,46267.109048948136,0.3915358594793957,46171.24312007892,13.646911251978128,499.8654465578856,-0.39653881231647764,39673017.40948339,0.07531401620924753,0.0008534588666749775,3.66383272205661e-05,2.165850283474652e-05,4824.376784845864,0.06095351036299909,0.048260970309679026,0.060959580161745665,0.07609139214246446,0.9971008474782387,0.005527484244271906,0.0013207880806667828,0.0061274842442719055,0.00020728065916019646,liquid,False,102.79282429778249
0.05025380614257408,1.0002930429606953,3056.6243074769686,812.5112274260649,1.4433842950404308,1172.7659452108057,2990543.532011502,506.6325173641094,397.06962263326807,332.2895486348198,2632720.420209225,249777.88342366464,984.7399958506553,4.901897226877884,13484.690663855361,3.032568112966535,0.03907621724595056,46260.03533131707,0.3915732282316585,46164.55875124717,13.647610988000284,499.867736260269,-0.3967043769278364,39696328.345708705,0.07533551984877183,0.0008526850596947109,3.6636448711765524e-05,2.1661638864315675e-05,4827.094254856067,0.06127004083383796,0.04823620768756534,0.06127707797508809,0.07992649151786299,0.9968007604098449,0.0055243724814032676,0.00132069920086281,0.006124372481403267,0.00020716396805262256,liquid,False,102.79811362700093
0.05030815798770576,1.0002936771828554,3056.6240658410798,813.2998448893874,1.4433586356097807,1173.8833544611925,2993284.1302655404,506.72494776435633,397.067706947827,332.2206094338904,2632832.5477687637,249489.92838031935,984.7751050520279,4.9046220933924225,13477.560245764822,3.036041978292544,0.0390789644571369,46254.24866209777,0.39160624002141076,46159.107269561915,13.64836516028012,499.8700463303283,-0.39687012490828716,39720123.80576059,0.075359385708446,0.0008518733962787945,3.663442427926203e-05,2.1664197146624988e-05,4829.94973726102,0.061586472867520184,0.04821021746692645,0.061594575788430514,0.08376817061382519,0.9964852701329875,0.005521106453954294,0.0013206058199999745,0.006121106453954294,0.00020704149202328603,liquid,False,102.80233938250132
0.05036513885996772,1.000294342818787,3056.623812237011,814.1265092121598,1.4433314757966142,1175.0544160263325,2996154.947202716,506.8227933746016,397.0668826441616,332.1516699269917,2632944.8255107435,249201.85612906687,984.8101860186244,4.907485778991799,13470.754586287047,3.03952251109732,0.039081647591654,46249.7576711702,0.39163485494421524,46154.8968537885,13.649173549118743,499.87233588187354,-0.39703580226791246,39744385.62941562,0.07538561484229364,0.0008510244175599016,3.6632254561103626e-05,2.1666173432644506e-05,4832.941982892668,0.061902803032305866,0.04818301539924164,0.06191207360177294,0.08760043592653134,0.9961556924625196,0.005517688141314253,0.0013205079808319721,0.006117688141314252,0.0002069133052992845,liquid,False,102.80545323771196
0.05042478246767365,1.0002950403672475,3056.623546474784,814.991695427118,1.4433028018573595,1176.2797975004391,2999157.5910141952,506.9261042613589,397.0671459278042,332.082682054342,2633057.2607603087,248913.66158645487,984.8452635591184,4.910489748678092,13464.266488511326,3.0430121591327737,0.03908426887233565,46246.5514827899,0.39165911892420646,46151.91712367066,13.650036540070431,499.87462535834345,-0.39720159071564454,39769131.05014323,0.07541420976064786,0.0008501378686643869,3.662993857431975e-05,2.1667572277016294e-05,4836.072570741225,0.06221902576530334,0.048154591714836,0.06222957141511536,0.09143989105170511,0.9958105976160588,0.005514116315789584,0.0013204056337261364,0.006114116315789584,0.00020677936184210942,liquid,False,102.80747943053927
0.0504870918109378,1.0002957699739579,3056.6232684989327,815.8954323263087,1.443272613978427,1177.5595333466504,3002292.1125577716,507.03488036437193,397.06849694868947,332.0136456144848,2633169.8603093144,248625.33972163382,984.8803381327954,4.913633941143509,13458.094580133115,3.0465109608505774,0.03908682845004162,46244.62675257777,0.3916790434494421,46150.16483757946,13.65095413390486,499.8769352004897,-0.397367562557282,39794362.15273325,0.07544516233316635,0.0008492139647139349,3.662747637237683e-05,2.1668394977989622e-05,4839.341457414199,0.06253513680562767,0.04812495161534612,0.06254706922845779,0.09526904749154894,0.9954515601424576,0.005510391631037221,0.0013202987822003701,0.0061103916310372205,0.00020663968616389577,liquid,False,102.80843825180023
0.05055207860741074,1.0002965318920285,3056.6229782130763,816.8378744657138,1.4432409039262741,1178.8938323051132,3005558.9692129763,507.14915211276457,397.0709548898462,331.9446086690669,2633282.630354629,248336.88548603217,984.9153848723994,4.916918876721941,13452.248507424285,3.050016506664545,0.039089323311424715,46244.00825330931,0.3916945347503831,46149.66359427086,13.651926744069245,499.8792449662257,-0.39753353607082514,39820068.52533387,0.0754784981673453,0.0008482528049575773,3.662486690512115e-05,2.1668630323973643e-05,4842.749047852956,0.06285113155393786,0.04809409643931652,0.06286456704180021,0.09910607326617708,0.9950768745387258,0.005506514255263628,0.0013201874152123073,0.0061065142552636275,0.00020649428457238605,liquid,False,102.80829007637954
0.050619771420825146,1.0002973265781514,3056.6226754432746,817.8194199277535,1.4432076612005602,1180.283252318332,3008959.496948033,507.2689579879225,397.07451378286464,331.87552335855486,2633395.578375845,248048.2937656625,984.9504279913709,4.920345717171972,13446.720329143085,3.053531250949917,0.03909175587570305,46244.68214099853,0.3917056505329569,46150.4001421796,13.652954641473325,499.8815546555573,-0.39769962069047465,39846264.136069246,0.07551421851425946,0.0008472542485338019,3.6622109508894096e-05,2.1668284498492147e-05,4846.296619994043,0.06316700465849152,0.04806201985266246,0.06318206485514265,0.10293184419006192,0.9946884112382293,0.005502483392504243,0.0013200714932967753,0.006102483392504243,0.00020634312721890915,liquid,False,102.80704087269265
0.050690157656556996,1.0002981540116975,3056.6223601974475,818.8398692549406,1.4431728934014263,1181.7275033450983,3012492.944912446,507.3942713317592,397.0791751893177,331.80641361341293,2633508.710919005,247759.55954700528,984.9854553047818,4.923913605851648,13441.511544120129,3.0570540037131058,0.039094125288639765,46246.648672298594,0.3917123867740143,46152.374622747666,13.654037617039473,499.88386426849047,-0.3978657617006659,39872941.134225726,0.07555231340400453,0.0008462187747761773,3.6619204811332e-05,2.1667357490791345e-05,4849.983284941195,0.06348275276212112,0.04802873533220668,0.06349956266848507,0.10676623397228724,0.9942841501720597,0.005498300736306558,0.0013199510478964238,0.0060983007363065575,0.0002061862776114959,liquid,False,102.80468907917276
0.050763293932241285,1.000299014991654,3056.62203217125,819.9000256785714,1.4431365725877476,1183.2277129223799,3016162.0222453033,507.52519366340766,397.0849516230632,331.73725550351895,2633622.035269492,247470.67762519355,985.0204788609301,4.927625235433988,13436.622625612938,3.0605860125415143,0.039096431815663364,46249.919833957094,0.39171470908371764,46155.59845794206,13.655176620961637,499.88617380503104,-0.39803201382005765,39900113.564745784,0.07559281798411394,0.0008451458574530534,3.661615033469912e-05,2.1665844088474352e-05,4853.81176905439,0.06379836912751773,0.04799422393475491,0.06381706048182749,0.1105883407293821,0.993866298299083,0.005493963906198573,0.0013198259924463724,0.006093963906198573,0.00020602364648244652,liquid,False,102.80122218196783
0.050839140787336756,1.0002999091924794,3056.6216914887746,820.9992988493865,1.4430987235884574,1184.783040236568,3019964.6437511393,507.6616361961728,397.09182617691334,331.6680488273432,2633735.5583665003,247181.64302571237,985.0554991179952,4.931478239130075,13432.046613061833,3.0641273165618133,0.03909867683220886,46254.47007405647,0.39171270764400334,46160.04709747903,13.656370772569474,499.8885037025444,-0.39819844938868415,39927775.69209049,0.07563568446787734,0.0008440363898189562,3.661294851515839e-05,2.1663756059179014e-05,4857.779758235808,0.06411385195283174,0.04795851239331059,0.06413455829516992,0.11441988649915225,0.9934324786182105,0.00548947626154858,0.001319696405140135,0.00608947626154858,0.00020585535980807172,liquid,False,102.79667752563108
0.05091778562885628,1.0003008377901619,3056.6213377020513,822.1389364713735,1.4430592960327464,1186.3952349054912,3023905.003223195,507.80378158292115,397.09984623757754,331.5988418500234,2633849.2867436227,246892.45044668886,985.0904907690647,4.935477107759572,13427.80266469129,3.0676754752913036,0.039100855409440284,46260.36240894597,0.3917061601103236,46165.7806853076,13.65762198873077,499.8908130856414,-0.3983648143022055,39955928.09521336,0.07568101023751349,0.0008428894272149201,3.660959429193178e-05,2.1661065515529188e-05,4861.89156626236,0.06442919278448299,0.047921567994080067,0.06445205610851235,0.11823922856070415,0.9929851382721544,0.005484833691420024,0.0013195621478166847,0.006084833691420024,0.00020568126342825093,liquid,False,102.79096684806387
0.05099916092797783,1.0003018001386645,3056.6209710572853,823.3179401423532,1.4430183361120845,1188.0628840754473,3027979.645224706,507.9514639031372,397.10896062807177,331.52956237592525,2633963.2282655393,246603.09495173238,985.1254910709919,4.939617782936956,13423.865382106449,3.0712342133724317,0.03910297411909937,46267.52128616295,0.39169534315946564,46172.72689179632,13.658928460459382,499.8931428283653,-0.3985314173998181,39984576.58993227,0.07572869099699613,0.0008417062879446838,3.6606092597045776e-05,2.1657806833533015e-05,4866.143394118773,0.06474439163449838,0.047883431183468,0.06476955392185477,0.12206654049175944,0.992521918998454,0.005480041278458015,0.0013194233473396108,0.006080041278458015,0.0002055015479421756,liquid,False,102.78418220029351
0.05108338306879169,1.0003027977724175,3056.6205909699515,824.5379754063252,1.44297577741769,1189.7883260723502,3032194.189640766,508.1049237752304,397.11922744470695,331.4602584687957,2634077.3896203935,246313.57114283272,985.160475262856,4.943906262786679,13420.257438807956,3.0748010959500394,0.039105027335056164,46276.02403952104,0.3916799865796898,46180.9595388744,13.66029267686297,499.89547249336243,-0.3986980769081962,40013728.95155043,0.07577884563851119,0.0008404856377277908,3.660243684579846e-05,2.1653945911587564e-05,4870.541043501935,0.0650594382396853,0.047844056474279244,0.06508705173519719,0.1258936239727267,0.9920437467385265,0.0054750933065730294,0.0013192798172499487,0.006075093306573029,0.00020531599899648858,liquid,False,102.77624504865548
0.05117037453112355,1.0003038299377802,3056.620197727257,825.7978978253627,1.4429316684836746,1191.5699385394616,3036544.653429547,508.26398696927254,397.13060692814025,331.39090599594874,2634191.778209846,246023.87406469721,985.1954558797827,4.948338066168764,13416.962016487956,3.0783773909122627,0.03910701898038573,46285.813601266374,0.3916602952502431,46190.42390475201,13.661712854885149,499.89782251527123,-0.3988649199131762,40043377.30639795,0.07583138230811469,0.0008392289597585233,3.659863190736074e-05,2.1649509042438585e-05,4875.080176946418,0.06537433353458731,0.04780348947832125,0.06540454954853962,0.12970570160562864,0.9915525356585961,0.005469995507513836,0.0013191317021626489,0.0060699955075138355,0.00020512483153176887,liquid,False,102.76721558713098
0.051260233349272,1.0003048979686997,3056.619790821067,827.0991050265234,1.4428859570628438,1193.4096837420168,3041035.7531284885,508.42884302088214,397.1431344961376,331.3215053609241,2634306.4013573863,245733.99834763215,985.2304317705712,4.952918071837544,13413.989538897897,3.0819631145499002,0.039108946888696525,46296.93406288317,0.39163612340214754,46201.16203568084,13.663190868988853,499.9001520241514,-0.3990318016923005,40073533.49659801,0.0758863890399546,0.0008379352150591173,3.6594672854555725e-05,2.1644477236908173e-05,4879.765610440769,0.065689068145463,0.047761694132654506,0.06572204736188204,0.13352942761272288,0.9910448486125231,0.0054647433494778,0.0013189788480815496,0.0060647433494778,0.0002049278756054175,liquid,False,102.75701752801382
0.05135291943009866,1.000306001566747,3056.6193703651675,828.4409933082941,1.442838669060793,1195.3067001803404,3045665.343408608,508.59939946640407,397.156792116621,331.25205616016785,2634421.26634745,245443.93891597047,985.2654039282519,4.957643821646759,13411.33274644219,3.085558314702146,0.03911081258706367,46309.35891822294,0.3916075675866577,46213.14840592104,13.664725798496576,499.90250188858596,-0.39919886698550755,40104193.54818683,0.07594381220380647,0.000836605366513152,3.659056225299531e-05,2.1638863277964317e-05,4884.594942467196,0.06600364111244363,0.04771869908686606,0.06603954517522446,0.13733687119237178,0.9905243983926343,0.005459340432678211,0.0013188213366303117,0.006059340432678211,0.00020472526622543292,liquid,False,102.74570977196498
0.051448494388185086,1.0003071416500284,3056.618936009862,829.824430821589,1.4427897714273983,1197.2622008699511,3050436.308387555,508.77577669934817,397.1716082967008,331.18258252752736,2634536.380291117,245153.69045690072,985.3003597181878,4.962518296564015,13409.002242791583,3.0891617731597867,0.03911261345041435,46323.125255809566,0.3915745024348932,46226.41829957968,13.666318884175297,499.9048516739489,-0.39936598870884743,40135360.06520662,0.07600371102767262,0.0008352389303474067,3.6586296883425374e-05,2.1632651561263024e-05,4889.571062712613,0.06631804519988149,0.047674486042832795,0.0663570429885669,0.14115702611396838,0.9899872190986408,0.005453784457705102,0.0013186590769441145,0.006053784457705102,0.00020451691716394133,liquid,False,102.73324337724807
0.05154695913815928,1.0003083184217134,3056.6184876778416,831.2494059720063,1.4427392706009952,1199.2761616595628,3055348.5478223283,508.9579525144263,397.18756548149446,331.1130363973121,2634651.7512323037,244863.247763172,985.3353236450947,4.9675410680265415,13406.986032950146,3.0927760130365702,0.039114352918535884,46338.20341961072,0.39153704588460775,46240.94322230669,13.667969794727886,499.9072218121283,-0.399533348697465,40167043.696627796,0.0760660548209287,0.0008338363022376733,3.658187774111586e-05,2.1625856444848614e-05,4894.693685984232,0.06663227707814935,0.04762906521916008,0.06667454080190932,0.14495954597633234,0.9894375826854039,0.005448076708666294,0.001318492081837742,0.0060480767086662935,0.00020430287657498603,liquid,False,102.71965633063382
0.051648335229487946,1.0003095323382005,3056.618025195325,832.7162050102501,1.442687154712393,1201.3489724891394,3060402.9347669464,509.1459709878509,397.20468400577437,331.0434660375052,2634767.386048989,244572.60558397928,985.3702705289924,4.972713037209374,13405.294577449096,3.096398563386051,0.0391160279655777,46354.62196655589,0.3914950980284722,46256.750234475905,13.669679066924443,499.9095714386789,-0.3997006927331687,40199232.820201054,0.07613087912536039,0.0008323975987826804,3.65773035015734e-05,2.161846638449503e-05,4899.963590738048,0.0669463321506022,0.04758243759762199,0.06699203861525174,0.1487759142741247,0.9888709356290628,0.005442217308935156,0.001318320329556803,0.006042217308935156,0.00020408314908506838,liquid,False,102.70488743290451
0.051752668459780375,1.0003107841550174,3056.617548274572,834.2254639739543,1.4426334035604447,1203.4815204295369,3065601.569635187,509.33990620405893,397.22297060374177,330.9738471123488,2634883.292690949,244281.75857179466,985.4052133809436,4.978036178185629,13403.92630099218,3.1000307153264095,0.03911763945441776,46372.38538782199,0.39144865648324095,46273.84345746803,13.671447374211468,499.91194141667756,-0.3998682203311247,40231943.23623457,0.07619819782590512,0.0008309226049794999,3.657257248001064e-05,2.161048067941744e-05,4905.3828023830665,0.06726020419254158,0.04753459340572591,0.06730953642859418,0.15257321772122368,0.9882921699751506,0.00543620503046405,0.0013181437578515549,0.00603620503046405,0.00020385768864240186,liquid,False,102.68897081293579
0.051859936372478335,1.0003120738166957,3056.617056936824,835.7768306136186,1.4425780353717346,1205.6732983158088,3070943.165766748,509.53969356109565,397.2424061086558,330.9041558910909,2634999.479026564,243990.7015424613,985.4401635652812,4.983508863126135,13402.87119794212,3.1036737461279484,0.039119189995163825,46391.46394809545,0.3913978360812069,46292.19425738831,13.67327401860597,499.9143113142488,-0.40003591382169695,40265172.1184046,0.07626797562757882,0.0008294120815289586,3.65676866652144e-05,2.1601914016862534e-05,4910.949789208046,0.06757389179894888,0.04748555451206374,0.0676270342419366,0.15638558179531395,0.9876960817005103,0.00543004262134128,0.0013179624204993207,0.00603004262134128,0.000203626598300298,liquid,False,102.67190520559296
0.05197023383257554,1.0003134026865546,3056.6165506627945,837.3716484755538,1.4425209993512962,1207.9261871873982,3076432.216010352,509.7455177781726,397.263030567481,330.83441610408795,2635115.952604143,243699.42899572922,985.4751095377144,4.989135746182497,13402.143625904908,3.1073264492587507,0.03912067626926848,46411.91038413735,0.3913424612496473,46311.852819174586,13.675160873033839,499.91670156050725,-0.4002037909064914,40298931.92274228,0.07634029164614659,0.0008278651548472966,3.656264117418568e-05,2.1592744386723566e-05,4916.669095967723,0.06788738527135943,0.04743528950068958,0.06794453205527902,0.1601857241453848,0.9870868927201996,0.005423726133722654,0.0013177761734757022,0.006023726133722654,0.00020338973001459952,liquid,False,102.65367099302625
0.05208350181193591,1.0003147702837538,3056.616029635793,839.0090347415592,1.4424623328654953,1210.2389295485368,3082065.601117762,509.9572452687389,397.28481791919125,330.76462795340314,2635232.721105521,243407.93578614405,985.5100506823566,4.994913313163335,13401.73390822012,3.110988849885647,0.03912210038950352,46433.68833887693,0.39128266555174795,46332.78411716642,13.677106607263216,499.91909172495843,-0.4003717791806044,40333208.431653164,0.07641508625182872,0.0008262831211131478,3.6557439695211226e-05,2.1582989648780837e-05,4922.537272409576,0.06820068612287569,0.04738383752705572,0.06826202986862145,0.16398551293508618,0.9864627471665702,0.00541726048802742,0.001317585133272062,0.00601726048802742,0.00020314726830102824,liquid,False,102.63427380576718
0.05219985369480141,1.0003161782160976,3056.6154932434006,840.6905981799401,1.4424019768013867,1212.613780693086,3087848.7236361494,510.17509086627524,397.3078074716244,330.69479143913776,2635349.7925248924,243116.2163416954,985.54498691877,5.0008471012671,13401.65366684248,3.114660981268635,0.03912346008785791,46456.84759398206,0.391218289730074,46355.03551033075,13.679113338978881,499.921481807609,-0.40053987864596785,40368019.85228688,0.07649244959091597,0.0008246648816974819,3.655207670333726e-05,2.157262935926645e-05,4928.559791001053,0.06851378318961063,0.04733115968512285,0.06857952768196388,0.16779172870655873,0.9858224666630725,0.0054106407951784894,0.0013173891260012335,0.006010640795178489,0.00020289902981919338,liquid,False,102.61367433598457
0.05231924124722605,1.0003176261477513,3056.614941613694,842.4156103496076,1.442339962762412,1215.0497000621276,3093778.986779693,510.39894187187065,397.3319769010924,330.6249065613507,2635467.1747472016,242824.26543649877,985.5799181663763,5.006934140313078,13401.894450063657,3.1183428768142254,0.03912475725716475,46481.356892330725,0.39114945105203414,46378.576828857214,13.681179943139263,499.9238718084651,-0.4007080893045024,40403355.93097232,0.0765723271122652,0.000823011601870169,3.6546555346692615e-05,2.1561679300555638e-05,4934.733740274199,0.06882667752611546,0.04727729077725341,0.0688970254953063,0.17157518614564496,0.9851710285524475,0.005403871428569707,0.0013171882508339187,0.006003871428569707,0.000202645178571364,liquid,False,102.5918949073727
0.052441738879702486,1.0003191152366342,3056.614374305667,844.1851141944773,1.4422762554964332,1217.5481454462395,3099859.859663882,510.6289270297707,397.35734303642016,330.5549491844059,2635584.87617519,242532.07756273894,985.6148568100716,5.013177823811506,13402.457905259067,3.1220358428903596,0.03912599218645369,46507.233985474515,0.39107610557324174,46403.42480137656,13.683307632768006,499.92628215383974,-0.400876538329416,40439234.897711806,0.07665476034610345,0.0008213227573300548,3.65408725301643e-05,2.1550133514505914e-05,4941.062542979404,0.06913936088617519,0.04722221047059475,0.06921452330864872,0.1753768583485369,0.9845013750908616,0.005396949833099456,0.0013169824009393706,0.005996949833099455,0.0002023856187412296,liquid,False,102.56893911741957
0.052567357486898815,1.0003206458808984,3056.61379116777,845.9992337037462,1.4422108538011027,1220.1092771549584,3106091.6537101944,510.8650522081293,397.38390581210064,330.4849195099845,2635702.90492694,242239.64731196413,985.6498022038446,5.019578262839657,13403.34283301545,3.125739912699048,0.039127165298031355,46534.47692704295,0.3909982719065203,46429.57726867594,13.685496456259372,499.9286924160292,-0.4010451532892758,40475654.57083376,0.07673975100944766,0.000819598718511339,3.653502827596098e-05,2.1537994933989146e-05,4947.546321914626,0.06945183001027186,0.047165927521259976,0.06953202112199115,0.17915407369957795,0.9838210293934798,0.005389877109093355,0.0013167715770184,0.005989877109093355,0.0002021203915910008,liquid,False,102.54478660392857
0.05269611303805602,1.0003222185487899,3056.613192021762,847.8581652335064,1.4421437505996046,1222.7333543863483,3112474.9034082987,511.10734461617403,397.4116810728999,330.4148654054404,2635821.26858066,241946.96927255855,985.6847304153937,5.026135941647549,13404.558525189512,3.1294525880720356,0.03912827394571537,46563.11022544529,0.39091586946810347,46457.05728548579,13.687746772433618,499.9311025950402,-0.4012138247394084,40512606.061052635,0.0768273188527489,0.0008178397983605091,3.652902178223906e-05,2.1525254900560008e-05,4954.1854506739855,0.06976408136866429,0.0471084487029382,0.06984951893533357,0.18295097665651522,0.9831220372570372,0.005382654107758286,0.0013165557717372668,0.005982654107758286,0.00020184952904093575,liquid,False,102.5194215221403
0.05282808085308799,1.0003238344449268,3056.612576408868,849.7629607091903,1.4420749139739073,1225.4218484629184,3119013.115403405,511.3559210655085,397.44067115279586,330.3447148669333,2635939.9764472554,241654.03783980577,985.7196776301831,5.03285412616966,13406.096558780071,3.133177720515004,0.03912932147052122,46593.12724633404,0.3908289491577858,46485.85828503343,13.690059574084017,499.933533115065,-0.4013827893219859,40550117.2123759,0.07691748704616523,0.0008160455122081661,3.652285056133178e-05,2.1511918611212557e-05,4960.983346807694,0.07007610660206494,0.04704975474937196,0.070167016748676,0.18672696059827784,0.9824118495751816,0.005375278408024933,0.0013163348789948716,0.005975278408024933,0.00020157294030093498,liquid,False,102.49286196226916
0.0529632207228319,1.0003254933702235,3056.6119444050905,851.71300329741,1.4420043685088197,1228.1738714706319,3125704.0380102377,511.6106944863982,397.4708703364977,330.2745159641982,2636059.036211645,241360.84767988234,985.7546193903987,5.039730338364058,13407.959301500345,3.1369128016412677,0.03913030667645461,46624.52443185881,0.39073752670136436,46515.976457478086,13.692434088146271,499.9359635505092,-0.40155186513699914,40588167.00993512,0.07701022904643937,0.0008142169632729498,3.651651684289333e-05,2.1497990070446777e-05,4967.937461524308,0.0703879070633982,0.046989878191017825,0.07048451456201843,0.19051354662116132,0.9816845667289603,0.005367754097791029,0.001316108986726647,0.005967754097791029,0.00020129077866716362,liquid,False,102.46509321401152
0.05310165518087705,1.0003271971331593,3056.61129532162,853.7100234301894,1.4419320516327212,1230.9918455841114,3132553.4537796625,511.871892687112,397.5023196495407,330.204268697385,2636178.4565011715,241067.3930404015,985.7895556142894,5.046770458415537,13410.158925955777,3.140657865823419,0.03913122730682497,46657.35442018873,0.3906414384605239,46547.46176834587,13.69487255474234,499.93839390137947,-0.40172105218639564,40626774.60211047,0.07710563992488179,0.0008123530660152304,3.651001482499062e-05,2.1483448549283515e-05,4975.053607488776,0.07069947040375334,0.04692877979191629,0.07080201237536085,0.19430318719907824,0.9809415229483763,0.005360076246520491,0.0013158779114023898,0.005960076246520491,0.0002010028592445184,liquid,False,102.43607425183876
0.053243334760772774,1.0003289454400457,3056.6106292705144,855.7532686133869,1.4418579982286435,1233.8746948605167,3139558.672249424,512.1393913671104,397.5349881619598,330.1339489296084,2636298.246153443,240773.6685334963,985.8244986252664,5.0539713118866905,13412.681548151802,3.14441423565378,0.03913208694030402,46691.57234020427,0.39054085644924225,46580.27098701597,13.697373680439553,499.94084458973043,-0.40189047768683633,40665936.15676817,0.07720364926916594,0.0008104550682215304,3.650334813556425e-05,2.1468316495598435e-05,4982.328734607177,0.07101079909824622,0.04686649682238321,0.07111951018870327,0.19806402409792948,0.9801890850025492,0.005352249537739335,0.001315641757512137,0.0059522495377393346,0.00020070935766522503,liquid,False,102.40585642777063
0.053388338318491706,1.000330739588002,3056.609945757793,857.8438362252385,1.4417821704308935,1236.8239480835884,3146723.303998046,512.4133291950448,397.56890015664544,330.06355686283666,2636418.4138934966,240479.66848445302,985.8594477763272,5.0613364663074405,13415.533911955548,3.1481819453711415,0.03913288446458485,46727.20884301516,0.39043569275067297,46614.433027950334,13.699938823092271,499.9432951920942,-0.4020600691655363,40705660.87297067,0.07730431680787499,0.0008085225076288843,3.649651333896562e-05,2.145258313879723e-05,4989.76637368404,0.07132188459868229,0.04680301032356624,0.07143700800204571,0.20184833458874132,0.9794167906584773,0.005344271589007915,0.0013154004160186865,0.005944271589007915,0.00020041018458779683,liquid,False,102.37439503544874
0.053536693567527965,1.0003325802569192,3056.6092445246286,859.9820845252985,1.4417045590418378,1239.840091954426,3154048.431430842,512.6937413092528,397.60406034704283,329.99309229417554,2636538.9685613294,240185.38727568492,985.8944034895624,5.068866800064508,13418.716379213192,3.15196104570229,0.039133620102164104,46764.26891166407,0.3903259470003019,46649.95225278514,13.702568314819166,499.9457661290863,-0.40222989912888124,40745953.3216438,0.0774076484732889,0.0008065556247851662,3.648950974097724e-05,2.1436249164441473e-05,4997.367410217645,0.07163272289583686,0.046738324338531485,0.07175450581538813,0.20560185738003312,0.9786357219322624,0.005336142908392898,0.001315153863960604,0.0059361429083928975,0.00020010535906473368,liquid,False,102.34170578204345
0.053688402661423947,1.000334467819818,3056.608525429109,862.1680022874996,1.4416251691683561,1242.9230921492604,3161533.8724389942,512.9806111934213,397.64046382091567,329.92255542569234,2636659.918992571,239890.8193591707,985.9293651175235,5.076561855674344,13422.226279787135,3.1557515712667934,0.03913429470046446,46802.74503559395,0.39021166140250196,46686.82106935841,13.705261977117217,499.94823697866644,-0.4023998950902797,40786809.2297146,0.07751363571082455,0.0008045550093295007,3.6482338012569e-05,2.1419320851046807e-05,5005.131407344843,0.07194331245715709,0.046672454367895785,0.07207200362873055,0.20938060220319615,0.977834220827348,0.005327865443759246,0.0013149021214092275,0.0059278654437592455,0.0001997949541409717,liquid,False,102.30777315775077
0.05384357713877074,1.0003364040246798,3056.6077878055203,864.4031528238517,1.441543944128425,1246.075130238741,3169184.799204755,513.2741457982706,397.6781529872553,329.85197019226337,2636781.2740299148,239595.95887225514,985.9643207167894,5.084426892622511,13426.07900273613,3.1595522748276665,0.03913490497444489,46842.69526561764,0.39009265315401476,46725.09447839304,13.708021887860607,499.95070774084166,-0.40257000232628,40828240.437835775,0.07762237033041111,0.0008025198286466127,3.6474992824660155e-05,2.1401775880034385e-05,5013.06350741873,0.07225364175156446,0.0466053689140204,0.07238950144207297,0.2131490980176895,0.9770196835347,0.00531943523699694,0.00131464502773793,0.00591943523699694,0.00019947882138738525,liquid,False,102.27255475358635
0.0540021691243097,1.0003383886458956,3056.6070317400267,866.68680150606,1.4414609202005586,1249.295154424604,3176998.5742965015,513.5742159601946,397.7170900654385,329.781288520575,2636903.0433507003,239300.800297544,985.9992943793551,5.092458698114813,13430.255622548537,3.1633657856110715,0.03913545607176017,46884.06256288082,0.3899691427833257,46764.717601785735,13.710846656003122,499.95319883405494,-0.40274040281665885,40870247.974538215,0.07773377289699201,0.000800451355677095,3.6467478088312024e-05,2.1383642439911035e-05,5021.160682997214,0.07256371415282716,0.04653710595673349,0.0727069992554154,0.2168994270281399,0.9761939553976272,0.005310857060791946,0.0013143826873466967,0.0059108570607919455,0.00019915713977969798,liquid,False,102.23610876861642
0.054164280893607794,1.0003404233464133,3056.60625659933,869.0203748469606,1.4413760463254384,1252.5851520731626,3184979.891630287,513.8810084524844,397.7573135574826,329.7105345479583,2637025.235963607,239005.3377673731,986.0342736166867,5.100662012140156,13434.770292789195,3.167190851191764,0.03913594499265812,46926.9000249025,0.38984096567346693,46805.74066826137,13.713738158737167,499.95568983842736,-0.40291096932795906,40912839.70470939,0.07784793024923349,0.0007983489173130409,3.645978902415056e-05,2.1364900666513597e-05,5029.427562104846,0.07287351905612412,0.0464676390792439,0.07302449706875783,0.22066974829367597,0.9753485849623229,0.005302127595512381,0.0013141149567246102,0.005902127595512381,0.0001988297848317143,liquid,False,102.19837628094479
0.05432992268858944,1.0003425086526279,3056.6054621831304,871.4039724718798,1.4412893225550356,1255.9452411557625,3193128.917211923,514.1945253229378,397.7988271978306,329.63973200695966,2637147.8609461207,238709.5655651156,986.0692470491019,5.109036783381811,13439.62599069108,3.1710262254261945,0.03913637104029628,46971.21541002962,0.3897081104309912,46848.170567258414,13.71669644431281,499.95820117093973,-0.40308171967386636,40956011.87035173,0.07796484011480243,0.00079621305709138,3.6451925726424384e-05,2.1345550699025315e-05,5037.864054135468,0.07318305467271327,0.04639698198594142,0.07334199488210025,0.22440423738828194,0.9744961458323904,0.0052932485633026575,0.0013138418454551896,0.005893248563302657,0.00019849682112384965,liquid,False,102.15937397310915
0.05449911630289926,1.0003446452472717,3056.604648231576,873.8378591394614,1.4412007472335142,1259.3757755527263,3201446.4059690945,514.5147747273672,397.8416188341713,329.56883322870016,2637270.928354758,238413.4779603678,986.1042376384069,5.117583366847361,13444.81204252589,3.1748745373089178,0.039136737718748545,47016.985323239955,0.3895706861385457,46891.98452322328,13.719721479462413,499.96071241316383,-0.40325269078776127,40999772.948156446,0.07808449110235981,0.0007940441760213396,3.6443888511036436e-05,2.132560628788806e-05,5046.470644516008,0.07349231830226063,0.04632514372559929,0.07365949269544268,0.22816840596359234,0.9736216814143127,0.005284221101265157,0.001313563344610603,0.005884221101265157,0.0001981582912974434,liquid,False,102.11909357899253
0.054671971887113584,1.000346834946306,3056.6038140531177,876.3235687445625,1.4411102659329256,1262.878891196767,3209937.3971280428,514.8419558862224,397.88572874423744,329.49786214839247,2637394.4476350537,238117.06894854252,986.1392334600282,5.126306832745593,13450.343206850805,3.1787345354730783,0.03913704197700406,47064.26576304611,0.3894285213829429,46937.23546163477,13.72281525989707,499.9632235651073,-0.4034238279455623,41044133.964142695,0.07820697106028193,0.000791841566891937,3.6435672311437234e-05,2.130504683892968e-05,5055.252290524644,0.07380129859201273,0.04625209641872775,0.0739769905087851,0.231920335097479,0.9727347830566526,0.005275041705959872,0.0013132793008076328,0.005875041705959871,0.00019781406397349522,liquid,False,102.07749482086984
0.05484845069537552,1.0003490776972415,3056.6029596680182,878.8604920970097,1.4410179092389368,1266.453708834336,3218599.64881419,515.1759605109469,397.93112863283795,329.42679462660925,2637518.4287912757,237820.33284282283,986.1742467027952,5.1352044318092895,13456.206393669037,3.1826075783940193,0.039137287371279576,47113.015499001864,0.389281780932358,46983.88350905713,13.725976647569121,499.9657550415432,-0.40359525843777105,41089092.30802235,0.07833221587583675,0.0007896064364803477,3.642728039236103e-05,2.1283894078428595e-05,5064.206362204382,0.07410999910727012,0.046177875691417423,0.07429448832212752,0.2356522207554781,0.9718374508388794,0.005265714854293383,0.0013129898063241655,0.005865714854293383,0.00019746430703600185,liquid,False,102.03462640870526
0.055028653679153036,1.0003513752344673,3056.6020844158315,881.4500270623824,1.440923626914906,1270.10216993897,3227437.7141805915,515.516972864787,397.9778612226629,329.3556785351503,2637642.881156866,237523.2636334643,986.2092537023075,5.144280776241637,13462.420159102778,3.186491101425828,0.03913746964859123,47163.29796385426,0.3891302651331196,47031.98860458132,13.72920753394535,499.96830684025963,-0.4037668728317182,41134652.2997891,0.07846031347631298,0.000787338234409954,3.64187079817793e-05,2.1262124559678758e-05,5073.337305172392,0.07441840954539057,0.04610245867170484,0.07461198613546996,0.23940710865091336,0.9709192738469093,0.005256237672089996,0.0013126947248145555,0.005856237672089996,0.00019710891270337486,liquid,False,101.99044561759672
0.05521260919848106,1.000353728388606,3056.601187980419,884.0925259891269,1.4408274146810125,1273.8247485597196,3236452.621943348,515.865010886419,398.02591600174156,329.2844662039796,2637767.8153973566,237225.85540478493,986.2442773381041,5.153536476865442,13468.97424955829,3.190387755450128,0.03913759229839341,47215.09182285459,0.38897407897563085,47081.529869751444,13.732507980949348,499.9708585457591,-0.4039387080357675,41180823.16482409,0.07859125615312777,0.0007850373460954295,3.6409955173056037e-05,2.1239751613136765e-05,5082.645858361717,0.07472652703481424,0.04602585361037348,0.07492948394881238,0.2431218863598436,0.9699957465746081,0.005246611196173739,0.0013123940400341732,0.0058466111961737385,0.0001967479198565152,liquid,False,101.94494254401752
0.0554003248200087,1.0003561377375396,3056.600270141936,886.7880412339586,1.4407292768772415,1277.6214933903866,3245644.356009254,516.2200614493104,398.0752877863781,329.21315763225874,2637893.2416144623,236928.1023049135,986.279317463901,5.162971182787875,13475.86595648868,3.194297593391768,0.03913765634467087,47268.39014102067,0.38881326924664883,47132.50009468519,13.735877836073763,499.9734101580496,-0.40411076405403473,41227602.89867104,0.07872503196429781,0.0007827044278554906,3.64010226333608e-05,2.121678243231496e-05,5092.131694245815,0.07503435107881673,0.04594807771898132,0.0752469817621548,0.24686872467693258,0.9690489320856738,0.005236837589412779,0.0013120877703464901,0.005836837589412779,0.00019638140960297922,liquid,False,101.89812237167149
0.05559194174040829,1.0003586055943043,3056.5993300195523,889.53854191542,1.4406291438329735,1281.4951480460431,3255019.3981700973,516.582379402782,398.1260262420093,329.14177655306366,2638019.169994425,236629.99810093886,986.3143627381651,5.172591423285671,13483.113139794741,3.1982193602632822,0.039137658237183084,47323.26232628188,0.38864762507479683,47184.96487020136,13.73931963679605,499.97598208891577,-0.40428305874765974,41275009.33599855,0.07886174832021633,0.0007803384987643127,3.639190390919516e-05,2.119319157597865e-05,5101.801213362905,0.07534186728501654,0.045869093453295685,0.07556447957549724,0.2506138119135732,0.9680871434319063,0.005226912133859692,0.0013117757171589015,0.005826912133859692,0.00019600920501973844,liquid,False,101.84995584690648
0.05578741815759927,1.0003611319381607,3056.598367621497,892.3433678947133,1.4405270488256665,1285.4447582925275,3264575.307838667,516.9518470078506,398.178101092564,329.0702990289286,2638145.611257906,236331.5369322883,986.3494247627593,5.1823942146548445,13490.702095388298,3.2021544208001,0.03913760172356829,47379.664807979294,0.3884773217393593,47238.88201266482,13.74283214982158,499.97857433611125,-0.40445564687088525,41323036.78903181,0.07900134069297561,0.0007779408594176483,3.63826025486669e-05,2.1169002258179995e-05,5111.651552518658,0.07564908065713291,0.04578893943895861,0.07588197738883966,0.25431404091543613,0.967121692752914,0.0052168396833558095,0.0013114579811590835,0.005816839683355809,0.00019563148812584287,liquid,False,101.80047324354723
0.05598683148038046,1.0003637183001346,3056.597382364875,895.2035685821285,1.4404229575631788,1289.4717718781815,3274315.427371077,517.3285912366528,398.2315381210411,328.99874919923747,2638272.57570437,236032.71269438212,986.3844911486316,5.192382779909312,13498.643164378835,3.2061014984136227,0.0391374847899892,47437.63607205626,0.3883022525589877,47294.28755310313,13.746416648078585,499.9811664871158,-0.4046284011174637,41371687.683398426,0.07914386892862942,0.0007755113541907544,3.6373115467141605e-05,2.1144202645555802e-05,5121.685846209763,0.07595598377904508,0.045707605557450175,0.07619947520218208,0.2580519972310277,0.9661310297910308,0.005206618966370415,0.001311134469679617,0.005806618966370415,0.00019524821123889055,liquid,False,101.74962836607466
0.056190270241954166,1.0003663663812965,3056.596373602036,898.1203502078648,1.4403168329760945,1293.5778584427726,3284243.6417421675,517.712749159216,398.28635395366507,328.9271031263482,2638400.0745367254,235733.51916470006,986.4195734765921,5.2025607504268505,13506.937636174003,3.2100619636844456,0.03913730823310019,47497.19444746144,0.38812238959668316,47351.19832708288,13.750074412316883,499.9837585419376,-0.404801376221438,41420978.17774385,0.07928937910758573,0.0007730497190202484,3.636343957179721e-05,2.1118789710292134e-05,5131.9077564221125,0.07626256806269828,0.045625077969447106,0.0765169730155245,0.26176823444047226,0.9651307639060719,0.005196248243802858,0.0013108050734053247,0.005796248243802858,0.00019485930914260718,liquid,False,101.69740458827255
0.05639772214112309,1.000369076590797,3056.5953411774913,901.0934712172893,1.4402086901916618,1297.76264792211,3294358.895548337,518.1042690056715,398.3425409569143,328.8553845438676,2638528.1183328102,235433.95033418192,986.4546604445651,5.212926717529827,13515.585170641154,3.2140345519483517,0.03913707221638862,47558.334805243874,0.3879377721206837,47409.60870475048,13.753804947633787,499.98637090932675,-0.40497459007055847,41470899.65464614,0.07943784492216237,0.0007705569285732892,3.635357647601512e-05,2.1092770586393795e-05,5142.315855063287,0.07656883606879615,0.04554138428686124,0.07683447082886694,0.26547299838340715,0.964118295194798,0.005185730985468312,0.0013104698473104335,0.005785730985468312,0.0001944649119550617,liquid,False,101.64382995241243
0.056609294590229356,1.0003718509193833,3056.594284333279,904.1244040497228,1.440098483936164,1302.0281835616934,3304665.9710007384,518.5033176993338,398.4001158020319,328.78354557600994,2638656.7189217806,235133.99990007264,986.4897752886255,5.223485160110741,13524.583920751524,3.2180219699310855,0.039136778687703384,47621.07123548672,0.38774839326102534,47469.5314674593,13.757609783902728,499.989003587002,-0.4051481521522035,41521476.14533045,0.0795893180539629,0.0007680325300367183,3.634352244712098e-05,2.1066144305332086e-05,5152.914701821115,0.07687477739991067,0.04545650420707984,0.07715196864220936,0.2692002436400201,0.9630842272741018,0.005175064640065219,0.001310128653720879,0.005775064640065219,0.00019406492400244571,liquid,False,101.5888877849701
0.0568250314917702,1.000374690552978,3056.5932026180485,907.213708400309,1.4399861981577877,1306.3752188759888,3315166.5059589287,518.9099565968072,398.4590967706738,328.7116343003578,2638785.8869817653,234833.66162779997,986.5248939623987,5.234237546854928,13533.945052072087,3.2220216065018374,0.039136425077496324,47685.437613385075,0.3875541602042461,47530.9980971686,13.761489584815955,499.99163616546707,-0.405321880399932,41572698.95700718,0.0797438364390857,0.0007654768595965902,3.633327605404622e-05,2.103890177007601e-05,5163.705640885063,0.07718038878594057,0.04537044374418414,0.07746946645555178,0.2728908009977146,0.9620450149191698,0.005164249963345312,0.0013097814588540558,0.0057642499633453114,0.0001936593736254492,liquid,False,101.53253939479328
0.05704494948001259,1.0003775963372943,3056.5920957100643,910.3615517174828,1.4398718372980537,1310.8039600769591,3325860.8412075005,519.3241727383984,398.51946727337685,328.6396026373821,2638915.6345776496,234532.92934804157,986.5600401928915,5.245183691535441,13543.656009567225,3.2260361883670052,0.03913601548799043,47751.40410536184,0.38735521191920863,47593.97944646801,13.765444104205445,499.9942890511595,-0.405495956917422,41624578.833306044,0.0799013692012735,0.0007628905850584161,3.632283827640885e-05,2.1011060886908267e-05,5174.688633540304,0.07748567025531448,0.04528322017353705,0.07778696426889421,0.2765956430999077,0.9609863943980417,0.005153289126194721,0.0013094282736368058,0.0057532891261947204,0.00019324834223230204,liquid,False,101.47482177778267
0.05726917664508771,1.0003805706148927,3056.5909627174146,913.56969439821,1.4397553406628298,1315.3168465775323,3336754.667499848,519.7461893974973,398.5812748920959,328.5674986653424,2639045.9728200426,234231.79658350188,986.5951899746517,5.256329275904901,13553.737422609951,3.2300630939746173,0.03913554554057183,47819.04395341947,0.38715132878597586,47658.54446549354,13.769475599106359,499.99694183611547,-0.4056701996228392,41677120.888451174,0.08006202435217809,0.0007602730875089224,3.6312203496874646e-05,2.098259632591245e-05,5185.869180530719,0.07779060937828235,0.04519480717101777,0.07810446208223663,0.28031162292861306,0.9599090550938287,0.005142178820626866,0.0013090689311631735,0.005742178820626866,0.00019283170577350748,liquid,False,101.41566694401956
0.05749772771328177,1.0003836142549847,3056.58980330946,916.838271772318,1.439636713074213,1319.9140359949417,3347848.1900221393,520.1759924671837,398.64450779150854,328.49529824232263,2639176.9138860637,233930.2570436234,986.6303553569497,5.267674024172579,13564.1814208387,3.2341037204966363,0.039135017965706814,47888.338390616234,0.3869426098257496,47724.674469421625,13.773583853420249,499.9996149252167,-0.4058447359023174,41730330.34903629,0.08022577731880941,0.0007576250973391666,3.63013726362758e-05,2.0953521655568853e-05,5197.247094373965,0.07809520676967442,0.04510522396788841,0.07842195989557905,0.28398120406254523,0.9588298471257488,0.0051309214633134155,0.0013087034477474294,0.005730921463313415,0.0001924095548742531,liquid,False,101.35510713370815
0.05773064106603607,1.0003867284598165,3056.588617028717,920.1677558675037,1.4395159468278915,1324.5961583281057,3359142.7475635367,520.6136132936776,398.70916261386594,328.4229776323878,2639308.4700629683,233628.30440347394,986.6655472807548,5.279218843124297,13574.982834303595,3.2381594594569494,0.03913443496516317,47959.27971607993,0.38672911819346584,47792.36130754203,13.777769100434584,500.002287912044,-0.40601954785776573,41784211.95391894,0.08039263134286496,0.0007549470785587901,3.629034543656482e-05,2.092384583312463e-05,5208.823349066108,0.07839946062059433,0.04501448079777748,0.07873945770892149,0.2876800988315558,0.9577265584373581,0.005119518340250057,0.0013083318025798908,0.005719518340250057,0.00019198193775937718,liquid,False,101.29312529817804
0.05796805732136532,1.0003899158284697,3056.58740288564,923.5600772017597,1.4393929772823202,1329.3658892225303,3370644.5847084583,521.0592897942515,398.77528367284305,328.35056036612684,2639440.6534316586,233325.93202768266,986.7007550150047,5.290969871089749,13586.158048252833,3.2422290459759577,0.03913379359228726,48031.932928150745,0.38651067077031454,47861.66599517202,13.78203369196931,500.00500160321155,-0.40619472608866986,41838783.87036851,0.08056268067331782,0.0007522383477018825,3.627911607060911e-05,2.0893547669253167e-05,5220.603966565897,0.07870335738437452,0.04492254883227678,0.07905695552226391,0.29138424432926596,0.956606095609192,0.005107965828752175,0.0013079538131686849,0.005707965828752175,0.00019154871857820658,liquid,False,101.22971793036851
0.058209979153961165,1.0003931771413759,3056.5861605834816,927.0151919552811,1.4392678153340854,1334.2231301069853,3382353.2658435926,521.5129861494743,398.84286015964034,328.27804705303345,2639573.4763649125,233023.1335253489,986.7359768097282,5.302926222740826,13597.702870520285,3.2463125110614963,0.03913309539776367,48106.28580947825,0.38628734177144675,47932.57598136977,13.786377239572936,500.0076947864699,-0.4063700526287175,41894035.30253866,0.08073591482457722,0.0007494998231066602,3.6267685941799214e-05,2.0862638394161744e-05,5232.588086346092,0.07900689978230536,0.04482945354160214,0.07937445333560633,0.2950378067118382,0.9554855794886011,0.005096267129501486,0.0013075695182789347,0.005696267129501486,0.00019111001735630574,liquid,False,101.16483462682959
0.058456458730581924,1.0003965138651107,3056.584889564145,930.5337615067995,1.439140445550314,1339.1687721345052,3394270.7334856936,521.9747611666953,398.91189818157034,328.20543708193685,2639706.951497746,232719.90242019662,986.7712141111033,5.315089464378296,13609.61832021308,3.2504099374980955,0.03913234096785815,48182.34847391552,0.3860591339841323,48005.09996820202,13.790800291619941,500.0104286693506,-0.40654574549517924,41949976.629300125,0.08091233908137513,0.0007467318689085745,3.625605399447542e-05,2.0831120040628758e-05,5244.777283873705,0.07931008503434951,0.04473520158291708,0.07969195114894875,0.2987244368065889,0.9543394107206232,0.005084423079061827,0.0013071788787417007,0.005684423079061827,0.00019066586546481854,liquid,False,101.09853048778024
0.05870764014519328,1.0003999287449916,3056.5835887824783,934.1177561949823,1.4390108055941506,1344.205544861942,3406403.350574998,522.444845198545,398.98243019125493,328.1327069199018,2639841.0921358652,232416.2319397837,986.8064772837433,5.3274656827622735,13621.91062779386,3.254522720698829,0.03913153039706964,48260.16113043756,0.38582595961274213,48079.27530681436,13.79530503422382,500.0131624452575,-0.40672171409949454,42006627.25419424,0.08109204602316361,0.0007439338454021227,3.62442148803223e-05,2.079898238104825e-05,5257.177643256671,0.07961289957956708,0.04463976531736207,0.08000944896229119,0.30241616340591476,0.9531759880058073,0.005072430204231681,0.0013067817113235018,0.005672430204231681,0.00019021613265868807,liquid,False,101.03073225400254
0.05896353302192126,1.000403422734956,3056.5822578757216,937.7672239979903,1.4388789026072,1349.3334741672286,3418750.9562993646,522.9232167633504,399.05445238268254,328.05988030144965,2639975.911034929,232112.1155441985,986.8417551037616,5.340054311892224,13634.58105648675,3.2586495773644244,0.03913066376105594,48339.726290256185,0.38558784230778625,48155.10335617751,13.799891253427736,500.01591651431306,-0.4068979764040509,42063980.898810215,0.08127502160396008,0.0007411066420161054,3.623216957422079e-05,2.0766230997440408e-05,5269.788569497133,0.07991534609681006,0.04454316912440827,0.08032694677563361,0.30605892490786235,0.9520125705494877,0.005060291568625745,0.0013063780471749913,0.005660291568625745,0.00018976093382346547,liquid,False,100.96146413163052
0.05922419447614494,1.0004069974593937,3056.5808962257647,941.4828883485774,1.4387447212220144,1354.5535357323708,3431315.6813047444,523.4099356187894,399.12796587942535,327.9869334899795,2640111.4217726463,231807.5466081201,986.877058446534,5.352857019989489,13647.62583172345,3.2627919178209397,0.039129743121424594,48421.042815571134,0.3853448294948329,48232.58204239664,13.804559456615719,500.0186704748122,-0.4070745144709268,42122044.56480149,0.08146128035228518,0.0007382506291708336,3.621991716370052e-05,2.0732873042562717e-05,5282.611790172107,0.08021742188470807,0.04444541972517364,0.08064444458897603,0.30972667161729917,0.9508256353763659,0.005048008016844612,0.0013059678433124612,0.005648008016844612,0.00018930030063167295,liquid,False,100.89070459538686
0.059489762020905966,1.0004106556821846,3056.5795027804843,945.2666151721061,1.438608201552192,1359.8683052400713,3444103.4802214582,523.9052232564568,399.2030105508654,327.91389001659917,2640247.63770856,231502.518246547,986.9123766405502,5.365879559839976,13661.060158335918,3.266948462497308,0.03912876595106439,48504.17177949525,0.3850967590047077,48311.76839341142,13.809311821726126,500.02146512375583,-0.4072514189821645,42180834.78888192,0.08165090846256223,0.0007353653262941957,3.620745236655112e-05,2.069889042058697e-05,5295.65294916862,0.08051911467146079,0.04434649454591979,0.08096194240231847,0.3134053778643935,0.9496194338395127,0.0050355767121886535,0.0013055509319183467,0.005635576712188653,0.0001888341267070745,liquid,False,100.81845457289046
0.059760273330285496,1.0004143988329195,3056.578076996043,949.118843938203,1.4384693394995984,1365.2783565464092,3457115.501032363,524.4090988124008,399.2795798794481,327.8407263480686,2640384.5729511455,231197.02371749337,986.9477200065784,5.379122557568113,13674.877857062798,3.2711206194601115,0.03912773481822926,48589.10222899292,0.3848437120398656,48392.65091948637,13.814148453990143,500.0242596609234,-0.40742859929443437,42240352.86226871,0.0818439067567648,0.000732451368034272,3.6194775354073866e-05,2.0664294701766958e-05,5308.912743827804,0.0808204245474171,0.04424640918408198,0.08127944021566089,0.31704282387605337,0.9484112229558957,0.0050229996146893925,0.0013051273038131792,0.005622999614689392,0.00018836248555085223,liquid,False,100.74467978147533
0.06003578065945006,1.000418228570732,3056.5766182412035,953.0402193495393,1.43832812117859,1370.7845481046543,3470353.556695076,524.9216171008438,399.3576831723108,327.7674664231947,2640522.2411506474,230891.0562529102,986.983076828861,5.392587459055288,13689.084583001137,3.2753070867250242,0.039126649051739154,48675.85536677021,0.38458565626373636,48475.24863427554,13.819069887816259,500.0270540863253,-0.40760600067663144,42300596.71448722,0.08204029792105842,0.0007295092444561563,3.6181885181782804e-05,2.0629084495152586e-05,5322.392562407118,0.08112135013656704,0.04414517424532221,0.08159693802900331,0.32068475678449043,0.947185983197636,0.00501027805709362,0.0013046969280216267,0.0056102780570936196,0.00018788542714101076,liquid,False,100.66937091401451
0.060316403741433655,1.000422147529917,3056.575125513325,957.0323430990981,1.4381845013723038,1376.389083157144,3483822.6989604807,525.4429466897818,399.4373358430513,327.69406195351297,2640660.657361929,230584.60887791496,987.0184710532428,5.406278823392015,13703.677478991542,3.279510686184495,0.03912551116899637,48764.44371539359,0.384322605819644,48559.57234854451,13.824077656343798,500.02988919204427,-0.4077838780624873,42361594.406239435,0.08224012216233648,0.0007265387471006473,3.61687783033071e-05,2.0593262082753355e-05,5336.097058351912,0.08142188197493665,0.0440427762838049,0.08191443584234574,0.32434982301376525,0.9459372031540673,0.004997410349747806,0.001304259669739892,0.005597410349747806,0.00018740288811554273,liquid,False,100.59255334899296
0.060602231766533184,1.0004261579643432,3056.5735979547203,961.0963779729834,1.4380384466655813,1382.0935424761856,3497526.449781058,525.9732136168977,399.51856437498543,327.62056122539036,2640799.83550821,230277.67459382745,987.0538783800678,5.4201999128992195,13718.671269945306,3.28372872666475,0.039124318333060834,48854.91777504331,0.38405443203789585,48645.66881647472,13.829173030602272,500.0327241827322,-0.4079619765572203,42423340.082038775,0.08244344841819382,0.0007235400276947829,3.615545187651937e-05,2.0556814703744647e-05,5350.02934562248,0.08172201459246893,0.04393921405122811,0.08223193365568816,0.32798771418597894,0.944681988471812,0.004984396335785702,0.0013038154438367998,0.0055843963357857015,0.00018691486259196383,liquid,False,100.51415980774675
0.060893301221708974,1.0004302614254061,3056.572034975315,965.2327340799469,1.437889956550995,1387.898454067813,3511465.8222228233,526.5124243957271,399.6013547599358,327.5469161535334,2640939.7910623853,229970.2464928865,987.0893221787969,5.434351091369788,13734.053733131537,3.287964033793551,0.03912307485802187,48947.25100951261,0.3837812751487287,48733.51163561506,13.834355948224268,500.03557945277186,-0.4081404783828749,42485845.81105807,0.0826502510468762,0.0007205138078143142,3.6141906560108305e-05,2.0519760764976095e-05,5364.189935261809,0.08202174939631104,0.0438345060439229,0.08254943146903058,0.331596579944351,0.9434212782046044,0.004971238339524819,0.0013033642485704524,0.005571238339524819,0.0001864214377321807,liquid,False,100.43422469283604
0.06118970158523706,1.0004344602458979,3056.5704356874467,969.4425716188514,1.4377389984979125,1393.8053920205282,3525644.3058506027,527.0607020942534,399.6857323315867,327.4731746173475,2641080.538404858,229662.3175409251,987.1247792558123,5.448735560245652,13749.839312762755,3.292213922983341,0.03912177802688731,49041.49320493707,0.3835030112886826,48823.146796743415,13.839627645917442,500.0384549996745,-0.4083192740910762,42549109.80605613,0.08286058913854852,0.0007174602751036507,3.612813962863338e-05,2.0482088222685018e-05,5378.581887130784,0.08232108147986421,0.043728652199797095,0.08286692928237302,0.33524736683844775,0.9421301412373384,0.004957936353162424,0.0013029060013297618,0.005557936353162424,0.0001859226132435909,liquid,False,100.35272266808784
0.06149159968370385,1.0004387579065952,3056.5687987662554,973.7281444561172,1.43758550390072,1399.8174652102603,3540069.0755426157,527.6183009162532,399.7717318853713,327.39931287934274,2641222.0934154443,229353.88042047023,987.1602603973054,5.463360084704676,13766.034901381578,3.2964798305579106,0.03912042813852284,49137.68947973121,0.3832195512912468,48914.61587386946,13.844990531922253,500.04133042824554,-0.40849834569061616,42613155.26944386,0.08307455885767402,0.0007143788564245371,3.611414531827632e-05,2.044378724303153e-05,5393.211963861312,0.08261999638413119,0.04362162597713899,0.08318442709571544,0.33889174750068,0.9408253735289749,0.004944487041368658,0.0013024405022213188,0.0055444870413686575,0.00018541826405132466,liquid,False,100.26959854287423
0.061799004094471026,1.000443155686063,3056.567123725729,978.0894553726026,1.4374267677641506,1405.9319644204386,3554734.4975605337,528.1841098109076,399.8592066045654,327.3253067935462,2641364.472091166,229044.9285463088,987.1957774091477,5.478223604453476,13782.630047711697,3.3007632226830133,0.03911902871887746,49235.81226407107,0.382932085282933,49007.90536317623,13.850524756853437,500.0442261303451,-0.4086778206893583,42677984.27998927,0.08329199603804313,0.0007112719714088198,3.609971526548789e-05,2.0404871266981027e-05,5408.079210019592,0.08291849998358371,0.043513457960344,0.08350192490905786,0.3424860546197329,0.9395229121160427,0.004930894247491996,0.001301967797500074,0.005530894247491996,0.00018490853428094987,liquid,False,100.18501952577975
0.062112007690851304,1.0004476561014828,3056.565409608133,982.5277005005324,1.437268212483169,1412.1558318135988,3569654.6104431944,528.7603826949417,399.9484362786873,327.25120403636794,2641507.689674678,228735.4542593887,987.2313076925279,5.49332935578029,13799.639096955994,3.305061407121866,0.03911757718100874,49335.91154737536,0.3826383869693471,49103.033228893466,13.856069680477862,500.04716249444147,-0.40885766240682414,42743597.14123488,0.08351320078766926,0.0007081371456829402,3.6085268877108896e-05,2.03653406773978e-05,5423.186723492728,0.08321658781845229,0.04340414937925552,0.08381942272240028,0.3460958046350553,0.9381991760889655,0.004917158126079121,0.0013014878048270833,0.0055171581260791205,0.00018439342972796703,liquid,False,100.09872621575414
0.062430741353807946,1.00045226226928,3056.563655227556,987.0446101047,1.437107055822335,1418.48877359287,3584829.5479775425,529.3462286859426,400.0393087836004,327.17695713273815,2641651.7632006104,228425.45019180252,987.2668729103073,5.508682136638835,13817.059270139755,3.309377214694725,0.03911607621037879,49438.0012498965,0.38233953159598366,49200.02534580724,13.861708061273712,500.0500987351529,-0.40903783481579303,42810013.51652292,0.08373810829547962,0.0007049756181482594,3.607059085286034e-05,2.032519278133296e-05,5438.539386896292,0.0835142508456956,0.04329368919563013,0.08413692053574272,0.34972698937913693,0.93685166002938,0.004903277290023453,0.0013010003857434468,0.005503277290023453,0.0001838728983758795,liquid,False,100.01078995155251
0.06275531490980535,1.0004569770604876,3056.561859491617,991.6416106900564,1.4369432602537489,1424.9327290682484,3600263.631275384,529.9417897641383,400.1318424878242,327.10256587693834,2641796.709366171,228114.90892346916,987.302473369333,5.524285778017224,13834.895731270253,3.313710734632669,0.03911452603078518,49542.11124156661,0.3820354775224186,49298.90857961372,13.867441235500484,500.05305524176407,-0.40921841070773235,42877245.9793342,0.08396676486662938,0.0007017875157193503,3.605567829773859e-05,2.0284424722812707e-05,5454.1410122354355,0.08381148301088197,0.043182074835844846,0.08445441834908514,0.3533341322576012,0.9354971891896672,0.00488925141591399,0.0013005054364440562,0.0054892514159139896,0.00018334692809677462,liquid,False,99.92121275393987
0.06308578114072459,1.0004618025675183,3056.5600216045536,996.3193164943127,1.4367768171605422,1431.4884964282655,3615958.434875165,530.5471029556002,400.22604116182714,327.02805420893714,2641942.544716732,227803.8231225091,987.3380974232648,5.540141356471912,13853.152829697789,3.3180606484907416,0.03911292650478791,49648.258833119,0.3817262173559218,49399.69779773294,13.873269543326975,500.05603201169936,-0.4093993353705499,42945290.64460338,0.084199184138705,0.0006985735494872081,3.6040530924485596e-05,2.024303881563203e-05,5469.992626354923,0.08410828597015602,0.04306932413322565,0.08477191616242756,0.3569111453203555,0.9341383379061755,0.004875082744752568,0.0013000029419923697,0.005475082744752568,0.0001828156029282213,liquid,False,99.82999084987222
0.0634222430276161,1.0004667416618664,3056.5581404739382,1001.0790484831336,1.436607693773334,1438.1578631261584,3631917.895220506,531.1622932296596,400.32191964611246,326.953422331782,2642089.2864664705,227492.18533256275,987.3737443473638,5.556252289343982,13871.834831456621,3.322427019597159,0.03911127807234083,49756.47021707542,0.3814117235698291,49502.416270847,13.879194149890509,500.05900865483585,-0.4095805360330518,43014154.197097205,0.08443541348223475,0.0006953339585588163,3.602514631614577e-05,2.020103411778145e-05,5486.09762746818,0.08440465527301161,0.042955438391478924,0.08508941397577,0.36050820590340454,0.9327560417795794,0.004860771440367762,0.001299492812716274,0.005460771440367762,0.00018227892901379107,liquid,False,99.73708900872339
0.06376485217259682,1.000471797991432,3056.5562147117134,1005.9228098322584,1.4364358342813648,1444.9435705640547,3648148.2209920944,531.7875695472612,400.4195030842195,326.87864589409884,2642236.952706166,227179.9879002142,987.4094264087814,5.572624219357692,13890.945384246465,3.3268113439431093,0.03910958187768041,49866.77879738669,0.3810919544086869,49607.09407507666,13.8852170059854,500.0620259445028,-0.4097622130543058,43083862.32994517,0.08467551476824008,0.0006920685488151177,3.6009520037351134e-05,2.0158407152141872e-05,5502.461684027662,0.08470058047183779,0.042840403581008844,0.08540691178911242,0.3641186232133271,0.931352579976687,0.004846315739748567,0.0012989748877087939,0.005446315739748566,0.00018173684024057126,liquid,False,99.6425228602833
0.0641137055261752,1.0004769744650492,3056.5542432113857,1010.8518250839571,1.436261210550446,1451.8472659822119,3664652.985772997,532.4230404062714,400.51880293893737,326.80372509840964,2642385.561453927,226867.22319455573,987.4451428483094,5.589260155588988,13910.487662892121,3.331213694956786,0.039107838628579625,49979.2066661362,0.3807668982847442,49713.750471795756,13.891339111378251,500.06506348966843,-0.4099442936716007,43154420.26086174,0.08491952767806267,0.0006887776858011813,3.599365014352398e-05,2.0115159096019778e-05,5519.087792751932,0.0849960585891646,0.04272422524420143,0.08572440960245484,0.3676999038084761,0.9299445041179809,0.0048317163393717475,0.0012984490913548242,0.005431716339371747,0.00018118936272644055,liquid,False,99.54626055073106
0.0644688800419962,1.0004822737506338,3056.5522249582973,1015.8670315514042,1.4360838042640478,1458.870191296766,3681434.7778936443,533.0687787571815,400.61982824310456,326.72868408969356,2642535.1306427266,226553.88359953716,987.4808815299177,5.6061621607978624,13930.467976182872,3.335632734900367,0.039106047966805633,50093.780118666706,0.38043652592869226,49822.40862653769,13.8975611494271,500.0681009028107,-0.41012665035138035,43225824.792539775,0.08516748484412986,0.0006854619458028108,3.597753552756352e-05,2.0071289758306753e-05,5535.977952544342,0.08529108966930629,0.042606916341559935,0.08604190741579727,0.37125859991609,0.9285295105640664,0.004816974867902181,0.001297915380131052,0.00541697486790218,0.00018063655754633177,liquid,False,99.44827265970616
0.06483049003565781,1.0004876991311915,3056.5501587036074,1020.9698893370459,1.4359035808743914,1466.0143200639952,3698497.9317607856,533.7249167241589,400.7225898625477,326.65349851586876,2642685.67935194,226239.96138605458,987.516654684962,5.623333912626625,13950.885458453131,3.340069970537576,0.039104211936068736,50210.514077455984,0.38010085685614814,49933.08091832852,13.90388431177251,500.0711789519194,-0.4103094834970335,43298095.06473078,0.08541941455464774,0.0006821215770636862,3.596117378340431e-05,2.0026803505988722e-05,5553.1358935735425,0.08558566927399401,0.042488478254089766,0.0863594052291397,0.3748286005925102,0.9270941269244782,0.004802091498882119,0.001297373656355175,0.005402091498882119,0.0001800784312080795,liquid,False,99.34858908937173
0.06519868367123441,1.0004932544687521,3056.5480429780487,1026.1623300499912,1.435720489434927,1473.2822827390582,3715848.333444788,534.3916463529195,400.8271092353401,326.57814484156995,2642837.22707564,225925.44866727435,987.5524723755252,5.640780664212659,13971.742669192721,3.344526885541257,0.03910233199173822,50329.437976987356,0.37975986765459935,50045.79341656872,13.910310377423206,500.07425686546424,-0.4104927022333328,43371246.395554945,0.0856753873189501,0.0006787565504017643,3.594456100789188e-05,1.9981699394317702e-05,5570.566891071268,0.08587978889646739,0.042368902421421425,0.08667690304248211,0.3784170307764429,0.9256352147678591,0.00478706515658381,0.0012968237742945238,0.00538706515658381,0.0001795149433718929,liquid,False,99.24714763012412
0.06557359647232723,1.0004989435133553,3056.54587635511,1031.4461001876764,1.4355344811342006,1480.6764422508106,3733491.19852574,535.0691431598598,400.93341644225416,326.5026705412736,2642989.792725231,225610.3374820097,987.5883127130965,5.658507174869085,13993.056594251837,3.349000749869275,0.03910040550003737,50450.61537501189,0.3794134157376494,50160.60437567847,13.916841135046038,500.077375407821,-0.4106763427651112,43445285.34552644,0.08593547421389366,0.000675366995425332,3.592769329965812e-05,1.9935963939160054e-05,5588.27555330391,0.08617344209571193,0.04224818570426347,0.08699440085582454,0.38198451278459217,0.9241687248509969,0.0047718954465122525,0.001296265610079493,0.005371895446512252,0.00017894607924420948,liquid,False,99.14395896556687
0.06595530619479809,1.0005047692090039,3056.5436577153478,1036.822126228348,1.435345544181823,1488.198018990983,3751429.019222654,535.757464379215,401.04150852590004,326.42705207996454,2643143.3965234235,225294.6199401627,987.6241857696255,5.676515201262015,14014.822134963531,3.353493045064594,0.039098435327609794,50574.04347405203,0.3790615784571656,50277.50918403972,13.923476975909928,500.0804938110278,-0.4108603141881544,43520215.79801378,0.08619968790214193,0.0006719535889975264,3.591057038878207e-05,1.988960901661858e-05,5606.2637036553,0.08646663051190476,0.04212634453937374,0.08731189866916697,0.3855238199644947,0.9226978835133328,0.004756584434171358,0.0012956991282983403,0.005356584434171358,0.00017837191628142593,liquid,False,99.03898528512775
0.06634393990084483,1.0005107353183216,3056.5413856276614,1042.2920237711219,1.435153640265385,1495.8491921347008,3769666.554079121,536.4567581796937,401.1514021245258,326.35128904720455,2643298.058807948,224978.28802069975,987.6600923741639,5.694808855453276,14037.044222485909,3.358003874742116,0.03909642210588582,50699.753632572225,0.37870432564720896,50396.53549965089,13.930219261025057,500.08365283579946,-0.4110447622220441,43596052.68267675,0.08646807043558394,0.0006685165892779051,3.589318952063698e-05,1.9842633825631273e-05,5624.53544023019,0.0867593497225448,0.04200338038880868,0.08762939648250939,0.38905846921054704,0.9212130630508589,0.004741132303288554,0.0012951242224984718,0.005341132303288554,0.00017779246137332078,liquid,False,98.93225071127364
0.06673962808998868,1.0005168457359839,3056.5390586107706,1047.8574501950266,1.434958730800613,1503.632196791822,3788208.683810531,537.1671723921031,401.26310982139455,326.2753577027048,2643453.8007286284,224661.33362530507,987.6960430718206,5.713392292268612,14059.722610250134,3.36253474631131,0.03909436792885072,50827.76450903127,0.37834167334378527,50517.69891454538,13.93706932726749,500.0868320972094,-0.4112296687992611,43672809.66968202,0.08674066799142381,0.0006650562565324278,3.587554802656853e-05,1.979504255907574e-05,5643.094959590746,0.08705159530778887,0.04187929473389767,0.08794689429585181,0.3926167126605486,0.9197021892654297,0.004725539240013181,0.0012945407838959636,0.005325539240013181,0.0001772077215004943,liquid,False,98.82372227581487
0.06714256282652781,1.0005231053981225,3056.536674786907,1053.5209211189358,1.434760745564083,1511.5504622519638,3807063.10165827,537.8889705042684,401.37667159924894,326.19928198788193,2643610.643268317,224343.74842043992,987.7320262967081,5.73227264114847,14082.8738166698,3.367084322283225,0.039092270980624774,50958.14811601362,0.3779734673221273,50641.0653700409,13.944029703532749,500.0900315924918,-0.411414979205142,43750501.40783014,0.08701758789390492,0.0006615723556527269,3.585764019660141e-05,1.9746819951216842e-05,5661.949271126761,0.08734335511004564,0.04175407112533964,0.08826439210919425,0.39617628364465035,0.9181744672324065,0.004709803177265105,0.0012939486161910457,0.005309803177265105,0.00017661761914744144,liquid,False,98.71335999324288
0.06755283749939386,1.0005295178016818,3056.534232826514,1059.283557354694,1.434559665604325,1519.6054658189096,3826232.843040066,538.6222292801704,401.49209067951034,326.12306190115424,2643768.608140927,224025.52418382125,987.7680418138979,5.751452213896754,14106.498736562979,3.37165268983211,0.039090132698999816,51090.91915467846,0.3775997333145524,50766.6465265485,13.95110105657567,500.09325131886334,-0.41160069346908074,43829132.341724075,0.08729884984279285,0.0006580655456257548,3.583946514130736e-05,1.9697972358230288e-05,5681.100690907005,0.08763463061415111,0.041627725158450354,0.08858188992253667,0.3997019723622933,0.9166451512388492,0.004693926074809502,0.0012933476714157316,0.0052939260748095015,0.00017602222780535633,liquid,False,98.601160639353
0.0679705794975082,1.0005360870526856,3056.5317311682084,1065.1469511864523,1.4343554558691278,1527.7993407366555,3845722.487893902,539.3670843765562,401.60938023445283,326.0466974410797,2643927.7175019123,223706.65259785988,987.8040893876159,5.770934873585077,14130.601476115042,3.3762399366804194,0.03908795401490647,51226.10640802348,0.3772204566082456,50894.46729161361,13.958284626777946,500.0964912735237,-0.4117868116205347,43908711.79722291,0.08758449816642382,0.0006545362164627144,3.5821020517147695e-05,1.9648501167528283e-05,5700.553067716944,0.08792541929045683,0.04150026276706996,0.08889938773587909,0.4032158396621954,0.9151049047215902,0.004677908678314716,0.0012927378541767775,0.005277908678314716,0.00017542157543680185,liquid,False,98.4871110390709
0.0683959341456956,1.000542817629634,3056.529168108902,1071.11293937686,1.4341480714184676,1536.1345562786896,3865537.408784891,540.1236924393638,401.7285496599771,325.9701407186664,2644087.994764579,223387.1252454713,987.8401913087223,5.790725128026151,14155.176671790301,3.380849037729598,0.039085738603617026,51363.71757013841,0.3768357008724325,51024.53262685977,13.965581924167921,500.0997514536552,-0.4119734431822356,43989261.788081035,0.0878745687392341,0.0006509846392769888,3.580230331360076e-05,1.959841567414164e-05,5720.311018285578,0.08821571674001868,0.04137168551867919,0.08921688554922153,0.406724718803393,0.9135507665774798,0.004661751184756187,0.0012921190458332788,0.005261751184756187,0.00017481566942835703,liquid,False,98.3712017936781
0.06882905078087213,1.0005497141723338,3056.526541884237,1077.1834070099571,1.4339374670524392,1544.6136461987746,3885683.0889360723,540.8922287350779,401.8496256246278,325.893439619296,2644249.462335971,223066.93362702054,987.8763247666723,5.810827861909697,14180.241064710402,3.385477208244077,0.039083484241596904,51503.81716623661,0.37644533625148063,51156.90101479443,13.972994614641348,500.1030318564231,-0.4121604786923648,44070784.0044807,0.0881691391862013,0.0006474110872067947,3.578331014856931e-05,1.954770480938247e-05,5740.379272075132,0.08850551856772268,0.04124199500127524,0.08953438336256395,0.410246516981524,0.9119746681265484,0.004645453793687527,0.001291491125117927,0.005245453793687527,0.00017420451726328227,liquid,False,98.25340623179534
0.06927012147201635,1.0005567821089942,3056.5238504297886,1083.3608293363286,1.4337235821428447,1553.239968989324,3906166.956905733,541.6729356368655,401.97263846120103,325.8165939367183,2644412.1440048674,222746.0690545375,987.9124900530801,5.831249745398266,14205.804300552543,3.3901245469841306,0.03908119109696779,51646.4590889078,0.37604927942502897,51291.62079380282,13.980524866006393,500.1063528527047,-0.4123479910871581,44153298.618883856,0.08846829294958068,0.0006438155210818382,3.5764036385768935e-05,1.9496361872051087e-05,5760.764456097791,0.08879481520639995,0.04111118143109275,0.08985188117590637,0.41377516848443335,0.9103791023225868,0.00462901527564452,0.00129085391240775,0.005229015275644519,0.0001735880728366695,liquid,False,98.13371439150364
0.06971929209026065,1.0005640262423348,3056.521091919497,1089.6470252105032,1.4335063677262327,1562.0159492132032,3926994.2189932284,542.4659563293135,402.09759455031974,325.73955598581136,2644576.0648652758,222424.52283150202,987.9487088571052,5.851995070964103,14231.860175691852,3.394794041093719,0.039078863107483805,51791.64844178878,0.37564761041113176,51428.69425169487,13.988174290928072,500.1096940639595,-0.41253601700019676,44236824.44449063,0.08877206418649942,0.0006401983286429988,3.5744478843409275e-05,1.9444398006800344e-05,5781.470974597129,0.08908360386280649,0.04097925023949257,0.0901693789892488,0.4172798482912694,0.9087780412234965,0.004612436313152102,0.0012902072986413313,0.0052124363131521015,0.00017296636174320382,liquid,False,98.01209951363978
0.07017669743795169,1.0005714513007646,3056.518264555774,1096.0436504569175,1.4332857770990688,1570.943775279643,3948169.481916612,543.2714227241495,402.22451186528224,325.6623736529574,2644741.2489159373,222102.28623506613,987.9849584339505,5.873067802903882,14258.423239866586,3.399482888205235,0.03907649857410576,51939.441254046425,0.37524023627672004,51568.17160679878,13.995944533188641,500.1130554872838,-0.4127244469672812,44321359.861913174,0.08908051319312985,0.000636560019356511,3.57246342906224e-05,1.9391806396101882e-05,5802.502649131765,0.08937188382622477,0.040846211223615064,0.09048687680259122,0.42076646016465497,0.9071689952817532,0.004595718137355238,0.0012895511938538931,0.005195718137355238,0.00017233943015082143,liquid,False,97.88854362200158
0.07064250417778181,1.0005790626389546,3056.515366302746,1102.5527979863512,1.433060777432447,1580.0251698426403,3969690.903724263,544.0927926043678,402.3533538822862,325.58502278724,2644907.721907974,221779.35106371748,988.0212502785557,5.894473109226754,14285.494198779481,3.4041926487400103,0.039074099831191804,52089.863647505445,0.37482264997593095,51710.00654956824,14.003480398662765,500.1164574905408,-0.4129134086954808,44406925.33569166,0.0893935095419376,0.0006329013101098847,3.5705409352931046e-05,1.933861677316592e-05,5823.864691111544,0.08965965072873204,0.04071206606330812,0.09080437461593364,0.424247731719814,0.9055461678625738,0.004578860959349841,0.001288885465659202,0.00517886095934984,0.00017170728597561903,liquid,False,97.7631036082546
0.07111688367136773,1.0005868658096913,3056.5123950493003,1109.1766168382674,1.4328315034012542,1589.2631994418914,3991564.3725198507,544.930692332226,402.484143911399,325.5074796470326,2645075.510216039,221455.70904439923,988.0575947787,5.916216293964872,14313.073952649045,3.408924878489004,0.03907166920769549,52242.942808247884,0.3743943861526777,51854.213360185866,14.010744439828954,500.1198796980193,-0.4131028840517471,44493537.21579918,0.08971110462987619,0.0006292223971153264,3.5686897448405965e-05,1.9284835989196763e-05,5845.562441605486,0.08994690020768877,0.04057681646032691,0.09112187242927607,0.42772359440102875,0.9039095788809101,0.004561864992984773,0.001288209978701312,0.005161864992984773,0.000171069937236929,liquid,False,97.63573578662033
0.0716000121342423,1.000594866572368,3056.509348605875,1115.9173139248114,1.4325986873925947,1598.6616791673548,4013803.9646724565,545.7817712969586,402.61695087506524,325.42979211964547,2645244.639605682,221131.35118130248,988.0939692559781,5.938302993115427,14341.18027332718,3.4136767572517663,0.03906920466024838,52398.749860400014,0.3739601811929784,52000.92903264979,14.018122443922135,500.12332210674646,-0.4132927635694024,44581198.77987239,0.09003355841755913,0.0006255232192222428,3.566811475646555e-05,1.9230425659744093e-05,5867.601375112078,0.0902336279060222,0.04044046413861268,0.0914393702426185,0.431202151590692,0.9022553432723786,0.004544730454896879,0.0012875245945788358,0.005144730454896879,0.00017042739205863297,liquid,False,97.50637123168121
0.07209208943730097,1.0006030712137595,3056.5062245823246,1122.7774156025207,1.4323622700612877,1608.2240077859724,4036417.056846616,546.6462565026818,402.7517927832088,325.351912313769,2645415.138126242,220806.26833584625,988.1303958088517,5.9607395697165835,14369.810474513886,3.418451317980966,0.03906670978795687,52557.30740924843,0.37352006972108015,52150.171710411545,14.025616248571385,500.1267847137325,-0.4134831567791386,44669937.10882803,0.09036092992503691,0.0006218039248006819,3.56490574915686e-05,1.917539227968361e-05,5889.987950337532,0.09051982697253894,0.04030300566435947,0.09175686805596092,0.43469119193685374,0.9005795731930174,0.004527456913581377,0.001286829145472539,0.005127456913581377,0.00016977963425930166,liquid,False,97.37499193052366
0.07259332069916842,1.00061148625528,3056.5030204994173,1129.7595098511429,1.4321221886174407,1617.9536618593856,4059411.1660038694,547.5243879848676,402.88869894449283,325.27386396708124,2645587.033361788,220480.4512485254,988.1668634923819,5.983532720507664,14398.978749435626,3.423247211076039,0.039064183836168845,52718.68208998257,0.37307394263623456,52302.000863434034,14.033227873898724,500.1302878827243,-0.4136740819207256,44759766.18540015,0.09069330588522997,0.0006180646724151417,3.562972143636185e-05,1.9119727419436668e-05,5912.728761028097,0.09080549056422306,0.04016443782409596,0.09207436586930334,0.43816551652321384,0.89889430976614,0.004510043965221551,0.0012861234606709956,0.005110043965221551,0.00016912664869580816,liquid,False,97.24158893823147
0.07310385932040639,1.0006201174938438,3056.499734154038,1136.865453211317,1.4318784082571772,1627.8530955467947,4082791.37622945,548.4163036537916,403.0276748584703,325.1956233375498,2645760.354227978,220153.89068228193,988.2033826435586,6.006686540931833,14428.682897362103,3.4280660086472223,0.03906162982141563,52882.88928760551,0.3726218540009954,52456.427608516,14.04095839564326,500.1338112418967,-0.4138655208343205,44850698.05336455,0.09103072089026655,0.0006143060468635843,3.561010480275648e-05,1.9063440756260262e-05,5935.827958228373,0.09109061949634277,0.04002477317550863,0.09239186368264578,0.44161721277008836,0.89720356518751,0.0044924931878628244,0.001285407446478987,0.005092493187862824,0.00016846849454485593,liquid,False,97.10613638342642
0.0736239025487295,1.0006289716078958,3056.4963630076923,1144.0977020363725,1.4316308728408447,1637.9255917815367,4106564.6921758405,549.3222198225812,403.16874476584997,325.1172141631491,2645935.129547496,219826.57725864928,988.2399423383716,6.0302071721985415,14458.935725739315,3.4329063558796555,0.03905904731784412,53049.99040555638,0.37216371525276765,52613.50623704153,14.048809618046485,500.1373751528803,-0.41405749177355705,44942744.66937544,0.09137325106390545,0.0006105283445216345,3.559020398124848e-05,1.9006526489503738e-05,5959.291588141922,0.09137520944822537,0.03988401354205132,0.0927093614959882,0.4450631180027183,0.8954992021178458,0.004474804810647166,0.0012846809515816818,0.005074804810647166,0.00016780518039926872,liquid,False,96.96863038703032
0.07415365335538115,1.0006380555316314,3056.492904424805,1151.4587802608753,1.4313795264855373,1648.174523657426,4130738.3101858813,550.2423521353212,403.3119262764552,325.0386127016161,2646111.389692217,219498.50149826685,988.2765528881567,6.054100781610808,14489.739000177313,3.437769833214058,0.03905643883621964,53220.0191770988,0.3716995324747048,52773.2648782829,14.05678329059514,500.14095924582773,-0.4142499765652028,45035924.33792491,0.0917209621188428,0.0006067318634321098,3.557001553367697e-05,1.8948988703018774e-05,5983.125851287825,0.0916592561066289,0.03974216077095717,0.09302685930933062,0.448503157746883,0.8937812470012305,0.004456979065704737,0.0012839438212053312,0.005056979065704736,0.00016713671496392763,liquid,False,96.82903296937252
0.07469332063136913,1.000647376466379,3056.4893556684083,1158.9512815769615,1.4311243106124996,1658.603353880302,4155319.597533535,551.1769265019252,403.45724401204814,324.95984269117844,2646289.164918699,219169.653820128,988.3132033900031,6.0783738257915445,14521.105907094916,3.4426550805741734,0.0390538040237181,53393.03963445026,0.37122921566134814,52935.760007494435,14.064881292370423,500.14458388021836,-0.41444299347676383,45130249.69615225,0.09207393323790568,0.0006029169045513506,3.554953572706141e-05,1.8890821627165152e-05,6007.33710716999,0.09194275516610932,0.039599216733558526,0.09334435712267306,0.45193725652610334,0.8920497274051816,0.0044390161881940945,0.0012831958970258045,0.005039016188194094,0.00016646310705727854,liquid,False,96.68733986817023
0.07524311939176843,1.000656941892564,3056.485713895603,1166.577871694353,1.4308651674534203,1669.215641729395,4180316.129657818,552.1261661221401,403.60471304854923,324.88085644349627,2646468.487509742,218840.02453827043,988.349915229572,6.103032727755178,14553.032804921619,3.447565177316947,0.03905114691805693,53569.07316320171,0.37075281758838863,53101.00787655644,14.073105410524425,500.148228688218,-0.41463657907476553,45225745.04264382,0.09243222252538139,0.0005990837702454954,3.5528761095335806e-05,1.883203426806311e-05,6031.931879120134,0.0922257023294023,0.03945518332561401,0.09366185493601548,0.45536533783573524,0.8903046720633037,0.004420916416343295,0.0012824370170741296,0.005020916416343295,0.00016578436561287356,liquid,False,96.54351563966878
0.075803270988475,1.0006667595822905,3056.4819761527983,1174.341290687738,1.4306020351492323,1680.015040417654,4205735.651780792,553.0903096500747,403.75436173134165,324.8017016426288,2646649.388900691,218509.603861918,988.386666401051,6.1280843471680795,14585.538971576269,3.4524972745828233,0.03904846578225756,53748.20127687327,0.3702701986503106,53269.081080423915,14.081457647657286,500.1519140271196,-0.4148306968884339,45322418.48455829,0.0927959229098447,0.0005952327663396386,3.55076876635129e-05,1.8772615928745472e-05,6056.916859321919,0.09250809330782034,0.03931006246764296,0.0939793527493579,0.45878732411592477,0.8885461109197145,0.004402679991491915,0.0012816670156389305,0.005002679991491915,0.00016510049968094682,liquid,False,96.39755229577793
0.07637400333181445,1.0006768376125739,3056.4781393706958,1182.2443554353783,1.4303348525585244,1691.0053058198096,4231586.128586018,554.0695933877369,403.90620897224284,324.72235434051396,2646831.902570615,218178.38189212081,988.4234676926555,6.153535516738026,14618.626777355654,3.4574529793794175,0.03904576328280445,53930.46267953716,0.36978136241410947,53440.01183405924,14.089939917967778,500.1556398905069,-0.4150254017263285,45420292.0624501,0.09316510168556046,0.0005913642000757614,3.5486311716800855e-05,1.871257070648072e-05,6082.298914024117,0.09278992382166557,0.039163856105267264,0.09429685056270032,0.4622146529134931,0.8867680726278202,0.0043843071581340124,0.0012808857231656424,0.004984307158134012,0.00016441151843002547,liquid,False,96.24943091826407
0.07695558010291004,1.0006871848968533,3056.474200161974,1190.2903629254724,1.4300635434819065,1702.1908541775656,4257877.038901511,555.0643092254159,404.06028242069374,324.64279079396243,2647016.0629379624,217846.34854889385,988.4603293144874,6.179394550233299,14652.30139696572,3.4624339040693033,0.0390430417316271,54115.90908449976,0.3692862787984135,53613.84440236264,14.098554618042696,500.1593859136214,-0.4152206753832346,45519390.03598324,0.09353985269872121,0.0005874781887975554,3.546462836411064e-05,1.8651898798660523e-05,6108.086372087755,0.09307118576142194,0.03901655891126391,0.09461434837604275,0.46563904837530673,0.8849747321975576,0.0043657972468309995,0.001280092926728696,0.004965797246830999,0.0001637173967561625,liquid,False,96.09910349292767
0.0775482231805107,1.0006978098191786,3056.470155341282,1198.4820159864983,1.429788051438794,1713.575266321773,4284615.847304584,556.0746772356679,404.21660507775266,324.5630586879294,2647201.903961764,217513.49372242863,988.4972293284665,6.205667951788459,14686.58096250668,3.4674371813586906,0.03904029979277384,54304.61858694391,0.36878482871399604,53790.6476421745,14.107303571090599,500.16317245039176,-0.4154164814077678,45619718.837722465,0.09392025984521589,0.0005835751832170886,3.5442634198687365e-05,1.8590592302442386e-05,6134.285576475351,0.09335187751865895,0.03886817807607742,0.09493184618938517,0.4690445657565222,0.8831744988020632,0.004347151161160783,0.0012792884761644381,0.004947151161160783,0.00016301816854352938,liquid,False,95.9465673726391
0.07815217057761036,1.0007087212624228,3056.466001533827,1206.8222253502797,1.4295083167348048,1725.1624079586297,4311810.665999865,557.1009295218564,404.37519097132594,324.48311033282755,2647389.4621595163,217179.80719378917,988.5341889942433,6.232362552343999,14721.461623758105,3.4724659299915843,0.039037541829532146,54496.61469178298,0.36827707351163474,53970.43901648106,14.116188623220381,500.1669791381664,-0.4156128563354941,45721303.28137427,0.09430638141403092,0.0005796555706214881,3.542032579371506e-05,1.8528661582586497e-05,6160.9034611994675,0.09363199630401686,0.038718718407739515,0.0952493440027276,0.4724392729726288,0.8813632244160712,0.004328369505318451,0.0012784722047456737,0.00492836950531845,0.0001623138564494419,liquid,False,95.79178816684049
0.07876767874264516,1.0007199286676267,3056.4617351528104,1215.3141400824234,1.429224271187997,1736.956466123769,4339470.308633349,558.1433297886229,404.5360662490367,324.4029692616189,2647578.7737404085,216845.27861726642,988.5711979757363,6.259486068097152,14756.957931921019,3.4775187917059283,0.03903476779244391,54691.97161228372,0.3677629181441698,54153.28337197198,14.125211948440922,500.1708466835363,-0.4158098915221005,45824160.97972182,0.09469830359913535,0.0005757196679958378,3.5397698938966206e-05,1.8466100995781324e-05,6187.9476410512325,0.09391153789212725,0.03856818196479409,0.09556684181607003,0.4758274493118252,0.8795386509309312,0.004309452537988255,0.0012776439265803799,0.0049094525379882546,0.00016160447017455956,liquid,False,95.63478043449959
0.07939501193340154,1.0007314418579385,3056.4573524664975,1223.9609996906274,1.4289358462493493,1748.9617468691263,4367603.832756867,559.2021434400808,404.6992517908897,324.3226119363221,2647769.87672536,216509.8975292657,988.6082659006004,6.28704629355594,14793.073235390977,3.4825973871513836,0.03903198051964551,54890.73540979329,0.36724236142676636,54339.218965355474,14.134375693996033,500.1747343687926,-0.4160074957123928,45928311.62208431,0.0950961112765298,0.0005717677941156419,3.537474953438438e-05,1.8402914488659844e-05,6215.425933909134,0.09419049806928337,0.038416570832847115,0.09588433962941245,0.47920900965590146,0.8777008175139238,0.0042904005212551725,0.0012768034513813103,0.004890400521255172,0.00016089001954706897,liquid,False,95.47548257790288
0.08003444250128372,1.0007432710566426,3056.4528495913964,1232.766137199604,1.4286429706502963,1761.1826763659328,4396220.525159806,560.2776463290784,404.8647741599374,324.24206209583895,2647962.8092614743,216173.6533470547,988.6453819253729,6.315051363622002,14829.822613428682,3.4877003431683664,0.039029180044888055,55092.98386772162,0.3667153061781348,54528.3135807268,14.143682128129198,500.17866254323445,-0.41620568723806695,46033771.450230025,0.09549989902332538,0.0005678002704770094,3.535147322107808e-05,1.8339096413087185e-05,6243.346367266421,0.0944688726339727,0.03826388712496121,0.09620183744275487,0.48258386759923483,0.8758497649328703,0.004271213720654484,0.0012759505843433084,0.004871213720654484,0.00016017051452454315,liquid,False,95.31388838329707
0.08068625118795768,1.0007554269061707,3056.4482224850576,1241.73298235012,1.4283455731490382,1773.6238083729468,4425329.935976009,561.370114554361,405.03265235285295,324.16127184334124,2648157.611856784,215836.5353654267,988.6825676987419,6.343509423466931,14867.203812398255,3.4928308316460415,0.03902637076622182,55298.75064934455,0.36618179845408466,54720.59346699941,14.153133464172823,500.1826312000299,-0.41640457567168937,46140570.94667108,0.09590973508088513,0.0005638174201762442,3.532786582319016e-05,1.8274655602978327e-05,6271.717185014451,0.09474665739743067,0.038110132982059675,0.09651933525609731,0.4859519354131233,0.8739855356172891,0.004251892405222546,0.001275085126016431,0.004851892405222546,0.00015944596519584548,liquid,False,95.14997884717695
0.08135072743499804,1.0007679204881477,3056.443466938491,1250.865064927919,1.428043578651878,1786.2898237302793,4454941.8495240975,562.4798388969243,405.2029160447154,324.08028927650224,2648354.324295028,215498.53275614794,988.7198003260739,6.372429127459472,14905.238379298617,3.4979859393238737,0.03902355134883844,55508.13274025577,0.36564169028750276,54916.14395392962,14.16273210568323,500.18661998193306,-0.41660397848944475,46248717.43974214,0.09632573822892451,0.0005598195694311893,3.5303922736726746e-05,1.820958151830402e-05,6300.546854493787,0.09502384818421633,0.03795531057333971,0.09683683306943973,0.48931312400893295,0.8721081737219406,0.004232436847548717,0.0012742068721747104,0.004832436847548717,0.00015871638178307688,liquid,False,94.98370393721768
0.08202816970719992,1.0007807633445414,3056.4385785681634,1260.1660182285482,1.4277369119899495,1799.1855394602978,4485066.3291600915,563.6071107777552,405.3755873918227,323.9990900339347,2648552.988843585,215159.63456454923,988.7570914938738,6.401819140696893,14943.930276010075,3.5031673441587112,0.03902072487648102,55721.18246662845,0.3650949785250405,55115.00832279732,14.172480404618405,500.1906695838411,-0.4168040966350002,46358241.572847635,0.09674798217081271,0.0005558070460592798,3.5279639535579414e-05,1.8143878236272862e-05,6329.84407382527,0.09530044083281124,0.03779942209669552,0.09715433088278215,0.492667342899602,0.8702177251930956,0.0042128473238285296,0.0012733156136803879,0.004812847323828529,0.00015798177464356987,liquid,False,94.8150821920184
0.08271888583025995,1.0007939674999828,3056.433552807556,1269.639582664457,1.427425495674796,1812.3159106131538,4515713.704383925,564.7522306168016,405.55069149352124,323.9176743188369,2648753.64845332,214819.8297076975,988.7944402987282,6.4316884484228485,14983.289756634636,3.508375176883406,0.03901789300316808,55937.96980387341,0.36454160967715304,55317.24614221801,14.182380802509378,500.1947596472027,-0.4170048571073573,46469162.38133285,0.0971765677058542,0.0005517801803448681,3.52550116205829e-05,1.8077544884086374e-05,6359.617779534066,0.09557643119624196,0.037642469779151436,0.09747182869612459,0.49601450015993914,0.8683142378373659,0.004193124113918114,0.0012724111363434326,0.004793124113918114,0.00015724215427192928,liquid,False,94.64406815368147
0.08342319334356849,1.0008075454853311,3056.4283848982527,1279.2896095210738,1.427109250412082,1825.6860357035846,4546894.584871691,565.9155059303175,405.7282537138384,323.8360423346242,2648956.347263713,214479.10697211232,988.8318458359194,6.4620462835908805,15023.327327769231,3.5136095692036355,0.039015057438901005,56158.56670624377,0.36398152927985433,55522.91858155607,14.19243579609871,500.19886981812937,-0.41720618687616035,46581499.41687748,0.09761159777575243,0.0005477393048113112,3.5230034307249966e-05,1.8010580595310885e-05,6389.877154480313,0.0958518151427277,0.0374844558773054,0.097789326509467,0.49935450238542184,0.8663977613933497,0.004173267501389932,0.0012714932207761633,0.004773267501389932,0.00015649753130212243,liquid,False,94.47061610429097
0.08414141986888797,1.0008215103625595,3056.423069880524,1289.1200648689144,1.42678809506572,1839.3011616653157,4578619.869561455,567.0972514724381,405.908299609627,323.75419366680114,2649161.130645548,214137.45501143,988.8693087831986,6.492902124762442,15064.053583621337,3.518870683341896,0.039012219992592675,56383.04677833486,0.3634146830773415,55732.088092442864,14.202647937863441,500.20304078421617,-0.4174082321726549,46695279.574297726,0.09805316321698702,0.0005436847542109924,3.5204702826367245e-05,1.794298462927316e-05,6420.631636110797,0.09612658855635377,0.037325382677783,0.09810682432280943,0.5026872546495789,0.8644683476061281,0.004153277773589828,0.0012705616422427654,0.004753277773589828,0.00015574791650961855,liquid,False,94.29474117458915
0.08487390349579291,1.0008358757510503,3056.4176025833917,1299.135033639162,1.426461946996568,1853.166689496371,4610900.759902625,568.2977879779851,406.090853042426,323.6721045705927,2649368.0457156026,213794.86234373046,988.9068391488353,6.524265653375396,15105.473531636137,3.524160198437488,0.039009383918063065,56611.47025535089,0.3628410627836639,55944.804372738174,14.213019812421793,500.2072521902342,-0.41761097473538455,46810528.92788256,0.09850135996126622,0.0005396168653731666,3.517901238433606e-05,1.7874760868540968e-05,6451.890925046773,0.09640074733777211,0.037165252497702465,0.09842432213615185,0.5060126604594941,0.8625260503049776,0.004133155221695467,0.0012696161705035066,0.004733155221695467,0.00015499332081358002,liquid,False,94.11639914780824
0.08562099318469908,1.0008506558553838,3056.4119776141165,1309.338723870546,1.4261307211316943,1867.2881784791539,4643748.760675272,569.5174456423797,406.27594039326925,323.5897750429384,2649577.1404562155,213451.31734947962,988.9444365133895,6.55614689221839,15147.598354046071,3.529478270767251,0.03900655111119557,56843.91506451799,0.36226061127306664,56161.133377032245,14.223554094250714,500.2115040288677,-0.41781441462586466,46927271.00943524,0.09895629259458953,0.0005355359775342592,3.515295802208144e-05,1.780590846140156e-05,6483.664994023926,0.09667428740492998,0.03700406768515101,0.09874181994949428,0.5093306217099849,0.8605709254840768,0.004112900140776191,0.0012686565696534264,0.004712900140776191,0.00015423375527910717,liquid,False,93.93556363559844
0.0863830491884677,1.0008658654947225,3056.4061893470985,1319.7354711358003,1.4257943299936247,1881.6713518368888,4677175.690674674,570.7565640239454,406.463590169905,323.507229029495,2649788.4637432895,213106.80826936945,988.9820895642729,6.588556219528871,15190.445582245131,3.5348235049377332,0.03900372211075584,57080.47742657135,0.36167322214903663,56381.157832588586,14.234253544007162,500.2157962927314,-0.4180184971435212,47045524.506054744,0.0994180793982374,0.0005314424322949911,3.512653462678467e-05,1.773642185513961e-05,6515.964097201349,0.0969472046938279,0.03684183061967268,0.0990593177628367,0.5126410386358284,0.8586030313866699,0.004092512829854324,0.0012676825979552762,0.0046925128298543235,0.00015346923111953713,liquid,False,93.75220612282641
0.08716044349356161,1.0008815201338899,3056.400231912125,1330.3297431563967,1.4254526848379039,1896.3221041020047,4711193.705353299,572.0154878001722,406.65382722133694,323.424442372894,2650002.066845491,212761.32320120776,989.0198093222943,6.621504158086287,15234.020885367217,3.540197614837172,0.03900090038258829,57321.22385184393,0.3610788847103209,56604.9324277979,14.245120933298958,500.22014931496676,-0.4182233502380784,47165321.85902741,0.09988681343964115,0.0005273365731680619,3.5099737119901546e-05,1.7666304986328608e-05,6548.7987798572785,0.0972194951593083,0.036678543712768304,0.09937681557617913,0.5159438097621656,0.8566224285927273,0.004071993591967996,0.0012666940076664734,0.004671993591967996,0.00015269975969879984,liquid,False,93.56632209362982
0.08795356028181799,1.0008976359162578,3056.39409918195,1341.1261446147703,1.4251056940043265,1911.246505068579,4745815.29127731,573.2945729347998,406.8466804196984,323.34143922514454,2650218.0015051076,212414.85009796746,989.0575839688281,6.655001685622646,15278.342484782059,3.5455991898887973,0.03899808659212957,57566.255617357776,0.3604774899359709,56832.543962364216,14.256159148565747,500.2245427449059,-0.41842884609638564,47286680.704920106,0.10036262263558532,0.0005232187461680241,3.507256020288627e-05,1.7595552306478177e-05,6582.179888490413,0.0974911547758761,0.03651420940840759,0.09969431338952156,0.5192388318530236,0.8546291801102439,0.0040513427342355,0.0012656905448598162,0.0046513427342355,0.00015192535253383125,liquid,False,93.3778623252075
0.08876279641396234,1.0009142296985594,3056.38778475914,1352.129422173715,1.4247532646996588,1926.4508085384637,4781053.296481387,574.5941800168425,407.04217370450823,323.25817168587577,2650436.3224734147,212067.37676438404,989.0954348208136,6.689059870694044,15323.410527745196,3.551031508779401,0.038995285739547976,57815.62784016663,0.3598690726301773,57064.0358694986,14.267371073936902,500.22897657492234,-0.4186350943071949,47409637.98997833,0.10084559805101292,0.000519089299123432,3.504499864823599e-05,1.7524172357646225e-05,6616.118581346581,0.09776217953855235,0.03634883018355412,0.10001181120286398,0.5225259998579087,0.852623351470327,0.0040305605679212585,0.0012646719492377051,0.004630560567921258,0.0001511460212970472,liquid,False,93.18680287041411
0.08958856193606138,1.0009313190877556,3056.3812819621503,1363.344469713208,1.4243953007892718,1941.941456016535,4816920.919707365,575.9146825270586,407.2403364934187,323.174663494513,2650657.0846641324,211718.8908551442,989.1333510980625,6.723690321440158,15369.24371623378,3.5564931873141576,0.03899249865950185,58069.446539563505,0.3592535222323953,57299.49868800875,14.278759731330702,500.23347113404185,-0.41884211331914056,47534217.258834,0.10133586282652345,0.0005149485824620479,3.501704695701906e-05,1.7452159668008983e-05,6650.6263393917125,0.09803256546376281,0.03618240854870335,0.1003293090162064,0.5258052068561122,0.8506050108264124,0.004009647408503435,0.00126363795393959,0.004609647408503435,0.0001503617778188788,liquid,False,92.99313464062317
0.0904312806101879,1.0009489224800945,3056.3745838105774,1374.7763337954802,1.424031704165678,1957.7250854614208,4853431.737431246,577.2564617238245,407.44119670759534,323.0909148545039,2650880.345074919,211369.37987193197,989.171331841972,6.758904916202456,15415.855101709038,3.56198437939269,0.03898972765451628,58327.80457296672,0.3586307743588135,57539.010312783794,14.290328189775549,500.2380060751482,-0.4190498300609671,47660443.63112626,0.10183354093375556,0.0005107969486759208,3.4988699584782124e-05,1.7379513386899945e-05,6685.714977753236,0.09830230859026262,0.03601494704843411,0.10064680682954884,0.5290763439989895,0.8485742290575781,0.003988603575743236,0.0012625882853423654,0.004588603575743236,0.00014957263409037138,liquid,False,92.79680936755284
0.09129139047065145,1.000967059102509,3056.3676830095233,1386.4302193697438,1.423662374601276,1973.8085383268974,4890599.71572354,578.6199071948204,407.6447811292462,323.006901607138,2651106.162969077,211018.83116048286,989.2093879606556,6.7947157997661245,15463.251740267986,3.567506836763978,0.03898697653790885,58590.78075205465,0.3580008123588062,57782.63519050081,14.302079572229259,500.24260172444014,-0.41925837252545567,47788353.040122025,0.102338737466376,0.000506634752349208,3.4959950927057056e-05,1.730623736185011e-05,6721.396657653245,0.09857140498009877,0.035846448261974126,0.10096430464289126,0.5323393004498979,0.8465310798762874,0.003967429393755977,0.0012615226628534054,0.004567429393755977,0.00014877860226584916,liquid,False,92.59782059519392
0.0921693444072391,1.0009857490565115,3056.3605719330353,1398.3114957286655,1.4232872088082051,1990.1988658000787,4928439.213929771,580.0054203846535,407.8511196487661,322.9226476986619,2651334.5983652836,210667.2319082618,989.2475081786206,6.831135628838003,15511.453464308706,3.573059157566789,0.03898424637657159,58858.48984231218,0.3573635215384535,58030.47082756002,14.31401711389947,500.2472580699383,-0.4194676860335103,47917968.87715059,0.10285158844201073,0.0005024623504636511,3.49307951793966e-05,1.7232326151058503e-05,6757.6838988581885,0.09883985071961197,0.03567691480377985,0.10128180245623368,0.5355939633214268,0.8444756399409317,0.003946125191083945,0.0012604407986959287,0.0045461251910839445,0.00014797969466564794,liquid,False,92.39613842117222
0.09306561077700266,1.0010050133647583,3056.3532426065285,1410.4257027293377,1.4229061012586857,2006.9033377856438,4966965.007821796,581.41341152219,408.06024087952056,322.838153332662,2651565.7136260383,210314.56914140075,989.2856915313588,6.86817736356172,15560.474357929903,3.57864149969851,0.03898153971960737,59131.03336437087,0.35671883367779433,58282.60197323561,14.326144106300037,500.2519547681661,-0.41967769749228995,48049318.48749476,0.10337222595809535,0.0004982801020717668,3.490122647727109e-05,1.7157778927907467e-05,6794.58959267118,0.09910764192048001,0.035506349324131194,0.10159930026957611,0.5388402176105588,0.8424079889729238,0.003924691300771135,0.0012593423976863627,0.0045246913007711345,0.00014717592377891755,liquid,False,92.19171388864555
0.09398067404622992,1.0010248740204677,3056.3456866881384,1422.7785572922437,1.4225189442377484,2023.9294512034694,5006192.305286567,582.84429941904,408.2721714896015,322.75337039994525,2651799.574049104,209960.8297214794,989.3239596563011,6.905854193471844,15610.316175479677,3.5842572198496496,0.0389788620228352,59408.481991880304,0.35606677632557115,58539.08428905796,14.338463890725054,500.25671214094535,-0.41988858968736315,48182445.71163747,0.10390075122478527,0.0004940883682508695,3.487123891447178e-05,1.7082604078023107e-05,6832.127015494636,0.09937477472080361,0.03533475450974152,0.10191679808291854,0.5420779461308473,0.84032820987907,0.003903128060439907,0.0012582271570033595,0.004503128060439907,0.00014636730226649653,liquid,False,91.98454065134388
0.09491503546434922,1.0010453540398858,3056.3378954489376,1435.3759601924971,1.4221256263797886,2041.2849364792455,5046136.745680946,584.2985169658978,408.48694301578814,322.668347003576,2652036.2449215143,209606.00034334027,989.3622899825092,6.944180016315321,15661.006215898897,3.5899033177198296,0.03897621321181755,59690.97686219613,0.3554071821900952,58800.0384551021,14.350979950594445,500.2615098473177,-0.4201001799783665,48317368.457100086,0.10443732568261242,0.0004898875125805679,3.484082632136136e-05,1.7006791598675047e-05,6870.309842992504,0.09964124528623779,0.0351621330843835,0.10223429589626096,0.5453070294417015,0.8382363888793347,0.003881435812369629,0.0012570947659480993,0.004481435812369629,0.0001455538429638611,liquid,False,91.77456683152957
0.09586921377162952,1.0010664775180218,3056.329859751908,1448.2240031584467,1.4217260342234586,2058.97776867768,5086814.433167548,585.7765052907716,408.7045837766757,322.5830587772901,2652275.795131375,209250.06753156957,989.4006938683103,6.983168909928727,15712.553171621752,3.5955815827522253,0.03897359754029802,59978.61170320399,0.3547400282429014,59065.54062069661,14.3636958069679,500.26638853327955,-0.420312669600764,48454129.03308746,0.10498206313220403,0.00048567790056432787,3.48099825225655e-05,1.693034533319076e-05,6909.152164883095,0.09990704981116982,0.03498848780953126,0.10255179370960338,0.5485273457749076,0.8361326156400879,0.0038596149035773734,0.0012559449056955012,0.004459614903577373,0.00014473555888415153,liquid,False,91.56180475660386
0.09684374594266937,1.0010882696878736,3056.3215700296196,1461.3289762936447,1.4213200513416002,2077.0161756126513,5128241.943977354,587.2787170221354,408.9251227184578,322.4974821807449,2652518.295722691,208893.01763753872,989.439180509486,7.02283539733824,15764.966268411807,3.601293781685638,0.03897101929517024,60271.48387859497,0.3540652883567502,59335.66983978503,14.376615071871347,500.27130753044406,-0.42052596701859263,48592761.443057686,0.10553510011952638,0.00048145989989944733,3.4778701210292405e-05,1.6853268913962647e-05,6948.668500395359,0.1001721845199465,0.0348138214850195,0.10286929152294581,0.5517486572760517,0.8340104430965323,0.0038376656859007464,0.0012547772490359404,0.004437665685900746,0.00014391246322127799,liquid,False,91.34618481198623
0.09783922372146997,1.0011107577952167,3056.3130159516936,1474.697855676103,1.4209075432047014,2095.4093070779727,5170437.853070213,588.8056723481009,409.14859875042754,322.4116407473193,2652763.8191135977,208534.8367640692,989.4777397094252,7.063196042883681,15818.270309539153,3.607038530005024,0.03896847987333887,60569.74073239847,0.35338280969804015,59610.55093591051,14.389741938714225,500.27630747883757,-0.42074016396200226,48733302.99471965,0.10609660202244943,0.00047723373024170156,3.474697476365422e-05,1.677555372831794e-05,6988.875255637101,0.10043664149039844,0.03463813068830137,0.10318678933628823,0.554970866321964,0.831869784000987,0.003815587729249826,0.001253591417641021,0.004415587729249826,0.00014308453984686846,liquid,False,91.12770872841003
0.09885622472548179,1.0011339696083361,3056.3041869919457,1488.3373738364517,1.4204883867142313,2114.165955047437,5213419.7932703765,590.3578497029225,409.3750421151225,322.3255348873891,2653012.4404894505,208175.5108654423,989.5163699240537,7.10426641366661,15872.481799922894,3.6128159965820967,0.038965982392044914,60873.50454642563,0.3526925145278386,59890.28495740201,14.403080222802867,500.2813477154922,-0.4209551140959771,48875784.073744275,0.10666672447452334,0.0004729997650433087,3.471479657583265e-05,1.669719889813961e-05,7029.78791262476,0.10070041689113486,0.03446141828166265,0.10350428714963066,0.5581756415635909,0.8297228170690942,0.0037933813933100514,0.001252387065356979,0.004393381393310051,0.00014225180224912692,liquid,False,90.9063056003697
0.09989531604209824,1.0011579335135388,3056.295072392254,1502.2540678697135,1.4200624685188694,2133.2946199615785,5257204.608052875,591.9356919014526,409.6044757351176,322.2391402333163,2653264.238041935,207815.0257749182,989.555082408333,7.1460612037553455,15927.608635903218,3.618628006518146,0.03896353172961835,61182.87229144017,0.3519943993294265,60174.94899844438,14.416633417442052,500.2864688743244,-0.42117101872143475,49020247.24458335,0.10724557511557199,0.0004687585065104652,3.4682160912482657e-05,1.6618211010463035e-05,7071.421183377112,0.10096351053156945,0.034283692484330504,0.10382178496297309,0.5613628464764289,0.8275697883537565,0.003771047710939969,0.0012511638735247716,0.004371047710939969,0.00014141428916024883,liquid,False,90.68199313920678
0.10095711627068513,1.001182679985026,3056.2856606037476,1516.4551083001998,1.4196296593290643,2152.804648784032,5301810.950022335,593.5397012725302,409.83693071099805,322.15248093923935,2653519.2913293284,207453.36711249285,989.5938654180744,7.1885969961429455,15983.674491414342,3.6244731370503667,0.03896112985163115,61497.99090342935,0.35128833572876345,60464.66578535727,14.430405523596765,500.29165061773847,-0.4213877499419351,49166721.49501096,0.10783332280067363,0.0004645103310069633,3.464906091394273e-05,1.6538584758739707e-05,7113.791488345856,0.10122591874073956,0.03410495624272144,0.10413928277631551,0.5645406941212768,0.8254052366450475,0.003748587052397197,0.0012499214782560422,0.004348587052397197,0.00014057201446489488,liquid,False,90.45471990674042
0.10204226660655197,1.0012082409944285,3056.2759395117323,1530.9479069278857,1.419189826740771,2172.705694782132,5347258.038200606,595.1703921555813,410.0724369847486,322.0655088928062,2653777.6842793333,207090.52030879734,989.6327403171862,7.231890655162868,16040.68396831158,3.6303548371421113,0.03895878299218919,61818.958669749525,0.3505743387205391,60759.51239445864,14.444400623619691,500.29691325053807,-0.42160549064012426,49315258.44063988,0.10843009257747332,0.00046025561694874417,3.461548963010572e-05,1.645832826155467e-05,7156.91576674308,0.10148763788376222,0.033925212544928196,0.10445678058965793,0.5677090484416351,0.8232292732389278,0.003725999793176544,0.0012486595058125315,0.004325999793176544,0.00013972499224412042,liquid,False,90.22447626578946
0.10315143184916803,1.001234650097068,3056.265896403216,1545.7401266021132,1.4187428345523927,2193.0077286968562,5393565.671503643,596.8282934593162,410.3110261981716,321.97827219950005,2654039.5012891525,206726.47060200205,989.671684688315,7.275959904922428,16098.668197989105,3.636270065382696,0.038956491990137315,62145.94873046949,0.349852228446449,61059.63447697733,14.458622921898357,500.30223643771774,-0.421824058131999,49465883.53745971,0.10903607265842494,0.0004559947449862508,3.458143992694652e-05,1.637743181016015e-05,7200.811496829212,0.10174866436337686,0.03374446442148573,0.10477427840300037,0.5708348439024384,0.8210649066833137,0.0037032863141062645,0.0012473775722803987,0.004303286314106264,0.00013887323677898492,liquid,False,89.99121023954615
0.10428517028353032,1.0012619393491395,3056.255519139546,1560.8379457450005,1.4182885956113969,2213.7186580476546,5440748.805506495,598.5137524848546,410.55270104870283,321.8907229532516,2654304.831512778,206361.20328699364,989.710719309318,7.320817504202555,16157.623146039228,3.642222281201387,0.03895426412785635,62479.02199493276,0.34912212007645205,61365.07353410412,14.47307504383337,500.30762016543537,-0.4220435620579643,49618633.18731287,0.10965132362609406,0.00045172858636062193,3.4546908551616886e-05,1.6295914636918706e-05,7245.491558016557,0.10200900923549434,0.03356273580069193,0.10509177621634279,0.5729773136237976,0.8195712281873103,0.003680449622104953,0.001246075433430727,0.004280449622104953,0.00013801686082893575,liquid,False,89.75491911673254
0.10544037324847477,1.0012900520775334,3056.2448293246516,1576.1987595128298,1.4178284840034916,2234.7794976882597,5488670.154420747,600.2216914274072,410.79669015338015,321.8028848947646,2654573.753607344,205994.71064036424,989.7498334908938,7.366331015062083,16217.298172727753,3.648210085554703,0.038952125068832985,62817.010360706045,0.3483868729180298,61674.74397201801,14.487713125261374,500.313084733283,-0.422264021006287,49773107.12796919,0.11027380991725305,0.00044747144003891114,3.4512003079918764e-05,1.6214092440395092e-05,7290.824895596504,0.10226908821835108,0.03338062653636573,0.10540927402968521,0.5735764363510504,0.8191520442889888,0.003657565097026639,0.0012447570313235013,0.004257565097026639,0.000137158691138499,liquid,False,89.51639457990285
0.10661512483904077,1.001318958141016,3056.233838471398,1591.7960216251065,1.4173633724651808,2256.1533774872187,5537243.284903495,601.9488859693761,411.04249944364636,321.7147582274889,2654846.3414841783,205626.9862620968,989.7890261568675,7.412417081873829,16277.529131862755,3.6542336826089024,0.03895009218766612,63159.16419165754,0.34764833782710086,61987.94696380308,14.502509281315211,500.3186098103194,-0.4224853618175039,49929052.01525291,0.11090223149463989,0.000443232277547436,3.447679227788474e-05,1.6132168413061573e-05,7336.729084936427,0.1025291672012078,0.03319851727203954,0.10572677184302763,0.5735764363510456,0.8191520442889922,0.0036346805719483276,0.001243424867207577,0.0042346805719483275,0.00013630052144806228,liquid,False,89.27611036667304
0.10780987718912387,1.0013486848402835,3056.222536252445,1607.634698887017,1.4168931855641878,2277.8466497295494,5586480.198512254,603.6956292389541,411.29014071067047,321.6263185817663,2655122.67174909,205258.02160417294,989.8283084050203,7.459086504377263,16338.31812350191,3.6602949538690606,0.03894816909059354,63505.54650330861,0.3469065208821328,62304.72966544873,14.51746579903577,500.3242360028955,-0.42270778592882,50086501.61473505,0.11153664197758137,0.00043901111609893965,3.4441272803495035e-05,1.6050145877682106e-05,7383.214976874462,0.10278924618406454,0.03301640800771334,0.10604426965637007,0.5735764363510371,0.8191520442889981,0.0036117960468700144,0.0012420787244723903,0.004211796046870014,0.00013544235175762555,liquid,False,89.034095292225
0.10902509592889757,1.0013792605933192,3056.2109119196484,1623.719890623952,1.4164178463649022,2299.865830577433,5636393.176209091,605.4622198561865,411.5396254029871,321.537590319926,2655402.8219110304,204887.8080353635,989.8676680006663,7.5063505347294175,16399.680951808063,3.6663924616907595,0.0389463566821176,63856.259283910695,0.34616132976568853,62625.174764185875,14.532585004088732,500.32992266921366,-0.4229310921229374,50245469.38530128,0.11217714244018888,0.0004348079730150726,3.440544127967085e-05,1.596801931117134e-05,7430.293699008163,0.10304932516692128,0.03283429874338714,0.10636176746971249,0.5735764363510371,0.8191520442889981,0.0035889115217917003,0.0012407183819375407,0.0041889115217917,0.00013458418206718876,liquid,False,88.79029726622656
0.11026126068747934,1.001410714988839,3056.1989542840506,1640.0568329777996,1.4159372762592086,2322.2176049968893,5686994.784576158,607.2489625438166,411.79096525923626,321.4485492792019,2655686.872857997,204516.336840418,989.907115481728,7.554220540111759,16461.6200965557,3.672528090043605,0.038944658672433165,64211.36980021728,0.3454127685001106,62949.3325243038,14.54786927008179,500.3356901015319,-0.42315540857116385,50405987.86793496,0.11282379386108328,0.000430622865767715,3.4369294273785355e-05,1.5885791952026098e-05,7477.976664574853,0.103309404149778,0.03265218947906095,0.10667926528305491,0.5735764363510504,0.8191520442889888,0.003566026996713389,0.0012393436137316388,0.004166026996713389,0.00013372601237675208,liquid,False,88.54472484229564
0.1115188656184271,1.0014430788426862,3056.1866516947734,1656.6509033674545,1.415451395132143,2344.9088324183886,5738297.886558128,609.0561674618257,412.04417121309075,321.35921940798875,2655974.9065329214,204143.5992190754,989.9466396869436,7.6027083480541995,16524.15168834151,3.678700417392036,0.03894307612711498,64570.98445832224,0.344660743938181,63277.28881513598,14.563321005369955,500.3415382798538,-0.42338068061401296,50568076.320184246,0.1134766893291467,0.00042645581191686,3.4332828330545915e-05,1.5803458377009337e-05,7526.275581676129,0.10356948313263475,0.03247008021473474,0.10699676309639734,0.5735764363510552,0.8191520442889855,0.003543142471635074,0.0012379541891672802,0.004143142471635074,0.00013286784268631529,liquid,False,88.29736706676306
0.11279841994931258,1.0014763842573662,3056.173992016739,1673.507625120783,1.414960121018918,2367.946551766985,5790315.645984782,610.8841514736778,412.2992549035504,321.2695767503546,2656267.0084420745,203769.58628532104,989.9862505942801,7.651825930223551,16587.278606138552,3.6849113303549186,0.038941612868409296,64935.17506308387,0.34390525796077764,63609.0972027841,14.578942673870511,500.3474671839085,-0.4236069631494924,50731766.12169135,0.11413589726199222,0.0004223068292034675,3.42960399244959e-05,1.572102174020843e-05,7575.202462862103,0.10382956211549148,0.03228797095040854,0.10731426090973976,0.5735764363510599,0.8191520442889821,0.0035202579465567615,0.0012365498726119996,0.004120257946556761,0.00013200967299587855,liquid,False,88.04821228035814
0.1141004485566986,1.0015106646849128,3056.1609626071604,1690.6326722856518,1.4144633702891982,2391.3379875621968,5843061.539140673,612.7332374041375,412.55622746382727,321.17962130243353,2656563.2659134828,203394.2890664467,990.0259475932302,7.70158565402042,16651.01063111371,3.691161069210949,0.03894027143944875,65304.034201329145,0.3431462635966485,63944.82991434785,14.594736780419982,500.3534767931499,-0.423834256298221,50897083.50667482,0.11480150013653324,0.00041817593548096923,3.425892549640158e-05,1.563848088015043e-05,7624.769635091993,0.10408964109834822,0.03210586168608234,0.10763175872308219,0.5735764363510465,0.8191520442889915,0.0034973734214784483,0.0012351304233550523,0.004097373421478448,0.00013115150330544182,liquid,False,87.79724932932265
0.11542549256793036,1.0015459549933121,3056.147550290713,1708.031874628008,1.4139610575324013,2415.090555748068,5896549.362827419,614.6037544304459,412.81509983544385,321.0893528528978,2656863.768787936,203017.69850216378,990.0657305951786,7.752000208586641,16715.357692115373,3.6974498871293315,0.038939054467553476,65677.65681106017,0.3423837133611543,64284.56084363573,14.61070587606135,500.35958738684985,-0.4240626335088779,51064057.71400769,0.11547357626477657,0.00041406314873781313,3.422148144253701e-05,1.555583466506642e-05,7674.98975008831,0.10434972008120497,0.03192375242175614,0.10794925653642462,0.5735764363510236,0.8191520442890075,0.0034744888964001333,0.0012336955954698663,0.004074488896400133,0.000130293333615005,liquid,False,87.54448755140601
0.1167741099910515,1.001582291536696,3056.1337413333,1725.7112228253802,1.4134504820362943,2439.2073597579765,5950785.6777760945,616.4946290740845,413.0757373017441,320.99877160544565,2657168.6095418343,202639.80592416407,990.1055984575316,7.803082627892338,16780.330066036233,3.703778018200617,0.038937964628666236,66056.14073868426,0.3416183728398202,64628.38596792859,14.626924829666281,500.36577864023513,-0.42429202159005114,51232713.87503049,0.1161520682330349,0.0004099692451318375,3.4183535214859493e-05,1.5473077116551286e-05,7725.875795102912,0.10460979906406169,0.031741643157429944,0.10826675434976704,0.5735764363510599,0.8191520442889821,0.003451604371321822,0.0012322451376719995,0.004051604371321822,0.00012943516392456832,liquid,False,87.29004133849105
0.11814687637588325,1.0016197122296016,3056.1195214143204,1743.6768738646538,1.4129368354168312,2463.705284147837,6005800.1900267685,618.4090417275852,413.3384439583843,320.90787755623,2657477.8832862703,202260.60160426603,990.1455505598526,7.854846289736623,16845.938189772343,3.7101457094048675,0.03893700468782234,66439.58635805383,0.34084854412701965,64976.34304106992,14.643250313206922,500.3720505318673,-0.4245224206635334,51403080.156476215,0.11683736016877784,0.0004058927041453689,3.4145424636294314e-05,1.5390216703453518e-05,7777.441104114285,0.10486987804691843,0.03155953389310374,0.10858425216310946,0.5735764363510647,0.8191520442889788,0.0034287198462435078,0.0012307787931724289,0.004028719846243508,0.00012857699423413153,liquid,False,87.03360657348298
0.11954438550325275,1.0016582566254244,3056.104875597373,1761.9351566533446,1.4124173590135944,2488.5878007135207,6061600.040288402,620.3459128031177,413.60308195342793,320.81667049395435,2657791.687993713,201880.07621415256,990.1855868032271,7.907304927305589,16912.192664997157,3.7165532207599083,0.03893617750148811,66828.09665802476,0.3400750103464546,65328.531893228064,14.659758733533613,500.3784233346636,-0.42475390420141557,51575187.802956,0.11752938376970844,0.00040183432536046465,3.4106973319845296e-05,1.5307247400483215e-05,7829.699369476133,0.10512995702977516,0.03137742462877754,0.1089017499764519,0.5735764363510371,0.8191520442889981,0.0034058353211651946,0.0012292962995259934,0.004005835321165194,0.0001277188245436948,liquid,False,86.77534138123565
0.12096725011300344,1.0016979659995964,3056.0897882992217,1780.4925778541547,1.4118919594897974,2513.863154603543,6118200.398725555,622.3055994019364,413.86966261594114,320.72512666911626,2658110.1251416774,201498.22033460427,990.2257164922119,7.960472569791972,16979.097467518022,3.723002483324513,0.038935487297453934,67221.75831092428,0.33929776711311327,65685.01669511094,14.67645285421011,500.3848767282727,-0.4249864537764099,51749069.886353284,0.11822821960204896,0.0003977941274045636,3.406817743815865e-05,1.522417212195718e-05,7882.664654038855,0.1053900360126319,0.03119531536445134,0.10921924778979432,0.5735764363510284,0.8191520442890042,0.0033829507960868813,0.0012277973884748008,0.003982950796086881,0.00012686065485325806,liquid,False,86.51521411233153
0.12241610266257036,1.0017388834375136,3056.0742432569973,1799.3558279530355,1.4113605418971535,2539.5398164055973,6175616.8112905435,624.2884640399734,414.1381946084354,320.63326982337765,2658433.297922599,201115.02445422648,990.2659290348777,8.014363789634919,17046.670603340095,3.7294920811980123,0.03893493577557491,67620.6993832233,0.33851671418850166,66045.89892443201,14.693335459420902,500.3914309812241,-0.4252200880927212,51924753.23118801,0.11893396553652238,0.0003937721289266398,3.402903318860904e-05,1.514098553104976e-05,7936.351403766306,0.10565011499548864,0.031013206100125142,0.10953674560313674,0.5735764363510418,0.8191520442889949,0.003360066271008568,0.001226281785786404,0.003960066271008568,0.0001260024851628213,liquid,False,86.2532363727887
0.12389159612566422,1.0017810539277485,3056.0582234934473,1818.531787571552,1.4108230089486447,2565.6264884104544,6233865.201420564,626.2948773554112,414.4086873852633,320.54109995305146,2658761.3133393344,200730.47896875438,990.3062237967497,8.068993477831269,17114.923469289526,3.736022270803619,0.03893452603280436,68025.03193891239,0.3377317976961721,66411.26476082558,14.710409400204004,500.3980860651471,-0.42545480729590673,52102268.89008274,0.11964671278657371,0.00038976834879014463,3.398953668774616e-05,1.5057686427165834e-05,7990.774460871687,0.10591019397834536,0.030831096835798943,0.10985424341647916,0.5735764363510552,0.8191520442889855,0.003337181745930255,0.001224749211086539,0.003937181745930255,0.00012514431547238456,liquid,False,85.98939867988378
0.12539440482951783,1.0018245244607984,3056.041711280137,1838.0275340348935,1.410279260847825,2592.13211211668,6292961.879565646,628.3252186871159,414.6811517389022,320.4485931005959,2659094.2822945965,200344.5741804592,990.3466105527972,8.124376851258678,17183.860619318737,3.7425950156673826,0.038934262559509755,68434.8513013406,0.3369430103756135,66781.18444942133,14.727677602886642,500.40484195124196,-0.4256906663198046,52281654.64265879,0.12036654009092808,0.0003857828061022018,3.394968395437984e-05,1.4974277683819446e-05,8045.9490774976375,0.10617027296120211,0.03064898757147274,0.1101717412298216,0.5735764363510284,0.8191520442890042,0.0033142972208519417,0.0012231993776862162,0.0039142972208519415,0.0001242861457819478,liquid,False,85.72369021233976
0.12692522533540382,1.001869344133816,3056.024688098451,1857.850348207481,1.4097291957773759,2619.0658772532497,6352923.562636733,630.379874116386,414.95559681955535,320.3557492618956,2659432.318381317,199957.30029707222,990.3870886173668,8.180529636424982,17253.493864132295,3.7492105917138203,0.03893414862443437,68850.27559143251,0.3361502960559944,67155.74841454737,14.745143032052793,500.411698610281,-0.42592766531346044,52462943.1727516,0.12109354104891962,0.0003818155200619665,3.390947099754182e-05,1.4890758030527415e-05,8101.890929967024,0.10643035194405884,0.03046687830714654,0.11048923904316402,0.5735764363510552,0.8191520442889855,0.003291412695773628,0.0012216319924029321,0.003891412695773628,0.00012342797609151104,liquid,False,85.45610179072565
0.12848477736231592,1.0019155642616608,3056.007134598245,1878.0077216087502,1.409172709575572,2646.437229663249,6413767.382453797,632.4592376130108,415.2320314307551,320.26256822492434,2659775.538718493,199568.6474309348,990.4276578252045,8.237467995943458,17323.835216550593,3.75586928847139,0.03893418760498742,69271.42616874857,0.3353535978014064,67535.04933004628,14.762808708851592,500.4186762955697,-0.4261658778204717,52646170.41379548,0.12182780498642166,0.0003778665100351717,3.3868893776304664e-05,1.4807126224384068e-05,8158.61613363236,0.10669043092691557,0.030284769042820344,0.11080673685650644,0.5735764363510552,0.8191520442889855,0.0032685281706953152,0.0012200467553757763,0.003868528170695315,0.00012256980640107433,liquid,False,85.18664486481458
0.13007380475916094,1.0019632384947883,3055.989030554002,1898.5073638223696,1.4086096960369587,2674.255880677756,6475510.903711085,634.5637097765643,415.51046197532605,320.1690743558177,2660124.063258406,199178.60559782025,990.4683060654901,8.295208648312096,17394.904380434964,3.762569645742036,0.03893438165013201,69698.44878982696,0.33455280866179815,67919.20136041837,14.780677686155025,500.42573440905875,-0.4264051024190478,52831359.89367496,0.12256945338418862,0.0003739357954581978,3.382794825898593e-05,1.4723376894457642e-05,8216.141258353486,0.10695050990977231,0.030102659778494138,0.11112423466984887,0.5735764363510418,0.8191520442889949,0.0032456436456170016,0.0012184433598741813,0.0038456436456170014,0.00012171163671063757,liquid,False,84.9152724337327
0.13169307652683482,1.0020124229444154,3055.9703548182765,1919.3572102128337,1.4080400457469753,2702.531814072865,6538172.120720747,636.6937022088259,415.790898250188,320.07524328066387,2660478.017180827,198787.16471673682,990.5090440879153,8.3537685940606,17466.706728544847,3.7693136789346267,0.03893473565190769,70131.45176994892,0.3337479173663058,68308.28376823521,14.798753124801827,500.4329134840516,-0.42664554084392325,53018557.679712564,0.12331855876235133,0.000370023396132734,3.3786630250762804e-05,1.4639512879476282e-05,8274.483344634613,0.10721058889262905,0.029920550514167938,0.1114417324831913,0.5735764363510333,0.8191520442890009,0.003222759120538688,0.001216821492100066,0.0038227591205386878,0.0001208534670202008,liquid,False,84.64201523386362
0.13334338789388323,1.0020631763154944,3055.9510852722933,1940.565429964193,1.4074636466264887,2731.275296574703,6601769.47960298,638.8496353077767,416.0733500811445,319.9810510407711,2660837.5296501066,198394.3146091906,990.5498815293371,8.413165329531214,17539.24791417997,3.7761034043296093,0.038935254568804464,70570.54695661907,0.33293891048960356,68702.37829182576,14.817038251820513,500.4402134832868,-0.4268872480604814,53207805.99432652,0.12407520581297637,0.00036612933205748305,3.3744935492662773e-05,1.455553686587558e-05,8333.65992045387,0.10747066787548579,0.02973844124984174,0.11175923029653372,0.5735764363510552,0.8191520442889855,0.0031998745954603747,0.001215180830983097,0.0037998745954603745,0.00011999529732976405,liquid,False,84.36686340214231
0.13502556144909844,1.0021155600480585,3055.931198773445,1962.1404344563919,1.4068803847117965,2760.4968892865804,6666321.905227753,641.031935130156,416.3578225871234,319.8865217945814,2661202.732399201,198000.0449976756,990.5908067916812,8.473417036854606,17612.548456309138,3.7829373808184275,0.038935940883059565,71015.8913272792,0.3321256776944499,69101.60690756557,14.835536301386153,500.4476140943142,-0.42713009602763663,53399133.520071946,0.12483951453485628,0.0003622536232085517,3.370285979842082e-05,1.4471443498233835e-05,8393.689018820181,0.10773074685834252,0.029556331985515535,0.11207672810987615,0.5735764363510371,0.8191520442889981,0.0031769900703820615,0.0012135210479687953,0.0037769900703820613,0.0001191371276393273,liquid,False,84.0897915071908
0.13674044833331994,1.0021696384675014,3055.910671099518,1984.0908859956123,1.4062901428984984,2790.207455590378,6731848.797899769,643.24103808996,416.64432242261665,319.7916553300065,2661573.7620757893,197604.3455052287,990.6318196896058,8.53454232748502,17686.62183754705,3.78981591174878,0.038936798507282884,71467.6252327029,0.331308155735017,69506.07556798412,14.854250596867633,500.45513555757447,-0.4273741583276015,53592580.79090246,0.12561158090454425,0.0003583962898516486,3.366039886962973e-05,1.438723150211375e-05,8454.58919609445,0.10799082584119926,0.029374222721189336,0.11239422592321857,0.5735764363510504,0.8191520442889888,0.0031541055453037483,0.0012118418067991877,0.003754105545303748,0.00011827895794889056,liquid,False,83.81081313495781
0.1384889294999718,1.0022254789446268,3055.8894768893188,2006.425706915883,1.4056928012224714,2820.418172399365,6798370.053601784,645.4773897276746,416.93285571560784,319.6964516431441,2661950.7598021235,197207.20565466498,990.6729195095284,8.596560361547494,17761.481929694888,3.796739292263943,0.038937831460733895,71925.89342828102,0.3304862795988383,69915.89331641073,14.873184526134496,500.4627778340632,-0.42761943513416173,53788186.92080908,0.12639150792739756,0.0003545573524472392,3.361754835498896e-05,1.4302899563542857e-05,8516.379551114143,0.10825090482405599,0.02919211345686314,0.11271172373656099,0.5735764363510552,0.8191520442889855,0.0031312210202254355,0.0012101427632857003,0.0037312210202254353,0.00011742078825845383,liquid,False,83.52992211845537
0.14027191703780298,1.0022831520658435,3055.867589579592,2029.1540890701724,1.4050882362607982,2851.140540112995,6865906.071198177,647.7414468654656,417.2234307680498,319.60088677487636,2662333.8720182404,196808.6148682959,990.714115810981,8.659490773622428,17837.135494260496,3.803709570589253,0.03893904515296146,72390.82376608641,0.3296600303321695,70331.1529320348,14.892341577971663,500.47054088416155,-0.4278659814183239,53985998.18601351,0.1271793854314056,0.00035073683178043846,3.3574303770978905e-05,1.4218450264370893e-05,8579.079745162691,0.10851098380691272,0.02901000419253694,0.11302922154990341,0.5735764363510465,0.8191520442889915,0.0031083364951471223,0.0012084235650739678,0.003708336495147122,0.00011656261856801708,liquid,False,83.24711011611174
0.1420903555720845,1.0023427318146474,3055.8449813377815,2052.2855037302133,1.4044763224721803,2882.3863969419763,6934477.790934511,650.0336722462803,417.51605009623984,319.5049846762898,2662723.2483861945,196408.56246633944,990.75539756422,8.72335396211387,17913.604433677156,3.810725307878873,0.03894044257860472,72862.59092730818,0.32882929252752274,70751.98867823964,14.911725242183575,500.47842466763757,-0.42811374255986695,54186049.7485695,0.1279753335611548,0.0003469347486030793,3.3530660730359815e-05,1.4133878335882852e-05,8642.710022827541,0.10877106278976947,0.028827894928210734,0.11334671936324585,0.5735764363510371,0.8191520442889981,0.0030854519700688077,0.0012066838514002256,0.0036854519700688076,0.00011570444887758029,liquid,False,82.96237457139773
0.14394522374176724,1.0024042957649983,3055.8216229904488,2075.829711915367,1.4038569296023853,2914.1679257469114,7004106.671057955,652.3545443859175,417.81072403455426,319.408697224172,2663119.045928043,196007.03766765416,990.7967850593419,8.78817065728756,17990.88852619672,3.8177903408286586,0.03894203066956328,73341.3099170495,0.32799409202192953,71178.47973349833,14.931339185499143,500.4864494069818,-0.42836290179120534,54388398.74663848,0.12877942415046464,0.00034315112425914733,3.348661454865245e-05,1.4049190201085112e-05,8707.29123379336,0.1090311417726262,0.028645785663884538,0.11366421717658827,0.5735764363510552,0.8191520442889855,0.003062567444990495,0.0012049232528389265,0.003662567444990495,0.00011484627918714357,liquid,False,82.67572537242756
0.14583753576048927,1.0024679252875868,3055.7974839469625,2099.7967751720134,1.403229926170333,2946.4976737973275,7074814.7625330575,654.7045438614809,418.1074508433835,319.31207253352613,2663521.4235850754,195604.02958715794,990.8382564875831,8.853962589937243,18069.017971532616,3.8249014649142397,0.03894381141896197,73827.18685377776,0.3271542625618225,71610.78669433229,14.951186999562795,500.49459479269444,-0.4286132762488179,54593074.01020842,0.12959180062309975,0.000339385979799957,3.344216081402909e-05,1.396437668348009e-05,8772.844855619704,0.10929122075548293,0.028463676399558338,0.11398171498993069,0.5735764363510647,0.8191520442889788,0.0030396829199121817,0.0012031413910412142,0.0036396829199121816,0.00011398810949670682,liquid,False,82.38714394931094
0.14776834306679454,1.0025337057699737,3055.77253211812,2124.1970668261247,1.4025951756938282,2979.3885581533027,7146624.667485138,657.0841677126432,418.406236803482,319.21508622770807,2663930.548143983,195199.5272366755,990.8798223761752,8.920751859047927,18148.000643508694,3.832060784347069,0.038945790782599,74320.36786160564,0.3263097797713307,72049.0147155386,14.97127245963326,500.5029012997597,-0.4288650678571895,54800131.40645736,0.13041254617581113,0.0003356393368912661,3.339729480898433e-05,1.387944032195534e-05,8839.393017555345,0.10955129973833967,0.02828156713523213,0.11429921280327313,0.5735764363510504,0.8191520442889888,0.003016798394833868,0.0012013378784638627,0.003616798394833868,0.00011312993980627007,liquid,False,82.0966644962777
0.14973873606978685,1.0026017268516838,3055.746733829304,2149.0412837330196,1.4019525386670453,3012.853883429793,7219559.591197525,659.4939215359727,418.70708454576413,319.1177387195839,2664346.591163628,194793.51952386304,990.9214808918354,8.98856135142865,18227.852561908603,3.83926860596197,0.0389479735534158,74821.0265473233,0.3254605686266805,72493.29264395703,14.991599377774758,500.5113283585137,-0.42911812987663756,55009612.027454056,0.13124178348311938,0.0003319112173012563,3.335201184346325e-05,1.379437963883627e-05,8906.958525444796,0.10981137872119641,0.028099457870905935,0.11461671061661555,0.5735764363510418,0.8191520442889949,0.0029939138697555553,0.0011995123180882758,0.003593913869755555,0.00011227177011583332,liquid,False,81.80424381274958
0.15174984599694955,1.0026720826754343,3055.7200537277486,2174.3404585496733,1.401301871885867,3046.9073546828313,7293643.352033054,661.9343218368986,419.00999597059075,319.0200297964941,2664769.7300452422,194385.99525167397,990.963231767132,9.057414644719232,18308.589923791795,3.8465252738033677,0.038950364712956244,75329.34148026696,0.32460655359176777,72943.75256947074,15.012171642388457,500.51989617901825,-0.4293725359749193,55221565.6706175,0.1320796189578863,0.00032820164304079907,3.330630716932366e-05,1.3709193245132434e-05,8975.56488778592,0.11007145770405315,0.027917348606579736,0.11493420842995797,0.5735764363510552,0.8191520442889855,0.002971029344677242,0.0011976643031291168,0.003571029344677242,0.00011141360042539659,liquid,False,81.5099002084275
0.15380284685143814,1.0027448721557841,3055.6924546834503,2200.105972556381,1.4006430276759136,3081.56309060923,7368900.389827741,664.4058987522208,419.3149757398167,318.9219354980501,2665200.149138297,193976.94311847235,991.0050843739406,9.127335959850662,18390.221671645708,3.8538329117939125,0.038952970627542764,75845.474635246,0.3237477042450561,73400.51035492052,15.032993264819517,500.5286047095307,-0.4296283411582339,55436047.25719274,0.13292615102299954,0.00032451063651670953,3.326017588061514e-05,1.36238834738969e-05,9045.236343001106,0.11033153668690988,0.027735239342253533,0.1152517062433004,0.5735764363510236,0.8191520442890075,0.002948144819598928,0.00119579341673212,0.003548144819598928,0.0001105554307349598,liquid,False,81.21362896971402
0.15589895748677418,1.0028201992666106,3055.663897683228,2226.3495690562067,1.3999758562710762,3116.8356442982044,7445355.829397549,666.9091864690704,419.6220169682004,318.8235035237293,2665638.0365857854,193566.35171577308,991.0470180841702,9.198350554155358,18472.780237352035,3.861188300768193,0.038955794122834835,76369.66108022834,0.3228838469863733,73863.74634879037,15.05406820019295,500.53747414605334,-0.429885509522134,55653096.834199995,0.13378151896162266,0.00032083821995213446,3.321361331374807e-05,1.3538441379319185e-05,9115.997887988542,0.11059161566976662,0.027553130077927333,0.11556920405664282,0.5735764363510504,0.8191520442889888,0.0029252602945206148,0.0011938992316606134,0.0035252602945206146,0.00010969726104452305,liquid,False,80.91545717785294
0.1580394438075547,1.0028981733489488,3055.6343417173603,2253.083367382254,1.3993002005229784,3152.7400077729753,7523035.412378631,669.444743516799,419.9311301156128,318.7246620002706,2666083.5915200002,193154.20953096027,991.0890625466848,9.270484011210051,18556.259817083945,3.8685971639482473,0.038958844363789276,76902.02937845788,0.32201504213606164,74333.54362099501,15.075400716277851,500.546504427368,-0.43014420570766637,55872784.74135468,0.134645793067307,0.00031718441658193613,3.3166614235342934e-05,1.345287674026019e-05,9187.8753080242,0.11085169465262334,0.027371020813601137,0.11588670186998525,0.5735764363510599,0.8191520442889821,0.002902375769442302,0.0011919813099702551,0.003502375769442302,0.00010883909135408633,liquid,False,80.6153743117552
0.16022562110555238,1.002978909440873,3055.603743658223,2280.3198775446194,1.3986159022288929,3189.2916429025463,7601965.631518051,672.0131277183245,420.24230621207477,318.6254590449066,2666537.01562148,192740.50494381788,991.1311960932734,9.34376321176572,18640.69390161081,3.876056260867523,0.038962124506436976,77442.82779009201,0.3211411115855727,74810.09147048408,15.09699492983017,500.5556752478609,-0.4304042468126486,56095148.940393016,0.13551912732411028,0.0003135492491649051,3.3119173870294504e-05,1.3367180554705572e-05,9260.895208089685,0.1111117736354801,0.02718891154927493,0.11620419968332768,0.5735764363510333,0.8191520442890009,0.0028794912443639883,0.0011900392026714646,0.003479491244363988,0.00010798092166364955,liquid,False,80.31336903578614
0.16245885654141187,1.0030625286312642,3055.572058130244,2308.072015550744,1.3979227966765435,3226.506486909562,7682173.660646149,674.614917081893,420.55554665473693,318.5258702790274,2666998.520423681,192325.2262282103,991.1734290575232,9.418215593796075,18726.092851011876,3.8835677750435007,0.03896564162211087,77992.24246229682,0.32026201802398274,75293.5217824043,15.118855186742211,500.5650270334611,-0.43066583489550037,56320255.32172001,0.13640161282584784,0.00030993274120388577,3.307128706665913e-05,1.3281355106352518e-05,9335.085045705893,0.11137185261833683,0.027006802284948728,0.1165216974966701,0.5735764363510418,0.8191520442889949,0.0028566067192856742,0.0011880724493790057,0.003456606719285674,0.00010712275197321279,liquid,False,80.00948037872416
0.16474057178307777,1.0031491584394792,3055.5392373704667,2336.3531194349325,1.3972207158831356,3264.4009780926735,7763687.438305863,677.2506967139093,420.87084364297425,318.42592007297543,2667468.3232186367,191908.36155050943,991.2157494381737,9.49386969556478,18812.483514859967,3.8911302383115873,0.03896940047906205,78550.51342261171,0.319377626269195,75784.01318246941,15.140985817161322,500.5745192358653,-0.43092876833380583,56548148.69704979,0.1372933971702403,0.00030633491617940904,3.302294883819801e-05,1.3195395150059473e-05,9410.47316535761,0.11163193160119356,0.026824693020622535,0.11683919531001252,0.5735764363510418,0.8191520442889949,0.0028337221942073623,0.0011860805779481396,0.003433722194207362,0.00010626458228277608,liquid,False,79.70367559289105
0.1670722458131085,1.0032389332231408,3055.5052310789206,2365.1769660349496,1.3965094847513595,3302.992066183251,7846535.625355537,679.9210734025914,421.1882009903985,318.3255598816713,2667946.6519835065,191489.89897167226,991.2581781187091,9.57075466716971,18899.869043903014,3.898747686449207,0.03897340975461306,79117.8168501902,0.31848794221687304,76281.6853697315,15.163391400948596,500.5842125031063,-0.4311933775657315,56778907.20854891,0.13819455165868574,0.00030275579836785467,3.297415378783409e-05,1.3109306580643525e-05,9487.08883459978,0.1118920105840503,0.026642583756296336,0.11715669312335494,0.5735764363510465,0.8191520442889915,0.002810837669129049,0.0011840631040967488,0.003410837669129049,0.00010540641259233935,liquid,False,79.39601151270779
0.16945541791810637,1.0033319946164811,3055.4699862579437,2394.557788555898,1.3957889252840987,3342.2972422191046,7930747.710266213,682.6266585948943,421.50760862039147,318.2248140755353,2668433.740107262,191069.8264450528,991.3007030709582,9.648900936225049,18988.277225147154,3.9064186647321497,0.03897767462036967,79694.4074286241,0.31759282637684266,76786.72662968907,15.186076448732134,500.59406628717915,-0.43145946096363247,57012579.079878055,0.13910522621954635,0.00029919541187666904,3.292489680846723e-05,1.3023084117422928e-05,9564.962281941918,0.11215208956690703,0.02646047449197013,0.11747419093669738,0.5735764363510284,0.8191520442890042,0.002787953144050735,0.0011820195310127978,0.003387953144050735,0.00010454824290190256,liquid,False,79.08645766678768
0.17189169087493814,1.003428492001924,3055.433447039479,2424.510294964055,1.3950588534179715,3382.3345521926226,8016353.981064454,685.3680802448798,421.82905935175006,318.1236824410953,2668929.830610051,190648.1318171936,991.3433239323672,9.728339823138626,19077.72822955846,3.914143567508546,0.03898220171874952,80280.52390388853,0.31669218528835297,77299.30906061677,15.209045616655088,500.60410074955524,-0.4317270923061781,57249228.243586585,0.1400255379331248,0.00029565378130668444,3.287517261783088e-05,1.2936726241832477e-05,9644.124736613863,0.11241216854976377,0.026278365227643933,0.1177916887500398,0.5735764363510418,0.8191520442889949,0.0027650686189724222,0.0011799493489464575,0.003365068618972422,0.00010369007321146584,liquid,False,78.77504139780518
0.17438273434948723,1.003528583017855,3055.3955544993214,2455.049687255989,1.3943190795200353,3423.122620110721,8103385.565003857,688.1459802664963,422.1525445860708,318.0221649741169,2669435.1754861926,190224.80282799678,991.3860398122566,9.809103699063822,19168.242835205354,3.9219227815028708,0.03898699790580484,80876.4134585215,0.3157859227872454,77819.61033083193,15.23230365492848,500.61431581247336,-0.4319962718422186,57488917.97893362,0.1409556110966166,0.00029213093160175926,3.282497587541349e-05,1.2850231397314034e-05,9724.60847032264,0.1126722475326205,0.026096255963317733,0.11810918656338222,0.5735764363510599,0.8191520442889821,0.002742184093894109,0.0011778520347861957,0.003342184093894109,0.00010283190352102909,liquid,False,78.46177122640256
0.17693028852555703,1.0036324341058391,3055.3562464571287,2486.191681651031,1.393569407279463,3464.680668181559,8191874.4391384665,690.9610182417737,422.4780592269117,317.9202375032892,2669950.037212344,189799.82711187116,991.428860340441,9.89122591988136,19259.834105258153,3.929758554558899,0.03899207147631395,81482.30718860518,0.3148739875675472,78347.7917203749,15.255855472534844,500.62473162017466,-0.43226712820226343,57731722.539366275,0.14189554856175593,0.00028862688823927054,3.277430104789281e-05,1.2763601603080574e-05,9806.446841117808,0.11293232651547724,0.025914146698991527,0.11842668437672466,0.5735764363510418,0.8191520442889949,0.0027192995688157945,0.0011757270516180862,0.0033192995688157943,0.0001019737338305923,liquid,False,78.14667239326297
0.17953616798307173,1.0037402211008872,3055.315457260942,2517.9525297582372,1.3928071376123505,3507.022255616347,8281844.624694861,693.8121587198966,422.80543877228683,317.8179239816401,2670474.686147091,189373.1926540399,991.471774577685,9.974741180809673,19352.532023758373,3.937649448394421,0.03899742856214554,82098.49389399226,0.313956947763274,78884.09056266837,15.279777243707944,500.63534808299244,-0.4325396068402941,57977702.745368995,0.14284533937240862,0.00028514218819072006,3.2722990134289746e-05,1.267682739152027e-05,9889.674339490479,0.11319240549833398,0.025732037434665327,0.11874418219006708,0.5735764363510418,0.8191520442889949,0.0026964150437374813,0.0011735738482675645,0.003296415043737481,0.00010111556414015555,liquid,False,77.8299093107056
0.1822022658467239,1.0038521298687506,3055.273117554791,2550.3490407721783,1.3920371527206354,3550.180617160307,8373347.96449706,696.7035495662549,423.1349769287191,317.7152006564093,2671009.404936507,188944.8864023408,991.5147910642953,10.059685167311999,19446.350861942086,3.9455977077175435,0.03900307792443734,82725.22297143808,0.31303328484123694,79428.62582887548,15.303928890237142,500.646144892388,-0.4328136892688865,58226931.92170884,0.14380541251522153,0.0002816758097225692,3.26713488795002e-05,1.2589919434769576e-05,9974.326636839947,0.1134524844811907,0.02554992817033913,0.1190616800034095,0.5735764363510371,0.8191520442889981,0.0026735305186591685,0.0011713918588228014,0.0032735305186591683,0.00010025739444971882,liquid,False,77.51116796366892
0.184930558228352,1.003968356994655,3055.229154027829,2583.3986047553135,1.3912566441044172,3594.1704732359112,8466410.05539971,699.6341374739218,423.46650550377746,317.6120671041499,2671554.486202302,188514.89567553828,991.5579098801851,10.146094883824361,19541.313399868057,3.9536037780142155,0.03900902742469206,83362.77723362819,0.31210363887427617,79981.62555486665,15.328389491196742,500.6571623928677,-0.4330895229085522,58479486.800770685,0.14477572425085192,0.00027822831650488685,3.2619212885160266e-05,1.2502871666618095e-05,10060.440636450923,0.11371256346404746,0.025367818906012928,0.11937917781675193,0.5735764363510552,0.8191520442889855,0.0026506459935808553,0.0011691805021388352,0.003250645993580855,9.939922475928207e-05,liquid,False,77.19065688909023
0.18772310898875746,1.0040891105283662,3055.183489143269,2617.119217068408,1.390465389965442,3639.013692747076,8561066.645528542,702.6046399370634,423.80000802484375,317.50852332015324,2672110.2339446023,188083.2076886464,991.6011300547453,10.234008634675696,19637.443194848973,3.9616680857137,0.03901528517786598,84011.45010200917,0.3111679007614857,80543.2972294417,15.353164305075026,500.66840048017417,-0.43336710805197615,58735441.28953067,0.1457564029071918,0.00027479973543191155,3.2566576509229684e-05,1.2415682426699328e-05,10148.054527134442,0.11397264244690418,0.02518570964168673,0.11969667563009435,0.5735764363510418,0.8191520442889949,0.002627761468502542,0.001166939181321544,0.003227761468502542,9.854105506884532e-05,liquid,False,76.86839245533042
0.1905820748473718,1.004214610791025,3055.136040845202,2651.529504014418,1.3896631611038877,3684.7328723088995,8657354.500009358,705.615790660946,424.1354660519543,317.4045692996097,2672676.964041085,187649.80955396398,991.6444506112944,10.323466070309403,19734.764448633625,3.969791061862717,0.0390218595866093,84671.54566304982,0.310225958567301,81113.85515758986,15.378258697184979,500.67985904801145,-0.4336464449914881,58994871.663574114,0.14674757747383607,0.000271390093842376,3.251343405294164e-05,1.2328350046452324e-05,10237.207839696306,0.11423272142976092,0.02500360037736053,0.12001417344343678,0.5735764363510418,0.8191520442889949,0.002604876943424229,0.0011646672831904991,0.0032048769434242287,9.768288537840857e-05,liquid,False,76.54439299605713
0.19350971087123467,1.0043450912497938,3055.0867222411725,2686.648749765472,1.3888497205354247,3731.351365288624,8755311.434266187,708.6683399591934,424.47285905854505,317.3002050381163,2673255.0048869736,187214.6882823027,991.6878705668512,10.414508246939588,19833.30202972068,3.977973142141584,0.03902875935363317,85343.37915638306,0.30927769742082006,81693.52074268207,15.403678141748776,500.69153798804865,-0.43392753401908396,59257856.66537544,0.14774937749953998,0.0002679994195407671,3.245977976161706e-05,1.2240872849020622e-05,10327.941506408431,0.11449280041261765,0.024821491113034333,0.1203316712567792,0.5735764363510552,0.8191520442889855,0.002581992418345916,0.0011623641777196846,0.003181992418345916,9.682471568797185e-05,liquid,False,76.2186789295036
0.196508376378174,1.0044807994670644,3055.035441258128,2722.4969246471483,1.3880248220961104,3778.8933094905656,8854976.327354362,711.7630590727449,424.8121702831198,317.19540636269096,2673844.6991771813,186777.83078546473,991.7313993377801,10.507177579160187,19933.072872004537,3.9862166674021084,0.03903599466581112,86027.25118128583,0.3083230463344851,82282.49953605438,15.429428298175235,500.7034573905858,-0.4342105038640298,59524486.86175069,0.14876190949651685,0.0002646277410078059,3.240560766980152e-05,1.2153252582729599e-05,10420.297923671082,0.11475287939547439,0.024639381848708126,0.12064916907012163,0.5735764363510418,0.8191520442889949,0.002559107893267602,0.0011600292174550068,0.003159107893267602,9.596654599753508e-05,liquid,False,75.89128710746598
0.1995805412929467,1.0046219981317426,3054.982100269126,2759.094714859089,1.387188212914853,3827.3836667681953,8956389.219316928,714.9007289966157,425.15336895312583,317.0901974368307,2674446.401113343,186339.22387588504,991.775025488119,10.60151823534045,20034.111763259814,3.994520195214372,0.03904357368495612,86723.52666385214,0.3073618372273201,82881.05090425158,15.455514793944314,500.7155969355806,-0.4344952263958392,59794837.056386344,0.14978532696512042,0.0002612750868648583,3.2350912063822484e-05,1.206548407735866e-05,10514.321018067532,0.11501295837833113,0.024457272584381927,0.12096666688346405,0.5735764363510418,0.8191520442889949,0.0025362233681892887,0.0011576617369074716,0.0031362233681892886,9.510837630709833e-05,liquid,False,75.56222798245477
0.202728792999483,1.0047689661810295,3054.92659568783,2796.463553716288,1.3863396300501847,3876.8482485078634,9059591.287135346,718.0821523639943,425.4964275722748,316.98457783663207,2675060.480646248,185898.8542695514,991.8187490584842,10.697575868674956,20136.445549591124,4.002884200074101,0.03905150611644645,87432.55705140751,0.30639394654218766,83489.41898240957,15.481943443386601,500.72799689562163,-0.4347818491483713,60068999.253263876,0.15081974728658543,0.0002579414864600088,3.229568702588074e-05,1.1977565686625398e-05,10610.056316027423,0.11527303736118787,0.02427516332005573,0.12128416469680647,0.5735764363510552,0.8191520442889855,0.002513338843110976,0.001155261051920822,0.0031133388431109758,9.42502066166616e-05,liquid,False,75.23156932334683
0.20595584373732848,1.0049220000221242,3054.868817527499,2834.625654500937,1.3854787988794457,3927.3137470708207,9164624.856689826,721.3081582791147,425.8413286849627,316.87849963929307,2675687.325105795,185456.70859041257,991.8625887024889,10.795397607785581,20240.084586984798,4.011312952532355,0.03905980429121633,88154.65391343736,0.3054193393375735,84107.8093966214,15.50872033466191,500.7406571322798,-0.4350704821160612,60347076.67159692,0.15186526609338255,0.0002546269700875944,3.2239926261517696e-05,1.188950238002715e-05,10707.551017330863,0.1155331163440446,0.024093054055729524,0.12160166251014891,0.5735764363510552,0.8191520442889855,0.002490454318032662,0.001152826459012387,0.0030904543180326617,9.339203692622482e-05,liquid,False,74.89932844731709
0.20926453859587787,1.0050814148644163,3054.8086489207967,2873.6040450208006,1.3846054386687652,3978.8077893163636,9271533.577051567,724.5795783065068,426.1880270997965,316.7720107578332,2676327.333396499,185012.77336852814,991.9065236713982,10.89503276246497,20345.07462830861,4.0198031237771215,0.03906847631087802,88890.2491930933,0.3044377914173271,84736.53023589145,15.53585136636244,500.75357750429305,-0.43536101596485033,60629148.72522266,0.15292204776074095,0.0002513315678845143,3.218362407113257e-05,1.1801285670019501e-05,10806.85407270262,0.11579319532690134,0.023910944791403328,0.12191916032349133,0.5735764363510418,0.8191520442889949,0.002467569792954349,0.001150357234685799,0.003067569792954349,9.25338672357881e-05,liquid,False,74.56555040449655
0.21265786416752394,1.0052475461741137,3054.7459655962452,2913.422603976633,1.3837192537659873,4031.3589514795062,9380362.278758025,727.8972796672888,426.5365002140274,316.66506305909564,2676980.92594138,184567.0350473562,991.9505730551432,10.996532047124616,20451.427329495993,4.028359033190068,0.039077535258682475,89639.68188367691,0.30344926085082424,85375.80395467662,15.563342873907153,500.7667780499955,-0.43565363433376436,60915327.59241138,0.15399018029620837,0.00024805531138153813,3.212677405175459e-05,1.1712920449110723e-05,10908.016265764509,0.11605327430975806,0.02372883552707713,0.12223665813683375,0.5735764363510552,0.8191520442889855,0.002444685267876036,0.0011478526347141707,0.0030446852678760357,9.167569754535135e-05,liquid,False,74.23027783596808
0.21613895792429405,1.0054207512645643,3054.680635306713,2954.1060992480257,1.3828199413226343,4084.996822822991,9491157.20322452,731.2621322133546,426.8866961009411,316.5577044566933,2677648.536192354,184119.4799823694,991.9947161617404,11.099948538273056,20559.190325977237,4.036977336752404,0.03908699005196571,90403.41504109027,0.3024535162265915,86025.95801680523,15.591200992512416,500.7802586108542,-0.43594822789746995,61205699.092650846,0.1550698275475486,0.00024479823201158254,3.206937042503154e-05,1.162439829853042e-05,11011.090299634105,0.11631335329261482,0.023546726262750922,0.12255415595017619,0.5735764363510236,0.8191520442890075,0.0024218007427977218,0.0011453118933922434,0.0030218007427977216,9.081752785491457e-05,liquid,False,73.89356250991312
0.21971111839847607,1.0056014110376257,3054.6125172046154,2995.6802282147346,1.3819071820835132,4139.7520225955195,9603965.851498432,734.6750429118947,427.2385861845048,316.4498870269134,2678330.6209819764,183670.09444931062,992.0389714742626,11.20533689514287,20668.37684904694,4.04566237896009,0.03909685457580535,91181.81835498332,0.30145050729830214,86687.23366665107,15.619432310876645,500.79401902506174,-0.4362449066780574,61500379.69135418,0.15616108225179906,0.0002415603626840009,3.2011406691895156e-05,1.1535723978059113e-05,11116.130888480138,0.11657343227547154,0.023364616998424726,0.1228716537635186,0.5735764363510552,0.8191520442889855,0.002398916217719409,0.001142734222755924,0.002998916217719409,8.995935816447784e-05,liquid,False,73.55543284055693
0.22337781624815475,1.0057899318929808,3054.541461157959,3038.1716602385936,1.3809806471438368,4195.656265490358,9718837.200733822,738.1369261458531,427.5921181705285,316.34163451415395,2679027.653346255,183218.86464468628,992.0833286204793,11.312754211861366,20779.02746884477,4.054412753530665,0.03910713976967431,91975.36063449786,0.3004400413513195,87359.95459357214,15.648043295423692,500.8080792980824,-0.43654368983971886,61799471.717060275,0.15726408221141563,0.00023834173648234436,3.195287682685708e-05,1.1446892396548693e-05,11223.19485436877,0.11683351125832828,0.023182507734098527,0.12318915157686103,0.5735764363510599,0.8191520442889821,0.0023760316926410958,0.0011401188117675417,0.0029760316926410956,8.910118847404109e-05,liquid,False,73.2159611275539
0.2271427063066085,1.0059867478249274,3054.4673070004956,3081.6080814398224,1.3800399916833597,4252.742391081586,9835821.622555163,741.6487259404635,427.9472498757715,316.232922953587,2679740.129522112,182765.77669270142,992.1277962186356,11.422259584856482,20891.16590568212,4.063230915919913,0.03911785927953671,92784.47284450129,0.2994220133636532,88044.40659975853,15.677040710715076,500.82243924921,-0.4368446325872757,62103092.36211088,0.1583789349039888,0.0002351423876736802,3.189377441995515e-05,1.1357904932517799e-05,11332.341229760848,0.11709359024118501,0.02300039846977232,0.12350664939020346,0.5735764363510418,0.8191520442889949,0.0023531471675627812,0.0011374648254650528,0.002953147167562781,8.82430187836043e-05,liquid,False,72.8751893734385
0.23100964072397623,1.0061923227286569,3054.389883708379,3126.0182419110515,1.3790848573522119,4311.044421226315,9954971.006149555,745.2114031679776,428.30392833591225,316.1237519194634,2680468.566507331,182310.81664910234,992.1723741426746,11.533914533688728,21004.825557357824,4.072117425277585,0.039129026129937204,93609.63179809235,0.29839626843502626,88740.91059719415,15.706431366796966,500.8371390183639,-0.43714788262055815,62411361.29661627,0.15950575022450728,0.00023196235118253344,3.18340932019089e-05,1.126875973291645e-05,11443.631366048645,0.11735366922404175,0.022818289205446124,0.12382414720354588,0.5735764363510418,0.8191520442889949,0.002330262642484469,0.0011347714040733225,0.0029302626424844687,8.738484909316758e-05,liquid,False,72.53321068245168
0.23498268332507696,1.0064071529411522,3054.309008494661,3171.432005522514,1.3781148714155558,4370.597610493837,10076338.810368799,748.8259353846051,428.6620885301841,316.0141455767489,2681213.5030420795,181853.97050541342,992.2170510102494,11.6477831506567,21120.05025855684,4.08107084818508,0.03914065272093013,94451.36373962324,0.2973626000137948,89449.8252359034,15.736222108410804,500.85215823363126,-0.437453311812525,62724387.40557316,0.16064467469750848,0.0002288016626373914,3.177382706950715e-05,1.1179451691076304e-05,11557.129048551462,0.11761374820689849,0.022636179941119924,0.1241416450168883,0.5735764363510418,0.8191520442889949,0.0023073781174061552,0.0011320376620754919,0.002907378117406155,8.652667940273083e-05,liquid,False,72.19006970344714
0.23906612532425436,1.0066317700453933,3054.2244858117892,3217.8804024828282,1.37712724447345,4431.430771716293,10199970.575811347,752.4914561742985,429.0215388589037,315.9040557897862,2681975.5063452944,181395.22462274643,992.2618455494539,11.763931739166178,21236.857252185986,4.090095659829159,0.039152755329250936,95310.12810082453,0.2963215828946577,90171.47746806672,15.76649022027296,500.8675168428378,-0.4377611039135343,63042310.13864937,0.1617956346044186,0.0002256607519139242,3.171282847447475e-05,1.1089981312041154e-05,11672.90061842283,0.11787382718975521,0.02245407067679373,0.12445914283023073,0.5735764363510552,0.8191520442889855,0.002284493592327843,0.0011292626872423277,0.0028844935923278427,8.566850971229411e-05,liquid,False,71.84597798393412
0.24326450255764395,1.0068667439707082,3054.136106250828,3265.3956848317157,1.376126543539588,4493.597677056555,10325942.516165866,756.2128700679045,429.3824973252519,315.7935304736828,2682755.1640496976,180934.5644295925,992.3067372149891,11.882429756600994,21355.30165816806,4.099188483303326,0.03916534636483186,96186.52268040128,0.29527160931242125,90906.2103686457,15.797097481353962,500.88321462260654,-0.43807114961357574,63365242.95150493,0.16295909295366512,0.00022253883677789127,3.1651384096994586e-05,1.100034855643821e-05,11791.015101959028,0.11813390617261196,0.022271961412467522,0.12477664064357316,0.5735764363510379,0.8191520442889975,0.002261609067249529,0.0011264455396173146,0.0028616090672495286,8.481034002185733e-05,liquid,False,71.50071729735464
0.24758261441761245,1.0071126864270468,3054.043645324477,3314.011385053776,1.3751097594417854,4557.129398488636,10454302.823649669,759.9892287180887,429.7447518968937,315.68252128140483,2683553.096598321,180471.97577248458,992.3517451643281,12.003349020025071,21475.402590756352,4.108353847447242,0.0391784432460552,97081.05002139555,0.29421329589167755,91654.37820422606,15.828126671910939,500.89929163342737,-0.43838370638088675,63693337.480497986,0.16413495095700756,0.0002194363847407204,3.158933526146937e-05,1.0910553533752426e-05,11911.544347838408,0.1183939851554687,0.022089852148141315,0.12509413845691558,0.5735764363510552,0.8191520442889855,0.002238724542171215,0.0011235852504551248,0.002838724542171215,8.395217033142057e-05,liquid,False,71.15453973653365
0.25202554469625055,1.007370254716379,3053.9468621191454,3363.762378016369,1.3740764439582949,4622.06664670543,10585111.570829686,763.8216043246339,430.1082253158054,315.57102820720525,2684369.950644015,180007.444464655,992.3968681327108,12.126764562960698,21597.198853099646,4.117592339952234,0.03919206178045797,97994.29540012583,0.2931464618076152,92416.36636867633,15.859585255869616,500.915747614082,-0.4386987746359665,64026731.07496909,0.165323317200679,0.00021635343590573097,3.1526675630748325e-05,1.0820594222572038e-05,12034.563172864939,0.11865406413832542,0.021907742883815126,0.125411636270258,0.5735764363510542,0.8191520442889861,0.002215840017092903,0.0011206808211109386,0.0028158400170929026,8.309400064098385e-05,liquid,False,70.80752229827664
0.2565986845898535,1.0076401559719093,3053.8454977987885,3414.68494644967,1.3730261292628485,4688.451654675908,10718430.685101125,767.7110818853021,430.4728175677902,315.4590991668874,2685206.4004364475,179540.95629260445,992.4420856621307,12.252754787927248,21720.74945421169,4.126900561280827,0.03920621627004481,98926.93086064265,0.2920708294191109,93192.62809797998,15.891480622450445,500.93258229737273,-0.4390162450760038,64365552.07241136,0.1665243339021294,0.0002132900312628105,3.146339928160204e-05,1.0730462488391567e-05,12160.149516837177,0.11891414312118215,0.021725633619488937,0.12572913408360042,0.5735764363510361,0.8191520442889988,0.0021929554920145913,0.0011177312218779482,0.002792955492014591,8.223583095054718e-05,liquid,False,70.45976472958256
0.26130775812856594,1.0079231518822944,3053.739273941092,3466.816850203185,1.371958317349606,4756.328212364023,10854323.763286738,771.658795333446,430.8384637867356,315.3466618512661,2686063.159999841,179072.49703404168,992.4874263440175,12.381400792635167,21846.067192754013,4.136285108155039,0.03922092712664528,99879.50217129698,0.2909863440474852,93983.49996609752,15.923820791482193,500.9498356697805,-0.4393364300921865,64709975.328604676,0.16773802969584267,0.0002102462141701052,3.139949931284425e-05,1.0640165564814335e-05,12288.384607216256,0.11917422210403887,0.021543524355162748,0.12604663189694285,0.5735764363510495,0.8191520442889895,0.002170070966936279,0.0011147353907701965,0.002770070966936279,8.137766126011046e-05,liquid,False,70.11137188304491
0.26615885037180004,1.0082200639693217,3053.6278906827542,3520.197399530755,1.3708724907217913,4825.741776927099,10992856.45888356,775.6658763365344,431.205050522421,315.2337641762438,2686940.9702724908,178602.05246228343,992.5328697216116,12.512787750603554,21973.213710377673,4.145742587878847,0.039236210059470776,100852.73669276408,0.2898927160543933,94789.46733478154,15.956613401397062,500.96750742185543,-0.4396592203987229,65060140.49506866,0.16896453612356988,0.00020722202849336312,3.133496985997186e-05,1.054969532076973e-05,12419.353134323976,0.11943430108689561,0.02136141509083654,0.1263641297102853,0.5735764363510495,0.8191520442889895,0.0021471864418579653,0.0011116922322477328,0.002747186441857965,8.05194915696737e-05,liquid,False,69.76245689943443
0.2711584387331965,1.0085317794970179,3053.5110246475056,3574.8675326750804,1.3697680987897334,4896.73950365749,11134096.22249174,779.7335010166444,431.5724911962634,315.12035800311344,2687840.6146577396,178129.6083654044,992.5784341412273,12.647004011049221,22102.213653374885,4.155277645788881,0.039252085833161164,101847.26709584054,0.2887898317560728,95610.92542653978,15.989866625553368,500.98561735642676,-0.4399847998649705,65416224.70913599,0.17020389470651856,0.00020421752050585424,3.12698042897338e-05,1.0459055756847836e-05,12553.143437865056,0.11969438006975233,0.021179305826510356,0.12668162752362772,0.5735764363510408,0.8191520442889955,0.0021243019167796534,0.001108600615880867,0.002724301916779653,7.9661321879237e-05,liquid,False,69.41312616016336
0.27631342788332536,1.0088592581048461,3053.3883266255393,3630.869898043745,1.3686445658288107,4969.370355188979,11278112.635411467,783.8628476813215,431.94065643292834,315.0064912482857,2688762.9090520744,177655.150554617,992.6240992045915,12.78414227078053,22233.131706878783,4.164886874396092,0.03926857172954324,102863.88338906429,0.2876773886083457,96448.39570713133,16.02358833269933,501.00416513358,-0.44031305919760516,65778379.98573577,0.17145622372969901,0.00020123273745451624,3.120399685878414e-05,1.0368238814842833e-05,12689.847705636865,0.11995445905260906,0.02099719656218416,0.12699912533697014,0.5735764363510408,0.8191520442889955,0.002101417391701341,0.001105459374950101,0.002701417391701341,7.880315218880028e-05,liquid,False,69.06350870065165
0.28163118873499915,1.0092035392726155,3053.259418968152,3688.248941290989,1.3674990877531874,5043.677062622087,11424968.196155885,788.0532897287203,432.3093116423775,314.89211556139895,2689708.7166899308,177178.66526077624,992.6698836814703,12.92429879889709,22365.9950286337,4.174574976948152,0.03928569013264461,103903.28124659679,0.2865558308448368,97302.3422248687,16.05785185404168,501.0231906230263,-0.44064425600536034,66146799.52110947,0.17272140570474356,0.00019826804682061147,3.113741517512833e-05,1.0277244896006401e-05,12829.56218536574,0.12021453803546578,0.020815087297857974,0.12731662315031256,0.5735764363510542,0.8191520442889861,0.002078532866623029,0.0011022673049780993,0.002678532866623029,7.794498249836359e-05,liquid,False,68.71387898064881
0.287119602123265,1.0095657507451818,3053.12389265449,3747.0509976443154,1.3663357872260757,5119.729874642599,11574756.023049096,792.3100789457908,432.67861604090933,314.77723093605715,2690678.9413902345,176700.13795930563,992.7157861842695,13.067574416797948,22500.851747411885,4.184342615308012,0.03930346215407115,104966.25478559984,0.28542368495244475,98173.19798877189,16.092524176771605,501.0426934355142,-0.44097839074553674,66521663.72656596,0.17399979757912495,0.00019532280500830302,3.107032771911033e-05,1.0186079505267521e-05,12972.387410693022,0.1204746170183225,0.020632978033531778,0.12763412096365498,0.5735764363510495,0.8191520442889895,0.0020556483415447163,0.0010990231621898117,0.002655648341544716,7.708681280792687e-05,liquid,False,68.36407739460486
0.29278710788799384,1.009947118067689,3052.981303979898,3807.3243898413557,1.365151394452244,5197.574199923965,11727541.388757223,796.6322962199347,433.04825558705295,314.66188486702265,2691674.5301424176,176219.55464660097,992.7617874418253,13.21407472403787,22637.771374743883,4.194186386042221,0.039321907776507195,106053.7013095536,0.28428130501548177,99061.5838413652,16.12768999478551,501.0627133672872,-0.4413155015677642,66903151.26503869,0.17529131538659878,0.00019239744571893344,3.100258004473441e-05,1.0094730582961157e-05,13118.42844242568,0.12073469600117921,0.020450868769205596,0.1279516187769974,0.5735764363510446,0.8191520442889928,0.0020327638164664053,0.001095725661896617,0.002632763816466405,7.62286431174902e-05,liquid,False,68.01445778023424
0.29864276020573444,1.0103489754111057,3052.8311708057226,3869.1195320717115,1.3639451753334801,5277.266918557743,11883402.063667769,801.0212383046287,433.41810872939243,314.546005674292,2692696.4873459483,175736.90142727745,992.8079139549753,13.36390951338658,22776.775618751864,4.20411308045818,0.039341053143656476,107166.39309057573,0.28312858361014887,99967.96353606609,16.163358126737137,501.08322988343224,-0.44165567982874326,67291477.14947575,0.17659594598095918,0.00018949202597341735,3.093416578903297e-05,1.0003204673057318e-05,13267.79512626838,0.12099477498403595,0.02026875950487939,0.12826911659033985,0.5735764363510495,0.8191520442889895,0.0020098792913880916,0.0010923734768000753,0.0026098792913880915,7.537047342705344e-05,liquid,False,67.66512115403981
0.3046962901770617,1.0107727779026805,3052.67296829897,3932.4890403497725,1.362714668290058,5358.860498174528,12042411.197557008,805.4767216978125,433.7878937534897,314.42964042983726,2693745.862052133,175252.16481317344,992.8541474901757,13.517194244785275,22917.937251612697,4.214119330283062,0.03936092027634564,108305.30837262841,0.28196561417445004,100892.9911608437,16.199587251733195,501.10432288990535,-0.4419991111511146,67686841.79451792,0.17791362217955256,0.00018660683560257736,3.086498391781587e-05,9.911491259148013e-06,13420.602368365393,0.12125485396689267,0.0200866502405532,0.12858661440368227,0.5735764363510408,0.8191520442889955,0.0019869947663097793,0.001088965235210585,0.002586994766309779,7.451230373661672e-05,liquid,False,67.31642913641565
0.3109581768741245,1.0112201157190266,3052.5061240760115,3997.487849779319,1.361461414565745,5442.42546266993,12204660.82392153,810.0021324946183,434.15759969224456,314.3127414143922,2694823.765983211,174765.33107639247,992.9005049521102,13.674049275219346,23061.291036888604,4.224209940811572,0.03938153636946815,109471.33623434075,0.28079161374296846,101837.16681132726,16.236315495826283,501.125971786747,-0.4423458320337773,68089470.1394684,0.17924446759421964,0.00018374160691020703,3.0795164095482766e-05,9.81959761167247e-06,13576.970430105324,0.1215149329497494,0.019904540976227007,0.1289041122170247,0.5735764363510408,0.8191520442889955,0.0019641102412314673,0.001085499519175921,0.002564110241231467,7.365413404618002e-05,liquid,False,66.96837209450246
0.3174397282978664,1.011692730252827,3052.3300126471004,4064.173339207882,1.3601891041182115,5528.044293238288,12370254.717812346,814.6028777644779,434.52729457414455,314.19535633395265,2695931.3637975533,174276.38591894734,992.9469666089318,13.834601147624175,23206.91399145932,4.234381490160372,0.039402925681998574,110665.54854296966,0.2796050615754333,102801.09253389035,16.273414111447394,501.14819613169516,-0.44269580689843663,68499572.1115882,0.18058878817024973,0.00018089580092966426,3.0724960145165806e-05,9.727523077347946e-06,13737.02524377787,0.12177501193260612,0.019722431711900818,0.1292216100303671,0.5735764363510446,0.8191520442889928,0.001941225716153155,0.0010819748625142903,0.002541225716153155,7.279596435574331e-05,liquid,False,66.62090155755061
0.3241531739986138,1.0121925327305479,3052.143949036667,4132.6054638101805,1.3588867431832592,5615.742779578359,12539237.60843951,819.2714510229703,434.89619248045835,314.07743662303034,2697069.891394802,173785.31693594943,992.9935513389714,13.998981898804718,23354.844004307957,4.244638886122745,0.03942511779414355,111888.92828507237,0.2784083293385374,103785.5217052261,16.311192421679603,501.17105557667486,-0.44304936719636573,68917403.0494839,0.1819458809182946,0.00017807083394853816,3.065379814509685e-05,9.635255318561888e-06,13900.898750824075,0.12203509091546284,0.019540322447574632,0.12953910784370953,0.5735764363510446,0.8191520442889928,0.001918341191074844,0.0010783897487461735,0.0025183411910748438,7.193779466530665e-05,liquid,False,66.2748630962165
0.3311117714944441,1.012721625741762,3051.94718142723,4202.8468961845365,1.3575594923087397,5705.614698635642,12711724.342174165,824.0146949917435,435.26443708331306,313.95900623655774,2698240.647238641,173292.11096011073,993.0402482856333,14.167330366395026,23505.152019280322,4.254980777313399,0.0394481404887954,113142.61623597825,0.2771995064370232,104791.05719704206,16.349473837736188,501.1945495002472,-0.44340645849790505,69343197.66706653,0.18331609688965064,0.00017526595341937925,3.058202392091365e-05,9.542799039804201e-06,14068.729264589509,0.12229516989831955,0.019358213183248443,0.12985660565705195,0.5735764363510542,0.8191520442889861,0.0018954566659965316,0.0010747426089188208,0.0024954566659965314,7.107962497486994e-05,liquid,False,65.93011241693415
0.33832992909953363,1.013282328245616,3051.7388826405117,4274.963176595256,1.3562019977316089,5797.713600327551,12887788.185740395,828.8301509963203,435.6315373681026,313.84006495579126,2699445.0047025373,172796.75582678922,993.0870564961947,14.339792031848887,23657.90078527171,4.26540790825723,0.03947202394306903,114427.77465334523,0.27597936307434023,105818.47752123592,16.388394743840852,501.21869731721284,-0.44376715499022507,69777211.9034472,0.18469909923563027,0.00017248178660351615,3.0509394471835742e-05,9.450145413397367e-06,14240.661859676398,0.12255524888117628,0.01917610391892225,0.13017410347039438,0.5735764363510433,0.8191520442889938,0.0018725721409182197,0.0010710318193168508,0.0024725721409182195,7.022145528443325e-05,liquid,False,65.58715994911023
0.3458233483874549,1.0138772047539049,3051.5181402258013,4349.022873047567,1.354817858884818,5892.133857103406,13067542.514315756,833.723563383006,435.99754734248535,313.72056442487127,2700684.419264656,172299.23895341918,993.1339941120409,14.516519297165498,23813.133912540266,4.275925275160306,0.039496801768872665,115745.55177222949,0.27474646660865265,106868.37540896969,16.42781963876412,501.24353844329204,-0.44413171440526794,70219731.51928318,0.18609502246141818,0.0001697178007581117,3.043617540213118e-05,9.357305153869382e-06,14416.848790198488,0.12281532786403303,0.018993994654596044,0.13049160128373682,0.5735764363510495,0.8191520442889895,0.0018496876158399056,0.001067255699051928,0.0024496876158399054,6.936328559399646e-05,liquid,False,65.24599110080669
0.35360919028513776,1.0145090995608896,3051.2839448702234,4425.097751940331,1.3534038309049157,5988.944249604775,13251074.540294396,838.6945488061565,436.3620518647733,313.6005521376673,2701960.4224469033,171799.54849084685,993.1810420061373,14.69767275258025,23970.93948452486,4.286529459885348,0.03952250512033881,117097.30487535741,0.27350089447611664,107941.61499941767,16.467815353012575,501.26911221839913,-0.4445001748748218,70671023.920086,0.1875036444254517,0.00016697433776679293,3.0362254450984685e-05,9.264267539497116e-06,14597.449939472865,0.12307540684688974,0.018811885390269855,0.13080909909707925,0.5735764363510495,0.8191520442889895,0.0018268030907615937,0.0010634125075240043,0.0024268030907615935,6.850511590355976e-05,liquid,False,64.90706035362581
0.36170626980408555,1.0151811771119046,3051.0351767736897,4503.262960106298,1.3519585034535937,6088.224652203311,13438481.524778377,843.7444980509476,436.72475019443505,313.4800276628821,2703274.6395086097,171297.67307478315,993.22819970943,14.883420857629094,24131.38707687793,4.2972212497094455,0.03954916878024625,118484.38749794231,0.2722423071156954,109039.00182288028,16.508390066513265,501.29545790272925,-0.4448726843115903,71131384.7582255,0.18892478433332308,0.0001642514948324226,3.0287629380301222e-05,9.171030395384308e-06,14782.633303940725,0.12333548582974646,0.018629776125943666,0.13112659691042167,0.5735764363510495,0.8191520442889895,0.0018039185656832817,0.0010595004417460684,0.0024039185656832816,6.764694621312307e-05,liquid,False,64.57070770829421
0.3701352857180638,1.0158969698912446,3050.770589538084,4583.597219119998,1.350477921772015,6190.046846717162,13629852.13029914,848.8725316053537,437.0851942818228,313.3589430663621,2704628.7960821204,170793.6022851391,993.275484165724,15.073940465742215,24294.52721285764,4.3080056944432785,0.03957683117893118,119908.1496435087,0.2709710310519713,110161.36023198257,16.54962512797049,501.3225746261315,-0.4452493529326531,71601133.37587327,0.19035805004298798,0.00016154966590121065,3.021216469459184e-05,9.077593067970081e-06,14972.575514395397,0.12359556481260318,0.018447666861617477,0.1314440947237641,0.5735764363510408,0.8191520442889955,0.0017810340406049698,0.0010555176335237666,0.0023810340406049697,6.678877652268637e-05,liquid,False,64.23738034430869
0.3789190932156855,1.0166604355903124,3050.4887909975546,4666.18303283117,1.348964907233281,6294.517162016608,13825306.138411136,854.0842404089835,437.4432857105874,313.237321666723,2706024.7151433504,170287.32563530141,993.3228860645746,15.269418041910534,24460.44496505517,4.3188815182516755,0.039605529655017534,121370.13012003807,0.26968553814624935,111309.51919127337,16.591391199671172,501.3505215398933,-0.4456303474686432,72080589.09134279,0.19180345655737183,0.00015886842060489745,3.0136110587875816e-05,8.983957591997213e-06,15167.462397917057,0.12385564379545991,0.018265557597291284,0.1317615925371065,0.5735764363510408,0.8191520442889955,0.0017581495155266575,0.00105146214648062,0.0023581495155266573,6.593060683224965e-05,liquid,False,63.907235829305876
0.3880830298383658,1.017476025823337,3050.18822025385,4751.106909166683,1.3474155021316165,6401.715101695819,14024936.456579072,859.3790021329346,437.7985101897061,313.1151632432509,2707464.3331702314,169778.83372054837,993.3704043192514,15.47004975933739,24629.21764390249,4.329849551539541,0.03963530445644764,122871.91367562914,0.26838595886256705,112484.43998380976,16.633758824954985,501.3793176585429,-0.4460157420259611,72570088.73771995,0.19326056644725162,0.00015620813861821176,3.0059351302477066e-05,8.890118492334879e-06,15367.489584271922,0.12411572277831663,0.018083448332965095,0.13207909035044893,0.5735764363510495,0.8191520442889895,0.0017352649904483456,0.0010473319729188925,0.0023352649904483454,6.507243714181296e-05,liquid,False,63.58080746883678
0.39765530808075655,1.0183487693396982,3049.867119961724,4838.459597337725,1.3458276428767453,6511.732675039397,14228845.728171049,864.7581116154984,438.15044109992,312.99246693854286,2708949.7066108803,169268.11800360816,993.4180393840325,15.67604225366342,24800.925127540533,4.3409106769808785,0.03966619792426771,124415.17243642964,0.2670718881982701,113687.08884521056,16.676734516956426,501.40904193058793,-0.4464058319412277,73069994.40346457,0.194728983412874,0.00015356895774195,2.998188880992345e-05,8.796073592503888e-06,15572.863160935563,0.12437580176117337,0.017901339068638892,0.13239658816379138,0.5708879670113862,0.8210279709739531,0.001712380465370032,0.0010431250305054133,0.0023123804653700317,6.42142674513762e-05,liquid,False,63.258600830667945
0.4075712811223844,1.0192752723140006,3049.526842186962,4927.479958719299,1.3442144542206642,6623.589783393124,14435156.530131731,870.1713865812994,438.4959394649478,312.86923274320765,2710482.56116826,168755.21668233688,993.4657896290465,15.885591977548302,24973.449882962675,4.352065733122608,0.03969799366225752,125984.5996191697,0.265757562969631,114905.15756418915,16.71991843242469,501.4396931760671,-0.44680061749736055,73576255.94992732,0.19619313790519116,0.0001509755333138583,2.990445210727568e-05,8.702829543933854e-06,15781.79217769987,0.12463706672634321,0.01772094060226071,0.1327140859771338,0.562075256703779,0.8270860933429971,0.0016897109255023294,0.0010388797958641898,0.002289710925502329,6.336415970633735e-05,liquid,False,62.943753711119314
0.41772406144673235,1.0202475442649173,3049.17041936204,5017.068796479977,1.3425948208197773,6735.890581850531,14641263.303635094,875.550891888548,438.83129129939834,312.74548439925485,2712064.0779480184,168240.20426118834,993.5136448076556,16.096113160527484,25143.92565323959,4.36331339903707,0.03973035518257175,127558.32578605799,0.2644618447533892,116121.4228912424,16.76277328047967,501.47129016067834,-0.4472001177550532,74083188.065587,0.19763273808725612,0.00014845846853487235,2.9827999915876235e-05,8.611675392029817e-06,15991.708053352135,0.12490097794504704,0.01754443724095565,0.13303158379047622,0.5496664146917245,0.8353842424656723,0.001667530858973934,0.00103464916659741,0.002267530858973934,6.253240721152252e-05,liquid,False,62.63999886127999
0.4281137920031352,1.021267273276282,3048.7973285109183,5107.107905855558,1.3409697430696315,6848.477176344011,14846867.88083765,880.889412847323,439.156194025566,312.62122147294497,2713695.401761223,167723.1282771618,993.5616043662853,16.30734556583893,25312.072434420505,4.374654535913225,0.03976323504027196,129134.08961102253,0.2631860806933842,117334.10598926246,16.805242676155267,501.5038715497555,-0.44760448040095896,74590255.4223274,0.19904567690209943,0.0001460178626942347,2.9752620038593272e-05,8.522671149780717e-06,16202.352423350356,0.12516751100396672,0.017371918691798903,0.13334908160381864,0.5370490176633733,0.8435510373574356,0.001645851538708382,0.0010304383506974334,0.002245851538708382,6.171943270156433e-05,liquid,False,62.34767752418952
0.4387429610391717,1.0223364266821724,3048.4069538942135,5197.4953032753865,1.3393398257106126,6961.212453620584,15051714.587148635,886.1809498135431,439.47042294975074,312.4964674939361,2715377.6415296453,167204.03773323173,993.609658660591,16.5190687132,25477.67533209305,4.386087813442203,0.03979658866233399,130710.00667491995,0.2619311970136274,118541.74766089293,16.847279929602017,501.537475895991,-0.44801379812280545,75097009.17374751,0.20043028015036354,0.0001436531360969872,2.9678381441354223e-05,8.435846608746273e-06,16413.506225513498,0.12543660780785068,0.01720342706029011,0.13366657941716106,0.5243023584317271,0.8515321702337081,0.0016246782558388068,0.0010262516101986136,0.0022246782558388066,6.0925434593955255e-05,liquid,False,62.06705294624027
0.4496139652435175,1.0234570264541132,3047.998670346445,5288.123185873104,1.3377056731319603,7073.952385963107,15255539.13079054,891.4193921112378,439.77377137287976,312.3712466294806,2717111.8652824434,166682.983726874,993.6577965713365,16.731049520640667,25640.516696486433,4.397611832931951,0.03983036866608249,132284.08955816927,0.2606981258020871,119742.83211040482,16.888837653125584,501.57208177705735,-0.4484279422814625,75602971.49055211,0.20178491440243165,0.00014136368828044515,2.9605352971550766e-05,8.351230569509029e-06,16624.93780100572,0.12570820864991966,0.01703900226082743,0.13398407723050348,0.5114331855508193,0.8593230456105209,0.0016040160261564093,0.001022093313087219,0.002204016026156409,6.015060098086535e-05,liquid,False,61.798310404177585
0.4607291059115866,1.0246311490000186,3047.5718441575336,5378.877942320087,1.3360678852113295,7186.546077205466,15458068.76431917,896.5985395613793,440.0660771371823,312.2455344817211,2718899.0978853297,166160.01942892827,993.7060266772144,16.943041835112155,25800.35234669759,4.409229653403738,0.03986452675290895,133854.15819961228,0.2594878930721681,120935.71536451868,16.929868121794136,501.60772759519386,-0.44884711531588634,76107669.82993424,0.20310789699462445,0.00013914890258226193,2.9533602766600447e-05,8.268855870954643e-06,16836.402781795117,0.12598225245602937,0.016878682155539514,0.1343015750438459,0.498447788008788,0.8669197209829446,0.0015838696075565991,0.001017967929160448,0.002183869607556599,5.939511028337247e-05,liquid,False,61.54165045801159
0.47209058618171384,1.0258609249555246,3047.125833996746,5469.640199334936,1.3344270643425817,7298.835914208693,15659022.981960952,901.7120767868564,440.3471591352319,312.1193787572306,2720740.3006852046,165635.20004824968,993.7543299045051,17.15478719188218,25956.970471096465,4.420937675895264,0.03989900909132451,135418.05592606586,0.25830140163006693,122118.80246074518,16.970322604573326,501.6444316970634,-0.4492712809967034,76610584.00634792,0.2043976453783912,0.0001370081492109301,2.9463199471838866e-05,8.188747185933532e-06,17047.64405052326,0.12625867699337343,0.016722502680160043,0.13461907285718835,0.4853520465361405,0.8743188153775373,0.0015642435158568528,0.001013880025031218,0.0021642435158568526,5.8659131844631975e-05,liquid,False,61.297272561831505
0.4837005095347495,1.0271485390031938,3046.659991866627,5560.284906171983,1.332783806317492,7410.657681457594,15858113.615917383,906.7536168094716,440.6168809800392,311.99277923466326,2722636.375508268,165108.5828048358,993.8027053268105,17.36601408587795,26110.133773346457,4.432736716430925,0.03993376097501658,136973.43538266877,0.25713964653469057,123290.37404910379,17.010152168869354,501.68221234281845,-0.4497005129101961,77111190.45770104,0.20565255862073964,0.00013494078973612923,2.9394210882784505e-05,8.110933296396055e-06,17258.391779289006,0.12653741904916457,0.0165704979584165,0.13493657067053078,0.47215147778213123,0.8815174314942102,0.0015451420391712333,0.001009834258272646,0.002145142039171233,5.7942826468921256e-05,liquid,False,61.06533136277926
0.4955608798123392,1.028496229768213,3046.1736640697704,5650.681459285362,1.3311387022485468,7521.840784533041,16055045.46026705,911.7166979929812,440.87512603525045,311.8657356925217,2724588.151486201,164580.2268955729,993.8511520074951,17.576438401865136,26259.60297377904,4.444627601059557,0.039968725027505016,138517.8447909878,0.2560036281436979,124448.65771100012,17.049307470356894,501.7210877034416,-0.450134884569235,77608946.20963177,0.20687106634459773,0.00013294618014998046,2.932670437607713e-05,8.035442232910553e-06,17468.363553882442,0.12681841458380907,0.016422700406203382,0.1352540684838732,0.458851272539587,0.8885130892051065,0.0015265692510011823,0.0010058353706985845,0.002126569251001182,5.724634691254433e-05,liquid,False,60.84596166819114
0.5076736030688632,1.02990628985405,3045.666192166255,5740.6938692104295,1.3294923404479226,7632.208527971615,16249516.978333654,916.5947813445919,441.12177039996163,311.7382960511502,2726596.3696882026,164050.1934522724,993.899650596328,17.785763964514032,26405.16152066311,4.4566066323631714,0.04000383948172547,140048.82251589623,0.2548942658308391,125591.90468580057,17.08773853015387,501.7610559592001,-0.4505742857313069,78103269.38324828,0.2080516872936292,0.0001310236737289156,2.926074735505083e-05,7.96229663449845e-06,17677.264589919258,0.12710159886233655,0.01627914082664177,0.13557156629721562,0.4454563289774819,0.8953036685806138,0.001508529022181054,0.0010018881807798991,0.002108529022181054,5.6569838331789526e-05,liquid,False,60.63928555923849
0.5200404916451514,1.0313810661001512,3045.1369138933,5830.1809715016125,1.3278452966913454,7741.5783818677955,16441220.565504154,921.3812978534852,441.35674952874353,311.61043591198245,2728661.6883351584,163518.54550877862,993.9482097114578,17.99368203732628,26546.5558641713,4.468676881735029,0.04003904280142478,141563.67295151314,0.25381261166495644,126718.20961378145,17.12539558954128,501.80215501673325,-0.45101891843666875,78593590.97620365,0.2091928917013371,0.0001291726248412319,2.9196405851515453e-05,7.89152563824768e-06,17884.788047117672,0.1273869065672359,0.01613984849698255,0.13588906411055804,0.4319312566795159,0.9019065303584702,0.0014910250317987017,0.000997997575200199,0.0020910250317987015,5.5913438692451314e-05,liquid,False,60.44540548798972
0.5326608141133851,1.03292265646347,3044.585272525873,5918.979644968787,1.3261984579391377,7849.741677730751,16629807.573288536,926.0687332534649,441.57994956979906,311.48220340901884,2730784.64473304,162985.34868397398,993.9968096276981,18.199833036520797,26683.530091251163,4.4808345881809775,0.040074262500873176,143059.41130790528,0.2527598355327078,127825.4855601935,17.162221431473352,501.8443630135659,-0.4514685985249011,79079206.8246834,0.21029304972869037,0.00012739272718195814,2.913375765465087e-05,7.823166058141795e-06,18090.575974058454,0.12767428369045908,0.016004876843439493,0.13620656192390046,0.41824116275205875,0.9083360225047808,0.0014740639935901523,0.000994169231082245,0.002074063993590152,5.527739975963071e-05,liquid,False,60.26441344376684
0.545533279612218,1.0345331243092561,3044.010739958817,6006.920937682252,1.3245504148400642,7956.469619918494,16814913.843194462,930.6470690790284,441.7911636316343,311.35362228649797,2732965.6557156714,162450.6710119984,994.0454407032607,18.403843357591608,26815.81542286472,4.493078238961544,0.04010942417975503,144532.89750573723,0.2517376831127616,128911.61294356496,17.198231274106902,501.88769781124086,-0.4519233441654316,79559405.91666998,0.21135041984609962,0.00012568388340182516,2.907275707780391e-05,7.757253029157125e-06,18294.256581030928,0.12796367383087318,0.015874277381223233,0.1365240597372429,0.40449728008988955,0.9145392011280224,0.0014576523811476974,0.000990408902412823,0.0020576523811476973,5.466196429303865e-05,liquid,False,60.09653417960658
0.5586631334086328,1.036215409397761,3043.4124937627726,6093.877187807542,1.3229058013848343,8061.625484677297,16996296.773384582,935.1159962773236,441.9906952499469,311.22466857198197,2735205.040644767,161914.58001956323,994.094110567453,18.605434740324473,26943.222110591447,4.505410874199052,0.040144468883316374,145981.70992244218,0.25074576660347064,129974.86583607108,17.233243496099792,501.9321573216992,-0.45238320969705964,80033697.35262296,0.21236425825112226,0.00012404446248473046,2.901369089998406e-05,7.693795208538514e-06,18495.553099903645,0.12825498975941052,0.0157480327134855,0.13684155755058533,0.390743947463928,0.9204994120151881,0.001441788008318907,0.0009867204329387354,0.002041788008318907,5.406705031195901e-05,liquid,False,59.94146207175231
0.5720517133174762,1.0379720421785292,3042.7898780478913,6179.689503389905,1.3212628954584582,8164.994446283188,17173623.856700677,939.466480869301,442.1783998045029,311.09536600978475,2737502.982881114,161377.14593598212,994.1428096090306,18.804255713283837,27065.5235995813,4.51783097889727,0.04017932466203914,147402.90833895435,0.249785570859654,131013.32307883065,17.267278777251555,501.9777592442869,-0.45284821311172646,80501427.97400458,0.21333315804343697,0.00012247405758557657,2.895650243735657e-05,7.632811507256407e-06,18694.11560741066,0.12854816417139778,0.015626166345050898,0.13715905536392775,0.3769180972551667,0.9262465913359923,0.0014264738288071546,0.00098310887771319,0.0020264738288071544,5.34927685802683e-05,liquid,False,59.79935943978404
0.5857003084760133,1.0398056095555852,3042.142237757501,6264.195604560381,1.3196222226943322,8266.371727082036,17346570.507022068,943.6919043189791,442.354263733346,310.9657625230635,2739859.521802646,160838.440632394,994.1915189817564,18.999946239363886,27182.508370316522,4.530334671927187,0.040213917031595894,148793.53845334554,0.24885801890078005,132025.02766402304,17.300287373953037,502.02450135119125,-0.4533182435743658,80961920.1040362,0.2142559179022891,0.00012097205799780699,2.8901254019212996e-05,7.57432145778297e-06,18889.585412284894,0.12884312958568422,0.015508700610876273,0.13747655317727017,0.3629227053022567,0.9318192474810184,0.0014117126493058936,0.0009795793046956415,0.0020117126493058935,5.293922434897102e-05,liquid,False,59.67023761784526
0.5996020494468209,1.041717626398788,3041.469316353445,6347.182654364951,1.3179852283293625,8365.49297996136,17514714.90237158,947.7833920061053,442.5182706208324,310.8358583186712,2742274.5201288955,160298.53941942783,994.2402370664588,19.19202737975971,27293.84057660897,4.542922643519147,0.040248154803464956,150149.56197326077,0.2479647537606852,133007.24520585145,17.33220260123233,502.07236155203117,-0.4537932264707697,81414271.26313055,0.2151307704488824,0.00011953868138977495,2.884803573461862e-05,7.518387426582132e-06,19081.485851838264,0.12913984234580567,0.015395720961673272,0.1377940509906126,0.34878202295681604,0.9372038734779914,0.0013975152078682415,0.0009761387505531355,0.0019975152078682413,5.240682029505906e-05,liquid,False,59.55409093119874
0.6137585287169681,1.043710769640174,3040.7704677023507,6428.490439033674,1.3163522991688916,8462.158169607215,17677749.55593352,951.7348810803551,442.6704761061542,310.7056773558732,2744747.6819238462,159757.5176101594,994.2889539965705,19.380141672311883,27399.321513750707,4.55559326596432,0.040281964080370845,151468.02262224717,0.24710661152474203,133958.0685405765,17.36297940221278,502.12133755787113,-0.4542731058051708,81857829.24665572,0.2159567352154741,0.00011817316338893446,2.8796901062744956e-05,7.4650225320104216e-06,19269.460791668327,0.1294382269261101,0.015287234118767468,0.13811154880395501,0.3346709681846228,0.9423350481937766,0.0013838823491208805,0.0009727919276039379,0.0019838823491208804,5.1895588092033015e-05,liquid,False,59.450861451716946
0.6281760499361673,1.045788468931544,3040.0448072162167,6507.981967684309,1.314723282013549,8556.19541183891,17835417.305491783,955.5415382967694,442.8109627592969,310.5752435944882,2747278.5668745674,159215.45090175263,994.3376599941494,19.56398434224198,27498.80896443362,4.568344877519346,0.04031527917795438,152746.42012620965,0.2462840977775,134875.94288546997,17.39258214394151,502.1714270310322,-0.4547578254865844,82292052.86270587,0.21673316784608562,0.00011687437603591135,2.8747887798487057e-05,7.414220643107207e-06,19453.20641102707,0.1297381979588742,0.015183214536566634,0.13842904661729744,0.32054936460986116,0.9472318115689602,0.0013708108629100157,0.0009695425133496533,0.0019708108629100155,5.140540735912559e-05,liquid,False,59.36046427173528
0.642853483860244,1.0479531760693694,3039.2918189312227,6585.475583349466,1.3130988572041231,8647.38046264184,17987375.377558704,959.1965281934972,442.93981206837816,310.44453327704986,2749866.5572060845,158672.41757909063,994.3863622751705,19.743145064696723,27592.046708632235,4.58118048958543,0.040348019983679984,153981.28100390633,0.24549837676358105,135758.6137532318,17.420960169358157,502.22260781649203,-0.45524736573866104,82716202.34382638,0.21745891213417406,0.00011564195704354291,2.870105867525335e-05,7.366015108387143e-06,19632.31420075476,0.1300396919427566,0.01508369447137983,0.13874654443063988,0.30618468957957734,0.9519721297743217,0.0013583048026829902,0.0009663959411521779,0.00195830480268299,5.0936430100612137e-05,liquid,False,59.28279574811387
0.6577744657148223,1.0502050488837311,3038.511804432492,6660.715646706293,1.3114812963263693,8735.403990803701,18133143.96938286,962.6897830957869,443.05703330086675,310.3136185094223,2752510.775399476,158128.4999689929,994.4350332112749,19.91704087306594,27678.6837792063,4.594093674361053,0.040380075765931576,155167.89632100007,0.2447513763596224,136602.96443233866,17.448038038922046,502.27485776987777,-0.4557414866061711,83129152.79100776,0.21813218781347135,0.00011447667458228168,2.8656517075709586e-05,7.320485350779586e-06,19806.203202077646,0.130342672429858,0.014988796210159501,0.1390640422439823,0.29178240296593966,0.9564847250842127,0.001346379535471461,0.0009633605313519742,0.0019463795354714608,5.048923258017979e-05,liquid,False,59.21782446901102
0.6729562572067188,1.0525493132136359,3037.7033327315557,6733.620210710973,1.3098691799137645,8820.161583254732,18272586.9718181,966.0194072908921,443.16278376741343,310.1824995013936,2755210.229536604,157583.77644800066,994.483671442709,20.08549051459201,27758.700304556583,4.607085031326769,0.040411401424261396,156304.80041074383,0.2440428786593412,137408.2411740434,17.47380271161237,502.3281547607665,-0.45624011317617363,83530628.10330787,0.21875313746257455,0.00011337660773681535,2.861426377829713e-05,7.2775838731054326e-06,19974.692349679168,0.13064703246003123,0.014898420968414728,0.13938154005732473,0.2774734632294671,0.960733301808283,0.0013350226476501895,0.0009604375155023523,0.0019350226476501893,5.0063349286882104e-05,liquid,False,59.165370993353065
0.6883953445572419,1.0549881644163708,3036.8660539949296,6803.999464848825,1.3082633392665457,8901.423060250912,18405360.83692273,969.1785940974869,443.2571636490121,310.0511762492271,2757963.7178951525,157038.32933427903,994.5322761210563,20.24806054222287,27831.855082887974,4.620155181282058,0.040441912827973235,157388.42469017225,0.24337407190691018,138172.17376035487,17.49820388686929,502.3824964002157,-0.4567432441483874,83919841.47834933,0.2193207293137127,0.00011234158776987868,2.857436130203064e-05,7.2373472370377195e-06,20137.34973809386,0.13095271049030457,0.014812608528296802,0.13969903787066715,0.26292199453885934,0.9648170939549672,0.001324239138391746,0.000957632449808914,0.0019242391383917459,4.9658967689690475e-05,liquid,False,59.12533275120359
0.7040720793518657,1.057521157643296,3036.0005438285148,6871.600908757699,1.306666169843291,8978.8884401381,18531012.162992403,972.157977286126,443.34026617202585,309.91969732347474,2760769.7662879205,156492.24433300475,994.5808276209133,20.404170743198357,27897.81227169139,4.633299896078798,0.040471500979577094,158414.0947289917,0.24274684709608838,138891.71904241692,17.52117201592182,502.4378211312283,-0.45725054715796304,84295682.42156082,0.21983346751164817,0.00011137236047278693,2.853690378392727e-05,7.199853287830676e-06,20293.597024688646,0.13125966307225595,0.014731473198219845,0.14001653568400957,0.24835995615195205,0.9686678131228478,0.0013140433721150918,0.0009549533138699617,0.0019140433721150918,4.9276626454315946e-05,liquid,False,59.097554959202455
0.7200086623264335,1.060154596230448,3035.1050971562986,6936.358506823,1.3050757700531295,9052.473419656602,18649441.039343774,974.9564311742201,443.41221343166865,309.78808690211525,2763626.7782332343,155945.60292760286,994.6293161272621,20.553672608762426,27956.606256800154,4.646517311856166,0.040500126669849645,159380.72526328688,0.24216078237471322,139566.4205536948,17.54269956932957,502.4941069305667,-0.4577618921516338,84657929.4811208,0.22029172168098804,0.00011046704625816334,2.8501884674247345e-05,7.165047265902146e-06,20443.28533075701,0.13156778703489977,0.014654907011248063,0.140334033497352,0.2338151847525288,0.9722810598685653,0.0013044217812949346,0.0009524006656067992,0.0019044217812949347,4.891581679856005e-05,liquid,False,59.08189349889807
0.7361869137607205,1.062888257258163,3034.1802655802594,6998.037755808129,1.3034942798345428,9121.902184762057,18760237.76534625,977.5656050235139,443.4731521635397,309.6563454119812,2766532.899639383,155398.49206260426,994.6777399697286,20.69602457737843,28007.919378507217,4.659807936879492,0.04052768973221512,160283.90732432244,0.2416176510475184,140193.43474677374,17.56272501594843,502.55131212562793,-0.458277130519039,85005570.65759617,0.2206942159227752,0.00010962625774155731,2.8469386131477773e-05,7.133001640242735e-06,20585.874952984734,0.13187703323936417,0.01458300736293697,0.1406515313106944,0.2191102398913606,0.9757001090369676,0.001295386605017742,0.0009499817309646253,0.0018953866050177418,4.857699768816533e-05,liquid,False,59.07815996208825
0.7526061256486037,1.0657247391172016,3033.225663994597,7056.485621522646,1.3019220282736441,9186.99407285657,18863148.89094196,979.9807460867837,443.52321878575844,309.5244972468172,2769486.0722740553,154850.99767620806,994.7260889349993,20.830873309244897,28051.614354949448,4.673169846268993,0.040554119631803116,161120.8847828542,0.24111818070749907,140771.11090541378,17.581213731723064,502.6093951391826,-0.458796058603264,85337963.05237347,0.22104053361767376,0.000108849531421224,2.8439447220746404e-05,7.103730258063496e-06,20721.013136005644,0.13218732829297933,0.014515778366674689,0.14096902912403686,0.20447594710047862,0.9788715886454986,0.0012869383601871098,0.0009477005185877794,0.0018869383601871099,4.826018850701662e-05,liquid,False,59.08617635342415
0.769280614921323,1.068669352267113,3032.240032340592,7111.60131304993,1.3003579348002234,9247.627196560165,18958013.66094213,982.1991669395802,443.56249912678527,309.39256680152283,2772484.0771498065,154303.20504356566,994.774352905319,20.957985753637242,28087.6571815368,4.686601074956579,0.04057936594999199,161889.93020958093,0.24066248749924843,141298.52592444504,17.598146203008824,502.6683144943543,-0.45931847276669513,85654701.7362398,0.2213306832743444,0.00010813584703889983,2.841208353607797e-05,7.077214666306701e-06,20848.466716273382,0.13249858887952912,0.014453170947545413,0.14128652693737928,0.18968238128550258,0.9818455042570909,0.00127907087986724,0.0009455590432239572,0.0018790708798672399,4.7965157995021504e-05,liquid,False,59.10581536756905
0.7861698242183061,1.0717176604281546,3031.225397142226,7163.113326918197,1.2988059695533993,9303.494349588866,19044381.85838845,984.2115394694852,443.59124144861624,309.2605786865602,2775524.3944281717,153755.20470397736,994.8225213447145,21.076730970959616,28115.67826701913,4.700099601225664,0.04060331506975856,162586.02036087017,0.24025285410117625,141772.41045942236,17.613454330245375,502.72800919120095,-0.45984409583174146,85954575.17563872,0.22156332946179247,0.00010748649511935173,2.8387390152164117e-05,7.05355856445861e-06,20967.60664623428,0.13281077139925254,0.014395335616281476,0.1416040247507217,0.17487806665304093,0.9845900983676886,0.0012718030777945713,0.0009435659870360988,0.0018718030777945714,4.7692615417296425e-05,liquid,False,59.13676774258471
0.8033161876447907,1.0748800990710692,3030.1788555425533,7211.017782569782,1.297262436040814,9354.582494950104,19122262.728486802,986.0189222895622,443.60942349853644,309.128557299154,2778604.421615446,153207.08131899164,994.8705843288399,21.187099311849565,28135.8322763691,4.713663377290452,0.040625954266798894,163209.34369211184,0.23988828820112895,142193.18531259298,17.627145884344156,502.78843801769574,-0.4603727242558039,86237617.24955952,0.22173922863788859,0.00010689947953741723,2.8365340780669624e-05,7.032685833724252e-06,21078.421872612937,0.13312377586408858,0.01434212830011512,0.14192152256406412,0.16007050711533874,0.9871055833860115,0.001265116849251153,0.0009417197194207044,0.001865116849251153,4.744188184691824e-05,liquid,False,59.179014519159296
0.8206731503459606,1.0781508711151688,3029.1029218334083,7255.058252161014,1.2957316515731252,9400.608611331822,19191248.69509437,987.6128983087008,443.6173632968904,308.99650328558124,2781721.2711581904,152658.92613377402,994.918539959641,21.288493052812196,28147.76567675364,4.727292780072758,0.040647177817742304,163755.15776432134,0.2395710373184531,142557.76328781556,17.63916012167059,502.8495402820916,-0.460904136119147,86502682.67869689,0.2218572661656957,0.0001063760913090845,2.8346020816814573e-05,7.01470040590536e-06,21180.31642604487,0.1334375545442867,0.0142936955307976,0.14223902037740654,0.14517372678703755,0.989406180014438,0.0012590306079599159,0.0009400284418053794,0.001859030607959916,4.721364779849685e-05,liquid,False,59.23217698520119
0.8382721736672872,1.0815386418551944,3027.995361913398,7295.199903540029,1.2942109609319565,9441.527677351258,19251295.96023256,988.9931349312758,443.6150139590351,308.8644652266667,2784871.9436900155,152110.8259120687,994.9663695017998,21.380829569361865,28151.57920356379,4.740983200358083,0.04066696246812346,164223.14760132684,0.23930057816657932,142866.17858950666,17.649494194883943,502.9112554794849,-0.46143799936729074,86749632.4733763,0.22191789649530602,0.0001059150631310273,2.8329423748864993e-05,6.999557277116452e-06,21273.206373564706,0.13375202053368127,0.014249947129367297,0.14255651819074897,0.13030647621340033,0.991473762767753,0.0012535330216983265,0.0009384919101326438,0.0018535330216983264,4.700748831368724e-05,liquid,False,59.296241520449826
0.856085480975391,1.0850408586192148,3026.857656860867,7331.269637321177,1.292702848716848,9477.153144876418,19302147.814000685,990.154490949076,443.6026129274725,308.7324679526833,2788053.2274706773,151562.87089738125,995.0140622971707,21.4637041656491,28147.089631645802,4.754732429099237,0.04068523481032255,164610.2919058363,0.2390782256603721,143116.53492779128,17.65811132501288,502.9735037365818,-0.46197396364271137,86977681.63490248,0.22192069794436903,0.00010551691892207362,2.8315599035313892e-05,6.9873128252060105e-06,21356.687473807215,0.13406711153699455,0.014210954709632293,0.14287401600409141,0.1153540104942459,0.9933244446115747,0.001248633089722919,0.0009371152935549744,0.0018486330897229191,4.682374086460946e-05,liquid,False,59.37089080910931
0.874119415792926,1.0886614657772367,3025.6891876861146,7363.185592539987,1.2912068119178308,9507.39539450286,19343691.747716445,991.0949644458681,443.5802505574766,308.60048793223336,2791261.783686476,151015.1497636822,995.0616255532749,21.53692378510135,28134.25791750726,4.768543279595043,0.040701958623868426,164915.24650453965,0.23890432374021117,143308.0883496745,17.664997174541302,503.0362445312333,-0.4625119360521404,87186485.73935689,0.2218657121419507,0.00010518127820561624,2.830456156090403e-05,6.977973201065809e-06,21430.56639101994,0.13438275285385876,0.014176700665862348,0.14319151381743384,0.10042075025042878,0.9949450602516406,0.0012443285996323835,0.0009359003826112846,0.0018443285996323834,4.666232248621438e-05,liquid,False,59.45599397375673
0.8923720739682551,1.0924028390845595,3024.4898812348674,7390.855190119667,1.2897230505607413,9532.156302053825,19375802.114817683,991.8121217815401,443.5479604175964,308.4686221139429,2794494.1142706065,150467.75174948867,995.109023115471,21.600271394957502,28113.08594612438,4.782405918921471,0.04071709059565414,165136.77035798767,0.23877922517599579,143440.16159793123,17.67013374229635,503.09937889590384,-0.4630513275796878,87375586.07347319,0.2217530432187863,0.00010490805734947267,2.829633364931293e-05,6.971548197240894e-06,21494.624966865213,0.13469887291299407,0.014147190433702253,0.14350901163077626,0.08542523476938785,0.9963445835977606,0.0012406202344899878,0.0009348495104651473,0.0018406202344899878,4.652325879337454e-05,liquid,False,59.551418478307426
0.9108189625433525,1.096262580746043,3023.261210187672,7414.169665102398,1.2882535026456357,9551.330040277184,19398347.766141616,992.3034603936269,443.5060245187247,308.336823001867,2797746.5985058737,149920.76631511943,995.1562706858266,21.653491350975415,28083.458907657314,4.796325622023573,0.040730587651497244,165272.99957680653,0.2387038519048527,143511.59545558417,17.673504373445553,503.16286673009245,-0.46359210075904617,87544504.32277487,0.22158270146370682,0.00010469746054037303,2.829093706799033e-05,6.968078062441254e-06,21548.607700164495,0.13501540269729165,0.01412245812538813,0.14382650944411868,0.07044271374819344,0.9975158264808585,0.001237512280965749,0.0009339657617343863,0.001837512280965749,4.640671053621559e-05,liquid,False,59.656842211367746
0.9294931631288564,1.1002503211655532,3022.000847367267,7433.103854023992,1.2867955332585668,9564.884837605112,19411289.717565145,992.568183290842,443.4542298037296,308.20513961385547,2801015.5312579726,149374.28198420347,995.203349048617,21.696523615326118,28045.46660950332,4.810297498776392,0.0407424362627075,165323.93530093695,0.2386779612037363,143522.51605030344,17.675101492408828,503.22660959862264,-0.4641337772163097,87693094.9992228,0.22135482523153258,0.00010454908940130882,2.8288380704050947e-05,6.967547863009232e-06,21592.452964684962,0.13533226684081126,0.014102461331704466,0.1441440072574611,0.05541643719125464,0.9984633285649643,0.0012349994097604713,0.0009332492017537913,0.0018349994097604711,4.631247786601768e-05,liquid,False,59.77237979489303
0.9483190403101496,1.1043523692928872,3020.71385379577,7447.537973097273,1.2853548845902303,9572.729311891802,19414539.290420882,992.6047683019378,443.3931990231737,308.07359678770223,2804297.069861568,148828.38758081902,995.2502479721213,21.72908825845049,27999.000570269985,4.824319145538097,0.04075258933026391,165287.73285067556,0.23870276539660057,143471.74370670546,17.674918352426957,503.29052888820075,-0.4646760074115865,87820776.01688708,0.22107000383016034,0.00010446341554416897,2.8288673816212825e-05,6.970013566185318e-06,21625.880477430957,0.1356493977874041,0.014087270304177633,0.14446150507080352,0.04040095808144307,0.9991835479961134,0.00123309044894132,0.000932703636588747,0.00183309044894132,4.62408918352995e-05,liquid,False,59.897329865027075
0.9673952451460047,1.1085928597303336,3019.3934366917097,7457.504471846814,1.2839239871357657,9574.868875576365,19408078.35204973,992.4123255920081,443.32214095987183,307.94221914757054,2807587.37009719,148283.1714589681,995.2969578389325,21.751260159552224,27944.229105235787,4.838388127367826,0.04076105881237112,165165.49656817986,0.23877744065959997,143360.09426093654,17.672942346485577,503.3545657214216,-0.4652185154219429,87927666.07632914,0.2207277779351242,0.00010444007254770937,2.829183676364052e-05,6.975441842133923e-06,21648.9630659655,0.13596671988058867,0.014076807876224642,0.14477900288414594,0.02535596720161879,0.9996784857779377,0.0012317757014694867,0.0009323272814548022,0.0018317757014694868,4.619158880510575e-05,liquid,False,60.03242476154975
0.9864201842535898,1.1129060655608873,3018.0606998768817,7462.883706514561,1.2825247814759728,9571.333294878184,19392126.357920002,991.9974795837252,443.24375104921364,307.81100756664205,2810882.467069679,147738.71488662373,995.3434768396819,21.762760781977388,27881.015553928348,4.852504533246788,0.04076780142977036,164955.38804802307,0.23890396284460064,143186.39539643907,17.669243368703974,503.41864199417375,-0.46576100724257247,88013173.93679807,0.22033208769229726,0.00010447865194863921,2.8297759534265482e-05,6.983903723753278e-06,21661.42198236365,0.13628416441293262,0.014071170005965195,0.1450965006974884,0.009234574872336187,0.999957360404396,0.0012310672257979278,0.0009321242685003403,0.001831067225797928,4.616502096742229e-05,liquid,False,60.17489094496011
1.0122745882921784,1.1189022416923007,3016.22501332885,7463.099186539861,1.2806699741865937,9557.767042577992,19355938.95757257,991.0721851268622,443.09196538918025,307.6800827568565,2814177.8646651544,147195.3875232916,995.3897621893894,21.76225021481737,27808.439390923166,4.86665544840338,0.04077259863336199,164647.18782396923,0.2390721344760925,142941.21447324278,17.661165732257853,503.48267988362727,-0.4663029130283445,88074525.8502762,0.219767733867532,0.00010462694848547726,2.831070199894889e-05,6.9958829137217826e-06,21661.921066033054,0.13660165208029026,0.014070944297267006,0.1454139985108308,-0.02366497544107104,0.9997199452533562,0.0012310388624064048,0.0009321161379775046,0.0018310388624064046,4.616395734024018e-05,liquid,False,60.390714494447025
1.0512732210046931,1.1282403152264044,3013.4050833225797,7448.5648149250455,1.2779667950626536,9519.018504346208,19270997.45626217,988.9319249330472,442.79009360092243,307.54966345701206,2817460.7463199524,146654.15575693923,995.4357337888355,21.727428371812454,27709.018808664234,4.880817097947564,0.04077183352323579,164059.68110289966,0.23937440877239582,142494.35199041996,17.642850584487572,503.54640781981266,-0.46684270819707163,88066896.78041163,0.21882226081285677,0.00010505284757492787,2.834009150650653e-05,7.017822012111967e-06,21628.258604639494,0.13691873714718672,0.014086191360938652,0.14573149632417323,-0.07755712328475109,0.9969879099707247,0.0012329548649351908,0.0009326648478523144,0.0018329548649351909,4.623580743506966e-05,liquid,False,60.756314218890225
1.0910068260679238,1.138117372835779,3010.4727474226606,7416.338089304519,1.275317085007886,9458.182673484795,19148736.12652777,985.9045203562059,442.44954060451454,307.4198248222279,2820715.885810432,146115.41764660468,995.4813608005403,21.65146398426046,27577.4906394278,4.894980997492009,0.04076443005933928,163139.0950747143,0.23987495205983753,141811.2747671185,17.617591925716606,503.60953581896166,-0.467379126619011,87976244.81421553,0.2176580299257516,0.00010572855637514957,2.8380723205998664e-05,7.051625490583828e-06,21553.62883037549,0.13723436546095516,0.014120163981053924,0.14604899413751565,-0.13629526268702064,0.9906682599988131,0.0012372239902862844,0.0009338836459809799,0.0018372239902862844,4.639589963573567e-05,liquid,False,61.15999521444712
1.1312449667303761,1.1484932433419877,3007.4466434674114,7366.938591822841,1.272734247132376,9376.155042334089,18990702.096345473,982.021294739608,442.0721073367822,307.29068973253345,2823928.7540149996,145579.48728871436,995.526596958684,21.535591931917416,27414.894842016925,4.909133252765307,0.040750640783001335,161898.11001983323,0.24057124364202626,140900.00264062238,17.58563818541093,503.6717942857313,-0.46791086573724316,87804480.68109879,0.216283974906915,0.00010665352647059697,2.8432292006030282e-05,7.0972319464789955e-06,21439.254549472636,0.13754744117683113,0.01417268790507228,0.14636649195085807,-0.1945161411717283,0.9808993173734296,0.0012438243412396357,0.0009357577160982272,0.0018438243412396357,4.664341279648634e-05,liquid,False,61.59968694894911
1.1719380675167679,1.1593685775008409,3004.333010352514,7301.044284933761,1.2702185684545761,9273.922019832027,18798442.70167909,977.3111460884911,441.6576770552882,307.16230916997097,2827085.7910595005,145046.66796897695,995.5714207835263,21.381421232967632,27222.39682572912,4.923267666115665,0.040730800307934925,160352.3980969185,0.24145995501474543,139770.18686404364,17.547205225430783,503.73291454479516,-0.4684367892648772,87554160.14315495,0.21470644765414684,0.00010782924396620195,2.849456614751168e-05,7.154601581614208e-06,21286.731915276643,0.13785686899137958,0.01424360884686153,0.1466839897642005,-0.25211045057497916,0.9676984657995904,0.0012527365296280666,0.0009382685973132337,0.0018527365296280665,4.6977619861052495e-05,liquid,False,62.07523748950695
1.2130020665632708,1.170732600302228,3001.1412692490762,7219.573302363903,1.2677720035150806,9152.772910061873,18573979.740577687,971.813116667158,441.2064256419284,307.0347336895885,2830174.6871281317,144517.2466083971,995.6158120176349,21.19112089886945,27001.49273254588,4.937377968714066,0.04070535055523129,158522.21791283338,0.2425362368907857,138434.41541435948,17.50258718438826,503.79266747152155,-0.46895590816882404,87228862.05265,0.21293387651172976,0.00010925650727121996,2.8567205221293443e-05,7.223637250945276e-06,21098.21504129178,0.13816156701558985,0.014332683551847716,0.14700148757754294,-0.3004682210025941,0.9537918264314997,0.001263929987180278,0.0009413907101233828,0.001863929987180278,4.739737451926043e-05,liquid,False,62.58624182959318
1.2524634628320408,1.1820218416060406,2998.0312982442815,7128.301933807301,1.2655021662329888,9020.881538795942,18331841.75066234,965.8749428123958,440.74558802107276,306.90801298657357,2833188.4102915707,143991.23930242707,995.6597526481572,20.97814098582518,26762.652384825717,4.95145785558953,0.040676530203357736,156518.70228239277,0.24374335808819944,136970.81515364398,17.454596266044856,503.8509019231553,-0.469467527139526,86855049.10415623,0.21106247638728373,0.00011085391108389109,2.864574994339288e-05,7.3008253537680425e-06,20887.090664964868,0.1384623454825354,0.014434349047306666,0.14731898539088537,-0.3204165624885236,0.9472767422897271,0.001276705650126574,0.0009449119930515117,0.001876705650126574,4.7876461879746533e-05,liquid,False,63.105313902082514
1.2870700472693968,1.1922196314794888,2995.2726324742666,7038.698375691062,1.2635722877905917,8893.904209639877,18099927.497513115,960.1790368073532,440.327352402223,306.78202617710684,2836129.5484157866,143468.2132007131,995.7032876796017,20.769123786827674,26527.05053652434,4.965519937733887,0.04064860660594976,154557.27980765502,0.2449571008349606,135533.96445340384,17.40874180125528,503.90771812209186,-0.4699722910533149,86486625.19597818,0.20928007604064544,0.000112436560640728,2.8721202583632254e-05,7.3782243737421035e-06,20679.88483676893,0.13876308162303075,0.014536145997613005,0.1476364832042278,-0.3199697806562151,0.9474277489427959,0.0012894978321761836,0.0009483936279551701,0.0018894978321761834,4.835616870660688e-05,liquid,False,63.58036571986884
1.3181757306250494,1.2016229645812377,2992.7703742246786,6951.1890714159,1.2618833566367664,8771.589798055104,17877157.324444167,954.6954372949999,439.94006290647667,306.65672535779265,2839000.9345790613,142948.0013938469,995.7464350630825,20.565043601174242,26295.484789142643,4.979568887466186,0.04062172879034574,152645.27898715215,0.24616876632555815,134128.9740580981,17.364711680456384,503.96311943908006,-0.4704703122386247,86125694.89336003,0.2075705438032109,0.00011400441915577571,2.879402832600667e-05,7.455510690530213e-06,20477.568852786106,0.13906395776856137,0.014637528394137725,0.1479539810175702,-0.31866354779959877,0.9478678933816531,0.0013022379198611993,0.0009518179451259295,0.0019022379198611991,4.8833921994794976e-05,liquid,False,64.02305653260339
1.3466717890587538,1.2104344784692083,2990.4608856289433,6865.708426995894,1.260374629514641,8653.364715030499,17662127.238234606,949.3904095913047,439.5756160930639,306.53208572824246,2841805.254519683,142430.48198868052,995.7892066251185,20.36573309802226,26067.84930454839,4.993606829846682,0.040595863547036634,150780.87766142123,0.24737596661350372,132754.49914627877,17.322101539110726,504.01718625237106,-0.4709619408597888,85772045.7864006,0.205919388727405,0.0001155619846073338,2.8864857931416373e-05,7.532701388132433e-06,20279.977204018505,0.13936497339860607,0.014738495892503903,0.14827147883091263,-0.31735623479711794,0.9483063957579304,0.00131492586990594,0.0009551862532231022,0.00191492586990594,4.9309720121472746e-05,liquid,False,64.44157015930716
1.3731195812821346,1.2187812473675244,2988.3040048642065,6782.193449272673,1.2590015204182938,8538.791864405288,17453877.772261675,944.2352361874907,439.2285731640496,306.4080827024135,2844545.05875913,141915.55618993766,995.83161357829,20.171032461295155,25844.04157295747,5.007635918334202,0.04057097910142437,148962.33953096575,0.24857860044379243,131409.52658432667,17.28083909602942,504.0699793609424,-0.47144745355836926,85425471.88062316,0.20431701912811667,0.00011711258640330475,2.8933780195597322e-05,7.60979836083871e-06,20086.95180347162,0.1396661279909866,0.014839048151202188,0.14858897664425505,-0.31604785069698926,0.9487432508691768,0.001327561639395076,0.000958499820815152,0.001927561639395076,4.9783561477315347e-05,liquid,False,64.84140619689282
1.3979001963220667,1.2267491694745782,2986.27240422269,6700.583621999357,1.2577395923729007,8427.589313394006,17251750.241586722,939.2160515634027,438.89565248012275,306.2846679409025,2847222.7741666124,141403.14017234632,995.8736744498123,19.980788814416105,25623.949766441492,5.02166106812834,0.040547046004159634,147187.95711896935,0.24977551130999062,130092.92029262065,17.24070243107869,504.12154006953443,-0.47192710882059163,85085782.0892829,0.20275714482454868,0.00011865789406831862,2.9001138555624194e-05,7.686813377320455e-06,19898.341575018276,0.13996742102187906,0.014939184831601497,0.14890647445759747,-0.31473840458087887,0.9491784535491116,0.0013401451857749692,0.0009617598778991613,0.0019401451857749693,5.025544446656134e-05,liquid,False,65.22588758941168
1.4212866554715837,1.2343995265585037,2984.3464543258656,6620.820788803999,1.256569618960812,8319.522255795264,17055236.084944982,934.3205561362743,438.57436816538734,306.1618889752526,2849840.695573142,140893.16114998868,995.9153759573305,19.794856616552675,25407.515102294456,5.035676305583094,0.04052403225002381,145456.30708136052,0.25096612266348656,128803.84227573368,17.201580666462494,504.1719095006804,-0.4724009437890874,84752758.31255257,0.20123517422345608,0.00012019920967257632,2.906709619859749e-05,7.763743552457654e-06,19714.002069295508,0.14026885196582525,0.01503890559795948,0.14922397227093992,-0.3134279055634429,0.9496119986679368,0.0013526764668549927,0.0009649676173516697,0.0019526764668549926,5.072536750706224e-05,liquid,False,65.59754133529304
1.4434826730320542,1.241777856828465,2982.5114663156014,6542.849042597264,1.2554772787797315,8214.398311466584,16863931.643166836,929.5392334466087,438.26296611305173,306.0396734960107,2852401.0215734793,140385.55465239927,995.95674440462,19.61309586417861,25194.618883684863,5.0496893462367956,0.04050191186954153,143765.7762246311,0.25215024272547254,127541.30765756927,17.163389282671076,504.2211286020572,-0.47286927198199474,84426234.88855936,0.19974752712147864,0.00012173746172060918,2.9131775301794403e-05,7.84059704550671e-06,19533.79510458305,0.14057042029574443,0.015138210117432986,0.14954147008428234,-0.3121163627921509,0.9500438811325499,0.001365155440808842,0.0009681241963144813,0.001965155440808842,5.1193329030331575e-05,liquid,False,65.95816248900547
1.4646451653869688,1.2489190976890439,2980.7560898931683,6466.614621020149,1.2544515733404222,8112.0548855249035,16677506.1389188,924.864410871367,437.96007675993053,305.91802088024997,2854905.8365736636,139880.26266293926,995.9977827497858,19.435373015936708,24985.182529576574,5.063699756180977,0.04048065717489818,142114.97423857712,0.2533276496477432,126304.50221189894,17.126060470743177,504.2692573601399,-0.4733323141420196,84106029.92749475,0.19829144418415626,0.00012327332767242408,2.91952723660039e-05,7.917374143340645e-06,19357.58843078798,0.14087212548294514,0.015237098060088524,0.14985896789762476,-0.3108037854469511,0.9504740958868082,0.0013775820661758517,0.0009712307375188156,0.0019775820661758516,5.165932748159444e-05,liquid,False,66.30918060020934
1.4848981376576955,1.2558507523521185,2979.0713247111403,6392.065807556172,1.2534838326182223,8012.351146803403,16495680.879806565,920.2897539124542,437.6646518066907,305.79690696862997,2857357.128863996,139377.23231631625,996.0385007568485,19.261560070461357,24779.117819371408,5.077709845685502,0.0404602425432785,140502.52345365004,0.25449823941037153,125092.61381594087,17.08953886550195,504.31631716185325,-0.47379019968807673,83791972.14176266,0.19686469309850474,0.0001248073108227363,2.9257664816768837e-05,7.994077104115698e-06,19185.25541482031,0.1411739669971368,0.01533556909891238,0.15017646571096718,-0.30949018273987683,0.9509026379118094,0.0013899563018622669,0.0009742883305509627,0.0019899563018622667,5.212336131983501e-05,liquid,False,66.65166535516255
1.504341673380142,1.262594935772513,2977.4498801753134,6319.152837958031,1.2525670835471576,7915.162840729836,16318216.241480714,915.8098899643155,437.3758292892557,305.6763551043094,2859756.7877157438,138876.41494183915,996.0788934982053,19.091534686575205,24576.363067075028,5.091716417631154,0.040440641400396736,138927.20484525463,0.2556618675571913,123904.94603315537,17.05377771228922,504.3623676539396,-0.4742430937773203,83483885.22733395,0.1954654625505842,0.00012633978859590876,2.9319017078526366e-05,8.070702841292653e-06,19016.674745786437,0.14147594430644175,0.015433622909820907,0.1504939635243096,-0.3081755639149524,0.9513295022260695,0.0014022781071425356,0.0009772980330624642,0.0020022781071425354,5.2585429017845086e-05,liquid,False,66.9865383646839
1.5230579872009407,1.2691697494458571,2975.885744247109,6247.827811663573,1.251695611928952,7820.378655946961,16144902.233360598,911.4202057295715,437.09294434947185,305.55634112624944,2862106.6204814273,138377.76535764645,996.1189706849248,18.925179334349863,24376.834591545165,5.105721801086534,0.040421830139566385,137387.75539849073,0.2568185189224081,122740.75685200804,17.018737428653665,504.4074299475639,-0.47469112561998994,83181611.55641966,0.19409220296735874,0.00012787104614679442,2.937938270075035e-05,8.147253004197521e-06,18851.730158560196,0.14177805687740705,0.015531259171670536,0.15081146133765203,-0.3068599382477035,0.9517546838858296,0.0014145474416605661,0.0009802608719276032,0.002014547441660566,5.304552906227123e-05,liquid,False,67.31448559809206
1.5411156355519313,1.2755902359060574,2974.373883353744,6178.044607897813,1.2508646658842955,7727.897704276371,15975552.246711634,907.1166734308854,436.8154732747605,305.43681690472874,2864408.3540709796,137881.24132848598,996.1587496929324,18.762381176865087,24180.43915519997,5.119731189838289,0.04040378716037333,135882.9176374545,0.25796825420815117,121599.29693386445,16.98438388144479,504.4515250605575,-0.4751344797205246,82885008.36542705,0.19274356800783468,0.00012940129880945915,2.9438807053003747e-05,8.22373175844825e-06,18690.310174408136,0.14208030417501658,0.01562847756626776,0.15112895915099447,-0.3055433150449398,0.9521781779852699,0.0014267642654309837,0.0009831778443508865,0.0020267642654309835,5.350365995366189e-05,liquid,False,67.63605178579701
1.558572528025415,1.2818690599842562,2972.9100276777663,6109.758806178517,1.2500702537656836,7637.627741286699,15809998.947355475,902.8956877680826,436.54292029107575,305.3178295314481,2866663.6269356566,137386.8031276017,996.1982182892904,18.603032526276436,23987.13326460793,5.133738602603321,0.04038648765817372,134411.678649125,0.25911096773329634,120480.00009628906,16.950686315091914,504.4947313582526,-0.4755733388023449,82593912.38897109,0.19141845312883632,0.00013093070700399592,2.9497330710133478e-05,8.300132795491268e-06,18532.307857454303,0.14238268566270307,0.015725277778379034,0.1514464569643369,-0.30422570364438545,0.95259997965677,0.001438928538840372,0.0009860499189270058,0.002038928538840372,5.395982020651395e-05,liquid,False,67.95181106717683
1.5754781327161933,1.288017006705089,2971.4905138416757,6042.927610962019,1.249308969946953,7549.483669114961,15648090.097059663,898.7540482902355,436.27493272973936,305.19933130853366,2868874.0140511338,136894.41321001004,996.2373927287103,18.447029513247628,23796.82811315327,5.147749240834707,0.040369911774826725,132972.87985451808,0.260246756683576,119382.17278725437,16.917618083245927,504.53703130956166,-0.4760077407638175,82308187.2872056,0.19011583917475097,0.00013245938978463035,2.955498803316564e-05,8.376460041333435e-06,18377.62058586739,0.14268520080236044,0.015821659495740513,0.15176395477767932,-0.30290711341445004,0.9530200840711205,0.0014510402226484997,0.0009888780366556437,0.0020510402226484995,5.441400834931874e-05,liquid,False,68.2620985798223
1.5918751248308405,1.294043352725929,2970.1121672450545,5977.509780183373,1.2485778915678558,7463.386558167593,15489686.555004595,894.6888410804218,436.0111843003317,305.0813216066321,2871041.015661546,136404.0359331973,996.276275739034,18.294272663696706,23609.460341230642,5.1617627624065,0.0403540384323185,131565.50358909593,0.26137563761222127,118305.2226308488,16.885154886049996,504.5784838860625,-0.4764379056437011,82027695.53892559,0.18883483746845098,0.0001339874321403928,2.9611810100307987e-05,8.452712211364742e-06,18226.14983674217,0.1429878490543558,0.01591762240906779,0.15208145259102174,-0.30158755375387986,0.9534384864377726,0.0014630992779895414,0.0009916631119133569,0.002063099277989541,5.48662229246078e-05,liquid,False,68.56729958573078
1.6078006415062112,1.2999561484674618,2968.772212455879,5913.465557461639,1.2478744853263746,7379.262789012685,15334660.09623721,890.6974054345501,435.7513969029938,304.9638002291579,2873166.066038653,135915.6373335444,996.3148690234954,18.144666456144677,23424.968580363344,5.175778786500054,0.040338847294586526,130188.57503862306,0.26249763539981935,117248.58079990177,16.85327468388325,504.61910966683735,-0.476863906965003,81752299.63739061,0.1875746635171554,0.00013551489201454444,2.9667824762753613e-05,8.528887882290152e-06,18077.800983728794,0.1432906298775419,0.016013166212065385,0.15239895040436416,-0.3002670340914003,0.953855182005085,0.0014751056663732725,0.0009944060333846297,0.0020751056663732724,5.5316462488997725e-05,liquid,False,68.86771276384354
1.6232872522130315,1.3057624358412152,2967.4682038693163,5850.75660775578,1.2471965387952748,7297.043390526593,15182891.846627152,886.7772946802079,435.49533205058685,304.84676676208835,2875250.537548142,135429.18494137778,996.3531747947984,17.998119100920213,23243.293068748844,5.189796947997068,0.040324318761066805,128841.15892818957,0.2636127823030112,116211.69978484076,16.82195733921695,504.6589482579666,-0.4772858913996021,81481869.690313,0.1863346030759058,0.00013704180535616012,2.9723057187545728e-05,8.604985572463376e-06,17932.483106536758,0.14359354272926964,0.01610829060143636,0.15271644821770658,-0.2989455638854537,0.9542701660605387,0.001487059349686275,0.0009971076649540969,0.0020870593496862748,5.576472561323531e-05,liquid,False,69.16361620737973
1.6383637199078154,1.3114684186681989,2966.197971282064,5789.345956271259,1.2465421018306573,7216.663476555192,15034270.847571714,882.9262631840461,435.2428181183639,304.7301732884856,2877295.747923253,134944.64763237795,996.3912094847216,17.854542113743943,23064.35292018185,5.203822627852955,0.040310436110490316,127522.26651903198,0.2647212131147516,115193.97884525833,16.79118472357846,504.69800096836826,-0.477703969919286,81216292.24147715,0.18511397692067644,0.00013856819058401498,2.977752959253028e-05,8.681009285592208e-06,17790.108811509224,0.1438965870654003,0.016202995276891535,0.153033946031049,-0.29762315262384653,0.9546834339309772,0.0014989602901930984,0.0009997688465618014,0.0020989602901930983,5.6211010882241195e-05,liquid,False,69.45518285000435
1.6530556056730343,1.3170795977682992,2964.9595766262996,5729.197930429799,1.2459094581972026,7138.0618894063255,14888693.618052348,879.142186873933,434.9936416837798,304.6140673292523,2879302.9497044096,134461.99548475342,996.4289599664827,17.713850933354408,22888.114895419032,5.217849719931075,0.040297178931644105,126231.13017222456,0.265822872661005,114194.98561612946,16.76093930655346,504.7363072415473,-0.4781181783417654,80955429.91259235,0.1839122296568332,0.0001400940501068099,2.983126368129631e-05,8.756951932736661e-06,17650.59406252364,0.14419976234031814,0.016297279941158895,0.15335144384439145,-0.29629980982345255,0.9550949809828265,0.0015108084505374392,0.0010023903950232647,0.002110808450537439,5.665531689515397e-05,liquid,False,69.74266555776751
1.6673857545471635,1.3226008792735124,2963.7512791777704,5670.2781047275,1.245297072066988,7061.180721622706,14746062.56690736,875.4231159072774,434.74768097301285,304.49840074937356,2881273.352136232,133981.19968025965,996.4664430869576,17.57596368953107,22714.50141660919,5.231883668010222,0.04028453184796606,124966.83253087905,0.26691790439019253,113214.15781790293,16.73120555166303,504.7738873419076,-0.4785287007690003,80699180.66754621,0.18272877673512242,0.00014161937492094005,2.9884278120670243e-05,8.832817549271799e-06,17513.858021532546,0.14450306800694318,0.01639114429999266,0.15366894165773387,-0.2949755450298228,0.955504802622341,0.001522603793743282,0.0010049731048160514,0.002122603793743282,5.709764226537308e-05,liquid,False,70.02620636889475
1.6813746899510071,1.3280366623746482,2962.571507285524,5612.553248317152,1.2447035746081037,6985.965090858683,14606285.879456684,871.7672033004687,434.5047988481823,304.38317313213247,2883208.1096373545,133502.232402588,996.5036609128437,17.44080185534716,22543.4594136447,5.245924171547481,0.0402724779106913,123728.58127411907,0.26800635701214476,112251.0251395904,16.701968578515782,504.81078053083246,-0.47893568369460643,80447432.34949133,0.1815631083911038,0.00014314414500990366,2.993659086649009e-05,8.908604609681241e-06,17379.822898108963,0.14480650351674365,0.016484588062182427,0.1539864394710763,-0.29365036781702347,0.9559128942957756,0.001534346283216049,0.0010075177488344047,0.0021343462832160488,5.753798562060184e-05,liquid,False,70.30598168265016
1.6950409369390622,1.3333909110794044,2961.418835181835,5555.991275161492,1.2441277389615544,6912.36286285679,14469276.8490307,868.1726998001727,434.26485662125356,304.2684084630171,2885108.3266411144,133025.0667516309,996.5406069593561,17.308289985329793,22374.948668544108,5.25996794800511,0.04026099958005267,122515.66025573752,0.26908822997699955,111305.17067218764,16.673214227962667,504.8469878655076,-0.479339071780289,80200063.56732415,0.18041478030605834,0.00014466833119734587,2.9988219017869357e-05,8.984308581181438e-06,17248.413807409095,0.14511006831974882,0.016577610939562094,0.1543039372844187,-0.2923242877871112,0.9563192514896676,0.0015460358827437187,0.0010100250791134648,0.0021460358827437185,5.7976345602889455e-05,liquid,False,70.58213124425401
1.7084012894034282,1.3386672133994435,2960.2919637942437,5500.5611966134475,1.24356845131437,6840.324368632503,14334953.012882832,864.6379801003927,434.02778188563195,304.1540583881032,2886975.0693217656,132549.67668092332,996.5772983716998,17.17835501970517,22208.89641909924,5.274020564414162,0.0402500833165264,121327.2480084499,0.2701636746800862,110376.08399019683,16.644929767470906,504.8825484663155,-0.47973912224660636,79956986.53601968,0.17928330761221353,0.00014619189765118068,3.0039177514413262e-05,9.059933672667859e-06,17119.558636007707,0.14541376186456198,0.01667021264701877,0.15462143509776113,-0.2909971942040459,0.9567239063415175,0.0015576725564979488,0.0010124958275244803,0.0021576725564979487,5.841272086867308e-05,liquid,False,70.85476658068353
1.7214710219637595,1.343868826266318,2959.189705647464,5446.23312100754,1.243024708162726,6769.802335826569,14203236.320946127,861.1614891098889,433.79347930739095,304.04012292399307,2888809.3562892824,132076.0369259209,996.6137361229345,17.0509269571791,22045.254235245793,5.288081713064505,0.04023971384964316,120162.64312001683,0.2712327426497295,109463.34427741592,16.617102819078514,504.9174632924488,-0.4801358351138132,79718095.81735212,0.1781682838171171,0.00014771480028418047,3.0089481027098022e-05,9.135478242521742e-06,16993.188019153524,0.1457175836215146,0.016762392826037458,0.15493893291110356,-0.2896691174675705,0.9571268475941728,0.0015692562594264172,0.00101493070443271,0.002169256259426417,5.884710972849065e-05,liquid,False,71.12398398505786
1.73426410066368,1.3489987261788101,2958.11096940511,5392.978111635956,1.2424955997674836,6700.751573350029,14074052.441790504,857.741736531997,433.561846071953,303.9266256197509,2890612.1635728832,131604.1229495197,996.6499147454114,16.92593832697149,21883.985679140016,5.302148141945133,0.04022987523880187,119021.21262906467,0.2722954365074349,108566.579303807,16.589721434609373,504.9517713318425,-0.480529301323503,79483285.97983474,0.17706933310936784,0.00014923699066492205,3.0139143804844315e-05,9.210937715939752e-06,16869.234990562225,0.1460215330320819,0.01685415121081546,0.15525643072444598,-0.2883402824615421,0.9575280056008796,0.0015807869581273707,0.0010173304037603417,0.0021807869581273705,5.92795109297764e-05,liquid,False,71.38992525988948
1.7467933339760646,1.3540596413581936,2957.054749074709,5340.768174070446,1.2419828140454008,6633.1422859961285,13947343.568272261,854.3795814218374,433.3329989952225,303.81354252319716,2892384.432703485,131133.91045011306,996.6858427163062,16.803323792310753,21725.033535614988,5.316222493442316,0.04022055433378622,117902.2615866475,0.27335131886546915,107685.31576786475,16.562708439395976,504.98547345253644,-0.48091957625313675,79252466.31841068,0.17598624012830544,0.00015075811084456868,3.0188299324928192e-05,9.286317199976286e-06,16747.6349343742,0.14632560952234838,0.01694548758563181,0.15557392853778843,-0.2870106782462623,0.9579273827240875,0.0015922646254925132,0.001019695602385899,0.002192264625492513,5.9709923455969245e-05,liquid,False,71.65247445731393
1.7590704922092102,1.3590540752595814,2956.020115574406,5289.576278996105,1.2414803546162887,6566.905034617994,13823014.270883238,851.0689707026513,433.1065041025,303.7008732143375,2894127.0662388876,130665.37669148363,996.7215220258861,16.683020537057775,21568.352815405287,5.3303044909853865,0.04021173732103346,116805.16337344005,0.2744015654546965,106819.264169653,16.53619089690558,505.0186085180052,-0.4813068062079766,79025546.18699357,0.1749183009526393,0.0001522787362887716,3.023670947664042e-05,9.361607269750288e-06,16628.32562168534,0.14662981253530755,0.017036401677742945,0.15589142635113085,-0.2856802198575359,0.9583250033168027,0.0016036892272478787,0.0010220269579448943,0.0022036892272478785,6.013834602179545e-05,liquid,False,71.91210441550515
1.7711064308881186,1.3639843351308691,2955.0062077163893,5239.376289363161,1.2409902339821608,6502.014807257375,13701013.950632984,847.8110756259057,432.88250534274573,303.58859374031846,2895840.93365863,130198.49905721947,996.7569610349813,16.564967862081623,21413.889061389607,5.3443968350664965,0.040203412019589525,115729.27270043503,0.27544569946022496,105967.97467743851,16.510087436595413,505.0511773115068,-0.48169104654469885,78802441.28228724,0.17386534893700836,0.00015379848087762377,3.0284515567841613e-05,9.436813367849604e-06,16511.24702585061,0.1469341415125923,0.017126893217501514,0.15620892416447327,-0.28434891705963655,0.9587208631124139,0.0016150607295085805,0.0010243251109946102,0.0022150607295085803,6.056477735657177e-05,liquid,False,72.16867196876109
1.7829111894446263,1.368852553590013,2954.012225068062,5190.142924973886,1.2405118138076001,6438.433613780038,13581280.603650305,844.6046550990886,432.66092860428495,303.4767278659265,2897526.8672641753,129733.25548953492,996.7921537846544,16.4491074331717,21261.61062717925,5.358496233196129,0.04019556428207185,114674.05160232283,0.2764837219865249,105131.1269181978,16.48438819448999,505.08319959069803,-0.4820723149201809,78583056.50106514,0.17282708523135928,0.00015531728056645983,3.0331729276257162e-05,9.511930760317036e-06,16396.34122614639,0.1472385958944881,0.017216961938364517,0.1565264219778157,-0.28301677964248223,0.9591149578860705,0.0016263790987798379,0.0010265906855612236,0.0022263790987798377,6.098921620424392e-05,liquid,False,72.42227098641308
1.7944940764982071,1.3736607072301692,2953.0374217742137,5141.851728710666,1.240044497987543,6376.124945655398,13463754.495054716,841.4485476840455,432.4417579817489,303.3652274520299,2899185.6734092464,129269.62446703587,996.8271164445291,16.335382583219065,21111.454583288716,5.37260846857233,0.040188184024206666,113638.85632960145,0.27751578934788274,104308.30794568639,16.459084340451376,505.1146950654913,-0.48245079528483115,78367323.74818157,0.17180316809487997,0.0001568350696580038,3.037836064617237e-05,9.586964065419436e-06,16283.552316448442,0.14754317511994622,0.01730660757690141,0.1568439197911581,-0.281683817421421,0.9595072834548446,0.001637644301957993,0.0010288242896659937,0.002237644301957993,6.141166132342475e-05,liquid,False,72.6729370837424
1.805863743898225,1.378410632738153,2952.0811011851406,5094.4790343184395,1.2395877461981744,6315.053784204646,13348378.63855402,838.3415995610558,432.22491103292725,303.2541404483411,2900818.1202171883,128807.58496335274,996.8618351981967,16.223739085575517,20963.402227509076,5.386727182208346,0.0401812566508932,112623.23224960448,0.2785418487533627,103499.25473849456,16.434166602377253,505.1456644273807,-0.4828263766404018,78155143.14453496,0.17079334899135698,0.00015835177880847546,3.0424420787341503e-05,9.661905320252216e-06,16172.826318623524,0.14784787862659696,0.017395829872802093,0.15716141760450053,-0.2803500402367598,0.9598978356779679,0.0016488563063315129,0.0010310265158314453,0.0022488563063315127,6.183211148743173e-05,liquid,False,72.92075339445347
1.817028251291834,1.3831040409197508,2951.1426111647174,5048.001935659926,1.2391410477999427,6255.186407849779,13235097.907642284,835.2827399012085,432.01038055737524,303.1434184970823,2902424.955122245,128347.11643376636,996.8963266324236,16.11412407809621,20817.39284420943,5.400858223099887,0.040174772896774125,111626.57582046429,0.2795620566644168,102703.57658815592,16.409626894807758,505.1761462837354,-0.4831993160976166,77946454.21393472,0.16979730561337333,0.0001598673380452862,3.0469918859532826e-05,9.736759256301527e-06,16064.111100353202,0.1481527058507633,0.017484628568884802,0.15747891541784298,-0.2790154579534689,0.9602866104570115,0.0016600150795819846,0.0010331979415684276,0.0022600150795819844,6.225056548432443e-05,liquid,False,73.16576572636018
1.8279951226734958,1.3877425289584115,2950.221339974224,5002.398257366828,1.2387039368917934,6196.490415300937,13123859.546404146,832.2709088725283,431.798109262861,303.0330855793496,2904006.8919695793,127888.19878186204,996.9305842982753,16.006486859222736,20673.398963683754,5.4149982581581835,0.04016872012241589,110648.42779102211,0.28057641079911055,101920.99664161117,16.38545683901094,505.2061412536665,-0.4835695580685294,77741170.28984857,0.1688147926957289,0.0001613816746219294,3.051486479214827e-05,9.811521010889832e-06,15957.35629712759,0.1484576562274741,0.01757300341110388,0.1577964132311854,-0.27768008046088866,0.9606736037360631,0.0016711205897850892,0.001035339129844887,0.002271120589785089,6.266702211694085e-05,liquid,False,73.40803199080551
1.8387713960894136,1.392327591164897,2949.3167126483113,4957.646526814689,1.238278479809075,6138.947004654834,13014625.786884021,829.3072424548518,431.58825912661973,302.92311752248116,2905564.6224457272,127430.81188022085,996.9646168572364,15.900778192245802,20531.372790945494,5.429150108072251,0.040163088554498586,109688.2636158983,0.28158447049173413,101151.14027485282,16.361584853171635,505.2356688940227,-0.4839372310321709,77539225.40703572,0.16784570284994238,0.0001628943855097224,3.055938678844286e-05,9.886196016008827e-06,15852.513238164236,0.1487627291904778,0.01766095414855742,0.15811391104452782,-0.2763439176722585,0.9610588115019538,0.0016821728054115625,0.0010374506295371426,0.0022821728054115624,6.30814802029336e-05,liquid,False,73.64740976740296
1.849363667506895,1.3968606284469027,2948.428187790559,4913.725947353271,1.2378587312341527,6082.498566823056,12907318.405409303,826.3860263978418,431.3803981494745,302.8135143395886,2907098.810917099,126974.93703578274,996.9984251375813,15.796950605865025,20391.27819644032,5.443313516318899,0.04015786749508755,108745.61739929453,0.28258748661726374,100393.8029990334,16.33814493054967,505.26472977964374,-0.4843023348348946,77340545.64396991,0.16688941483328754,0.00016440612176293683,3.060322956647798e-05,9.96077417258143e-06,15749.53487602359,0.149067924172256,0.017748480533494832,0.15843140885787024,-0.2750069795244603,0.9614422297844177,0.0016931716953281486,0.0010395329758644334,0.0022931716953281485,6.349393857480557e-05,liquid,False,73.88433163016924
1.8597781296561684,1.401342956674921,2947.5552547310576,4870.616372728302,1.237447348870832,6027.131317799505,12801906.229798386,823.5089124867113,431.17469496817296,302.7042997924714,2908610.0962937432,126520.55538421853,997.0320032657271,15.694958304700693,20253.090210813632,5.457485124841382,0.04015304527719165,107820.0790636714,0.28358479655036795,99648.68725039688,16.315051884549785,505.2933434087184,-0.4846648870168785,77145053.78213416,0.16594591101008668,0.00016591641151848972,3.0646546731089205e-05,1.0035255130729455e-05,15648.375719707792,0.14937324060403712,0.01783558232132429,0.15874890667121266,-0.2736692759776229,0.9618238546562897,0.0017041172287985311,0.0010415866908074442,0.002304117228798531,6.390439607994493e-05,liquid,False,74.11864844054543
1.8700206065397398,1.4057758140996772,2946.697430996177,4828.298282634122,1.2370463446725934,5972.828741521501,12698355.867368141,820.6770113761431,430.9713474957687,302.5954017726776,2910099.1018462256,126067.64800023894,997.0653742097055,15.594756545795963,20116.74327965036,5.471674050606723,0.04014861573416211,106911.09351003928,0.28457609228696923,98915.38321952218,16.29223930302702,505.321529239942,-0.4850251269863857,76952706.1900893,0.16501506569503277,0.000167424857345778,3.068945837955513e-05,1.010965097087788e-05,15548.991771043307,0.14967867791580983,0.017922259270619967,0.15906640448455509,-0.27233081701479867,0.9622036822336798,0.001715009375484246,0.0010436122835114996,0.002315009375484246,6.431285158065922e-05,liquid,False,74.35018174417326
1.8800965841881503,1.4101603679491412,2945.8542600490778,4786.752759340029,1.2366517804415686,5919.546322371439,12596604.543265244,817.886362296586,430.770012466087,302.48689219481,2911566.418197294,125616.1969830169,997.0985171645134,15.496302720517772,19982.234958443703,5.485870673175241,0.040144565189506716,106018.36128340443,0.2855620456608242,98193.78041809033,16.269791431930916,505.34928777544843,-0.4853828881549001,76763411.88361527,0.16409646515404458,0.00016893186496754847,3.073180145497781e-05,1.0183944397926134e-05,15451.340464160685,0.14998423553633716,0.01800851114312936,0.1593839022978975,-0.2709916126415316,0.9625817086761737,0.001725848105445601,0.0010456102506750818,0.0023258481054456008,6.471930395421004e-05,liquid,False,74.57927530936144
1.890011238152165,1.414497720313474,2945.0253092658586,4745.961465336713,1.2362583717134916,5867.234593352142,12496583.516114479,815.1320320695272,430.5703364866391,302.3787226987625,2913012.6241576634,125166.18572333935,997.1314483280523,15.399555027217925,19849.5117793372,5.500081044972735,0.040140886799115975,105141.39670453244,0.286543898844021,97483.62741413827,16.24782662918775,505.37665733136487,-0.4857384276329161,76577125.62610671,0.16318950879835764,0.00017043804608274024,3.077334657804603e-05,1.0258132842674334e-05,15355.380607897348,0.1502899128931702,0.018094337703780307,0.15970140011123996,-0.2696516728855486,0.9629579301869968,0.0017366333891425567,0.0010475810769242813,0.0023366333891425566,6.512375209284588e-05,liquid,False,74.80632084472575
1.8997694581473892,1.4187889134097729,2944.210168117516,4705.906621951821,1.2358768512055422,5815.921058005127,12398309.543785194,812.4223704272495,430.37310087162444,302.2708937335266,2914438.2747158627,124717.59586596189,997.164167440701,15.304473254517909,19718.542155617637,5.514304897586773,0.04013757134534152,104279.8090713466,0.2875192890519537,96784.51153007425,16.226061049934874,505.4036005429293,-0.4860915988894013,76393779.39911212,0.16229475280979871,0.00017194181111237472,3.081462583317513e-05,1.0332231719630737e-05,15261.072330959827,0.15059570941266187,0.01817973872068797,0.16001889792458238,-0.2683110077964208,0.963332343013183,0.001747365197435605,0.0010495252351737764,0.002347365197435605,6.552619490383519e-05,liquid,False,75.03049967130488
1.909375870205861,1.423034934304796,2943.4084465322835,4666.570988886754,1.2355042474825444,5765.568277948402,12301728.673220994,809.754298289607,430.17808839334936,302.1634046547223,2915843.906012511,124270.40987721136,997.1966767874463,15.211018430745893,19589.294800667223,5.5285420614654015,0.040134609932280595,103433.21902518052,0.2884888490332738,96096.23141621744,16.204557019765822,505.4301745794381,-0.4864426212596253,76213318.26258843,0.1614117972246809,0.00017344344074888594,3.085551795029727e-05,1.0406235346199409e-05,15168.377029692401,0.15090162451998088,0.0182647139651617,0.1603363957379248,-0.2669696274451559,0.9637049434457595,0.001758043501586632,0.0010514431869749047,0.002358043501586632,6.59266313094987e-05,liquid,False,75.25208618608872
1.918834856638023,1.427236719162473,2942.6197734165876,4627.937844629414,1.2351363464851648,5716.134241176002,12206781.739583096,807.1237852972204,429.9849871557849,302.05625569230125,2917230.0359147754,123824.61128045956,997.2289766171118,15.119152844370177,19461.739535406457,5.54279228437484,0.04013199386730705,102601.26089682183,0.2894534883921669,95418.61003341094,16.183407540856198,505.45636095914114,-0.4867914213749135,76035680.12069628,0.16054017956052336,0.00017494340717132391,3.089584185145887e-05,1.0480135894348584e-05,15077.257318308966,0.15120765763912572,0.018349263211711788,0.16065389355126722,-0.26562754192386084,0.9640757278199091,0.0017686682732597644,0.0010533353828513596,0.002368668273259764,6.632506024724117e-05,liquid,False,75.47137380335624
1.9281505740656064,1.4313951570734822,2941.8437953158973,4589.990967700044,1.2347747507865512,5667.604953254343,12113441.184740769,804.5316000145608,429.79391295851303,301.94944663850856,2918597.164677022,123380.18354470655,997.2610681959138,15.028839949168763,19335.846714568594,5.557055352642741,0.04012971472439875,101783.58029527197,0.2904128463204954,94751.39232401269,16.162560643292093,505.48217898788954,-0.4871380722124567,75860809.06751278,0.159679831175546,0.00017644137307519983,3.093569212422499e-05,1.0553934622727139e-05,14987.676981453464,0.15151380819293886,0.018433386238056144,0.16097139136460964,-0.2642847613453071,0.9644446925151562,0.0017792394845222111,0.0010552022626230193,0.002379239484522211,6.672148066958293e-05,liquid,False,75.6882660293765
1.9373269697499966,1.435511093516197,2941.0801751993445,4552.714618689846,1.234422110926266,5619.9715900479905,12021685.88399291,801.9793467750046,429.60507965155466,301.8429533182224,2919945.7775168745,122937.10987400924,997.2929598210028,14.940044228966892,19211.577447962947,5.571334273633438,0.04012776569726273,100979.79622499426,0.29136638668719456,94094.28466013666,16.14193963624166,505.507647938032,-0.487482702247878,75688658.51219927,0.15883074320910698,0.00017793684255821313,3.0975211856040334e-05,1.0627638050620658e-05,14899.600928963084,0.15182007560312064,0.018517082825126714,0.16128888917795206,-0.2629411781011306,0.9648118660437327,0.0017897571078450687,0.0010570442557183983,0.0023897571078450685,6.711589154419007e-05,liquid,False,75.90256828647733
1.946367788328866,1.4395853298412125,2940.3285920256376,4516.093555741258,1.2340729994491932,5573.189120126786,11931453.907872204,799.4620880013185,429.41806456689363,301.73679992825913,2921276.34017953,122495.37474110587,997.3246446646491,14.852731564689417,19088.91375584682,5.585625592229629,0.040126137435780494,100189.61640838695,0.29231524028823025,93447.17834398642,16.121668169553026,505.5327493096142,-0.4878251826030082,75519163.88871646,0.157992399458423,0.00017943048018748207,3.101416024331076e-05,1.0701232693393066e-05,14812.995230053291,0.15212645931051527,0.018600352682282294,0.1616063869912945,-0.26159674119647214,0.9651772609191464,0.0018002211067052864,0.001058861779850366,0.0024002211067052862,6.750829150144824e-05,liquid,False,76.11468474272056
1.955276597526421,1.4436186315848945,2939.588738716231,4480.112968237543,1.2337295457778747,5527.24773733727,11842723.549633883,796.9810409221263,429.2330426320673,301.6309620740507,2922589.306521302,122054.96244093236,997.3561314873489,14.766868613463144,18967.818121684246,5.599932358810196,0.04012482361237578,99412.68178765873,0.29325899063824634,92809.79979201338,16.101683224245587,505.5575212134803,-0.4881657149343852,75352283.98931406,0.15716475895161103,0.00018092187061652244,3.105265412544635e-05,1.0774724245079706e-05,14727.826954505552,0.15243295874471754,0.018683195558059654,0.16192388480463693,-0.26025175501958586,0.9655407935500319,0.0018106314495030629,0.0010606552437609376,0.0024106314495030627,6.789867935636486e-05,liquid,False,76.32447858141302
1.964056812422793,1.4476117365670134,2938.860320242221,4444.758413033543,1.2333915572300294,5482.127500562715,11755461.88512895,794.5355332097583,429.04999745608495,301.52543976589163,2923885.113815695,121615.8575292639,997.3874209785403,14.682423009824108,18848.263695163616,5.614254371135734,0.040123816694552866,98648.68121667205,0.2941976782471319,92181.94595653906,16.08197963414317,505.581963989164,-0.48850429904215276,75187966.66194779,0.15634764985709243,0.0001824109344223305,3.1090699738138264e-05,1.084811119599785e-05,14644.064019484444,0.15273957329354426,0.018765611355117513,0.16224138261797935,-0.2589062910735419,0.9659024445784069,0.0018209881240061313,0.0010624250499271007,0.002420988124006131,6.828705465022992e-05,liquid,False,76.53196653307907
1.9727116783116119,1.4515653444314844,2938.1430551372755,4410.015913955762,1.2330588487189285,5437.809145694445,11669637.012674514,792.1249254067916,428.8689322996486,301.42020904732436,2925164.1866976917,121178.04481297576,997.418520770035,14.599363376629544,18730.214599591756,5.628594700349308,0.040123110791706676,97897.27698289229,0.29513139886573536,91563.38890559816,16.06255262694668,505.60607797135793,-0.48884099023626154,75026169.08250187,0.15554088867101956,0.00018389759059340676,3.112830268093227e-05,1.092139567956577e-05,14561.675423302064,0.15304630237424263,0.018847599867382256,0.16255888043132177,-0.25756018316888735,0.9662622584195293,0.0018312911043185183,0.001064171589125354,0.002431291104318518,6.867341641194445e-05,liquid,False,76.73714567170936
1.9812442931748375,1.455480124293374,2937.4366737085365,4375.871897716449,1.2327312540960238,5394.274052235546,11585218.24537631,789.7485634659629,428.68979544570584,301.3153176424926,2926426.9318099855,120741.50933371007,997.449418152251,14.517659571392318,18613.664759432853,5.642946623988602,0.040122695940870895,97158.25200383486,0.2960600768556783,90953.9999314058,16.043396908625027,505.6298823342814,-0.48917575047026746,74866829.18277699,0.15474434234542783,0.00018538175671396794,3.116546968498903e-05,1.0994568691362268e-05,14480.631092417727,0.15335314540298928,0.01892916089202529,0.1628763782446642,-0.25621344153540554,0.9666202317231848,0.0018415403649520309,0.0010658952431478628,0.0024415403649520307,6.905776368570116e-05,liquid,False,76.94008688857554
1.9896576170848694,1.459356716710257,2936.7409173262913,4342.313179973445,1.2324086036151498,5351.5041225907335,11502175.45362312,787.4058537377082,428.51261000880106,301.2107176278863,2927673.748714203,120306.2363738428,997.4801276769209,14.437281954384202,18498.569775762186,5.657316498190724,0.04012256807391827,96431.24998415227,0.2969838635661662,90353.53079596118,16.024508199312034,505.6533773844881,-0.48950869056862345,74709914.44614302,0.15395781856924523,0.00018686335226364114,3.120220563283596e-05,1.106763610885586e-05,14400.90184716686,0.15366010179490477,0.019010294229468937,0.16319387605800662,-0.25486607642101217,0.9669763611845735,0.001851735880826998,0.0010675963850556563,0.0024517358808269977,6.944009553101242e-05,liquid,False,77.14076737568706
1.9979544808360614,1.463195735488849,2936.0555377701585,4309.326951954499,1.2320907453033476,5309.481855989422,11420479.648988176,785.0961864155302,428.3373437888828,301.10643297974707,2928905.019819639,119872.2114395567,997.5106430905073,14.358202058501867,18384.91501049575,5.671700838121002,0.04012271900191888,95716.034415483,0.2979027379975526,89761.83206076786,16.00588168313443,505.67656342426227,-0.48983975480647274,74555370.9249046,0.15318117940143278,0.0001883422953733119,3.123851655900065e-05,1.114059257751123e-05,14322.459368999644,0.15396717096406795,0.01909099968339204,0.16351137387134904,-0.2535180980912826,0.9673306435444805,0.0018618776272729762,0.0010692753794232712,0.002461877627272976,6.98204110227366e-05,liquid,False,77.3392196353795
2.0061375938831563,1.466997769344011,2935.3802966261655,4276.900767619894,1.2317775285879722,5268.190257554835,11340102.50704917,782.8189894890656,428.1640025903912,301.00243952181177,2930121.1186201447,119439.42026096035,997.5409724437352,14.280392046709329,18272.666976948138,5.686102781843362,0.04012314362771455,95012.30342369765,0.29881679398496885,89178.69703232056,15.987513112693165,505.6994595777038,-0.49016907168961676,74403163.13914917,0.15241425268225292,0.00018981850523829366,3.1274407500127635e-05,1.121344035378287e-05,14245.276169152206,0.15427435232353037,0.01917127706073553,0.16382887168469148,-0.252169516829199,0.9676830755893834,0.0018719655800294465,0.0010709325825751818,0.0024719655800294464,7.019870925110425e-05,liquid,False,77.53545698731261
2.0142095516526006,1.4707633834240352,2934.71496472996,4245.022531338619,1.231471851586993,5227.625756696073,11261032.166473586,780.5760323380773,427.9928048463339,300.89873726347514,2931322.4055107594,119007.84818594718,997.5711163588479,14.203824996854468,18161.802507051623,5.700522156233716,0.04012383556825482,94319.80032033329,0.2997253904350298,88603.91661579304,15.969324812447715,505.7220661208157,-0.4904966410164224,74253247.13587582,0.15165710054224366,0.000191291428755989,3.131002756048031e-05,1.1286182803139842e-05,14169.325558677821,0.1545816452853308,0.019251126171707884,0.1641463694980339,-0.25082034293463557,0.968033654151627,0.0018819997152465036,0.0010725683428143393,0.0024819997152465034,7.057498932174389e-05,liquid,False,77.72926127448181
2.022172842287837,1.4744931207157268,2934.059321651729,4213.680486054711,1.2311677255272173,5187.747420114398,11183212.01894359,778.3622313147862,427.8232748517785,300.79534996062205,2932509.228491469,118577.48191630509,997.6010691562506,14.128474853871994,18052.30833694964,5.714955452771584,0.040124787120239036,93638.31166779442,0.3006298068460248,88037.42978975606,15.951453915113918,505.7444021401371,-0.4908224802450938,74105574.7616643,0.15090918672327466,0.00019276189047344724,3.134510513341061e-05,1.1358805026318009e-05,14094.581619769902,0.15488904926050998,0.01933054682979042,0.16446386731137633,-0.24947058672405648,0.9683823761095381,0.001891980009485518,0.0010741830006431143,0.002491980009485518,7.094925035570692e-05,liquid,False,77.9211272883586
2.0300298528812397,1.4781875033405303,2933.413155219007,4182.863201921432,1.2308678380964855,5148.551786402376,11106630.471870564,776.1792508803501,427.6556525517974,300.69222968987924,2933681.9289409374,118148.30781054076,997.6308450995837,14.054316030006653,17944.143324797264,5.729409191774281,0.04012599520155554,92967.52396233709,0.3015295666628131,87478.97797265457,15.933828476946276,505.7664678868582,-0.49114670023945406,73960119.32504852,0.15017053208172712,0.0001942293758491578,3.137977798138224e-05,1.1431317822581264e-05,14021.019178312163,0.15519656365912496,0.01940953885174253,0.16478136512471875,-0.24812025853015834,0.9687292383875524,0.0019019064397197962,0.0010757768889769473,0.002501906439719796,7.132149148949236e-05,liquid,False,78.1108153350608
2.0377828752401492,1.4818470337519614,2932.7762610739233,4152.559565382234,1.2305720716970423,5110.023827217785,11031262.43755244,774.0265545077705,427.48990766887334,300.58940042641626,2934840.8338517314,117720.31242098243,997.6604379791117,13.981323952115408,17837.295326704603,5.743879853476469,0.040127452415175735,92307.23880016517,0.3024246443419105,86928.4345449938,15.916444246488046,505.78826360890935,-0.49146924526524216,73816832.79651453,0.14944101527576395,0.00019569380374972973,3.1414051546740706e-05,1.1503715731616035e-05,13948.613777595305,0.15550418789026396,0.019488102057606708,0.16509886293806117,-0.24676936870138722,0.9690742379563697,0.0019117789833352108,0.0010773503333509776,0.0025117789833352107,7.169171187507041e-05,liquid,False,78.298355940036
2.0454341112292447,1.4854721958434343,2932.148442261834,4122.75876867841,1.2302803111293532,5072.148940640944,10957083.436336594,771.9036299413192,427.3260290910615,300.4868621790769,2935986.2617075206,117293.48249195222,997.6898484170149,13.909474648019325,17731.743154868407,5.75836725802255,0.04012915299568009,91657.22859252925,0.3033150719618353,86385.64650885687,15.89929729805361,505.8097895509727,-0.4917901151164123,73675675.70707029,0.14872050145696997,0.00019715509376852698,3.1447930724662277e-05,1.1575997175612652e-05,13877.341653142712,0.15581192136206076,0.01956623627071348,0.1654163607514036,-0.2454179276016277,0.9694173718330625,0.001921597618130821,0.0010789036521199236,0.002521597618130821,7.205991067990579e-05,liquid,False,78.4837604599112
2.052985677727062,1.4890634559746223,2931.529508848592,4093.4502997643726,1.2299924430853637,5034.912934855695,10884069.571036978,769.8099891943907,427.16402538023385,300.3845905510619,2937118.5230090003,116867.80495825836,997.7190847721822,13.838744712138695,17627.456612976897,5.772874676152713,0.04013109288729567,91017.23672697521,0.3042009414994035,85850.43454171125,15.882384035523392,505.83108353760343,-0.492109511544236,73536621.11086583,0.14800883432797185,0.00019861316629274757,3.1481419847402835e-05,1.1648164687088922e-05,13807.179708590895,0.15611976348170986,0.01964394131768633,0.16573385856474604,-0.24406594560980036,0.9697586370812038,0.0019313623223194912,0.001080437156651464,0.002531362322319491,7.242608708698092e-05,liquid,False,78.66705815736958
2.0604396112304473,1.4926212639235972,2930.919277563967,4064.6239326125783,1.229708366083292,4998.302054916058,10812197.769475132,767.7451334882121,427.0038667017833,300.2826099564961,2938237.9161870745,116443.26693351111,997.7481398857535,13.769111605807518,17524.42497906456,5.78739849958378,0.04013326505740026,90387.0846546814,0.305082223433042,85322.68419029268,15.865700493876538,505.85210820190446,-0.4924272323944357,73399620.0193982,0.14730590930331333,0.00020006794087533273,3.1514524063591016e-05,1.1720212619773299e-05,13738.105492573792,0.1564277136554808,0.019721217028446304,0.16605135637808846,-0.24271343311949353,0.9700980308109841,0.0019410730745284695,0.0010819511515133705,0.0025410730745284694,7.279024029481761e-05,liquid,False,78.84824150012116
2.0677978721373598,1.496146053771276,2930.317571469047,4036.2697178908065,1.229427976501065,4962.302911879018,10741445.406880526,765.7085990568435,426.8455622412536,300.18089599827806,2939344.7336601936,116019.85571249016,997.7770220725845,13.700553203927992,17422.619026082506,5.801942023108143,0.04013566574190757,89766.52867756026,0.30595900881402455,84802.22405730466,15.849243263327722,505.87290134052495,-0.49274347943042346,73264647.38933869,0.14661157583682846,0.00020151933845194095,3.154724750530579e-05,1.1792143556568224e-05,13670.097176562278,0.15673577128873314,0.019798063236216606,0.16636885419143088,-0.2413604005384729,0.9704355501793552,0.0019507298537999665,0.0010834459346546238,0.0025507298537999663,7.315236951749875e-05,liquid,False,79.02733909927133
2.0750623487353077,1.4996382447240135,2929.724219645585,4008.3779739954907,1.2291511786030476,4926.902511023053,10671790.551074317,763.6999219863324,426.6891019497142,300.07944890484345,2940439.2578864815,115597.55876327664,997.8057313813289,13.633048103243025,17322.019545366402,5.816505079306893,0.04013828973372197,89155.36714385984,0.3068313271184494,84288.91711196941,15.83300878873084,505.89344437824633,-0.4930581792473906,73131665.57722756,0.14592571448827224,0.0002029672796980823,3.157959467286316e-05,1.1863955953682497e-05,13603.133533613245,0.1570439357859314,0.019874479777527106,0.1666863520047733,-0.24000685828847054,0.9707711923901008,0.001960332639591718,0.001084921797580732,0.002560332639591718,7.351247398468943e-05,liquid,False,79.20434242853213
2.0822348609200176,1.5030982418795964,2929.139056905528,3980.9392784255992,1.2288778807887752,4892.088224020446,10603211.850666186,761.7186496847871,426.5344763886335,299.97826824429205,2941521.76334675,115176.36372311186,997.8342693828705,13.56657546584103,17222.60749133269,5.831087565081143,0.04014113199201195,88553.40327615343,0.30769920859559735,83782.62912691632,15.816993604434998,505.91377506845134,-0.49337147808044934,73000643.91552854,0.14524819620681037,0.0002044116856049202,3.1611569967367424e-05,1.1935648360773824e-05,13537.19391798506,0.15735220655065982,0.01995046649221866,0.16700384981811572,-0.23865261202900306,0.9711050050183729,0.001969881411777535,0.001086379025523479,0.002569881411777535,7.387055294165756e-05,liquid,False,79.37929867981785
2.089317151515924,1.5065264310498878,2928.5619245086564,3953.944505710362,1.2286079959405032,4857.847835220771,10535688.634006193,759.7643434853339,426.381676322988,299.87735424493513,2942592.5166703137,114756.25839105599,997.8626361260033,13.501115152619352,17124.36457045059,5.845689309942744,0.04014418755957807,87960.44742709362,0.308562680314743,83283.2306512476,15.801194350748418,505.9338748257714,-0.4936833025241395,72871546.82367498,0.144578907587883,0.0002058524749889688,3.164317765487883e-05,1.20072191265916e-05,13472.258356833474,0.15766058301741223,0.020026023093371273,0.16732134763145814,-0.23729776031924785,0.9714369629304151,0.001979376134301986,0.0010878178951367916,0.0025793761343019857,7.422660503632447e-05,liquid,False,79.55219850278337
2.096310919261103,1.5099231937978221,2927.9926674826047,3927.3847058340807,1.228341436502311,4824.1693712614415,10469200.51847934,757.8365819922201,426.2307117191547,299.7766829496114,2943651.7779314695,114337.2307336105,997.8908387573249,13.436647314096206,17027.263587101217,5.860313654497348,0.04014745320653189,87376.27986756004,0.3094218318968464,82790.56523820986,15.785607941527575,505.9537438430691,-0.49399370794745817,72744348.49260484,0.1439177164332379,0.00020728957112434805,3.167442152700613e-05,1.2078671007049432e-05,13408.30725834982,0.15796906457389331,0.020101149483430673,0.16763884544480057,-0.23594263484828726,0.9717669849613373,0.001988816794906039,0.0010892386806987593,0.002588816794906039,7.458062980897646e-05,liquid,False,79.72303212391438
2.1032178057514614,1.5132889003501615,2927.4311356994413,3901.2511585401166,1.228078128983049,4791.041223472898,10403727.89446006,755.93491824075,426.08153446376883,299.6763020764248,2944699.796420375,113919.26886899398,997.9188651379218,13.3731528771105,16931.304851372555,5.8749535016608485,0.040150921020483614,86800.78783577874,0.31027656953010796,82304.56681239173,15.770230663290967,505.97340106516685,-0.4943026562549062,72619003.9987337,0.1432645357493677,0.00020872289620483094,3.170530670574598e-05,1.214999408574058e-05,13345.321542442045,0.15827765060297874,0.02017584558607905,0.16795634325814301,-0.2345871580389599,0.9720950906589355,0.001998203383999316,0.0010906416509964241,0.0025982033839993157,7.493262689997435e-05,liquid,False,79.89186660139802
2.110039389839115,1.5166239060565299,2926.8771843370337,3875.53539779935,1.2278179893816088,4758.452079903252,10339251.379615562,754.0589640417948,425.934174554468,299.5761637029087,2945736.8190908134,113502.36107542439,997.9467289827786,13.31061299618164,16836.452943354892,5.8896156936862205,0.04015458961396006,86233.72823096346,0.3111270425889247,81825.05651946145,15.755059829173451,505.9928466649797,-0.4946102583883997,72495496.53838193,0.14261922289395673,0.00021015237375687345,3.1735836323144655e-05,1.2221195346955341e-05,13283.282700295129,0.15858634050486195,0.02025011125451999,0.16827384107148544,-0.23323122410679123,0.9724213058657486,0.0020075358831348356,0.0010920270677598322,0.0026075358831348355,7.528259561755634e-05,liquid,False,80.05867211051174
2.1167771972378047,1.519928555289609,2926.330673101896,3850.2291781699287,1.2275609439103907,4726.390964225606,10275752.257992245,752.2083172134062,425.78862333121305,299.4762678370154,2946763.0837076935,113086.49578146434,997.9744307828944,13.249009499810136,16742.690999665094,5.904300117466574,0.04015845451352938,85674.93109053913,0.31197327788814105,81351.916982217,15.74009235744951,506.01208081342776,-0.49491651416592664,72373795.46970914,0.14198166879741703,0.0002115779264917084,3.176601436924598e-05,1.229227333657784e-05,13222.172714010181,0.15889513367893138,0.020323946345287985,0.16859133888482786,-0.2318748435486785,0.9727456280699883,0.0020168142742841904,0.0010933951872172368,0.0026168142742841903,7.563053528565714e-05,liquid,False,80.22345748221471
2.123432703021679,1.5232031819564678,2925.791466030532,3825.324467928142,1.2273069254210183,4694.84721147068,10213212.376193162,750.3825727997273,425.6448527136099,299.37663823072336,2947778.820395784,112671.66155915728,998.0019650332239,13.188324774684544,16650.011333404098,5.919003135095795,0.04016250971156382,85124.26414914911,0.3128152398884245,80885.06215138875,15.725324999948764,506.03112241869746,-0.49522144106500676,72253865.63813248,0.1413517780120413,0.00021299947686407157,3.179584523700649e-05,1.2363222248977782e-05,13161.974040631525,0.15920402952378565,0.020397350718251984,0.16890883669817028,-0.23051802687257694,0.97306805480746,0.002026038539837993,0.0010947462602354024,0.0026260385398379927,7.597644524392474e-05,liquid,False,80.38626970508756
2.1300073339720473,1.5264481099783351,2925.259431302302,3800.8134424502905,1.2270558587890306,4663.810402722733,10151613.782887552,748.5813705987539,425.5028935254725,299.27722718293415,2948784.256236906,112257.84713129162,998.0293447457557,13.128541425937163,16558.379998266017,5.933731686425087,0.04016675421179884,84581.499960002,0.31365307794640246,80424.32317480614,15.710755285913002,506.0499528986598,-0.49552507681899377,72135690.38402948,0.14072941880563292,0.00021441694958615812,3.182533181255286e-05,1.2434049309018763e-05,13102.669596795577,0.1595130274372484,0.02047032423661883,0.1692263345115127,-0.22916078459721295,0.9733885836616277,0.0020352086626063085,0.0010960805324555967,0.0026352086626063084,7.632032484773657e-05,liquid,False,80.54705937318732
2.136502470783344,1.5296636537411794,2924.734441063006,3776.6884778350395,1.2268076860995816,4633.270452611756,10090939.318629224,746.8043111822863,425.36269832563903,299.1780821891211,2949779.607887288,111845.0413542384,998.0565584413454,13.069642831007956,16467.7987715166,5.948478593713164,0.04017118055428467,84046.54797138377,0.3144866933535485,79969.6478666776,15.696379863439558,506.0686098774122,-0.4958274565744306,72019230.71047382,0.14011451134761552,0.00021583026724380055,3.185447882569495e-05,1.2504744320834857e-05,13044.242743973402,0.1598221268163838,0.020542866766936653,0.16954383232485512,-0.2278031272516253,0.9737072122637174,0.0020443246258190794,0.0010973982444254353,0.0026443246258190793,7.666217346821548e-05,liquid,False,80.70591155177317
2.1429194501386135,1.5328501185192782,2924.2163712583956,3752.942144756362,1.2265623411797044,4603.217503384344,10031171.998764757,745.0510393161808,425.22427840958335,299.07917973342563,2950765.0892324536,111433.23322540108,998.0836121008156,13.011612571160763,16378.243386512317,5.9632472390569475,0.04017578627634284,83519.22301202634,0.3153161718163109,79520.90175550133,15.682196152582534,506.0870560399474,-0.49612848924708625,71904462.17042935,0.13950694707914899,0.0002172393547045707,3.188328950455452e-05,1.2575310112486484e-05,12986.677274280513,0.16013132705751137,0.020614978179098045,0.16986133013819757,-0.22644506537469472,0.9740239382928173,0.0020533864131265286,0.0010986996317267148,0.0026533864131265284,7.700199049224483e-05,liquid,False,80.86277763036406
2.149259566663913,1.5360078008737479,2923.7051014769463,3729.5672025375065,1.2263197638548895,4573.641971096736,9972295.3422156,743.321196213742,425.0876260320398,298.98051938178736,2951740.907423357,111022.4118768525,998.1105072289838,12.954434707561212,16289.698481550642,5.978037548230487,0.04018056741439483,82999.3762234728,0.31614153826038954,79077.98067140603,15.668201403958907,506.1053289876188,-0.4964283211481795,71791361.53177242,0.1389066195353072,0.00021864413662449515,3.191176747789726e-05,1.2645745269537366e-05,12929.957396828675,0.16044062755622127,0.020686658346343083,0.17017882795154,-0.22508660951488682,0.9743387594759293,0.0020623940085995325,0.0010999849250993789,0.0026623940085995323,7.733977532248247e-05,liquid,False,81.01770295557901
2.1555240747702706,1.5391369890278648,2923.2005148012236,3706.5565934368847,1.2260798963662556,4544.534523956757,9914293.275973508,741.614430745798,424.95273314736113,298.88210136220806,2952707.264188448,110612.56657241864,998.1372438110664,12.898093728513699,16202.14923981059,5.992849377194802,0.040185520046888384,82486.86345828114,0.31696281554538885,78640.7836273022,15.65439292336827,506.12341013658016,-0.4967268788558193,71679900.38895531,0.13831343545646357,0.000220044538055206,3.193991631918344e-05,1.271604826242886e-05,12874.067724595463,0.16075002770738955,0.020757907145262378,0.1704963257648824,-0.22372777022972398,0.9746516735880753,0.0020713473967300107,0.0011012543505617585,0.0026713473967300105,7.76755273773754e-05,liquid,False,81.17067698921903
2.1617141903910557,1.5422379632208116,2922.702497667282,3683.903437137305,1.2258426793332786,4515.886059785468,9857150.033198003,739.9304120344846,424.8196121566152,298.78390149707917,2953664.3568513356,110203.68670856308,998.1638292175913,12.842574421713316,16115.57229413911,6.00768625656644,0.040190642085038794,81981.51139086735,0.31778009079245345,78209.18358468586,15.640768321838593,506.14131834135594,-0.49702429103809026,71570061.95842394,0.13772728098131534,0.00022144048515863264,3.196773903375767e-05,1.2786222207743516e-05,12818.993261789257,0.16105952690519332,0.02082872445579981,0.17081382357822483,-0.22236855808549813,0.974962678452348,0.002080246562431266,0.0011025081295272057,0.002680246562431266,7.800924609117248e-05,liquid,False,81.32170618474072
2.167831092622045,1.5453109960413933,2922.2109397315403,3661.6010254302128,1.2256111676123604,4487.69910810814,9800865.538114917,738.2709513291925,424.68848213705286,298.68594375756277,2954612.3756081546,109795.76117458045,998.1902575247105,12.787862128950547,16029.96210186185,6.022544460693497,0.04019592809385822,81483.21576940268,0.31859261488292123,77783.08012015607,15.627253595145465,506.15905373047497,-0.4973205019388362,71461813.83063099,0.1371482895934266,0.0002228313387128055,3.1995385302720286e-05,1.2856266407234601e-05,12764.71939168764,0.161369124543126,0.020899110161255296,0.17113132139156725,-0.22100898365677793,0.9752717719400055,0.0020890914910383336,0.001103746478917255,0.0026890914910383335,7.834093091393751e-05,liquid,False,81.47057159342211
2.173875925270793,1.5483563527430904,2921.7257337446517,3639.6428170871204,1.2253791858239353,4459.94255189215,9745394.902154611,736.6314665505406,424.55886987269037,298.58820396579927,2955551.5078098117,109388.78022839948,998.2165360596545,12.733942392003515,15945.295941644014,6.037427546305628,0.040201376168997036,80991.81075790794,0.3194018697175165,77362.41474946032,15.613986947105595,506.1766351324683,-0.4976156402476559,71355140.36128537,0.13657593346200042,0.00022421813473264262,3.2022570640914126e-05,1.2926173559066368e-05,12711.23186492894,0.1616788200140127,0.02096906414828733,0.17144881920490967,-0.21964905752604594,0.9755789519705311,0.0020978821683082993,0.0011049696112714266,0.002697882168308299,7.867058131156123e-05,liquid,False,81.61776525977791
2.179849798321467,1.5513742915417548,2921.246775431897,3618.022432910668,1.2251496999911335,4432.6190982416965,9690738.295345323,735.0137424177619,424.4310069929716,298.49068257116477,2956481.934782077,108982.73363790644,998.2426642369655,12.680801213713975,15861.560327407717,6.052335383080261,0.04020698273004248,80507.1672971056,0.3202071891563128,76947.0647295502,15.600896621138812,506.1940252660143,-0.49790955927589164,71250013.63302627,0.1360103360156188,0.00022560025525240229,3.204943998683466e-05,1.299594732449836e-05,12658.516788237184,0.16198861271002543,0.02103858630691543,0.1717663170182521,-0.21828879028332165,0.9758842165116947,0.002106618580420609,0.0011061777348537881,0.0027066185804206088,7.899819676577283e-05,liquid,False,81.76301827304269
2.1857537893207426,1.554365063897102,2920.773963379697,3596.733650958149,1.2249226662109383,4405.720573382258,9636881.583742443,733.4174519465992,424.30486620877724,298.39340310190556,2957403.8323294525,108577.61128626441,998.268637211036,12.628424998688017,15778.750288663585,6.067264245683639,0.04021274257188439,80029.19045799354,0.32100853102719507,76536.96769104183,15.587979960020311,506.21126165388955,-0.4982023497896363,71146406.79947662,0.1354514165543682,0.00022697762677951748,3.207599710048309e-05,1.30655816420206e-05,12606.560613562066,0.1622985020226984,0.021107676530522448,0.17208381483159454,-0.21692819252569656,0.9761875635796301,0.002115300713977357,0.0011073710537563876,0.0027153007139773568,7.932377677415089e-05,liquid,False,81.90639544511231
2.191588944689986,1.5573289147791045,2920.3071989278437,3575.770401930631,1.2246980346593928,4379.238983637671,9583810.800791753,731.8422997524076,424.1804604222923,298.29634182259775,2958317.3736530505,108173.40317671822,998.2944612320969,12.57680034818605,15696.844170228742,6.0822176830435986,0.040218654017363575,79557.72529972857,0.3218059801876038,76132.00860759738,15.57523484495017,506.2283257181258,-0.49849399395556815,71044302.0619904,0.13489907737328893,0.00022835017767615351,3.2102244683784714e-05,1.3135079689729976e-05,12555.35012761604,0.1626084873429434,0.021176334715856775,0.17240131264493697,-0.2155672091003115,0.976489005755161,0.0021239285560035615,0.0011085497679996588,0.0027239285560035614,7.964732085013356e-05,liquid,False,82.0478652958335
2.197356277447112,1.5602660811245572,2919.8463863482934,3555.126777302376,1.2244757610785455,4353.166566368043,9531512.42492114,730.2879856750287,424.05778296642507,298.19949829760975,2959222.726831548,107770.09942581783,998.3201377398318,12.525914283248648,15615.828995147265,6.097195654994883,0.04022471376836676,79092.65156156088,0.3225995579903783,75732.10178418092,15.56265897454757,506.2452549477485,-0.498784638166171,70943680.7577022,0.13435322671619804,0.00022971783522501995,3.2128185859353496e-05,1.3204440078129221e-05,12504.872472570116,0.16291856807022476,0.02124456072126635,0.1727188104582794,-0.21420567305456464,0.9767885798018121,0.0021325020886987017,0.00110971407291924,0.0027325020886987015,7.996882832620132e-05,liquid,False,82.18747198132343
2.203056766024719,1.5631767908459806,2919.391432934489,3534.797033195243,1.2242558031251074,4327.495780758689,9479973.308396531,728.7542171693658,423.9368269059162,298.10287297627235,2960120.05542889,107367.69025990381,998.3456661500538,12.475754219003843,15535.692389219685,6.112198025901674,0.04023091853251083,78633.85335918897,0.3233892826823843,75337.16467096763,15.550250102533731,506.26201207911515,-0.49907413571134757,70844517.36975469,0.13381378913089712,0.00023108052570410174,3.215382368149377e-05,1.3273661205163006e-05,12455.115156495736,0.16322874361864312,0.02131235433745138,0.1730363082716218,-0.2128439058530185,0.9770862151014267,0.002141021285761389,0.0011108641587868086,0.0027410212857613887,8.028829821605209e-05,liquid,False,82.32518517319897
2.2086913838602653,1.5660612776144562,2918.9422466376027,3514.7754848634513,1.224038119064103,4302.219173424879,9429180.408090021,727.2407019244101,423.8175851383287,298.0064654226065,2961009.519231914,106966.16601974644,998.3710479027947,12.426307655712218,15456.421735209755,6.127224753550669,0.04023726514401721,78181.21538541456,0.32417517624770553,74947.11460637042,15.538005983139675,506.2786345815565,-0.49936263299795064,70746793.84378691,0.13328067458308016,0.00023243818124773206,3.217916124775284e-05,1.3342741815373384e-05,12406.065795795927,0.16353901334297946,0.021379715626923725,0.17335380608496423,-0.21148209591159184,0.9773818716903031,0.0021494861550470953,0.0011120002166446878,0.002749486155047095,8.060573081426608e-05,liquid,False,82.46104944322781
2.2142610646814256,1.5689197628379032,2918.498738835738,3495.0566305764946,1.223822665163282,4277.329520528726,9379121.016881738,725.7471699263656,423.7000712004449,297.91025212353674,2961891.2748277034,106565.51715596096,998.3962885916533,12.377562457121089,15377.996668946746,6.142279458632986,0.04024375225803847,77734.5957509775,0.3249573229504345,74561.84519310998,15.525924692612936,506.29508520676524,-0.4996500389126994,70650492.47899817,0.13275379530680287,0.00023379073209126727,3.22042010314461e-05,1.3411685258191636e-05,12357.71241900108,0.16384937663179797,0.021446644499992375,0.17367130389830665,-0.21012000877911652,0.9776756015727629,0.0021578966852849155,0.0011131224311740728,0.0027578966852849153,8.092112569818433e-05,liquid,False,82.59501400632035
2.219766716701033,1.571752462572154,2918.060823195692,3475.635100457479,1.2236094069929984,4252.819804194826,9329782.890642392,724.2733315554788,423.5842580837409,297.81425660553913,2962765.4731216244,106165.7342211743,998.4213834363196,12.32950690631093,15300.413609299125,6.157358366855763,0.04025037504394363,77293.9169507036,0.325735677155822,74181.30540659501,15.514003856078453,506.3114014047174,-0.49993644426846473,70555589.41365518,0.13223307987611715,0.0002351381074301894,3.2228946482058395e-05,1.3480485339519194e-05,12310.043342486617,0.16415983287311778,0.02151314087034093,0.17398880171164907,-0.20875765508694966,0.9779674030572788,0.002166252865628012,0.0011142309834446635,0.002766252865628012,8.123448246105046e-05,liquid,False,82.7271433209765
2.2252092235756815,1.5745595877151484,2917.6284155928493,3456.505652737967,1.2233983075296373,4228.683165526253,9281153.98433801,722.8189155571604,423.4701390933339,297.7184788748725,2963632.2623569774,105766.80787164261,998.4463328654394,12.282129503018474,15223.66089516573,6.1724613853642145,0.04025713049562376,76859.0731874483,0.32651025729120126,73805.41909517835,15.502241388749313,506.32758326633257,-0.500221848920032,70462064.56347065,0.13171845079812775,0.0002364802376665057,3.2253400489742915e-05,1.3549140595088487e-05,12263.047162067218,0.16447038145442858,0.021579204655029015,0.17430629952499152,-0.20739504547073295,0.9782572745010346,0.002174554685653789,0.0011153260509989388,0.0027745546856537888,8.154580071201708e-05,liquid,False,82.85744417299867
2.2305894453174613,1.5773413441915993,2917.2014340347755,3437.663170138206,1.223189326908458,4204.912899219348,9233222.442858921,721.3836693973462,423.3577284693265,297.6228949757467,2964491.788065578,105368.72886903092,998.4711434199202,12.235418945651226,15147.718784470706,6.187592222933677,0.040264017517726,76429.93041391512,0.3272811481661021,73434.08494138882,15.490635503251307,506.34363088172364,-0.5005063083423266,70369905.26727387,0.13120981771667825,0.00023781705447112884,3.2277565364897764e-05,1.3617654537373847e-05,12216.712744886134,0.16478102176270562,0.02164483577449352,0.17462379733833394,-0.20603219057002076,0.9785452143099564,0.002182802135364051,0.0011164078079340485,0.0027828021353640507,8.185508007615191e-05,liquid,False,82.98590241239714
2.2359082191616237,1.5800979331287002,2916.7797985883003,3419.1026563679143,1.2229824346964298,4181.502491161862,9185976.853232495,719.9673196651793,423.2469987817834,297.52752909856446,2965344.1904301667,104971.48807106048,998.4958088677754,12.189364355358268,15072.584491480775,6.20274698641838,0.04027103137555011,76006.41923444673,0.3280483005501442,73067.25741350022,15.479183943121937,506.35952568638805,-0.500789693466296,70279083.50489154,0.13070712358668046,0.00023914848839947538,3.2301444432551716e-05,1.3686020734852924e-05,12171.029221587483,0.16509175318442573,0.021710034152549858,0.17494129515167636,-0.20466910102777686,0.9788312209387692,0.0021909952051851617,0.0011174764249813965,0.0027909952051851615,8.216232019444357e-05,liquid,False,83.11252690460464
2.2411663603927674,1.582829551023412,2916.3634313098883,3400.819232743121,1.2227775933103258,4158.445556697102,9139405.889080785,718.5696248328654,423.137964832052,297.432356844109,2966189.608126802,104575.07643719154,998.520336718437,12.143954942982429,14998.238612630872,6.217929460168114,0.04027817114322958,75588.41026764608,0.3288118000270809,72704.83819590125,15.467885007747011,506.37530508054306,-0.5010722063816158,70189591.09887147,0.13021027400211954,0.00024047447209920013,3.23250398971532e-05,1.3754242837395865e-05,12125.985978760342,0.16540257510558243,0.021774799716392925,0.17525879296501878,-0.20330578749008882,0.9791152928910032,0.002199133885968161,0.0011185320695839898,0.002799133885968161,8.246752072380604e-05,liquid,False,83.23734024849108
2.2463646631319922,1.585536389901837,2915.9522561791164,3382.8081349145873,1.222574770492807,4135.735879164402,9093498.5669249,717.1903350570692,423.03062011623405,297.3373786626812,2967028.175653188,104179.48502300437,998.5447263253925,12.099180270174948,14924.670578732828,6.23313954209038,0.04028543404253304,75175.80842584785,0.32957166308209973,72346.75835999665,15.456736774364058,506.39093184828766,-0.5013537003295733,70101406.01610416,0.12971920370378706,0.0002417949378822623,3.234835446180856e-05,1.382231937779453e-05,12081.572651643432,0.16571348691170165,0.021839132396598068,0.1755762907783612,-0.20194226060570156,0.9793974287190358,0.00220721816898889,0.0011195749059716312,0.00280721816898889,8.277068133708337e-05,liquid,False,83.36031173205362
2.2515039010872404,1.5882186374711245,2915.546199035085,3365.0647097036767,1.2223739349469644,4113.367390551648,9048244.148083434,715.8292058807333,422.9249587732268,297.2425941170015,2967860.0243463446,103784.70497854584,998.5689790645163,12.055030117556369,14851.869725221677,6.24837722669326,0.04029281741545847,74768.51990684461,0.3303279079856669,71992.94963006771,15.445737365430535,506.40644337187916,-0.5016343217976239,70014513.88210416,0.12923383519193699,0.00024310981856300683,3.237139077083245e-05,1.3890249047142137e-05,12037.77911708026,0.16602448798785696,0.021903032127121823,0.17589378859170363,-0.20057853102565237,0.9796776270241101,0.0022152480459480817,0.0011206050952340136,0.0028152480459480815,8.307180172305306e-05,liquid,False,83.48148459865234
2.256584828268971,1.590876477264365,2915.145187515602,3347.5844120416186,1.2221750564929563,4091.3341679019054,9003632.136140408,714.4859974701217,422.8209745731953,297.14800343529106,2968685.282478944,103390.72754653897,998.5930947953962,12.011494520871068,14779.825804124102,6.263642434240678,0.04030031860520324,74366.45386176322,0.3310805510047513,71643.34585724471,15.434884935315464,506.42182108770237,-0.5019139973338407,69928895.27938613,0.12875410229445636,0.00024441904742110427,3.23941514365284e-05,1.3958030407912309e-05,11994.595486714585,0.1663355777186852,0.021966498845302575,0.17621128640504607,-0.19921460940276933,0.9799558864563763,0.002223223508971446,0.0011216227953917996,0.002823223508971446,8.337088158642923e-05,liquid,False,83.60084651450705
2.2616081796730825,1.5935100887788534,2914.749150998983,3330.3628020083106,1.2219781058818904,4069.6304286976206,8959652.267508319,713.1604749541111,422.7186616399498,297.05360640189895,2969504.075424186,102997.54406076348,998.6170743887734,11.96856373373383,14708.5286119274,6.278935133125504,0.040307935039135837,73969.52109661931,0.3318296091298564,71297.88190150233,15.424177678261772,506.43708371478135,-0.5021928001261604,69844534.77453326,0.12827993337533392,0.0002457225582324005,3.241663902152011e-05,1.4025662100053617e-05,11952.012100416852,0.16664675548840208,0.022029532491861094,0.1765287842183885,-0.19785050639140564,0.9802322057148828,0.0022311445506097345,0.0011226281614657352,0.0028311445506097343,8.366792064786504e-05,liquid,False,83.71842207483155
2.2665746719329594,1.5961196476081123,2914.358020548347,3313.395541966986,1.2217830548428077,4048.2505271669647,8916294.50695615,711.8524080323336,422.6180140147545,296.95940302301375,2970316.525671248,102605.14594439852,998.6409182099892,11.926228239556318,14637.968205290463,6.294255266271921,0.040315664176618166,73577.63474908547,0.3325750984467237,70956.49423931798,15.413613822176057,506.4522313258803,-0.502470730046524,69761415.49897225,0.1278112613280834,0.00024702028525389145,3.2438856050787653e-05,1.4093142716821065e-05,11910.019519932424,0.1669580206808175,0.02209213301090095,0.17684628203173092,-0.19648623264697326,0.9805065835476066,0.002239011163838795,0.0011236213455438691,0.0028390111638387948,8.396291864395482e-05,liquid,False,83.83421731112577
2.2714850039423005,1.5987053255680113,2913.971728858246,3296.6783937912014,1.221589876045646,4027.1889504337532,8873549.041560773,710.5615708608079,422.5190256529352,296.86539352686873,2971122.7526974995,102213.52470840413,998.6646261197458,11.884478745239905,14568.134895457126,6.309602750655404,0.0403235035072139,73190.71022396118,0.3333170341340544,70619.12092328591,15.403191627745386,506.46724536727453,-0.5027477136294357,69679519.170867,0.12734802345293456,0.000248312163225491,3.2460805012602874e-05,1.4160470803457148e-05,11868.608522743076,0.16726937267935138,0.022154300349908757,0.17716377984507334,-0.19512179882549666,0.9807790187514731,0.0022468233420596014,0.0011246024968469344,0.002846823342059601,8.425587532723505e-05,liquid,False,83.9482197143393
2.276339857450373,1.6012672908173204,2913.590210203536,3280.2072161807555,1.2213985429761482,4006.440314503022,8831406.273070266,709.2877422243628,422.4216908633635,296.77157769751136,2971922.873482671,101822.67195001856,998.6881989892073,11.843306157121415,14499.019027156532,6.324977551931392,0.04033145060128211,72808.66440735453,0.334055432126991,70285.70090830904,15.392909393026457,506.4821445441601,-0.5030238240750103,69598831.42557123,0.12689015163299897,0.00024959812739006065,3.248248834794792e-05,1.4227644984355302e-05,11827.770096133376,0.16758081086704876,0.022216034459754334,0.17748127765841576,-0.19375721558330927,0.9810495101723475,0.0022545810790982725,0.0011255717617919528,0.0028545810790982723,8.454679046618522e-05,liquid,False,84.06045368079663
2.281139897631157,1.603805707972997,2913.2134003903543,3263.977962063296,1.2212090255948287,3985.999346614313,8789856.727239778,708.0307189867967,422.32602545950573,296.6779315804818,2972717.0031568133,101432.5793550648,998.7116430808096,11.80270152362724,14430.603176898234,6.34038356169437,0.0403395050201793,72431.38664363677,0.33479037676393497,69956.1486042343,15.382765712947867,506.49692892743695,-0.5032991168972683,69519343.31189932,0.12643756843047246,0.0002508781143803736,3.2503907901239354e-05,1.4294669159923878e-05,11787.495431454136,0.1678923346265956,0.02227733529469069,0.17779877547175818,-0.19239249357653293,0.9813180567050642,0.0022622843692060714,0.0011265292840541116,0.002862284369206071,8.483566384522767e-05,liquid,False,84.17090346793123
2.2858857736277907,1.6063207382204943,2912.841236709098,3247.986676078463,1.221021298980332,3965.8609102961354,8748891.221163694,706.7902886161141,422.232023948824,296.58445518228325,2973505.253452848,101043.23869265405,998.7349586962969,11.762656164464529,14362.878188177016,6.355820764234017,0.040347664439569164,72058.79814575904,0.33552188350269474,69630.405960497,15.37275895218333,506.51159858741704,-0.503573591973775,69441039.32363008,0.12599021135598895,0.00025215206045270226,3.252506603110348e-05,1.4361542004613962e-05,11747.775918575224,0.16820394334033445,0.022338202812353984,0.1781162732851006,-0.19102764346079243,0.9815846572934075,0.0022699332070594013,0.0011274752046269772,0.002869933207059401,8.512249526472755e-05,liquid,False,84.27957463859303
2.290578119073622,1.6088125394193526,2912.4736578893126,3232.2294921416624,1.2208353434083907,3946.020002013495,8708500.857621307,705.5662288398626,422.13965930628007,296.49117224692327,2974287.732854404,100654.64180988529,998.7581407895123,11.723161656800317,14295.842959703967,6.3712851863774045,0.04035592461008562,71690.85117455228,0.33624989824537893,69308.44183987174,15.362887240868641,506.5261722044816,-0.5038472668899945,69363899.19811453,0.1255480294259182,0.0002534199014424003,3.254596562226211e-05,1.4428256839338153e-05,11708.603140520781,0.16851563639027953,0.022398636973763188,0.17843377109844305,-0.1896626758906962,0.9818493109301349,0.002277527587759762,0.0011284096618810826,0.002877527587759762,8.540728454099107e-05,liquid,False,84.38651289820154
2.2952175525910974,1.6112812662043337,2912.1106040563795,3216.7026310844967,1.220651135595157,3926.4717195052203,8668676.848120283,704.3583350007821,422.04892578254453,296.39808300247233,2975064.5481215767,100266.78063421331,998.7811892225653,11.684209708998717,14229.488653443765,6.386776740084619,0.04036428324056528,71327.47042249315,0.33697443449832487,68990.20059334696,15.353149000816723,506.54063122964305,-0.5041200681706802,69287906.34483789,0.1251109653245587,0.00025468157456282693,3.256660897210091e-05,1.4494812182013492e-05,11669.968868279582,0.16882741315813266,0.02245863774331979,0.17875126891178547,-0.18829741959687288,0.9821120515364624,0.0022850675068337126,0.001129332791620955,0.0028850675068337124,8.569003150626422e-05,liquid,False,84.49170544709852
2.2998046693894167,1.6137270653427618,2911.7520173837547,3201.4024279392274,1.2204686442468335,3907.21128091551,8629410.494083088,703.1664371176407,421.9598619642957,296.3051395356485,2975835.8053995897,99879.64717751522,998.8041159823587,11.645792146158334,14163.790769548468,6.4023033864960155,0.04037274211221058,70968.52394617684,0.33769564571100874,68675.5764311467,15.343543246414775,506.5549757315496,-0.5043921069886709,69213060.07532051,0.12467893320555697,0.0002559370169932779,3.258699714727442e-05,1.4561217422071263e-05,11631.86512945797,0.16913927304728682,0.022518204973256503,0.1790687667251279,-0.186931999425204,0.9823728556871345,0.002292552945712267,0.001130244725375967,0.002892552945712267,8.597073546421002e-05,liquid,False,84.59511376725385
2.304340065141459,1.616150088304535,2911.3978402215557,3186.3252515096206,1.2202878561271486,3888.2340100884726,8590693.504895687,701.9903090374396,421.8724188183339,296.2123895493066,2976601.6053813766,99493.2335240897,998.8269102351982,11.607901118693329,14098.756520929179,6.417857122463516,0.040381295078986384,70613.99799293562,0.33841340686154486,68364.56711707229,15.33406791364899,506.56922437779355,-0.5046633452892345,69139334.11274718,0.12425189821595094,0.0002571861666261301,3.2607133528797375e-05,1.4627460425333048e-05,11594.284008700159,0.16945121542466998,0.02257733870727124,0.1793862645384703,-0.1855666799721438,0.9826316742727744,0.0022999839098866684,0.0011311455951117449,0.0028999839098866683,8.624939662075007e-05,liquid,False,84.69680555945962
2.308824319745907,1.6185504824922003,2911.048016364331,3171.4675581970273,1.2201087453337947,3869.535303298608,8552517.528565314,700.829770965544,421.7866126846427,296.1198093125919,2977362.0488162455,99107.5318387671,998.849577610697,11.570528777514827,14034.36965149601,6.433441900060732,0.04038994199858099,70263.79294604143,0.33912780164864803,68057.09462700832,15.32472177647131,506.5833586290332,-0.5049337652384258,69066719.50955118,0.12382979225446769,0.00025842896410521027,3.26270197458117e-05,1.4693545257560143e-05,11557.217782153099,0.16976323966239223,0.02263603896559576,0.17970376235181273,-0.18420135775166546,0.9828885286757817,0.002307360401899314,0.0011320355299620157,0.0029073604018993136,8.652601507122428e-05,liquid,False,84.79674594439052
2.313257996367246,1.6209283905733411,2910.70249112084,3156.825894352364,1.2199312911486653,3851.110689228819,8514874.504018467,699.6846339001322,421.7024385768443,296.0273986088414,2978117.23365456,98722.5343610714,998.8721189168199,11.533667529490458,13970.62187370707,6.449057724572109,0.04039868080504429,69917.83985514345,0.3398388442271223,67753.10758752389,15.315503379840289,506.5973971445132,-0.5052034400903402,68995204.32920869,0.12341255579721137,0.00025966534869976667,3.264665793865758e-05,1.4759470607428503e-05,11520.658924064257,0.17007534514105782,0.022694305726233897,0.18002126016515516,-0.18283597156491532,0.9831434318053055,0.0023146824189860834,0.0011329146560079154,0.0029146824189860833,8.680059071197813e-05,liquid,False,84.89495856766888
2.3176416453590374,1.6232839524371954,2910.3612110032777,3142.3968825029096,1.2197554735007892,3832.9557973447404,8477756.541646106,698.5547123426286,421.61989141542045,295.93515744406375,2978867.25569584,98338.23340431697,998.8945344569719,11.497309953095924,13907.505115269863,6.464704574992862,0.04040750945096432,69576.0715274851,0.34054654789321925,67452.555881434,15.306411294292362,506.61133997986286,-0.5054723697349681,68924775.17743067,0.1230001334037305,0.0002608952601782532,3.266605021821451e-05,1.4825235114259699e-05,11484.60007310526,0.17038753124103642,0.02275213897056819,0.1803387579784976,-0.18147053205218572,0.9833963829487562,0.002321949958807438,0.0011337830970278124,0.002921949958807438,8.707312345527894e-05,liquid,False,84.99144856444241
2.3219758046516965,1.6256173052734533,2910.0241236931015,3128.1772193990114,1.2195812729126716,3815.0663551310677,8441155.918451386,697.4398243142805,421.53896617797943,295.8430858241649,2979612.208715495,97954.62135436664,998.9168245349638,11.461448788226,13845.011445317987,6.480382429541749,0.040416425924495826,69238.42224953772,0.3412509256563399,67155.39041288255,15.297444117193134,506.62518719030163,-0.5057405540621965,68855418.93525109,0.12259247055615353,0.00026211863881608547,3.268519866256867e-05,1.4890837412333292e-05,11449.034028104825,0.17069979734247884,0.022809538683358714,0.18065625579184003,-0.18010504984991807,0.9836473814424347,0.0023291630194482737,0.0011346409745458758,0.0029291630194482735,8.734361322931026e-05,liquid,False,85.0862210123222
2.326261000124849,1.62792858364796,2909.6911780081346,3114.1636741203915,1.2194086704786986,3797.438185512206,8405065.073926235,696.3397912777823,421.4596578986774,295.75118375503695,2980352.1845215475,97571.69066841558,998.9389894546687,11.426076932032853,13783.133071421833,6.496091265655933,0.04042542824845326,68904.8277475106,0.341951990244018,66861.5630822327,15.28860047214522,506.6389388306397,-0.5060079929618262,68787122.75238284,0.12218951364170957,0.00026333542539682395,3.270410531761659e-05,1.4956276130878143e-05,11413.9537439162,0.1710121428253325,0.02286650485274186,0.18097375360518245,-0.1787395355904426,0.983896426671483,0.0023363215994177634,0.001135488407879389,0.0029363215994177632,8.761205997816612e-05,liquid,False,85.1792809319623
2.3304977459650154,1.630217919575475,2909.3623238708965,3100.3530862400403,1.219237643132796,3780.067189746797,8369476.518489428,695.2544526692614,421.3819841233901,295.659427284325,2981087.273777446,97189.43387779992,998.9610351791969,11.391187370359264,13721.85460395422,6.511835180999056,0.04043451656576153,68575.19652262711,0.3426498261249814,66571.00148864313,15.279879286383288,506.65259495527926,-0.5062747419888278,68719880.78504671,0.12179119670869112,0.0002645455622356236,3.2722771602363156e-05,1.5021555596855455e-05,11379.352327414283,0.17132456706935675,0.0229230374702289,0.18129125141852487,-0.17737399990147742,0.9841435180698751,0.002343425697649183,0.00113632551418483,0.0029434256976491827,8.787846366184437e-05,liquid,False,85.27061083188914
2.3346865450093137,1.6324854425896276,2909.0375122780865,3086.7423640436605,1.2190681776722792,3762.949388678528,8334383.091511296,694.1836222452571,421.30591786154133,295.5678401533797,2981817.5638399576,96807.8435788877,998.9829568153223,11.356773362565958,13661.17623071167,6.527610088105205,0.0404436869207892,68249.49564089238,0.34334437453514766,66283.68465164083,15.271278960540586,506.6661741927145,-0.5065408187726264,68653675.63285285,0.12139747820760587,0.00026574899014285703,3.27412000849404e-05,1.5086668842499923e-05,11345.22303361763,0.17163706945413856,0.022979136530704512,0.1816087492318673,-0.17600845340582422,0.9843886551203694,0.0023504753134997217,0.0011371524085027679,0.0029504753134997216,8.814282425623957e-05,liquid,False,85.36025633117316
2.3388278890758722,1.6347312798102105,2908.716695271192,3073.32848280277,1.2189002568513605,3746.0808770768986,8299777.697627322,693.1271311441847,421.23145400657324,295.47642281402807,2982543.140871891,96426.91243582526,999.0047536592602,11.322828265328871,13601.090694226716,6.543415909713064,0.040452937397882,67927.6653813171,0.34403564622623456,65999.56772241919,15.262798189738476,506.6796394440624,-0.5068060764052948,68588491.81846468,0.12100831316709229,0.0002669456514191197,3.2759392726306325e-05,1.5151614389442631e-05,11311.559261930977,0.1719496493591079,0.023034802032425136,0.1819262470452097,-0.17464290672089175,0.9846318373544896,0.002357470446750278,0.0011379692038016003,0.0029574704467502776,8.840514175313541e-05,liquid,False,85.44818543748914
2.342922259281549,1.636955556007921,2908.399825908149,3060.108483099647,1.2187338589880194,3729.457820530007,8265653.298411533,692.0848288834959,421.1586108307266,295.3851508682069,2983264.090089633,96046.63318357,999.0264326186591,11.289345491030627,13541.582927925574,6.5592568411865475,0.04046226830753639,67609.61803064145,0.3447237267704373,65718.58085859039,15.254435982274721,506.6930279080777,-0.5070707172543265,68524327.60489787,0.12062363232617454,0.00026813548996188575,3.277735083624119e-05,1.5216396747089607e-05,11278.354552503872,0.17226230616355323,0.023090033977017203,0.18224374485855213,-0.17327737045839622,0.9848730643524697,0.002364411097605234,0.0011387760110201743,0.002964411097605234,8.866541616019628e-05,liquid,False,85.53441707735107
2.3469701263477956,1.6391583936668115,2908.0868582360054,3047.079469202312,1.218568972516233,3713.07649796117,8232003.17639371,691.0565382536784,421.0873609548474,295.29404850271067,2983980.493530159,95666.99861865593,999.0479878572107,11.256318734819962,13482.653564812017,6.575128693276314,0.04047167571705474,67295.3247233543,0.3454085547134438,65440.70599560623,15.246190803629473,506.7063210631152,-0.5073346121408139,68461162.96336953,0.12024340253755669,0.00026931844807105227,3.279507691068455e-05,1.528100873586451e-05,11245.602582701307,0.17257503924663703,0.02314483236947528,0.18256124267189458,-0.17191185522379873,0.985112335743245,0.0023712972666922274,0.0011395729391093176,0.0029712972666922272,8.892364750095853e-05,liquid,False,85.6189601082678
2.3509719508940945,1.6413399130439328,2907.777747264623,3034.238607487895,1.2184055766635273,3696.933240291027,8198820.57740205,690.0421149174645,421.01772277689264,295.203091542611,2984692.4330858756,95288.00160625801,999.0694257355534,11.223741688848937,13424.287899822397,6.591035665685145,0.04048116000132238,66984.70063269771,0.3460902150347375,65165.87535939981,15.238061709136685,506.71953752236726,-0.5075978900491522,68398994.8990904,0.11986755930401957,0.0002704944706876229,3.281257219874637e-05,1.534545487933441e-05,11213.297163682499,0.1728878479874111,0.023199197218160005,0.182878740485237,-0.17054637161613564,0.9853496512043687,0.0023781289550618857,0.0011403600950723135,0.0029781289550618855,8.917983581482071e-05,liquid,False,85.70181474547462
2.354928183720793,1.6435002322269905,2907.4724489412733,3021.5831249127095,1.2182436559047403,3681.0244727137288,8166098.972476362,689.0414026363455,420.94969197586215,295.1122799939453,2985399.988250949,94909.63507508351,999.0907464945765,11.191608246112876,13366.479099132053,6.606977778745468,0.04049071943673851,66677.6907997776,0.34676871936963144,64894.047357314164,15.230047494489808,506.7326773277387,-0.5078605508887316,68337812.23062795,0.11949605505246834,0.00027166350221594126,3.2829838526826574e-05,1.5409733877344465e-05,11181.43223708377,0.17320073176483208,0.02325312853479599,0.18319623829857942,-0.16918093022745878,0.9855850104619954,0.002384906164187567,0.001141137584004352,0.002984906164187567,8.943398115703378e-05,liquid,False,85.78298535187656
2.3588392660855058,1.6456394671921175,2907.1709201258177,3009.1103075274937,1.218083200096591,3665.346712836727,8133832.055154164,688.0542328372812,420.88324108498074,295.0216380429807,2986103.2361626816,94531.89201221167,999.1119443637417,11.159912494993469,13309.22808107003,6.622950793339447,0.04050035014390381,66374.26967779685,0.34744400477112275,64625.20624689569,15.222146689291767,506.7457219668775,-0.5081224654603617,68277595.6563792,0.11912885884396572,0.00027282548646702745,3.2846878315246566e-05,1.547383843046591e-05,11150.00187180214,0.1735136899577769,0.023306626334469557,0.18351373611192184,-0.16781554164242787,0.9858184132908344,0.0023916288959650745,0.0011419055091309847,0.0029916288959650744,8.968608359869029e-05,liquid,False,85.86248088189677
2.3627056299596996,1.6477577318542926,2906.873118567475,2996.817499036311,1.2179241896635193,3649.8965240832536,8102013.471913713,687.0804700762415,420.8183889250763,294.9311415152443,2986802.253966693,94154.76547030674,999.1330256395618,11.128648513803737,13252.52055859145,6.6389589553614305,0.04051005261679569,66074.35617750946,0.34811615622944436,64359.28689057136,15.21435841875273,506.75869004183517,-0.508383762768442,68218342.80694948,0.11876590867710658,0.00027398036996437056,3.28636927196165e-05,1.5537773153084764e-05,11119.00026087594,0.1738267219450582,0.02335969063562631,0.18383123392526426,-0.16645021643807342,0.9860498595140706,0.002398297152712352,0.0011426639718456124,0.002998297152712352,8.99361432267132e-05,liquid,False,85.94030111675886
2.3665276982857435,1.6498551381213185,2906.5790028816486,2984.702099397617,1.2177666053426723,3634.6705435425833,8070636.996798679,686.1199818743366,420.755154560908,294.84076646033805,2987497.117265455,93778.24856665544,999.1539960282411,11.097810510228644,13196.342513400903,6.6550065477433265,0.040519827402237904,65777.87086314235,0.3487852588947946,64096.22536824405,15.206681832152249,506.771581593662,-0.5086444984047805,68160049.81687547,0.1184071463926733,0.00027512809978792074,3.288028285979029e-05,1.560154274693751e-05,11088.421718459163,0.17413982710543952,0.0234123214600687,0.18414873173860669,-0.16508496518331436,0.9862793490033257,0.0024049109371691757,0.0011434130717460332,0.0030049109371691756,9.018416014384408e-05,liquid,False,86.016427032754
2.3703058852197896,1.651931795943228,2906.288532527909,2972.761563466158,1.2176104431679593,3619.665524724704,8039696.793705561,685.1725927292932,420.6934875477265,294.7505607968949,2988187.8981208955,93402.33446982001,999.1748448209685,11.06739299353331,13140.702631490405,6.6710850762982385,0.04052966852265824,65484.81904970123,0.3494511752203814,63836.03272624815,15.199115234805143,506.7843966631454,-0.5089045609154124,68102693.0333044,0.1180525532195018,0.0002762686201720408,3.289665169818749e-05,1.56651338952776e-05,11058.260676886319,0.17445300481765094,0.023464518832953325,0.18446622955194913,-0.1637197984384962,0.9865068816786116,0.002411470252496816,0.00114415290667008,0.003011470252496816,9.043013446863061e-05,liquid,False,86.09090911541892
2.3740405963669193,1.6539878133604944,2906.001667788639,2960.9933996742866,1.2174556846667484,3604.8782466941816,8009186.882809285,684.2381754559838,420.63340697452026,294.6605005744193,2988874.6693011713,93027.01641103996,999.1955777461542,11.037390406291848,13085.587087370286,6.687198806750362,0.04053957656575327,65195.12333916798,0.35011398964827867,63578.64648586744,15.191657815879902,506.7971352908096,-0.5091640058902069,68046269.01120877,0.11770207241619654,0.00027740187922214575,3.291280030526675e-05,1.5728551255369754e-05,11028.511683824643,0.1747662544604043,0.023516282782788195,0.18478372736529156,-0.1623547267551134,0.986732457508251,0.002417975102277697,0.001144883572730369,0.0030179751022776967,9.067406633541364e-05,liquid,False,86.16372831628934
2.3777322290079193,1.6560232965505568,2905.7183697484143,2949.39516875145,1.2173023166774304,3590.3055717183606,7979101.4914380945,683.3165902755859,420.5749088551512,294.5705857987101,2989557.50139979,92652.28767917954,999.2161950462885,11.00779736561533,13030.98970647944,6.70334775620809,0.04054954996826686,64908.735298817286,0.3507737124054367,63324.02966733146,15.184308497040636,506.8097975169166,-0.5094228332383495,67990767.8335654,0.1173556608592822,0.00027852782444960216,3.292873034668968e-05,1.5791793498509695e-05,10999.169399510709,0.17507957541240854,0.023567613341429865,0.18510122517863398,-0.16098976067541154,0.9869560765088149,0.0024244254905150305,0.001145605164348187,0.0030244254905150304,9.091595589431365e-05,liquid,False,86.23488866176541
2.381381172318063,1.6580383498727551,2905.4386002740493,2937.9644824805814,1.2171503213202277,3575.944413878656,7949434.87455812,682.4077154243187,420.5180126687517,294.4807927441432,2990236.464353375,92278.14162396788,999.2367018386743,10.978608545785518,12976.89704449574,6.71953624311318,0.04055958940387556,64625.58015379824,0.35143042811321495,63072.121705899415,15.177066511045057,506.8223648472005,-0.5096810250998106,67936184.77329428,0.1170132662157243,0.0002796464050500572,3.294444282998475e-05,1.585486539778898e-05,10970.228594068605,0.17539296705238497,0.023618510544080398,0.1854187229919764,-0.1596249107319354,0.987177738745066,0.002430821421632438,0.0011463177742865442,0.0030308214216324377,9.115580331121642e-05,liquid,False,86.30435217844882
2.384987807578219,1.6600330759117177,2905.162321995317,2926.699002490174,1.2169996961891902,3561.7917968677475,7920181.664995607,681.5113854187762,420.4626679708978,294.39116865574505,2990911.624961454,91904.57164265715,999.2570890990663,10.949818884719495,12923.317827713394,6.73575572369659,0.040569688964147185,64345.66595772755,0.35208399817783803,62822.93546138278,15.169930238360514,506.83489292420086,-0.5099386903829933,67882501.93292716,0.11667486376417477,0.0002807575672669592,3.295994062883953e-05,1.59177534869363e-05,10941.684144906787,0.17570642875908282,0.023668974429284315,0.18573622080531882,-0.15826018744720077,0.9873974443298792,0.002437162900473567,0.0011470214936824092,0.0030371629004735667,9.139360876775876e-05,liquid,False,86.37222495330303
2.3885525083786328,1.6620075755192891,2904.8894982862926,2915.59643908094,1.2168504190057583,3547.8447485473384,7891336.254006286,680.627498874569,420.4089176893977,294.3016663005208,2991583.051224252,91531.57119572097,999.2773662946711,10.921423222722108,12870.231524960764,6.752014806220206,0.040579851573884315,64068.89280944558,0.3527345810459146,62576.387694564655,15.162899240448219,506.84732618459583,-0.5101957200013474,67829718.31582701,0.1163403954777292,0.0002818612625057647,3.297522406969578e-05,1.598046862150305e-05,10913.531034191206,0.17601995991129413,0.023719005038925243,0.18605371861866124,-0.1568956013332633,0.9876151934241766,0.002443449932301669,0.0011477164120781566,0.0030434499323016687,9.162937246131259e-05,liquid,False,86.43840849519813
2.3920756408156763,1.6639619478550434,2904.620093247308,2904.6545500858692,1.2167024777740045,3534.1003881670135,7862893.315853295,679.7559263492531,420.3567586580404,294.21228523693367,2992250.8087232923,91159.1337977799,999.2975346110428,10.893416594517015,12817.632288157936,6.768313610588003,0.04059007583837016,63795.215879570555,0.35338218803186117,62332.443924076506,15.155972522651345,506.8597017265431,-0.5104522608024291,67777827.98677273,0.11600981544271068,0.00028295744041347313,3.299029470083332e-05,1.6043009659913886e-05,10885.764346391876,0.17633355988786917,0.0237686024182226,0.18637121643200366,-0.15553116289139216,0.9878309862368417,0.0024496825227991845,0.0011484026174522419,0.0030496825227991843,9.186309460496942e-05,liquid,False,86.5029430685027
2.395557563681879,1.6658962904254588,2904.3540716874854,2893.8711397626444,1.2165558713630935,3520.5559260464524,7834847.811682284,678.8965086597236,420.3061394019019,294.1230736040953,2992914.9603981394,90787.2530081556,999.3175831402872,10.865794267102661,12765.529270506358,6.7846433827501675,0.0406003557707024,63524.64643466015,0.3540266760155884,62091.11945525797,15.14914850496758,506.8720010580124,-0.5107081278423315,67726807.11476362,0.11568311198261674,0.0002840460486940736,3.300515536144123e-05,1.610536271166099e-05,10858.37926590062,0.17664722806773187,0.023817766615728132,0.1866887142453461,-0.15416688261164138,0.9880448230246482,0.0024558606780673057,0.001149080196249133,0.0030558606780673055,9.209477542752397e-05,liquid,False,86.56586165611054
2.398998628649481,1.667810699121783,2904.0913991078364,2883.2440577174048,1.2164105728267898,3507.208555847466,7807194.35746679,678.0491683285795,420.25712824452944,294.0339593203608,2993575.5713685346,90415.92245130199,999.3375285044449,10.838551306010965,12713.89474852693,6.801017351181915,0.040610696798636,63257.059620739215,0.35466828317078586,61852.308288640204,15.142427118621178,506.88424273613043,-0.5109635616054846,67676668.28921174,0.11536020544190008,0.00028512704165617106,3.3019805615252544e-05,1.6167545361983847e-05,10831.371074717621,0.17696096382989457,0.023866497683322226,0.18700621205868853,-0.15280277097245298,0.9882567040921808,0.002461984404625513,0.0011497492334085091,0.003061984404625513,9.232441517345675e-05,liquid,False,86.62711449160099
2.4023991804478264,1.6697052682566764,2903.8320416848956,2872.771197858799,1.2162665816485303,3494.0556046780753,7779928.119254635,677.2137506541671,420.2096737279255,293.9449905246573,2994232.702298161,90045.13579469315,999.3573598178685,10.811683172247351,12662.738036382594,6.817426744286864,0.0406210929669614,62992.46836116391,0.3553068657225521,61616.02691965778,15.135806817351419,506.89640827478735,-0.5112183771362044,67627388.04220076,0.11504108534252148,0.0002862003680368261,3.3034248258692686e-05,1.622954367544531e-05,10804.735150204391,0.1772747665534738,0.02391479567621026,0.18732370987203095,-0.15143883844035824,0.988466629791737,0.00246805370941112,0.0011504098123937569,0.00306805370941112,9.255201410291701e-05,liquid,False,86.68673454686183
2.405759557034796,1.6715800905996518,2903.575966254866,2862.4504973814287,1.2161238871629736,3481.0944256870903,7753044.182612741,676.3901348672375,420.1637723032147,293.8561672225782,2994886.414049487,89674.88675651429,999.3770773252159,10.78518529937588,12612.053720245489,6.833871575332052,0.04063154289346336,62730.8315164569,0.35594243222306216,61382.24359224523,15.129286668688303,506.90849771228693,-0.5114725743434697,67578957.90111567,0.11472571379329816,0.0002872659795209727,3.304848476662182e-05,1.6291356286076448e-05,10778.466962901151,0.17758863561770488,0.023962660652918685,0.18764120768537337,-0.15007509546952125,0.9886746005232531,0.0024740685997787777,0.0011510620152197775,0.0030740685997787775,9.277757249170416e-05,liquid,False,86.7447254090722
2.409080089762558,1.673435257411376,2903.3231402982774,2852.279935777712,1.2159824735474913,3468.3224115568623,7726537.638498255,675.5782187902555,420.1194451238853,293.7674650176286,2995536.767092395,89305.1691092404,999.3966874822194,10.759053145848727,12561.82906850307,6.850356376101415,0.04064204757981789,62472.081334278315,0.3565750694536234,61150.902676796664,15.122866064856947,506.92054810476566,-0.5117263558385909,67531379.31456994,0.11441403562197418,0.00028832382960358044,3.306251591832303e-05,1.6352988365279585e-05,10752.562074406369,0.17790257040195734,0.024010092675291087,0.1879587054987158,-0.1487115525013758,0.9888806167342096,0.0024800290834999794,0.001151705922480123,0.0030800290834999793,9.300109063124924e-05,liquid,False,86.80110298088033
2.412361103537852,1.6752708584768774,2903.0735319251075,2842.2575338772967,1.2158423306445532,3455.7370242814127,7700403.764780628,674.7778859675414,420.07668870018466,293.6788843645061,2996183.8201628407,88935.97667446769,999.4161894625125,10.733282338647665,12512.059028249896,6.86688115320441,0.040652605676896075,62216.17892649746,0.3572047850837645,60921.9741217215,15.116544106185707,506.9325224596453,-0.511979574557849,67484640.90185374,0.11410601970868758,0.0002893738710363646,3.307634314349663e-05,1.6414438540714555e-05,10727.016135316535,0.17821657028574994,0.02405709180848407,0.18827620331205822,-0.14734821996431027,0.9890846789195298,0.002485935168762546,0.0011523416133734808,0.0030859351687625458,9.322256882859547e-05,liquid,False,86.85583375946067
2.415602916977011,1.6770869821376952,2902.8271098603714,2832.3813529131444,1.2157034484385167,3443.335778029461,7674637.930106788,673.9890223652274,420.03550010032006,293.59042504503316,2996827.6309644147,88567.30332223371,999.4355839492472,10.707868576117875,12462.73843477631,6.883445997815053,0.040663215916763154,61963.08552226227,0.35783158844908997,60695.42785079709,15.110319915352697,506.94443931748935,-0.5122323039246143,67438736.23585048,0.11380162735058705,0.00029041605712129423,3.308996783661607e-05,1.6475705591172753e-05,10701.824883224162,0.17853063464876576,0.02410365812096308,0.18859370112540064,-0.14598510827317285,0.9892867876215016,0.0024917868641700985,0.0011529691657295301,0.0030917868641700983,9.34420074063787e-05,liquid,False,86.90893921716929
2.418805842555956,1.6788837153230212,2902.5838434301527,2822.649493613476,1.2155658172325694,3431.116238465363,7649235.595012217,673.2115157722901,419.9958761113969,293.50208728980334,2997468.256136982,88199.14297020191,999.4548706197543,10.682807653087412,12413.862333431352,6.900050944022379,0.04067387700900507,61712.76354065393,0.3584554874554781,60471.234724423295,15.10419262660099,506.95628020671063,-0.5124844703539769,67393655.86132489,0.1135008258158892,0.00029145034166702275,3.3103391380179904e-05,1.6536788186269946e-05,10676.9841407722,0.1788447628708672,0.02414979168449802,0.18891119893874309,-0.14462222782901987,0.9894869434296599,0.0024975841787415105,0.001153588656034174,0.0030975841787415103,9.365940670280664e-05,liquid,False,86.96040409531372
2.4219701867553334,1.6806611435798628,2902.343702548063,2813.0600953187536,1.2154294329350972,3419.076036465623,7624192.397718453,672.4452398043813,419.95778938394363,293.41389460821784,2998105.750896424,87831.48957862718,999.4740455423728,10.658095486594002,12365.432855526296,6.91669158113362,0.04068458537723886,61465.20222136085,0.3590764135345209,60249.389440959094,15.098161086863513,506.96808215820454,-0.5127361650876119,67349388.68727957,0.11320358723847558,0.0002924766777148726,3.311661579998878e-05,1.659767857033542e-05,10652.489813763012,0.17915895433211101,0.024195492574158844,0.1892286967520855,-0.14325958901864516,0.9896851469806995,0.0025033271219103486,0.001154200159454177,0.0031033271219103485,9.387476707163808e-05,liquid,False,87.0102927742609
2.4250962502010025,1.6824193511022778,2902.1066577021115,2803.611335122939,1.215294275424968,3407.2128060914597,7599503.793322007,671.6901190768999,419.9212859489435,293.3257995503886,2998740.171087049,87464.33716263354,999.4931181498976,10.633727933008341,12317.430851035484,6.933376957721114,0.04069534447005708,61220.31212650467,0.35969452968567495,60029.816303219784,15.092225075888786,506.97980820320913,-0.5129873524418093,67305937.06192774,0.1129098579569549,0.0002934950227388753,3.312964108909268e-05,1.6658388473968453e-05,10628.337889320172,0.17947320841276332,0.024240760868310975,0.18954619456542793,-0.14189720221432983,0.9898813989583528,0.0025090157035243038,0.0011548037498612163,0.0031090157035243036,9.40880888821614e-05,liquid,False,87.05852225426565
2.4281843278000466,1.6841584207597036,2901.8726799419683,2794.301427038281,1.2151603465759304,3395.5242905174546,7575165.682847329,670.9460145070625,419.8863137692259,293.23784957756794,2999371.5694606425,87097.67977408925,999.5120794145071,10.60970112568661,12269.865787322087,6.950098115392908,0.04070614836886173,60978.110594114245,0.36030968857827206,59812.53488699064,15.08638316022995,506.9914953602202,-0.5132380679657814,67263283.6386787,0.11261962356074078,0.0002945053294987935,3.314246991406646e-05,1.6718903518959572e-05,10604.52443410146,0.1797875244933145,0.024285596648610634,0.18986369237877035,-0.14053507777332952,0.990075700093303,0.0025146499338445987,0.0011553994998553647,0.0031146499338445986,9.429937251917245e-05,liquid,False,87.10518159099428
2.431234708872472,1.685878434124422,2901.6417408666157,2785.12862118291,1.2150276265779902,3384.008218310302,7551173.688808351,670.212854863853,419.852919376207,293.149997241156,3000000.0,86731.5115183736,999.5309386827564,10.586011080863344,12222.718739770413,6.966864170457502,0.04071700060203601,60738.509825055764,0.3609220538303971,59597.47069416165,15.080635154543282,507.0031066722171,-0.51348827596227,67221431.04246983,0.11233283153459787,0.0002955075565683226,3.315510221393872e-05,1.6779235567424223e-05,10581.045592561399,0.18010190195449413,0.02433,0.19018119019211277,-0.13985404936819817,0.9901721289126036,0.002520229823545383,0.0011559874807880188,0.003120229823545383,9.450861838295186e-05,liquid,False,87.15018729601007
