M,X,Taw,hg0,sigma,hg,q,Twg,Twc,Tb,p,h,rho,v,Re,Pr,f,hc,eta_fin,hce,kw,Tsat,xq,chf,chf_ratio,Rg,Rw,Rc,G,hc_lo,q_c,T_sl,q_nb_max,x,r,s,nx,nr,w,Dh,pitch,A_flow,regime,onb,margin_sat
0.04970711483464267,1.0002867018433368,3056.626723431992,804.5738680313551,1.4375524133881876,1156.6171057375436,2924752.4443649226,527.913954222266,423.77656884246164,307.8215643516369,4047994.729506012,432923.5898389211,90.78088319324212,46.19602438280786,348518.739744484,1.0411595150668838,0.034827611900911846,24482.87627437102,0.5241236573776282,25223.167013859682,14.042759157520285,283.6347700971161,1.1954483976469872,,,0.0008645903601454406,3.560553836973244e-05,3.9646092001473e-05,4193.715893487845,24482.87627437102,2838912.0283429986,294.7370320284741,7160616.373344007,0.0,0.0485,0.0,-0.0,1.0,0.005557521601035995,0.0013216415145030625,0.006157521601035994,0.0002084070600388498,vapour,False,
0.04970711483464267,1.0002867018433368,3056.626723431992,804.5738680313551,1.4376308118131933,1156.6801830615982,2925244.3866379554,527.6265473460035,423.43674348876357,307.59914353793494,4049189.148499904,432599.7628306622,90.97108939689448,46.09943577998977,348702.664084256,1.0428636410011554,0.034827511279579684,24513.764814109265,0.5237868450359086,25252.978202929608,14.038054964793398,283.64708515648954,1.1939337519465343,,,0.0008645432113768181,3.5617469888383406e-05,3.959928971403419e-05,4193.715893487845,24513.764814109265,2839615.681825488,294.7421113382988,7153292.271829353,0.00031749781334242534,0.0485,0.00031749781334242534,-0.0,1.0,0.005557521601035995,0.0013216415145030625,0.006157521601035994,0.0002084070600388498,vapour,False,
0.04970711483464267,1.0002867018433368,3056.626723431992,804.5738680313551,1.4377093787790787,1156.74339598924,2925737.3779336205,527.3385614437861,423.0961939896327,307.3771796207263,4050381.8020379324,432275.88124785316,91.1620649743775,46.002861987237274,348886.04927260836,1.0445833973877523,0.03482741105827381,24544.991979027018,0.5234473325836668,25283.116987209352,14.033340998420714,283.6593872039968,1.1924180061362328,,,0.0008644959664064526,3.562943422070832e-05,3.955208531075883e-05,4193.715893487845,24544.991979027018,2840322.27950572,294.74718682289915,7145975.387300742,0.0006349956266848507,0.0485,0.0006349956266848507,-0.0,1.0,0.005557521601035995,0.0013216415145030625,0.006157521601035994,0.0002084070600388498,vapour,False,
0.04970711483464267,1.0002867018433368,3056.626723431992,804.5738680313551,1.4377881161405854,1156.806746012746,2926231.429835643,527.0499899614206,422.75491230829624,307.1556656168386,4051572.74076491,431951.94497308397,91.35379071108603,45.90631500723184,349068.90684924764,1.0463189099062584,0.034827311229608485,24576.56016933418,0.5231051093812188,25313.58562954961,14.028617148970408,283.6716659392416,1.190901095850617,,,0.0008644486241515933,3.564143170281728e-05,3.950447852921548e-05,4193.715893487845,24576.56016933418,2841031.841842315,294.7522542261944,7138677.82140314,0.000952493440027276,0.0485,0.000952493440027276,-0.0,1.0,0.005557521601035995,0.0013216415145030625,0.006157521601035994,0.0002084070600388498,vapour,False,
0.04970711483464267,1.0002867018433368,3056.626723431992,804.5738680313551,1.437866975892194,1156.8701945081298,2926726.241078069,526.7610090486819,422.41310651762876,306.93474931392564,4052761.702686262,431627.95392229507,91.5461694782177,45.80984564827356,349251.1001150158,1.0480693090954205,0.034827211867032935,24608.455015858108,0.5227603537331431,25344.37025212734,14.023886298083967,283.683921377044,1.1893840057293263,,,0.0008644012135044876,3.5653455067466795e-05,3.945649428460597e-05,4193.715893487845,24608.455015858108,2841743.9585525226,294.7573135459569,7131398.049670627,0.0012699912533697013,0.0485,0.0012699912533697013,-0.0,1.0,0.005557521601035995,0.0013216415145030625,0.006157521601035994,0.0002084070600388498,vapour,False,
0.04970711483464267,1.0002867018433368,3056.626723431992,804.5738680313551,1.4379460329436289,1156.9338017457978,2927222.2816359536,526.4713444303466,422.07045193205806,306.7142177424653,4053949.007466322,431303.90795940015,91.73935740852576,45.713377681650336,349432.81183803774,1.0498363328670421,0.03482711286973685,24640.70822126681,0.5224127380552103,25375.50139531203,14.019143953601423,283.6961535321868,1.1878652606149938,,,0.0008643536894600306,3.5665515787185665e-05,3.940808831405964e-05,4193.715893487845,24640.70822126681,2842459.3081698795,294.7623647799631,7124137.858832426,0.0015874890667121268,0.0485,0.0015874890667121268,-1.4210854715201997e-14,1.0,0.005557521601035995,0.0013216415145030625,0.006157521601035994,0.0002084070600388498,vapour,False,
0.04970711483464267,1.0002867018433368,3056.626723431992,804.5738680313551,1.4380252392574109,1156.99752907605,2927719.250044311,526.1811723664541,421.7271567608455,306.49421855683823,4055134.4429094014,430979.8069816854,91.93325720994052,45.616961921744995,349613.9053437854,1.051619111067955,0.03482701431109242,24673.305430881945,0.5220624410224578,25406.965193069238,14.014392999014113,283.70836241941646,1.1863458452444766,,,0.0008643060809287775,3.567760658882437e-05,3.935928562899712e-05,4193.715893487845,24673.305430881945,2843177.480005416,294.76740792599395,7116896.009118548,0.001904986880054552,0.0485,0.001904986880054552,-0.0,1.0,0.005557521601035995,0.0013216415145030625,0.006157521601035994,0.0002084070600388498,vapour,False,
0.04970711483464267,1.0002867018433368,3056.626723431992,804.5738680313551,1.4381045952752431,1157.061376854269,2928217.149026742,525.8904914546033,421.38321908519237,306.2747657748718,4056318.059281776,430655.6508861355,92.12789666947066,45.52058654430954,349794.35075689055,1.0534178661016784,0.034826916206136434,24706.252427666426,0.5217094250771495,25438.767221835304,14.009633409415379,283.72055835294435,1.184825824043042,,,0.0008642583876740614,3.5689727588729605e-05,3.9310080998801404e-05,4193.715893487845,24706.252427666426,2843898.5040430343,294.77244723818836,7109660.973730021,0.0022224846933969773,0.0485,0.0022224846933969773,1.421085471520201e-14,1.0,0.005557521601035995,0.0013216415145030625,0.006157521601035994,0.0002084070600388498,vapour,False,
0.04970711483464267,1.0002867018433368,3056.626723431992,804.5738680313551,1.4381841523379524,1157.125386387942,2928716.300651103,525.5991138888971,421.0384163902279,306.0557090849048,4057500.019895605,430331.43953408196,92.3233591228398,45.42421260807835,349974.28634398396,1.0552338048494556,0.03482681847857097,24739.57092499078,0.5213534713426395,25470.928362073082,14.004862107429876,283.7327310434786,1.1833041491949376,,,0.0008642105788738926,3.570188668510627e-05,3.926044570440658e-05,4193.715893487845,24739.57092499078,2844622.8425274966,294.7774784586931,7102445.445491553,0.0025399825067394027,0.0485,0.0025399825067394027,-0.0,1.0,0.005557521601035995,0.0013216415145030625,0.006157521601035994,0.0002084070600388498,vapour,False,
0.04970711483464267,1.0002867018433368,3056.626723431992,804.5738680313551,1.4382638373123653,1157.1894988360293,2929216.2460171897,525.307307758439,420.693065635607,305.8372664398175,4058680.006369507,430007.17283765686,92.51949418307085,45.32791635446715,350153.51335092314,1.0570654862733966,0.03482672123517592,24773.236332930857,0.520994868489703,25503.424872991276,14.00008348087956,283.7448805056704,1.181782298469593,,,0.0008641626985086367,3.571407275412813e-05,3.921041997222198e-05,4193.715893487845,24773.236332930857,2845349.857684944,294.78250158530005,7095247.586475804,0.002857480320081828,0.0485,0.002857480320081828,-0.0,1.0,0.005557521601035995,0.0013216415145030625,0.006157521601035994,0.0002084070600388498,vapour,False,
0.04970711483464267,1.0002867018433368,3056.626723431992,804.5738680313551,1.4383428468514698,1157.2530678465182,2929711.5282597137,525.0183746103412,420.3469238872632,305.6192984674448,4059858.232246021,429682.8513130719,92.71640930037181,45.23164696662846,350332.1487819093,1.0589141781951805,0.0348266244112387,24807.27233785083,0.5206258989378605,25536.234342331525,13.994797569065147,283.7570067541344,1.1802592879097493,,,0.0008641152292305921,3.5727562155327414e-05,3.916004163316655e-05,4193.715893487845,24807.27233785083,2846079.448464372,294.78751661580554,7088068.575334328,0.0031749781334242536,0.0485,0.0031749781334242536,-0.0,1.0,0.005557521601035995,0.0013216415145030625,0.006157521601035994,0.0002084070600388498,vapour,False,
0.04970711483464267,1.0002867018433368,3056.626723431992,804.5738680313551,1.4384219407233059,1157.316704708919,2930207.6762367226,524.7288735917359,420.000005088033,305.4018198237465,4061034.7468800945,429358.4748644896,92.9141332206737,45.13539273436099,350510.1616025818,1.060780127302242,0.03482652802242938,24841.68533071313,0.5202538866846497,25569.407311983818,13.989493623399111,283.7691200940479,1.17873518084603,,,0.0008640677145082027,3.574110782420958e-05,3.9109236588809085e-05,4193.715893487845,24841.68533071313,2846812.057806171,294.7925278057826,7080896.915256074,0.0034924759467666786,0.0485,0.0034924759467666786,-0.0,1.0,0.005557521601035995,0.0013216415145030625,0.006157521601035994,0.0002084070600388498,vapour,False,
0.04970711483464267,1.0002867018433368,3056.626723431992,804.5738680313551,1.4385012048859005,1157.3804785828138,2930704.9162705685,524.4387606117184,419.6523065311455,305.18482346963367,4062209.550451581,429034.04337101826,93.11264656766403,45.03916544183194,350687.5633452861,1.0626634764903937,0.034826432061343136,24876.478204355757,0.5198789214995465,25602.94712425611,13.98417830809064,283.7812102449256,1.1772099147892754,,,0.000864020102727564,3.575469283817139e-05,3.905800356290252e-05,4193.715893487845,24876.478204355757,2847547.84748716,294.7975308959699,7073744.335379807,0.003809973760109104,0.0485,0.003809973760109104,-0.0,1.0,0.005557521601035995,0.0013216415145030625,0.006157521601035994,0.0002084070600388498,vapour,False,
0.04970711483464267,1.0002867018433368,3056.626723431992,804.5738680313551,1.4385805976512818,1157.4443559271504,2931202.959494625,524.1482120597225,419.30403725641725,304.96844341043254,4063382.3330998477,428709.55674374406,93.3118242638851,44.94302760203305,350864.2414955395,1.0645632323298015,0.034826336587606165,24911.63340379879,0.5195012114798672,25636.83679679917,13.978854643063194,283.79326693511484,1.1756844137637255,,,0.0008639724189582899,3.576830954802995e-05,3.900637227307438e-05,4193.715893487845,24911.63340379879,2848286.398896804,294.8025216256967,7066620.777549552,0.004127471573451529,0.0485,0.004127471573451529,-0.0,1.0,0.005557521601035995,0.0013216415145030625,0.006157521601035994,0.0002084070600388498,vapour,False,
0.04970711483464267,1.0002867018433368,3056.626723431992,804.5738680313551,1.4386601901249514,1157.5083939515569,2931702.262379786,523.8569589109743,418.95487522220026,304.7525040480997,4064553.511939101,428385.0148432215,93.51190131554509,44.846867986745735,351040.30850092054,1.0664814475115585,0.03482624153922552,24947.19155123865,0.519120354125628,25671.11551397151,13.973517776241806,283.80532103761954,1.174157387020214,,,0.0008639246205257767,3.5781970439119846e-05,3.895428694774677e-05,4193.715893487845,24947.19155123865,2849028.429285943,294.80751276820905,7059493.3921195,0.0044449693867939545,0.0485,0.0044449693867939545,-0.0,1.0,0.005557521601035995,0.0013216415145030625,0.006157521601035994,0.0002084070600388498,vapour,False,
0.04970711483464267,1.0002867018433368,3056.626723431992,804.5738680313551,1.4387399393668816,1157.5725581076092,2932202.5398905072,523.5651720385749,418.60502373040924,304.53711739992076,4065722.8258981216,428060.4175615588,93.71270403210255,44.750772446510894,351215.69502217724,1.0684170201589287,0.03482614695244764,24983.13149342265,0.5187365883536793,25705.762770774876,13.968170716001106,283.8173417083679,1.1726296341052267,,,0.0008638767332518597,3.579566789137462e-05,3.890178279933826e-05,4193.715893487845,24983.13149342265,2849773.5030340124,294.8124915458886,7052395.846294663,0.00476246720013638,0.0485,0.00476246720013638,-0.0,1.0,0.005557521601035995,0.0013216415145030625,0.006157521601035994,0.0002084070600388498,vapour,False,
0.04970711483464267,1.0002867018433368,3056.626723431992,804.5738680313551,1.4388198458520942,1157.6368487774976,2932703.79495592,523.2728499327586,418.25448063091574,304.32229772066455,4066890.275768653,427735.76479053963,93.91426071900732,44.65472933908831,351390.3700714247,1.0703701931341276,0.03482605284272542,25019.45964215835,0.5183498742952591,25740.784737409307,13.962813431842457,283.8293392479454,1.1711012182189962,,,0.000863828756881774,3.580940205501426e-05,3.884885446195008e-05,4193.715893487845,25019.45964215835,2850521.6522660335,294.81746221503374,7045316.389121459,0.005079965013478805,0.0485,0.005079965013478805,-0.0,1.0,0.005557521601035995,0.0013216415145030625,0.006157521601035994,0.0002084070600388498,vapour,False,
0.04970711483464267,1.0002867018433368,3056.626723431992,804.5738680313551,1.4388999349824987,1157.7012863989344,2933206.186867527,522.9798999138497,417.90313441979674,304.1079894983981,4068056.0167604936,427411.0564043143,94.11665359046641,44.55870171219782,351564.3635983533,1.0723418027593552,0.034825959192671,25056.193224954277,0.5179600564716005,25776.19799942758,13.95744422221263,283.8413239481062,1.1695717085246844,,,0.0008637806761971656,3.582317736969875e-05,3.879548101012443e-05,4193.715893487845,25056.193224954277,2851273.1392122386,294.82242903335117,7038244.1753434045,0.005397462826821231,0.0485,0.005397462826821231,-0.0,1.0,0.005557521601035995,0.0013216415145030625,0.006157521601035994,0.0002084070600388498,vapour,False,
0.04970711483464267,1.0002867018433368,3056.626723431992,804.5738680313551,1.4389802071358757,1157.765871275872,2933709.7251557857,522.6863146317205,417.550976430315,303.8941856480708,4069220.000525423,427086.29227597796,94.31986316113851,44.46270120561129,351737.6871384575,1.0743320044654892,0.03482586599486455,25093.335513422706,0.5175671219152638,25812.005644049004,13.95206300442824,283.85328554143786,1.168041043797503,,,0.0008637324910070011,3.5836994130638975e-05,3.874166206958627e-05,4193.715893487845,25093.335513422706,2852027.9844777444,294.8273877394867,7031190.605963402,0.005714960640163656,0.0485,0.005714960640163656,-0.0,1.0,0.005557521601035995,0.0013216415145030625,0.006157521601035994,0.0002084070600388498,vapour,False,
0.04970711483464267,1.0002867018433368,3056.626723431992,804.5738680313551,1.4390606396448633,1157.8305851707437,2934214.2626325493,522.3921815107792,417.1981107855903,303.68095957536156,4070382.121240445,426761.47229491954,94.52384014016327,44.36675326847974,351910.2695158832,1.0763404092639457,0.03482577328632769,25130.88073280533,0.5171711585043662,25848.202067707938,13.946671339955735,283.8652240422593,1.1665097180697468,,,0.0008636842149514745,3.5850848407644984e-05,3.868741034214121e-05,4193.715893487845,25130.88073280533,2852785.9881920866,294.83233833127167,7024155.054315702,0.006032458453506082,0.0485,0.006032458453506082,-0.0,1.0,0.005557521601035995,0.0013216415145030625,0.006157521601035994,0.0002084070600388498,vapour,False,
0.04970711483464267,1.0002867018433368,3056.626723431992,804.5738680313551,1.4391412585598418,1157.8954490430044,2934719.960403589,522.0974074828514,416.84442528848143,303.46825639933155,4071542.5337605653,426436.59633269353,94.72866767604899,44.270821034129,352082.1395754862,1.078367877906575,0.0348256810502899,25168.846726703196,0.5167720068881853,25884.80444486462,13.941267502445063,283.8771497356792,1.1649772996092593,,,0.000863635832428995,3.586474471652656e-05,3.8632704455234684e-05,4193.715893487845,25168.846726703196,2853547.417231829,294.83728506747053,7017126.698619697,0.006349956266848507,0.0485,0.006349956266848507,-0.0,1.0,0.005557521601035995,0.0013216415145030625,0.006157521601035994,0.0002084070600388498,vapour,False,
0.04970711483464267,1.0002867018433368,3056.626723431992,804.5738680313551,1.4392220413702506,1157.9604447812455,2935226.6772092986,521.8020751135405,416.49001862441037,303.2561270657192,4072701.084185954,426111.6642764919,94.9342469876251,44.17495294437323,352253.2706019918,1.0804139038538458,0.03482558929982276,25207.22388598923,0.5163697867529874,25921.8034177331,13.93585300232106,283.8890420921194,1.1634441607823482,,,0.0008635873569834362,3.5878679253916024e-05,3.857756282944034e-05,4193.715893487845,25207.22388598923,2854312.056001753,294.84221942441314,7010127.972166013,0.006667454080190932,0.0485,0.006667454080190932,-0.0,1.0,0.005557521601035995,0.0013216415145030625,0.006157521601035994,0.0002084070600388498,vapour,False,
0.04970711483464267,1.0002867018433368,3056.626723431992,804.5738680313551,1.4393030131011202,1158.0255925199524,2935734.5699636,521.5060931744028,416.1347809318022,303.0445281711013,4073857.879109561,425786.6759961362,95.14068636841037,44.07910068305212,352423.6686395604,1.0824794200055188,0.034825498030412586,25246.032345336585,0.5159643215042719,25959.21839679338,13.930426163833559,283.90092166527694,1.1619099302907097,,,0.0008635387736327341,3.5892656414066475e-05,3.852196105116652e-05,4193.715893487845,25246.032345336585,2855080.1791389445,294.847149922148,7003136.130645031,0.006984951893533357,0.0485,0.006984951893533357,-0.0,1.0,0.005557521601035995,0.0013216415145030625,0.006157521601035994,0.0002084070600388498,vapour,False,
0.04970711483464267,1.0002867018433368,3056.626723431992,804.5738680313551,1.4393841757254688,1158.0908938465643,2936243.650979371,521.2094547349511,415.7787034802597,302.83345258841484,4075012.9667384983,425461.63136008487,95.34796624474484,43.98327577038366,352593.3452263033,1.0845645930770573,0.03482540723462811,25285.275731495378,0.5155555964105768,25997.0528003084,13.9249868564733,283.9127781985166,1.1603745479712557,,,0.0008634900812306104,3.590667662049285e-05,3.846589871864772e-05,4193.715893487845,25285.275731495378,2855851.811363222,294.85207229759294,6996163.071718656,0.007302449706875783,0.0485,0.007302449706875783,-0.0,1.0,0.005557521601035995,0.0013216415145030625,0.006157521601035994,0.0002084070600388498,vapour,False,
0.04970711483464267,1.0002867018433368,3056.626723431992,804.5738680313551,1.4394655052950165,1158.1563294929206,2936753.7699854593,520.9122475880722,415.42189126124356,302.622972887426,4076166.1931711896,425136.5302534315,95.55603629379156,43.88750366951248,352762.2298967553,1.0866690180703054,0.034825316948888185,25324.94804374084,0.5151437032196245,26035.300801848167,13.91953668677943,283.9246117059932,1.158838508320755,,,0.0008634412941798913,3.592073581550258e-05,3.8409389144795785e-05,4193.715893487845,25324.94804374084,2856626.7472070944,294.8569865485989,6989207.90200668,0.007619947520218208,0.0485,0.007619947520218208,-0.0,1.0,0.005557521601035995,0.0013216415145030625,0.006157521601035994,0.0002084070600388498,vapour,False,
0.04970711483464267,1.0002867018433368,3056.626723431992,804.5738680313551,1.4395470023317463,1158.2218998789954,2937264.9302008743,520.6144700738546,415.0643419100245,302.41310367933835,4077317.6065095947,424811.3725609134,95.76492566457874,43.791773077509994,352930.29003607185,1.0887929621404056,0.03482522718927092,25365.056490268074,0.5147285992450634,26073.969326337723,13.914075621214742,283.9364324618206,1.157301872037563,,,0.0008633924122005243,3.593483416445227e-05,3.8352426801004343e-05,4193.715893487845,25365.056490268074,2857405.021420001,294.86189693568235,6982259.245343638,0.007937445333560634,0.0485,0.007937445333560634,-0.0,1.0,0.005557521601035995,0.0013216415145030625,0.006157521601035994,0.0002084070600388498,vapour,False,
0.04970711483464267,1.0002867018433368,3056.626723431992,804.5738680313551,1.4396286947146524,1158.2876274354987,2937777.3064257596,520.3160205972122,414.7059330378152,302.20375780848184,4078467.2185282153,424486.1581479172,95.97464496668738,43.69608134464552,353097.6198408579,1.0909371658058313,0.034825137904165,25405.6144503991,0.5143101636147428,26113.071151176955,13.908601793240187,283.948219957942,1.1557640262998539,,,0.0008633434186066938,3.5948976570959734e-05,3.829499771247429e-05,4193.715893487845,25405.6144503991,2858186.8887076834,294.8667949317248,6975340.374448815,0.008254943146903058,0.0485,0.008254943146903058,-1.4210854715201978e-14,1.0,0.005557521601035995,0.0013216415145030625,0.006157521601035994,0.0002084070600388498,vapour,False,
0.04970711483464267,1.0002867018433368,3056.626723431992,804.5738680313551,1.439710582476266,1158.3535121886046,2938290.8987995908,520.0168993309239,414.3466644226336,301.9949616672326,4079615.1243471107,424160.88687981426,96.18524900537908,43.60040585072785,353264.16321524105,1.0931019766677055,0.03482504912223867,25446.63163697353,0.5138883348283467,26152.615641228822,13.903115202448836,283.95999472625084,1.154225091093404,,,0.0008632943134178358,3.596316312706178e-05,3.823709313509467e-05,4193.715893487845,25446.63163697353,2858972.393803432,294.87168906025636,6968428.5688041095,0.008572440960245484,0.0485,0.008572440960245484,1.421085471520203e-14,1.0,0.005557521601035995,0.0013216415145030625,0.006157521601035994,0.0002084070600388498,vapour,False,
0.04970711483464267,1.0002867018433368,3056.626723431992,804.5738680313551,1.4397926413006656,1158.419534574358,2938805.5586772244,519.7171919840098,413.98663889615125,301.78677594569876,4080761.170469422,423835.558638431,96.39666179373401,43.504783417307564,353429.8728686396,1.0952869190848782,0.034824960867369345,25488.099941590313,0.5134632231257621,26192.59490517383,13.897617447603626,283.9717465207804,1.1526855015195976,,,0.0008632451112518862,3.597738978534161e-05,3.817872966081989e-05,4193.715893487845,25488.099941590313,2859761.3203138695,294.87657505648184,6961534.554929606,0.008889938773587909,0.0485,0.008889938773587909,-1.4210854715201978e-14,1.0,0.005557521601035995,0.0013216415145030625,0.006157521601035994,0.0002084070600388498,vapour,False,
0.04970711483464267,1.0002867018433368,3056.626723431992,804.5738680313551,1.4398748986874133,1158.4857167181876,2939321.4549565804,519.4168014286138,413.6257391042349,301.5791364273193,4081905.4637272097,423510.1732868967,96.60894435227125,43.40918867921832,353594.79704155115,1.097492873710794,0.03482487311254238,25530.03725793563,0.5130346729715982,26233.0261224614,13.89210671665227,283.98347535552324,1.1511447642359227,,,0.0008631957956571503,3.599166132237216e-05,3.8119887325685766e-05,4193.715893487845,25530.03725793563,2860553.9409667654,294.88145291827163,6954658.897571648,0.009207436586930335,0.0485,0.009207436586930335,1.421085471520203e-14,1.0,0.005557521601035995,0.0013216415145030625,0.006157521601035994,0.0002084070600388498,vapour,False,
0.04970711483464267,1.0002867018433368,3056.626723431992,804.5738680313551,1.439957355431747,1158.5520592599216,2939838.5921626072,519.1157254017749,413.26396185627164,301.37205844396794,4083048.0511907833,423184.7306878398,96.8221269774396,43.313610477334564,353758.90160110354,1.0997201405390673,0.03482478587461718,25572.451697525055,0.5126026370146949,26273.917079860315,13.886582961363903,283.995191493709,1.1496029386201345,,,0.0008631463661967818,3.600597795664567e-05,3.8060560096938404e-05,4193.715893487845,25572.451697525055,2861350.2953552753,294.88632690787955,6947790.257492346,0.00952493440027276,0.0485,0.00952493440027276,-1.4210854715201978e-14,1.0,0.005557521601035995,0.0013216415145030625,0.006157521601035994,0.0002084070600388498,vapour,False,
0.04970711483464267,1.0002867018433368,3056.626723431992,804.5738680313551,1.4400399879280816,1158.6185432071225,2940356.8221871494,518.8140503773443,412.90141063928365,301.1656020865309,4084188.779668923,422859.2307202843,97.03613288327608,43.21808556130766,353922.14000828087,1.101968232666526,0.034824699176981534,25615.334988451465,0.5121672274547634,26315.259720870476,13.881047764738595,284.00688469572543,1.1480604606867757,,,0.0008630968370590227,3.6020335674525066e-05,3.8000764978462515e-05,4193.715893487845,25615.334988451465,2862150.166284242,294.891192759489,6940939.338209777,0.009842432213615186,0.0485,0.009842432213615186,1.4210854715202004e-14,1.0,0.005557521601035995,0.0013216415145030625,0.006157521601035994,0.0002084070600388498,vapour,False,
0.04970711483464267,1.0002867018433368,3056.626723431992,804.5738680313551,1.440122797401146,1158.6851695451755,2940876.1526520043,518.5117721494094,412.53807999781947,300.95977083987475,4085327.696732605,422533.6732624105,97.25096660766206,43.122613993200524,354084.50169477495,1.1042373780999188,0.03482461302386443,25658.693035018532,0.5117284150297366,26357.05967267389,13.875501046265455,284.0185549754743,1.1465173313849797,,,0.0008630472075451997,3.60347347697814e-05,3.794049914591825e-05,4193.715893487845,25658.693035018532,2862953.5840501003,294.8960504709815,6934106.37395207,0.01015993002695761,0.0485,0.01015993002695761,-0.0,1.0,0.005557521601035995,0.0013216415145030625,0.006157521601035994,0.0002084070600388498,vapour,False,
0.04970711483464267,1.0002867018433368,3056.626723431992,804.5738680313551,1.4402058108366063,1158.7519599860425,2941396.752730664,518.2087925004284,412.1738514465817,300.7545012831232,4086464.862142023,422208.0581736712,97.46669029558115,43.027170418630455,354246.0336037949,1.1065284936268047,0.034824527389009416,25702.544676331887,0.5112860393030997,26399.335020492115,13.86994100009425,284.03020234682197,1.144973057023801,,,0.000862997461520622,3.604918002150134e-05,3.787974201712899e-05,4193.715893487845,25702.544676331887,2863760.825384158,294.90090004024256,6927291.66580663,0.010477427840300035,0.0485,0.010477427840300035,-1.4210854715202004e-14,1.0,0.005557521601035995,0.0013216415145030625,0.006157521601035994,0.0002084070600388498,vapour,False,
0.04970711483464267,1.0002867018433368,3056.626723431992,804.5738680313551,1.4402890296371034,1158.8189156582514,2941918.6311503896,517.905106621593,411.80871874433274,300.54979749425075,4087600.2760860664,421882.3853125529,97.68330930567862,42.93175490568738,354406.7242506285,1.1088418321710272,0.034824442277193404,25746.896448856605,0.5108400673044284,26442.09199671906,13.864367534141758,284.0418268236004,1.1434276382897446,,,0.0008629475981861786,3.606367176639849e-05,3.781849031173782e-05,4193.715893487845,25746.896448856605,2864571.9244373525,294.9057414651622,6920495.183465793,0.010794925653642462,0.0485,0.010794925653642462,1.4210854715202054e-14,1.0,0.005557521601035995,0.0013216415145030625,0.006157521601035994,0.0002084070600388498,vapour,False,
0.04970711483464267,1.0002867018433368,3056.626723431992,804.5738680313551,1.4403724286813862,1158.8860163499,2942441.6303069443,517.6008064788798,411.4427920265893,300.34574149408326,4088733.878895597,421556.65455498913,97.90079628024948,42.836381856210565,354566.481615037,1.1111770103313356,0.03482435773578034,25791.74388751856,0.5103905829477826,26485.326263868825,13.858782332582766,284.0534386582629,1.1418816283233197,,,0.000862897632633158,3.607820571829548e-05,3.775675594996147e-05,4193.715893487845,25791.74388751856,2865386.6739931037,294.9105790097165,6913705.039948464,0.011112423466984886,0.0485,0.011112423466984886,-1.4210854715201953e-14,1.0,0.005557521601035995,0.0013216415145030625,0.006157521601035994,0.0002084070600388498,vapour,False,
0.04970711483464267,1.0002867018433368,3056.626723431992,804.5738680313551,1.4404560358075438,1158.9532844587877,2942965.9247081988,517.2957907943442,411.0759490615236,300.1422591053052,4089865.7306279647,421230.86575759517,98.11918899593614,42.7410370632144,354725.37485553866,1.113534913747937,0.03482427372679093,25837.104575928523,0.509937437440832,26529.054662020906,13.853183532841134,284.06502762169606,1.1403344751134497,,,0.0008628475482227773,3.609278681789438e-05,3.7694520695892106e-05,4193.715893487845,25837.104575928523,2866205.3483924475,294.91540840639965,6906933.080140093,0.011429921280327313,0.0485,0.011429921280327313,1.4210854715202004e-14,1.0,0.005557521601035995,0.0013216415145030625,0.006157521601035994,0.0002084070600388498,vapour,False,
0.04970711483464267,1.0002867018433368,3056.626723431992,804.5738680313551,1.4405398524428592,1159.0207211332688,2943491.5232335813,516.9900546798663,410.7081834958259,299.9393544375102,4090995.8314453196,420905.0187760034,98.3384929191941,42.645720602347154,354883.39224098035,1.1159158044515167,0.034824190255097406,25882.98537723175,0.5094805968478098,26573.283732050117,13.847571041238774,284.07659372764147,1.1387861793541838,,,0.0008627973441425781,3.6107415409603206e-05,3.763178123123327e-05,4193.715893487845,25882.98537723175,2867027.9827694693,294.92022965311224,6900179.273762517,0.011747419093669737,0.0485,0.011747419093669737,-1.4210854715202004e-14,1.0,0.005557521601035995,0.0013216415145030625,0.006157521601035994,0.0002084070600388498,vapour,False,
0.04970711483464267,1.0002867018433368,3056.626723431992,804.5738680313551,1.4406238539881273,1159.0883065814658,2944018.2715590345,516.6836881667009,410.3396031737731,299.7370975411893,4092124.0753613724,420579.11348293,98.55865468482695,42.550457967375905,355040.46572142513,1.1183192277829754,0.03482410735527096,25929.379668265716,0.5090201631977623,26618.007021820296,13.841946506732542,284.08813698980606,1.137237236829201,,,0.0008627470351670877,3.612208729146631e-05,3.756855271622113e-05,4193.715893487845,25929.379668265716,2867854.3608087623,294.92504274775956,6893443.003869911,0.012064916907012163,0.0485,0.012064916907012163,1.4210854715202054e-14,1.0,0.005557521601035995,0.0013216415145030625,0.006157521601035994,0.0002084070600388498,vapour,False,
0.04970711483464267,1.0002867018433368,3056.626723431992,804.5738680313551,1.4407080671384471,1159.1560622815578,2944546.3370140013,516.376594197216,409.9700908711991,299.53543771688464,4093250.614967118,420253.1497325676,98.7797637322571,42.45521283949339,355196.6164371652,1.1207462193983004,0.034824025014756635,25976.309905620466,0.5085559517340412,26663.246118041207,13.836308143649134,284.09966765210265,1.1356872100977238,,,0.000862696605348988,3.6136807218296886e-05,3.750481076358396e-05,4193.715893487845,25976.309905620466,2868684.7746561784,294.92985195568457,6886713.59385946,0.012382414720354588,0.0485,0.012382414720354588,-1.4210854715201953e-14,1.0,0.005557521601035995,0.0013216415145030625,0.006157521601035994,0.0002084070600388498,vapour,False,
0.04970711483464267,1.0002867018433368,3056.626723431992,804.5738680313551,1.440792468536725,1159.2239694410373,2945075.5730672237,516.0688582531857,409.59974898209055,299.3344216584329,4094375.298292502,419927.12739533006,99.00171519091414,42.360032706511355,355351.8241514924,1.1231961946562194,0.034823943242839994,26023.76524315326,0.5080880980874155,26708.990437426044,13.830657517610906,284.1111652655964,1.1341364813720616,,,0.000862646068716287,3.6151571200670544e-05,3.744057651084959e-05,4193.715893487845,26023.76524315326,2869518.992730318,294.9346487402697,6880013.1619050605,0.012699912533697014,0.0485,0.012699912533697014,1.4210854715202054e-14,1.0,0.005557521601035995,0.0013216415145030625,0.006157521601035994,0.0002084070600388498,vapour,False,
0.04970711483464267,1.0002867018433368,3056.626723431992,804.5738680313551,1.440877084336627,1159.292049102461,2945606.1436457518,515.7603852851221,409.22846265291525,299.1340106005418,4095498.2317486997,419601.0463234842,99.224624700639,42.26487029948765,355506.0854590856,1.1256702708060984,0.03482386203992458,26071.770770468684,0.5076163985385966,26755.264127610048,13.8249928794359,284.1226503022873,1.1325846695916313,,,0.0008625954096504095,3.616638390777974e-05,3.737582238883793e-05,4193.715893487845,26071.770770468684,2870357.317009836,294.93944163463556,6873319.294439857,0.013017410347039439,0.0485,0.013017410347039439,-0.0,1.0,0.005557521601035995,0.0013216415145030625,0.006157521601035994,0.0002084070600388498,vapour,False,
0.04970711483464267,1.0002867018433368,3056.626723431992,804.5738680313551,1.44096189041203,1159.3602818545808,2946137.89740077,515.4512635585911,408.85633765128637,298.934262324556,4096619.3093309854,419274.9063860515,99.44841243059005,42.16976210067553,355659.3568770042,1.1281679162521707,0.03482378142748881,26120.317620524766,0.5071409743088233,26802.05853686554,13.819315846059771,284.13411254551784,1.131032214135057,,,0.0008625446426371803,3.6181241211196604e-05,3.731056697098567e-05,4193.715893487845,26120.317620524766,2871199.5210414445,294.94422636926856,6866642.866410732,0.013334908160381864,0.0485,0.013334908160381864,-1.4210854715201953e-14,1.0,0.005557521601035995,0.0013216415145030625,0.006157521601035994,0.0002084070600388498,vapour,False,
0.04970711483464267,1.0002867018433368,3056.626723431992,804.5738680313551,1.4410469137164426,1159.4286893834847,2946671.003267045,515.1413951416339,408.48325560926816,298.73512705116457,4097738.6831503944,418948.707433352,99.67316923281892,42.074671907863845,355811.6577629987,1.130690208382699,0.03482370139393615,26169.429409366672,0.5066616346417301,26849.39635856295,13.81362461499179,284.14556223073043,1.1294786763508302,,,0.0008624937515835843,3.61961479290059e-05,3.724478519536901e-05,4193.715893487845,26169.429409366672,2872045.9031113903,294.9490072108692,6859973.230986422,0.01365240597372429,0.0485,0.01365240597372429,1.4210854715202004e-14,1.0,0.005557521601035995,0.0013216415145030625,0.006157521601035994,0.0002084070600388498,vapour,False,
0.04970711483464267,1.0002867018433368,3056.626723431992,804.5738680313551,1.4411321570870665,1159.4972739719117,2947205.478958198,514.8307700336641,408.10920397730894,298.53658579861496,4098856.307768756,418622.449313745,99.89884934444564,41.97962159732339,355963.0239403886,1.1332373068950352,0.034823621919075065,26219.10961560989,0.5061783756933776,26897.28079830871,13.807918998311488,284.15697892557745,1.1279239449296758,,,0.0008624427348366707,3.6211104661110985e-05,3.717847939717682e-05,4193.715893487845,26219.10961560989,2872896.486896547,294.9537756201482,6853333.025398228,0.013969903787066714,0.0485,0.013969903787066714,-1.4210854715201953e-14,1.0,0.005557521601035995,0.0013216415145030625,0.006157521601035994,0.0002084070600388498,vapour,False,
0.04970711483464267,1.0002867018433368,3056.626723431992,804.5738680313551,1.4412175942250465,1159.5660144604897,2947741.159509444,514.5194843879631,407.7342980554979,298.3387304528765,4099972.1223863964,418296.1318938515,100.12544938989079,41.88461494097689,356113.3405261576,1.1358088547278264,0.03482354306181741,26269.355579940864,0.5056912724424257,26945.709265087342,13.802200758127329,284.16838308525826,1.1263686278783995,,,0.0008623916081787453,3.6226106891365024e-05,3.7111659973844764e-05,4193.715893487845,26269.355579940864,2873751.0642227205,294.95854013292313,6846698.983764436,0.01428740160040914,0.0485,0.01428740160040914,1.4210854715202054e-14,1.0,0.005557521601035995,0.0013216415145030625,0.006157521601035994,0.0002084070600388498,vapour,False,
0.04970711483464267,1.0002867018433368,3056.626723431992,804.5738680313551,1.4413032271326536,1159.6349124601938,2948278.057407148,514.2075312119991,407.35852895848393,298.1415529921605,4101086.081928256,417969.7550389102,100.35294858381805,41.78966291145015,356262.62007117853,1.1384050581476277,0.03482346481411613,26320.172641218305,0.5052003076149527,26994.686781258584,13.79646976212244,284.17976450133966,1.1248126702759536,,,0.0008623403704520033,3.6241155065096906e-05,3.704432683746726e-05,4193.715893487845,26320.172641218305,2874609.6627854235,294.9632964783536,6840082.283684104,0.014604899413751565,0.0485,0.014604899413751565,-1.4210854715201953e-14,1.0,0.005557521601035995,0.0013216415145030625,0.006157521601035994,0.0002084070600388498,vapour,False,
0.04970711483464267,1.0002867018433368,3056.626723431992,804.5738680313551,1.4413891102764398,1159.7040117933886,2948816.514065873,513.8947124374226,406.9816575748659,297.94492880296315,4102198.3991209962,417643.31857636495,100.58147451670779,41.69471479354003,356410.9581498781,1.1410277598034249,0.03482338712449487,26371.598590015452,0.5047051540577573,27044.24965127661,13.790722367145648,284.1911231872475,1.12325508134595,,,0.0008622889891133348,3.6256258859302096e-05,3.6976437242465534e-05,4193.715893487845,26371.598590015452,2875472.8427410075,294.96804465437896,6833484.063343185,0.014922397227093992,0.0485,0.014922397227093992,1.4210854715202004e-14,1.0,0.005557521601035995,0.0013216415145030625,0.006157521601035994,0.0002084070600388498,vapour,False,
0.04970711483464267,1.0002867018433368,3056.626723431992,804.5738680313551,1.4414751914300254,1159.7732704400937,2949356.2019670857,513.5812186430194,406.6039129772447,297.74900217577806,4103308.9062901945,417316.8223699162,100.81093682003912,41.59981075242048,356558.21009772056,1.1436757586412216,0.03482331006732057,26423.613829059286,0.5042060495113582,27094.37893294703,13.784962070280782,284.20246936792853,1.1216969082962711,,,0.0008622374954550683,3.6271409195819114e-05,3.690802444576392e-05,4193.715893487845,26423.613829059286,2876340.1264146487,294.9727889293834,6826891.959946881,0.015239895040436416,0.0485,0.015239895040436416,-0.0,1.0,0.005557521601035995,0.0013216415145030625,0.006157521601035994,0.0002084070600388498,vapour,False,
0.04970711483464267,1.0002867018433368,3056.626723431992,804.5738680313551,1.4415614724950783,1159.842689930341,2949897.133566974,513.267042694476,406.2252861368605,297.5537650322987,4104417.5586649342,416990.2662818854,101.0413146467361,41.50496168968159,356704.38852529856,1.1463492696800381,0.03482323363452268,26476.22406484041,0.5037029758763573,27145.079995048894,13.77918874107404,284.2137928410765,1.1201380968655805,,,0.0008621858883811726,3.628660651911694e-05,3.683908834243237e-05,4193.715893487845,26476.22406484041,2877211.5422314117,294.9775250315367,6820317.127550497,0.01555739285377884,0.0485,0.01555739285377884,-1.4210854715202004e-14,1.0,0.005557521601035995,0.0013216415145030625,0.006157521601035994,0.0002084070600388498,vapour,False,
0.04970711483464267,1.0002867018433368,3056.626723431992,804.5738680313551,1.441647981412792,1159.9122927448852,2950439.484755529,512.9520825042423,405.84565357222993,297.359157493313,4105524.5077995416,416663.6501551229,101.27267524050627,41.410142306682886,356849.5342595531,1.1490493833229953,0.03482315780333026,26529.452939860006,0.503195748014268,27196.37550658171,13.773400505343993,284.22509362002927,1.118578151901555,,,0.0008621341512240902,3.6301855871104826e-05,3.6769605558578684e-05,4193.715893487845,26529.452939860006,2878087.392335933,294.9822529587892,6813760.366831802,0.015874890667121267,0.0485,0.015874890667121267,1.4210854715202054e-14,1.0,0.005557521601035995,0.0013216415145030625,0.006157521601035994,0.0002084070600388498,vapour,False,
0.04970711483464267,1.0002867018433368,3056.626723431992,804.5738680313551,1.4417347200389268,1159.9820803768223,2950983.2657005196,512.6363328719181,405.46500836211123,297.1651837773978,4106629.708668854,416336.97383135353,101.50502460053357,41.31535271275428,356993.6344493888,1.151776408247037,0.03482308257906453,26583.30914797965,0.5026843268119551,27248.273734665414,13.76759725233453,284.2363717180911,1.1170170741348293,,,0.0008620822829221191,3.631715765909818e-05,3.669957259449409e-05,4193.715893487845,26583.30914797965,2878967.7176074046,294.98697270909554,6807221.400698199,0.01619238848046369,0.0485,0.01619238848046369,-0.0,1.0,0.005557521601035995,0.0013216415145030625,0.006157521601035994,0.0002084070600388498,vapour,False,
0.04970711483464267,1.0002867018433368,3056.626723431992,804.5738680313551,1.441821689941575,1160.0520540877983,2951528.4861514824,512.3197884536271,405.08334351241126,296.9718481100922,4107733.1613123487,416010.2371512227,101.73836876853858,41.220593019619,357136.676160571,1.1545306568671694,0.034823007967081286,26637.801540680768,0.5021686728684182,27300.783095894254,13.761778879230034,284.2476271485321,1.1154548642990314,,,0.0008620302825861944,3.633251227096993e-05,3.6628985933754745e-05,4193.715893487845,26637.801540680768,2879852.5587931974,294.9916842804143,6800700.199216547,0.016509886293806116,0.0485,0.016509886293806116,1.4210854715202004e-14,1.0,0.005557521601035995,0.0013216415145030625,0.006157521601035994,0.0002084070600388498,vapour,False,
0.04970711483464267,1.0002867018433368,3056.626723431992,804.5738680313551,1.4419088650735623,1160.1221929209373,2952074.9827402253,512.002544398284,404.70077321804627,296.77922934794225,4108834.8040619437,415683.4399734609,101.97267719564846,41.12587811577831,357278.56969512696,1.157311678208143,0.034822934012720935,26692.925164215536,0.5016488835444175,27353.89873863727,13.755947130553665,284.25887012590925,1.1138920732503377,,,0.0008619781658363209,3.634791521475377e-05,3.655785998021204e-05,4193.715893487845,26692.925164215536,2880741.6941312905,294.99639194279894,6794185.026692631,0.016827384107148544,0.0485,0.016827384107148544,-1.4210854715202004e-14,1.0,0.005557521601035995,0.0013216415145030625,0.006157521601035994,0.0002084070600388498,vapour,False,
0.04970711483464267,1.0002867018433368,3056.626723431992,804.5738680313551,1.4419962475204835,1160.1924985542548,2952622.7684682366,511.6845934427238,404.3172882151406,296.5873193106312,4109934.592653588,415356.5821553594,102.2079289312409,41.03121878449484,357419.3277794289,1.1601197024776502,0.03482286070787013,26748.686399448154,0.5011249390999709,27407.626665941083,13.750101868579307,284.270090458038,1.1123286478332526,,,0.0008619259314692391,3.636336696112501e-05,3.648619459789564e-05,4193.715893487845,26748.686399448154,2881635.1540490235,295.0010914227826,6787686.998313212,0.01714488192049097,0.0485,0.01714488192049097,-0.0,1.0,0.005557521601035995,0.0013216415145030625,0.006157521601035994,0.0002084070600388498,vapour,False,
0.04970711483464267,1.0002867018433368,3056.626723431992,804.5738680313551,1.4420838657588713,1160.2629938992245,2953172.021771527,511.3658323240347,403.93276341684106,296.3960592072974,4111032.6336066164,415029.6635344563,102.44419282247172,40.936589746529094,357558.9892549459,1.162955877801505,0.03482278803086651,26805.110596620885,0.5005966461387941,27461.991172958406,13.744241190403999,284.28128815810123,1.1107640924715678,,,0.0008618735625096182,3.6378872654613464e-05,3.641396553155591e-05,4193.715893487845,26805.110596620885,2882533.2495329245,295.0057827183348,6781206.666226622,0.017462379733833393,0.0485,0.017462379733833393,-0.0,1.0,0.005557521601035995,0.0013216415145030625,0.006157521601035994,0.0002084070600388498,vapour,False,
0.04970711483464267,1.0002867018433368,3056.626723431992,804.5738680313551,1.442171721402216,1160.3336802540189,2953722.752680508,511.04625554978566,403.5471916227588,296.2054532808026,4112128.9269324727,414702.6839471794,102.68147507578503,40.84199112247495,357697.540879688,1.1658205314040373,0.03482271598719635,26862.20726083717,0.5000639635758523,27517.001292366796,13.738364990255018,284.2924632392486,1.1091984079091743,,,0.000861821058043477,3.6394432696661e-05,3.634116920572299e-05,4193.715893487845,26862.20726083717,2883436.02308018,295.0104658274293,6774744.000602219,0.017779877547175818,0.0485,0.017779877547175818,-0.0,1.0,0.005557521601035995,0.0013216415145030625,0.006157521601035994,0.0002084070600388498,vapour,False,
0.04970711483464267,1.0002867018433368,3056.626723431992,804.5738680313551,1.4422598160768805,1160.4045589271666,2954274.9713052884,510.725857585157,403.1605655741175,296.01550577925053,4113223.4726351923,414375.6432288374,102.91978194211329,40.7474230352196,357834.96932996385,1.1687139944492408,0.03482264458238092,26919.986074846154,0.49952684986745816,27572.666224288383,13.73247316151982,284.30361571459616,1.1076315948929667,,,0.0008617684171497343,3.6410047492469544e-05,3.626780202776015e-05,4193.715893487845,26919.986074846154,2884343.517666378,295.01514074804413,6768298.971653224,0.018097375360518243,0.0485,0.018097375360518243,1.4210854715202054e-14,1.0,0.005557521601035995,0.0013216415145030625,0.006157521601035994,0.0002084070600388498,vapour,False,
0.04970711483464267,1.0002867018433368,3056.626723431992,804.5738680313551,1.442348123465059,1160.4756087440492,2954828.512593263,510.40473450868103,402.77300065259624,295.82629459491096,4114316.2085209824,414048.5412330103,103.15908192813103,40.65290050186301,357971.1857630701,1.1716357945001135,0.03482257386112768,26978.442007254453,0.4989854063670872,27628.98102723686,13.726567466357931,284.31475578841776,1.1060642036218367,,,0.0008617156556028545,3.642571248969827e-05,3.619387913778624e-05,4193.715893487845,26978.442007254453,2885255.5072441497,295.01981175188683,6761859.884806209,0.01841487317386067,0.0485,0.01841487317386067,-1.4210854715201953e-14,1.0,0.005557521601035995,0.0013216415145030625,0.006157521601035994,0.0002084070600388498,vapour,False,
0.04970711483464267,1.0002867018433368,3056.626723431992,804.5738680313551,1.442436645714228,1160.5468314324698,2955383.3899289486,510.0828788539138,402.38448731382556,295.637811436745,4115407.0908332462,413721.37781179656,103.39935398176941,40.55843418738621,358106.2030372989,1.1745861777953077,0.034822503815277954,27037.58220563889,0.4984396115700892,27685.952425648265,13.720647763011726,284.32587327854606,1.104496182053521,,,0.0008616627721655093,3.644142817716708e-05,3.6119400359642314e-05,4193.715893487845,27037.58220563889,2886172.0242052563,295.0244745638688,6755437.8168246895,0.018732370987203095,0.0485,0.018732370987203095,-0.0,1.0,0.005557521601035995,0.0013216415145030625,0.006157521601035994,0.0002084070600388498,vapour,False,
0.04970711483464267,1.0002867018433368,3056.626723431992,804.5738680313551,1.4425254116852007,1160.6182502130848,2955939.784136111,509.7601860555442,401.9948987672616,295.4499986226509,4116496.269907476,413394.1527972772,103.64066860433721,40.4639988332953,358240.0579222291,1.1775663534272751,0.034822434424317796,27097.433895540806,0.49788926341279477,27743.606499457885,13.71471212352764,284.3369681980107,1.1029270341906168,,,0.0008616097496454187,3.645719979366159e-05,3.604434052290715e-05,4193.715893487845,27097.433895540806,2887093.3885755828,295.0291291819787,6749033.55578907,0.01904986880054552,0.0485,0.01904986880054552,-0.0,1.0,0.005557521601035995,0.0013216415145030625,0.006157521601035994,0.0002084070600388498,vapour,False,
0.04970711483464267,1.0002867018433368,3056.626723431992,804.5738680313551,1.442614422356651,1160.6898658733098,2956497.7012615227,509.43665295004075,401.60423058896293,295.26287240269414,4117583.7014433946,413066.8660208639,103.88305902543001,40.3695841538633,358372.7110390662,1.180576736671186,0.0348223657072369,27158.00984792322,0.4973343012134081,27801.955435653606,13.708760484678997,284.34805074497024,1.1013568127350515,,,0.0008615565875106475,3.647302763505157e-05,3.5968693004866354e-05,4193.715893487845,27158.00984792322,2888019.6528642178,295.03377987890906,6742635.52978885,0.019367366613887944,0.0485,0.019367366613887944,1.4210854715202004e-14,1.0,0.005557521601035995,0.0013216415145030625,0.006157521601035994,0.0002084070600388498,vapour,False,
0.04970711483464267,1.0002867018433368,3056.626723431992,804.5738680313551,1.4427036808210632,1160.7616809012763,2957057.160599488,509.11226869613847,401.21246907605115,295.0764130775297,4118669.3856942696,412739.5173118324,104.12647816280078,40.27521114207867,358504.2000969526,1.1836175416600505,0.03482229764309089,27219.316001437932,0.4967747155820354,27861.004752623194,13.702792641928964,284.35910056006355,1.0997854143348027,,,0.0008615032839674268,3.648891237469782e-05,3.589246004869394e-05,4193.715893487845,27219.316001437932,2888950.8473700676,295.0384181035812,6736266.321927475,0.019684864427230372,0.0485,0.019684864427230372,-1.4210854715202004e-14,1.0,0.005557521601035995,0.0013216415145030625,0.006157521601035994,0.0002084070600388498,vapour,False,
0.04970711483464267,1.0002867018433368,3056.626723431992,804.5738680313551,1.4427931597888197,1160.8336733404717,2957617.991018504,508.78713284920195,400.81973387434687,294.89070950613706,4119753.2599546863,412412.1065184029,104.37092029905139,40.18088449801627,358634.41154778155,1.1866883412448705,0.034822230289219186,27281.349625329633,0.4962105947127183,27920.75173597191,13.696810421946529,284.37013802455226,1.0982134406887303,,,0.000861449855363302,3.650484927489726e-05,3.581565458753901e-05,4193.715893487845,27281.349625329633,2889886.7492591934,295.0430524037179,6729902.968593855,0.020002362240572797,0.0485,0.020002362240572797,-0.0,1.0,0.005557521601035995,0.0013216415145030625,0.006157521601035994,0.0002084070600388498,vapour,False,
0.04970711483464267,1.0002867018433368,3056.626723431992,804.5738680313551,1.442882889145184,1160.9058672357976,2958180.379745854,508.46113719932055,400.42589368219285,294.7056929181766,4120835.386927438,412084.6334680694,104.6164304939982,40.08658939790951,358763.406187418,1.189790327315712,0.03482216361272273,27344.13723913831,0.4956417464817063,27981.22173783011,13.690811828812448,284.3811529661848,1.0966403435196768,,,0.0008613962839046318,3.652084377843431e-05,3.5738253653449945e-05,4193.715893487845,27344.13723913831,2890827.678640514,295.04767850262334,6723557.082057522,0.02031986005391522,0.0485,0.02031986005391522,-0.0,1.0,0.005557521601035995,0.0013216415145030625,0.006157521601035994,0.0002084070600388498,vapour,False,
0.04970711483464267,1.0002867018433368,3056.626723431992,804.5738680313551,1.442972842189283,1160.9782411044296,2958744.1593450666,508.1343791392719,400.03106556135674,294.5214397906672,4121915.703707313,411757.09800686117,104.86297588766844,39.99234103350497,358891.09654031496,1.1929229948614237,0.03482209765736753,27407.673776165502,0.4950682779602585,28042.409758664904,13.684798649638774,284.3921555750211,1.0950666720891005,,,0.0008613425855842981,3.653689124707714e-05,3.5660273443191064e-05,4193.715893487845,27407.673776165502,2891773.4033683636,295.0523006742955,6717217.024663961,0.020637357867257646,0.0485,0.020637357867257646,-0.0,1.0,0.005557521601035995,0.0013216415145030625,0.006157521601035994,0.0002084070600388498,vapour,False,
0.04970711483464267,1.0002867018433368,3056.626723431992,804.5738680313551,1.443063049685765,1161.0508196987996,2959309.5225455863,507.8067473061478,399.6351143425357,294.33786965937054,4122994.2734563956,411429.4999594722,105.110575003649,39.89813482936666,359017.5689405567,1.1960874910151187,0.03482203237712618,27471.984175811875,0.49449001091615236,28104.339590746375,13.678768829999399,284.4031255075569,1.0934918275695023,,,0.0008612887420891883,3.655299729193698e-05,3.55816935947237e-05,4193.715893487845,27471.984175811875,2892724.239692504,295.05691036508676,6710905.653915335,0.02095485568060007,0.0485,0.02095485568060007,1.4210854715202004e-14,1.0,0.005557521601035995,0.0013216415145030625,0.006157521601035994,0.0002084070600388498,vapour,False,
0.04970711483464267,1.0002867018433368,3056.626723431992,804.5738680313551,1.4431535119924688,1161.1236033068153,2959876.4714975264,507.47824081742556,399.2380383141649,294.1550109754314,4124071.095840337,411101.8391503585,105.35928869943383,39.803950323274925,359142.7569499207,1.1992843275440996,0.03482196780488543,27537.084956675397,0.49390686373466236,28167.02703050619,13.672722348280741,284.41408312899244,1.0919159126145341,,,0.0008612347532614579,3.6569162107125786e-05,3.550250436146328e-05,4193.715893487845,27537.084956675397,2893680.251331347,295.0615161253142,6704600.410836358,0.0212723534939425,0.0485,0.0212723534939425,-1.4210854715201903e-14,1.0,0.005557521601035995,0.0013216415145030625,0.006157521601035994,0.0002084070600388498,vapour,False,
0.04970711483464267,1.0002867018433368,3056.626723431992,804.5738680313551,1.4432442036642588,1161.1965714559856,2960444.846641348,507.1489524725539,398.8399490259752,293.97291535700447,4125146.0648951824,410774.11542163946,105.60902923477337,39.70982333494455,359266.6262917045,1.2025128434313546,0.0348219039568817,27602.966220136816,0.4933189811519069,28230.462358518274,13.66666090738027,284.4250182749376,1.0903393746456724,,,0.0008611806343400872,3.658538127114795e-05,3.54227283740629e-05,4193.715893487845,27602.966220136816,2894641.1879705503,295.06611367700583,6698311.962705536,0.021589851307284923,0.0485,0.021589851307284923,-0.0,1.0,0.005557521601035995,0.0013216415145030625,0.006157521601035994,0.0002084070600388498,vapour,False,
0.04970711483464267,1.0002867018433368,3056.626723431992,804.5738680313551,1.44333515431396,1161.2697479720157,2961014.8334743385,506.8187751535588,398.440716351433,293.79152716996646,4126219.329851407,410446.32859489974,105.85987022692959,39.615728646727646,359389.2097772097,1.2057743660407665,0.034821840814775545,27669.65907831259,0.4927261440585466,28294.675349464967,13.660582530272581,284.4359309581516,1.0887617169140404,,,0.0008611263677077189,3.6601660206801084e-05,3.5342338713877816e-05,4193.715893487845,27669.65907831259,2895607.3874730184,295.0707030181843,6692041.08643577,0.021907349120627348,0.0485,0.021907349120627348,-0.0,1.0,0.005557521601035995,0.0013216415145030625,0.006157521601035994,0.0002084070600388498,vapour,False,
0.04970711483464267,1.0002867018433368,3056.626723431992,804.5738680313551,1.4434263369684952,1161.3431111530724,2961586.2628664733,506.4878071852868,398.04045854627543,293.6109218341543,4127290.741445289,410118.4785104468,106.11177780812565,39.52168157121109,359510.421031865,1.2090683649966651,0.03482177842162071,27737.158514102786,0.4921284636428854,28359.66103182685,13.654489021786551,284.44683135866177,1.087183487999957,,,0.0008610719695121984,3.661799421437303e-05,3.526135234401223e-05,4193.715893487845,27737.158514102786,2896578.61333842,295.0752884244672,6685775.721453158,0.022224846933969773,0.0485,0.022224846933969773,1.4210854715202004e-14,1.0,0.005557521601035995,0.0013216415145030625,0.006157521601035994,0.0002084070600388498,vapour,False,
0.04970711483464267,1.0002867018433368,3056.626723431992,804.5738680313551,1.4435177828499355,1161.4166861196184,2962159.330390343,506.15593565026757,397.6390384118358,293.4310198137805,4128360.4062153506,409790.5649869381,106.36477165989365,39.42767730369834,359630.345082779,1.2123960519248014,0.034821716732229425,27805.491658991825,0.49152575228582396,28425.445279943375,13.648378297630117,284.4576991525981,1.0856040909033382,,,0.0008610174211816055,3.6634389016519215e-05,3.517974793892101e-05,4193.715893487845,27805.491658991825,2897555.191928292,295.07986133902233,6679538.875823815,0.0225423447473122,0.0485,0.0225423447473122,-1.4210854715202004e-14,1.0,0.005557521601035995,0.0013216415145030625,0.006157521601035994,0.0002084070600388498,vapour,False,
0.04970711483464267,1.0002867018433368,3056.626723431992,804.5738680313551,1.4436094923937681,1161.4904732220352,2962734.038677961,505.82315940517583,397.23645388462745,293.25184977803565,4129428.3664211608,409462.58784273965,106.61891349983163,39.33369564392032,359748.9141710434,1.2157579635542528,0.03482165578006371,27874.676403858462,0.49091792484284485,28492.04518431347,13.642250331083682,284.4685546852672,1.0840236260454799,,,0.0008609627225145875,3.665084482878582e-05,3.509751558833545e-05,4193.715893487845,27874.676403858462,2898537.190454578,295.0844303153833,6673308.302318394,0.022859842560654625,0.0485,0.022859842560654625,-0.0,1.0,0.005557521601035995,0.0013216415145030625,0.006157521601035994,0.0002084070600388498,vapour,False,
0.04970711483464267,1.0002867018433368,3056.626723431992,804.5738680313551,1.4437014674858417,1161.5644739776274,2963310.399448964,505.4894720476668,396.8326965326361,293.0734160533413,4130494.6214912673,409134.54689492023,106.87421051056145,39.23973682194749,359866.113494708,1.2191544980914824,0.03482159557131538,27944.725982177413,0.4903049310069911,28559.473290105307,13.636104998528308,284.4793979634304,1.0824420935384254,,,0.0008609078724451939,3.666736212825899e-05,3.5014651350256494e-05,4193.715893487845,27944.725982177413,2899524.661101782,295.08899535254085,6667083.993064949,0.02317734037399705,0.0485,0.02317734037399705,-0.0,1.0,0.005557521601035995,0.0013216415145030625,0.006157521601035994,0.0002084070600388498,vapour,False,
0.04970711483464267,1.0002867018433368,3056.626723431992,804.5738680313551,1.4437936831055804,1161.6386682554935,2963888.2558176965,505.15496477509805,396.4278760402008,292.89575640690845,4131559.0231747804,408806.44197791594,107.13054536605532,39.145846585194725,359981.9383451624,1.2225848844055922,0.03482153610699485,28015.62790594785,0.4896869391522833,28627.717333670935,13.629943973963892,284.49020867490685,1.0808598936503684,,,0.0008608528859509846,3.668393655580001e-05,3.4931181845359166e-05,4193.715893487845,28015.62790594785,2900517.3399603968,295.0935478917654,6660887.535692252,0.023494838187339474,0.0485,0.023494838187339474,-0.0,1.0,0.005557521601035995,0.0013216415145030625,0.006157521601035994,0.0002084070600388498,vapour,False,
0.04970711483464267,1.0002867018433368,3056.626723431992,804.5738680313551,1.4438861395238936,1161.7130562736,2964467.6093926146,504.81963700596134,396.02199106590405,292.7188989129371,4132621.5715836273,408478.2729259847,107.38797934892301,39.05200487907219,360096.32140977174,1.2260496435861388,0.03482147742023534,28087.400205757458,0.4890638663996662,28696.794525791673,13.623767241369825,284.50100715316904,1.0792771257104303,,,0.0008607977629240708,3.670056828934246e-05,3.4847097612286804e-05,4193.715893487845,28087.400205757458,2901515.2917926256,295.09809648850603,6654696.5067313,0.0238123360006819,0.0485,0.0238123360006819,1.4210854715202105e-14,1.0,0.005557521601035995,0.0013216415145030625,0.006157521601035994,0.0002084070600388498,vapour,False,
0.04970711483464267,1.0002867018433368,3056.626723431992,804.5738680313551,1.4439788969811398,1161.7876864997652,2965048.8375518606,504.4832707113301,395.61477699347574,292.54270746095904,4133682.4789523403,408150.0395316085,107.64660333691864,38.95818134049346,360209.389327185,1.2295511026269361,0.03482141944468513,28160.09391320184,0.4884353286333612,28766.753699618504,13.617570778723774,284.51177309377965,1.0776926961847466,,,0.0008607424675095333,3.671726830905883e-05,3.4762351374158065e-05,4193.715893487845,28160.09391320184,2902519.1578637403,295.1026325827749,6648534.397525575,0.024129833814024327,0.0485,0.024129833814024327,-1.4210854715202004e-14,1.0,0.005557521601035995,0.0013216415145030625,0.006157521601035994,0.0002084070600388498,vapour,False,
0.04970711483464267,1.0002867018433368,3056.626723431992,804.5738680313551,1.4440718983036709,1161.8625129335662,2965631.5819378756,504.1460736776553,395.2064846565741,292.36733856626427,4134741.574693912,407821.7416269398,107.90636807460231,38.86439668313617,360320.95930467284,1.2330878131147813,0.03482136227268641,28233.68844983441,0.48780158974454874,28837.57493798673,13.611358407841907,284.5225369759917,1.0761077482669714,,,0.0008606870338514646,3.6734026466596836e-05,3.467697967497034e-05,4193.715893487845,28233.68844983441,2903528.411160815,295.1071690111002,6642366.729897947,0.02444733162736675,0.0485,0.02444733162736675,-0.0,1.0,0.005557521601035995,0.0013216415145030625,0.006157521601035994,0.0002084070600388498,vapour,False,
0.04970711483464267,1.0002867018433368,3056.626723431992,804.5738680313551,1.4441651474644048,1161.9375387715086,2966215.8673518095,503.8080319144383,394.79709645543176,292.1927587577724,4135798.817264235,407493.3790413855,108.16719661922248,38.77068117287766,360431.0993636143,1.2366599389337303,0.03482130586796322,28308.189921333666,0.4871626553203037,28909.263817795458,13.605129865467747,284.53326834557134,1.0745221372915021,,,0.0008606314596370459,3.675084361150344e-05,3.4590988075747455e-05,4193.715893487845,28308.189921333666,2904543.078297996,295.11169293306244,6636226.788148371,0.024764829440709176,0.0485,0.024764829440709176,-0.0,1.0,0.005557521601035995,0.0013216415145030625,0.006157521601035994,0.0002084070600388498,vapour,False,
0.04970711483464267,1.0002867018433368,3056.626723431992,804.5738680313551,1.4442586743027883,1162.0127880216314,2966801.8806643225,503.4690376930862,394.3864812220476,292.01892707451833,4136854.3127786824,407164.95158366574,108.42919400176024,38.67699960418192,360539.8103875226,1.2402690248274033,0.03482125022869623,28383.63729763488,0.48651826651424873,28981.85763419384,13.598883160810429,284.5439773705557,1.0729354142584764,,,0.0008605757271419844,3.6767725267388974e-05,3.4504344497923556e-05,4193.715893487845,28383.63729763488,2905563.52796947,295.1162086262143,6630103.934825738,0.0250823272540516,0.0485,0.0250823272540516,1.4210854715202105e-14,1.0,0.005557521601035995,0.0013216415145030625,0.006157521601035994,0.0002084070600388498,vapour,False,
0.04970711483464267,1.0002867018433368,3056.626723431992,804.5738680313551,1.444352480153513,1162.0882617577931,2967389.6301331525,503.1290866478189,393.9746329254996,291.8458601633288,4137908.1026277444,406836.4590615866,108.69239557362829,38.58334220490172,360647.0497987104,1.2439155736444205,0.03482119537531095,28460.04849832294,0.48586834983481075,29055.373425894086,13.592618207233063,284.55467421121574,1.0713476276396954,,,0.0008605198356339854,3.6784671825324585e-05,3.4417041741022754e-05,4193.715893487845,28460.04849832294,2906589.825885583,295.12072036936814,6623987.216991574,0.02539982506739403,0.0485,0.02539982506739403,-1.4210854715202004e-14,1.0,0.005557521601035995,0.0013216415145030625,0.006157521601035994,0.0002084070600388498,vapour,False,
0.04970711483464267,1.0002867018433368,3056.626723431992,804.5738680313551,1.4444465678514746,1162.1639622608761,2967979.1334139453,502.7881689822116,393.5615389459598,291.6735498794939,4138960.144817075,406507.9012809996,108.95678088145533,38.48971913047428,360752.8299372601,1.2475999417100199,0.034821141300135805,28537.436540805054,0.485212867627637,29129.82345227961,13.586334817932592,284.5653487282607,1.069758730125745,,,0.0008604637834876569,3.680168394937908e-05,3.432907863785021e-05,4193.715893487845,28537.436540805054,2907622.0222545085,295.1252238804701,6617887.543560843,0.025717322880736453,0.0485,0.025717322880736453,-0.0,1.0,0.005557521601035995,0.0013216415145030625,0.006157521601035994,0.0002084070600388498,vapour,False,
0.04970711483464267,1.0002867018433368,3056.626723431992,804.5738680313551,1.4445409105458789,1162.2398679274336,2968570.222171996,502.44638244463295,393.1473169996815,291.5020564872014,4140010.3335392377,406179.27806639107,109.22228540420222,38.39615585746108,360857.09530691523,1.2513214509707886,0.034821088030182544,28615.79425990146,0.484551959179621,29205.200588841144,13.58003478843617,284.5760009340687,1.0681692214140768,,,0.0008604075867602544,3.6818756931739664e-05,3.4240477032781777e-05,4193.715893487845,28615.79425990146,2908659.862319217,295.1297191575912,6611804.321641063,0.026034820694078878,0.0485,0.026034820694078878,-0.0,1.0,0.005557521601035995,0.0013216415145030625,0.006157521601035994,0.0002084070600388498,vapour,False,
0.04970711483464267,1.0002867018433368,3056.626723431992,804.5738680313551,1.4446355384912641,1162.316003099476,2969163.0858593713,502.1036178895333,392.7318340753799,291.3313401419281,4141058.816021735,405850.5892212749,109.48901617370815,38.30261737701952,360959.84409556567,1.2550817094695061,0.03482103556501474,28695.16323209174,0.4838853555781377,29281.544602810376,13.573716100784438,284.5866409830685,1.0665786505823072,,,0.0008603512274918027,3.683589639620535e-05,3.415120389188835e-05,4193.715893487845,28695.16323209174,2909703.725235128,295.1342104804906,6605727.187690271,0.026352318507421302,0.0485,0.026352318507421302,-0.0,1.0,0.005557521601035995,0.0013216415145030625,0.006157521601035994,0.0002084070600388498,vapour,False,
0.04970711483464267,1.0002867018433368,3056.626723431992,804.5738680313551,1.4447304546301318,1162.3923701444635,2969757.742801487,501.7598651503931,392.3150770716834,291.16139261368994,4142105.591931863,405521.8345471362,109.75695270786183,38.20911377386894,361061.0887446743,1.2588810847492058,0.03482098389694364,28775.557504608703,0.4832130167844229,29358.868722520452,13.567378561077334,284.59725874166884,1.0649869710126796,,,0.0008602947039954493,3.685310303306646e-05,3.4061257926907965e-05,4193.715893487845,28775.557504608703,2910753.663924034,295.1386935661855,6599667.249289815,0.026669816320763727,0.0485,0.026669816320763727,1.4210854715202105e-14,1.0,0.005557521601035995,0.0013216415145030625,0.006157521601035994,0.0002084070600388498,vapour,False,
0.04970711483464267,1.0002867018433368,3056.626723431992,804.5738680313551,1.4448256327275473,1162.4689479544527,2970354.0285288086,501.4152197134499,391.8971609998706,290.99226086449784,4143150.473067222,405193.01386366715,110.02600130186931,38.11568032888781,361160.80302795634,1.2627187984571298,0.03482093303803296,28856.967391801954,0.4825351031768657,29437.16335424562,13.561023923447689,284.60784408390225,1.0633946361423439,,,0.0008602380319574622,3.687037223903683e-05,3.3970664495285804e-05,4193.715893487845,28856.967391801954,2911809.4128794842,295.143164130453,6593634.581842275,0.026987314134106155,0.0485,0.026987314134106155,-1.4210854715202004e-14,1.0,0.005557521601035995,0.0013216415145030625,0.006157521601035994,0.0002084070600388498,vapour,False,
0.04970711483464267,1.0002867018433368,3056.626723431992,804.5738680313551,1.444921101881758,1162.5457599411338,2970952.1252346863,501.06957668783116,391.4779579085389,290.82393087434195,4144193.647369729,404864.12697039085,110.29632696002267,38.02226247305474,361258.92720900814,1.266596661455246,0.03482088301741655,28939.44198861494,0.48185130068479604,29516.47552288508,13.554650247560911,284.6184274368208,1.0618012873850602,,,0.0008601811941154347,3.6887709447904965e-05,3.387938370977482e-05,4193.715893487845,28939.44198861494,2912871.376276622,295.1476350182932,6587596.841037411,0.02730481194744858,0.0485,0.02730481194744858,-0.0,1.0,0.005557521601035995,0.0013216415145030625,0.006157521601035994,0.0002084070600388498,vapour,False,
0.04970711483464267,1.0002867018433368,3056.626723431992,804.5738680313551,1.4450168372712426,1162.6227861337588,2971551.8773087403,500.7230264207883,391.0575766025671,290.65642402650326,4145234.9681308526,404535.1736840567,110.56777874155894,37.92891510726859,361355.49206287134,1.2705137233522734,0.034820833818082465,29022.966326140173,0.48116180860589586,29596.79048562211,13.548259193001561,284.6289783978674,1.0602072853116133,,,0.0008601242053112064,3.69051103080666e-05,3.378744734114979e-05,4193.715893487845,29022.966326140173,2913939.270320763,295.1520933808818,6581586.5367591055,0.027622309760791004,0.0485,0.027622309760791004,-0.0,1.0,0.005557521601035995,0.0013216415145030625,0.006157521601035994,0.0002084070600388498,vapour,False,
0.04970711483464267,1.0002867018433368,3056.626723431992,804.5738680313551,1.4451128689771768,1162.700050734856,2972153.4730917388,500.37546050888295,390.63588480317486,290.4897143282356,4146274.5819571526,404206.1538005645,110.84049432563562,37.83559356174674,361450.46460572834,1.274471749009679,0.03482078545553414,29107.588265905226,0.48046632602630995,29678.154032215294,13.541848754100624,284.63951725006933,1.0586122239643265,,,0.000860067047703296,3.692258044519914e-05,3.3694818044091e-05,4193.715893487845,29107.588265905226,2915013.4965916867,295.1565477818499,6575582.232979163,0.02793980757413343,0.0485,0.02793980757413343,-0.0,1.0,0.005557521601035995,0.0013216415145030625,0.006157521601035994,0.0002084070600388498,vapour,False,
0.04970711483464267,1.0002867018433368,3056.626723431992,804.5738680313551,1.4452092009152004,1162.7775568948466,2972756.9369971408,500.0268652993882,390.2128651195592,290.3237807840379,4147312.44793849,403877.06711311167,111.11442458689858,37.742317517093305,361543.88596914645,1.2784710430985697,0.034820737907550706,29193.321013019686,0.47976482726475445,29760.578513382232,13.53541867215936,284.6500237385753,1.0570160122857382,,,0.0008600097190304068,3.6940120738816645e-05,3.3601497348256755e-05,4193.715893487845,29193.321013019686,2916094.1047034697,295.16098965313927,6569605.856992333,0.028257305387475853,0.0485,0.028257305387475853,1.4210854715202105e-14,1.0,0.005557521601035995,0.0013216415145030625,0.006157521601035994,0.0002084070600388498,vapour,False,
0.04970711483464267,1.0002867018433368,3056.626723431992,804.5738680313551,1.445305833263753,1162.8553047572984,2973362.2700266265,499.6772406696441,389.7885165672295,290.1586653959051,4148348.606136198,403547.9134147845,111.3896632506409,37.649058010449785,361635.6550347486,1.2825123116482327,0.03482069122432162,29280.192168207148,0.47905719115832396,29844.09025075832,13.528968937957218,284.6605282675535,1.0554187879067454,,,0.0008599522192563002,3.6957731390541323e-05,3.3507471382029835e-05,4193.715893487845,29280.192168207148,2917181.187986258,295.16543184347057,6563624.3700690195,0.02857480320081828,0.0485,0.02857480320081828,-1.4210854715201903e-14,1.0,0.005557521601035995,0.0013216415145030625,0.006157521601035994,0.0002084070600388498,vapour,False,
0.04970711483464267,1.0002867018433368,3056.626723431992,804.5738680313551,1.4454027410832049,1162.9332742564375,2973969.3158381274,499.32667735700124,389.3629484670761,289.9943882159355,4149382.9103312246,403218.69251597655,111.66605739111024,37.555869630100396,361725.80546692706,1.2865945642706695,0.03482064538744323,29368.187001983257,0.47834362058076635,29928.674706786747,13.522501218629476,284.67100045710333,1.0538209145038016,,,0.000859894563288152,3.6975408019277345e-05,3.341277252658421e-05,4193.715893487845,29368.187001983257,2918274.4595733383,295.1698615003286,6557670.192682639,0.028892301014160706,0.0485,0.028892301014160706,-0.0,1.0,0.005557521601035995,0.0013216415145030625,0.006157521601035994,0.0002084070600388498,vapour,False,
0.04970711483464267,1.0002867018433368,3056.626723431992,804.5738680313551,1.4454999549541712,1163.011489996627,2974578.2658801037,498.9750652452526,388.93602632239816,289.8309244138989,4150415.506631262,402889.40420588804,111.94374687304797,37.46270792815084,361814.3013357189,1.2907196312208535,0.034820600413929204,29457.35665744286,0.47762380275554583,30014.3807795732,13.51601347575158,284.68146057500593,1.0522219839513587,,,0.0008598367329998608,3.6993156369444706e-05,3.331736234520511e-05,4193.715893487845,29457.35665744286,2919374.3334908844,295.17428718982234,6551721.94693674,0.02920979882750313,0.0485,0.02920979882750313,-0.0,1.0,0.005557521601035995,0.0013216415145030625,0.006157521601035994,0.0002084070600388498,vapour,False,
0.04970711483464267,1.0002867018433368,3056.626723431992,804.5738680313551,1.4455974790162345,1163.0899553084676,2975189.1459614765,498.62238990439755,388.5077317441143,289.6682527807333,4151446.314115473,402560.0482708619,112.22268226902166,37.369592391622,361901.1843432456,1.2948878266116393,0.03482055628135799,29547.716103338546,0.4768977078984295,30101.222478760264,13.509505435828498,284.6918883813979,1.0506219070501281,,,0.0008597787260012801,3.7010977372565564e-05,3.322124211751235e-05,4193.715893487845,29547.716103338546,2920480.8642118843,295.17870034144954,6545801.286540085,0.029527296640845555,0.0485,0.029527296640845555,1.4210854715202105e-14,1.0,0.005557521601035995,0.0013216415145030625,0.006157521601035994,0.0002084070600388498,vapour,False,
0.04970711483464267,1.0002867018433368,3056.626723431992,804.5738680313551,1.4456952844248454,1163.168646984388,2975801.7752873395,498.2687561652897,388.07819119866775,289.50645577568326,4152475.3077684157,402230.6245172553,112.50285323178846,37.27652919919796,361986.3462669123,1.299098533249446,0.03482051304347348,29639.265184837473,0.4761654458557004,30189.199393901064,13.502979026329298,284.7023041364794,1.0490212741083689,,,0.0008597205595186765,3.7028865928404094e-05,3.312442926863518e-05,4193.715893487845,29639.265184837473,2921593.8059314745,295.18310952255257,6539885.957988394,0.029844794454187983,0.0485,0.029844794454187983,-1.4210854715202004e-14,1.0,0.005557521601035995,0.0013216415145030625,0.006157521601035994,0.0002084070600388498,vapour,False,
0.04970711483464267,1.0002867018433368,3056.626723431992,804.5738680313551,1.4457934037012197,1163.2475911901088,2976416.357445144,497.91404696730433,387.64726164759435,289.3454840863374,4153502.592903929,401901.13272888813,112.78434369042976,37.18349334903032,362069.8065326836,1.3033534674360043,0.034820470689178096,29732.052034166503,0.4754267325010903,30278.357434486723,13.49643207977472,284.71270784664046,1.0474195855588238,,,0.0008596622142814054,3.704682815759007e-05,3.302689064833519e-05,4193.715893487845,29732.052034166503,2922713.5655023525,295.1875147321657,6533976.514638067,0.030162292267530408,0.0485,0.030162292267530408,-0.0,1.0,0.005557521601035995,0.0013216415145030625,0.006157521601035994,0.0002084070600388498,vapour,False,
0.04970711483464267,1.0002867018433368,3056.626723431992,804.5738680313551,1.4458918109745547,1163.3267671106585,2977032.7305300855,497.5583561458957,387.215056246924,289.1853687676483,4154528.0239256187,401571.5727075032,113.06702705097005,37.09052942196259,362151.57365473604,1.3076516627293324,0.03482042921295226,29826.06531302697,0.4746817555881607,30368.685314430433,13.489866322902227,284.72307928317775,1.0458172536511048,,,0.0008596037057444218,3.70648595050295e-05,3.292865626701414e-05,4193.715893487845,29826.06531302697,2923839.8613725,295.1919073979652,6528094.223127815,0.030479790080872832,0.0485,0.030479790080872832,-0.0,1.0,0.005557521601035995,0.0013216415145030625,0.006157521601035994,0.0002084070600388498,vapour,False,
0.04970711483464267,1.0002867018433368,3056.626723431992,804.5738680313551,1.4459905676683706,1163.406224165796,2977651.27957732,497.20146187951696,386.78130457921617,289.0260342918642,4155551.8116891417,401241.94421221974,113.35112329286208,36.99756801397248,362231.6410518485,1.3119963280056721,0.03482038861696176,29921.388975047055,0.4739299632007061,30460.263378378517,13.4832776568106,284.7334386949919,1.0442133674071619,,,0.0008595449974638359,3.708297142033879e-05,3.282965703802239e-05,4193.715893487845,29921.388975047055,2924973.4666287177,295.19629608913255,6522218.122444201,0.030797287894215257,0.0485,0.030797287894215257,-0.0,1.0,0.005557521601035995,0.0013216415145030625,0.006157521601035994,0.0002084070600388498,vapour,False,
0.04970711483464267,1.0002867018433368,3056.626723431992,804.5738680313551,1.44608961724176,1163.4859168641847,2978271.6496311068,496.84356966755786,386.34625541704537,288.867576575243,4156573.7847395553,400912.24704145076,113.63645758870071,36.90466935062962,362309.9550026659,1.3163852841695949,0.03482034892727784,30017.987570738194,0.4731717439253293,30553.057191763208,13.476669862214727,284.74377597459994,1.042608883654899,,,0.0008594861231283227,3.710115370577395e-05,3.272994887953765e-05,4193.715893487845,30017.987570738194,2926113.7698852047,295.2006765184219,6516358.307878318,0.03111478570755768,0.0485,0.03111478570755768,-0.0,1.0,0.005557521601035995,0.0013216415145030625,0.006157521601035994,0.0002084070600388498,vapour,False,
0.04970711483464267,1.0002867018433368,3056.626723431992,804.5738680313551,1.4461889624250954,1163.565847402611,2978893.857674944,496.48467016991935,385.9098965458524,288.70999887270165,4157593.903433377,400582.4809917292,113.92303732286997,36.811833603087756,362386.500928127,1.3208189796453964,0.03482031015012668,30115.884029442142,0.47240702746856555,30647.08841249938,13.470042759493342,284.75409113389486,1.041003803499735,,,0.0008594270811851916,3.7119407037339416e-05,3.2629527038273276e-05,4193.715893487845,30115.884029442142,2927260.845998252,295.2050486839672,6510514.544281786,0.031432283520900106,0.0485,0.031432283520900106,1.4210854715202105e-14,1.0,0.005557521601035995,0.0013216415145030625,0.006157521601035994,0.0002084070600388498,vapour,False,
0.04970711483464267,1.0002867018433368,3056.626723431992,804.5738680313551,1.4462886670452906,1163.6460671345421,2979518.303331157,496.12453339050626,385.47194737920495,288.55320170680324,4158612.3787476486,400252.6458153495,114.21102679988043,36.719010510570385,362461.32730604714,1.325300541224685,0.034820272259825556,30215.160625526634,0.4716352842544363,30742.43566257374,13.463392093822629,284.7643841847382,1.0393971272928522,,,0.000859367833779976,3.71377433350852e-05,3.2528326999718296e-05,4193.715893487845,30215.160625526634,2928415.4681161833,295.2094125839065,6504687.916731679,0.031749781334242534,0.0485,0.031749781334242534,-0.0,1.0,0.005557521601035995,0.0013216415145030625,0.006157521601035994,0.0002084070600388498,vapour,False,
0.04970711483464267,1.0002867018433368,3056.626723431992,804.5738680313551,1.4463886725356676,1163.7265289387592,2980144.6196668255,495.7633714686076,385.0326649284958,288.3973049661083,4159628.999208219,399922.7413052259,114.50030761101898,36.62624128255408,362534.3245433773,1.3298278801943495,0.034820235310753386,30315.787475192028,0.4708568711165927,30839.069889394104,13.456721774764782,284.7746652472454,1.0377898993814878,,,0.0008593084157941584,3.715615202341804e-05,3.242639948567032e-05,4193.715893487845,30315.787475192028,2929577.035208421,295.2137725035722,6498866.30291299,0.03206727914758496,0.0485,0.03206727914758496,-1.4210854715201903e-14,1.0,0.005557521601035995,0.0013216415145030625,0.006157521601035994,0.0002084070600388498,vapour,False,
0.04970711483464267,1.0002867018433368,3056.626723431992,804.5738680313551,1.4464889826499163,1163.807235835383,2980772.8300683936,495.4011713939094,384.59203247185917,288.2422990224485,4160643.8046721127,399592.7672516837,114.79085802446285,36.533535559026234,362605.50746982254,1.3344013603955127,0.03482019929428635,30417.786471984095,0.4700717325300597,30937.011690161828,13.450031554550915,284.7849242212525,1.0361820776015083,,,0.0008592488250704148,3.7174633975547915e-05,3.2323742513179016e-05,4193.715893487845,30417.786471984095,2930745.618696757,295.21812415452115,6493060.883636597,0.03238477696092738,0.0485,0.03238477696092738,1.4210854715202105e-14,1.0,0.005557521601035995,0.0013216415145030625,0.006157521601035994,0.0002084070600388498,vapour,False,
0.04970711483464267,1.0002867018433368,3056.626723431992,804.5738680313551,1.4465896620239937,1163.8882398288154,2981403.3391937707,495.0377003894746,384.149765833943,288.08808597669355,4161656.9663767335,399262.72340025223,115.082844819337,36.4408431167248,362674.9212200231,1.3390241909983251,0.034820164186516664,30521.24441846106,0.4692793217209952,31036.343978412897,13.443317125276225,284.79516111854093,1.0345726618198787,,,0.0008591890232923738,3.719320130147762e-05,3.22202898864487e-05,4193.715893487845,30521.24441846106,2931922.0101710674,295.22246753490157,6487272.532434484,0.03270227477426981,0.0485,0.03270227477426981,-1.4210854715201903e-14,1.0,0.005557521601035995,0.0013216415145030625,0.006157521601035994,0.0002084070600388498,vapour,False,
0.04970711483464267,1.0002867018433368,3056.626723431992,804.5738680313551,1.4466906525982521,1163.969494205781,2982035.783303783,494.6731686796534,383.70611980693445,287.9347711711006,4162668.2732610735,398932.6095367271,115.37611806960352,36.34821454954726,362742.4889964223,1.3436941126526079,0.03482013002523476,30626.128115203956,0.4684800219747269,31137.034465733956,13.436582362049805,284.80537595086133,1.0329626540746886,,,0.0008591290450290852,3.7211843497658805e-05,3.2116096383568304e-05,4193.715893487845,30626.128115203956,2933105.5930869128,295.2268026428662,6481500.1134143835,0.03301977258761223,0.0485,0.03301977258761223,1.4210854715202105e-14,1.0,0.005557521601035995,0.0013216415145030625,0.006157521601035994,0.0002084070600388498,vapour,False,
0.04970711483464267,1.0002867018433368,3056.626723431992,804.5738680313551,1.446791987793681,1164.051025855935,2982670.371560964,494.30745622651466,383.2609473219105,287.7823207231768,4163677.8697999944,398602.4254237494,115.67079562017575,36.25561552510287,362808.1946719932,1.348413066876874,0.03482009681754488,30732.499266855957,0.46767349379817175,31239.141971492507,13.42982503899903,284.81557883088107,1.0313515965677231,,,0.0008590688705116624,3.7230566932037016e-05,3.201112248577624e-05,4193.715893487845,30732.499266855957,2934296.821945998,295.23113376496053,6475733.4078495065,0.03333727040095466,0.0485,0.03333727040095466,-0.0,1.0,0.005557521601035995,0.0013216415145030625,0.006157521601035994,0.0002084070600388498,vapour,False,
0.04970711483464267,1.0002867018433368,3056.626723431992,804.5738680313551,1.4468936409652602,1164.1328133413901,2983306.9369715387,493.94065979582956,382.8143651758114,287.6307753877481,4164685.650498924,398272.17084244656,115.96677612840519,36.163080784830285,362872.02341674606,1.3531800272510714,0.034820064569914114,30840.352084739967,0.4668599095863502,31342.66046924892,13.42304693579757,284.82575966569345,1.0297399487053964,,,0.0008590085156432602,3.7249366883055676e-05,3.190539619255121e-05,4193.715893487845,30840.352084739967,2935495.4217533334,295.23545661155276,6469982.802041247,0.03365476821429709,0.0485,0.03365476821429709,-1.4210854715201903e-14,1.0,0.005557521601035995,0.0013216415145030625,0.006157521601035994,0.0002084070600388498,vapour,False,
0.04970711483464267,1.0002867018433368,3056.626723431992,804.5738680313551,1.4469956779245996,1164.214909612448,2983945.891512327,493.5725425628916,382.36608397813666,287.4800393953206,4165691.7868018234,397941.8455283399,116.26422975300771,36.070560157642596,362934.0157838789,1.3579983084840577,0.034820033260862936,30949.78006146,0.4660386978300318,31447.679209643455,13.416243667350187,284.8359184669693,1.028126709712578,,,0.0008589479414353892,3.726825573515794e-05,3.179884891770803e-05,4193.715893487845,30949.78006146,2936702.210740045,295.2397711808058,6464249.168194575,0.03397226602763951,0.0485,0.03397226602763951,1.4210854715202105e-14,1.0,0.005557521601035995,0.0013216415145030625,0.006157521601035994,0.0002084070600388498,vapour,False,
0.04970711483464267,1.0002867018433368,3056.626723431992,804.5738680313551,1.4470980402764382,1164.2972676858076,2984586.8693669913,493.20331585220265,381.9163600055448,287.33021582582586,4166696.0678641507,397611.44925744686,116.56300374921572,35.978104189135244,362994.0991957889,1.3628655254156568,0.034820002926076954,31060.749855665843,0.4652102504273251,31554.165731675363,13.409419130304206,284.8460552463487,1.0265128822902925,,,0.0008588871826416206,3.7287222894692006e-05,3.169153665806347e-05,4193.715893487845,31060.749855665843,2937916.5641781925,295.2440774708868,6458531.375091836,0.03428976384098194,0.0485,0.03428976384098194,-1.4210854715201903e-14,1.0,0.005557521601035995,0.0013216415145030625,0.006157521601035994,0.0002084070600388498,vapour,False,
0.04970711483464267,1.0002867018433368,3056.626723431992,804.5738680313551,1.4472007308898351,1164.379889869839,2985229.8883667313,492.8329699170313,381.46518038761815,287.1813207975719,4167698.5325849555,397280.981803811,116.8631361741674,35.88570383082759,363052.22813544783,1.3677821967534836,0.034819973587568234,31173.295195795316,0.4643744585105235,31662.151945696216,13.402573136186312,284.85618010911406,1.0248985084924087,,,0.0008588262376394921,3.7306269096194944e-05,3.158345022521213e-05,4193.715893487845,31173.295195795316,2939138.587199428,295.24837976954524,6452818.680002459,0.03460726165432436,0.0485,0.03460726165432436,1.4210854715202105e-14,1.0,0.005557521601035995,0.0013216415145030625,0.006157521601035994,0.0002084070600388498,vapour,False,
0.04970711483464267,1.0002867018433368,3056.626723431992,804.5738680313551,1.4473038181789677,1164.4628312088012,2985875.3767505535,492.4612586992216,381.01224425910505,287.03323408471505,4168699.3141401126,396950.44289406936,117.16473978370583,35.79332742282135,363108.5006771149,1.3727515305272835,0.03481994519491304,31287.508733543687,0.463530770578742,31771.726167469555,13.395701127329913,284.86627287769034,1.023282504979543,,,0.0008587650659162078,3.732540725172644e-05,3.147452532887182e-05,4193.715893487845,31287.508733543687,2940369.1016010176,295.2526694960953,6447133.6028871555,0.03492475946766679,0.0485,0.03492475946766679,-0.0,1.0,0.005557521601035995,0.0013216415145030625,0.006157521601035994,0.0002084070600388498,vapour,False,
0.04970711483464267,1.0002867018433368,3056.626723431992,804.5738680313551,1.4474072418938226,1164.5460432271082,2986522.957107114,492.0884001287145,380.55781605270937,286.8860831568346,4169698.2789452397,396619.83229663887,117.46771982077337,35.701007050161664,363162.7862628619,1.3777712167570877,0.03481991781308476,31403.363687190926,0.4626795443191365,31882.862255008396,13.388807123397987,284.87635374917113,1.021665956559506,,,0.0008587037033150448,3.734462640261737e-05,3.136481260690177e-05,4193.715893487845,31403.363687190926,2941607.495338562,295.25695522816795,6441453.584562013,0.035242257281009215,0.0485,0.035242257281009215,-1.4210854715201802e-14,1.0,0.005557521601035995,0.0013216415145030625,0.006157521601035994,0.0002084070600388498,vapour,False,
0.04970711483464267,1.0002867018433368,3056.626723431992,804.5738680313551,1.4475110386349164,1164.629555372579,2987172.8584598135,491.7142629164414,380.10173466459605,286.73980993869566,4170695.493702782,396289.14975458325,117.77213762135368,35.608726972171965,363215.12526499503,1.3828430851999245,0.0348198914208303,31520.925130466712,0.4618204487844311,31995.622061453865,13.381888687798062,284.8864126414138,1.020048322089892,,,0.0008586421282088174,3.736393357209079e-05,3.125427591560195e-05,4193.715893487845,31520.925130466712,2942854.2393213753,295.26123267436634,6435789.868677339,0.035559755094351636,0.0485,0.035559755094351636,1.4210854715202206e-14,1.0,0.005557521601035995,0.0013216415145030625,0.006157521601035994,0.0002084070600388498,vapour,False,
0.04970711483464267,1.0002867018433368,3056.626723431992,804.5738680313551,1.4476151803257236,1164.713345055575,2987824.904863698,491.3389489357428,379.6441231697664,286.59447915259557,4171690.891445584,395958.3950304436,118.07794949286586,35.516503390340674,363265.4456178994,1.3879661428023622,0.03481986605362624,31640.197132273264,0.4609536150317071,32110.008978780657,13.37494769508745,284.8964596523804,1.0184301438777628,,,0.0008585803573430203,3.738332376310133e-05,3.114293741433808e-05,4193.715893487845,31640.197132273264,2944109.079791135,295.26550612363485,6430131.188739461,0.035877252907694064,0.0485,0.035877252907694064,-1.4210854715201903e-14,1.0,0.005557521601035995,0.0013216415145030625,0.006157521601035994,0.0002084070600388498,vapour,False,
0.04970711483464267,1.0002867018433368,3056.626723431992,804.5738680313551,1.4477197040915248,1164.797442146127,2988479.3286127285,490.96232507403647,379.1848181372115,286.45003320389327,4172684.5772931827,395627.5678610458,118.38521757950788,35.42432052947263,363313.78666885005,1.3931422283828971,0.03481984169080061,31761.24796143015,0.4600787020093651,32226.087878045124,13.36798167408481,284.9064847034919,1.016810881097754,,,0.0008585183687882337,3.7402804117341126e-05,3.103076004088217e-05,4193.715893487845,31761.24796143015,2945372.498917017,295.2697712839917,6424488.973209646,0.036194750721036485,0.0485,0.036194750721036485,1.4210854715202105e-14,1.0,0.005557521601035995,0.0013216415145030625,0.006157521601035994,0.0002084070600388498,vapour,False,
0.04970711483464267,1.0002867018433368,3056.626723431992,804.5738680313551,1.44782461481594,1164.8818505734675,2989136.160121276,490.5843744592321,378.7237977958951,286.30647588937353,4173676.512759818,395296.66797984886,118.69395155755228,35.33217858581781,363360.1315147381,1.3983717622357237,0.034819818340073944,31884.116070046857,0.4591955979210436,32343.895045397796,13.360990302765773,284.9164878061996,1.0151905346514907,,,0.0008584561597450447,3.7422375787257196e-05,3.091773574569182e-05,4193.715893487845,31884.116070046857,2946644.618550418,295.2740281536285,6418862.995208439,0.03651224853437891,0.0485,0.03651224853437891,-0.0,1.0,0.005557521601035995,0.0013216415145030625,0.006157521601035994,0.0002084070600388498,vapour,False,
0.04970711483464267,1.0002867018433368,3056.626723431992,804.5738680313551,1.4479299175631388,1164.9665744120957,2989795.4309307253,490.20507958393955,378.26103957432184,286.1638109873249,4174666.6977284467,394965.69511682005,119.00416118642802,35.240077755920716,363404.4632070167,1.4036551511872644,0.03481979600921449,32008.841194512697,0.45830418772189147,32463.467976199772,13.353973247141353,284.9264689719259,1.0135691054436673,,,0.0008583937273090031,3.7442039964175725e-05,3.080385622180411e-05,4193.715893487845,32008.841194512697,2947925.56429592,295.27827673074165,6413253.228161923,0.03682974634772134,0.0485,0.03682974634772134,-1.4210854715201903e-14,1.0,0.005557521601035995,0.0013216415145030625,0.006157521601035994,0.0002084070600388498,vapour,False,
0.04970711483464267,1.0002867018433368,3056.626723431992,804.5738680313551,1.4480356175877998,1165.0516178897883,2990457.1737716557,489.8244222703047,377.7965200565097,286.02204225717776,4175655.132084446,394634.64899830346,119.31585630971732,35.14801823658622,363446.76475226256,1.4089927868683487,0.03481977470603868,32135.464416909155,0.4574043529571365,32584.845432848928,13.346930160598056,284.936428212061,1.0119465943820356,,,0.0008583310684648121,3.746179788038958e-05,3.068911289024853e-05,4193.715893487845,32135.464416909155,2949215.46570085,295.28251701353116,6407659.645590298,0.03714724416106376,0.0485,0.03714724416106376,1.4210854715202105e-14,1.0,0.005557521601035995,0.0013216415145030625,0.006157521601035994,0.0002084070600388498,vapour,False,
0.04970711483464267,1.0002867018433368,3056.626723431992,804.5738680313551,1.4481416871424397,1165.1369586816452,2991121.2147660768,489.44250317471324,377.3303608604461,285.8812329993456,4176641.748522421,394303.52936989156,119.6289919495647,35.05601631463973,363486.9663565874,1.4143835328715135,0.03481975446497096,32263.993588466856,0.4564962204384253,32708.03434352274,13.339862895410201,284.94637561550024,1.0103235429959547,,,0.0008582681997586808,3.7481644595615236e-05,3.0573527883005686e-05,4193.715893487845,32263.993588466856,2950514.0749814315,295.2867532924225,6402071.017797732,0.03746474197440619,0.0485,0.03746474197440619,-0.0,1.0,0.005557521601035995,0.0013216415145030625,0.006157521601035994,0.0002084070600388498,vapour,False,
0.04970711483464267,1.0002867018433368,3056.626723431992,804.5738680313551,1.448248164859157,1165.2226278700437,2991787.7956010643,489.05918393967113,376.86239187417584,285.7413268375648,4177626.6520271376,393972.3359504219,119.9436323358364,34.96405613051339,363525.10471795377,1.4198292251099278,0.03481973526684061,32394.50620048793,0.4555794205162269,32833.10828729901,13.332768881014912,284.9563011124929,1.0086994112614862,,,0.0008582050983921754,3.7501587589354443e-05,3.0457061550484846e-05,4193.715893487845,32394.50620048793,2951821.9063235587,295.2909812739839,6396498.7337483885,0.03778223978774862,0.0485,0.03778223978774862,-1.4210854715201903e-14,1.0,0.005557521601035995,0.0013216415145030625,0.006157521601035994,0.0002084070600388498,vapour,False,
0.04970711483464267,1.0002867018433368,3056.626723431992,804.5738680313551,1.448355024045383,1165.3086039788402,2992456.7490043594,488.6745614150909,376.39273007396713,285.6023732162011,4178609.699898002,393641.0684772492,120.25970107411953,34.87216296091687,363561.14275023964,1.4253285580056578,0.03481971712965874,32527.008464871968,0.45465409810929097,32960.072551453915,13.325649899283178,284.9662047143518,1.0070747020903201,,,0.0008581417802851459,3.752162211817499e-05,3.0339739041499427e-05,4193.715893487845,32527.008464871968,2953138.7060413016,295.29520095642584,6390942.026935898,0.03809973760109104,0.0485,0.03809973760109104,1.4210854715202206e-14,1.0,0.005557521601035995,0.0013216415145030625,0.006157521601035994,0.0002084070600388498,vapour,False,
0.04970711483464267,1.0002867018433368,3056.626723431992,804.5738680313551,1.4484176682203214,1165.35900584498,2992848.9016960096,488.4491174881905,376.11739338107236,285.46432948406994,4179590.994012223,393309.7575924444,120.57729397614513,34.780311907791905,363964.62172276404,1.436789688430007,0.03481951431117221,32583.76631874246,0.45424212775211886,33014.31604227304,13.321476748821476,284.97608643235975,1.005448914564366,,,0.0008581046655875103,3.753337632362974e-05,3.0289889959239323e-05,4193.715893487845,32583.76631874246,2953818.250097955,295.29941233796274,6385401.40108226,0.03841723541443347,0.0485,0.03841723541443347,-1.4210854715201802e-14,1.0,0.005557521601035995,0.0013216415145030625,0.006157521601035994,0.0002084070600388498,vapour,False,
0.04970711483464267,1.0002867018433368,3056.626723431992,804.5738680313551,1.4484776093473983,1165.4072329094465,2993224.128164125,488.2334239571619,375.8539320570945,285.32721261209235,4180570.5712918937,392978.40516975475,120.89645235524318,34.688494259244216,364390.0249418163,1.4488192988946569,0.03481930095589637,32636.33676574382,0.4538593232442637,33064.53770240293,13.317483811129057,284.9859563482315,1.0038220874275654,,,0.000858069155365969,3.7544629833314584e-05,3.0243882706012432e-05,4193.715893487845,32636.33676574382,2954460.502105099,295.3036197101946,6379866.197015486,0.03873473322777589,0.0485,0.03873473322777589,1.4210854715202206e-14,1.0,0.005557521601035995,0.0013216415145030625,0.006157521601035994,0.0002084070600388498,vapour,False,
0.04970711483464267,1.0002867018433368,3056.626723431992,804.5738680313551,1.448537986013528,1165.4558103972531,2993602.076154042,488.0161854368589,375.5885510708976,285.19104449110483,4181548.2897447017,392647.01090790547,121.21703675866779,34.59675311018497,364811.11507924553,1.4610029338362058,0.03481909025135723,32690.181983815804,0.45346894494257384,33115.98062178436,13.313462001742511,284.9957943305083,1.0021946479531962,,,0.0008580333900940814,3.755597153727245e-05,3.0196901351674905e-05,4193.715893487845,32690.181983815804,2955110.9409766127,295.3078144848694,6374357.310880363,0.03905223104111832,0.0485,0.03905223104111832,-0.0,1.0,0.005557521601035995,0.0013216415145030625,0.006157521601035994,0.0002084070600388498,vapour,False,
0.04970711483464267,1.0002867018433368,3056.626723431992,804.5738680313551,1.4485987971838363,1165.5047374757678,2993982.7390811723,487.7974061308082,375.3212548266322,285.05585450627916,4182524.149607536,392315.57450635073,121.5391184956363,34.50507083971006,365227.8442385233,1.4733442514431836,0.03481888220488985,32745.32223234861,0.45307091709273817,33168.66405572336,13.309411392395344,285.0056205295566,1.0005666727107236,,,0.0008579973704489478,3.756740138678764e-05,3.014893811580713e-05,4193.715893487845,32745.32223234861,2955769.619921902,295.3120052472642,6368853.077077616,0.039369728854460745,0.0485,0.039369728854460745,-1.4210854715201802e-14,1.0,0.005557521601035995,0.0013216415145030625,0.006157521601035994,0.0002084070600388498,vapour,False,
0.04970711483464267,1.0002867018433368,3056.626723431992,804.5738680313551,1.3918666762958163,1119.8595555312709,2636560.655089715,702.2594797298048,624.0326857991067,285.01426737628054,4183383.1186677217,392023.7050294172,121.76156068937003,34.44203465974433,63213.918360325886,2.3278858671941247,0.035669015620176825,7086.485997226468,0.800021177069628,7777.042519859135,16.85203063176462,285.01426737628054,0.9991323004420946,,,0.0008929691183691258,2.9670014903577452e-05,0.00012858358398407124,4193.715893487845,29684.703054630972,2402449.2749552215,295.31569386596993,6364012.01085157,0.039687226667803166,0.0485,0.039687226667803166,1.4210854715202206e-14,1.0,0.005557521601035995,0.0013216415145030625,0.006157521601035994,0.0002084070600388498,two-phase,False,
0.04970711483464267,1.0002867018433368,3056.626723431992,804.5738680313551,1.3920135803393516,1119.9777506858077,2637492.127243494,701.6762562209683,623.3787131537756,285.0224097018224,4184191.9266725797,391731.73243773455,121.94214906294775,34.39102825162617,63223.41838935393,2.328087509335657,0.035668864613147305,7103.573043509055,0.7995700649582849,7795.014014325938,16.842751534234363,285.0224097018224,0.9976951935002741,,,0.0008928748802265576,2.96863608647142e-05,0.00012828713305225193,4193.715893487845,29687.322470716514,2403538.716302664,295.3191679794899,6359454.3338750005,0.040004724481145594,0.0485,0.040004724481145594,-1.4210854715201903e-14,1.0,0.005557521601035995,0.0013216415145030625,0.006157521601035994,0.0002084070600388498,two-phase,False,
0.04970711483464267,1.0002867018433368,3056.626723431992,804.5738680313551,1.3921593805487322,1120.0950577242288,2638416.5688024447,701.0975648951353,622.7297363779965,285.03054078928704,4184999.780596258,391439.6575095956,122.12317614566403,34.34004933253402,63232.90781204736,2.3282890368083753,0.03566871381880468,7120.599902289356,0.799121030436654,7812.91931774639,16.833543934584295,285.03054078928704,0.9962576844280553,,,0.0008927813698524535,2.970259868884511e-05,0.00012799313026676007,4193.715893487845,29689.939436317385,2404620.859112159,295.3226379913759,6354904.894728277,0.040322222294488015,0.0485,0.040322222294488015,1.4210854715202105e-14,1.0,0.005557521601035995,0.0013216415145030625,0.006157521601035994,0.0002084070600388498,two-phase,False,
0.04970711483464267,1.0002867018433368,3056.626723431992,804.5738680313551,1.3923041919827013,1120.2115692197924,2639334.7112379754,700.5229446822104,622.0852400898177,285.03866064339473,4185806.764477006,391147.4809423186,122.30474922829373,34.289068249180296,63242.386625018305,2.328490449195606,0.0356685632370357,7137.578866653046,0.7986737438082641,7830.771389440922,16.824400490513316,285.03866064339473,0.9948187685359929,,,0.0008926885130248051,2.9718740960899756e-05,0.00012770134004274578,4193.715893487845,29692.553949214667,2405696.5425344855,295.32610390088837,6350364.1171285305,0.04063972010783044,0.0485,0.04063972010783044,-0.0,1.0,0.005557521601035995,0.0013216415145030625,0.006157521601035994,0.0002084070600388498,two-phase,False,
0.04970711483464267,1.0002867018433368,3056.626723431992,804.5738680313551,1.3924479710069595,1120.3272500654816,2640246.271953438,699.9525714829797,621.4454228436695,285.04676926885753,4186612.8165993397,390855.20346450555,122.48681795388362,34.238099768962755,63251.85482489641,2.3286917460801315,0.03566841286772706,7154.503727323889,0.7982283639619479,7848.563732037268,16.815323940012668,285.04676926885753,0.9933789485513368,,,0.000892596337312648,2.9734782498613188e-05,0.0001274118468221227,4193.715893487845,29695.166007193744,2406765.42086773,295.329565707289,6345831.672015927,0.04095721792117287,0.0485,0.04095721792117287,-1.4210854715201802e-14,1.0,0.005557521601035995,0.0013216415145030625,0.006157521601035994,0.0002084070600388498,two-phase,False,
0.04970711483464267,1.0002867018433368,3056.626723431992,804.5738680313551,1.3925907554083086,1120.4421306635695,2641151.497016428,699.3862870586872,620.8101091122012,285.05486667037906,4187417.937343597,390562.8257775184,122.66938448244932,34.18714385159284,63261.31240829756,2.3288929270453096,0.035668262710765945,7171.378024365685,0.7977847933763154,7866.3000994662725,16.806311824018575,285.05486667037906,0.9919382247525446,,,0.0008925048180826269,2.9750727300289047e-05,0.00012712456775808108,4193.715893487845,29697.775608035103,2407827.767212856,295.3330234098403,6341307.55119269,0.04127471573451529,0.0485,0.04127471573451529,1.4210854715202206e-14,1.0,0.005557521601035995,0.0013216415145030625,0.006157521601035994,0.0002084070600388498,two-phase,False,
0.04970711483464267,1.0002867018433368,3056.626723431992,804.5738680313551,1.392732502851496,1120.5561769522185,2642050.1209066925,698.8242542217831,620.1794835832404,285.0629528526546,4188222.127089235,390270.3486121125,122.85245098649838,34.13620045682881,63270.759371839304,2.329093991674516,0.03566811276603977,7188.195849138319,0.7973431836246985,7883.9743152830215,16.79736681444308,285.0629528526546,0.9904965974191939,,,0.0008924139820636952,2.9766570291843544e-05,0.00012683958115661386,4193.715893487845,29700.382749518936,2408883.2551752315,295.3364770078058,6336791.746471319,0.04159221354785772,0.0485,0.04159221354785772,-1.42108547152016e-14,1.0,0.005557521601035995,0.0013216415145030625,0.006157521601035994,0.0002084070600388498,two-phase,False,
0.04970711483464267,1.0002867018433368,3056.626723431992,804.5738680313551,1.3928732029526918,1120.66938057687,2642942.069621781,698.2665188716483,619.5535987898786,285.0710278203715,4189025.324437642,389977.7727072354,123.03596625552684,34.08528433692421,63280.19571214231,2.329294939551127,0.03566796303343608,7204.954731383643,0.7969035937513705,7901.583816343971,16.78848953180871,285.0710278203715,0.9890545696756091,,,0.0008923238354966432,2.9782310019770578e-05,0.00012655690596251825,4193.715893487845,29702.987429425426,2409931.7822721153,295.3399265004506,6332283.931605003,0.04190971136120014,0.0485,0.04190971136120014,1.4210854715202004e-14,1.0,0.005557521601035995,0.0013216415145030625,0.006157521601035994,0.0002084070600388498,two-phase,False,
0.04970711483464267,1.0002867018433368,3056.626723431992,804.5738680313551,1.3930129619530045,1120.7818270163436,2643828.0262442473,697.7126488859794,618.931972045165,285.0791016320498,4189827.6533704647,389685.09872621676,123.2200735245612,34.03435636363194,63289.633179285745,2.3294960207541062,0.035667813326424054,7221.666642900134,0.7964657064914352,7919.1412162271645,16.7796732159742,285.0791016320498,0.987611171591999,,,0.000892234309921067,2.9797958134488666e-05,0.00012627631869360954,4193.715893487845,29705.59289067819,2410974.137898856,295.34337618315186,6327773.97877141,0.04222720917454257,0.0485,0.04222720917454257,-0.0,1.0,0.005557521601035995,0.0013216415145030625,0.006157521601035994,0.0002084070600388498,two-phase,False,
0.04970711483464267,1.0002867018433368,3056.626723431992,804.5738680313551,1.3931517635742436,1120.8935031736332,2644707.882836854,697.1627107057334,618.3146790944849,285.0871541832421,4190629.0524379723,389392.327344335,123.40465302160068,33.983450305992754,63299.04826436384,2.3296967340420838,0.03566766401776102,7238.328156561782,0.7960296049322655,7936.642939508939,16.77091887262506,285.0871541832421,0.9861668351930741,,,0.0008921454153928608,2.9813512533063595e-05,0.00012599785672881393,4193.715893487845,29708.192641736172,2412010.1761064413,295.3468174631893,6323283.079695438,0.042544706987885,0.0485,0.042544706987885,-1.4210854715202004e-14,1.0,0.005557521601035995,0.0013216415145030625,0.006157521601035994,0.0002084070600388498,two-phase,False,
0.04970711483464267,1.0002867018433368,3056.626723431992,804.5738680313551,1.3932895222030461,1121.0043401664634,2645581.1019295864,696.6170364608147,617.7020946509824,285.09519553388975,4191429.460270623,389099.4592963669,123.58968746080909,33.932571395309125,63308.45271606002,2.329897329328106,0.03566751492088469,7254.9284440606825,0.795595569779049,7954.077648275786,16.76223184897504,285.09519553388975,0.9847220994285676,,,0.0008920572063543528,2.982896338058786e-05,0.00012572167939758184,4193.715893487845,29710.78992455087,2413039.2530954177,295.3502546357062,6318800.146715235,0.04286220480122742,0.0485,0.04286220480122742,1.4210854715202004e-14,1.0,0.005557521601035995,0.0013216415145030625,0.006157521601035994,0.0002084070600388498,two-phase,False,
0.04970711483464267,1.0002867018433368,3056.626723431992,804.5738680313551,1.393426392995811,1121.1144628296188,2646448.659352652,696.0750160949997,617.0935348745298,285.1032357381867,4192229.000784631,388806.4952090641,123.77532119221374,33.88168055710654,63317.85828865316,2.3300980571887644,0.03566736584936018,7271.485073388661,0.7951631366644816,7971.463823603464,16.75360235372984,285.1032357381867,0.9832759933311642,,,0.0008919695830843767,2.9844327771614172e-05,0.00012544747390548334,4193.715893487845,29713.3879849583,2414062.5046797553,295.3536919967905,6314315.068347837,0.04317970261456985,0.0485,0.04317970261456985,-1.4210854715201802e-14,1.0,0.005557521601035995,0.0013216415145030625,0.006157521601035994,0.0002084070600388498,two-phase,False,
0.04970711483464267,1.0002867018433368,3056.626723431992,804.5738680313551,1.3935622862571377,1121.2237989965238,2647309.9942634506,695.5369957320022,616.4893902547553,285.11126474837977,4193027.6520213913,388513.4357712639,123.96146831480988,33.830802026623104,63327.25322388802,2.3302986665467507,0.0356672169894632,7287.986348086273,0.7947326068632297,7988.789212378225,16.745035970921634,285.11126474837977,0.9818289849665595,,,0.0008918826026480912,2.985959545672331e-05,0.00012517541437325077,4193.715893487845,29715.983574613332,2415079.254744885,295.3571252493636,6309838.471536885,0.04349720042791227,0.0485,0.04349720042791227,1.4210854715202206e-14,1.0,0.005557521601035995,0.0013216415145030625,0.006157521601035994,0.0002084070600388498,two-phase,False,
0.04970711483464267,1.0002867018433368,3056.626723431992,804.5738680313551,1.3936972124916225,1121.332357118902,2648165.172315858,695.0029323198482,615.8896140971648,285.11927252243214,4193825.2734998767,388220.2816645357,124.14804210062559,33.77995997785222,63336.62575792706,2.3304989056614045,0.035667068527342846,7304.432289255257,0.7943039742445893,8006.05386718913,16.7365320517967,285.11927252243214,0.9803815435286923,,,0.0008917962579527735,2.9874767272729237e-05,0.0001249054798517229,4193.715893487845,29718.573441288423,2416089.563326468,295.36055009540615,6305380.351793494,0.043814698241254696,0.0485,0.043814698241254696,-0.0,1.0,0.005557521601035995,0.0013216415145030625,0.006157521601035994,0.0002084070600388498,two-phase,False,
0.04970711483464267,1.0002867018433368,3056.626723431992,804.5738680313551,1.3938312279361464,1121.4401824434788,2649014.552754786,694.4725985611385,615.2939527771697,285.1272791597685,4194622.0683199875,387927.0335306802,124.33522259602056,33.729105927720184,63345.99940690102,2.330699276599428,0.03566692009033626,7320.829261751942,0.7938770705947533,8023.264503747211,16.72808701466273,285.1272791597685,0.9789327317732366,,,0.0008917105126562563,2.988984930325465e-05,0.00012463754616751782,4193.715893487845,29721.16408178921,2417093.8454735735,295.3639751285337,6300920.282147771,0.044132196054597124,0.0485,0.044132196054597124,-1.4210854715201802e-14,1.0,0.005557521601035995,0.0013216415145030625,0.006157521601035994,0.0002084070600388498,two-phase,False,
0.04970711483464267,1.0002867018433368,3056.626723431992,804.5738680313551,1.3939642976994875,1121.547246897688,2649857.906976754,693.9461370309054,614.7025669852587,285.13527461690705,4195417.873556873,387633.69203680457,124.5228686915229,33.678278837896215,63355.36240836755,2.3308995277860847,0.035666771864624636,7337.171714431972,0.7934520338326082,8040.415321357355,16.71970297053979,285.13527461690705,0.9774835219798318,,,0.0008916253887351604,2.9904837477137173e-05,0.00012437168479888716,4193.715893487845,29723.75224485684,2418091.8155670017,295.3673960509639,6296468.149315116,0.044449693867939545,0.0485,0.044449693867939545,1.4210854715202206e-14,1.0,0.005557521601035995,0.0013216415145030625,0.006157521601035994,0.0002084070600388498,two-phase,False,
0.04970711483464267,1.0002867018433368,3056.626723431992,804.5738680313551,1.3940964501785318,1121.6535733289227,2650695.4264985654,693.4234229408748,614.1153191255653,285.1432588984678,4196212.751550763,387340.25782881514,124.71103699779994,33.627463891281955,63364.714758938826,2.3310996588054604,0.03566662385009765,7353.46243140691,0.7930287886428053,8057.509275008719,16.711378150405864,285.1432588984678,0.9760334112030311,,,0.0008915408676781811,2.9919734656226223e-05,0.00012410783107648585,4193.715893487845,29726.337928261397,2419083.6858624932,295.3708128619701,6292024.26310842,0.04476719168128197,0.0485,0.04476719168128197,-0.0,1.0,0.005557521601035995,0.0013216415145030625,0.006157521601035994,0.0002084070600388498,two-phase,False,
0.04970711483464267,1.0002867018433368,3056.626723431992,804.5738680313551,1.3942277161803653,1121.759186523759,2651527.292172108,692.9043452012625,613.5320846966708,285.1512320090624,4197006.76434399,387046.7315325976,124.89978476140051,33.576646280850014,63374.05645522004,2.3312996692420227,0.03566647604664532,7369.70391830011,0.7926072639780251,8074.54901974607,16.70311060385326,285.1512320090624,0.9745818962384221,,,0.0008914569294492868,2.9934544041434676e-05,0.00012384592595258628,4193.715893487845,29728.92112977004,2420069.6567465994,295.3742255608267,6287588.931086617,0.0450846894946244,0.0485,0.0450846894946244,-1.4210854715201802e-14,1.0,0.005557521601035995,0.0013216415145030625,0.006157521601035994,0.0002084070600388498,two-phase,False,
0.04970711483464267,1.0002867018433368,3056.626723431992,804.5738680313551,1.394358060289667,1121.8640579879548,2652353.298320408,692.3890250807667,612.9530025199679,285.1591939532941,4197799.788696437,386753.11379680637,125.08900460407969,33.525855503938274,63383.38749383322,2.3314995586796767,0.035666328454157674,7385.891402060706,0.7921875812230821,8091.529580495157,16.694902468778334,285.1591939532941,0.973129984304227,,,0.0008913735963637911,2.9949261514708808e-05,0.00012358602783959737,4193.715893487845,29731.50184715415,2421049.4723413293,295.377634146809,6283161.512275644,0.04540218730796682,0.0485,0.04540218730796682,1.4210854715202206e-14,1.0,0.005557521601035995,0.0013216415145030625,0.006157521601035994,0.0002084070600388498,two-phase,False,
0.04970711483464267,1.0002867018433368,3056.626723431992,804.5738680313551,1.394487515141698,1121.9682139789888,2653173.6428722655,691.8773394338891,612.3779350116272,285.1671447357583,4198591.886914184,386459.4052481848,125.27875364315311,33.47507675110915,63392.70787138484,2.331699326703032,0.03566618107252518,7402.027761517351,0.7917696603836133,8108.454004940962,16.68675169426361,285.1671447357583,0.9716771722632238,,,0.0008912908472278048,2.9963890465984736e-05,0.000123328072082624,4193.715893487845,29734.080078179883,2422023.353490012,295.3810386191936,6278742.315798614,0.04571968512130925,0.0485,0.04571968512130925,-1.4210854715201802e-14,1.0,0.005557521601035995,0.0013216415145030625,0.006157521601035994,0.0002084070600388498,two-phase,False,
0.04970711483464267,1.0002867018433368,3056.626723431992,804.5738680313551,1.394616086286208,1122.0716589620445,2653988.361488357,691.369263900941,611.8068561361015,285.1750843610421,4199383.059364916,386165.6065095288,125.46903423444783,33.42430998274513,63402.01758448401,2.33189897289669,0.03566603390163851,7418.11280776431,0.7913535020582271,8125.322123642254,16.678657899171846,285.1750843610421,0.9702234604098493,,,0.0008912086781739367,2.9978431299608753e-05,0.00012307204376430807,4193.715893487845,29736.65582061315,2422991.329627317,295.38443897725784,6274331.33357736,0.04603718293465167,0.0485,0.04603718293465167,1.4210854715202206e-14,1.0,0.005557521601035995,0.0013216415145030625,0.006157521601035994,0.0002084070600388498,two-phase,False,
0.04970711483464267,1.0002867018433368,3056.626723431992,804.5738680313551,1.394743782796855,1122.17440023755,2654797.5063632596,690.8647653965272,611.2397295498074,285.18301283372443,4200173.306415454,385871.7181978562,125.65984874771559,33.37355515927345,63411.31662975297,2.3320984968448717,0.03566588694138838,7434.146655024602,0.7909390982860831,8142.134083607762,16.670620478424773,285.18301283372443,0.968768849039673,,,0.0008911270830882552,2.9992884826758748e-05,0.0001228179233762879,4193.715893487845,29739.229072223105,2423953.4499231726,295.3878352202804,6269928.557544114,0.0463546807479941,0.0485,0.0463546807479941,-0.0,1.0,0.005557521601035995,0.0013216415145030625,0.006157521601035994,0.0002084070600388498,two-phase,False,
0.04970711483464267,1.0002867018433368,3056.626723431992,804.5738680313551,1.3948706144002638,1122.2764456312932,2655601.149412523,690.3637944094398,610.6765017759742,285.1909401923033,4200962.66736221,385577.74092222366,125.85123477338561,33.32280291917097,63420.61677682839,2.332298150941659,0.035665740005687036,7450.130131880497,0.7905264258070172,8158.890786096701,16.662638807591183,285.1909401923033,0.9673133708149314,,,0.0008910460554462486,3.0007251898913484e-05,0.00012256568033783063,4193.715893487845,29741.80308950622,2424909.7898465516,295.39123164693126,6265523.504271433,0.04667217856133653,0.0485,0.04667217856133653,-1.4210854715201802e-14,1.0,0.005557521601035995,0.0013216415145030625,0.006157521601035994,0.0002084070600388498,two-phase,False,
0.04970711483464267,1.0002867018433368,3056.626723431992,804.5738680313551,1.3949965417534622,1122.3777634889468,2656399.041401068,689.8665043560477,610.1173465331301,285.19884637208116,4201751.041977103,385283.67531927844,126.04306846977296,33.27208663198772,63429.894477645335,2.3324974293183205,0.03566559346641486,7466.056977886508,0.7901156397615213,8175.585693287389,16.654715321882104,285.19884637208116,0.9658574649669234,,,0.000890965620070259,3.002152785782329e-05,0.0001223153958035148,4193.715893487845,29744.371353727154,2425860.035371818,295.3946196579422,6261137.006180977,0.04698967637467895,0.0485,0.04698967637467895,1.4210854715202004e-14,1.0,0.005557521601035995,0.0013216415145030625,0.006157521601035994,0.0002084070600388498,two-phase,False,
0.04970711483464267,1.0002867018433368,3056.626723431992,804.5738680313551,1.3951216614873196,1122.4784315571835,2657191.7964194687,689.3725101521704,609.5618321232249,285.20675144406357,4202538.553896617,384989.52195768745,126.23553433204049,33.22135811979066,63439.1732762793,2.3326968373422377,0.035665446951536256,7481.938943055211,0.7897064344900627,8192.23115252464,16.646843893844466,285.20675144406357,0.9644001886028675,,,0.0008908857149377271,3.0035723479384938e-05,0.00012206686815615854,4193.715893487845,29746.94038108651,2426804.9095112323,295.3980078516071,6256748.341862606,0.04730717418802138,0.0485,0.04730717418802138,-1.4210854715201802e-14,1.0,0.005557521601035995,0.0013216415145030625,0.006157521601035994,0.0002084070600388498,two-phase,False,
0.04970711483464267,1.0002867018433368,3056.626723431992,804.5738680313551,1.3952458959106153,1122.5783873276773,2657978.9131682287,688.8821247713977,609.010311209641,285.21463534916455,4203325.080232827,384695.2814616119,126.42845226123937,33.17066545133655,63448.429619088485,2.332895868486641,0.03566530083280819,7497.764730029899,0.7892990945655267,8208.81534660627,16.63902943128427,285.21463534916455,0.962942485781535,,,0.0008908063893698525,3.0049829652919116e-05,0.00012182025758606265,4193.715893487845,29749.50364897213,2427743.7982028737,295.401387627732,6252378.205509734,0.0476246720013638,0.0485,0.0476246720013638,1.4210854715202206e-14,1.0,0.005557521601035995,0.0013216415145030625,0.006157521601035994,0.0002084070600388498,two-phase,False,
0.04970711483464267,1.0002867018433368,3056.626723431992,804.5738680313551,1.3953692960808772,1122.6776718799806,2658760.715994949,688.3951440662786,608.4625554613824,285.2225181527545,4204110.68300082,384400.9544193074,126.62195129319697,33.11997525434724,63457.68705571509,2.3330950287771954,0.035665154738319285,7513.540404367119,0.7888934614158585,8225.344663774984,16.631268687775794,285.2225181527545,0.9614839165536497,,,0.0008907276104685055,3.0063851975857183e-05,0.00012157545256481138,4193.715893487845,29752.06767745492,2428677.0806275103,295.40476758553945,6248005.584415572,0.047942169814706226,0.0485,0.047942169814706226,-0.0,1.0,0.005557521601035995,0.0013216415145030625,0.006157521601035994,0.0002084070600388498,two-phase,False,
0.04970711483464267,1.0002867018433368,3056.626723431992,804.5738680313551,1.395491907250089,1122.7763216226572,2659537.5019812183,687.9113784756564,607.9183533659159,285.2303798013414,4204895.424342767,384106.54138614243,126.81601958610706,33.06929130227389,63466.9220269489,2.333293811029923,0.03566500903970356,7529.270667504544,0.7884894083227876,8241.82405251309,16.623558731106023,285.2303798013414,0.9600239138851548,,,0.0008906493490660557,3.0077795500213767e-05,0.00012133236448976133,4193.715893487845,29754.62594004964,2429605.0941162324,295.4081391239124,6243652.092535074,0.048259667628048654,0.0485,0.048259667628048654,-1.4210854715201802e-14,1.0,0.005557521601035995,0.0013216415145030625,0.006157521601035994,0.0002084070600388498,two-phase,False,
0.04970711483464267,1.0002867018433368,3056.626723431992,804.5738680313551,1.3956136778108919,1122.8742950337746,2660308.9425216713,687.4310313695491,607.3779351551882,285.23824035467806,4205679.181006233,383812.0429538623,127.01061765285377,33.01862451334688,63476.15808800509,2.3334927219273793,0.03566486336517318,7544.948603323543,0.7880871121724385,8258.246299541284,16.61590287150212,285.23824035467806,0.9585635490520511,,,0.0008905716378251595,3.0091653993569522e-05,0.00012109108444192884,4193.715893487845,29757.184960698,2430527.440360181,295.4115108429993,6239295.796571196,0.048577165441391075,0.0485,0.048577165441391075,1.4210854715202408e-14,1.0,0.005557521601035995,0.0013216415145030625,0.006157521601035994,0.0002084070600388498,two-phase,False,
0.04970711483464267,1.0002867018433368,3056.626723431992,804.5738680313551,1.3957345728860395,1122.9715640520121,2661074.8061132343,686.9542479230909,606.8414641674308,285.2460897889729,4206461.95363704,383517.4597398399,127.20571203900137,32.96798411223899,63485.38345688396,2.333691507588226,0.03566471790047632,7560.56841081285,0.7876867145754014,8274.605352319666,16.608303203077917,285.2460897889729,0.9571027910638216,,,0.0008904944987134897,3.0105423406970198e-05,0.00012085168505585158,4193.715893487845,29759.741474551334,2431443.8285893006,295.4148784417701,6234947.341414391,0.0488946632547335,0.0485,0.0488946632547335,-1.4210854715202004e-14,1.0,0.005557521601035995,0.0013216415145030625,0.006157521601035994,0.0002084070600388498,two-phase,False,
0.04970711483464267,1.0002867018433368,3056.626723431992,804.5738680313551,1.3958547018347147,1123.0682166649103,2661835.7972019874,686.4805847525117,606.3084438098003,285.25392810873876,4207243.904673738,383222.7922834654,127.40141880593353,32.91734058217984,63494.59813018606,2.3338901675980623,0.03566457264550594,7576.143517483601,0.787287868086364,8290.9153026225,16.600752866909563,285.25392810873876,0.9556406317491193,,,0.0008904178616768476,3.0119115922546787e-05,0.00012061394472136146,4193.715893487845,29762.29547936536,2432355.0878874348,295.41824191951173,6230607.542963359,0.049212161068075924,0.0485,0.049212161068075924,1.4210854715202206e-14,1.0,0.005557521601035995,0.0013216415145030625,0.006157521601035994,0.0002084070600388498,two-phase,False,
0.04970711483464267,1.0002867018433368,3056.626723431992,804.5738680313551,1.3959740533920968,1123.1642438090887,2662591.850557798,686.010079219825,605.7789175326153,285.26175531848037,4208024.933890971,382928.04113135,127.59768376746321,32.86670862404183,63503.80210452512,2.3340887015420853,0.03566442760015508,7591.671887486663,0.7868906216152765,8307.174043862718,16.59325251289643,285.26175531848037,0.9541775756198713,,,0.0008903417336440566,3.013273013301011e-05,0.00012037787997698122,4193.715893487845,29764.84697289887,2433261.1298380503,295.4216012755124,6226275.88166584,0.04952965888141835,0.0485,0.04952965888141835,-0.0,1.0,0.005557521601035995,0.0013216415145030625,0.006157521601035994,0.0002084070600388498,two-phase,False,
0.04970711483464267,1.0002867018433368,3056.626723431992,804.5738680313551,1.3960925481780955,1123.2595816174012,2663342.4446833874,685.5430591837035,605.253254190412,285.26957142269475,4208804.980129319,382633.206887835,127.79445208862468,32.81610292894036,63512.99537650388,2.3342871090060777,0.03566428276431715,7607.142020103647,0.786495264002685,8323.369559493327,16.585807157620653,285.26957142269475,0.9527141274458373,,,0.0008902661649768279,3.0146256690936253e-05,0.00012014365009894785,4193.715893487845,29767.3959529067,2434161.3189298175,295.42495650906125,6221952.03738808,0.04984715669476078,0.0485,0.04984715669476078,-1.4210854715201802e-14,1.0,0.005557521601035995,0.0013216415145030625,0.006157521601035994,0.0002084070600388498,two-phase,False,
0.04970711483464267,1.0002867018433368,3056.626723431992,804.5738680313551,1.3962102784204604,1123.3543042938852,2664088.1790649327,685.0791458940953,604.731029634779,285.27737642587044,4209584.105537874,382338.2900908982,127.99178334076983,32.765508722715026,63522.17794273199,2.334485389575589,0.035664138137885694,7622.565392157836,0.7861014984561298,8339.513892873645,16.57841093913664,285.27737642587044,0.9512497832006885,,,0.0008901910965913618,3.0159706007748337e-05,0.00011991106590211796,4193.715893487845,29769.94241714511,2435056.361348618,295.4283076194485,6217636.316058179,0.0501646545081032,0.0485,0.0501646545081032,1.4210854715202206e-14,1.0,0.005557521601035995,0.0013216415145030625,0.006157521601035994,0.0002084070600388498,two-phase,False,
0.04970711483464267,1.0002867018433368,3056.626723431992,804.5738680313551,1.3963272085015512,1123.4483831815176,2664828.8252212885,684.6184806725851,604.212403839869,285.28517033248835,4210362.3104726905,382043.29130381043,128.1896800805882,32.71492596636023,63531.34979981342,2.3346835428365815,0.03566399372075459,7637.936546565118,0.7857094603471847,8355.601357447635,16.571066082265336,285.28517033248835,0.9497845431936458,,,0.0008901165509429802,3.0173073809361567e-05,0.00011968019502374484,4193.715893487845,29772.486363367847,2435945.97250093,295.4316546059654,6213328.709708545,0.05048215232144563,0.0485,0.05048215232144563,-0.0,1.0,0.005557521601035995,0.0013216415145030625,0.006157521601035994,0.0002084070600388498,two-phase,False,
0.04970711483464267,1.0002867018433368,3056.626723431992,804.5738680313551,1.3964433896324289,1123.54185948338,2665564.701585078,684.1608654970314,603.6971543815844,285.29296316282205,4211139.595079431,381748.2110545917,128.38818087492973,32.66434546317923,63540.52273546137,2.3348818233156363,0.035663849327237145,7653.2614619099295,0.7853189931942453,8371.638235608772,16.563769335474813,285.29296316282205,0.9483184372323719,,,0.0008900424951321474,3.018636578868219e-05,0.00011945093324105895,4193.715893487845,29775.031060632704,2436830.525965154,295.43500177028614,6209018.609950288,0.05079965013478806,0.0485,0.05079965013478806,-1.4210854715201802e-14,1.0,0.005557521601035995,0.0013216415145030625,0.006157521601035994,0.0002084070600388498,two-phase,False,
0.04970711483464267,1.0002867018433368,3056.626723431992,804.5738680313551,1.3965587811740332,1123.6347005023467,2666295.5560184866,683.7064542141957,603.1854561792279,285.30073488835546,4211915.959922268,381453.0498991739,128.58721638410574,32.61378550229055,63549.67316545603,2.335079720880746,0.03566370532841941,7668.533715227082,0.7849302557610529,8387.617829479635,16.55652327397017,285.30073488835546,0.9468514064114685,,,0.0008899689548150543,3.019957703234047e-05,0.0001192233623813115,4193.715893487845,29777.569965050145,2437709.7027746197,295.4383405071682,6204727.214316991,0.05111714794813048,0.0485,0.05111714794813048,1.4210854715202004e-14,1.0,0.005557521601035995,0.0013216415145030625,0.006157521601035994,0.0002084070600388498,two-phase,False,
0.04970711483464267,1.0002867018433368,3056.626723431992,804.5738680313551,1.3966733936197873,1123.7269146811516,2667021.4590129745,683.2552003607302,602.6772581283508,285.30849553072755,4212691.343888232,381157.8083856855,128.78676693472863,32.56325159255914,63558.81287612681,2.3352774898953084,0.035663561538584805,7683.754253866664,0.7845432210141371,8403.541158820233,16.549327180145166,285.30849553072755,0.9453839855450834,,,0.000889895923053282,3.0212708622974614e-05,0.00011899745370443206,4193.715893487845,29780.106344712312,2438583.579653887,295.44167511805966,6200443.598817392,0.05143464576147291,0.0485,0.05143464576147291,-1.4210854715201802e-14,1.0,0.005557521601035995,0.0013216415145030625,0.006157521601035994,0.0002084070600388498,two-phase,False,
0.04970711483464267,1.0002867018433368,3056.626723431992,804.5738680313551,1.3967872547690836,1123.8185243864596,2667742.5843545655,682.8069950100926,602.1724384132688,285.3162551060551,4213465.847157983,380862.48704301665,128.98692919423468,32.51271985220105,63567.953659324594,2.3354753853764314,0.03566341777213821,7698.926156376484,0.7841578073917187,8419.411470875439,16.54217928978876,285.3162551060551,0.943915699122152,,,0.0008898233818898319,3.0225763561191877e-05,0.00011877314744138778,4193.715893487845,29782.643471563133,2439452.35747353,295.4450099053209,6196157.678504578,0.05175214357481533,0.0485,0.05175214357481533,1.4210854715202206e-14,1.0,0.005557521601035995,0.0013216415145030625,0.006157521601035994,0.0002084070600388498,two-phase,False,
0.04970711483464267,1.0002867018433368,3056.626723431992,804.5738680313551,1.3969003694696387,1123.9095335186164,2668458.965808179,682.3618148907753,601.6709720230429,285.32399359407066,4214239.393700521,380567.08639631973,129.18763349458854,32.46220849508411,63577.07192254137,2.335672896212253,0.035663274399984686,7714.048899644871,0.7837740222533389,8435.2282391321,16.535079266567323,285.32399359407066,0.9424464895746338,,,0.000889751327999956,3.0238742248485142e-05,0.00011855043771795911,4193.715893487845,29785.17479593036,2440316.0608559926,295.4483362623455,6191890.229465311,0.052069641388157756,0.0485,0.052069641388157756,-0.0,1.0,0.005557521601035995,0.0013216415145030625,0.006157521601035994,0.0002084070600388498,two-phase,False,
0.04970711483464267,1.0002867018433368,3056.626723431992,804.5738680313551,1.3970127409632624,1123.9999446858976,2669170.6110480367,681.9196572373066,601.1728558943614,285.3317310211728,4215012.060144977,380271.6069698976,129.38895491125157,32.41169925488874,63586.19125425781,2.335870533013621,0.03566313105106955,7729.122340103231,0.7833918663298367,8450.991339774766,16.528026910388732,285.3317310211728,0.9409764146548404,,,0.0008896797590852645,3.0251644840057936e-05,0.00011832931307046538,4193.715893487845,29787.70686491295,2441174.6941806953,295.45166279478747,6187620.4703224655,0.052387139201500184,0.0485,0.052387139201500184,-1.4210854715201802e-14,1.0,0.005557521601035995,0.0013216415145030625,0.006157521601035994,0.0002084070600388498,two-phase,False,
0.04970711483464267,1.0002867018433368,3056.626723431992,804.5738680313551,1.3971243604574317,1124.089750814069,2669877.478724782,681.4805424520046,600.6781151758894,285.3394573801252,4215783.808598675,379976.04929263046,129.5908599279691,32.36120121294706,63595.29985584219,2.336068039935846,0.03566298791077789,7744.144697343246,0.7830113814509461,8466.698936906063,16.5210227509711,285.3394573801252,0.9395054458491336,,,0.000889608680513097,3.02644701564018e-05,0.00011810978605144831,4193.715893487845,29790.236402069775,2442028.194636404,295.4549851988795,6183358.782125268,0.052704637014842605,0.0485,0.052704637014842605,1.4210854715202408e-14,1.0,0.005557521601035995,0.0013216415145030625,0.006157521601035994,0.0002084070600388498,two-phase,False,
0.04970711483464267,1.0002867018433368,3056.626723431992,804.5738680313551,1.3972352312838812,1124.1789545837573,2670579.5874879113,681.0444581718048,600.186736700659,285.34717267535154,4216554.577995299,379680.41389133414,129.79329215205578,32.310729036557696,63604.397723882714,2.336265416566023,0.035662844979005535,7759.115605148985,0.7826325725333279,8482.350672017968,16.514066553562863,285.34717267535154,0.9380340885753131,,,0.0008895380899300536,3.0277218417296885e-05,0.00011789184845880675,4193.715893487845,29792.76340514428,2442876.5743470667,295.45830347392024,6179104.847100769,0.05302213482818503,0.0485,0.05302213482818503,-1.4210854715201802e-14,1.0,0.005557521601035995,0.0013216415145030625,0.006157521601035994,0.0002084070600388498,two-phase,False,
0.04970711483464267,1.0002867018433368,3056.626723431992,804.5738680313551,1.3973453805217126,1124.2675777821,2671277.1070658667,680.6112980511134,599.6986014176994,285.35486690644814,4217324.430581396,379384.7012740352,129.9962765075719,32.260277033731604,63613.47305283253,2.3364624062457247,0.03566270244098821,7774.037642918691,0.7822553687511122,8497.949263150507,16.50715659106281,285.35486690644814,0.9365618104654352,,,0.0008894679698695492,3.0289892583360272e-05,0.00011767544957420264,4193.715893487845,29795.28459287698,2443720.024906107,295.46161331501173,6174869.524164907,0.053339632641527454,0.0485,0.053339632641527454,1.4210854715202206e-14,1.0,0.005557521601035995,0.0013216415145030625,0.006157521601035994,0.0002084070600388498,two-phase,False,
0.04970711483464267,1.0002867018433368,3056.626723431992,804.5738680313551,1.3974548104985656,1124.3556222818552,2671970.0577988834,680.1810465951753,599.2136932457469,285.36256008882503,4218093.36649713,379088.9119465087,130.19988863872905,32.2098270385186,63622.549442227515,2.3366595208889374,0.035662559925912024,7788.91107476369,0.7818797625810439,8513.495015686083,16.50029269369551,285.36256008882503,0.93508866748921,,,0.000889398318630294,3.0302492766752057e-05,0.00011746057267403149,4193.715893487845,29797.80652006876,2444558.5668730815,295.4649233296244,6170631.690405971,0.05365713045486988,0.0485,0.05365713045486988,-0.0,1.0,0.005557521601035995,0.0013216415145030625,0.006157521601035994,0.0002084070600388498,two-phase,False,
0.04970711483464267,1.0002867018433368,3056.626723431992,804.5738680313551,1.397563550418896,1124.443111580165,2672658.611915146,679.7535989576959,598.7318939200042,285.370242220697,4218861.386089614,378793.0463954637,130.4040948401567,32.1593880823168,63631.615087899154,2.336856504000231,0.03566241761904309,7803.738530847022,0.781505681088225,8528.99069628262,16.493473018568242,285.370242220697,0.933614632030428,,,0.000889329117410585,3.0315022156770945e-05,0.0001172471674093691,4193.715893487845,29800.32590642066,2445392.3954557474,295.46822921308836,6166401.897736312,0.05397462826821231,0.0485,0.05397462826821231,-1.4210854715201802e-14,1.0,0.005557521601035995,0.0013216415145030625,0.006157521601035994,0.0002084070600388498,two-phase,False,
0.04970711483464267,1.0002867018433368,3056.626723431992,804.5738680313551,1.397671526782773,1124.5299865409054,2673342.3228452182,679.3292259517202,598.2535113168447,285.37791330645604,4219628.42832912,378497.105157045,130.6088380773221,32.10897482301398,63640.669986449175,2.3370533551667343,0.03566227552027791,7818.509902744889,0.7811333784956089,8544.425771281958,16.486702182550008,285.37791330645604,0.9321402097646845,,,0.0008892604127667915,3.0327472071959556e-05,0.00011703536630407939,4193.715893487845,29802.8427496774,2446220.961371452,295.4715309647064,6162179.829324142,0.05429212608155473,0.0485,0.05429212608155473,1.4210854715202206e-14,1.0,0.005557521601035995,0.0013216415145030625,0.006157521601035994,0.0002084070600388498,two-phase,False,
0.04970711483464267,1.0002867018433368,3056.626723431992,804.5738680313551,1.3977788046768307,1124.6162995310817,2674021.589384931,678.9076822800125,597.7782684228332,285.3855833498646,4220394.592827947,378201.0887232504,130.81421729095973,32.05856351347571,63649.725942145305,2.3372503308701904,0.03566213344429222,7833.233160778502,0.7807626483384726,8559.80859078161,16.479976017651932,285.3855833498646,0.9306649226031454,,,0.0008891921630666019,3.0339849976992868e-05,0.00011682504221846022,4193.715893487845,29805.360330435822,2447044.739898213,295.4748328888807,6157955.4454338215,0.05460962389489716,0.0485,0.05460962389489716,0.0005951044302638435,0.9999998229253428,0.005557521601035995,0.0013216415145030625,0.006157521601035994,0.0002084070600388498,two-phase,False,
0.049707891572596065,1.000286710803581,3056.6267200181333,804.5851520854544,1.3978847040960534,1124.7172772430536,2674729.631461656,678.4916227979256,597.3079782819199,285.3932323551876,4221159.856067508,377904.9950621175,131.02016181309753,32.00844564258077,63659.23860327013,2.3374469170710834,0.035661994994262584,7847.954956892035,0.7803928569861369,8575.194556816308,16.473328140216253,285.3932323551876,0.9291887170136385,,,0.0008891123309239412,3.035209374475778e-05,0.00011661542993273702,4193.751727476669,29808.132534287648,2447892.876423418,295.478126374944,6153749.687077196,0.05492712132562747,0.048499622111450126,0.05492712170823958,0.003062022613910516,0.9999953119977673,0.0055574741141603086,0.0013216401717013203,0.006157474114160308,0.0002084052792810116,two-phase,False,
0.049711111613000465,1.0002867479506112,3056.6267058650874,804.6319309922836,1.3979877519443926,1124.8655843505783,2675537.670177007,678.0868097212451,596.8465999061198,285.4008703275288,4221924.261733711,377608.8178877873,131.22671112822465,31.959196737816754,63670.2483886707,2.3376433700889607,0.03566186692789001,7862.775554825765,0.7800226551664771,8590.702700586737,16.466831365069197,285.4008703275288,0.9277116203614895,,,0.0008889951065374027,3.0364068770427886e-05,0.00011640491294521238,4193.900278203579,29811.72156372676,2448827.86918542,295.4814157270759,6149552.226715662,0.05524461506179684,0.04849805563357213,0.05524461952158201,0.00684656434603973,0.9999765620036579,0.005557277264744568,0.0013216346051110916,0.0061572772647445675,0.00020839789742792129,two-phase,False,
0.049716829091207546,1.000286813914513,3056.6266807327966,804.714990441838,1.3980878959298606,1125.0622878100473,2676448.094349835,677.6934222377613,596.3942511806717,285.40850726656686,4222687.792759789,377312.55321060785,131.43384449939302,31.91083734891671,63682.800998328574,2.337839946892241,0.03566174930000725,7877.698218423182,0.7796520118564947,8606.336935782745,16.460488216235213,285.40850726656686,0.926234164719352,,,0.0008888396765538349,3.0375769748241302e-05,0.00011619345227378669,4194.164033962942,29816.149004672443,2449851.8407871523,295.4847052503539,6145352.453471836,0.05556210047763088,0.04849527458393021,0.05556211733492444,0.010699290639026408,0.9999427609517565,0.005556927787739595,0.0013216247215978986,0.0061569277877395944,0.00020838479204023482,two-phase,False,
0.0497250809113518,1.0002869091310942,3056.6266444552216,804.8348651862688,1.3981851446075362,1125.3081523656501,2677462.7880096985,677.3114476523983,595.9508556006682,285.4161331786378,4223450.654720624,377016.1969737068,131.6416487516049,31.86335571230171,63696.90776175074,2.3380363900114096,0.03566164246771824,7892.729431796994,0.7792807941755473,8622.10437250527,16.45429759352865,285.4161331786378,0.9247553126734057,,,0.000888645477150215,3.0387198065303388e-05,0.00011598096668707298,4194.544680726265,29821.424050070735,2450966.543255269,295.4879906387626,6141161.915586305,0.05587957271755615,0.04849126164818842,0.05587961514826686,0.014547541323659423,0.9998941789216679,0.005556423507361765,0.0013216104581801813,0.006156423507361765,0.0002083658815260662,two-phase,False,
0.04973582750672065,1.0002870331582234,3056.6265972008205,804.9909784763473,1.3982795384640225,1125.6024138516088,2678580.1913152523,676.9406989184658,595.5162617785809,285.42374806809295,4224212.792453452,376719.74529508647,131.85006641419622,31.816748248628414,63712.54449611444,2.3382326990344273,0.03566154628764618,7907.867953724842,0.7789090182973826,8638.003411511114,16.44825733774209,285.42374806809295,0.9232755700947375,,,0.0008884131623156173,3.0398357086297678e-05,0.00011576749306065187,4195.0403696654175,29827.53348341194,2452170.6518611494,295.49127189161004,6136980.324687417,0.05619702732416889,0.048486036981859694,0.056197112961609286,0.018399940724472843,0.9998307067605674,0.005555766956427533,0.0013215918844172831,0.006155766956427533,0.00020834126086603246,two-phase,False,
0.04974911820978634,1.0002871865841292,3056.6265387454864,805.1840443874287,1.3983709685993695,1125.9459920508064,2679802.044536959,676.5816134503152,595.0908834221154,285.4313519392759,4224974.1894360585,376423.1941208179,132.05903930600635,31.771042462084097,63729.741754961324,2.3384288735488266,0.03566146099049864,7923.106901861833,0.7785368980468784,8654.027317371518,16.442373528925376,285.4313519392759,0.9217954431076211,,,0.0008881420663690916,3.040923496357758e-05,0.00011555313651398658,4195.653345293161,29834.493851784548,2453465.5711189876,295.4945490082055,6132807.586796766,0.056514459216480226,0.048479577796244296,0.05651461077495171,0.022247621147276173,0.9997524910463025,0.005554955271224433,0.0013215689165735312,0.006154955271224433,0.00020831082267091624,two-phase,False,
0.04976490299707346,1.0002873688546283,3056.626469300373,805.4133330961225,1.3984595787313139,1126.337990506187,2681126.902205882,676.2336167064923,594.6741472628013,285.43895478645135,4225735.012253847,376126.5395621551,132.268729430591,31.726178064978498,63748.480466581124,2.3386251711700536,0.03566138621080278,7938.456972167136,0.7781641412290546,8670.18685918464,16.436637710455834,285.43895478645135,0.9203139457503783,,,0.0008878329670391305,3.041984673556047e-05,0.00011533776794448948,4196.381262343392,29842.29162548654,2454850.2697533267,295.4978262945228,6128634.03275896,0.05683186420787309,0.048471909874795244,0.056832108588294135,0.026099494852950596,0.9996593501630547,0.005553991691796728,0.0013215416429777434,0.006153991691796728,0.00020827468844237732,two-phase,False,
0.04978324403490682,1.0002875807153566,3056.626388581405,805.6797438525891,1.3985452638989326,1126.7795899843436,2682557.16795801,675.8971032778936,594.2664022288964,285.44654662133337,4226495.18263476,375829.7774886553,132.47898033024796,31.682210503549875,63768.787029259314,2.338821333781599,0.03566132242503966,7953.914646221226,0.7777908885690094,8686.47892694732,16.431055555604278,285.44654662133337,0.9188320643184621,,,0.0008874850138294525,3.043018132997918e-05,0.00011512144430556155,4197.226942118559,29850.9442679181,2456326.772560919,295.5010994436545,6124469.7622021455,0.0571492369024029,0.048463004773700365,0.05714960640163656,0.02994633912502721,0.999551507813884,0.005552872643789562,0.0013215099584617976,0.006152872643789562,0.00020823272414210856,two-phase,False,
0.04980408035434148,1.0002878214942668,3056.626296844648,805.9823866863917,1.3986281170788555,1127.26962788991,2684090.5079706665,675.5717189838874,593.8673390804126,285.4541374354916,4227254.904366038,375532.9040361927,132.68995491493413,31.63907564370108,63790.63536735863,2.339017619322421,0.03566126922839878,7969.48092946456,0.7774170803117206,8702.904070432383,16.42562192590934,285.4541374354916,0.9173488121467575,,,0.0008870992132306972,3.044024769688101e-05,0.0001149041735847052,4198.187520712887,29860.434485386413,2457893.128904306,295.50437276202103,6120305.301559943,0.05746657347755785,0.04845289412734532,0.057467104214978984,0.03379748806723809,0.999428701709304,0.0055516021024970795,0.001321473970951894,0.006151602102497079,0.0002081850788436405,two-phase,False,
0.04982748754852873,1.000288092101684,3056.6261937432837,806.3223545806429,1.398708090725129,1127.8096010844815,2685730.319101144,675.2576395843248,593.4770395220137,285.4617172433222,4228014.123023293,375235.91499291646,132.90155767913592,31.596818699895344,63814.05989506559,2.339213769352226,0.035661227160811146,7985.162429171016,0.7770426125020299,8719.469860239946,16.420338790952915,285.4617172433222,0.9158646701893877,,,0.000886674487465276,3.0450041644419915e-05,0.00011468587150692686,4199.2664229213415,29870.78413944801,2459552.379068809,295.5076419422701,6116150.858115154,0.05778386812590021,0.04844154357174913,0.05778460202832141,0.037643229819637754,0.9992912424557447,0.005550175749614073,0.0013214335528546307,0.006150175749614073,0.00020813159061052776,two-phase,False,
0.049853393029902666,1.0002883917396952,3056.626079581334,806.6985876750663,1.398785210580896,1128.398053836379,2687473.2844682285,674.9547577182425,593.0954926664648,285.46929603370444,4228772.919041879,374938.8065247039,133.1138290605335,31.555400856970167,63839.02712275367,2.3394100421335517,0.035661195775009556,8000.949118796762,0.7766676946050358,8736.165235227007,16.415205308576436,285.46929603370444,0.9143796631079748,,,0.000886212092089449,3.045956420287753e-05,0.00011446669941265314,4200.460235611339,29881.971948933402,2461301.546867684,295.5109112912678,6111996.35018323,0.05810111749067228,0.048428990899636,0.05810209984166384,0.04149345456378429,0.9991387757605863,0.005548598334314332,0.0013213888328342711,0.006148598334314332,0.00020807243753678746,two-phase,False,
0.04988188660092753,1.00028872149293,3056.6259539455773,807.1123839783114,1.3988594411859037,1129.0367784261232,2689323.5393496556,674.6632130164717,592.7227173832835,285.47686382371165,4229531.299721934,374641.5743721228,133.3267346877769,31.51485733254543,63865.579952291904,2.339606178902566,0.03566117567805105,8016.851452292892,0.7762921351733453,8753.001897967755,16.410222555820134,285.47686382371165,0.9128937664533469,,,0.000885710739550929,3.046881285730445e-05,0.00011424651926925515,4201.773022299425,29894.02443153392,2463144.3673200225,295.51417650121766,6107852.282577049,0.058418315246753914,0.0484151954773493,0.05841959765500626,0.04533782679348689,0.9989717120427604,0.00554686475042197,0.001321339659562386,0.0061468647504219695,0.00020800742814082386,two-phase,False,
0.04991288319548068,1.0002890804273745,3056.6258171918935,807.5625012956913,1.3989308859711156,1129.7241254146315,2691277.6510299034,674.3825858701316,592.3583709120953,285.4844305995381,4230289.369432993,374344.2146687954,133.54037752441818,31.475130290107668,63893.67695689228,2.3398024382448477,0.0356611663762261,8032.868168450681,0.7759159170387766,8769.97782310477,16.405384997630108,285.4844305995381,0.9114064981981058,,,0.0008851718552376492,3.0477797386177106e-05,0.00011402537385732835,4203.200781571228,29906.916033332618,2465077.9068637756,295.5174418794308,6103708.7029762715,0.058735458615785434,0.048400201647936826,0.05873709546834869,0.049186927437216796,0.9987895905391115,0.005544980570248714,0.0013212861838975381,0.006144980570248714,0.00020793677138432679,two-phase,False,
0.0499464878000575,1.0002894698139626,3056.6256688360827,808.0504567253389,1.3989994119395137,1130.4621137762047,2693339.8516749796,674.1134034067481,592.0028866414602,285.4919963614775,4231047.148271115,374046.72311665525,133.75469881541832,31.43626576676548,63923.381967032095,2.3399988202332707,0.03566116836393208,8048.998846602797,0.7755391316458792,8787.093500053928,16.400699677569108,285.4919963614775,0.909918364103841,,,0.000884593997280981,3.0486504224197185e-05,0.00011380327294729056,4204.748259515162,29920.68155436024,2467105.802334778,295.5207074258868,6099565.713656862,0.05905254063645207,0.04838396207392035,0.05905459328169111,0.05303462702132748,0.9985926738849573,0.00554293984519161,0.0013212282291464135,0.0061429398451916094,0.0002078602441946854,two-phase,False,
0.04998260835286581,1.0002898886458327,3056.6255092617853,808.5749053967952,1.3990651338631592,1131.2489582573585,2695506.419984959,673.8552089582399,591.6558904279261,285.4995611098235,4231804.678984696,373749.0958546331,133.9697018011213,31.398227083794495,63954.63716443983,2.3401953249404204,0.03566118130833458,8065.241946008515,0.7751617605413917,8804.346544096015,16.39616038295329,285.4995611098235,0.9084293638221771,,,0.0008839787145885713,3.0494944445642193e-05,0.00011358026345187152,4206.411119499839,29935.289707934582,2469224.869252358,295.52397314056526,6095423.529676169,0.05936955905544286,0.04836652497356224,0.05937209109503354,0.05687743842269025,0.9983811681910236,0.005540748634536212,0.0013211659588774935,0.0061407486345362115,0.00020777807379510793,two-phase,False,
0.05002134659695627,1.0002903381673451,3056.625337994929,809.1373158416299,1.3991279790119469,1132.086657456651,2697781.820763738,673.6082756575088,591.3175362501302,285.5071148669945,4232562.030553655,373451.32854942844,134.1854148471886,31.361038347488343,63987.492223330584,2.340391692955116,0.0356612058825585,8081.6051473206335,0.7747836927485305,8821.74586648181,16.391770448242212,285.5071148669945,0.9069389673925506,,,0.000883324605420757,3.050311139841627e-05,0.0001133562466132125,4208.193940696314,29950.77078564949,2471439.0755542414,295.5272347147822,6091292.939877326,0.05968650668073676,0.04834784524219844,0.059689588908375966,0.06072456808506831,0.9981545605921369,0.005538401270263271,0.0013210992028578196,0.006138401270263271,0.00020769004763487268,two-phase,False,
0.05006262361997206,1.0002908175322835,3056.625155357953,809.7365330293823,1.3991880155676233,1132.9736527819887,2700162.6447323244,673.3723426361903,590.9876505963728,285.5146676138294,4233319.2212660555,373153.4172848363,134.40181637909922,31.3246732253609,64021.90904589724,2.340588183510271,0.03566124163044944,8098.082538240133,0.7744050273520738,8839.284634499503,16.38752648020636,285.5146676138294,0.9054477044099317,,,0.0008826330581867679,3.0511010957262156e-05,0.00011313132695116814,4210.092978970241,29967.101121169173,2473745.4293950605,295.5304964567371,6087163.581809598,0.06000338128391207,0.048327965232830616,0.06000708672171839,0.0645645176353336,0.9979135348628742,0.0055359030746079405,0.001321028102621489,0.00613590307460794,0.00020759636529779778,two-phase,False,
0.05010652738760342,1.0002913278365007,3056.6249609333736,810.3738239594431,1.3992451534484704,1133.911645656755,2702652.5669007446,673.1477497654928,590.6664845371145,285.5222193506203,4234076.295396832,372855.3577590954,134.6189097016441,31.289156707580688,64057.94038130051,2.3407847966787583,0.03566128899091511,8114.676971395487,0.7740257642731659,8856.966606431133,16.383433010014507,285.5222193506203,0.9039555745258254,,,0.0008819029276490109,3.051863426269518e-05,0.00011290547254337505,4212.112161458396,29984.309586169933,2476147.1416622414,295.53375836640976,6083035.676684318,0.060320175782208635,0.048306847161254926,0.060324584535060816,0.06841003301700174,0.9976572895451687,0.005533249299467133,0.0013209525125645726,0.006133249299467133,0.0002074968487300175,two-phase,False,
0.05015299685212204,1.0002918684497444,3056.6247549613495,811.0482918250298,1.3992995463159283,1134.8995067910728,2705249.575784598,672.9338998708504,590.3534580060214,285.5297700776587,4234833.38238047,372557.14593921904,134.83682515698345,31.254433258942708,64095.54704161817,2.340981532532939,0.03566134777357585,8131.397804103566,0.7736456357659693,8874.801017499552,16.379481113776603,285.5297700776587,0.9024615641671984,,,0.0008811352846804022,3.0525997528667466e-05,0.00011267858265533787,4214.248552716666,30002.37510032464,2478642.6666594385,295.53702044377945,6078909.869111649,0.06063688773437197,0.048284525268379286,0.06064208234840324,0.07224769330681634,0.9973867207918121,0.00553044424768024,0.0013208725441013933,0.00613044424768024,0.000207391659288009,two-phase,False,
0.05020210363155186,1.0002924402894091,3056.6245370923957,811.7609648043635,1.3993510070499413,1135.938523582818,2707955.9172269558,672.7315173487737,590.0492822078979,285.5373197952366,4235590.377802174,372258.77756696637,135.05537615558248,31.220566185369112,64134.771403964936,2.3411783911458763,0.035661418356055095,8148.230660976566,0.7732650563493821,8892.773524467497,16.37568162382814,285.5373197952366,0.9009671926329802,,,0.0008803293305397726,3.053308017862618e-05,0.00011245085655769924,4216.505309955284,30021.32094580634,2481233.70876499,295.54028268882604,6074785.638895941,0.06095351036299909,0.048260970309679026,0.060959580161745665,0.07609139214246446,0.9971008474782387,0.005527484244271906,0.0013207880806667828,0.0061274842442719055,0.00020728065916019646,two-phase,False,
0.05025380614257408,1.0002930429606953,3056.6243074769686,812.5112274260649,1.3993997212673488,1137.0279851866267,2710770.7094873087,672.5398831675925,589.7532094241535,285.54487847485166,4236347.547796664,371960.2485328387,135.27479535260244,31.18748298785017,64175.597913618374,2.341375632884987,0.035661500453138886,8165.193295805071,0.7728835647577739,8910.902278804042,16.372023339699343,285.54487847485166,0.899470961590149,,,0.0008794858288697833,3.053990271242687e-05,0.00011222208130131273,4218.880378744202,30041.135786468883,2483919.824395291,295.5435494112999,6070653.893276816,0.06127004083383796,0.04823620768756534,0.06127707797508809,0.07992649151786299,0.9968007604098449,0.0055243724814032676,0.00132069920086281,0.006124372481403267,0.00020716396805262256,two-phase,False,
0.05030815798770576,1.0002936771828554,3056.6240658410798,813.2998448893874,1.3994455151555083,1138.1688204071238,2713695.413324798,672.3596538585875,589.4659045515598,285.55242617305004,4237104.676196627,371661.55459108314,135.49481876511715,31.155258251490544,64218.03376424565,2.3415727373964943,0.03566159474088943,8182.269608599863,0.772501604812932,8929.170985779772,16.368516540816838,285.55242617305004,0.8979743464014248,,,0.0008786042826601938,3.0546445595921335e-05,0.00011199247965937248,4221.376070366132,30061.830115463283,2486702.0177803524,295.54681199186024,6066534.3936685,0.061586472867520184,0.04821021746692645,0.061594575788430514,0.08376817061382519,0.9964852701329875,0.005521106453954294,0.0013206058199999745,0.006121106453954294,0.00020704149202328603,two-phase,False,
0.05036513885996772,1.000294342818787,3056.623812237011,814.1265092121598,1.3994885399209116,1139.3607196882342,2716729.939404403,672.1902501007039,589.1867453139366,285.55997286266216,4237862.0300355,371362.69156222936,135.71568020888495,31.12382656555892,64262.076221667034,2.3417699648859447,0.03566170103123331,8199.476231027034,0.7721187582310033,8947.596806010837,16.365151967881204,285.55997286266216,0.8964758485857146,,,0.0008776851638993068,3.0552725754170616e-05,0.00011176185311884166,4223.991293048192,30083.399612265017,2489580.503817679,295.55007474003605,6062418.044410079,0.061902803032305866,0.04818301539924164,0.06191207360177294,0.08760043592653134,0.9961556924625196,0.005517688141314253,0.0013205079808319721,0.006117688141314252,0.0002069133052992845,two-phase,False,
0.05042478246767365,1.0002950403672475,3056.623546474784,814.991695427118,1.3995286913637426,1140.6042609734322,2719875.201499598,672.0320675876542,588.9161315767249,285.56751854397913,4238619.491818166,371063.6551931196,135.93725532811743,31.09322324204356,64307.743732452036,2.341967315426199,0.03566181955522638,8216.803418654968,0.7717352972711129,8966.169893798044,16.36193570112684,285.56751854397913,0.8949764812687259,,,0.0008767282695810415,3.0558731505439495e-05,0.00011153034259273921,4226.727426827831,30105.854645066083,2492555.920611709,295.553337655807,6058304.259770443,0.06221902576530334,0.048154591714836,0.06222957141511536,0.09143989105170511,0.9958105976160588,0.005514116315789584,0.0013204056337261364,0.006114116315789584,0.00020677936184210942,two-phase,False,
0.0504870918109378,1.0002957699739579,3056.6232684989327,815.8954323263087,1.399566051393573,1141.899548570984,2723131.7938920865,671.8847883936414,588.6537024944022,285.5750731831686,4239377.266866349,370764.44122678775,136.1597154387371,31.063405355624766,64355.04765013465,2.3421650500356606,0.03566195023235966,8234.26245329079,0.7713509543562417,8984.902037073962,16.358862584039436,285.5750731831686,0.893475251239786,,,0.0008757337729500265,3.0564472158830054e-05,0.00011129781892710114,4229.58443378001,30129.198595335434,2495628.977732328,295.55660504980943,6054183.662526463,0.06253513680562767,0.04812495161534612,0.06254706922845779,0.09526904749154894,0.9954515601424576,0.005510391631037221,0.0013202987822003701,0.0061103916310372205,0.00020663968616389577,two-phase,False,
0.05055207860741074,1.0002965318920285,3056.6229782130763,816.8378744657138,1.399600565662264,1143.2467511565744,2726499.8564079073,671.7486248421851,588.3996842213603,285.58262681198096,4240135.274562371,370465.04541987844,136.38289713379112,31.034409422109253,64403.980697883795,2.3423629081682846,0.03566209338951565,8251.845887325366,0.7709659265666559,9003.785585043655,16.355935876926324,285.58262681198096,0.891973150294034,,,0.0008747018078016336,3.056994132053066e-05,0.0001110643951429849,4232.562667823484,30153.431038983166,2498799.689795557,295.55987261180906,6050066.254903122,0.06285113155393786,0.04809409643931652,0.06286456704180021,0.09910607326617708,0.9950768745387258,0.005506514255263628,0.0013201874152123073,0.0061065142552636275,0.00020649428457238605,two-phase,False,
0.050619771420825146,1.0002973265781514,3056.6226754432746,817.8194199277535,1.399632197022649,1144.64639148127,2729980.451663174,671.623716830085,588.154195993246,285.5901893939175,4240893.596328307,370165.46347911714,136.60684252787698,31.006230489592294,64454.569646662814,2.3425611511694577,0.03566224906428173,8269.55257815391,0.770580270313197,9022.819608805485,16.353157561546176,285.5901893939175,0.8904701987359008,,,0.0008736322478647006,3.057513499262863e-05,0.00011083010005254757,4235.663245874793,30178.563791227876,2502068.9608300547,295.5631446528856,6045942.054457355,0.06316700465849152,0.04806201985266246,0.06318206485514265,0.10293184419006192,0.9946884112382293,0.005502483392504243,0.0013200714932967753,0.006102483392504243,0.00020634312721890915,two-phase,False,
0.050690157656556996,1.0002981540116975,3056.6223601974475,818.8398692549406,1.39966104612776,1146.0982680124885,2733573.527194707,671.5096665580563,587.9168120718193,285.5977410015185,4241652.327014862,369865.691147981,136.8316086607542,30.978846426837293,64506.780033144874,2.3427592567330584,0.03566241766723769,8287.392937332224,0.7701937262006894,9042.014840535967,16.35052148891964,285.5977410015185,0.8889653403116078,,,0.0008725255311083879,3.05800643935937e-05,0.00011059481958787903,4238.885391038604,30204.584845920686,2505436.934408849,295.56641255103966,6041832.299818091,0.06348275276212112,0.04802873533220668,0.06349956266848507,0.10676623397228724,0.9942841501720597,0.005498300736306558,0.0013199510478964238,0.0060983007363065575,0.0002061862776114959,two-phase,False,
0.050763293932241285,1.000299014991654,3056.62203217125,819.9000256785714,1.399687035624429,1147.6034364504328,2737281.216027516,671.406783518808,587.687800019726,285.6053015601619,4242411.485863917,369565.72400833,137.05721207788488,30.952267464355135,64560.66746991913,2.342957747639476,0.03566259918332486,8305.365021046153,0.7698063897691386,9061.369758214974,16.348031841891217,285.6053015601619,0.8874591226120655,,,0.0008713811480845909,3.058472144143791e-05,0.0001103585911052142,4242.231486153538,30231.51860594565,2508905.4161762916,295.569684928673,6037716.320968582,0.06379836912751773,0.04799422393475491,0.06381706048182749,0.1105883407293821,0.993866298299083,0.005493963906198573,0.0013198259924463724,0.006093963906198573,0.00020602364648244652,two-phase,False,
0.050839140787336756,1.0002999091924794,3056.6216914887746,820.9992988493865,1.3997101860423213,1149.1610813330901,2741101.6460864414,671.3149746039558,587.4671220459512,285.6128710661401,4243171.054167013,369265.55788017,137.2835914925511,30.926489193200233,64616.20466376695,2.3431566244531763,0.035662793546765936,8323.463105654091,0.76941838168319,9080.878063465716,16.345687828976867,285.6128710661401,0.885952051703274,,,0.0008702000235162376,3.058910736773178e-05,0.00011012150950723703,4245.699508698097,30259.350689019662,2512472.721315308,295.5729617864305,6033594.037531075,0.06411385195283174,0.04795851239331059,0.06413455829516992,0.11441988649915225,0.9934324786182105,0.00548947626154858,0.001319696405140135,0.00608947626154858,0.00020585535980807172,two-phase,False,
0.05091778562885628,1.0003008377901619,3056.6213377020513,822.1389364713735,1.3997304918474318,1150.7729379140003,2745038.8894912396,671.2342651948056,587.2546776450474,285.62043955786874,4243931.202864404,368965.1882155121,137.51084371212542,30.901513758500844,64673.42986594103,2.3433556258145143,0.03566300143413734,8341.700832636168,0.7690294342019778,9100.554721171493,16.34348875472143,285.62043955786874,0.8844430920694408,,,0.000868981157840481,3.059322324039023e-05,0.00010988341157639591,4249.293228913303,30288.10559403151,2516142.575003394,295.5762388129696,6029476.668495824,0.06442919278448299,0.047921567994080067,0.06445205610851235,0.11823922856070415,0.9929851382721544,0.005484833691420024,0.0013195621478166847,0.006084833691420024,0.00020568126342825093,two-phase,False,
0.05099916092797783,1.0003018001386645,3056.6209710572853,823.3179401423532,1.3997479927960919,1152.4376341472719,2749089.8229310648,671.1644903990409,587.0503913979842,285.62801699218096,4244691.95028166,368664.6108454558,137.7389464573622,30.87731854966924,64732.3103087488,2.3435550138879786,0.035663222479348784,8360.070099148248,0.7686397072620028,9120.390708720188,16.34143297960393,285.62801699218096,0.8829327699019717,,,0.0008677259145046355,3.059707191064945e-05,0.00010964442554460743,4253.009326459808,30317.76283518233,2519912.179484223,295.57952032047984,6025353.942920167,0.06474439163449838,0.047883431183468,0.06476955392185477,0.12206654049175944,0.992521918998454,0.005480041278458015,0.0013194233473396108,0.006080041278458015,0.0002055015479421756,two-phase,False,
0.05108338306879169,1.0003027977724175,3056.6205909699515,824.5379754063252,1.39976259865457,1154.157419144136,2753259.3517823825,671.1060102777797,586.8544979849213,285.6355934101611,4245453.3053335445,368363.82114389585,137.9678652230344,30.8539446134011,64792.90155672191,2.343754526986765,0.035663457496051085,8378.577218284392,0.7682491323364977,9140.393613970682,16.339524815958523,285.6355934101611,0.881421064695517,,,0.0008664329348950933,3.060064510025768e-05,0.00010940447886965664,4256.852872020691,30348.356407664636,2523785.8515866664,295.58280199717467,6021236.266132125,0.0650594382396853,0.047844056474279244,0.06508705173519719,0.1258936239727267,0.9920437467385265,0.0054750933065730294,0.0013192798172499487,0.006075093306573029,0.00020531599899648858,two-phase,False,
0.05117037453112355,1.0003038299377802,3056.620197727257,825.7978978253627,1.3997743870174466,1155.9307462287932,2757544.0968591496,671.0585143343756,586.6667727393223,285.6431787659712,4246215.312458912,368062.81491936423,138.19764345106822,30.8313511594704,64855.164496628204,2.343954427605407,0.0356637060794182,8397.217634850756,0.7678577744364444,9160.558016270541,16.337760334956712,285.6431787659712,0.8799079949306599,,,0.0008651037298406371,3.060394997533331e-05,0.0001091636555572104,4260.820074651169,30379.86240928596,2527760.631819177,295.58608815568834,6017113.5066920575,0.06537433353458731,0.04780348947832125,0.06540454954853962,0.12970570160562864,0.9915525356585961,0.005469995507513836,0.0013191317021626489,0.0060699955075138355,0.00020512483153176887,two-phase,False,
0.051260233349272,1.0003048979686997,3056.619790821067,827.0991050265234,1.39978328783282,1157.7595045976097,2761948.183942551,671.0222872164718,586.4873938608196,285.6507730558962,4246978.017670277,367761.5875675078,138.42828573171127,30.809564107375355,64919.155089542604,2.3441547163127727,0.03566396878971708,8415.997204644342,0.7674655642633267,9180.89086545593,16.336142829935216,285.6507730558962,0.8783935593589934,,,0.0008637372407904002,3.060698019141786e-05,0.00010892189163936207,4264.9151435252315,30412.311940110387,2531840.159748885,295.5893787966677,6012985.901911474,0.065689068145463,0.047761694132654506,0.06572204736188204,0.13352942761272288,0.9910448486125231,0.0054647433494778,0.0013189788480815496,0.0060647433494778,0.0002049278756054175,two-phase,False,
0.05135291943009866,1.000306001566747,3056.6193703651675,828.4409933082941,1.3997893646223387,1159.642891650116,2766469.955046968,670.9970594221718,586.3161275146158,285.65837627621823,4247741.566661546,367460.1347581963,138.65986366580404,30.788548804618316,64984.84481811687,2.3443553936800607,0.03566424557590122,8434.916520883995,0.7670724684089312,9201.392425946067,16.3346688134412,285.65837627621823,0.8768772490435371,,,0.0008623344369205317,3.0609742120303555e-05,0.00010867920350622174,4269.1359797163295,30445.69009135866,2536023.0330525893,295.59267392076026,6008854.180063362,0.06600364111244363,0.04771869908686606,0.06603954517522446,0.13733687119237178,0.9905243983926343,0.005459340432678211,0.0013188213366303117,0.006059340432678211,0.00020472526622543292,two-phase,False,
0.051448494388185086,1.0003071416500284,3056.618936009862,829.824430821589,1.3997925514510234,1161.5820572761454,2771111.776539991,670.9831049622335,586.1531965249128,285.6659784733667,4248505.841831491,367158.4519426966,138.89220883991376,30.768357307474417,65052.25496997152,2.3445561973642355,0.035664537026068005,8453.974471895908,0.7666785595042972,9222.062071421053,16.333341787039092,285.6659784733667,0.8753600597166948,,,0.000860894840563354,3.061222905387079e-05,0.00010843561800554084,4273.4851088108235,30480.0123181109,2540311.27053879,295.5959692152899,6004728.09901155,0.06631804519988149,0.047674486042832795,0.0663570429885669,0.14115702611396838,0.9899872190986408,0.005453784457705102,0.0013186590769441145,0.006053784457705102,0.00020451691716394133,two-phase,False,
0.05154695913815928,1.0003083184217134,3056.6184876778416,831.2494059720063,1.3997929031838205,1163.577019255381,2775873.886634648,670.9802009995437,585.998356267818,285.67358959614944,4249271.079670416,366856.5346462292,139.12556670040811,30.74892978342614,65121.39374437088,2.3447573905222914,0.035664843097794725,8473.17796828876,0.7662836789789652,9242.906994977822,16.332158329803473,285.67358959614944,0.8738404856663867,,,0.0008594188295674141,3.061444727042495e-05,0.0001081910702491494,4277.962281550219,30515.280595384582,2544705.196293845,295.5992689937831,6000598.493557077,0.06663227707814935,0.04762906521916008,0.06667454080190932,0.14495954597633234,0.9894375826854039,0.005448076708666294,0.001318492081837742,0.0060480767086662935,0.00020430287657498603,two-phase,False,
0.051648335229487946,1.0003095323382005,3056.618025195325,832.7162050102501,1.3997878167893198,1165.6259986163857,2780749.858677167,670.9901634472553,585.8541906022173,285.68120964084335,4250037.135673909,366554.3791332531,139.35974039957293,30.730311107254174,65192.269711513174,2.3449589737278638,0.035665164026173736,8492.426815648452,0.7658909610824105,9263.824644613807,16.33122736342383,285.68120964084335,0.8723200488866195,,,0.0008579081121963769,3.061619245592178e-05,0.00010794677558813919,4282.568178305054,30551.500314620836,2549197.0728495046,295.60257325688855,5996464.660197468,0.0669463321506022,0.04758243759762199,0.06699203861525174,0.1487759142741247,0.9888709356290628,0.005442217308935156,0.001318320329556803,0.006042217308935156,0.00020408314908506838,two-phase,False,
0.051752668459780375,1.0003107841550174,3056.617548274572,834.2254639739543,1.3997823917652756,1167.7341152329586,2785755.5928970096,671.0097660259034,585.7158855555899,285.6888386037222,4250804.22166006,366251.98004636756,139.5948697298133,30.712479459889202,65264.90598116471,2.3451609475562765,0.035665500160574896,8511.915608444735,0.7654943553887193,9285.01487182227,16.330336816288806,285.6888386037222,0.8707977324265168,,,0.0008563593261129514,3.061786205788919e-05,0.00010770041984905736,4287.3045692828,30588.684833236588,2553804.9039051835,295.605882005256,5992327.649867894,0.06726020419254158,0.04753459340572591,0.06730953642859418,0.15257321772122368,0.9882921699751506,0.00543620503046405,0.0013181437578515549,0.00603620503046405,0.00020385768864240186,two-phase,False,
0.051859936372478335,1.0003120738166957,3056.617056936824,835.7768306136186,1.399774130356082,1169.8987862439403,2790883.206401778,671.0404248230784,585.5856378648255,285.6964764810566,4251572.346788367,365949.33292797935,139.83096014231958,30.695420466249193,65339.28403198994,2.3453633125838116,0.03566585154352423,8531.551518534736,0.7650967890690052,9306.382376488355,16.329589632966826,285.6964764810566,0.8692735348327449,,,0.000854774799117952,3.061926302119559e-05,0.00010745313909800226,4292.170115767832,30626.824818993624,2558519.830195802,295.60919523953567,5988187.514794568,0.06757389179894888,0.04748555451206374,0.0676270342419366,0.15638558179531395,0.9876960817005103,0.00543004262134128,0.0013179624204993207,0.00603004262134128,0.000203626598300298,two-phase,False,
0.05197023383257554,1.0003134026865546,3056.6165506627945,837.3716484755538,1.399762934928645,1172.1217962961787,2796136.4341028584,671.0825191837703,585.4637428916267,285.7041332122482,4252341.532296678,365646.4330291252,140.0679885600199,30.679163983528106,65415.468464556056,2.34556633313519,0.03566621857704791,8551.335770732501,0.764698305400746,9327.929260028037,16.328990877900587,285.7041332122482,0.86774797986548,,,0.0008531536595940189,3.062038577513645e-05,0.0001072049296391206,4297.168789875789,30665.953136362303,2563345.0728720822,295.6125172748222,5984034.06532337,0.06788738527135943,0.04743528950068958,0.06794453205527902,0.1601857241453848,0.9870868927201996,0.005423726133722654,0.0013177761734757022,0.006023726133722654,0.00020338973001459952,two-phase,False,
0.05208350181193591,1.0003147702837538,3056.616029635793,839.0090347415592,1.3997488847755142,1174.401960696078,2801512.734653355,671.135735484313,585.3499469652988,285.71178890594666,4253111.787899717,365343.2759373486,140.3058805161371,30.663701052723486,65493.394021524844,2.3457694824635373,0.03566660150259699,8571.26623777812,0.7642989182657023,9349.652770520745,16.32853636376155,285.71178890594666,0.8662210317306601,,,0.0008514972160019994,3.062123811106954e-05,0.00010695584366009598,4302.297576085969,30706.04141060042,2568278.427724149,295.61583948310465,5979887.963880295,0.06820068612287569,0.04738383752705572,0.06826202986862145,0.16398551293508618,0.9864627471665702,0.00541726048802742,0.001317585133272062,0.00601726048802742,0.00020314726830102824,two-phase,False,
0.05219985369480141,1.0003161782160976,3056.6154932434006,840.6905981799401,1.3997318824529086,1176.7414335508693,2807016.70015391,671.2004648258039,585.24453009888,285.71945350289315,4253883.264108585,365039.8568302978,140.54474927237732,30.649037261341,65573.13603621405,2.3459730247291697,0.035667000817358185,8591.34710214274,0.7638986100952867,9371.558241649807,16.328230907334024,285.71945350289315,0.8646921983429671,,,0.0008498043592996091,3.062181095046977e-05,0.00010670584060991291,4307.561257334921,30747.12844876936,2573323.898832014,295.6191661792546,5975739.649409386,0.06851378318961063,0.04733115968512285,0.06857952768196388,0.16779172870655873,0.9858224666630725,0.0054106407951784894,0.0013173891260012335,0.006010640795178489,0.00020289902981919338,two-phase,False,
0.05231924124722605,1.0003176261477513,3056.614941613694,842.4156103496076,1.399712025023392,1179.1392598737662,2812646.413700287,671.2763226609186,585.1471428119289,285.7271369384327,4254655.971075671,364736.17119674647,140.7846403833437,30.635140859513232,65654.67187168561,2.3461772247634407,0.035667416278280274,8611.58190534651,0.7634972710058006,9393.648916327318,16.328069178364906,285.7271369384327,0.8631614946735602,,,0.000848076248523059,3.0622114258464336e-05,0.00010645490468159576,4312.95728899965,30789.199563699254,2578479.9046789464,295.622501679044,5971578.892743364,0.06882667752611546,0.04727729077725341,0.0688970254953063,0.17157518614564496,0.9851710285524475,0.005403871428569707,0.0013171882508339187,0.006003871428569707,0.000202645178571364,two-phase,False,
0.052441738879702486,1.0003191152366342,3056.614374305667,844.1851141944773,1.3996892544712796,1181.59683312262,2818404.8434211602,671.3635303499259,585.0579348385097,285.7348292670301,4255429.995370371,364432.21425127995,141.02551972339143,30.62203685570042,65738.02856344274,2.3463818192368406,0.03566784857243986,8631.973223973,0.7630948949820785,9415.928108991615,16.32805397332756,285.7348292670301,0.8616289023452447,,,0.000846312356269006,3.062214277444007e-05,0.00010620301986429393,4318.488662563998,30832.273684540407,2583749.0326094558,295.62584166845903,5967416.419437063,0.06913936088617519,0.04722221047059475,0.06921452330864872,0.1753768583485369,0.9845013750908616,0.005396949833099456,0.0013169824009393706,0.005996949833099455,0.0002023856187412296,two-phase,False,
0.052567357486898815,1.0003206458808984,3056.61379116777,845.9992337037462,1.399663529857825,1184.1142737028006,2824291.9687730744,671.4622635695646,584.9771010934329,285.7425304849335,4256205.283790385,364127.98134338914,141.26732359973542,30.60973603212995,65823.20667871373,2.3465868087349087,0.0356682979168343,8652.51342604585,0.762691675531564,9438.387961089593,16.328187910570964,285.7425304849335,0.8600949282809744,,,0.0008445130864548541,3.062189158640789e-05,0.00010595029618644298,4324.155485353383,30876.35209241757,2589131.1397271063,295.629186148155,5963251.973633999,0.06945183001027186,0.047165927521259976,0.06953202112199115,0.17915407369957795,0.9838210293934798,0.005389877109093355,0.0013167715770184,0.005989877109093355,0.0002021203915910008,two-phase,False,
0.05269611303805602,1.0003222185487899,3056.613192021762,847.8581652335064,1.3996349116189775,1186.691888162027,2830308.7131806724,671.5722716154442,584.9043468286227,285.7502505234102,4256981.9879154535,363823.46777077735,141.51016687722407,30.598211983212398,65910.22188670706,2.346792458600877,0.03566876437636778,8673.212974584065,0.7622873815666457,9461.03947142026,16.32846707788624,285.7502505234102,0.8585590784646558,,,0.0008426787188617433,3.062136804483953e-05,0.00010569663122332196,4329.958083889063,30921.44111899469,2594627.1894743396,295.6325394345849,5959076.034886777,0.06976408136866429,0.0471084487029382,0.06984951893533357,0.18295097665651522,0.9831220372570372,0.005382654107758286,0.0013165557717372668,0.005982654107758286,0.00020184952904093575,two-phase,False,
0.05282808085308799,1.0003238344449268,3056.612576408868,849.7629607091903,1.399603329654898,1189.331069225987,2836457.954275327,671.6938370697158,584.8398909813363,285.757979440965,4257760.158282869,363518.6686622579,141.75401532827684,30.587489427151393,65999.10095795762,2.3469985050056152,0.03566924865742909,8694.071916521722,0.7618820665362545,9483.883327034471,16.328895128086888,285.757979440965,0.8570213352216133,,,0.0008408087755168096,3.062056532777675e-05,0.00010544203945966208,4335.899445109924,30967.55968563975,2600239.6478627766,295.63589721306187,5954899.133557767,0.07007610660206494,0.04704975474937196,0.070167016748676,0.18672696059827784,0.9824118495751816,0.005375278408024933,0.0013163348789948716,0.005975278408024933,0.00020157294030093498,two-phase,False,
0.0529632207228319,1.0003254933702235,3056.6119444050905,851.71300329741,1.399568838138222,1192.0309784521717,2842737.8259722535,671.8267522756951,584.7835734371536,285.76572716613407,4258539.844443156,363213.579407344,141.99891512241604,30.57753883280773,66089.82537882305,2.347205213636435,0.035669750567899144,8715.088120118371,0.7614757592408424,9506.916932963573,16.329469258270816,285.76572716613407,0.8554817123152568,,,0.0008389043725176337,3.061948873486821e-05,0.00010518657174048452,4341.977341372245,31014.69548297494,2605966.8797399434,295.6392638004952,5950711.258733852,0.0703879070633982,0.046989878191017825,0.07048451456201843,0.19051354662116132,0.9816845667289603,0.005367754097791029,0.001316108986726647,0.005967754097791029,0.00020129077866716362,two-phase,False,
0.05310165518087705,1.0003271971331593,3056.61129532162,853.7100234301894,1.3995313567271601,1194.7939473428287,2849153.405415063,671.9713230892035,584.7355700146107,285.7734837601242,4259321.060340309,362908.19497774524,142.2448319674472,30.568399517954205,66182.44973960993,2.347412320329618,0.03567027104745032,8736.269523782834,0.7610683595696859,9530.149595590417,16.330193212058546,285.7734837601242,0.8539401925403165,,,0.0008369644006181634,3.0618131304826804e-05,0.00010493014721014433,4348.19685294519,31062.882755515875,2611813.3629116053,295.6426348817476,5946522.749685064,0.07069947040375334,0.04692877979191629,0.07080201237536085,0.19430318719907824,0.9809415229483763,0.005360076246520491,0.0013158779114023898,0.005960076246520491,0.0002010028592445184,two-phase,False,
0.053243334760772774,1.0003289454400457,3056.6106292705144,855.7532686133869,1.3994909455642521,1197.6189510614483,2855702.398678304,672.1273208297971,584.6957118555533,285.7812591487318,4260103.894350983,362602.51070614974,142.49181228637678,30.56003881328273,66276.94962074174,2.3476200911174216,0.03567080986650318,8757.612932297128,0.7606599152449307,9553.577529686085,16.331063972067405,285.7812591487318,0.8523967891741474,,,0.0008349901269629218,3.0616498769167657e-05,0.00010467283034995775,4354.555314046672,31112.106019633866,2617777.076675779,295.64601477418637,5942323.795523875,0.07101079909824622,0.04686649682238321,0.07111951018870327,0.19806402409792948,0.9801890850025492,0.005352249537739335,0.001315641757512137,0.0059522495377393346,0.00020070935766522503,two-phase,False,
0.053388338318491706,1.000330739588002,3056.609945757793,857.8438362252385,1.3994475468680412,1200.5074522012796,2862387.9013832132,672.2949661758926,584.6641457637826,285.7890433958745,4260888.398553684,362296.5216448201,142.73982172272707,30.552481836997302,66373.35283264371,2.34782826150054,0.035671367766429,8779.121089252501,0.760250418776088,9577.204252563275,16.33208435069978,285.7890433958745,0.8508514854823246,,,0.0008329810849290237,3.061458594405168e-05,0.00010441460510068548,4361.055810599852,31162.38495085735,2623860.714250602,295.64939916222227,5938124.909650361,0.07132188459868229,0.04680301032356624,0.07143700800204571,0.20184833458874132,0.9794167906584773,0.005344271589007915,0.0013154004160186865,0.005944271589007915,0.00020041018458779683,two-phase,False,
0.053536693567527965,1.0003325802569192,3056.6092445246286,859.9820845252985,1.399401148522723,1203.459916793668,2869210.821694244,672.4743168416426,584.6409112996025,285.7968563514317,4261674.624985886,361990.2229113539,142.98894761184448,30.545711325792173,66471.69313451361,2.3480373636392278,0.03567194471697612,8800.794285064814,0.7598398883199936,9601.030283810927,16.33325500695142,285.7968563514317,0.8493043085382463,,,0.0008309375210968899,3.061239169946226e-05,0.00010415548857149016,4367.6991165302215,31213.732738217135,2630065.050913457,295.6527966808471,5933905.8788587805,0.07163272289583686,0.046738324338531485,0.07175450581538813,0.20560185738003312,0.9786357219322624,0.005336142908392898,0.001315153863960604,0.0059361429083928975,0.00020010535906473368,two-phase,False,
0.053688402661423947,1.000334467819818,3056.608525429109,862.1680022874996,1.3993517992468278,1206.4763452540558,2876171.247209293,672.6651861971754,584.6258092226996,285.8046781524632,4262462.626056725,361683.6096662967,143.23911504071543,30.539736640902547,66571.93962657575,2.348246867259702,0.035672541276455444,8822.636535777141,0.7594282309674772,9625.059770399115,16.33457292662998,285.8046781524632,0.847755227314369,,,0.0008288600136535817,3.060992180486448e-05,0.00010389545871449001,4374.484850019392,31266.140234102866,2636390.2286425172,295.6561986973118,5929687.451520728,0.07194331245715709,0.046672454367895785,0.07207200362873055,0.20938060220319615,0.977834220827348,0.005327865443759246,0.0013149021214092275,0.0059278654437592455,0.0001997949541409717,two-phase,False,
0.05384357713877074,1.0003364040246798,3056.6077878055203,864.4031528238517,1.3992993893166208,1209.5588038697772,2883273.44726603,672.8679993458868,584.6191718971561,285.8125087951705,4263252.417874953,361376.6767866122,143.49033013211414,30.534583769163536,66674.15096616077,2.348456772965274,0.035673158183534955,8844.648500012117,0.759015512604483,9649.294354195647,16.336043948805546,285.8125087951705,0.846204240308803,,,0.000826747733802334,3.060716545369963e-05,0.00010363452116736248,4381.41750548397,31319.640925261196,2642839.9045986035,295.6596052122819,5925469.707105934,0.07225364175156446,0.0466053689140204,0.07238950144207297,0.2131490980176895,0.9770196835347,0.00531943523699694,0.00131464502773793,0.00591943523699694,0.00019947882138738525,two-phase,False,
0.0540021691243097,1.0003383886458956,3056.6070317400267,866.68680150606,1.399244016511082,1212.7063211964821,2890515.4244680526,673.082369630401,584.6206510916682,285.8203681211585,4264044.196133229,361069.4194630829,143.7427525905882,30.5301961862313,66778.31524301482,2.3486676139598996,0.03567379505315333,8866.833703791584,0.758601624828732,9673.73723924262,16.337662619579657,285.8203681211585,0.844650864085514,,,0.0008246019522792447,3.0604133017215176e-05,0.00010337266511058267,4388.494436939565,31374.22304433504,2649412.419745378,295.6630248621332,5921233.164432898,0.07256371415282716,0.04653710595673349,0.0727069992554154,0.2168994270281399,0.9761939553976272,0.005310857060791946,0.0013143826873466967,0.0059108570607919455,0.00019915713977969798,two-phase,False,
0.054164280893607794,1.0003404233464133,3056.60625659933,869.0203748469606,1.3991855939735376,1215.920789355351,2897901.1012654523,673.3086547861044,584.630515722757,285.8282461970173,4264837.91081497,360761.8325560217,143.99627690014432,30.52662043705402,66884.47271188612,2.3488791254180548,0.03567445276709674,8889.193345072592,0.7581866095173031,9698.390530517101,16.339433438016318,285.8282461970173,0.8430955912844635,,,0.0008224219938949917,3.060081623372997e-05,0.0001031098919819103,4395.7196892796355,31429.91335572213,2656111.1457607914,295.6664533308317,5916987.824923768,0.07287351905612412,0.0464676390792439,0.07302449706875783,0.22066974829367597,0.9753485849623229,0.005302127595512381,0.0013141149567246102,0.005902127595512381,0.0001988297848317143,two-phase,False,
0.05432992268858944,1.0003425086526279,3056.6054621831304,871.4039724718798,1.3991241280035598,1219.2023231235569,2905430.6261930913,673.5468253282793,584.6487369238421,285.83614301477826,4265633.616764923,360453.9110801312,144.25090958696694,30.523850393191683,66992.62090231637,2.3490913084727505,0.03567513158462106,8911.726759736961,0.7577704935032507,9723.253589095,16.34135603104864,285.83614301477826,0.8415384196650609,,,0.0008202084108878929,3.0597215986849444e-05,0.0001028462325739954,4403.093183314399,31486.71193073594,2662936.189285817,295.66989061974084,5912733.971934032,0.07318305467271327,0.04639698198594142,0.07334199488210025,0.22440423738828194,0.9744961458323904,0.0052932485633026575,0.0013138418454551896,0.005893248563302657,0.00019849682112384965,two-phase,False,
0.05449911630289926,1.0003446452472717,3056.604648231576,873.8378591394614,1.3990596174012084,1222.551260878346,2913104.634464392,673.796885740323,584.6753075090493,285.84404864791304,4266431.369327257,360145.6500379816,144.50661607983906,30.521892097107525,67102.75157828088,2.3493038974360516,0.035675831999389056,8934.433739490396,0.7573532994414377,9748.326348342565,16.343430470366954,285.84404864791304,0.8399793341490626,,,0.0008179616119176439,3.059333234271554e-05,0.00010258171138987591,4410.615343306991,31544.61901635054,2669888.0815833234,295.6733324116772,5908482.091288775,0.07349231830226063,0.04632514372559929,0.07365949269544268,0.22816840596359234,0.9736216814143127,0.005284221101265157,0.001313563344610603,0.005884221101265157,0.0001981582912974434,two-phase,False,
0.054671971887113584,1.000346834946306,3056.6038140531177,876.3235687445625,1.3989920604386874,1225.9697150489392,2920927.9794333596,674.0588428531073,584.7100879601518,285.8519829269013,4267231.36008381,359837.0441149358,144.76363063716641,30.52072183097205,67214.94578270965,2.3495174269208903,0.03567655442331007,8957.331989271912,0.7569346930484306,9773.628120637324,16.34565575610298,285.8519829269013,0.8384173397561785,,,0.0008156808343019153,3.058916738860813e-05,0.00010231614991453055,4418.290501918539,31603.67406376891,2676971.2644675197,295.6767873448783,5904212.722678833,0.07380129859201273,0.04625209641872775,0.0739769905087851,0.231920335097479,0.9727347830566526,0.005275041705959872,0.0013132793008076328,0.005875041705959871,0.00019781406397349522,two-phase,False,
0.05484845069537552,1.0003490776972415,3056.6029596680182,878.8604920970097,1.3989214110034707,1229.4567596795534,2928898.0390889733,674.3328911766598,584.7533803801834,285.85993592379305,4268033.442520837,359528.088385147,145.02170150452676,30.52037256940108,67329.15889890239,2.3497316314232735,0.03567729905742476,8980.401521046195,0.7565151166745224,9799.137764349025,16.348035466187145,285.85993592379305,0.8368539489087443,,,0.0008133673609315392,3.058471466092403e-05,0.00010204979499708379,4426.11636056663,31663.857409184133,2684183.1432269053,295.680251102399,5899935.374817944,0.07410999910727012,0.046177875691417423,0.07429448832212752,0.2356522207554781,0.9718374508388794,0.005265714854293383,0.0013129898063241655,0.005865714854293383,0.00019746430703600185,two-phase,False,
0.055028653679153036,1.0003513752344673,3056.6020844158315,881.4500270623824,1.398847666954636,1233.0143138933145,2937019.202100236,674.6190295505339,584.8050533006613,285.86791754491395,4268837.848481379,359218.7775568136,145.28102248992292,30.520825973868895,67445.4535227637,2.349946779444965,0.03567806645481297,9003.657969492062,0.7560942792896146,9824.872358782442,16.350568835350888,285.86791754491395,0.8352881527409756,,,0.0008110205929746604,3.057997584273464e-05,0.00010178249278791914,4434.096804720671,31725.201773119534,2691527.7247243645,295.6837280048661,5895641.004782906,0.07441840954539057,0.04610245867170484,0.07461198613546996,0.23940710865091336,0.9709192738469093,0.005256237672089996,0.0013126947248145555,0.005856237672089996,0.00019710891270337486,two-phase,False,
0.05521260919848106,1.000353728388606,3056.601187980419,884.0925259891269,1.3987708152466065,1236.6428233312427,2945292.2539795088,674.917327117877,584.8651637895985,285.87591786505254,4269644.597803415,358909.10644799337,145.54155991089718,30.522089243290676,67563.82408774407,2.350162605140798,0.0356788571595516,9027.099383222157,0.7556722445052655,9850.830068726933,16.353256518905994,285.87591786505254,0.8337199361916942,,,0.0008086409277872336,3.057494997537342e-05,0.00010151428793545664,4442.23248020814,31787.70908333812,2699005.6374755264,295.6872137348775,5891339.917106999,0.07472652703481424,0.04602585361037348,0.07492948394881238,0.2431218863598436,0.9699957465746081,0.005246611196173739,0.0013123940400341732,0.0058466111961737385,0.0001967479198565152,two-phase,False,
0.0554003248200087,1.0003561377375396,3056.600270141936,886.7880412339586,1.398690875318696,1240.3423416156772,2953717.2347643287,675.2276960856484,584.9336257168372,285.8839368761353,4270453.680541579,358599.06993330125,145.80324768059745,30.524169876656934,67684.26502142014,2.3503791096694653,0.03567967143748034,9050.726389601896,0.7552490084173558,9877.011563579046,16.356097486245222,285.8839368761353,0.8321498063723036,,,0.0008062290276226433,3.0569639268809605e-05,0.00010124519887042016,4450.523100770843,31851.377972823215,2706616.910592777,295.69070829381735,5887032.076748712,0.07503435107881673,0.04594807771898132,0.0752469817621548,0.24686872467693258,0.9690489320856738,0.005236837589412779,0.0013120877703464901,0.005836837589412779,0.00019638140960297922,two-phase,False,
0.05559194174040829,1.0003586055943043,3056.5993300195523,889.53854191542,1.3986077602923086,1244.1155078020113,2962299.790862238,675.550486656321,585.010647957387,285.8919745700724,4271265.2258895645,358288.6625127718,146.06616667707445,30.527084826817937,67806.84890954974,2.350596294193807,0.03568051023986145,9074.5471266851,0.7548244775440006,9903.426480587843,16.35909580484544,285.8919745700724,0.8305772513446246,,,0.0008037838880143114,3.05640364213714e-05,0.0001009751525858394,4458.974260479179,31916.25021368721,2714366.498124715,295.69421168307264,5882718.1229595,0.07534186728501654,0.045869093453295685,0.07556447957549724,0.2506138119135732,0.9680871434319063,0.005226912133859692,0.0013117757171589015,0.005826912133859692,0.00019600920501973844,two-phase,False,
0.05578741815759927,1.0003611319381607,3056.598367621497,892.3433678947133,1.3985215298312963,1247.9614120029257,2971037.832234192,675.885467640238,585.0960557260214,285.9000408474841,4272079.293607156,357977.8790558831,146.33036639005064,30.530802096078595,67931.55313778175,2.350814427947861,0.03568137341632948,9098.558845719517,0.7543986924716418,9930.071540024775,16.362248469245582,285.9000408474841,0.8290022797388303,,,0.00080130682758455,3.0558147368303203e-05,0.00010070420902501423,4467.583456901307,31982.311796482358,2722252.5477771433,295.697728224227,5878388.196700113,0.07564908065713291,0.04578893943895861,0.07588197738883966,0.25431404091543613,0.967121692752914,0.0052168396833558095,0.0013114579811590835,0.005816839683355809,0.00019563148812584287,two-phase,False,
0.05598683148038046,1.0003637183001346,3056.597382364875,895.2035685821285,1.3984321461208287,1251.8814476273303,2979934.2669926696,676.2327938165836,585.18993400405,285.908135695998,4272895.983757449,357666.71418736153,146.59585489054555,30.535334255730227,68058.41223826294,2.3510335126433306,0.035682261602971554,9122.765262233157,0.7539716207094079,9956.951220686702,16.365557239352224,285.908135695998,0.827424888319002,,,0.000798797683195388,3.055196915615633e-05,0.00010043234900281382,4476.353429587333,32049.583621295347,2730277.5932233664,295.7012579193857,5874042.811199434,0.07595598377904508,0.045707605557450175,0.07619947520218208,0.2580519972310277,0.9661310297910308,0.005206618966370415,0.001311134469679617,0.005806618966370415,0.00019524821123889055,two-phase,False,
0.056190270241954166,1.0003663663812965,3056.596373602036,898.1203502078648,1.3983395442020359,1255.8772011482386,2988992.319009226,676.5927265285686,585.2924737897963,285.91624919731885,4273715.250620109,357355.1624367654,146.86252367203986,30.540721124533206,68187.45414141328,2.3512532815708083,0.03568317567349069,9147.167219655661,0.7535433016559011,9984.067115142354,16.369025437209324,285.91624919731885,0.8258455730765912,,,0.0007962561937470542,3.054549593792082e-05,0.00010015958311050896,4485.287379112926,32118.086406512375,2738444.387936581,295.70479644999176,5869691.922534405,0.07626256806269828,0.045625077969447106,0.0765169730155245,0.26176823444047226,0.9651307639060719,0.005196248243802858,0.0013108050734053247,0.005796248243802858,0.00019485930914260718,two-phase,False,
0.05639772214112309,1.000369076590797,3056.5953411774913,901.0934712172893,1.3982437909616034,1259.948351205613,2998211.316646914,676.9650065070259,585.403425526965,285.924391247734,4274537.334725924,357043.21852068714,147.13057188575542,30.5469080947713,68318.67279919914,2.351474004523221,0.03568411563746993,9171.768606084774,0.7531136419894299,10011.42308296418,16.372649339136096,285.924391247734,0.8242633222197082,,,0.0007936833276087269,3.053873503568131e-05,9.98858995082965e-05,4494.384057325313,32187.81540980186,2746752.404782837,295.70834813835626,5865326.561380338,0.07656883606879615,0.04554138428686124,0.07683447082886694,0.26547299838340715,0.964118295194798,0.005185730985468312,0.0013104698473104335,0.005785730985468312,0.0001944649119550617,two-phase,False,
0.056609294590229356,1.0003718509193833,3056.594284333279,904.1244040497228,1.398144796771231,1264.09683115601,3007595.18627893,677.3499795053808,585.523051172041,285.93256183476774,4275362.121169016,356730.8768889505,147.39985809754356,30.553946981491084,68452.11902980748,2.3516956832345186,0.03568508230429041,9196.570286515496,0.752682695342277,10039.0209079469,16.376433584716555,285.93256183476774,0.8226791522851796,,,0.0007910786384026493,3.053167818337622e-05,9.961130763343653e-05,4503.647449391655,32258.800742778043,2755204.992361805,295.71191298660375,5860946.199301934,0.07687477739991067,0.04545650420707984,0.07715196864220936,0.2692002436400201,0.9630842272741018,0.005175064640065219,0.001310128653720879,0.005775064640065219,0.00019406492400244571,two-phase,False,
0.0568250314917702,1.000374690552978,3056.5932026180485,907.213708400309,1.3980425768920886,1268.3233906837957,3017145.514129219,677.7476051221488,585.6512662212745,285.9407609459052,4276189.854208072,356418.1320468943,147.67054089675878,30.561808081198702,68587.80622880095,2.3519183194465203,0.035686076158282586,9221.577237541544,0.7522503763171237,10066.866062492914,16.380377060246985,285.9407609459052,0.8210920400644773,,,0.0007884424487834026,3.052432786870542e-05,9.933578074767435e-05,4513.078730133546,32331.05191321578,2763803.57329942,295.71549099686604,5856552.043194616,0.07718038878594057,0.04537044374418414,0.07746946645555178,0.2728908009977146,0.9620450149191698,0.005164249963345312,0.0013097814588540558,0.0057642499633453114,0.0001936593736254492,two-phase,False,
0.05704494948001259,1.0003775963372943,3056.5920957100643,910.3615517174828,1.397937122113073,1272.6282076903294,3026862.4260278903,678.157916947604,585.7881148788601,285.94897866844246,4277020.418741815,356104.9785811975,147.9424356726447,30.57052457701622,68725.71895547675,2.352141645749609,0.035687097713643305,9246.78545109566,0.7518167889830939,10094.954462194466,16.384480415878837,285.94897866844246,0.8195029927171146,,,0.0007857754479722577,3.051668330693176e-05,9.905938691897948e-05,4522.677865714226,32404.565940777688,2772548.16237958,295.719077849652,5852153.689003449,0.07748567025531448,0.04528322017353705,0.07778696426889421,0.2765956430999077,0.9609863943980417,0.005153289126194721,0.0013094282736368058,0.0057532891261947204,0.00019324834223230204,two-phase,False,
0.05726917664508771,1.0003805706148927,3056.5909627174146,913.56969439821,1.3978283913277603,1277.0136562864434,3036751.0974155203,678.5810781196301,585.9336219329624,285.95723479153264,4277854.0624812655,355791.41075228964,148.21578667743043,30.580073589920953,68865.94407385399,2.3523662020369684,0.03568814756572823,9272.207741603506,0.7513817282901725,10123.30045825835,16.38874515505875,285.95723479153264,0.8179110062596515,,,0.0007830769820488848,3.050874214403559e-05,9.878201324986097e-05,4532.449663783848,32479.386304085703,2781443.379151015,295.7226821901261,5847732.100705129,0.07779060937828235,0.04519480717101777,0.07810446208223663,0.28031162292861306,0.9599090550938287,0.005142178820626866,0.0013090689311631735,0.005742178820626866,0.00019283170577350748,two-phase,False,
0.05749772771328177,1.0003836142549847,3056.58980330946,916.838271772318,1.397716370668505,1281.4798617115887,3046811.47289393,679.0171516218215,586.087869301613,285.96551940095304,4278690.781919636,355477.42303390504,148.49048479111022,30.590471617577936,69008.46426531023,2.352591721099933,0.03568922622844935,9297.838194385251,0.7509453389094295,10151.8979639551,16.393172296302986,285.96551940095304,0.8163165775804644,,,0.000780347807155054,3.050050295102192e-05,9.850374812183473e-05,4542.393960482846,32555.509122411022,2790489.0478950106,295.7262996990531,5843297.417505447,0.07809520676967442,0.04510522396788841,0.07842195989557905,0.28398120406254523,0.9588298471257488,0.0051309214633134155,0.0013087034477474294,0.005730921463313415,0.0001924095548742531,two-phase,False,
0.05773064106603607,1.0003867284598165,3056.588617028717,920.1677558675037,1.3976010725953383,1286.0274425680686,3057044.791891895,679.4660994973019,586.2507880924343,285.9738324840333,4279530.644972384,355163.00985542015,148.76653866785574,30.601717616405416,69153.28831224781,2.352818204713565,0.035690334171653876,9323.68004371109,0.7505075724607718,10180.750586397533,16.397760978419363,285.9738324840333,0.8147197033708009,,,0.0007775883833420379,3.0491967815486278e-05,9.822458486863402e-05,4552.5116070837785,32632.941606737106,2799686.2585923695,295.7299303785939,5838849.991169576,0.07839946062059433,0.04501448079777748,0.07873945770892149,0.2876800988315558,0.9577265584373581,0.005119518340250057,0.0013083318025798908,0.005719518340250057,0.00019198193775937718,two-phase,False,
0.05796805732136532,1.0003899158284697,3056.58740288564,923.5600772017597,1.3974824037558942,1290.6589567008944,3067456.370216612,679.9282906617095,586.4226233799649,285.9821740280643,4280373.721883034,354848.1653541045,149.04395703855448,30.613840087446782,69300.48335315366,2.353045654661538,0.03569147242061193,9349.738422273318,0.7500684038062302,10209.864806265667,16.402515801389686,285.9821740280643,0.8131203803125047,,,0.0007747980167868207,3.048312868917572e-05,9.794448986105208e-05,4562.807866778595,32711.723424551106,2809039.6129105254,295.7335742309167,5834390.183920261,0.07870335738437452,0.04492254883227678,0.07905695552226391,0.29138424432926596,0.956606095609192,0.005107965828752175,0.0013079538131686849,0.005707965828752175,0.00019154871857820658,two-phase,False,
0.058209979153961165,1.0003931771413759,3056.5861605834816,927.0151919552811,1.3973604266669943,1295.3743441574172,3078046.0859080427,680.4034765654706,586.6031224647318,285.99054402029805,4281220.114791506,354532.8838867306,149.3228258416037,30.626811150209935,69450.03672187368,2.353274072735984,0.035692641263649454,9376.018402902217,0.7496277221358781,10239.245815447473,16.40743318837754,285.99054402029805,0.8115180945798058,,,0.0007719776175206365,3.0473992748249178e-05,9.766344299414578e-05,4573.281987466485,32791.850053120994,2818549.067638896,295.73723125819663,5829918.510607319,0.07900689978230536,0.04482945354160214,0.07937445333560633,0.2950378067118382,0.9554855794886011,0.005096267129501486,0.0013075695182789347,0.005696267129501486,0.00019111001735630574,two-phase,False,
0.058456458730581924,1.0003965138651107,3056.584889564145,930.5337615067995,1.3972350923614711,1300.1744262044201,3088815.3118253364,680.8918674805859,586.7924829671429,285.99895233935354,4282069.862518563,354217.1597546186,149.6031202081221,30.640639979491226,69601.97677162196,2.353503731017731,0.03569384108886993,9402.514965206014,0.7491856754895421,10268.888780216243,16.4125160212077,285.99895233935354,0.8099133613269435,,,0.0007691275723052676,3.0464555181784245e-05,9.73815201822589e-05,4583.935346105618,32873.33632463876,2828215.6731649423,295.74090578571304,5825425.090562566,0.07931008503434951,0.04473520158291708,0.07969195114894875,0.2987244368065889,0.9543394107206232,0.005084423079061827,0.0013071788787417007,0.005684423079061827,0.00019066586546481854,two-phase,False,
0.05870764014519328,1.0003999287449916,3056.5835887824783,934.1177561949823,1.397106357031662,1305.061855396162,3099769.804363577,681.3936377876903,586.9907257412899,286.00738907805066,4282923.111218741,353900.98694685113,149.88488415725558,30.655347842719124,69756.35816303389,2.353734361414099,0.035695073130795514,9429.241443224462,0.7487420536329387,10298.808693957073,16.41776581446984,286.00738907805066,0.8083056579242255,,,0.0007662472057283768,3.0454813745687845e-05,9.70986091417311e-05,4594.773260206331,32956.218735200215,2838044.5517849964,295.744593493054,5820920.750282366,0.07961289957956708,0.04463976531736207,0.08000944896229119,0.30241616340591476,0.9531759880058073,0.005072430204231681,0.0013067817113235018,0.005672430204231681,0.00019021613265868807,two-phase,False,
0.05896353302192126,1.000403422734956,3056.5822578757216,937.7672239979903,1.396974201755469,1310.0366191770345,3110909.1008989112,681.9088667966344,587.1979662292587,286.0158641119594,4283779.861556869,353584.3597192875,150.1680926266255,30.67093101589988,69913.1839754851,2.3539662364067033,0.035696337557398296,9456.189819553068,0.748297046050302,10328.997237981052,16.423184038282184,286.0158641119594,0.8066954991434272,,,0.0007633374406191794,3.0444766303203318e-05,9.681481918911464e-05,4605.795209740494,33040.49824264964,2848035.127873198,295.7482987060123,5816395.4362127995,0.07991534609681006,0.04454316912440827,0.08032694677563361,0.30605892490786235,0.9520125705494877,0.005060291568625745,0.0013063780471749913,0.005660291568625745,0.00018976093382346547,two-phase,False,
0.05922419447614494,1.0004069974593937,3056.5808962257647,941.4828883485774,1.396838658110132,1315.099694394478,3122235.335927594,682.4374383298295,587.4140243844992,286.0243675367441,4284640.261404209,353267.2722111006,150.4527901813234,30.687385053119197,70072.45822977633,2.3541990875450534,0.03569763513514143,9483.36908040158,0.7478504849990143,10359.464118918884,16.428768480807854,286.0243675367441,0.8050823626902813,,,0.0007603986254900911,3.0434417563562466e-05,9.653008963791462e-05,4617.002704610422,33126.183364741424,2858189.352902843,295.75201710370015,5811859.969046842,0.08021742188470807,0.04444541972517364,0.08064444458897603,0.30972667161729917,0.9508256353763659,0.005048008016844612,0.0013059678433124612,0.005648008016844612,0.00018930030063167295,two-phase,False,
0.059489762020905966,1.0004106556821846,3056.5795027804843,945.2666151721061,1.3966996446515083,1320.2535455118145,3133753.580827581,682.9796806245527,587.6391114721686,286.03290922490356,4285504.387685707,352949.718318344,150.73903009336803,30.704726405009595,70234.25594728297,2.3544331877141356,0.035698966745760966,9510.7845610072,0.7474023386363422,10390.215975261823,16.434523145225086,286.03290922490356,0.8034662520925452,,,0.0007574302704200171,3.0423760737181528e-05,9.624439014366119e-05,4628.400677573373,33213.31526113682,2868511.6118373033,295.75575301242765,5807304.671743676,0.08051911467146079,0.04434649454591979,0.08096194240231847,0.3134053778643935,0.9496194338395127,0.0050355767121886535,0.0013055509319183467,0.005635576712188653,0.0001888341267070745,two-phase,False,
0.059760273330285496,1.0004143988329195,3056.578076996043,949.118843938203,1.396557140073102,1325.4986982798257,3145464.598186966,683.5356875398988,587.8733208061917,286.04148915893734,4286372.243855447,352631.6921061486,151.02674400241358,30.722967437021275,70398.5819740673,2.354668539342009,0.03570033289218867,9538.43213153441,0.74695272315764,10421.248749744245,16.440449392930667,286.04148915893734,0.8018476739127728,,,0.0007544330306002989,3.0412793960182023e-05,9.595779008965137e-05,4639.989738105501,33301.89960458302,2879002.4413040564,295.75950643517325,5802729.598445373,0.0808204245474171,0.04424640918408198,0.08127944021566089,0.31704282387605337,0.9484112229558957,0.0050229996146893925,0.0013051273038131792,0.005622999614689392,0.00018836248555085223,two-phase,False,
0.06003578065945006,1.000418228570732,3056.5766182412035,953.0402193495393,1.3964111625455473,1330.8360006545536,3157370.12569603,684.1053865168433,588.1165347176222,286.0501073212731,4287244.023411668,352313.1875949436,151.3160207021427,30.742092462903035,70565.4490448733,2.3549051448707927,0.035701734160188375,9566.317628785542,0.7465015414327686,10452.568836963675,16.446545960880304,286.0501073212731,0.8002261129782382,,,0.0007514073856644723,3.0401520245606478e-05,9.567026207602436e-05,4651.771099543821,33391.946536003794,2889663.3894659635,295.7632773749283,5798135.713363313,0.08112135013656704,0.04414517424532221,0.08159693802900331,0.32068475678449043,0.947185983197636,0.00501027805709362,0.0013046969280216267,0.0056102780570936196,0.00018788542714101076,two-phase,False,
0.060316403741433655,1.000422147529917,3056.575125513325,957.0323430990981,1.3962616599003248,1336.2675679538438,3169474.5047092964,684.688999770899,588.3688729421549,286.05876369426727,4288119.765822217,351994.1986067184,151.6068708408188,30.76212049713975,70734.90743375651,2.3551430067569887,0.03570317151922728,9594.446669388253,0.7460487407806015,10484.18298876799,16.452815258147332,286.05876369426727,0.798601564889144,,,0.00074835311728118,3.0389935834987455e-05,9.538177663164875e-05,4663.748828999571,33483.487249575635,2900498.2207957944,295.76706583469723,5793523.241426169,0.08142188197493665,0.0440427762838049,0.08191443584234574,0.32434982301376525,0.9459372031540673,0.004997410349747806,0.001304259669739892,0.005597410349747806,0.00018740288811554273,two-phase,False,
0.060602231766533184,1.0004261579643432,3056.5735979547203,961.0963779729834,1.3961085913754983,1341.7949104279553,3181780.7044685544,685.2866898431448,588.6304355283281,286.067458260205,4288999.59432657,351674.7189531562,151.89930516816227,30.78306146889545,70906.98950486162,2.355382127470961,0.03570464577456159,9622.821293052199,0.7455943310802441,10516.093982142918,16.45925929482666,286.067458260205,0.7969740252310162,,,0.0007452703779306017,3.0378037738135397e-05,9.509234148135912e-05,4675.925648074048,33576.54306850807,2911509.4601449636,295.77087181749766,5788892.8077984685,0.08172201459246893,0.04393921405122811,0.08223193365568816,0.32798771418597894,0.944681988471812,0.004984396335785702,0.0013038154438367998,0.0055843963357857015,0.00018691486259196383,two-phase,False,
0.060893301221708974,1.0004302614254061,3056.572034975315,965.2327340799469,1.3959519729678718,1347.418539512075,3194289.6046524104,685.8984016667509,588.9011520382761,286.0761910013004,4289883.55019409,351354.7425353156,152.19333453654593,30.8049101998815,71081.6975098868,2.355622509497625,0.03570615743631135,9651.44296356134,0.7451383022289062,10548.303527272243,16.465877212433227,286.0761910013004,0.7953434895746556,,,0.0007421598936601528,3.036582828532541e-05,9.480197430937948e-05,4688.302003418821,33671.1185804626,2922697.8393910564,295.77469532636013,5784244.64452736,0.08202174939631104,0.0438345060439229,0.08254943146903058,0.331596579944351,0.9434212782046044,0.004971238339524819,0.0013033642485704524,0.005571238339524819,0.0001864214377321807,two-phase,False,
0.06118970158523706,1.0004344602458979,3056.5704356874467,969.4425716188514,1.395791756322414,1353.1399496935942,3207004.057661507,686.5243378039995,589.1811700814324,286.08496189969634,4290771.641437661,351034.26314521366,152.4888896274436,30.8276923049106,71259.06295098185,2.3558641553360835,0.035707707318337736,9680.311604178114,0.7446807092432675,10580.81220118264,16.472671542812495,286.08496189969634,0.7937104647834585,,,0.0007390218581798879,3.0353303573163547e-05,9.451070305247719e-05,4700.8805693523045,33767.23482106423,2934065.7412440456,295.7785363643281,5779578.824454388,0.08232108147986421,0.043728652199797095,0.08286692928237302,0.33524736683844775,0.9421301412373384,0.004957936353162424,0.0013029060013297618,0.005557936353162424,0.0001859226132435909,two-phase,False,
0.06149159968370385,1.0004387579065952,3056.5687987662554,973.7281444561172,1.395627895883942,1358.9621614102662,3219930.5376394764,687.1646835714764,589.4705046402098,286.09377093746514,4291664.10711393,350713.2742751745,152.78614175348426,30.85140577749613,71439.15977220233,2.3561070674995728,0.03570929668567693,9709.442381969222,0.7442213165501994,10613.637039135756,16.479643786682978,286.09377093746514,0.7920739238596013,,,0.0007358556613248508,3.034046163085422e-05,9.4218409421077e-05,4713.667256414787,33864.93673587004,2945618.91591682,295.7823949344583,5774896.523084452,0.08261999638413119,0.04362162597713899,0.08318442709571544,0.33889174750068,0.9408253735289749,0.004944487041368658,0.0013024405022213188,0.0055444870413686575,0.00018541826405132466,two-phase,False,
0.061799004094471026,1.000443155686063,3056.567123725729,978.0894553726026,1.3954603848630893,1364.8850878247815,3233068.346357579,687.8194722218777,589.769233588536,286.10262796989645,4292560.999589569,350391.76972917136,153.08506607717973,30.876043958292563,71621.98621255593,2.3563515211401125,0.0357109257365505,9738.827077955559,0.7437603128122706,10646.769471970965,16.486794889136434,286.10262796989645,0.7904343786432182,,,0.000732662411598108,3.0327301538121437e-05,9.392520450758634e-05,4726.661229557123,33964.223382180084,2957356.5614696587,295.7862753659607,5770188.0063556135,0.08291849998358371,0.043513457960344,0.08350192490905786,0.3424860546197329,0.9395229121160427,0.004930894247491996,0.001301967797500074,0.005530894247491996,0.00018490853428094987,two-phase,False,
0.062112007690851304,1.0004476561014828,3056.565409608133,982.5277005005324,1.3952892324191595,1370.9103210619496,3246420.832859006,688.4886776857797,590.0772409991038,286.1115231025291,4293462.442715699,350069.7431208936,153.38571127567485,30.901608480426496,71807.5605785007,2.3565972465797063,0.03571259548419536,9768.475489596356,0.7432975345140059,10680.220306829506,16.494123763252286,286.1115231025291,0.7887913075120041,,,0.0007294423162744657,3.0313826134490623e-05,9.363102738251067e-05,4739.865196332644,34065.112357902086,2969281.66495025,295.7901733362995,5765463.925538021,0.08321658781845229,0.04340414937925552,0.08381942272240028,0.3460958046350553,0.9381991760889655,0.004917158126079121,0.0013014878048270833,0.0055171581260791205,0.00018439342972796703,two-phase,False,
0.062430741353807946,1.00045226226928,3056.563655227556,987.0446101047,1.3951143509970356,1377.0401006313407,3259992.32716809,689.172665180527,590.394807082997,286.12046618737935,4294368.414552777,349747.18793627864,153.68797086120614,30.92814224504269,71995.94803242576,2.356844519408106,0.03571430684131166,9798.387349541881,0.7428330648207562,10713.990268033944,16.501635032161126,286.12046618737935,0.7871457335205659,,,0.0007261952644236892,3.0300027786671867e-05,9.33359070694306e-05,4753.283424147359,34167.64045909868,2981397.8526218142,295.7940931752378,5760714.203573447,0.0835142508456956,0.04329368919563013,0.08413692053574272,0.34972698937913693,0.93685166002938,0.004903277290023453,0.0013010003857434468,0.005503277290023453,0.0001838728983758795,two-phase,False,
0.06275531490980535,1.0004569770604876,3056.561859491617,991.6416106900564,1.3949357170554961,1383.2763012700009,3273786.6596996277,689.8715195400619,590.721925216124,286.12945720151686,4295279.163323276,349424.0976053906,153.9920192940502,30.955625275562255,72187.18802111165,2.3570933428130543,0.03571606077002425,9828.570251829955,0.742366803453006,10748.088030668669,16.50932957427751,286.12945720151686,0.7854966282217716,,,0.0007229213708655959,3.0285905781360678e-05,9.303980365127204e-05,4766.919244693771,34271.833817649815,2993708.4700598344,295.7980348866785,5755940.072387445,0.08381148301088197,0.043182074835844846,0.08445441834908514,0.3533341322576012,0.9354971891896672,0.00488925141591399,0.0013005054364440562,0.0054892514159139896,0.00018334692809677462,two-phase,False,
0.06308578114072459,1.0004618025675183,3056.5600216045536,996.3193164943127,1.394753322658832,1389.619677109619,3287805.030700983,690.5852985497168,591.0586400217023,286.1384961218977,4296194.7046384085,349100.4656612182,154.29778731906435,30.984070727782317,72381.28787005969,2.3573437200040774,0.035717857902018174,9859.022116109594,0.7418988234534369,10782.511737831728,16.51720794874051,286.1384961218977,0.7838444978341174,,,0.0007196213586151716,3.0271460016226692e-05,9.274276943204067e-05,4780.773555434203,34377.700631655505,3006214.442355494,295.8019984745452,5751141.654573212,0.08410828597015602,0.04306932413322565,0.08477191616242756,0.3569111453203555,0.9341383379061755,0.004875082744752568,0.0013000029419923697,0.005475082744752568,0.0001828156029282213,two-phase,False,
0.0634222430276161,1.0004667416618664,3056.5581404739382,1001.0790484831336,1.3945671645941593,1396.0719701777425,3302051.016417939,691.3140220080868,591.4048810273773,286.14757305992003,4297115.170146789,348776.2854955669,154.60532490479153,31.01348112919096,72578.26854225132,2.357595380564269,0.03571969932785404,9889.751495188875,0.7414289948496732,10817.270971838492,16.525269780146964,286.14757305992003,0.7821888213894351,,,0.0007162954499205967,3.0256692123761105e-05,9.244475825773282e-05,4794.849326407189,34485.26055646937,3018918.9178884923,295.8059796153216,5746329.6087179445,0.08440465527301161,0.042955438391478924,0.08508941397577,0.36050820590340454,0.9327560417795794,0.004860771440367762,0.001299492812716274,0.005460771440367762,0.00018227892901379107,two-phase,False,
0.06376485217259682,1.000471797991432,3056.5562147117134,1005.9228098322584,1.3943771482082576,1402.635778891542,3316529.711457324,692.0580596181144,591.7609148020152,286.1567077247958,4298040.62135166,348451.55033697694,154.91465127935064,31.04387785225072,72778.21709556595,2.357848874833359,0.03572158594730572,9920.760692086758,0.740957360148358,10852.369288945392,16.533520059511066,286.1567077247958,0.7805301130550688,,,0.0007129434562051938,3.0241593937666665e-05,9.214577696122407e-05,4809.151511840177,34594.55960040766,3031826.2049080203,295.8099869676245,5741484.299031942,0.08470058047183779,0.042840403581008844,0.08540691178911242,0.3641186232133271,0.931352579976687,0.004846315739748567,0.0012989748877087939,0.005446315739748566,0.00018173684024057126,two-phase,False,
0.0641137055261752,1.0004769744650492,3056.5542432113857,1010.8518250839571,1.3941832790909783,1409.3127121706514,3331244.3581802775,692.8174164503266,592.1266653637517,286.16588036386,4298971.237925956,348126.2534252526,155.22577270421058,31.075269569164426,72981.13602096656,2.3581036585793385,0.03572351898931633,9952.05689713651,0.7404838118819387,10887.81478378498,16.54195803602677,286.16588036386,0.7788678481425612,,,0.0007095657275806305,3.0226167840049454e-05,9.184579457480131e-05,4823.682730865189,34705.61103135624,3044939.140611472,295.8140118802478,5736626.587654599,0.0849960585891646,0.04272422524420143,0.08572440960245484,0.3676999038084761,0.9299445041179809,0.0048317163393717475,0.0012984490913548242,0.005431716339371747,0.00018118936272644055,two-phase,False,
0.0644688800419962,1.0004822737506338,3056.5522249582973,1015.8670315514042,1.3939855370888858,1416.1039495880764,3346197.0540652107,693.5921788129772,592.5021842888552,286.17511067973066,4299907.1211140845,347800.38802755985,155.53879180398965,31.10763992960145,73187.07010888649,2.358360283019331,0.03572549892163713,9983.640730630435,0.740008381956684,10923.608594697644,16.55058480227103,286.17511067973066,0.7772020278090919,,,0.0007061628493380624,3.0210412862957645e-05,9.154483990623789e-05,4838.444730523755,34818.43730617624,3058259.4489788837,295.8180630129216,5731737.050827487,0.08529108966930629,0.042606916341559935,0.08604190741579727,0.37125859991609,0.9285295105640664,0.004816974867902181,0.001297915380131052,0.00541697486790218,0.00018063655754633177,two-phase,False,
0.06483049003565781,1.0004876991311915,3056.5501587036074,1020.9698893370459,1.3937838903069646,1423.0113842464589,3361391.4982605157,694.3824800237167,592.8875243624277,286.184388784946,4300848.374399937,347473.9473035224,155.85367749463637,31.14100898357246,73396.0433446572,2.3586184776158667,0.03572752692150941,10015.516413884869,0.7395310412907414,10959.755895326789,16.559401776962275,286.184388784946,0.7755326428761803,,,0.0007027350666836301,3.0194327472361266e-05,9.124290810403883e-05,4853.440770983276,34933.06040473369,3071790.2885662233,295.82213604194357,5726826.201658987,0.08558566927399401,0.042488478254089766,0.0863594052291397,0.3748286005925102,0.9270941269244782,0.004802091498882119,0.001297373656355175,0.005402091498882119,0.0001800784312080795,two-phase,False,
0.06519868367123441,1.0004932544687521,3056.5480429780487,1026.1623300499912,1.3935782707564544,1430.0375254264807,3376832.610615857,695.1886027012752,593.2828641748102,286.19372451318657,4301795.022286677,347146.9242766582,156.17040440679824,31.17540408049523,73608.12425835482,2.3588785204121225,0.035729604055804436,10047.687933231766,0.7390517880563438,10996.261913842774,16.56841243409906,286.19372451318657,0.7738602023891286,,,0.0006992823490430921,3.017790642216039e-05,9.093999468502456e-05,4868.675462796288,35049.52020443473,3085535.8430046206,295.8262353001752,5721884.248257975,0.08587978889646739,0.042368902421421425,0.08667690304248211,0.3784170307764429,0.9256352147678591,0.00478706515658381,0.0012968237742945238,0.00538706515658381,0.0001795149433718929,two-phase,False,
0.06557359647232723,1.0004989435133553,3056.54587635511,1031.4461001876764,1.3933686345066283,1437.1846441856896,3392524.854505928,696.0107368858626,593.688295654644,286.20310797995074,4302747.254345402,346819.31190561305,156.48902488143665,31.210833074639442,73823.34634393716,2.359140140497449,0.035731731641769654,10080.160118384674,0.7385705905161333,11033.132620668155,16.57761881794739,286.20310797995074,0.7721841855653279,,,0.0006958048181530641,3.016114711593478e-05,9.063608989225048e-05,4884.152833587617,35167.844453316524,3099499.9257924696,295.830356463419,5716922.096678867,0.08617344209571193,0.04224818570426347,0.08699440085582454,0.38198451278459217,0.9241687248509969,0.0047718954465122525,0.001296265610079493,0.005371895446512252,0.00017894607924420948,two-phase,False,
0.06595530619479809,1.0005047692090039,3056.5436577153478,1036.822126228348,1.3931549963087528,1444.4539254384874,3408470.464451915,696.848824654322,594.1037113262855,286.21254901539186,4303705.180111518,346491.1032111677,156.80959804355962,31.247286761321924,74041.73833587473,2.3594036163958783,0.03573391033091616,10112.938760287992,0.7380873664208111,11070.374475413508,16.58701983017733,286.21254901539186,0.7705045886327765,,,0.000692303148192445,3.0144052706221103e-05,9.033118095697006e-05,4899.8744769947325,35288.050846669976,3113684.469283958,295.8345038651342,5711930.368664577,0.08646663051190476,0.04212634453937374,0.08731189866916697,0.3855238199644947,0.9226978835133328,0.004756584434171358,0.0012956991282983403,0.005356584434171358,0.00017837191628142593,two-phase,False,
0.06634393990084483,1.0005107353183216,3056.5413856276614,1042.2920237711219,1.392937308275797,1451.8474460290795,3424673.360947489,697.7030859741762,594.5292534770516,286.22204759047236,4304668.955772809,346162.29110181174,157.13213827303645,31.284777441386957,74263.3411651781,2.3596689521719747,0.03573614123706769,10146.025444607365,0.7376021482399315,11107.990003345447,16.596617950791533,286.22204759047236,0.7688214050552415,,,0.0006887776003843111,3.0126619862099904e-05,9.00252880763149e-05,4915.8439747611865,35410.16790666111,3128092.755681035,295.83867751026855,5706909.863701359,0.0867593497225448,0.04200338038880868,0.08762939648250939,0.38905846921054704,0.9212130630508589,0.004741132303288554,0.0012951242224984718,0.005341132303288554,0.00017779246137332078,two-phase,False,
0.06673962808998868,1.0005168457359839,3056.5390586107706,1047.8574501950266,1.3927155331582244,1459.367347422184,3441137.7013888205,698.5736652728824,594.9649779777587,286.23160367599024,4305638.695814208,345832.86841680465,157.45666009990973,31.323317740594824,74488.19665710995,2.359936151921561,0.03573842549972753,10179.425333707499,0.7371148971993254,11145.985461310423,16.606414921496636,286.23160367599024,0.767134628270804,,,0.0006852284325577059,3.0108846633282724e-05,8.971840161385164e-05,4932.064994682311,35534.22485313672,3142728.331728422,295.8428774037993,5701861.18253811,0.08705159530778887,0.04187929473389767,0.08794689429585181,0.3926167126605486,0.9197021892654297,0.004725539240013181,0.0012945407838959636,0.005325539240013181,0.0001772077215004943,two-phase,False,
0.06714256282652781,1.0005231053981225,3056.536674786907,1053.5209211189358,1.3924896045792983,1467.016930864925,3457870.1449414087,699.4608481959249,595.4110151919958,286.2412172425793,4306614.557119867,345502.82776654034,157.78326386814797,31.36291861157121,74716.37842121643,2.3602052197713617,0.03574076464440966,10213.148178331021,0.7366255075358186,11184.372367145492,16.616413717890524,286.2412172425793,0.7654437390353618,,,0.0006816553912642434,3.0090728871396667e-05,8.94104708939714e-05,4948.543662964789,35660.26918958876,3157596.958722053,295.8471035507334,5696785.12480405,0.08734335511004564,0.04175407112533964,0.08826439210919425,0.39617628364465035,0.9181744672324065,0.004709803177265105,0.0012939486161910457,0.005309803177265105,0.00017661761914744144,two-phase,False,
0.06755283749939386,1.0005295178016818,3056.534232826514,1059.283557354694,1.3922594914880424,1474.797586904291,3474873.051623138,700.3647608400884,595.8674588447232,286.25087841326314,4307596.490867346,345172.16189850547,158.11174778349903,31.403624799920863,74947.89247445657,2.36047588386135,0.03574315974902487,10247.191875851076,0.7361340716765117,11223.149118115052,16.62661611960692,286.25087841326314,0.7637497550818135,,,0.0006780591512216085,3.0072264639007064e-05,8.910155157663553e-05,4965.2820038527225,35788.31404815271,3172700.5076260483,295.8513516256138,5691691.429506956,0.08763463061415111,0.041627725158450354,0.08858188992253667,0.3997019723622933,0.9166451512388492,0.004693926074809502,0.0012933476714157316,0.0052939260748095015,0.00017602222780535633,two-phase,False,
0.0679705794975082,1.0005360870526856,3056.5317311682084,1065.1469511864523,1.392025185557304,1482.711382371118,3492150.452575534,701.2854613304685,596.3342740188551,286.260616700688,4308584.832471939,344840.863456485,158.44243544583796,31.44538498897131,75182.81755143146,2.3607489764335208,0.03574561147854407,10281.565043619514,0.73564047334667,11262.325483497078,16.63702213395112,286.260616700688,0.7620516470197481,,,0.0006744400912339547,3.005345523822148e-05,8.879160893239332e-05,4982.2833811846085,35918.39872447016,3188042.476029724,295.85563462498726,5686552.001966873,0.08792541929045683,0.04150026276706996,0.08889938773587909,0.4032158396621954,0.9151049047215902,0.004677908678314716,0.0012927378541767775,0.005277908678314716,0.00017542157543680185,two-phase,False,
0.0683959341456956,1.000542817629634,3056.529168108902,1071.11293937686,1.391786658204879,1490.760698455325,3509707.0010519256,702.2230714372072,596.811478971316,286.2704123767071,4309579.707084576,344508.9249850852,158.7752519696127,31.48823111890534,75421.17160703997,2.3610239501236348,0.035748121395419545,10316.274397336856,0.7351446441042001,11301.909404573596,16.647632954542384,286.2704123767071,0.7603494056274656,,,0.00067079847291129,3.0034299853035425e-05,8.848062430896193e-05,4999.551829981595,36050.5473641527,3203626.8546316423,295.85994389353567,5681387.323587278,0.08821571674001868,0.04137168551867919,0.08921688554922153,0.406724718803393,0.9135507665774798,0.004661751184756187,0.0012921190458332788,0.005261751184756187,0.00017481566942835703,two-phase,False,
0.06882905078087213,1.0005497141723338,3056.526541884237,1077.1834070099571,1.3915438463164507,1498.9479413788945,3527547.164414298,703.1778584274398,597.2992573247773,286.280265411272,4310581.110588911,344176.33897383953,159.1101266828333,31.532194640223164,75663.00125857184,2.3613008091875636,0.03575069077784686,10351.320763759093,0.7346466430719998,11341.902765202558,16.65845188582492,286.280265411272,0.7586435369479296,,,0.0006671345764550648,3.001479389723256e-05,8.816862749591212e-05,5017.091483793665,36184.792972783696,3219457.3489176887,295.86427943638915,5676197.429578817,0.08850551856772268,0.04124199500127524,0.08953438336256395,0.410246516981524,0.9119746681265484,0.004645453793687527,0.001291491125117927,0.005245453793687527,0.00017420451726328227,two-phase,False,
0.06927012147201635,1.0005567821089942,3056.5238504297886,1083.3608293363286,1.3912966724547131,1507.2763169234124,3545677.1710026613,704.1501474846345,597.7978024196073,286.290185614782,4311589.218733264,343843.09774695133,159.44712116986918,31.577290939392128,75908.38840544391,2.361579834838862,0.03575332102418332,10386.709907951521,0.7341464491542294,11382.31291860899,16.6694827877783,286.290185614782,0.7569340340647002,,,0.0006634483596485858,2.999493183835248e-05,8.78556060750268e-05,5034.908134629469,36321.185052071974,3235539.249869044,295.8686455903549,5670973.317574547,0.08879481520639995,0.04111118143109275,0.08985188117590637,0.41377516848443335,0.9103791023225868,0.00462901527564452,0.00129085391240775,0.005229015275644519,0.0001735880728366695,two-phase,False,
0.06971929209026065,1.0005640262423348,3056.521091919497,1089.6470252105032,1.3910451317863897,1515.748189784592,3564101.679048144,705.1399699966992,598.3070351650153,286.30017295165953,4312604.251705027,343509.19360724365,159.78633916847636,31.623514613912487,76157.3754956554,2.3618610320906943,0.03575601340263919,10422.452219569375,0.7336439154819198,11423.151573541189,16.680725305653294,286.30017295165953,0.7552203762478685,,,0.0006597401908440434,2.997471577752942e-05,8.754151545325237e-05,5053.00563179789,36459.75470701488,3251876.6135964664,295.8730423615012,5665716.096520882,0.08908360386280649,0.04097925023949257,0.0901693789892488,0.4172798482912694,0.9087780412234965,0.004612436313152102,0.0012902072986413313,0.0052124363131521015,0.00017296636174320382,two-phase,False,
0.07017669743795169,1.0005714513007646,3056.518264555774,1096.0436504569175,1.3907891796848013,1524.3656495177113,3582824.4417033806,706.1475101131387,598.8270751557604,286.31022738610204,4313626.3456093,343174.61885105923,160.1277979163713,31.670874022696275,76409.9981014314,2.362144405997339,0.03575876911317035,10458.548209030158,0.733139099781751,11464.420133739843,16.692181890272156,286.31022738610204,0.7535025556430648,,,0.0006560105840199079,2.995414280091144e-05,8.722639159541923e-05,5071.387315341162,36600.529333095474,3268472.518533111,295.8774697559363,5660426.477924386,0.08937188382622477,0.040846211223615064,0.09048687680259122,0.42076646016465497,0.9071689952817532,0.004595718137355238,0.0012895511938538931,0.005195718137355238,0.00017233943015082143,two-phase,False,
0.07064250417778181,1.0005790626389546,3056.515366302746,1102.5527979863512,1.3905287663452541,1533.131382014469,3601850.5177667546,707.1729942001821,599.3580460652919,286.32035871744785,4314655.597479348,342839.3656699288,160.47147282069326,31.71939317662392,76666.32143908076,2.3624302392812297,0.035761589407899655,10495.002223131549,0.7326319931383592,11506.124225114205,16.703854985212224,286.32035871744785,0.7517810766994575,,,0.000652259820476731,2.9933210054963098e-05,8.691023844652384e-05,5090.057740031489,36743.54958629873,3285331.224639581,295.8819321123427,5655095.126069487,0.08965965072873204,0.04071206606330812,0.09080437461593364,0.424247731719814,0.9055461678625738,0.004578860959349841,0.001288885465659202,0.00517886095934984,0.00017170728597561903,two-phase,False,
0.07111688367136773,1.0005868658096913,3056.5123950493003,1109.1766168382674,1.3902638822026574,1542.048189373979,3621185.469479141,708.2164763924243,599.8998681619469,286.3305472369472,4315692.233879375,342503.4261470757,160.8174653015467,31.769071626538427,76926.36935989672,2.362717982066463,0.03576447603071061,10531.826165736707,0.7321224272968662,11548.277295741138,16.715744374925208,286.3305472369472,0.750054906633925,,,0.0006484881645663533,2.991191949250164e-05,8.659300208947942e-05,5109.021573963195,36888.844581435675,3302457.5788902026,295.88642077214195,5649742.905893401,0.08994690020768877,0.04057681646032691,0.09112187242927607,0.42772359440102875,0.9039095788809101,0.004561864992984773,0.001288209978701312,0.005161864992984773,0.000171069937236929,two-phase,False,
0.0716000121342423,1.000594866572368,3056.509348605875,1115.9173139248114,1.389994436221278,1551.1188576384811,3640834.2952292035,709.2783306217125,600.4528339606507,286.3408125770609,4316736.267864678,342166.7923205586,161.16570888343455,31.819942575731552,77190.22363232738,2.3630081950261896,0.035767430149636265,10569.018108732686,0.7316105336565556,11590.878563616196,16.7278551761111,286.3408125770609,0.7483250619804394,,,0.0006446959206739718,2.9890263559553383e-05,8.627473702804575e-05,5128.283601847956,37036.4610364417,3319855.6421737894,295.8909444069337,5644350.229782637,0.0902336279060222,0.04044046413861268,0.0914393702426185,0.431202151590692,0.9022553432723786,0.004544730454896879,0.0012875245945788358,0.005144730454896879,0.00017042739205863297,two-phase,False,
0.07209208943730097,1.0006030712137595,3056.5062245823246,1122.7774156025207,1.3897203932611644,1560.3466715558889,3660803.4672217607,710.3587088053237,601.0169456777221,286.3511546957085,4317787.985503488,341829.45607952867,161.5163103859404,31.872010054553048,77457.9485097688,2.3633008841052057,0.03577045339513887,10606.589949950507,0.7310961617608227,11633.941699849456,16.74018857254759,286.3511546957085,0.7465910205815053,,,0.0006408832205235885,2.986824179626956e-05,8.595539033971093e-05,5147.849468595003,37186.44387271117,3337531.0162230516,295.8955030238982,5638918.52752653,0.09051982697253894,0.04030300566435947,0.09175686805596092,0.43469119193685374,0.9005795731930174,0.004527456913581377,0.001286829145472539,0.005127456913581377,0.00016977963425930166,two-phase,False,
0.07259332069916842,1.00061148625528,3056.5030204994173,1129.7595098511429,1.3894417037428264,1569.7349781872324,3681099.4560478264,711.4578331271841,601.5922834380854,286.36157355051455,4318847.631157692,341491.40919817705,161.86937830488108,31.925278216644184,77729.60937854827,2.363596055303496,0.03577354743634719,10644.550574579425,0.7305792258250848,11677.477290714205,16.75274672754435,286.36157355051455,0.7448522598806373,,,0.0006370502115935672,2.9845852034395975e-05,8.56349342503272e-05,5167.724937138557,37338.838993484904,3355489.2340588225,295.9000966302681,5633449.030306622,0.09080549056422306,0.04016443782409596,0.09207436586930334,0.43816551652321384,0.89889430976614,0.004510043965221551,0.0012861234606709956,0.005110043965221551,0.00016912664869580816,two-phase,False,
0.07310385932040639,1.0006201174938438,3056.499734154038,1136.865453211317,1.3891583330716153,1579.2861179097395,3701726.4403427197,712.5758571797178,602.1789259850307,286.3720592724272,4319915.221942854,341152.64349161705,162.22479521993426,31.979782304290463,78005.22928121321,2.3638934358450507,0.03577671375888956,10682.901768682601,0.7300597595056821,11721.488132528275,16.765531434087784,286.3720592724272,0.7431092868828425,,,0.000633197486294344,2.9823092811922256e-05,8.531339951835145e-05,5187.913635491598,37493.67225734798,3373733.7349661817,295.90472089927727,5627951.730378606,0.09109061949634277,0.04002477317550863,0.09239186368264578,0.44161721277008836,0.89720356518751,0.0044924931878628244,0.001285407446478987,0.005092493187862824,0.00016846849454485593,two-phase,False,
0.0736239025487295,1.0006289716078958,3056.4963630076923,1144.0977020363725,1.3888702080486246,1589.00321345521,3722690.1417941684,713.7130946848042,602.7770806885477,286.3826314730824,4320990.872419646,340813.15066317905,162.58258337811864,32.0355399687727,78284.89551559121,2.364193589250804,0.035779953684193636,10721.645942427662,0.7295378083240319,11765.978041097076,16.778546513847957,286.3826314730824,0.7413626020649748,,,0.0006293253478232739,2.9799959107741036e-05,8.499080964685862e-05,5208.42084803604,37650.994688371604,3392269.262637628,295.90938450605773,5622407.589787602,0.09137520944822537,0.03988401354205132,0.0927093614959882,0.4450631180027183,0.8954992021178458,0.004474804810647166,0.0012846809515816818,0.005074804810647166,0.00016780518039926872,two-phase,False,
0.07415365335538115,1.0006380555316314,3056.492904424805,1151.4587802608753,1.3885773292243908,1598.8895578066208,3743997.1120050503,714.869561070735,603.3866020517621,286.39328028101926,4322074.976335085,340472.922285741,162.94298713437627,32.092525649557935,78568.6535238543,2.3644962430997345,0.03578326902390179,10760.799467666293,0.7290131281890809,11810.965262898499,16.791791072606337,286.39328028101926,0.7396106568899758,,,0.0006254340677362445,2.977645433045473e-05,8.466708501304936e-05,5229.251994025559,37810.84569719225,3411101.5681643803,295.91408312425693,5616828.364960933,0.0916592561066289,0.03974216077095717,0.09302685930933062,0.448503157746883,0.8937812470012305,0.004456979065704737,0.0012839438212053312,0.005056979065704736,0.00016713671496392763,two-phase,False,
0.07469332063136913,1.000647376466379,3056.4893556684083,1158.9512815769615,1.3882796001999311,1608.9484218388618,3765653.1926355576,716.0456587027807,604.0077946344167,286.40401547352616,4323167.6120334575,340131.94987901574,163.30589271678554,32.15078491241059,78856.5790904815,2.3648016831867715,0.03578666133195243,10800.360777704398,0.7284858508099836,11856.449575582561,16.805270360821062,286.40401547352616,0.7378544667246717,,,0.0006215239633704997,2.9752571024722945e-05,8.434228085104182e-05,5250.4126316665715,37973.274386688376,3430235.399299971,295.9188210963089,5611204.69951629,0.09194275516610932,0.039599216733558526,0.09334435712267306,0.45193725652610334,0.8920497274051816,0.0044390161881940945,0.0012831958970258045,0.005039016188194094,0.00016646310705727854,two-phase,False,
0.07524311939176843,1.000656941892564,3056.485713895603,1166.577871694353,1.387976983337052,1619.1832351820867,3787664.9288913207,717.2415526469995,604.6406815140746,286.414827182175,4324268.852649912,339790.2248582894,163.6712726526839,32.2103468550536,79148.7203403465,2.3651096367156375,0.03579013250164845,10840.339643952371,0.7279558742600093,11902.442486464048,16.818985904736,286.414827182175,0.7360940251626984,,,0.0006175953272438274,2.9728308402898817e-05,8.401636900470147e-05,5271.908462350997,38138.322455083806,3449676.3444447033,295.9235940953548,5605546.834501402,0.0922257023294023,0.03945518332561401,0.09366185493601548,0.45536533783573524,0.8903046720633037,0.004420916416343295,0.0012824370170741296,0.005020916416343295,0.00016578436561287356,two-phase,False,
0.075803270988475,1.0006667595822905,3056.4819761527983,1174.341290687738,1.387669420694921,1629.597498546779,3810038.8356815423,718.457501348923,605.2853898418241,286.42572517986645,4325379.017981617,339447.7385504081,164.0392866987968,32.271204304658724,79445.15602531444,2.3654203901078197,0.03579368417330402,10880.74243005145,0.7274231699167483,11948.952024774895,16.832940487474026,286.42572517986645,0.7343288050732705,,,0.0006136484628208909,2.9703663502646333e-05,8.36893476454341e-05,5293.745335047358,38306.04144482698,3469429.882519339,295.92840646457825,5599846.551332271,0.09250809330782034,0.03931006246764296,0.0939793527493579,0.45878732411592477,0.8885461109197145,0.004402679991491915,0.0012816670156389305,0.005002679991491915,0.00016510049968094682,two-phase,False,
0.07637400333181445,1.0006768376125739,3056.4781393706958,1182.2443554353783,1.387356857213075,1640.194813414724,3832781.6616079737,719.6937340911181,605.9420104411706,286.43670941643035,4326498.192098944,339104.48218620964,164.40986391544564,32.33339608863741,79745.95185306192,2.365733950527873,0.03579731818045027,10921.576896598188,0.7268876839298625,11995.987701347058,16.847136635057723,286.43670941643035,0.7325593105482744,,,0.0006096836740497298,2.967863387298318e-05,8.336120583782423e-05,5315.929250857078,38476.479863594024,3489501.714012453,295.93325821255456,5594104.342198586,0.09278992382166557,0.039163856105267264,0.09429685056270032,0.4622146529134931,0.8867680726278202,0.0043843071581340124,0.0012808857231656424,0.004984307158134012,0.00016441151843002547,two-phase,False,
0.07695558010291004,1.0006871848968533,3056.474200161974,1190.2903629254724,1.3870392369474767,1650.9794367380823,3855901.584006034,720.9505114936765,606.6106232722934,286.4477896545701,4327626.803727479,338760.446818974,164.7832589774959,32.39690440843727,80051.20422188553,2.366050605814289,0.035801036450526444,10962.85537642747,0.7263492846503126,12043.564021581615,16.861576672789305,286.4477896545701,0.7307844983143869,,,0.0006057010631069682,2.965321747205792e-05,8.303189971075319e-05,5338.467489204698,38649.70028743439,3509898.8418583125,295.93815368420144,5588312.527207188,0.09307118576142194,0.03901655891126391,0.09461434837604275,0.46563904837530673,0.8849747321975576,0.0043657972468309995,0.001280092926728696,0.004965797246830999,0.0001637173967561625,two-phase,False,
0.0775482231805107,1.0006978098191786,3056.470155341282,1198.4820159864983,1.3867164943243617,1661.9547797195905,3879404.7399634337,722.2281005616824,607.2913843624032,286.4589560262567,4328764.797640551,338415.6234994407,165.15926080520074,32.461792137487166,80360.95728564076,2.3663700831914607,0.03580484092582885,11004.580628287236,0.7258080158070166,12091.685245416827,16.876264035755323,286.4589560262567,0.7290053905861386,,,0.0006017010885029752,2.9627410364086647e-05,8.270145804357875e-05,5361.365593839458,38825.74372309158,3530626.325794311,295.9430885526076,5582480.735187347,0.09335187751865895,0.03886817807607742,0.09493184618938517,0.4690445657565222,0.8831744988020632,0.004347151161160783,0.0012792884761644381,0.004947151161160783,0.00016301816854352938,two-phase,False,
0.07815217057761036,1.0007087212624228,3056.466001533827,1206.8222253502797,1.3863885786830543,1673.124549726495,3903297.95528494,723.526737733645,607.9843929431803,286.47021828952177,4329912.51638589,338070.0031834384,165.53803262231256,32.52805134741314,80675.29094051706,2.3666926711723764,0.035808733363621774,11046.75992907148,0.7252638339909868,12140.360403984212,16.891201067295043,286.47021828952177,0.7272214576886981,,,0.0005976841354479376,2.960121059526704e-05,8.23698775591391e-05,5384.629625088334,39004.663957213466,3551689.901192524,295.9480671634905,5576600.89597127,0.09363199630401686,0.038718718407739515,0.0952493440027276,0.4724392729726288,0.8813632244160712,0.004328369505318451,0.0012784722047456737,0.00492836950531845,0.0001623138564494419,two-phase,False,
0.07876767874264516,1.0007199286676267,3056.4617351528104,1215.3141400824234,1.3860554391475914,1684.4927741342208,3927588.764722627,724.8466489787002,608.6897172719946,286.48156657937886,4331070.108359185,337723.5767060804,165.9195492816607,32.595714379008136,80994.2624327497,2.367018096610526,0.035812715934312414,11089.40273122819,0.7247166590132288,12189.600903266779,16.906389945972972,286.48156657937886,0.7254326934731748,,,0.000593650513291142,2.9574616556096757e-05,8.20371403408296e-05,5408.266238278777,39186.51052704954,3573095.946314677,295.9530851894319,5570683.565078302,0.09391153789212725,0.03856818196479409,0.09556684181607003,0.4758274493118252,0.8795386509309312,0.004309452537988255,0.0012776439265803799,0.0049094525379882546,0.00016160447017455956,two-phase,False,
0.07939501193340154,1.0007314418579385,3056.4573524664975,1223.9609996906274,1.3857170335756464,1696.0636057035788,3952285.0086005367,726.1880186339326,609.4073728686437,286.4930204545387,4332237.929334269,337376.3347825926,166.30402523928268,32.664767184200564,81317.975604046,2.3673469303752737,0.03581679042742497,11132.522103233981,0.72416634626495,12239.42193666304,16.921832306630783,286.4930204545387,0.7236385616380585,,,0.0005896005295067749,2.954762764101356e-05,8.170320503491362e-05,5432.282266236583,39371.34780770663,3594851.1657015113,295.9581513145631,5564711.001041841,0.09419049806928337,0.038416570832847115,0.09588433962941245,0.47920900965590146,0.8777008175139238,0.0042904005212551725,0.0012768034513813103,0.004890400521255172,0.00016089001954706897,two-phase,False,
0.08003444250128372,1.0007432710566426,3056.4528495913964,1232.766137199604,1.385373249592137,1707.8412294793613,3977394.054041222,727.5513185903337,610.1377098358773,286.50457004712723,4333415.987467111,337028.26806576125,166.6912471420564,32.73528045741116,81646.49122892722,2.3676788997585203,0.03582095911892076,11176.116000984639,0.7236130544218462,12289.82315172496,16.937534312394018,286.50457004712723,0.7218400852491483,,,0.0005855345231973653,2.952023540015064e-05,8.136813586773567e-05,5456.684724990852,39559.22835939757,3616961.512041949,295.96326121196444,5558693.113077853,0.0944688726339727,0.03826388712496121,0.09620183744275487,0.48258386759923483,0.8758497649328703,0.004271213720654484,0.0012759505843433084,0.004871213720654484,0.00016017051452454315,two-phase,False,
0.08068625118795768,1.0007554269061707,3056.4482224850576,1241.73298235012,1.3850240641357892,1719.8300617860173,4002924.3239778276,728.9366776404167,610.880665373214,286.5162250995624,4334604.700927501,336679.367069444,167.08147735738228,32.807232174383444,81979.9019753779,2.3680142954912595,0.03582522405295475,11220.201117246572,0.7230565669751827,12340.8235520538,16.953496256157575,286.5162250995624,0.720036216965721,,,0.0005814527971220105,2.9492441703191345e-05,8.103186920888896e-05,5481.4808197026305,39750.21528755624,3639434.2551534846,295.96841923001836,5552622.224078754,0.09474665739743067,0.038110132982059675,0.09651933525609731,0.4859519354131233,0.8739855356172891,0.004251892405222546,0.001275085126016431,0.004851892405222546,0.00015944596519584548,two-phase,False,
0.08135072743499804,1.0007679204881477,3056.443466938491,1250.865064927919,1.3846694083805395,1732.0345894176269,4028884.077577163,730.3443796611286,611.6363592494818,286.5279757469564,4335804.291802558,336329.62219995924,167.4746930334598,32.88065707770779,82318.27216989819,2.36835284450704,0.03582958761587351,11264.785869396545,0.7224968403224808,12392.433668342694,16.969721437549488,286.5279757469564,0.7182269503818284,,,0.0005773556752906629,2.9464243231101765e-05,8.069440004787496e-05,5506.6779508275695,39944.36431191623,3662276.3245016,295.97362104130866,5546509.21182578,0.09502384818421633,0.03795531057333971,0.09683683306943973,0.48931312400893295,0.8721081737219406,0.004232436847548717,0.0012742068721747104,0.004832436847548717,0.00015871638178307688,two-phase,False,
0.08202816970719992,1.0007807633445414,3056.4385785681634,1260.1660182285482,1.3843092036951505,1744.45941721765,4055281.671030413,731.7747709695659,612.4049767912319,286.53984152398345,4337014.883153712,335979.023764811,167.87092152447576,32.95558081342082,82661.71366818475,2.368695121057944,0.03583405182727249,11309.877265979641,0.7219338618928012,12444.662629233399,16.986213719075177,286.53984152398345,0.7164127756290265,,,0.0005732434874265885,2.9435635761400436e-05,8.035573400366265e-05,5532.283720523286,40141.74647682853,3685494.6851344337,295.9788753340629,5540335.335909623,0.09530044083281124,0.03779942209669552,0.09715433088278215,0.492667342899602,0.8702177251930956,0.0042128473238285296,0.0012733156136803879,0.004812847323828529,0.00015798177464356987,two-phase,False,
0.08271888583025995,1.0007939674999828,3056.433552807556,1269.639582664457,1.383943376592735,1757.1092910884395,4082125.7459710296,733.2281798268232,613.1866767418171,286.5518125626064,4338236.76076194,335627.56196553225,168.2701394675067,33.03203977189366,83010.29474939937,2.3690408525633404,0.03583861919290177,11355.48269607258,0.7213676107219967,12497.519994471077,17.00297664167167,286.5518125626064,0.7145936861934414,,,0.0005691165626815115,2.9406615708368218e-05,8.001587518502884e-05,5558.305939312774,40342.42095353822,3709096.5481210435,295.98417778141,5534111.77204536,0.09557643119624196,0.037642469779151436,0.09747182869612459,0.49601450015993914,0.8683142378373659,0.004193124113918114,0.0012724111363434326,0.004793124113918114,0.00015724215427192928,two-phase,False,
0.08342319334356849,1.0008075454853311,3056.4283848982527,1279.2896095210738,1.3835718872297567,1769.9891393584905,4109425.5753405844,734.7047743059347,613.9814253386646,286.5638887956238,4339470.321981822,335275.22686155565,168.67256692340223,33.11002337180265,83364.10088482493,2.3693900487665966,0.03584329213860897,11401.618546281681,0.7207978953336519,12551.02466022121,17.020011499410565,286.5638887956238,0.7127686385040095,,,0.0005649752180753137,2.9377183441815886e-05,7.967476975560138e-05,5584.752633015793,40546.4532459342,3733089.857026994,295.98952839486395,5527840.481011726,0.0958518151427277,0.0374844558773054,0.097789326509467,0.49935450238542184,0.8663977613933497,0.004173267501389932,0.0012714932207761633,0.004773267501389932,0.00015649753130212243,two-phase,False,
0.08414141986888797,1.0008215103625595,3056.423069880524,1289.1200648689144,1.3831946383032798,1783.1039618558586,4137190.0524354447,736.2049889732011,614.7894945880985,286.57608973735074,4340715.65407751,334922.00842171104,169.07813579079195,33.18957843789077,83723.25060063275,2.369743286800928,0.0358480728764779,11448.289066301037,0.7202247658836382,12605.18306470998,17.03732325675509,286.57608973735074,0.7109386354750129,,,0.0005608197959244047,2.9347333056074763e-05,7.933244561910755e-05,5611.632049960836,40753.92002978728,3757481.9341662503,295.9949358661254,5521502.624496299,0.09612658855635377,0.037325382677783,0.09810682432280943,0.5026872546495789,0.8644683476061281,0.004153277773589828,0.0012705616422427654,0.004753277773589828,0.00015574791650961855,two-phase,False,
0.08487390349579291,1.0008358757510503,3056.4176025833917,1299.135033639162,1.3828115674764094,1796.4589522300876,4165428.7235348793,737.7290968627344,615.6109623425017,286.5883957289066,4341973.062521217,334567.8964874334,169.4868723496513,33.27073413012026,84087.8029072088,2.3701000105075827,0.03585296424352309,11495.505798245282,0.7196481302899106,12660.009209723201,17.05491465251927,286.5883957289066,0.7091031624473817,,,0.000556650625809524,2.931706257035666e-05,7.898888408643299e-05,5638.95266849088,40964.88139719488,3782280.8222601265,296.00039152826497,5515119.134022283,0.09640074733777211,0.037165252497702465,0.09842432213615185,0.5060126604594941,0.8625260503049776,0.004133155221695467,0.0012696161705035066,0.004733155221695467,0.00015499332081358002,two-phase,False,
0.08562099318469908,1.0008506558553838,3056.4119776141165,1309.338723870546,1.382422607140315,1810.059452282893,4194151.3823396917,739.2773790516653,616.4459114609867,286.6008262748456,4343242.916989051,334212.88077167276,169.89890377245436,33.35350069336736,84457.88096847878,2.3704607984287107,0.035857968589262414,11543.2818614514,0.7190678761395579,12715.518801721151,17.07278869416511,286.6008262748456,0.7072621901650583,,,0.000552468041167805,2.9286369611713334e-05,7.864405814606964e-05,5666.723204776911,41179.41805551645,3807494.788918074,296.0059040746538,5508672.499159062,0.09667428740492998,0.03700406768515101,0.09874181994949428,0.5093306217099849,0.8605709254840768,0.004112900140776191,0.0012686565696534264,0.004712900140776191,0.00015423375527910717,two-phase,False,
0.0863830491884677,1.0008658654947225,3056.4061893470985,1319.7354711358003,1.3820276663975732,1823.9109334359118,4223367.780557484,740.8502577855511,617.294580219131,286.6133715080686,4344525.374354066,333856.9508828421,170.31420947074758,33.437918296136765,84833.56371626578,2.370825378011465,0.03586308875037764,11591.622947596006,0.7184840299371725,12771.719920280424,17.090949860588687,286.6133715080686,0.7054157120056518,,,0.0005482723863693193,2.925524936170972e-05,7.829799010954535e-05,5694.95262095398,41397.59879344528,3833131.8872339353,296.0114691782921,5502173.269124621,0.0969472046938279,0.03684183061967268,0.0990593177628367,0.5126410386358284,0.8586030313866699,0.004092512829854324,0.0012676825979552762,0.0046925128298543235,0.00015346923111953713,two-phase,False,
0.08716044349356161,1.0008815201338899,3056.400231912125,1330.3297431563967,1.3816266929770695,1838.0190836062068,4253088.463445265,742.4479441585754,618.1569565606244,286.6260509166543,4345820.931551919,333500.09627877525,170.73301782104525,33.52397917311189,85214.9794327811,2.371194330144261,0.03586832722482953,11640.54707787912,0.7178963924511098,12828.63344273744,17.10940006850256,286.6260509166543,0.7035631804741932,,,0.0005440639920005579,2.9223701473932554e-05,7.79506254086729e-05,5723.650133595262,41619.50871642001,3859201.1149205337,296.017095535364,5495604.570151311,0.0972194951593083,0.036678543712768304,0.09937681557617913,0.5159438097621656,0.8566224285927273,0.004071993591967996,0.0012666940076664734,0.004671993591967996,0.00015269975969879984,two-phase,False,
0.08795356028181799,1.0008976359162578,3056.39409918195,1341.1261446147703,1.3812195907764437,1852.3897046444026,4283323.744405856,744.0708695362136,619.0332785832591,286.63885462977817,4347129.760944245,333142.30630801275,171.15521058189964,33.61174458540852,85602.21190519593,2.3715673828642245,0.035873686998679766,11690.060688600146,0.7173049854272845,12886.268347886946,17.12814407155944,286.63885462977817,0.7017051042931978,,,0.0005398432076645377,2.919172082573902e-05,7.760198476419104e-05,5752.82522254062,41845.221005863066,3885710.9885684787,296.0227788195177,5488977.024263838,0.0974911547758761,0.03651420940840759,0.09969431338952156,0.5192388318530236,0.8546291801102439,0.0040513427342355,0.0012656905448598162,0.0046513427342355,0.00015192535253383125,two-phase,False,
0.08876279641396234,1.0009142296985594,3056.38778475914,1352.129422173715,1.3808062879854825,1867.028808307643,4314084.550092466,745.7193414570024,619.9236340789704,286.6517825625979,4348452.096516094,332783.5701805859,171.58081807866034,33.70124763856738,85995.36304050671,2.371944548586646,0.035879170998389665,11740.177530481234,0.716709697683298,12944.641230465662,17.147185067007488,286.6517825625979,0.699841468235202,,,0.0005356103749178054,2.91593050431373e-05,7.725204447122607e-05,5782.4876400969115,42074.815850438,3912670.702714395,296.0285190453106,5482291.86776778,0.09776217953855235,0.03634883018355412,0.10001181120286398,0.5225259998579087,0.852623351470327,0.0040305605679212585,0.0012646719492377051,0.004630560567921258,0.0001511460212970472,two-phase,False,
0.08958856193606138,1.0009313190877556,3056.3812819621503,1363.344469713208,1.380386696825234,1881.9425691823653,4345381.914699952,747.3937571261185,620.8282064097506,286.66484440520026,4349788.351011891,332423.8769820226,172.01002225120405,33.792492696382226,86394.55329743594,2.372326125642542,0.035884782096753394,11790.907964819042,0.7161104843822621,13003.765250125718,17.166527108304177,286.66484440520026,0.697971731077617,,,0.000531365843132218,2.912645037901282e-05,7.690080378760546e-05,5812.6474206283565,42308.380668180784,3940089.4466101616,296.0343205700896,5475541.529647605,0.09803256546376281,0.03618240854870335,0.1003293090162064,0.5258052068561122,0.8506050108264124,0.004009647408503435,0.00126363795393959,0.004609647408503435,0.0001503617778188788,two-phase,False,
0.0904312806101879,1.0009489224800945,3056.3745838105774,1374.7763337954802,1.3799607463329882,1897.1373756253402,4377227.424622302,749.0944253668763,621.7470696729335,286.67804983779473,4351138.948572606,332063.21565113426,172.44290657014855,33.885504523082886,86799.90608850513,2.372712413779695,0.035890523252761035,11842.267574286314,0.7155072082969929,13063.659023970618,17.186173206227444,286.67804983779473,0.6960958663444942,,,0.0005271099567422613,2.9093154944977748e-05,7.654823186712785e-05,5843.3148905563285,42546.00546526698,3967976.9887415627,296.04018775289006,5468718.521358301,0.09830230859026262,0.03601494704843411,0.10064680682954884,0.5290763439989895,0.8485742290575781,0.003988603575743236,0.0012625882853423654,0.004588603575743236,0.00014957263409037138,two-phase,False,
0.09129139047065145,1.000967059102509,3056.3676830095233,1386.4302193697438,1.3795283264092484,1912.6197602103498,4409632.579207511,750.8218181469019,622.6804856955275,286.69138898824474,4352504.032826928,331701.5750115003,172.8793524517459,33.9803486968094,87211.51562278598,2.373103141385902,0.0358963977806719,11894.263330550217,0.7148999002857995,13124.332373943758,17.20612894703917,286.69138898824474,0.694214383138548,,,0.0005228430767075313,2.9059412581354624e-05,7.619435194931046e-05,5874.500678788936,42787.77312343958,3996342.7924301233,296.04611626761584,5461833.311969454,0.09857140498009877,0.035846448261974126,0.10096430464289126,0.5323393004498979,0.8465310798762874,0.003967429393755977,0.0012615226628534054,0.004567429393755977,0.00014877860226584916,two-phase,False,
0.0921693444072391,1.0009857490565115,3056.3605719330353,1398.3114957286655,1.3790893809013616,1928.3965349517023,4442609.820784698,752.5761892796172,623.6284460127267,286.70487153026977,4353884.165710681,331338.9437189319,173.31964780336855,34.077012055221054,87629.51104095452,2.373498609206832,0.03590240881663216,11946.91539134113,0.7142883430740937,13185.808762740699,17.22639616728142,286.70487153026977,0.6923262210751704,,,0.0005185655449360396,2.9025223566474348e-05,7.583910990926186e-05,5906.215727602057,43033.77893524246,4025197.4376901337,296.0521104744247,5454879.051197477,0.09883985071961197,0.03567691480377985,0.10128180245623368,0.5355939633214268,0.8444756399409317,0.003946125191083945,0.0012604407986959287,0.0045461251910839445,0.00014797969466564794,two-phase,False,
0.09306561077700266,1.0010050133647583,3056.3532426065285,1410.4257027293377,1.3786437987258542,1944.4746486313566,4476171.349785167,754.3580209481861,624.591208162152,286.71850712730003,4355279.50599599,330975.31030724326,173.7636741328716,34.17556249100516,88054.02471222014,2.3738991194759858,0.035908559592019475,12000.232562819743,0.7136725428811547,13248.100056841951,17.24698038613959,286.71850712730003,0.6904323849190755,,,0.0005142777257105732,2.8990582050050998e-05,7.548252169816247e-05,5938.471303994611,43284.12107559218,4054550.989046292,296.0581747352356,5447847.082512418,0.09910764192048001,0.035506349324131194,0.10159930026957611,0.5388402176105588,0.8424079889729238,0.003924691300771135,0.0012593423976863627,0.0045246913007711345,0.00014717592377891755,two-phase,False,
0.09398067404622992,1.0010248740204677,3056.3456866881384,1422.7785572922437,1.3781914968059406,1960.861309497994,4510330.0333418045,756.1676927144044,625.5688967010046,286.73228590409576,4356690.520371403,330610.66316033114,174.21151797503816,34.2760288237538,88485.1596187345,2.374304401163089,0.0359148536987916,12054.229326512843,0.7130523975717797,13311.224022498549,17.26788519887671,286.73228590409576,0.6885323502293631,,,0.0005099799741859423,2.895548552943388e-05,7.512457143759328e-05,5971.279011542311,43538.89071722413,4084414.2107643173,296.06430472450904,5440749.335894383,0.09937477472080361,0.03533475450974152,0.10191679808291854,0.5420779461308473,0.84032820987907,0.003903128060439907,0.0012582271570033595,0.004503128060439907,0.00014636730226649653,two-phase,False,
0.09491503546434922,1.0010453540398858,3056.3378954489376,1435.3759601924971,1.3777323871488816,1977.563948092127,4545099.130002494,758.0055788695317,626.5616251903323,286.74621751717905,4358117.688842749,330244.99050794425,174.66337017450476,34.37842059715354,88923.054416872,2.3747147575756133,0.035921294564628656,12108.921845660487,0.712427785021392,13375.200262767765,17.2891144962635,286.74621751717905,0.6866255704976373,,,0.0005056726488995509,2.891993109930872e-05,7.476523568650234e-05,6004.650802775449,43798.1919402306,4114798.2134654694,296.0705048053607,5433578.626675079,0.09964124528623779,0.0351621330843835,0.10223429589626096,0.5453070294417015,0.8382363888793347,0.003881435812369629,0.0012570947659480993,0.004481435812369629,0.0001455538429638611,two-phase,False,
0.09586921377162952,1.0010664775180218,3056.329859751908,1448.2240031584467,1.3772663699461598,1994.5902156989298,4580492.152081543,759.8721131783941,627.5695678781356,286.7603018531033,4359561.197356783,329878.28043348953,175.1191646258202,34.4827992128137,89367.83477600603,2.3751302055098,0.03592788585231172,12164.3237255539,0.711798633685524,13440.045822419355,17.310672828274758,286.7603018531033,0.6847125434841831,,,0.000501356114217971,2.888391485184298e-05,7.440450822957008e-05,6038.598992107825,44062.12698121482,4145714.240596912,296.076774997291,5426336.022728254,0.09990704981116982,0.03498848780953126,0.10255179370960338,0.5485273457749076,0.8361326156400879,0.0038596149035773734,0.0012559449056955012,0.004459614903577373,0.00014473555888415153,two-phase,False,
0.09684374594266937,1.0010882696878736,3056.3215700296196,1461.3289762936447,1.3767933549224904,2011.9480239167756,4616523.114838131,761.7677048403598,628.5928589537714,286.7745583108254,4361021.672237711,329510.5208627433,175.57914652268704,34.589166137453674,89819.66289269766,2.3755513388301526,0.03593463107311219,12220.451659965433,0.7111648202698114,13505.781013347274,17.33256413440704,286.7745583108254,0.682792708723753,,,0.0004970307324605942,2.88474340047267e-05,7.404236741375684e-05,6073.136269345544,44330.81147576691,4177174.019498653,296.08312401175607,5419005.495504114,0.1001721845199465,0.0348138214850195,0.10286929152294581,0.5517486572760517,0.8340104430965323,0.0038376656859007464,0.0012547772490359404,0.004437665685900746,0.00014391246322127799,two-phase,False,
0.09783922372146997,1.0011107577952167,3056.3130159516936,1474.697855676103,1.37631320596732,2029.6461335787094,4653207.485657537,763.692933724396,629.631785001003,286.78896725106654,4362499.320215052,329141.69951183844,176.04314737000732,34.697612856173585,90278.65386360574,2.3759775993352497,0.035941534622056306,12277.318180686325,0.7105263176508347,13572.422243511912,17.35479491996017,286.78896725106654,0.6808665866563751,,,0.0004926967235597772,2.881048161652074e-05,7.367881591497307e-05,6108.276973426827,44604.35368771677,4209190.359479023,296.0895431786236,5411607.32802716,0.10043664149039844,0.03463813068830137,0.10318678933628823,0.554970866321964,0.831869784000987,0.003815587729249826,0.001253591417641021,0.004415587729249826,0.00014308453984686846,two-phase,False,
0.09885622472548179,1.0011339696083361,3056.3041869919457,1488.3373738364517,1.3758258355887762,2047.693010996541,4690560.303202816,765.6481765384628,630.6864237770376,286.8035578121095,4363994.734963637,328771.80395466025,176.51146695978045,34.80813310012322,90744.9944776822,2.3764098719079745,0.03594860012398064,12334.94404575993,0.7098829428476502,13639.994217336773,17.37736879979031,286.8035578121095,0.6789336025166651,,,0.0004883544528548909,2.8773055677222744e-05,7.331381407251442e-05,6144.03463563404,44882.88173288387,4241775.909972951,296.0960455582243,5404115.844816192,0.10070041689113486,0.03446141828166265,0.10350428714963066,0.5581756415635909,0.8297228170690942,0.0037933813933100514,0.001252387065356979,0.004393381393310051,0.00014225180224912692,two-phase,False,
0.09989531604209824,1.0011579335135388,3056.295072392254,1502.2540678697135,1.375331163647496,2066.0968352574378,4728595.7908690935,767.6338101625456,631.7568782323447,286.8183103543498,4365508.335801319,328400.82165756624,176.98404318902976,34.92078722413709,91218.77844825255,2.376847598527582,0.03595583174143148,12393.344480959757,0.7092345991598219,13708.515750960047,17.40028908401515,286.8183103543498,0.6769937592948216,,,0.0004840044198002941,2.873515477736098e-05,7.294735755254664e-05,6180.422114271597,45166.49347636088,4274942.49648091,296.10262248050674,5396552.270591168,0.10096351053156945,0.034283692484330504,0.10382178496297309,0.5613628464764289,0.8275697883537565,0.003771047710939969,0.0012511638735247716,0.004371047710939969,0.00014141428916024883,two-phase,False,
0.10095711627068513,1.001182679985026,3056.2856606037476,1516.4551083001998,1.3748290788577697,2084.866579673523,4767329.633648546,769.6503045921031,632.8433199870005,286.83325399050074,4367040.618132251,328028.73989540647,177.46107409783073,35.035591846957495,91700.20040709418,2.3772916678419698,0.03596323333648114,12452.5371002659,0.7085811756971103,13778.008509430974,17.423560819681832,286.83325399050074,0.6750469963962087,,,0.0004796469998366004,2.8696774739362972e-05,7.25794296988208e-05,6217.453760814278,45455.32442129402,4308703.183886865,296.10928701019094,5388890.561743931,0.10122591874073956,0.03410495624272144,0.10413928277631551,0.5645406941212768,0.8254052366450475,0.003748587052397197,0.0012499214782560422,0.004348587052397197,0.00014057201446489488,two-phase,False,
0.10204226660655197,1.0012082409944285,3056.2759395117323,1530.9479069278857,1.3743194557984584,2104.0114943049207,4806777.813082056,771.6982049827589,633.9459985577141,286.8483690803606,4368591.964172672,327655.54579036793,177.9424986406023,35.152616310998425,92189.37476741183,2.377741522065148,0.03597080953430222,12512.534734151408,0.70792264787666,13848.489315008925,17.447189913787604,286.8483690803606,0.6730933168254463,,,0.0004752825745994126,2.8657910097308913e-05,7.221004235575392e-05,6255.144380133452,45749.48805935557,4343071.144977001,296.1160304773553,5381151.753467931,0.10148763788376222,0.033925212544928196,0.10445678058965793,0.5677090484416351,0.8232292732389278,0.003725999793176544,0.0012486595058125315,0.004325999793176544,0.00013972499224412042,two-phase,False,
0.10315143184916803,1.001234650097068,3056.265896403216,1545.7401266021132,1.373802198371652,2123.5411840372585,4846957.155692368,773.7779502653534,635.0650217986883,286.8636749687512,4370162.898514349,327281.2262811439,178.42846506661064,35.27189031121939,92686.487802611,2.378197763161036,0.03597856458807333,12573.358810716858,0.7072588412526001,13919.983939808362,17.47118026153263,286.8636749687512,0.6711326706982953,,,0.00047091151681777533,2.8618558821746045e-05,7.183916334416167e-05,6293.509248228731,46049.122885248704,4378060.472067668,296.1228616027728,5373319.498048431,0.10174866436337686,0.03374446442148573,0.10477427840300037,0.5708348439024384,0.8210649066833137,0.0037032863141062645,0.0012473775722803987,0.004303286314106264,0.00013887323677898492,two-phase,False,
0.10428517028353032,1.0012619393491395,3056.255519139546,1560.8379457450005,1.3732772484922164,2143.463239474938,4887880.121815588,775.8897858727964,636.2004219706844,286.87917150015517,4371753.894002073,326905.76837809995,178.91901826698268,35.3934404684528,93191.64113437447,2.378660414459695,0.03598650220024744,12635.021025693013,0.706589717914014,13992.507227177575,17.495534324434335,286.87917150015517,0.6691650337157424,,,0.00046653470961552845,2.8578721331288405e-05,7.14668203320778e-05,6332.55962170647,46354.326959801365,4413681.344416512,296.1297804132291,5365396.2380864965,0.10200900923549434,0.03356273580069193,0.10509177621634279,0.5729773136237976,0.8195712281873103,0.003680449622104953,0.001246075433430727,0.004280449622104953,0.00013801686082893575,two-phase,False,
0.10544037324847477,1.0012900520775334,3056.2448293246516,1576.1987595128298,1.3727463385497372,2163.721075947875,4929428.38180265,778.0267925367148,637.3481176811131,286.89486825331943,4373365.5715844985,326529.1658235217,179.4143658603173,35.51655926879564,93703.41713949703,2.3791297910111897,0.035994599558228965,12697.359255046424,0.7059169316947294,14065.865817626824,17.520169232694414,286.89486825331943,0.667189848542788,,,0.00046216677884968317,2.8538537120232223e-05,7.109409495054594e-05,6372.180958751344,46664.24729496592,4449830.810083088,296.1367912852452,5357375.612389671,0.10226908821835108,0.03338062653636573,0.10540927402968521,0.5735764363510504,0.8191520442889888,0.003657565097026639,0.0012447570313235013,0.004257565097026639,0.000137158691138499,two-phase,False,
0.10661512483904077,1.001318958141016,3056.233838471398,1591.7960216251065,1.372210564216768,2184.2793169521938,4971527.354986202,780.1845638194918,638.505506985256,286.91075532752734,4374998.251462632,326151.4134359468,179.91450330230492,35.640824405690296,94220.89128112429,2.379605626261247,0.03600284254781605,12760.269703551588,0.7052415569800117,14139.936195139502,17.545032646578424,286.91075532752734,0.6652071039285243,,,0.0004578169065828711,2.849809459303049e-05,7.072167697218765e-05,6412.301220234437,46978.34152963652,4486443.85750586,296.14388989778996,5349268.8474012865,0.1025291672012078,0.03319851727203954,0.10572677184302763,0.5735764363510456,0.8191520442889922,0.0036346805719483276,0.001243424867207577,0.0042346805719483275,0.00013630052144806228,two-phase,False,
0.10780987718912387,1.0013486848402835,3056.222536252445,1607.634698887017,1.371669847015775,2205.1440414796066,5014186.851928552,782.3634333504256,639.6727609774516,286.92685202289846,4376652.188401917,325772.5038559531,180.4194752128031,35.766260167740256,94744.18857310979,2.3800885289317604,0.03601123364129597,12823.758724078185,0.7045636087323323,14214.727158110189,17.570128336147135,286.92685202289846,0.663217263221681,,,0.00045348511534376703,2.845739031805174e-05,7.034957399301553e-05,6452.92988978828,47296.70311856939,4523528.42733884,296.1510849793422,5341058.508224319,0.10278924618406454,0.03301640800771334,0.10604426965637007,0.5735764363510371,0.8191520442889981,0.0036117960468700144,0.0012420787244723903,0.004211796046870014,0.00013544235175762555,two-phase,False,
0.10902509592889757,1.0013792605933192,3056.2109119196484,1623.719890623952,1.3711241409542292,2226.321540182061,5057417.312630954,784.5636132920768,640.8498961089058,286.94315815976626,4378327.996348084,325392.4296384998,180.92944126073155,35.89286877625809,95273.4014942057,2.3805785262014227,0.036019775624273366,12887.839339776812,0.70388297949504,14290.254381530773,17.59545787193373,286.94315815976626,0.661219780664383,,,0.0004491714165952072,2.8416424490864948e-05,6.997776059833023e-05,6494.076692933134,47619.41701428363,4561093.179953004,296.1583765608866,5332747.712087193,0.10304932516692128,0.03283429874338714,0.10636176746971249,0.5735764363510371,0.8191520442889981,0.0035889115217917003,0.0012407183819375407,0.0041889115217917,0.00013458418206718876,two-phase,False,
0.11026126068747934,1.001410714988839,3056.1989542840506,1640.0568329777996,1.3705733814551457,2247.818239353,5101229.233321964,786.7853762581535,642.0370003262423,286.95967355625845,4380026.018345359,325011.18326608336,181.44434107715165,36.020696848624034,95808.62448996188,2.381075645675152,0.036028471349846866,12952.521514829697,0.703199623498525,14366.530467394496,17.621024071874746,286.95967355625845,0.6592151477633146,,,0.00044487582781063055,2.83751953326061e-05,6.96062283283738e-05,6535.751604838421,47946.57042942241,4599146.71441643,296.16576467380474,5324338.356489841,0.103309404149778,0.03265218947906095,0.10667926528305491,0.5735764363510504,0.8191520442889888,0.003566026996713389,0.0012393436137316388,0.004166026996713389,0.00013372601237675208,two-phase,False,
0.1115188656184271,1.0014430788426862,3056.1866516947734,1656.6509033674545,1.3700174974146202,2269.6407247211496,5145633.290743035,789.0290197857703,643.234186526839,286.9764077503996,4381746.75658345,324628.75715277327,181.96439071394212,36.14973694894983,96349.97183196148,2.381580208776388,0.03603732362117833,13017.814695058543,0.7025135078266298,14443.567543747718,17.646830054685168,286.9764077503996,0.6572028020547889,,,0.0004405983683267144,2.8333700639183743e-05,6.923497238276679e-05,6577.964858384937,48278.258496159004,4637697.747784848,296.17325370167623,5315823.639301136,0.10356948313263475,0.03247008021473474,0.10699676309639734,0.5735764363510552,0.8191520442889855,0.003543142471635074,0.0012379541891672802,0.004143142471635074,0.00013286784268631529,two-phase,False,
0.11279841994931258,1.0014763842573662,3056.173992016739,1673.507625120783,1.3694564429718645,2291.7957995842,5190640.734670912,791.2947494539203,644.4414481734564,286.99336054721095,4383490.869244573,324245.14361961366,182.4897562555363,36.27999230417417,96897.5423606857,2.382092245237561,0.03604633543492266,13083.733829318719,0.7018245018322681,14521.38342420885,17.6728772503306,286.99336054721095,0.6551821953377851,,,0.0004363390491340589,2.829194097359821e-05,6.886396225396009e-05,6620.726952541478,48614.5733022611,4676755.636300788,296.18084367816823,5307206.887187893,0.10382956211549148,0.03228797095040854,0.10731426090973976,0.5735764363510599,0.8191520442889821,0.0035202579465567615,0.0012365498726119996,0.004120257946556761,0.00013200967299587855,two-phase,False,
0.1141004485566986,1.0015106646849128,3056.1609626071604,1690.6326722856518,1.3688901251166377,2314.2903702913814,5236262.466360694,793.5829673915382,645.6590139881425,287.0105414655578,4385258.51212903,323860.3349389404,183.02032093670897,36.41152319569435,97451.45506244196,2.3826120795012597,0.036055509743699636,13150.283550612969,0.7011326636561326,14599.985410591587,17.69917023540181,287.0105414655578,0.6531543203518719,,,0.0004320978961140882,2.8249911908293984e-05,6.849321912846214e-05,6664.048661070403,48955.61510325121,4716329.108666212,296.1885389901846,5298479.7974337,0.10408964109834822,0.03210586168608234,0.10763175872308219,0.5735764363510465,0.8191520442889915,0.0034973734214784483,0.0012351304233550523,0.004097373421478448,0.00013115150330544182,two-phase,False,
0.11542549256793036,1.0015459549933121,3056.147550290713,1708.031874628008,1.368318494751902,2337.1316036792655,5282510.30892844,795.8938698337088,646.8868580598833,287.0279405834693,4387050.225778641,323474.32328514237,183.5561982162719,36.544345038535106,98011.795304806,2.383139448877911,0.03606484981408367,13217.479881612431,0.700437852023566,14679.392540757779,17.72571050866605,287.0279405834693,0.651118644659448,,,0.00042787492087554446,2.8207614005404828e-05,6.812270992981963e-05,6707.941041577183,49301.47548809027,4756428.0019633295,296.1963353204751,5289654.567581483,0.10434972008120497,0.03192375242175614,0.10794925653642462,0.5735764363510236,0.8191520442890075,0.0034744888964001333,0.0012336955954698663,0.004074488896400133,0.000130293333615005,two-phase,False,
0.1167741099910515,1.001582291536696,3056.1337413333,1725.7112228253802,1.3677414737427682,2360.3268111616203,5329395.954501245,798.2277897933027,648.1251145413387,287.0455868294047,4388866.631046852,323087.1007638365,184.09760717715045,36.678453068769876,98578.72316744823,2.3836752698858934,0.03607435852215166,13285.333217436662,0.699740032661035,14759.618160221453,17.75250156452994,287.0455868294047,0.6490750867592094,,,0.0004236701440119032,2.8165044694265276e-05,6.775243025562092e-05,6752.415444919945,49652.271569551696,4797061.843647698,296.2042457655223,5280706.260369781,0.10460979906406169,0.031741643157429944,0.10826675434976704,0.5735764363510599,0.8191520442889821,0.003451604371321822,0.0012322451376719995,0.004051604371321822,0.00012943516392456832,two-phase,False,
0.11814687637588325,1.0016197122296016,3056.1195214143204,1743.6768738646538,1.3671590000769747,2383.883531330145,5376931.618603615,800.5849921735285,649.3738273964022,287.0634605568508,4390708.1449353155,322698.6593934966,184.64449699765598,36.81389716738852,99152.31069947578,2.384218987089756,0.03608403941340416,13353.856597447622,0.6990391215171594,14840.678354049915,17.779545665588874,287.0634605568508,0.6470236492947771,,,0.0004194835808283075,2.8122203424338155e-05,6.738236461590768e-05,6797.483524995885,50008.094758714105,4838240.682544012,296.21226165674403,5271655.903514835,0.10486987804691843,0.03155953389310374,0.10858425216310946,0.5735764363510647,0.8191520442889788,0.0034287198462435078,0.0012307787931724289,0.004028719846243508,0.00012857699423413153,two-phase,False,
0.11954438550325275,1.0016582566254244,3056.104875597373,1761.9351566533446,1.3665709937740307,2407.8094779931635,5425129.5798218995,802.9658172929835,650.6331274493602,287.08159066141667,4392575.576393397,322308.9911212335,185.19720615961953,36.9506505569209,99732.72364492017,2.384771522105316,0.03609389553581818,13423.061199000036,0.6983350770526879,14922.587393672136,17.806846269802776,287.08159066141667,0.6449637272295287,,,0.0004153152519498635,2.8079087808373487e-05,6.701250752426795e-05,6843.15724892214,50369.068205308504,4879974.527295081,296.22039609630804,5262479.48587318,0.10512995702977516,0.03137742462877754,0.1089017499764519,0.5735764363510371,0.8191520442889981,0.0034058353211651946,0.0012292962995259934,0.004005835321165194,0.0001277188245436948,two-phase,False,
0.12096725011300344,1.0016979659995964,3056.0897882992217,1780.4925778541547,1.3659773862192002,2432.112597679904,5474002.633135007,805.370541847848,651.903063553989,287.0999574937832,4394469.137113457,321918.08780633466,185.7555708865035,37.08878756502762,100320.03881043768,2.3853323202228323,0.03610393060480068,13492.960457812074,0.6976278183806804,15005.36191221902,17.834406005725175,287.0999574937832,0.642895842855129,,,0.000411165174241498,2.8035696834505773e-05,6.664284446119822e-05,6889.448907629959,50735.289118492256,4922273.884957381,296.2286404161685,5253197.099284786,0.1053900360126319,0.03119531536445134,0.10921924778979432,0.5735764363510284,0.8191520442890042,0.0033829507960868813,0.0012277973884748008,0.003982950796086881,0.00012686065485325806,two-phase,False,
0.12241610266257036,1.0017388834375136,3056.0742432569973,1799.3558279530355,1.3653781021546656,2456.8010454714527,5523563.754582835,807.799493958818,653.1837377659058,287.11858991553976,4396389.671161154,321525.94122868276,186.319934593924,37.228282319920645,100914.42790763229,2.3859023083802233,0.036114147851154445,13563.567600098171,0.6969172748690374,15089.018408386326,17.862227920973226,287.11858991553976,0.640819387333988,,,0.0004070333663538893,2.7992028889795818e-05,6.6273363378244e-05,6936.371126891751,51106.887107089846,4965149.378908372,296.23700772438775,5243784.982053332,0.10565011499548864,0.031013206100125142,0.10953674560313674,0.5735764363510418,0.8191520442889949,0.003360066271008568,0.001226281785786404,0.003960066271008568,0.0001260024851628213,two-phase,False,
0.12389159612566422,1.0017810539277485,3056.0582234934473,1818.531787571552,1.3647730628312265,2481.8831975799726,5573826.271002216,810.2529912258183,654.4752359030788,287.1374779687057,4398337.565865958,321132.54308557144,186.89018937138243,37.36920007568503,101515.99154637365,2.386481230108817,0.03612455105863007,13634.895382179446,0.6962033861256133,15173.572960060399,17.890315146262047,287.1374779687057,0.6387348641206576,,,0.0004029198477088193,2.7948082295490956e-05,6.590405586292573e-05,6983.936878801854,51483.97158969987,5008611.899359535,296.2454937100577,5234254.681257793,0.10591019397834536,0.030831096835798943,0.10985424341647916,0.5735764363510552,0.8191520442889855,0.003337181745930255,0.001224749211086539,0.003937181745930255,0.00012514431547238456,two-phase,False,
0.12539440482951783,1.0018245244607984,3056.041711280137,1838.0275340348935,1.3641621915696622,2507.3676689944223,5624803.8515707385,812.7313579060101,655.7776429587179,287.1566213961052,4400313.306006736,320737.8849898433,187.46639904411526,37.51157289834165,102124.85145604797,2.387069125625415,0.03613514399139316,13706.957374581514,0.6954860809769196,15259.042546534012,17.91867065223542,287.1566213961052,0.6366422382911244,,,0.0003988246368355899,2.790385568795658e-05,6.55349113124495e-05,7032.159493732935,51866.66113601013,5052672.629933425,296.25409841775456,5224608.834928834,0.10617027296120211,0.03064898757147274,0.1101717412298216,0.5735764363510284,0.8191520442890042,0.0033142972208519417,0.0012231993776862162,0.0039142972208519415,0.0001242861457819478,two-phase,False,
0.12692522533540382,1.001869344133816,3056.024688098451,1857.850348207481,1.363545406108993,2533.2633075363037,5676510.4632597305,815.2349342767861,657.0910585456479,287.17604900107096,4402317.79409197,320341.9584718463,188.04891503053886,37.655376377158184,102741.18908239558,2.3876669310294063,0.03614593017802207,13779.767961486312,0.6947652836035192,15345.445080069607,17.9472977913809,287.17604900107096,0.6345408946870468,,,0.00039474775362871323,2.7859347173707814e-05,6.516591697289917e-05,7081.052672791179,52255.09598820444,5097342.996995265,296.2628349656426,5214824.100928354,0.10643035194405884,0.03046687830714654,0.11048923904316402,0.5735764363510552,0.8191520442889855,0.003291412695773628,0.0012216319924029321,0.003891412695773628,0.00012342797609151104,two-phase,False,
0.12848477736231592,1.0019155642616608,3056.007134598245,1878.0077216087502,1.362922629405007,2559.579221977904,5728960.549589771,817.7640279196635,658.41553473297,287.1957508051171,4404351.630077046,319944.7549696156,188.63775117461975,37.800654727875454,103365.1137016773,2.3882743934873405,0.036156913700781855,13853.342623357692,0.6940408991748391,15432.799644921948,17.97619931955585,287.1957508051171,0.6324308142689298,,,0.0003906892161857972,2.7814555853086404e-05,6.479705711264404e-05,7130.630500794683,52649.39600411406,5142634.855321358,296.2716990464393,5204912.977338831,0.10669043092691557,0.030284769042820344,0.11080673685650644,0.5735764363510552,0.8191520442889855,0.0032685281706953152,0.0012200467553757763,0.003868528170695315,0.00012256980640107433,two-phase,False,
0.13007380475916094,1.0019632384947883,3055.989030554002,1898.5073638223696,1.3622937713271335,2586.32475655391,5782168.708155288,820.3190152154766,659.7512000074198,287.21572652051367,4406415.3500718055,319546.2658422698,189.2329778353334,37.947442047070794,103996.75629179597,2.388891558368109,0.03616809863452152,13927.693971828761,0.6933128862301446,15521.12246931706,18.00537891314957,287.21572652051367,0.630311958709084,,,0.0003866490460897986,2.7769479465652526e-05,6.44283299727098e-05,7180.9074598009465,53049.69071469435,5188560.068375955,296.28069071007803,5194878.377753721,0.10695050990977231,0.030102659778494138,0.11112423466984887,0.5735764363510418,0.8191520442889949,0.0032456436456170016,0.0012184433598741813,0.0038456436456170014,0.00012171163671063757,two-phase,False,
0.13169307652683482,1.0020124229444154,3055.9703548182765,1919.3572102128337,1.36165875390385,2613.509547154777,5836150.127620265,822.9002158651406,661.0981055382903,287.2360048888411,4408509.749471712,319146.48235379276,189.83483563070044,38.09573948418715,104636.30885614827,2.3895193716173537,0.03617948883551179,14002.839900650888,0.6925811221351432,15610.435284780351,18.0348393350089,287.2360048888411,0.6281842273366209,,,0.00038262726114341534,2.77241172328832e-05,6.405971273427374e-05,7231.898443210652,53456.13217720399,5235131.140315266,296.2898230854528,5184696.655562412,0.10721058889262905,0.029920550514167938,0.1114417324831913,0.5735764363510333,0.8191520442890009,0.003222759120538688,0.001216821492100066,0.0038227591205386878,0.0001208534670202008,two-phase,False,
0.13334338789388323,1.0020631763154944,3055.9510852722933,1940.565429964193,1.3610174913141027,2641.143493220739,5890920.350391231,825.5079588340718,662.4563093595793,287.25656623499873,4410635.400087263,318745.39567420207,190.44328601657978,38.24560541264017,105283.87068781504,2.390157283995181,0.03619108882413579,14078.796409994044,0.6918455185224751,15700.757951839058,18.064583735820502,287.25656623499873,0.6260476201693443,,,0.00037862388112073055,2.7678467841389745e-05,6.369119268429129e-05,7283.618770476683,53868.8456069599,5282360.796533032,296.29908750922937,5174389.414399867,0.10747066787548579,0.02973844124984174,0.11175923029653372,0.5735764363510552,0.8191520442889855,0.0031998745954603747,0.001215180830983097,0.0037998745954603745,0.00011999529732976405,two-phase,False,
0.13502556144909844,1.0021155600480585,3055.931198773445,1962.1404344563919,1.3603698755591696,2669.236738651057,5946494.905419715,828.1427005434698,663.8260153247934,287.27743926085924,4412793.056072158,318342.9969063013,191.0585739250073,38.39704260185851,105939.64120982164,2.390806247893231,0.036202902692875474,14155.574852416057,0.6911060711982937,15792.105676187868,18.094616798975707,287.27743926085924,0.6239020328058995,,,0.00037463893161659637,2.7632527704499597e-05,6.33227778805869e-05,7336.084202448838,54287.99162132259,5330261.554043702,296.3084971172202,5163932.9294711,0.10773074685834252,0.029556331985515535,0.11207672810987615,0.5735764363510371,0.8191520442889981,0.0031769900703820615,0.0012135210479687953,0.0037769900703820613,0.0001191371276393273,two-phase,False,
0.13674044833331994,1.0021696384675014,3055.910671099518,1984.0908859956123,1.3597158399183775,2697.799805525922,6002890.468780716,830.8046953021462,665.2071695973393,287.298613953013,4414983.410033338,317939.27703435044,191.6807201337913,38.55010014689469,106603.74584531924,2.39146601693761,0.0362149350918954,14233.197932197869,0.6903625881042637,15884.505336339662,18.1249401017061,287.298613953013,0.6217474432204931,,,0.00037067242645347264,2.7586298061913875e-05,6.29544313043389e-05,7389.3109573865495,54713.71018262981,5378847.272756709,296.31804760836025,5153340.111110138,0.10799082584119926,0.029374222721189336,0.11239422592321857,0.5735764363510504,0.8191520442889888,0.0031541055453037483,0.0012118418067991877,0.003754105545303748,0.00011827895794889056,two-phase,False,
0.1384889294999718,1.0022254789446268,3055.8894768893188,2006.425706915883,1.3590552737982535,2726.8434384684197,6060123.474388481,833.4943848585649,666.5999446603248,287.32010929788726,4417207.445335996,317534.22696797777,192.31004188355857,38.70476889699083,107276.37241429341,2.3921372498312437,0.036227190474633304,14311.678965398016,0.6896150440476768,15977.974332849684,18.155558289389848,287.32010929788726,0.6195832419152413,,,0.00036672439124765734,2.7539775534867535e-05,6.258615636552029e-05,7443.315727673761,55146.164830269656,5428131.24175622,296.32774776563247,5142597.549329879,0.10825090482405599,0.02919211345686314,0.11271172373656099,0.5735764363510552,0.8191520442889855,0.0031312210202254355,0.0012101427632857003,0.0037312210202254353,0.00011742078825845383,two-phase,False,
0.14027191703780298,1.0022831520658435,3055.867589579592,2029.1540890701724,1.3583880842734726,2756.378735747715,6118211.109876159,836.2121298531952,668.0044033386143,287.34193458805856,4419465.713005246,317127.83751943975,192.9465548342217,38.861101737289474,107957.69332590177,2.3928203081025345,0.03623967353541004,14391.036673731436,0.6888633279926257,16072.535676968357,18.18647465443812,287.34193458805856,0.6174098828953459,,,0.0003627948463797494,2.7492958888433225e-05,6.221793624219365e-05,7498.115697272192,55585.51766032806,5478127.548102394,296.3376020154312,5131699.213298868,0.10851098380691272,0.02901000419253694,0.11302922154990341,0.5735764363510465,0.8191520442889915,0.0031083364951471223,0.0012084235650739678,0.003708336495147122,0.00011656261856801708,two-phase,False,
0.1420903555720845,1.0023427318146474,3055.8449813377815,2052.2855037302133,1.3577141740248375,2786.417117560214,6177170.901560584,838.9583340976465,669.420647859868,287.3640797842042,4421758.970656149,316720.0994098424,193.5902845326341,39.01915108078637,108647.84500995616,2.393514950214308,0.036252389315116894,14471.287591768718,0.6881073636747994,16168.210201629707,18.21769259283457,287.3640797842042,0.6152273419844118,,,0.000358883813086678,2.7445846802611067e-05,6.184976491084974e-05,7553.728559951271,56031.92267585643,5528850.4729470955,296.3476060613088,5120658.304277221,0.10877106278976947,0.028827894928210734,0.11334671936324585,0.5735764363510371,0.8191520442889981,0.0030854519700688077,0.0012066838514002256,0.0036854519700688076,0.00011570444887758029,two-phase,False,
0.14394522374176724,1.0024042957649983,3055.8216229904488,2075.829711915367,1.3570334481420312,2816.97035171619,6237021.073522482,841.7333313892659,670.8486940957359,287.3865638129786,4424088.280319127,316311.00325251406,194.2415573711969,39.178910225643975,109347.02775481515,2.3942218448913573,0.03626534267839355,14552.454062451336,0.6873469974315376,16265.024838107029,18.249215296074567,287.3865638129786,0.6130350037429388,,,0.0003549913116376136,2.73984383376501e-05,6.14816153036003e-05,7610.172538335397,56485.55850198576,5580315.035629556,296.3577686967123,5109461.88629452,0.1090311417726262,0.028645785663884538,0.11366421717658827,0.5735764363510552,0.8191520442889855,0.003062567444990495,0.0012049232528389265,0.003662567444990495,0.00011484627918714357,two-phase,False,
0.14583753576048927,1.0024679252875868,3055.7974839469625,2099.7967751720134,1.3563458021166077,2848.0505413025508,6297780.022809838,844.5375601923934,672.2886672379218,287.4093959167837,4426454.451499128,315900.53957203234,194.90052059218704,39.340410074404836,110055.42644042699,2.394941362316491,0.03627853874295689,14634.553297812534,0.6865821547454182,16363.001315170995,18.281046440381058,287.4093959167837,0.6108327952818603,,,0.0003511173644912396,2.735073189768549e-05,6.111348283476868e-05,7667.466403811622,56946.60273993254,5632536.209372447,296.36809435685853,5098105.144947425,0.10929122075548293,0.028463676399558338,0.11398171498993069,0.5735764363510647,0.8191520442889788,0.0030396829199121817,0.0012031413910412142,0.0036396829199121816,0.00011398810949670682,two-phase,False,
0.14776834306679454,1.0025337057699737,3055.77253211812,2124.1970668261247,1.3556511116640857,2879.670115036426,6359466.517798989,847.3714779166235,673.74071849097,287.4325853165681,4428858.209949399,315488.69881076465,195.56719560323688,39.50370855149443,110773.23049237987,2.3956738763367755,0.03629198277856546,14717.601574339431,0.6858127910396877,16462.160569961277,18.313190988841033,287.4325853165681,0.6086211652222746,,,0.00034726199878882673,2.730272404763704e-05,6.0745367884742494e-05,7725.629497343371,57415.23863028535,5685529.188987703,296.37858748073023,5086582.953424149,0.10955129973833967,0.02828156713523213,0.11429921280327313,0.5735764363510504,0.8191520442889888,0.003016798394833868,0.0012013378784638627,0.003616798394833868,0.00011312993980627007,two-phase,False,
0.14973873606978685,1.0026017268516838,3055.746733829304,2149.0412837330196,1.3549492888759642,2911.841959159144,6422100.365035021,850.2354268593549,675.2048349571608,287.4561412112723,4431300.706792684,315075.471293273,196.24186137756473,39.66881325213893,111500.63402260607,2.3964197645814975,0.03630568021247823,14801.623948427976,0.6850387183834584,16562.532559410123,18.345651166579007,287.4561412112723,0.6063995140125091,,,0.0003434252318723957,2.7254415526600094e-05,6.03772397978981e-05,7784.6817512387515,57891.65527759456,5739310.351320807,296.38925251117666,5074892.0659225,0.10981137872119641,0.028099457870905935,0.11461671061661555,0.5735764363510418,0.8191520442889949,0.0029939138697555553,0.0011995123180882758,0.003593913869755555,0.00011227177011583332,two-phase,False,
0.15174984599694955,1.0026720826754343,3055.7200537277486,2174.3404585496733,1.3542402152071296,2944.579290519878,6485701.513853356,853.1298450910922,676.6811201403355,287.48006314112627,4433782.944527353,314660.84725011676,196.92474400847345,39.835744113433236,112237.8152428212,2.397179102334842,0.036319636736230655,14886.639788670238,0.684259851742778,16664.14157211946,18.378431228855234,287.48006314112627,0.6041672638724349,,,0.0003396070885981969,2.7205804117544602e-05,6.0009091717816767e-05,7844.643711924894,58376.04102379078,5793895.940916939,296.4000895284221,5063037.702544995,0.11007145770405315,0.027917348606579736,0.11493420842995797,0.5735764363510552,0.8191520442889855,0.002971029344677242,0.0011976643031291168,0.003571029344677242,0.00011141360042539659,two-phase,False,
0.15380284685143814,1.0027448721557841,3055.6924546834503,2200.105972556381,1.3535237804341282,2977.8957533302173,6550290.579699937,856.055152949611,678.169639780494,287.5043602717186,4436305.427340437,314244.8168087148,197.61574122145993,40.00458928483614,112984.97766774395,2.3979522732493224,0.03633385810721255,14972.671356585726,0.6834760635255449,16767.014944190352,18.411534652269626,287.5043602717186,0.6019253828359773,,,0.0003358075912770579,2.7156888844046687e-05,5.964090825519856e-05,7905.536563782968,58868.59722870444,5849302.840513597,296.4111029812205,5051013.882182213,0.11033153668690988,0.027735239342253533,0.1152517062433004,0.5735764363510236,0.8191520442890075,0.002948144819598928,0.00119579341673212,0.003548144819598928,0.0001105554307349598,two-phase,False,
0.15589895748677418,1.0028201992666106,3055.663897683228,2226.3495690562067,1.3527998524911788,3011.805368613036,6615888.437331193,859.0118476279913,679.6705489554771,287.5290610009128,4438869.5920677865,313827.3700112599,198.31526021787906,40.17533570209686,113742.3719607329,2.3987402801521704,0.036348350059017306,15059.73777646595,0.6826872875945988,16871.176961764748,18.44496634713272,287.5290610009128,0.5996732154749144,,,0.0003320267672079053,2.7107666698330694e-05,5.9272687511150296e-05,7967.382154101985,59369.54582936183,5905547.979868919,296.4223060585102,5038800.611132601,0.11059161566976662,0.027553130077927333,0.11556920405664282,0.5735764363510504,0.8191520442889888,0.0029252602945206148,0.0011938992316606134,0.0035252602945206146,0.00010969726104452305,two-phase,False,
0.1580394438075547,1.0028981733489488,3055.6343417173603,2253.083367382254,1.352068326981869,3046.3226590871996,6682517.105484155,862.0002939417036,681.1838238363802,287.5541455507536,4441476.441307025,313408.496777719,199.02341895299193,40.348030706425725,114510.14945334343,2.399542594382462,0.036363119007297336,15147.865755962568,0.6818933388066066,16976.659723902147,18.47872901619985,287.5541455507536,0.5974102287390055,,,0.00032826463638610103,2.7058138011638258e-05,5.8904402648305327e-05,8030.203019213151,59879.080879926194,5962649.524233405,296.43369011549373,5026421.279529772,0.11085169465262334,0.027371020813601137,0.11588670186998525,0.5735764363510599,0.8191520442889821,0.002902375769442302,0.0011919813099702551,0.003502375769442302,0.00010883909135408633,two-phase,False,
0.16022562110555238,1.002978909440873,3055.603743658223,2280.3198775446194,1.3513290719242572,3081.4625438128064,6750198.734925498,865.0209801328124,682.7095837100552,287.57965188523946,4444126.965018976,312988.186934222,199.7404303198333,40.52270438643731,115288.59300782213,2.4003605369619603,0.03637817095886916,15237.077848640558,0.6810941111232959,17083.491255019013,18.512827139101677,287.57965188523946,0.5951367844717004,,,0.00032452122515909713,2.7008300582244953e-05,5.853604424717382e-05,8094.022411870385,60397.4455339001,6020625.531542754,296.4452727199849,5013845.0888630515,0.1111117736354801,0.02718891154927493,0.11620419968332768,0.5735764363510333,0.8191520442890009,0.0028794912443639883,0.0011900392026714646,0.003479491244363988,0.00010798092166364955,two-phase,False,
0.16245885654141187,1.0030625286312642,3055.572058130244,2308.072015550744,1.3505819538422832,3117.2404123712204,6818956.117231483,868.074395078826,684.247936606933,287.6055698166537,4446822.329695255,312566.43021025613,200.46647844562972,40.69939469785113,116077.88565616777,2.401193893766786,0.03639351261206951,15327.395789844551,0.6802895129717892,17191.698840474444,18.547265105132016,287.6055698166537,0.5928523209242018,,,0.00032079655968508396,2.695815243734508e-05,5.8167608057773695e-05,8158.86432994695,60924.85525482722,6079494.542815303,296.4570496019032,5001087.14384084,0.11137185261833683,0.027006802284948728,0.1165216974966701,0.5735764363510418,0.8191520442889949,0.0028566067192856742,0.0011880724493790057,0.003456606719285674,0.00010712275197321279,two-phase,False,
0.16474057178307777,1.0031491584394792,3055.5392373704667,2336.3531194349325,1.3498268448614208,3153.6721596889934,6888812.872317371,871.1609876678322,685.7989288898334,287.6319276078696,4449563.692988883,312143.21622567147,201.2017224958844,40.878146789676656,116878.30144401804,2.4020436909495024,0.036409150476094734,15418.846686846384,0.6794793818436842,17301.31540317935,18.58204671908573,287.6319276078696,0.5905572197421185,,,0.00031709066426822795,2.6907692546400017e-05,5.779907346329497e-05,8224.75354652255,61461.5617725011,6139275.948527966,296.46903397391213,4988126.571390086,0.11163193160119356,0.026824693020622535,0.11683919531001252,0.5735764363510418,0.8191520442889949,0.0028337221942073623,0.0011860805779481396,0.003433722194207362,0.00010626458228277608,two-phase,False,
0.1670722458131085,1.0032389332231408,3055.5052310789206,2365.1769660349496,1.349063616357221,3190.774191123909,6959793.334000098,874.2812029540723,687.3625876298781,287.65871503562863,4452352.197532571,311718.5344863907,201.94635363630135,41.05900152261878,117690.03467309417,2.402909721253793,0.03642509166062198,15511.457720508155,0.6786635573083818,17412.374037879734,18.617175506914975,287.65871503562863,0.5882509159972222,,,0.0003134035629289589,2.6856920364439014e-05,5.743042263074242e-05,8291.715641440207,62007.796155058495,6199989.720469079,296.4812215722869,4974978.399052799,0.1118920105840503,0.026642583756296336,0.11715669312335494,0.5735764363510465,0.8191520442889915,0.002810837669129049,0.0011840631040967488,0.003410837669129049,0.00010540641259233935,two-phase,False,
0.16945541791810637,1.0033319946164811,3055.4699862579437,2394.557788555898,1.3482921165786454,3228.563389001912,7031922.148295456,877.4355786791211,688.9390465216104,287.685960290515,4455188.972670301,311292.3744059477,202.70053658612673,41.242007422438164,118513.37221805102,2.4037930235785483,0.0364413431081088,15605.252936696546,0.6778419415696866,17524.904828384377,18.652656544417177,287.685960290515,0.5859337861170649,,,0.0003097352845561267,2.6805833196432938e-05,5.7061650821654715e-05,8359.777034417237,62563.82696523595,6261655.902266352,296.4936256224326,4961621.801095308,0.11215208956690703,0.02646047449197013,0.11747419093669738,0.5735764363510284,0.8191520442890042,0.002787953144050735,0.0011820195310127978,0.003387953144050735,0.00010454824290190256,two-phase,False,
0.17189169087493814,1.003428492001924,3055.433447039479,2424.510294964055,1.3475122086806164,3267.0572225359065,7105225.022872395,880.6245781096341,690.5283288767753,287.7136723047498,4458075.786811665,310864.7252825661,203.46472993748014,41.42715556839033,119348.56450902137,2.4046940229867326,0.036457912183505116,15700.261943259124,0.6770143559256242,17638.94363561208,18.688493464615487,287.7136723047498,0.583604680117649,,,0.00030608585399180576,2.6754430524145378e-05,5.669273742567292e-05,8428.965019800517,63129.91720819288,6324295.622764765,296.5062506142806,4948056.655258096,0.11241216854976377,0.026278365227643933,0.1177916887500398,0.5735764363510418,0.8191520442889949,0.0027650686189724222,0.0011799493489464575,0.003365068618972422,0.00010369007321146584,two-phase,False,
0.17438273434948723,1.003528583017855,3055.3955544993214,2455.049687255989,1.3467237350284094,3306.2736845017134,7179728.050375692,883.8487512110919,692.1305549226151,287.7418503893908,4461013.302271133,310435.57631889166,204.23878597631662,41.61456288742121,120195.84642601619,2.4056128367928595,0.036474806582133805,15796.509713370779,0.6761807009093894,17754.521750707827,18.724691211814903,287.7418503893908,0.5812645770477949,,,0.0003024553002637195,2.6702710039058487e-05,5.632367990763438e-05,8499.307803061989,63706.33154455781,6387930.099136503,296.5190966686985,4934287.107153525,0.1126722475326205,0.026096255963317733,0.11810918656338222,0.5735764363510599,0.8191520442889821,0.002742184093894109,0.0011778520347861957,0.003342184093894109,0.00010283190352102909,two-phase,False,
0.17693028852555703,1.0036324341058391,3055.3562464571287,2486.191681651031,1.3459265546901362,3346.2314043838483,7255458.519990554,887.1085542965429,693.7457100810395,287.7705226056271,4464003.386283851,310004.9165943524,205.02329634817667,41.80419831208702,121055.52616030238,2.4065505268518232,0.03649203396383212,15894.030146154426,0.675340752799356,17871.67970808555,18.761253097581406,287.7705226056271,0.5789122652805357,,,0.00029884364801845885,2.665067186074352e-05,5.595444951643675e-05,8570.834539136964,64293.36682805567,6452581.868324898,296.53217703391346,4920295.744351677,0.11293232651547724,0.025914146698991527,0.11842668437672466,0.5735764363510418,0.8191520442889949,0.0027192995688157945,0.0011757270516180862,0.0033192995688157943,0.0001019737338305923,two-phase,False,
0.17953616798307173,1.0037402211008872,3055.315457260942,2517.9525297582372,1.3451205034329485,3386.949574448666,7332444.128062008,890.404534648344,695.3738829035055,287.79969778088724,4467047.341750595,309572.7350865326,205.8183197330068,41.99614195630089,121927.87524097282,2.4075075375161896,0.03650960243468078,15992.851805873395,0.6744943783731194,17990.45277083986,18.79818393278806,287.79969778088724,0.5765481641753354,,,0.0002952509265399329,2.659831405989665e-05,5.558503794973229e-05,8643.575372714678,64891.31515230163,6518273.542565646,296.54549621844046,4906080.672894223,0.11319240549833398,0.025732037434665327,0.11874418219006708,0.5735764363510418,0.8191520442889949,0.0026964150437374813,0.0011735738482675645,0.003296415043737481,0.00010111556414015555,two-phase,False,
0.1822022658467239,1.0038521298687506,3055.273117554791,2550.3490407721783,1.3443053975505441,3428.4479811478923,7410713.1088281255,893.7373003052276,697.0152275411622,287.8293942875841,4470146.544542785,309139.0206857419,206.62411870205955,42.19043515035314,122813.19523654434,2.4084846348606184,0.03652752027571983,16093.001002156505,0.673641490145875,18110.874098213477,18.835489593778362,287.8293942875841,0.5741721353445624,,,0.0002916771686485341,2.654563331155232e-05,5.521544650893706e-05,8717.561480598113,65500.48689425848,6585028.024618076,296.5590631133599,4891631.52476258,0.1134524844811907,0.02554992817033913,0.1190616800034095,0.5735764363510371,0.8191520442889981,0.0026735305186591685,0.0011713918588228014,0.0032735305186591683,0.00010025739444971882,two-phase,False,
0.184930558228352,1.003968356994655,3055.229154027829,2583.3986047553135,1.343481107759405,3470.74721930077,7490295.639589125,897.1072378203589,698.6695870441978,287.8596017292069,4473302.419859112,308703.76212904823,207.44077383433287,42.38715925385173,123711.7274420711,2.4094816453193495,0.03654579632009525,16194.519990198954,0.6727817618060575,18232.99312903969,18.87317152337749,287.8596017292069,0.5717841258709724,,,0.00028812239463566115,2.649263264420973e-05,5.4845630277088185e-05,8792.825116258105,66121.18011836054,6652870.5193569595,296.57287348593206,4876964.6966561135,0.11371256346404746,0.025367818906012928,0.11937917781675193,0.5735764363510552,0.8191520442889855,0.0026506459935808553,0.0011691805021388352,0.003250645993580855,9.939922475928207e-05,two-phase,False,
0.18772310898875746,1.0040891105283662,3055.183489143269,2617.119217068408,1.3426474255071508,3513.8683790421883,7571221.355089257,900.5150330774723,700.337184458605,287.8903671170515,4476517.187131697,308266.94808175444,208.26903134336192,42.586262583096186,124623.85778890974,2.4105002988147164,0.03656443914422924,16297.434419064026,0.6719151403936103,18356.842717056086,18.91123670108133,287.8903671170515,0.5693828470324267,,,0.0002845866413108451,2.6439307375990406e-05,5.447559884962459e-05,8869.3996567155,66753.7514153404,6721824.956975645,296.5869493741473,4862047.03519453,0.11397264244690418,0.02518570964168673,0.11969667563009435,0.5735764363510418,0.8191520442889949,0.002627761468502542,0.001166939181321544,0.003227761468502542,9.854105506884532e-05,two-phase,False,
0.1905820748473718,1.004214610791025,3055.136040845202,2651.529504014418,1.3418041764873971,3557.8333625661026,7653521.552231075,903.9612183372305,702.0180230540873,287.9216799754805,4479791.483626678,307828.56709146476,209.108551232424,42.787918519647874,125549.84394390407,2.411540436923642,0.03658345817193778,16401.779895452433,0.6710414250809154,18482.46592889672,18.949689147733167,287.9216799754805,0.5669698224450315,,,0.00028106993726056517,2.6385657099805875e-05,5.410533442058364e-05,8947.319651894572,67398.52249433628,6791917.074687065,296.6012865593719,4846891.788091176,0.11423272142976092,0.02500360037736053,0.12001417344343678,0.5735764363510418,0.8191520442889949,0.002604876943424229,0.0011646672831904991,0.0032048769434242287,9.768288537840857e-05,two-phase,False,
0.19350971087123467,1.0043450912497938,3055.0867222411725,2686.648749765472,1.3409511826581841,3602.6648183851416,7737228.526184865,907.4463181990891,703.7120786459529,287.953577615516,4483128.040335038,307388.6075833566,209.96017626153815,42.99206181536494,126490.06746187211,2.4126034965194285,0.03660286269224636,16507.596493072713,0.6701603665423841,18609.910577916085,18.98853266676101,287.953577615516,0.5645432552786626,,,0.0002775723111672209,2.633168179841713e-05,5.373480951524157e-05,9026.620876600968,68055.86757331423,6863173.57357521,296.61590272456704,4831477.039835291,0.11449280041261765,0.024821491113034333,0.1203316712567792,0.5735764363510552,0.8191520442889855,0.002581992418345916,0.0011623641777196846,0.003181992418345916,9.682471568797185e-05,two-phase,False,
0.196508376378174,1.0044807994670644,3055.035441258128,2722.4969246471483,1.3400882386925703,3648.3861085963363,7822374.990009238,910.9709817487192,705.4194671805897,287.9860590436552,4486527.973250325,306947.0578902875,210.82377930969454,43.198828970379495,127444.8265992987,2.413689652949693,0.03662266268012802,16614.916234329386,0.6692718396519021,18739.216453521592,19.027772688623322,287.9860590436552,0.5621041062502291,,,0.0002740937966088067,2.627737929090089e-05,5.3364024183202905e-05,9107.340385288526,68726.14222814253,6935621.1096057985,296.63079804486347,4815809.374590897,0.11475287939547439,0.024639381848708126,0.12064916907012163,0.5735764363510418,0.8191520442889949,0.002559107893267602,0.0011600292174550068,0.003159107893267602,9.596654599753508e-05,two-phase,False,
0.1995805412929467,1.0046219981317426,3054.982100269126,2759.094714859089,1.3392151325108972,3695.021394170131,7908994.802493884,914.5358189641229,707.1402442147833,288.019151884852,4489993.545062548,306503.9062429888,211.70001319058989,43.40820027024684,128414.49913949716,2.414800048268526,0.03664286818718495,16723.776431730315,0.6683756618523702,18870.428969649518,19.067414558031835,288.019151884852,0.5596511264681578,,,0.0002706344276051455,2.6222747634622713e-05,5.299296595792083e-05,9189.516569791023,69409.74038516682,7009287.44594837,296.64598584578835,4799873.963890797,0.11501295837833113,0.024457272584381927,0.12096666688346405,0.5735764363510418,0.8191520442889949,0.0025362233681892887,0.0011576617369074716,0.0031362233681892886,9.510837630709833e-05,two-phase,False,
0.202728792999483,1.0047689661810295,3054.92659568783,2796.463553716288,1.3383316807203853,3742.595767918421,7997123.512058716,918.1413247242485,708.8742873939584,288.05285506129263,4493526.380302204,306059.14073239104,212.58890570280894,43.62028766059659,129399.40202549603,2.415934874787172,0.03666348988439116,16834.22379710797,0.6674715190172065,19003.603185630687,19.107461007909944,288.05285506129263,0.5571847428838053,,,0.00026719423149355664,2.616778858232469e-05,5.2621599716212566e-05,9273.189220207969,70107.04596633298,7084202.170507623,296.66146631760586,4783679.606260368,0.11527303736118787,0.02427516332005573,0.12128416469680647,0.5735764363510552,0.8191520442889855,0.002513338843110976,0.001155261051920822,0.0031133388431109758,9.42502066166616e-05,two-phase,False,
0.20595584373732848,1.0049220000221242,3054.868817527499,2834.625654500937,1.3374376465689801,3791.135064259788,8086796.698399493,921.7882067531041,710.6217334091838,288.0872151450987,4497128.56985705,305612.74936700193,213.49095643515733,43.835110139616425,130399.98164878285,2.417095943179828,0.0366845383831241,16946.29434455055,0.6665592714831952,19138.78357589054,19.147918157511622,288.0872151450987,0.5547046900565896,,,0.0002637732454924415,2.6112499326923057e-05,5.224992466395396e-05,9358.399589147173,70818.50013853097,7160394.317236057,296.67726157610633,4767193.672548804,0.1155331163440446,0.024093054055729524,0.12160166251014891,0.5735764363510552,0.8191520442889855,0.002490454318032662,0.001152826459012387,0.0030904543180326617,9.339203692622482e-05,two-phase,False,
0.20926453859587787,1.0050814148644163,3054.8086489207967,2873.6040450208006,1.336532800844139,3840.6660628086984,8178051.484261237,925.4770823329463,712.3825857628246,288.1222214062762,4500802.034646895,305164.72004752845,214.40628692529853,44.05276820466042,131416.55188408404,2.418283146275835,0.03670602520121018,17060.02972379115,0.6656387084335478,19276.020508454574,19.188790925837285,288.1222214062762,0.5522108911990952,,,0.00026037150422515384,2.605687882745968e-05,5.1877927789161367e-05,9445.19045954209,71544.50997089065,7237894.4265491795,296.6933674483195,4750435.057110333,0.11579319532690134,0.023910944791403328,0.12191916032349133,0.5735764363510418,0.8191520442889949,0.002467569792954349,0.001150357234685799,0.003067569792954349,9.25338672357881e-05,two-phase,False,
0.21265786416752394,1.0052475461741137,3054.7459655962452,2913.422603976633,1.335616917307197,3891.216517136377,8270926.278775324,929.208555289902,714.1568016440367,288.1579107265858,4504549.1914978055,304715.0405586595,215.3354996022635,44.27326768641156,132449.5579353205,2.4194980019926984,0.03672796183472777,17175.47740453244,0.6647095506708953,19415.37045076027,19.230083313794804,288.1579107265858,0.5497025725666158,,,0.00025698904072701654,2.600092739282738e-05,5.1505584327433826e-05,9533.606216278182,72285.54189746043,7316734.325308558,296.7098016935203,4733381.465125937,0.11605327430975806,0.02372883552707713,0.12223665813683375,0.5735764363510552,0.8191520442889855,0.002444685267876036,0.0011478526347141707,0.0030446852678760357,9.167569754535135e-05,two-phase,False,
0.21613895792429405,1.0054207512645643,3054.680635306713,2954.1060992480257,1.334689739110883,3942.8150989112155,8365460.255119401,932.9833085846276,715.9444270020435,288.194300838669,4508371.943817223,304263.69859170436,216.2787714836094,44.4967060607219,133499.4089162692,2.420741398671451,0.036750360376783496,17292.68033439573,0.6637716006950132,19556.88553537516,19.27180096515635,288.194300838669,0.5471800800109768,,,0.0002536258928997568,2.5944643207140118e-05,5.113288607182192e-05,9623.692921880209,73042.06350508268,7396946.19474068,296.72657331673963,4716026.002127322,0.11631335329261482,0.023546726262750922,0.12255415595017619,0.5735764363510236,0.8191520442890075,0.0024218007427977218,0.0011453118933922434,0.0030218007427977216,9.081752785491457e-05,two-phase,False,
0.21971111839847607,1.0056014110376257,3054.6125172046154,2995.6802282147346,1.333751008815957,3995.4915264714186,8461693.94805726,936.8020070343869,717.74545726274,288.2314094027819,4512273.016024218,303810.68173682864,217.23659300763146,44.723120824263425,134566.52608264086,2.422014239181709,0.03677323336425042,17411.685432273312,0.6628246167393709,19700.622110539607,19.313948742637574,288.2314094027819,0.5446426940825718,,,0.0002502820975528737,2.5888025626587556e-05,5.075981836456887e-05,9715.49839653164,73814.5612269365,7478563.490079977,296.7436913359816,4698365.239751233,0.11657343227547154,0.023364616998424726,0.1228716537635186,0.5735764363510552,0.8191520442889855,0.002398916217719409,0.001142734222755924,0.002998916217719409,8.995935816447784e-05,two-phase,False,
0.22337781624815475,1.0057899318929808,3054.541461157959,3038.1716602385936,1.3328004599917205,4049.2765862998067,8559669.18471638,940.6653150638908,719.5598639977454,288.26926350781787,4516254.658525577,303355.9774817963,218.2093757758793,44.952570290990195,135651.36834126696,2.423317769407952,0.03679659371620845,17532.542597423555,0.6618683320402862,19846.639771404625,19.356531337067032,288.26926350781787,0.5420901857572731,,,0.0002469576919945079,2.5831074343496593e-05,5.038636320899102e-05,9809.072302718307,74603.5502969511,7561620.824958039,296.76116917238744,4680385.408547996,0.11683351125832828,0.023182507734098527,0.12318915157686103,0.5735764363510599,0.8191520442889821,0.0023760316926410958,0.0011401188117675417,0.0029760316926410956,8.910118847404109e-05,two-phase,False,
0.2271427063066085,1.0059867478249274,3054.4673070004956,3081.6080814398224,1.3318378250433653,4104.202204820871,8659429.361075968,944.5738541622209,721.3875385171596,288.307871146823,4520319.345717806,302899.573198826,219.19740762033138,45.185143119787085,136754.3579692749,2.4246525973902613,0.036820455001534434,17655.306612003587,0.6609024275048493,19995.003260384165,19.399552647410662,288.307871146823,0.5395223895647319,,,0.00024365271253579604,2.5773790204731194e-05,5.0012494970745355e-05,9904.466234810981,75409.54897503134,7646154.314847816,296.7790114836097,4662090.906385094,0.11709359024118501,0.02300039846977232,0.12350664939020346,0.5735764363510418,0.8191520442889949,0.0023531471675627812,0.0011374648254650528,0.002953147167562781,8.82430187836043e-05,two-phase,False,
0.23100964072397623,1.0061923227286569,3054.389883708379,3126.0182419110515,1.3308627832584425,4160.3013379464055,8761018.242809858,948.5284253327595,723.2285901566463,288.347278219971,4524469.784332288,302441.45619741204,220.20124919350235,45.420876814088686,137876.03186831303,2.4260206637304123,0.03684483097300637,17780.023233947526,0.6599267329202718,20145.768517377866,19.443019645268542,288.347278219971,0.5369389946227183,,,0.00024036720390394046,2.5716170076579386e-05,4.9638215545730795e-05,10001.733813926516,76233.13386324215,7732199.8302436685,296.79724050522645,4643453.132957664,0.11735366922404175,0.022818289205446124,0.12382414720354588,0.5735764363510418,0.8191520442889949,0.002330262642484469,0.0011347714040733225,0.0029302626424844687,8.738484909316758e-05,two-phase,False,
0.23498268332507696,1.0064071529411522,3054.309008494661,3171.432005522514,1.3298750462199662,4217.608284927734,8864482.00712619,952.5296567220539,725.0828651291438,288.3874925322391,4528708.985180609,301981.61367199355,221.22136628829185,45.65983366756094,139016.84085176446,2.4274226148160847,0.03686973624099639,17906.75249387739,0.6589408891520098,20299.006042614114,19.48693570272924,288.3874925322391,0.5343392910176863,,,0.00023710120344121394,2.565821572090334e-05,4.926349585298314e-05,10100.930788433978,77074.86861475473,7819795.952314338,296.8158609286493,4624478.988477743,0.11761374820689849,0.022636179941119924,0.1241416450168883,0.5735764363510418,0.8191520442889949,0.0023073781174061552,0.0011320376620754919,0.002907378117406155,8.652667940273083e-05,two-phase,False,
0.23906612532425436,1.0066317700453933,3054.2244858117892,3217.8804024828282,1.3288742868621775,4276.158525057145,8969867.695432244,956.5782823627783,726.9503288018914,288.4285502598653,4533039.543969674,301520.03273426025,222.25811436052402,45.902104271220175,140177.32724925195,2.4288601080278056,0.036895185733093895,18035.550530685556,0.6579446158940253,20454.782713996065,19.5313060895564,288.4285502598653,0.5317235203970386,,,0.0002338547540135071,2.5599926482507765e-05,4.8888321816088315e-05,10202.115140501552,77935.36906387557,7908981.695700811,296.8348906392741,4605148.41930608,0.11787382718975521,0.02245407067679373,0.12445914283023073,0.5735764363510552,0.8191520442889855,0.002284493592327843,0.0011292626872423277,0.0028844935923278427,8.566850971229411e-05,two-phase,False,
0.24326450255764395,1.0068667439707082,3054.136106250828,3265.3956848317157,1.3278601654525959,4335.988854328834,9077223.958791265,960.6750149638847,728.8308936962455,288.47045902721635,4537464.218294242,301056.70040920377,223.31181548853124,46.14779194091255,141357.9720520566,2.4303338281817117,0.03692119519905122,18166.47657716163,0.6569376081153107,20613.168768473995,19.576135700919032,288.47045902721635,0.5290914942482817,,,0.00023062789910118197,2.554130231006351e-05,4.8512677077064004e-05,10305.347199112191,78815.24884373066,7999797.521923632,296.854334361113,4585467.59552172,0.11813390617261196,0.022271961412467522,0.12477664064357316,0.5735764363510379,0.8191520442889975,0.002261609067249529,0.0011264455396173146,0.0028616090672495286,8.481034002185733e-05,two-phase,False,
0.24758261441761245,1.0071126864270468,3054.043645324477,3314.011385053776,1.3268323190560876,4397.137411409179,9186600.619115843,964.8206441784305,730.7245400858405,288.5132737079161,4541986.520860504,300591.60365672986,224.38330433713918,46.39690012037864,142559.40292353404,2.4318461499871495,0.036947780610623614,18299.589819774155,0.6559195815744631,20774.234664715106,19.62142995656682,288.5132737079161,0.526442300198687,,,0.00022742068451290988,2.5482342576803992e-05,4.8136550690769516e-05,10410.68976001077,79715.19655858098,8092284.788398902,296.8742188143347,4565403.789332138,0.1183939851554687,0.022089852148141315,0.12509413845691558,0.5735764363510552,0.8191520442889855,0.002238724542171215,0.0011235852504551248,0.002838724542171215,8.395217033142057e-05,two-phase,False,
0.25202554469625055,1.007370254716379,3053.9468621191454,3363.762378016369,1.3257903801724855,4459.643801960226,9298049.639182407,969.0158559487709,732.6310899477442,288.5570016904334,4546609.6073913295,300124.72934699757,225.47292783013663,46.649539323000255,143782.13484308263,2.4333978079929555,0.03697495897362425,18434.95766632231,0.6548901626300467,20938.05940281483,19.66719301856793,288.5570016904334,0.5237757341548719,,,0.00022423315502472473,2.542304839983757e-05,4.7759917992474694e-05,10518.208213083957,80635.88212863913,8186487.017734199,296.89454876545597,4544965.17935288,0.11865406413832542,0.021907742883815126,0.125411636270258,0.5735764363510542,0.8191520442889861,0.002215840017092903,0.0011206808211109386,0.0028158400170929026,8.309400064098385e-05,two-phase,False,
0.2565986845898535,1.0076401559719093,3053.8454977987885,3414.68494644967,1.3247339480680067,4523.549070518661,9411624.083445832,973.2614394132534,734.5504681624907,288.6016786370728,4551336.54787459,299656.0642919557,226.58107927075417,46.905817166735915,145026.77949287905,2.4349905665238287,0.03700274773572011,18572.644726790997,0.6538490363947552,21104.71943081571,19.713430082689975,288.6016786370728,0.5210920081328928,,,0.0002210653591705908,2.5363419653642187e-05,4.738276683933862e-05,10627.970677715692,81578.03487603452,8282448.434198081,296.91534219230556,4524134.645917989,0.11891414312118215,0.021725633619488937,0.12572913408360042,0.5735764363510361,0.8191520442889988,0.0021929554920145913,0.0011177312218779482,0.002792955492014591,8.223583095054718e-05,two-phase,False,
0.26130775812856594,1.0079231518822944,3053.739273941092,3466.816850203185,1.3236626058295666,4588.8958258737985,9527378.815793762,977.5581669141966,736.4825462941733,288.6473400487484,4556171.662862001,299185.5952447133,227.70866761538423,47.16574146772356,146293.9683535501,2.4366262237596796,0.03703116505562031,18712.720296704072,0.652795847276836,21274.296176197728,19.760145781830285,288.6473400487484,0.518389720974137,,,0.00021791734612096672,2.530345704532993e-05,4.700508029585617e-05,10740.048146707008,82542.41689307356,8380214.953487416,296.936617101756,4502900.325756137,0.11917422210403887,0.021543524355162748,0.12604663189694285,0.5735764363510495,0.8191520442889895,0.002170070966936279,0.0011147353907701965,0.002770070966936279,8.137766126011046e-05,two-phase,False,
0.26615885037180004,1.0082200639693217,3053.6278906827542,3520.197399530755,1.3225759213288169,4655.728318943693,9645370.803259796,981.9067457839537,738.4270851864708,288.6940118268104,4561118.00529725,298713.3088877781,228.85604454428858,47.429442648164674,147584.32624943287,2.438306273040493,0.03706022991253002,18855.261253865312,0.6517301676222389,21446.87899247784,19.807344029457536,288.6940118268104,0.5156691038662728,,,0.00021478916540965245,2.524316229659053e-05,4.6626830894636674e-05,10854.514639399154,83529.81466391675,8479834.59270017,296.95838712858426,4481253.987396776,0.11943430108689561,0.02136141509083654,0.1263641297102853,0.5735764363510495,0.8191520442889895,0.0021471864418579653,0.0011116922322477328,0.002747186441857965,8.05194915696737e-05,two-phase,False,
0.2711584387331965,1.0085317794970179,3053.5110246475056,3574.8675326750804,1.3214734117439253,4724.092394936727,9765657.892887851,986.3080412014865,740.3840205619016,288.7417291556144,4566179.462255484,298239.1918850493,230.02381055120688,47.69700727243471,148898.52600362682,2.440032581077678,0.03708996199326693,19000.33672579327,0.6506516923688688,21622.54970073847,19.855030564907555,288.7417291556144,0.5129298060377026,,,0.00021168087251464387,2.5182534892880836e-05,4.6248014865973336e-05,10971.447364694059,84541.06107102416,8581355.616328305,296.9806703368502,4459182.671233358,0.11969438006975233,0.021179305826510356,0.12668162752362772,0.5735764363510408,0.8191520442889955,0.0021243019167796534,0.001108600615880867,0.002724301916779653,7.9661321879237e-05,two-phase,False,
0.27631342788332536,1.0088592581048461,3053.3883266255393,3630.869898043745,1.3203545799999348,4794.0356992659545,9888300.20624494,990.7628422640023,742.3531566211141,288.7905458740851,4571360.810996416,297763.2308685153,231.21289536195164,47.96846160922105,150237.31829220138,2.4418077401349785,0.03712038166336771,19148.026029719105,0.6495600117845719,21801.40067092096,19.903209854023725,288.7905458740851,0.5101708499019061,,,0.00020859252261161017,2.5121576050654848e-05,4.586861253065337e-05,11090.926894726621,85577.04870656562,8684828.676691465,297.00349363295106,4436660.802763997,0.11995445905260906,0.02099719656218416,0.12699912533697014,0.5735764363510408,0.8191520442889955,0.002101417391701341,0.001105459374950101,0.002701417391701341,7.880315218880028e-05,two-phase,False,
0.28163118873499915,1.0092035392726155,3053.259418968152,3688.248941290989,1.3192189199930826,4865.607784995529,10013360.375170104,995.271842154189,744.334133057072,288.8404685298849,4576665.411191173,297285.4124184299,232.42354799345827,48.24398150193136,151601.3390212207,2.4436326714282233,0.03715151051972597,19298.41777828578,0.6484546187137226,21983.533811747315,19.951884495954275,288.8404685298849,0.5073925180494686,,,0.00020552416968005137,2.5060289422855623e-05,4.548859198722779e-05,11213.037350009656,86638.65897786946,8790307.033408005,297.0268619358024,4413698.769613239,0.12021453803546578,0.020815087297857974,0.12731662315031256,0.5735764363510542,0.8191520442889861,0.002078532866623029,0.0011022673049780993,0.002678532866623029,7.794498249836359e-05,two-phase,False,
0.287119602123265,1.0095657507451818,3053.12389265449,3747.0509976443154,1.3180663177049796,4938.861710717813,10140922.510180218,999.8324453209025,746.3270543061888,288.8915599770654,4582098.430749685,296805.7221514532,233.65680338264238,48.52358858294624,152991.4149492323,2.445510399228932,0.03718337063518458,19451.588140217915,0.6473386286341288,22169.076593089776,20.00139419045259,288.8915599770654,0.504593769148422,,,0.00020247580486610955,2.4998257383411232e-05,4.510787789472952e-05,11337.8665969457,87726.87975445394,8897846.836407093,297.0508066294919,4390265.082390393,0.1204746170183225,0.020632978033531778,0.12763412096365498,0.5735764363510495,0.8191520442889895,0.0020556483415447163,0.0010990231621898117,0.002655648341544716,7.708681280792687e-05,two-phase,False,
0.29278710788799384,1.009947118067689,3052.981303979898,3807.3243898413557,1.316929339762412,5013.977194975105,10272048.825462589,1004.298506667416,748.3449580715223,288.94385459650107,4587664.341053687,296324.09900038026,234.91333033734185,48.80738969651177,154408.31565829253,2.4474429680244185,0.03721598526190547,19607.485684093786,0.6463618281284338,22359.652050816425,20.066236396824426,288.94385459650107,0.5017742053655632,,,0.00019944247074003,2.4917477802620093e-05,4.4723415092834e-05,11465.506458680044,88842.7137903711,9007700.55964337,297.07534592352846,4366350.607728912,0.12073469600117921,0.020450868769205596,0.1279516187769974,0.5735764363510446,0.8191520442889928,0.0020327638164664053,0.001095725661896617,0.002632763816466405,7.62286431174902e-05,two-phase,False,
0.29864276020573444,1.0103489754111057,3052.8311708057226,3869.1195320717115,1.315774329167425,5090.888156780238,10405840.37040489,1008.8184072281147,750.3746590759731,288.9973959447115,4593368.422960537,295840.5281177248,236.1940675615201,49.09544536861921,155852.8659904029,2.4494328199919906,0.0372493785929823,19766.33045676296,0.6453710506416879,22553.864704521497,20.13173165303101,288.9973959447115,0.4989328368385038,,,0.00019642937915816556,2.483641291357669e-05,4.4338299138574e-05,11596.052940358564,89987.22374462725,9119735.448289396,297.10050247614754,4341941.583505177,0.12099477498403595,0.02026875950487939,0.12826911659033985,0.5735764363510495,0.8191520442889895,0.0020098792913880916,0.0010923734768000753,0.0026098792913880915,7.537047342705344e-05,two-phase,False,
0.3046962901770617,1.0107727779026805,3052.67296829897,3932.4890403497725,1.3146005542875325,5169.652272173458,10542370.015339011,1013.3926723910363,752.4155667866801,289.0522273285119,4599215.495320822,295354.99462343653,237.49961431834677,49.387896917714045,157325.9194924662,2.4514824546277993,0.03728357588948986,19928.233602024662,0.6443656317976836,22751.843138187593,20.19788285820242,289.0522273285119,0.49606973627563933,,,0.00019343660798670578,2.4755069801632626e-05,4.3952483054946895e-05,11729.606469951354,91161.52469166854,9234012.871336628,297.126298990957,4317022.960224622,0.12125485396689267,0.0200866502405532,0.12858661440368227,0.5735764363510408,0.8191520442889955,0.0019869947663097793,0.001088965235210585,0.002586994766309779,7.451230373661672e-05,two-phase,False,
0.3109581768741245,1.0112201157190266,3052.5061240760115,3997.487849779319,1.313407267066309,5250.329591909432,10681711.414291868,1018.0221498219,754.4674578483584,289.1084011597318,4605211.321129255,294867.48369029077,238.83102499312056,49.68480186463989,158828.38904754937,2.453594785028115,0.037318603470578554,20093.28838674041,0.6433451526760785,22953.69835563131,20.264695980757203,289.1084011597318,0.4931838420031672,,,0.00019046423324374986,2.467345182354506e-05,4.356596416431806e-05,11866.272155912053,92366.79884809788,9350593.729426054,297.1527626330655,4291575.751889973,0.1215149329497494,0.019904540976227007,0.1289041122170247,0.5735764363510408,0.8191520442889955,0.0019641102412314673,0.001085499519175921,0.002564110241231467,7.365413404618002e-05,two-phase,False,
0.3174397282978664,1.011692730252827,3052.3300126471004,4064.173339207882,1.3121936929358158,5332.982622706476,10823941.48514602,1022.7075197740794,756.5298361176001,289.1659695439603,4611361.65899494,294377.98051874497,240.18919734569005,49.98626164598946,160361.21999631365,2.4557727953087625,0.03735448884654484,20261.606367243992,0.6423089932933594,23159.559947368234,20.332173111693045,289.1659695439603,0.4902746139647952,,,0.00018751233048130622,2.4591567131230537e-05,4.317871333792922e-05,12006.16006306186,93604.28829742238,9469542.694788232,297.1799206232634,4265581.560649538,0.12177501193260612,0.019722431711900818,0.1292216100303671,0.5735764363510446,0.8191520442889928,0.001941225716153155,0.0010819748625142903,0.002541225716153155,7.279596435574331e-05,two-phase,False,
0.3241531739986138,1.0121925327305479,3052.143949036667,4132.6054638101805,1.3109589958759262,5417.67630918796,10969139.26538139,1027.4494786825453,758.6021861136995,289.2249655790731,4617672.170527532,293886.47036985017,241.57490533129348,50.292415478994776,161925.33172672777,2.4580188308791735,0.0373912609180563,20433.301614197342,0.6412565321522331,23369.560314169925,20.400315659813565,289.2249655790731,0.4873415828546932,,,0.00018458097954358722,2.4509424674489055e-05,4.279070665243363e-05,12149.385508220243,94875.27511790894,9590926.318017645,297.2077914047276,4239038.110786083,0.12203509091546284,0.019540322447574632,0.12953910784370953,0.5735764363510446,0.8191520442889928,0.001918341191074844,0.0010783897487461735,0.0025183411910748438,7.193779466530665e-05,two-phase,False,
0.3311117714944441,1.012721625741762,3051.94718142723,4202.8468961845365,1.3097022246961036,5504.477929990002,11117384.737806441,1032.2488777541996,760.6842107495327,289.2854687860466,4624149.838919824,293392.9386546972,242.98950518610715,50.60329403047096,163521.82791310266,2.4603370951595585,0.03742894957923267,20608.479141353087,0.6401873167928903,23583.8235195536,20.469129619162477,289.2854687860466,0.4843835023617139,,,0.00018167027149872074,2.4427027885539288e-05,4.240194551875311e-05,12296.06937725123,96181.16780466674,9714811.141014589,297.2364155645666,4211908.935661436,0.12229516989831955,0.019358213183248443,0.12985660565705195,0.5735764363510542,0.8191520442889861,0.0018954566659965316,0.0010747426089188208,0.0024954566659965314,7.107962497486994e-05,two-phase,False,
0.33832992909953363,1.013282328245616,3051.7388826405117,4274.963176595256,1.3084224240468842,5593.457682231934,11268762.390053503,1037.1062474728892,762.775085636023,289.34751160021165,4630800.12219235,292897.37086929096,244.43344144666133,50.91913116181826,165151.70021021718,2.4627300946505146,0.037467586462103436,20787.27591693881,0.6391005106982375,23802.50540540147,20.538611644772942,289.34751160021165,0.48140095097292823,,,0.0001787802924077856,2.4344391366261094e-05,4.201238411537432e-05,12446.338465357172,97523.38819689564,9841269.608169384,297.26581166701936,4184192.2304221154,0.12255524888117628,0.01917610391892225,0.13017410347039438,0.5735764363510433,0.8191520442889938,0.0018725721409182197,0.0010710318193168508,0.0024725721409182195,7.022145528443325e-05,two-phase,False,
0.3458233483874549,1.0138772047539049,3051.5181402258013,4349.022873047567,1.3071184843280466,5684.688186125943,11423356.8923528,1042.02236520112,764.8743445760281,289.41117275384056,4637631.154948147,292399.7527270694,245.90831933046493,51.23993314638728,166816.13094586754,2.4652022231127235,0.03750720435658643,20969.811247254343,0.6379955585449312,24025.744935350907,20.608765068190028,289.41117275384056,0.4783920988685801,,,0.00017591114362975992,2.4261521655742407e-05,4.1622018492697136e-05,12600.325842633478,98903.49566999901,9970372.968132135,297.2960204431242,4155857.371838169,0.12281532786403303,0.018993994654596044,0.13049160128373682,0.5735764363510495,0.8191520442889895,0.0018496876158399056,0.001067255699051928,0.0024496876158399054,6.936328559399646e-05,two-phase,False,
0.35360919028513776,1.0145090995608896,3051.2839448702234,4425.097751940331,1.3057892284663466,5778.24497939433,11581256.097395109,1046.997844385601,766.9812447789923,289.47651187594465,4644650.049409462,291900.0701623714,247.4152495236238,51.565824142465004,168516.28455750275,2.4677572635225316,0.03754783776052262,21156.222378991064,0.6368717148726876,24253.69907222797,20.679588484513857,289.47651187594465,0.47535626470531805,,,0.00017306292889382116,2.4178430841330844e-05,4.123082409087295e-05,12758.171247099282,100323.10891167405,10102196.316317605,297.3270738640871,4126886.558259117,0.12307540684688974,0.018811885390269855,0.13080909909707925,0.5735764363510495,0.8191520442889895,0.0018268030907615937,0.0010634125075240043,0.0024268030907615935,6.850511590355976e-05,two-phase,False,
0.36170626980408555,1.0151811771119046,3051.0351767736897,4503.262960106298,1.3044333489350088,5874.206384186439,11742549.45522546,1052.0333223552277,769.0950658307281,289.5435974579786,4651864.684571066,291398.30940824916,248.9554501250335,51.89692172296425,170253.40098170663,2.470399475447894,0.037589522777170675,21346.64730779674,0.6357282732561558,24486.52590945279,20.751081171323822,289.5435974579786,0.47229269858864587,,,0.00017023576200727873,2.4095130074039527e-05,4.083878634714611e-05,12920.021507644195,101783.9480995839,10236816.061289124,297.35900840712713,4097257.853002599,0.12333548582974646,0.018629776125943666,0.13112659691042167,0.5735764363510495,0.8191520442889895,0.0018039185656832817,0.0010595004417460684,0.0024039185656832816,6.764694621312307e-05,two-phase,False,
0.3701352857180638,1.0158969698912446,3050.770589538084,4583.597219119998,1.3030494361397653,5972.65377186611,11907329.33252463,1057.129272404733,771.2148185909784,289.6124882180692,4659282.588174333,290894.45702177734,250.52989609248408,52.233410877042864,172028.73577522827,2.473132873989494,0.03763229734283896,21541.241926883,0.6345643485140736,24724.401402511216,20.82323781413497,289.6124882180692,0.46920121784744895,,,0.0001674297620783663,2.4011635676589943e-05,4.044587303530963e-05,13086.030999581577,103287.81596271033,10374312.311113473,297.39185621055134,4066956.6814566893,0.12359556481260318,0.018447666861617477,0.1314440947237641,0.5735764363510408,0.8191520442889955,0.0017810340406049698,0.0010555176335237666,0.0023810340406049697,6.678877652268637e-05,two-phase,False,
0.3789190932156855,1.0166604355903124,3050.4887909975546,4666.18303283117,1.3016358910090602,6073.671309550558,12075688.645415578,1062.2862640634523,773.3396653996193,289.68327021776446,4666913.554925074,290388.5000146052,252.14042913394414,52.575313611199384,173843.68944283185,2.475962713878668,0.03767620108584452,21740.155165691795,0.6333791975132435,24967.49503513774,20.896056055438645,289.68327021776446,0.46607983875065573,,,0.0001646450637569978,2.3927960313346512e-05,4.0052075652469764e-05,13256.362135779507,104836.65655807873,10514765.078132674,297.4256627920918,4035954.51758742,0.12385564379545991,0.018265557597291284,0.1317615925371065,0.5735764363510408,0.8191520442889955,0.0017581495155266575,0.00105146214648062,0.0023581495155266573,6.593060683224965e-05,two-phase,False,
0.3880830298383658,1.017476025823337,3050.18822025385,4751.106909166683,1.3001909851119193,6177.346372601476,12247723.277136888,1067.5046311548977,775.4683946950512,289.75601037680565,4674765.973228072,289880.42588435847,253.78817858195828,52.92281922546758,175699.65243155535,2.4788936617404573,0.03772127575538701,21943.559599027605,0.6321718278388773,25215.999576226593,20.969526634104664,289.75601037680565,0.4629282767107063,,,0.00016188180809082077,2.3844124320231634e-05,3.965736107256246e-05,13431.18589665366,106432.4982803706,10658258.653273225,297.4604649176312,4004234.215327667,0.12411572277831663,0.018083448332965095,0.13207909035044893,0.5735764363510495,0.8191520442889895,0.0017352649904483456,0.0010473319729188925,0.0023352649904483454,6.507243714181296e-05,two-phase,False,
0.39765530808075655,1.0183487693396982,3049.867119961724,4838.459597337725,1.2987127543339434,6283.76919039198,12423529.38131457,1072.7847343912263,777.5998691302711,289.83080279628075,4682849.693948366,289370.2227629559,255.47474696513595,53.276038294756006,177598.16875656357,2.481931666680073,0.03776756504002803,22151.62476813019,0.6309413466343405,25470.105094380462,21.04364221101185,289.83080279628075,0.45974552893542764,,,0.00015914015453161802,2.3760145462763897e-05,3.926171471591739e-05,13610.682402657683,108077.52842541774,10804877.33093176,297.4963127621992,3971762.1707975557,0.12437580176117337,0.017901339068638892,0.13239658816379138,0.5708879670113862,0.8210279709739531,0.001712380465370032,0.0010431250305054133,0.0023123804653700317,6.42142674513762e-05,two-phase,False,
0.4075712811223844,1.0192752723140006,3049.526842186962,4927.479958719299,1.297212751009287,6391.989832793391,12601472.369439876,1078.0793431954228,779.7174388979608,289.9076946826313,4691172.083927498,288857.9253306722,257.2013906618807,53.62835063921745,179524.85729049778,2.485080971981364,0.03781465779748989,22362.237368182723,0.6297019581155627,25727.279863791427,21.117763675479818,289.9076946826313,0.4565308033573723,,,0.00015644580579111868,2.3676749474214364e-05,3.8869247168543455e-05,13793.286363309686,109758.92444425334,10953241.765392063,297.5332344458829,3938535.030572971,0.12463706672634321,0.01772094060226071,0.1327140859771338,0.562075256703779,0.8270860933429971,0.0016897109255023294,0.0010388797958641898,0.002289710925502329,6.336415970633735e-05,two-phase,False,
0.41772406144673235,1.0202475442649173,3049.17041936204,5017.068796479977,1.29575397665036,6500.886844167367,12781101.037819479,1083.1154265287535,781.4695561771534,289.9867235175879,4699737.3843157245,288343.5312195404,258.96932539928025,53.97068867936515,181459.60533023806,2.488345589331874,0.03786196565155279,22594.153116513815,0.6282187972773201,26005.183067447113,21.185605861140715,289.9867235175879,0.4532833324433046,,,0.00015382516631514757,2.3600929955801514e-05,3.8453872730155267e-05,13976.752838629765,111457.86424317784,11104638.375248162,297.5712537426316,3904546.7644267804,0.12490097794504704,0.01754443724095565,0.13303158379047622,0.5496664146917245,0.8353842424656723,0.001667530858973934,0.00103464916659741,0.002267530858973934,6.253240721152252e-05,two-phase,False,
0.4281137920031352,1.021267273276282,3048.7973285109183,5107.107905855558,1.2942949297693682,6610.103868333905,12960621.809282554,1088.0684099577345,783.1395957573062,290.06791710743704,4708549.116167319,287827.07450429455,260.779509169377,54.30202726860222,183400.77322978707,2.4917292935207085,0.037909426540288796,22828.69875297163,0.6267146170637065,26285.472012449347,21.25188110422978,290.06791710743704,0.4500029252931232,,,0.00015128355316632155,2.3527329065495505e-05,3.804382890770914e-05,14160.856018008211,113172.73753980118,11256184.815519897,297.6103900716686,3869797.177715413,0.12516751100396672,0.017371918691798903,0.13334908160381864,0.5370490176633733,0.8435510373574356,0.001645851538708382,0.0010304383506974334,0.002245851538708382,6.171943270156433e-05,two-phase,False,
0.4387429610391717,1.0223364266821724,3048.4069538942135,5197.4953032753865,1.2928303257120712,6719.479545820478,13139528.441111121,1092.9685376430741,784.779250774687,290.1513028311506,4717611.528048547,287308.6022866394,262.63336369251147,54.62140925055605,185347.08589420933,2.4952360044977118,0.03795698750070982,23062.184918192484,0.6252302836138023,26564.468295291408,21.31730238683214,290.1513028311506,0.4466882700972363,,,0.00014882104978234526,2.3455125368435636e-05,3.764426936327017e-05,14345.404441098797,114902.22023044899,11407201.201179923,297.65066293286156,3834289.412658684,0.12543660780785068,0.01720342706029011,0.13366657941716106,0.5243023584317271,0.8515321702337081,0.0016246782558388068,0.0010262516101986136,0.0022246782558388066,6.0925434593955255e-05,two-phase,False,
0.4496139652435175,1.0234570264541132,3047.998670346445,5288.123185873104,1.2913601946784727,6828.871786792837,13317582.007908998,1097.8109345530386,786.3880149428506,290.2368709100239,4726926.3481776435,286788.1641341936,264.531371534672,54.92806223240154,187297.08402228335,2.4988682292448114,0.038004593098291836,23294.276227774884,0.6237678376334853,26841.784339467067,21.381827041790608,290.2368709100239,0.443339890619358,,,0.00014643707353446264,2.338434405173861e-05,3.725534738499633e-05,14530.195638078998,116644.82399382292,11557481.799827188,297.69207411927954,3798047.9646698404,0.12570820864991966,0.01703900226082743,0.13398407723050348,0.5114331855508193,0.8593230456105209,0.0016040160261564093,0.001022093313087219,0.002204016026156409,6.015060098086535e-05,two-phase,False,
0.4607291059115866,1.0246311490000186,3047.5718441575336,5378.877942320087,1.2898845628751459,6938.131623388309,13494534.266778037,1102.5908320809942,787.9656501656382,290.3246663407457,4736497.11867847,286265.8121194802,266.4751866269515,55.22096153698929,189249.468280323,2.502630953334113,0.03805218486041546,23524.61266841041,0.6223294639451886,27117.007451955422,21.445413530835065,290.3246663407457,0.4399563314590802,,,0.00014413102176225932,2.3315008557940848e-05,3.687722554827448e-05,14715.016031288931,118399.0424725308,11706811.392407285,297.7346521673251,3761060.1733467807,0.12598225245602937,0.016878682155539514,0.1343015750438459,0.498447788008788,0.8669197209829446,0.0015838696075565991,0.001017967929160448,0.002183869607556599,5.939511028337247e-05,two-phase,False,
0.47209058618171384,1.0258609249555246,3047.125833996746,5469.640199334936,1.2884036617476053,7047.104461265034,13670132.164633092,1107.3032813764391,789.5115228025267,290.41466949510203,4746324.431469157,285741.6006924605,268.4652623119389,55.499325208208624,191202.65023888682,2.50652657014989,0.03809970202327776,23752.8504591026,0.6209169462137877,27389.738232256117,21.508002954478233,290.41466949510203,0.43653813564731087,,,0.00014190225297447753,2.324716065263018e-05,3.651002399220918e-05,14899.64090015733,120163.15354746654,11854972.921219924,297.7783945517082,3723355.0913084312,0.12625867699337343,0.016722502680160043,0.13461907285718835,0.4853520465361405,0.8743188153775373,0.0015642435158568528,0.001013880025031218,0.0021642435158568526,5.8659131844631975e-05,two-phase,False,
0.4837005095347495,1.0271485390031938,3046.659991866627,5560.284906171983,1.286917573924007,7155.628361777123,13844113.302538157,1111.9433460876774,791.0253185840693,290.5069062627119,4756410.520042818,285215.5867414468,270.502934217812,55.7621840913301,193155.17070880457,2.510559590157844,0.038147080894071574,23978.615902704078,0.6195323615991107,27659.548503581438,21.569547541829028,290.5069062627119,0.43308446345867213,,,0.00013975013086784272,2.3180829316441083e-05,3.615388009209612e-05,15083.83441509859,121935.39993562234,12001738.761285095,297.8233210575603,3684931.6339799818,0.12653741904916457,0.0165704979584165,0.13493657067053078,0.47215147778213123,0.8815174314942102,0.0015451420391712333,0.001009834258272646,0.002145142039171233,5.7942826468921256e-05,two-phase,False,
0.4955608798123392,1.028496229768213,3046.1736640697704,5650.681459285362,1.2854264593316482,7263.535461020174,14016209.511817899,1116.5059991927958,792.5065927613699,290.6013473424246,4766756.105337108,284687.8295287161,272.5890793177511,56.008662505134474,195105.31216619522,2.5147322777055274,0.038194255505821596,24201.533770518836,0.6181776523745256,27926.007228951014,21.62999257652099,290.6013473424246,0.4295947737018945,,,0.00013767400260747796,2.311605046701412e-05,3.5808914314227336e-05,15267.349746093254,123713.81635167496,12146876.746607149,297.86942481005,3645827.228128292,0.12681841458380907,0.016422700406203382,0.1352540684838732,0.458851272539587,0.8885130892051065,0.0015265692510011823,0.0010058353706985845,0.002126569251001182,5.724634691254433e-05,two-phase,False,
0.5076736030688632,1.02990628985405,3045.666192166255,5740.6938692104295,1.2839325750811157,7370.66386224772,14186170.001213431,1120.9861000683786,793.9519046423268,290.6979997583422,4777360.669105339,284158.3897792516,274.724469231624,56.23790736515494,197051.45537595334,2.519048638494541,0.03824115714220996,24421.46348252622,0.616851117883785,28188.892055360757,21.6891233388179,290.6979997583422,0.42606940852744746,,,0.00013567298939271463,2.30530294926734e-05,3.547496645260406e-05,15449.92925158943,125496.38652874099,12290196.860562952,297.91671679998467,3606046.908955815,0.12710159886233655,0.01627914082664177,0.13557156629721562,0.4454563289774819,0.8953036685806138,0.001508529022181054,0.0010018881807798991,0.002108529022181054,5.6569838331789526e-05,two-phase,False,
0.5200404916451514,1.0313810661001512,3045.1369138933,5830.1809715016125,1.2824318237083638,7476.809615832613,14353666.028603608,1125.3787862811137,795.3670768122199,290.7968338319693,4788224.24921507,283627.3323519719,276.9102696339157,56.448988958935814,198991.79327872195,2.5235111978330473,0.03828771485871205,24637.516815051604,0.6155621066731344,28447.309821172756,21.747207169866414,290.7968338319693,0.4225072429447733,,,0.00013374688555429273,2.2991457987893504e-05,3.515270886021427e-05,15631.304753180844,127280.91454189619,12431357.8458006,297.9651902299634,3565626.2748401654,0.1273869065672359,0.01613984849698255,0.13588906411055804,0.4319312566795159,0.9019065303584702,0.0014910250317987017,0.000997997575200199,0.0020910250317987015,5.5913438692451314e-05,two-phase,False,
0.5326608141133851,1.03292265646347,3044.585272525873,5918.979644968787,1.2809267279421481,7581.779229386047,14518403.504095366,1129.6780898129002,796.7485812161359,290.8978379474201,4799344.739708351,283094.7242601092,279.14713335805885,56.64096640049064,200924.2595760734,2.5281234297910604,0.0383338463176163,24849.485155999144,0.6143092468940258,28700.96307515548,21.804020264361224,290.8978379474201,0.4189087008619805,,,0.00013189516203849917,2.2931550876296535e-05,3.4842036393741566e-05,15811.16340132709,129064.81724872101,12570130.536007086,298.0148472559627,3524580.0014759875,0.12767428369045908,0.016004876843439493,0.13620656192390046,0.41824116275205875,0.9083360225047808,0.0014740639935901523,0.000994169231082245,0.002074063993590152,5.527739975963071e-05,two-phase,False,
0.545533279612218,1.0345331243092561,3044.010739958817,6006.920937682252,1.2794177013336137,7685.3609781821815,14680058.186689,1133.8781868667857,798.09609134564,291.0009640507682,4810720.287026729,282560.6351211895,281.43587075257346,56.81287253492303,202846.58592386718,2.532887276883142,0.03837946659418255,25056.89829839536,0.6130949313515025,28949.31817822943,21.859501120667325,291.0009640507682,0.41527330273460633,,,0.0001301175055848229,2.287334908696837e-05,3.4543127884511755e-05,15989.18025182103,130845.30555342181,12706231.032239454,298.06567219767965,3482951.5390477837,0.12796367383087318,0.015874277381223233,0.1365240597372429,0.40449728008988955,0.9145392011280224,0.0014576523811476974,0.000990408902412823,0.0020576523811476973,5.466196429303865e-05,two-phase,False,
0.5586631334086328,1.036215409397761,3043.4124937627726,6093.877187807542,1.2779044155526915,7787.392566135077,14838388.196574496,1137.975202582412,799.4096425514466,291.10619127633976,4822347.911407141,282025.13508992124,283.77733129591616,56.964075796664666,204757.35248227193,2.5378060471647053,0.038424512501175054,25259.411837268155,0.6119206545812732,29191.98789493086,21.9136113478544,291.10619127633976,0.41160095004069147,,,0.00012841268646821347,2.2816869025513493e-05,3.4255974742084915e-05,16165.113409315787,132620.35088165913,12839446.21406269,298.11766278546315,3440759.9094752544,0.12825498975941052,0.0157480327134855,0.13684155755058533,0.390743947463928,0.9204994120151881,0.001441788008318907,0.0009867204329387354,0.002041788008318907,5.406705031195901e-05,two-phase,False,
0.5720517133174762,1.0379720421785292,3042.7898780478913,6179.689503389905,1.2763869614998549,7887.675108244389,14993096.396250388,1141.964071901383,800.689092479505,291.21345351483393,4834223.321633378,281488.29720137146,286.17194625546375,57.09384604139886,206654.44503409334,2.5428810451284156,0.03846890484162939,25456.59362628231,0.6107884718565195,29428.485386894165,21.96629887964359,291.21345351483393,0.40789182382513445,,,0.00012678006970073802,2.2762141348416028e-05,3.398068187516525e-05,16338.657040876917,134387.23858140246,12969514.30361415,298.1707943976065,3398054.0289973584,0.12854816417139778,0.015626166345050898,0.13715905536392775,0.3769180972551667,0.9262465913359923,0.0014264738288071546,0.00098310887771319,0.0020264738288071544,5.34927685802683e-05,two-phase,False,
0.5857003084760133,1.0398056095555852,3042.142237757501,6264.195604560381,1.274865421177716,7986.006367747467,15143883.979059452,1145.8397203665793,801.9342772952596,291.3227119072192,4846342.271811568,280950.19661335024,288.6206785263094,57.201368019208175,208535.83055567546,2.5481149363028495,0.038512562624498196,25648.012672051853,0.6097003777917575,29658.325438733104,22.017511330750978,291.3227119072192,0.4041453654332247,,,0.00012521903363846927,2.2709196897365507e-05,3.3717345305477784e-05,16509.497650336998,136143.20444785798,13096171.899568694,298.22505581151694,3354862.208921078,0.12884312958568422,0.015508700610876273,0.13747655317727017,0.3629227053022567,0.9318192474810184,0.0014117126493058936,0.0009795793046956415,0.0020117126493058935,5.293922434897102e-05,two-phase,False,
0.5996020494468209,1.041717626398788,3041.469316353445,6347.182654364951,1.2733406742690123,8082.125840817646,15290363.933415728,1149.5952927897579,803.1449126269652,291.43390066656644,4858699.036215326,280410.9125076939,291.1239923341898,57.28562081328692,210398.54097322858,2.553509183259296,0.038555378666236664,25833.091887980852,0.608659337884121,29880.857702939265,22.06717730578184,291.43390066656644,0.40036174974361904,,,0.00012372982303116833,2.265808594690516e-05,3.346624149619486e-05,16677.218634506644,137884.46419889206,13219077.59206465,298.2804223548738,3311227.9725619922,0.12913984234580567,0.015395720961673272,0.1377940509906126,0.34878202295681604,0.9372038734779914,0.0013975152078682415,0.0009761387505531355,0.0019975152078682413,5.240682029505906e-05,two-phase,False,
0.6137585287169681,1.043710769640174,3040.7704677023507,6428.490439033674,1.2718127350674182,8175.836007622165,15432253.053649679,1153.2261188109953,804.3208287775003,291.5469363288664,4871286.206030551,279870.52450440935,293.68217811040176,57.346035909564165,212240.4252791839,2.5590644191489456,0.03859727352986987,26011.42822861505,0.6076670459960014,30095.629440017903,22.115246593378046,291.5469363288664,0.39654127506782144,,,0.0001223116509513792,2.260883675381285e-05,3.3227416027069645e-05,16841.50873191812,139608.09831174696,13337981.300935213,298.33686033959583,3267202.133076477,0.1294382269261101,0.015287234118767468,0.13811154880395501,0.3346709681846228,0.9423350481937766,0.0013838823491208805,0.0009727919276039379,0.0019838823491208804,5.1895588092033015e-05,two-phase,False,
0.6281760499361673,1.045788468931544,3040.0448072162167,6507.981967684309,1.2702810591653737,8266.966226939177,15569311.24468408,1156.7286284287563,805.4622532995072,291.6617448131125,4884096.233391388,279329.1130642835,296.29561783693754,57.38222700476977,214059.75535108268,2.564781742266885,0.03863817986710175,26182.667877273627,0.6067249580744797,30302.249584278776,22.161687464328605,291.6617448131125,0.3926841870923233,,,0.00012096335857056566,2.2561458860242422e-05,3.300085022462536e-05,17002.10240323766,141311.58088467616,13452668.068873584,298.394340491136,3222827.6149085416,0.1297381979588742,0.015183214536566634,0.13842904661729744,0.32054936460986116,0.9472318115689602,0.0013708108629100157,0.0009695425133496533,0.0019708108629100155,5.140540735912559e-05,two-phase,False,
0.642853483860244,1.0479531760693694,3039.2918189312227,6585.475583349466,1.2687458674688046,8355.294931691351,15701222.029751163,1160.0975884323136,806.5691322631627,291.77824348268143,4897120.697174353,278786.7617402434,298.9646039490107,57.39355891905557,215854.02261157255,2.5706618292939316,0.03867800701813668,26346.341816628978,0.6058352524919683,30500.19410201047,22.206447254473147,291.77824348268143,0.388790799808489,,,0.00011968458422778517,2.2515983501110593e-05,3.2786676591480556e-05,17158.64261145966,142991.49842509252,13562856.719896792,298.45282897637406,3178150.3792361016,0.1300396919427566,0.01508369447137983,0.13874654443063988,0.30618468957957734,0.9519721297743217,0.0013583048026829902,0.0009663959411521779,0.00195830480268299,5.0936430100612137e-05,two-phase,False,
0.6577744657148223,1.0502050488837311,3038.511804432492,6660.715646706293,1.2672088149242788,8440.517581210283,15827545.522451287,1163.325197667344,807.6411404648917,291.8963234241146,4910350.042303586,278243.5587538513,301.68942597001404,57.378947051118814,217619.3868387515,2.576703986401732,0.03871662587679198,26501.78515664189,0.6050013822196549,30688.714650136546,22.249444699516552,291.8963234241146,0.38486105417729644,,,0.0001184761467976956,2.24724709651232e-05,3.258526827859669e-05,17310.621598615864,144642.9531710244,13668158.336866252,298.5122783914264,3133231.112269468,0.130342672429858,0.014988796210159501,0.1390640422439823,0.29178240296593966,0.9564847250842127,0.001346379535471461,0.0009633605313519742,0.0019463795354714608,5.048923258017979e-05,two-phase,False,
0.6729562572067188,1.0525493132136359,3037.7033327315557,6733.620210710973,1.2656682698964874,8522.529442230578,15948150.892321067,1166.4101913672941,808.6786822886127,292.01589423743445,4923773.58264075,277699.5886972874,304.4702835507482,57.33853862526379,219354.91613415006,2.582908386144437,0.038753997798687885,26648.818980625358,0.6042235988724414,30867.620547004277,22.290671198344675,292.01589423743445,0.3808953511366718,,,0.00011733605695098341,2.2430908228422052e-05,3.239640705305517e-05,17457.881113619595,146264.22232662773,13768453.112801054,298.5726502007915,3088112.989100122,0.13064703246003123,0.014898420968414728,0.13938154005732473,0.2774734632294671,0.960733301808283,0.0013350226476501895,0.0009604375155023523,0.0019350226476501893,5.0063349286882104e-05,two-phase,False,
0.6883953445572419,1.0549881644163708,3036.8660539949296,6803.999464848825,1.2641246163678908,8601.103213269354,16062721.372012874,1169.3473213709442,809.681654301778,292.1368305976401,4937379.74358667,277154.9405819172,307.3069897396195,57.27186253071077,221057.7257762042,2.589273290490847,0.03879002794467497,26786.97361017434,0.6035040720996967,31036.386871865154,22.33007323565848,292.1368305976401,0.3768943647864817,,,0.00011626415533035922,2.2391328264949853e-05,3.222024535679801e-05,17600.043671094034,147851.45846969137,13863459.534645077,298.6338877520445,3042860.4514278364,0.13095271049030457,0.014812608528296802,0.13969903787066715,0.26292199453885934,0.9648170939549672,0.001324239138391746,0.000957632449808914,0.0019242391383917459,4.9658967689690475e-05,two-phase,False,
0.7040720793518657,1.057521157643296,3036.0005438285148,6871.600908757699,1.262579687783817,8675.943729954288,16170842.008726358,1172.129302606027,810.6497479540883,292.2590080942106,4951154.59178393,276609.7073619282,310.1990428698668,57.1781383832917,222723.8924669347,2.595796832725791,0.03882458875359657,26915.625598236184,0.6028459785537095,31194.31109648559,22.367574874735197,292.2590080942106,0.3728593748465609,,,0.00011526123625576683,2.2353786800765962e-05,3.2057127240507066e-05,17736.60379957788,149399.5772983346,13952811.067661118,298.6959342255354,2997529.17889009,0.13125966307225595,0.014731473198219845,0.14001653568400957,0.24835995615195205,0.9686678131228478,0.0013140433721150918,0.0009549533138699617,0.0019140433721150918,4.9276626454315946e-05,two-phase,False,
0.7200086623264335,1.060154596230448,3035.1050971562986,6936.358506823,1.261031398623582,8746.965869213589,16272414.943429425,1174.7554414313445,811.5833361143597,292.3822944132137,4965085.337625824,276063.97804861225,313.1463931249023,57.05775883535398,224352.43239507847,2.6024765211285183,0.03885764966063182,27034.64701461928,0.6022493073937922,31341.26019877265,22.403172910577073,292.3822944132137,0.36879060845934725,,,0.00011432535749563943,2.2318267238116885e-05,3.190682166759717e-05,17867.431379081627,150906.8731742272,14036416.892013108,298.75872811986915,2952182.450757888,0.13156778703489977,0.014654907011248063,0.140334033497352,0.2338151847525288,0.9722810598685653,0.0013044217812949346,0.0009524006656067992,0.0019044217812949347,4.891581679856005e-05,two-phase,False,
0.7361869137607205,1.062888257258163,3034.1802655802594,6998.037755808129,1.2594813479804643,8813.898025903405,16367063.73203052,1177.2193971961563,812.4824297956255,292.5065847399685,4979158.844935574,275517.8476610204,316.14927193107326,56.90999887177117,225939.7209929697,2.609311148844924,0.03888909209816091,27143.459014769673,0.6017170665628621,31476.58470611962,22.43680404632152,292.5065847399685,0.36468812044274296,,,0.00011345717831781952,2.2284813780417817e-05,3.1769647480388234e-05,17992.054708908658,152368.50768056247,14113943.038938455,298.82222128230893,2906862.3781705545,0.13187703323936417,0.01458300736293697,0.1406515313106944,0.2191102398913606,0.9757001090369676,0.001295386605017742,0.0009499817309646253,0.0018953866050177418,4.857699768816533e-05,two-phase,False,
0.7526061256486037,1.0657247391172016,3033.225663994597,7056.485621522646,1.257929560211863,8876.561854523317,16454556.380855598,1179.5173644832626,813.3467335915234,292.63169586015516,4993357.444771104,274971.4105037729,319.20610031765904,56.73502311781179,227483.0201759852,2.6162949322417695,0.03891884013841912,27241.74348636325,0.6012504757738502,31599.925465076234,22.468427274988777,292.63169586015516,0.36055434362168615,,,0.0001126562306880586,2.225344897889609e-05,3.164564426283806e-05,18110.165480868935,153780.8975441871,14185185.487369897,298.88632475750404,2861650.63376913,0.13218732829297933,0.014515778366674689,0.14096902912403686,0.20447594710047862,0.9788715886454986,0.0012869383601871098,0.0009477005185877794,0.0018869383601871099,4.826018850701662e-05,two-phase,False,
0.769280614921323,1.068669352267113,3032.240032340592,7111.60131304993,1.2563746761796974,8934.835796802216,16534741.177113134,1181.6474133882737,814.1764739861779,292.757516354269,5007666.554615605,274424.7605399329,322.31693208874145,56.533052086156346,228980.70848044404,2.6234257333586277,0.038946844433829494,27329.285639957467,0.6008502444567918,31711.047201290457,22.498025563622072,292.757516354269,0.3563894836764184,,,0.00011192147485887774,2.2224172453980556e-05,3.153475171136277e-05,18221.559910022937,155141.55896333052,14250007.631211322,298.9509854683518,2816587.161358645,0.13249858887952912,0.014453170947545413,0.14128652693737928,0.18968238128550258,0.9818455042570909,0.00127907087986724,0.0009455590432239572,0.0018790708798672399,4.7965157995021504e-05,two-phase,False,
0.7861698242183061,1.0717176604281546,3031.225397142226,7163.113326918197,1.2548200982108848,8988.41856837919,16607207.781682374,1183.6025193975572,814.9717201516253,292.883874384235,5022069.954545288,273877.9975201639,325.48110437254894,56.30338585748742,230428.06755460898,2.630697676742133,0.03897296703015391,27405.441794814986,0.6005199780280474,31809.22121883969,22.52552935844475,292.883874384235,0.3521942643547114,,,0.00011125427597663848,2.2197036617590146e-05,3.1437424799564994e-05,18325.68820880876,156444.57303610194,14308048.068958556,299.01611849728357,2771746.6664352342,0.13281077139925254,0.014395335616281476,0.1416040247507217,0.17487806665304093,0.9845900983676886,0.0012718030777945713,0.0009435659870360988,0.0018718030777945714,4.7692615417296425e-05,two-phase,False,
0.8033161876447907,1.0748800990710692,3030.1788555425533,7211.017782569782,1.2532620820574079,9037.295159936397,16671962.324712005,1185.3832580034618,815.7321095350756,293.0106170777779,5036549.388995999,273331.21535825095,328.6974721422758,56.04710190375167,231824.67846788117,2.638105532515805,0.038997208716995115,27470.295138780344,0.6002584090266246,31894.541481999564,22.550940790784352,293.0106170777779,0.3479704964955855,,,0.0001106525771597171,2.2172023980672663e-05,3.135332735742176e-05,18422.540716663705,157689.05739621262,14359313.673185714,299.08164770584057,2727183.7969037015,0.13312377586408858,0.01434212830011512,0.14192152256406412,0.16007050711533874,0.9871055833860115,0.001265116849251153,0.0009417197194207044,0.001865116849251153,4.744188184691824e-05,two-phase,False,
0.8206731503459606,1.0781508711151688,3029.1029218334083,7255.058252161014,1.2517044113040976,9081.188418498137,16728633.858803157,1186.9834669912009,816.4579862626897,293.1375928905556,5051087.0326401545,272784.5150277785,331.96513864680577,55.763676366206106,233166.00782335232,2.645643717196147,0.03901943886333728,27523.251014050118,0.6000690262704911,31966.33280619621,22.57420167961463,293.1375928905556,0.34371946769896,,,0.0001101177460389465,2.2149177503429463e-05,3.1282912746443175e-05,18511.596556363216,158869.297096946,14403478.547552697,299.14749670667203,2682952.021177355,0.1334375545442867,0.0142936955307976,0.14223902037740654,0.14517372678703755,0.989406180014438,0.0012590306079599159,0.0009400284418053794,0.001859030607959916,4.721364779849685e-05,two-phase,False,
0.8382721736672872,1.0815386418551944,3027.995361913398,7295.199903540029,1.25014430900392,9120.052642456512,16777182.53185129,1188.4026326183282,817.1488514990114,293.26463419761285,5065664.689444949,272237.9930843804,335.2829370908218,55.45400708971694,234450.89543507664,2.6533052136360626,0.039039641778467096,27564.318980377982,0.599951206374907,32024.600050509107,22.595301900048913,293.26463419761285,0.3394426723658069,,,0.0001096484898940942,2.212849388832099e-05,3.1225994967081645e-05,18592.78237049555,159983.68195228194,14440511.674481401,299.2135797929164,2639112.691225139,0.13375202053368127,0.014249947129367297,0.14255651819074897,0.13030647621340033,0.991473762767753,0.0012535330216983265,0.0009384919101326438,0.0018535330216983264,4.700748831368724e-05,two-phase,False,
0.856085480975391,1.0850408586192148,3026.857656860867,7331.269637321177,1.2485838871556343,9153.705141552551,16817375.72506935,1189.6370489205751,817.8049570091558,293.391583541056,5080264.694336853,271691.74985982623,338.65007097491116,55.11808929604611,235675.93222083422,2.6610830857914887,0.03905772969612055,27593.139524897015,0.5999070391483018,32068.929924214368,22.61420691073072,293.391583541056,0.33514101062990737,,,0.00010924538037177707,2.2109994923710717e-05,3.1182830308439056e-05,18665.744852107506,161027.94868192665,14470211.382827206,299.2798155174476,2595720.173371777,0.13406711153699455,0.014210954709632293,0.14287401600409141,0.1153540104942459,0.9933244446115747,0.001248633089722919,0.0009371152935549744,0.0018486330897229191,4.682374086460946e-05,two-phase,False,
0.874119415792926,1.0886614657772367,3025.6891876861146,7363.185592539987,1.2470224685099724,9182.057873706279,16849115.301571913,1190.6849290197645,818.4257560945372,293.5182588607246,5094865.872107042,271145.8841606694,342.06433797977496,54.756702018024704,236838.9433723251,2.6689683161529185,0.03907366210993154,27609.62503962183,0.5999367378159416,32099.20869936958,22.63089337620733,293.5182588607246,0.33081745226125214,,,0.0001089080480382941,2.209369253295444e-05,3.115341594136056e-05,18730.315025751428,161999.4567408214,14492499.179111902,299.3461085434398,2552833.7077751546,0.13438275285385876,0.014176700665862348,0.14319151381743384,0.10042075025042878,0.9949450602516406,0.0012443285996323835,0.0009359003826112846,0.0018443285996323834,4.666232248621438e-05,two-phase,False,
0.8923720739682551,1.0924028390845595,3024.4898812348674,7390.855190119667,1.2454599819513552,9205.01437169152,16872288.073969003,1191.5445546249605,819.0112946480119,293.6445142991962,5109451.383301541,270600.4955348308,345.52523213503997,54.37027595628106,237937.67059765095,2.676953529094319,0.03908739253697024,27613.623994696536,0.6000411815772242,32115.254913465786,22.64534457274098,293.6445142991962,0.3264723812087144,,,0.00010863644092456091,2.2079593374872647e-05,3.1137850304924856e-05,18786.302221040198,162895.42311841313,14507280.731856521,299.41238141215547,2510498.9500573627,0.13469887291299407,0.014147190433702253,0.14350901163077626,0.08542523476938785,0.9963445835977606,0.0012406202344899878,0.0009348495104651473,0.0018406202344899878,4.652325879337454e-05,two-phase,False,
0.9108189625433525,1.096262580746043,3023.261210187672,7414.169665102398,1.2438981559868987,9222.471974594875,16886780.05126429,1192.214165774605,819.5616830697991,293.770188033351,5124001.498751056,270055.68382317835,349.03092762331715,53.959353281922716,238969.41526300999,2.685029764118062,0.03909886594988768,27604.98097540129,0.6002213981643879,32116.875625943117,22.657544005470974,293.770188033351,0.3221081858748363,,,0.00010843079846213661,2.2067705126348563e-05,3.113627899695909e-05,18833.48312994377,163712.6709160118,14514464.21750895,299.4785473219332,2468762.7146071256,0.13501540269729165,0.01412245812538813,0.14382650944411868,0.07044271374819344,0.9975158264808585,0.001237512280965749,0.0009339657617343863,0.001837512280965749,4.640671053621559e-05,two-phase,False,
0.9294931631288564,1.1002503211655532,3022.000847367267,7433.103854023992,1.2423341913802248,9234.399065934129,16892561.76727701,1192.6926653552953,820.0758286649157,293.8951282715639,5138498.159293875,269511.5478911192,352.580320472356,53.52483617307932,239932.76653094633,2.6931880778210617,0.039108070426108706,27583.74842843604,0.600476891692477,32104.10749510349,22.667469775813753,293.8951282715639,0.3177260693566215,,,0.00010829074992968613,2.2058041984619795e-05,3.114866221253837e-05,18871.80389113466,164449.6353464351,14514036.067548495,299.5445237544592,2427668.214887987,0.13533226684081126,0.014102461331704466,0.1441440072574611,0.05541643719125464,0.9984633285649643,0.0012349994097604713,0.0009332492017537913,0.0018349994097604711,4.631247786601768e-05,two-phase,False,
0.9483190403101496,1.1043523692928872,3020.71385379577,7447.537973097273,1.2407736942910685,9240.70920425292,16889558.995482832,1192.979789000221,820.5550910727377,294.0191501835988,5152920.480527417,268968.18693315116,356.1706846656501,53.067308318812664,240824.5228387511,2.701416688644183,0.03911494489113905,27549.760919657805,0.6008092655410663,32076.74478395938,22.67513283822477,294.0191501835988,0.3133294307202727,,,0.00010821680218437807,2.205058746809727e-05,3.117523323314497e-05,18901.019537274657,165102.79862192037,14505939.287102854,299.61020971529643,2387270.348941903,0.1356493977874041,0.014087270304177633,0.14446150507080352,0.04040095808144307,0.9991835479961134,0.00123309044894132,0.000932703636588747,0.00183309044894132,4.62408918352995e-05,two-phase,False,
0.9673952451460047,1.1085928597303336,3019.3934366917097,7457.504471846814,1.2392088769649434,9241.405741518334,16877764.61533626,1193.0733845907077,820.9965402508913,294.14213910275447,5167252.881812911,268425.69954562705,359.8015345179246,52.58786276441307,241644.1935624308,2.7097077872936595,0.03911950669187153,27503.20974751531,0.6012169313973322,32034.969392977895,22.680482368209177,294.14213910275447,0.3089187321719141,,,0.00010820864573745067,2.204538650821823e-05,3.121588748011107e-05,18921.19371965385,165671.78540001396,14490187.101178778,299.67554038701763,2347592.610472402,0.13596671988058867,0.014076807876224642,0.14477900288414594,0.02535596720161879,0.9996784857779377,0.0012317757014694867,0.0009323272814548022,0.0018317757014694868,4.619158880510575e-05,two-phase,False,
0.9864201842535898,1.1129060655608873,3018.0606998768817,7462.883706514561,1.2376620395189215,9236.52786889734,16857375.391212314,1192.9836113340032,821.4091246975065,294.26391290052555,5181475.470295945,267884.17725540587,363.4702954535225,52.08701522352244,242388.38910024337,2.718048388148125,0.0391216943810529,27443.939391151718,0.6017033433181173,31978.61806189483,22.68370945460465,294.26391290052555,0.30449695885422806,,,0.00010826579145258189,2.2042250232512266e-05,3.12708947605082e-05,18932.082812585828,166153.04984418323,14466941.242892185,299.740414262343,2308687.554444667,0.13628416441293262,0.014071170005965195,0.1450965006974884,0.009234574872336187,0.999957360404396,0.0012310672257979278,0.0009321242685003403,0.001831067225797928,4.616502096742229e-05,two-phase,False,
1.0122745882921784,1.1189022416923007,3016.22501332885,7463.099186539861,1.2356284377950213,9221.617588973542,16819029.114354145,1192.355290682254,821.5456196948428,294.3843165708857,5195566.846333886,267343.99934112054,367.174194588981,51.56277126965899,243046.37447038604,2.7264265753143397,0.03912120906981075,27370.610257515,0.6022232906464525,31904.90086181327,22.678789727311553,294.3843165708857,0.3000675716918556,,,0.00010844084460796969,2.2047031874803325e-05,3.134314707107874e-05,18932.519011712888,166534.16899814113,14428726.570649553,299.80474324630734,2270586.2484890996,0.13660165208029026,0.014070944297267006,0.1454139985108308,-0.02366497544107104,0.9997199452533562,0.0012310388624064048,0.0009321161379775046,0.0018310388624064046,4.616395734024018e-05,two-phase,False,
1.0512732210046931,1.1282403152264044,3013.4050833225797,7448.5648149250455,1.2326745098381486,9181.65598223541,16737419.996328708,1190.4855545674047,821.0975651322823,294.50277901758966,5209460.86702463,266806.1555419317,370.9014073906227,50.96529062384149,243458.93391556214,2.7348000547134492,0.039113077197479154,27258.71806642461,0.6028731894251312,31784.24936528576,22.655609379617314,294.50277901758966,0.2956431211521515,,,0.00010891281506678005,2.2069589549413643e-05,3.1462124164309623e-05,18903.098020454916,166624.76763923012,14354298.809949575,299.8682150776113,2233457.976412305,0.13691873714718672,0.014086191360938652,0.14573149632417323,-0.07755712328475109,0.9969879099707247,0.0012329548649351908,0.0009326648478523144,0.0018329548649351909,4.623580743506966e-05,two-phase,False,
1.0910068260679238,1.138117372835779,3010.4727474226606,7416.338089304519,1.2297220127908408,9120.034202716932,16622390.43316626,1187.8490528520508,820.4704503323039,294.61875077952845,5223091.326700158,266271.0744182355,374.6429196429094,50.28220369332879,243572.28742462763,2.743125496669164,0.039095769035191484,27101.127751391075,0.603793995212137,31610.414965480213,22.622970307957452,294.61875077952845,0.29123150670275744,,,0.00010964871159168372,2.210143023633501e-05,3.163514307205516e-05,18837.87159774818,166363.61202610476,14251174.08786589,299.9305257703247,2197453.8601932437,0.13723436546095516,0.014120163981053924,0.14604899413751565,-0.13629526268702064,0.9906682599988131,0.0012372239902862844,0.0009338836459809799,0.0018372239902862844,4.639589963573567e-05,two-phase,False,
1.1312449667303761,1.1484932433419877,3007.4466434674114,7366.938591822841,1.2267855398736176,9037.653737585171,16475401.260461152,1184.4733653538244,819.6699552680352,294.7317460333983,5236397.555603084,265739.0985826819,378.3896915819269,49.52013464717247,243387.74853364754,2.7513617239108377,0.03906954780487856,26899.710740265004,0.6049797177634123,31385.410645726064,22.581205116183952,294.7317460333983,0.28684097608767,,,0.00011064818691175,2.2142308057848073e-05,3.186193774196088e-05,18737.908476239085,165757.67581797414,14120685.984924443,299.99140257317595,2162696.2995493575,0.13754744117683113,0.01417268790507228,0.14636649195085807,-0.1945161411717283,0.9808993173734296,0.0012438243412396357,0.0009357577160982272,0.0018438243412396357,4.664341279648634e-05,two-phase,False,
1.1719380675167679,1.1593685775008409,3004.333010352514,7301.044284933761,1.223866463340245,8935.50324769239,16297934.560801525,1180.3803902233124,818.6946486393854,294.8412994030627,5249324.5212356085,265210.5569184925,382.13247508442237,48.68626695452035,242908.44003379176,2.7594668608645447,0.039034755683234064,26656.7242139807,0.6064213936440502,31111.635698351023,22.530518468087973,294.8412994030627,0.28247991875674316,,,0.00011191311471553119,2.2192121353452014e-05,3.214231516773006e-05,18604.603693951783,164817.55322749433,13964214.259162772,300.0505812333784,2129304.9987712516,0.13785686899137958,0.01424360884686153,0.1466839897642005,-0.25211045057497916,0.9676984657995904,0.0012527365296280666,0.0009382685973132337,0.0018527365296280665,4.6977619861052495e-05,two-phase,False,
1.2130020665632708,1.170732600302228,3001.1412692490762,7219.573302363903,1.2209684031550676,8814.870886448212,16091902.318590881,1175.6009379289412,817.5451972332153,294.9470500199283,5261827.408643349,264685.75858493627,385.8638868255516,47.788457473413764,242141.31763837868,2.7674048513991694,0.038991856038055925,26374.96742656862,0.6081077849140009,30792.115135500706,22.471225132884662,294.9470500199283,0.27815473795600715,,,0.00011344465652212534,2.2250678235976284e-05,3.247584635220737e-05,18439.839946089014,163559.32076313163,13783509.109935556,300.1078519050469,2097359.880388462,0.13816156701558985,0.014332683551847716,0.14700148757754294,-0.3004682210025941,0.9537918264314997,0.001263929987180278,0.0009413907101233828,0.001863929987180278,4.739737451926043e-05,two-phase,False,
1.2524634628320408,1.1820218416060406,2998.0312982442815,7128.301933807301,1.2182189708222129,8683.832645512719,15870317.746199911,1170.4606397516015,816.3343511240757,295.04887527155194,5273887.320412016,264164.7320206342,389.580522627221,46.85890639005922,241175.903020935,2.77515634591957,0.03894383738374023,26069.563173787545,0.6099669536218416,30444.580717015335,22.407709136347822,295.04887527155194,0.27386832793300725,,,0.00011515652602042483,2.231374911900047e-05,3.284656830373442e-05,18255.317241179295,162095.71635527935,13589684.64431527,300.1631327423705,2066862.5298521188,0.1384623454825354,0.014434349047306666,0.14731898539088537,-0.3204165624885236,0.9472767422897271,0.001276705650126574,0.0009449119930515117,0.001876705650126574,4.7876461879746533e-05,two-phase,False,
1.2870700472693968,1.1922196314794888,2995.2726324742666,7038.698375691062,1.2158216900394578,8557.802154810694,15658013.873814724,1165.5956207180755,815.2813579825624,295.1469895592897,5285528.128775876,263647.0396453414,393.2851502591665,45.95703482683117,240203.28460985087,2.782727693266505,0.03889665980227422,25769.902953698518,0.6118456609555365,30103.786299067655,22.34852465261525,295.1469895592897,0.26961818465457976,,,0.00011685243265852538,2.237284150842098e-05,3.321841279583396e-05,18074.219347336046,160652.7265434157,13403812.197151009,300.2165253854124,2037721.0444012866,0.13876308162303075,0.014536145997613005,0.1476364832042278,-0.3199697806562151,0.9474277489427959,0.0012894978321761836,0.0009483936279551701,0.0018894978321761834,4.835616870660688e-05,two-phase,False,
1.3181757306250494,1.2016229645812377,2992.7703742246786,6951.1890714159,1.2136758463417152,8436.490279331974,15454051.352847237,1160.9598889204824,814.3444985107416,295.24160512806304,5296772.712056722,263132.50732381217,396.98027106673976,45.08384038643112,239232.4941725841,2.7901260052225396,0.038850545229089366,25476.97669395947,0.6137266782015804,29770.69006905849,22.292794521585876,295.24160512806304,0.26540230839117274,,,0.0001185327033979802,2.2428771750255688e-05,3.3590084666506535e-05,17897.395177335056,159239.31519746684,13225172.31647743,300.2681318776006,2009845.2033882833,0.13906395776856137,0.014637528394137725,0.1479539810175702,-0.31866354779959877,0.9478678933816531,0.0013022379198611993,0.0009518179451259295,0.0019022379198611991,4.8833921994794976e-05,two-phase,False,
1.3466717890587538,1.2104344784692083,2990.4608856289433,6865.708426995894,1.2117162081682358,8319.290181548167,15257176.983471991,1156.509112037518,813.4935391530986,295.33290702551744,5307642.288639696,262621.00644842914,400.668161028198,44.237855163801626,238264.17884336508,2.7973571327206157,0.03880545982060234,25190.52738686734,0.6156039940569907,29444.878745082624,22.239773044667245,295.33290702551744,0.26121886882636297,,,0.00012020256274002289,2.2482243815877982e-05,3.396176322060769e-05,17724.700076312172,157854.69917334287,13052739.594406327,300.3180408604711,1983158.620792538,0.13936497339860607,0.014738495892503903,0.14827147883091263,-0.31735623479711794,0.9483063957579304,0.00131492586990594,0.0009551862532231022,0.00191492586990594,4.9309720121472746e-05,two-phase,False,
1.3731195812821346,1.2187812473675244,2988.3040048642065,6782.193449272673,1.2099017371690277,8205.787636091407,15066556.55706315,1152.2149875471955,812.7097499625553,295.4210869496085,5318155.916663471,262112.43111257738,404.3509029999483,43.417723927369195,237299.0317221992,2.8044282451630673,0.038761371066126225,24910.313348464002,0.6174740956362276,29126.013451189938,22.188989872810133,295.4210869496085,0.2570664691359926,,,0.00012186520591901663,2.253369814786784e-05,3.433356925676848e-05,17555.995876234196,156498.180804404,12885822.687260509,300.3663458951238,1957578.8103433019,0.1396661279909866,0.014839048151202188,0.14858897664425505,-0.31604785069698926,0.9487432508691768,0.001327561639395076,0.000958499820815152,0.001927561639395076,4.9783561477315347e-05,two-phase,False,
1.3979001963220667,1.2267491694745782,2986.27240422269,6700.583621999357,1.2082046356897111,8095.676193926179,14881589.78901378,1148.057852091916,811.9804307168242,295.5062847187305,5328330.4422224555,261606.69096474646,408.0294496646304,42.6222924616353,236337.46902857866,2.811343069161061,0.038718248027987665,24636.119691572225,0.6193346703791691,28813.813632926183,22.140121356746267,295.5062847187305,0.2529448150099055,,,0.00012352272695272262,2.2583435381561092e-05,3.470557603861496e-05,17391.150536565976,155168.9540212249,12723918.878411585,300.41311326846244,1933048.7751116927,0.13996742102187906,0.014939184831601497,0.14890647445759747,-0.31473840458087887,0.9491784535491116,0.0013401451857749692,0.0009617598778991613,0.0019401451857749693,5.025544446656134e-05,two-phase,False,
1.4212866554715837,1.2343995265585037,2984.3464543258656,6620.820788803999,1.206602688978403,7988.700167015016,14701787.13712243,1144.0236446370693,811.3002217409638,295.5886722978614,5338183.397973944,261103.70800233723,411.706295236741,41.85031418734219,235380.09215418558,2.818108566021357,0.038676060828577066,24367.457541529533,0.621188282068892,28507.771743716698,22.09310515195249,295.5886722978614,0.2488519113375233,,,0.00012517680963030194,2.26314950551807e-05,3.507815373961687e-05,17230.037808564277,153866.37358319698,12566579.284731206,300.4584279074041,1909497.2541034576,0.14026885196582525,0.01503890559795948,0.14922397227093992,-0.3134279055634429,0.9496119986679368,0.0013526764668549927,0.0009649676173516697,0.0019526764668549926,5.072536750706224e-05,two-phase,False,
1.4434826730320542,1.241777856828465,2982.5114663156014,6542.849042597264,1.2050855802327531,7884.693034873638,14526839.096135851,1140.1012378026708,810.6561891322974,295.6683868859572,5347729.892497822,260603.41084758381,415.38257389793085,41.10075384529901,234427.3190036018,2.8247294835719465,0.038634780944756746,24104.650671546937,0.623026403264186,28208.12266382002,22.04743879861842,295.6683868859572,0.24478731755006403,,,0.00012682801924907483,2.267837115081739e-05,3.545078174530943e-05,17072.536921405583,152589.73458738634,12413601.073255725,300.50235658991863,1886868.2477488923,0.14057042029574443,0.015138210117432986,0.14954147008428234,-0.3121163627921509,0.9500438811325499,0.001365155440808842,0.0009681241963144813,0.001965155440808842,5.1193329030331575e-05,two-phase,False,
1.4646451653869688,1.2489190976890439,2980.7560898931683,6466.614621020149,1.2036396642214278,7783.473851094067,14356414.790300054,1136.2821358524445,810.0467076986042,295.74554789317796,5356984.106525537,260105.7357971901,419.05970847943524,40.3726054931357,233479.47746572763,2.8312096155168374,0.03859438106162428,23847.24412922968,0.6248522426423753,27914.412628840786,22.00315102431203,295.74554789317796,0.24075009874594142,,,0.00012847733789963684,2.2724018003036614e-05,3.582378799426408e-05,16918.532288508693,151338.3246615043,12264665.313825965,300.544957095711,1865114.6211504173,0.14087212548294514,0.015237098060088524,0.14985896789762476,-0.3108037854469511,0.9504740958868082,0.0013775820661758517,0.0009712307375188156,0.0019775820661758516,5.165932748159444e-05,two-phase,False,
1.4848981376576955,1.2558507523521185,2979.0713247111403,6392.065807556172,1.202255946841421,7684.899129736118,14190258.607346835,1132.5593057779658,809.4679453112465,295.8202820796926,5365959.293537091,259610.62452148463,422.7388383294895,39.66494609015263,232536.94287281766,2.8375538565547545,0.03855483487963845,23595.061752698093,0.6266653754395954,27626.444395892882,21.9601331754096,295.8202820796926,0.2367397914966807,,,0.00013012532541000805,2.2768532230937805e-05,3.61972024220629e-05,16767.91323255295,150111.5025982616,12119548.333077585,300.58629199335627,1844184.6457622154,0.1411739669971368,0.01533556909891238,0.15017646571096718,-0.30949018273987683,0.9509026379118094,0.0013899563018622669,0.0009742883305509627,0.0019899563018622667,5.212336131983501e-05,two-phase,False,
1.504341673380142,1.262594935772513,2977.4498801753134,6319.152837958031,1.2009271398936305,7588.8421442396575,14028147.722304834,1128.9270810875819,808.9171581376966,295.8927152452166,5374668.539557795,259118.02316762583,426.42167300368266,38.97685033395056,231600.09177779214,2.84376751028779,0.03851611710605997,23347.91663622229,0.6284657504239399,27344.014338211295,21.91830114671427,295.8927152452166,0.23275524170488932,,,0.00013177240756800484,2.2811986962545866e-05,3.657107503058071e-05,16620.573727817344,148908.66867530165,11978051.924998006,300.62642403161294,1824027.9940228865,0.14147594430644175,0.015433622909820907,0.1504939635243096,-0.3081755639149524,0.9513295022260695,0.0014022781071425356,0.0009772980330624642,0.0020022781071425354,5.2585429017845086e-05,two-phase,False,
1.5230579872009407,1.2691697494458571,2975.885744247109,6247.827811663573,1.199647308201553,7495.189816369005,13869888.25688979,1125.380473973785,808.3918437117836,295.96293078082584,5383123.061052459,258627.8815595206,430.10880424495804,38.30754450029317,230669.07561263,2.84985266517938,0.038478203639649156,23105.651935709197,0.6302531818518141,27066.950960197973,21.87758003406286,295.96293078082584,0.22879637499406316,,,0.00013341890258950685,2.2854447302741537e-05,3.694542475325362e-05,16476.412158581614,147729.12833068974,11840004.103976544,300.6653930767635,1804613.6901174237,0.14177805687740705,0.015531259171670536,0.15081146133765203,-0.3068599382477035,0.9517546838858296,0.0014145474416605661,0.0009802608719276032,0.002014547441660566,5.304552906227123e-05,two-phase,False,
1.5411156355519313,1.2755902359060574,2974.373883353744,6178.044607897813,1.1984114757577145,7403.839555847809,13715305.541278988,1121.9153801915347,807.8902507118701,296.03105287429014,5391334.620725877,258140.15270976984,433.8020837665443,37.65618401506748,229744.2746172123,2.8558153213604633,0.03844107105787909,22868.100431038532,0.6320277697731045,26795.07489407477,21.83791081306943,296.03105287429014,0.22486192949841496,,,0.0001350650554292692,2.2895963092804776e-05,3.732029128312425e-05,16335.33109243271,146572.3587648525,11705247.542700598,300.7032621800775,1785891.574095704,0.14208030417501658,0.01562847756626776,0.15112895915099447,-0.3055433150449398,0.9521781779852699,0.0014267642654309837,0.0009831778443508865,0.0020267642654309835,5.350365995366189e-05,two-phase,False,
1.558572528025415,1.2818690599842562,2972.9100276777663,6109.758806178517,1.1972154438911784,7314.69760120705,13564242.528827267,1118.528169624067,807.4108788879882,296.0971634928458,5399313.776494602,257654.7923652577,437.5027532460844,37.02202316954225,228825.84476758735,2.861658186263846,0.038404697040842456,22635.106354188854,0.6337896300527317,26528.219604562815,21.799242492655047,296.0971634928458,0.22095110090862605,,,0.00013671105143635507,2.293657681767924e-05,3.769570724708572e-05,16197.237067415062,145437.73866203593,11573640.328324497,300.74007147512015,1767831.8026433878,0.14238268566270307,0.015725277778379034,0.1514464569643369,-0.30422570364438545,0.95259997965677,0.001438928538840372,0.0009860499189270058,0.002038928538840372,5.395982020651395e-05,two-phase,False,
1.5754781327161933,1.288017006705089,2971.4905138416757,6042.927610962019,1.1960556610615496,7227.677778476268,13416557.551975088,1115.2155160921836,806.9522860114427,296.1613522920709,5407069.680873745,257171.7586124726,441.2111794229551,36.40442749672636,227913.98980999115,2.867384962444582,0.03836906004928355,22406.535127028405,0.6355387565883461,26266.240581603855,21.7615275562723,296.1613522920709,0.21706421110607654,,,0.0001383570256795287,2.2976328233717473e-05,3.8071683570140306e-05,16062.040392048097,144324.7074128935,11445054.99895074,300.7758658208792,1750398.5093148246,0.14268520080236044,0.015821659495740513,0.15176395477767932,-0.30290711341445004,0.9530200840711205,0.0014510402226484997,0.0009888780366556437,0.0020510402226484995,5.441400834931874e-05,two-phase,False,
1.5918751248308405,1.294043352725929,2970.1121672450545,5977.509780183373,1.194929015433889,7142.69987638096,13272118.309014786,1111.9746928003826,806.5136330148484,296.2237083370585,5414612.574503827,256691.01168229265,444.92939515519305,35.80265797398334,227008.91572048207,2.872999625260944,0.038334139331589794,22182.233321590815,0.6372754675164112,26008.97581388686,21.72473034424287,296.2237083370585,0.21319963092282498,,,0.00014000308249080133,2.301524539440379e-05,3.8448265212583816e-05,15929.654957312656,143232.7364304776,11319370.17085974,300.810690187162,1733559.0192395442,0.1429878490543558,0.01591762240906779,0.15208145259102174,-0.30158755375387986,0.9534384864377726,0.0014630992779895414,0.0009916631119133569,0.002063099277989541,5.48662229246078e-05,two-phase,False,
1.6078006415062112,1.2999561484674618,2968.772212455879,5913.465557461639,1.1938328612514124,7059.689506376107,13130805.19203026,1108.8029914057327,806.0938171700939,296.2842953727933,5421950.2887686,256212.51362193812,448.65742581886894,35.21617419112485,226110.69677224086,2.8785041575287793,0.03829991503226842,21962.080597193442,0.6389997870556915,25756.29648057269,21.688812744421156,296.2842953727933,0.2093579204872874,,,0.00014164928912196903,2.3053359623320602e-05,3.882545771882515e-05,15799.998059778965,142161.24802578322,11196477.806928962,300.84457579103344,1717289.3887104557,0.1432906298775419,0.016013166212065385,0.15239895040436416,-0.3002670340914003,0.953855182005085,0.0014751056663732725,0.0009944060333846297,0.0020751056663732724,5.5316462488997725e-05,two-phase,False,
1.6232872522130315,1.3057624358412152,2967.4682038693163,5850.75660775578,1.1927648320265447,6978.57672247802,12992505.012116078,1105.6981712683744,805.6922312996775,296.3432096949339,5429091.805824552,255736.22818189918,452.39701893521135,34.64432694981504,225219.58846581972,2.8839037697936805,0.03826636781866331,21745.941113827124,0.6407120099341623,25508.05923054919,21.65374627827655,296.3432096949339,0.20553789986708812,,,0.00014329569477670087,2.309069264848686e-05,3.920329614110238e-05,15672.990235113128,141109.79957663265,11076273.830202214,300.8775724135268,1701552.11109574,0.14359354272926964,0.01610829060143636,0.15271644821770658,-0.2989455638854537,0.9542701660605387,0.001487059349686275,0.0009971076649540969,0.0020870593496862748,5.576472561323531e-05,two-phase,False,
1.6383637199078154,1.3114684186681989,2966.197971282064,5789.345956271259,1.1917228737513927,6899.296000148589,12857113.575737227,1102.6580426487185,805.3081365698857,296.4005058753936,5436044.648357416,255262.12059978876,456.14868641703583,34.08659405201867,224335.62585146076,2.889200129048997,0.03823347928470226,21533.69810877395,0.6424122766588839,25264.139895468812,21.619501659315464,296.4005058753936,0.2017395290726531,,,0.0001449423245470934,2.3127267588268333e-05,3.958179475483955e-05,15548.555101259062,140077.84367601317,10958663.284626618,300.9097068250615,1686328.3878071606,0.1438965870654003,0.016202995276891535,0.153033946031049,-0.29762315262384653,0.9546834339309772,0.0014989602901930984,0.0009997688465618014,0.0020989602901930983,5.6211010882241195e-05,two-phase,False,
1.6530556056730343,1.3170795977682992,2964.9595766262996,5729.197930429799,1.190705157403678,6821.785523549241,12724532.967250591,1099.6806224104732,804.9409378062253,296.45624636326943,5442815.979667902,254790.15747422937,459.91311429280313,33.54246428560052,223458.89175752967,2.894395833426769,0.038201231629721555,21325.237123180486,0.6441007695058228,25024.417020582197,21.586053103666792,296.45624636326943,0.19796263242514964,,,0.00014658918791098547,2.3163104324757995e-05,3.996097088605562e-05,15426.619210645662,139064.88595874995,10843556.618528297,300.9410104859706,1671595.203474114,0.14419976234031814,0.016297279941158895,0.15335144384439145,-0.29629980982345255,0.9550949809828265,0.0015108084505374392,0.0010023903950232647,0.002110808450537439,5.665531689515397e-05,two-phase,False,
1.6673857545471635,1.3226008792735124,2963.7512791777704,5670.2781047275,1.1897099940515357,6745.9865302459075,12594668.893755922,1096.7643177767643,804.5904918398858,296.5105096810736,5449413.9119658675,254320.3067300774,463.69251583559185,33.0113413265587,222589.56007012998,2.899495212622476,0.03816960757709018,21120.426443236844,0.6457779496985099,24788.752432720656,21.553383252880568,296.5105096810736,0.19420549397144982,,,0.0001482362876825293,2.3198214133420374e-05,4.03408764807389e-05,15307.111910819447,138070.50961808703,10730865.89046628,300.97152417632356,1657323.8669796495,0.14450306800694318,0.01639114429999266,0.15366894165773387,-0.2949755450298228,0.955504802622341,0.001522603793743282,0.0010049731048160514,0.002122603793743282,5.709764226537308e-05,two-phase,False,
1.6813746899510071,1.3280366623746482,2962.571507285524,5612.553248317152,1.1887359466084484,6671.843798528612,12467435.614226338,1093.9073132922733,804.2561650318568,296.5633410895266,5455844.264144282,253852.5373939217,467.48679019372605,32.492822324781685,221727.630619588,2.9044996922263016,0.03813859064424369,20919.171815057583,0.6474438778038887,24557.04517825239,21.521467615618153,296.5633410895266,0.19046873767607905,,,0.00014988360492200627,2.3232616331292826e-05,4.072151159641941e-05,15189.965212947234,137094.2166645736,10620513.413321385,301.00127024586646,1643498.209334873,0.14480650351674365,0.016484588062182427,0.1539864394710763,-0.29365036781702347,0.9559128942957756,0.001534346283216049,0.0010075177488344047,0.0021343462832160488,5.753798562060184e-05,two-phase,False,
1.6950409369390622,1.3333909110794044,2961.418835181835,5555.991275161492,1.187781700612189,6599.304765397801,12342751.193248503,1091.1080021429718,803.9375266176874,296.6148019882467,5462113.374794534,253386.8195386872,471.2967458184154,31.986458216462623,220873.19449778763,2.909412400114476,0.03810816481896538,20721.374792351497,0.6490987193381784,24329.19046207503,21.490285814848274,296.6148019882467,0.18675209697258538,,,0.00015153111358689022,2.326632620467687e-05,4.110288838253069e-05,15075.113667675549,136135.58445784153,10512424.317723572,301.03028035178966,1630095.4629294467,0.14511006831974882,0.016577610939562094,0.1543039372844187,-0.2923242877871112,0.9563192514896676,0.0015460358827437187,0.0010100250791134648,0.0021460358827437185,5.7976345602889455e-05,two-phase,False,
1.7084012894034282,1.3386672133994435,2960.2919637942437,5500.5611966134475,1.1868460180349594,6528.319153158282,12220536.10844632,1088.3650831155855,803.6345089999111,296.66495345868134,5468227.746644376,252923.12427624513,475.123848740699,31.491776907280833,220026.34525814274,2.9142366336172842,0.0380783146326517,20526.92212694607,0.6507428772814343,24105.068982692545,21.459824162546052,296.66495345868134,0.18305462952939866,,,0.00015317878561684875,2.329935213880516e-05,4.148505033186176e-05,14962.494247870736,135194.21190332645,10406524.587327281,301.05858621089794,1617093.732714008,0.14541376186456198,0.01667021264701877,0.15462143509776113,-0.2909971942040459,0.9567239063415175,0.0015576725564979488,0.0010124958275244803,0.0021576725564979487,5.841272086867308e-05,two-phase,False,
1.7214710219637595,1.343868826266318,2959.189705647464,5446.23312100754,1.1859278329205603,6458.839442776652,12100717.204609912,1085.677085954936,803.3466780248806,296.7138317070652,5474192.826948794,252461.42359689935,478.9685276831652,31.008397149978755,219187.0489645697,2.9189734657555095,0.038049025313770024,20335.728000165305,0.6523764576353851,23884.588795529893,21.430063614698838,296.7138317070652,0.17937635664605966,,,0.000154826576641159,2.333170862157642e-05,4.1868001520174984e-05,14852.04632874018,134269.64148119118,10302747.758668644,301.08620570404736,1604481.5782432165,0.1457175836215146,0.016762392826037458,0.15493893291110356,-0.2896691174675705,0.9571268475941728,0.0015692562594264172,0.00101493070443271,0.002169256259426417,5.884710972849065e-05,two-phase,False,
1.73426410066368,1.3489987261788101,2958.11096940511,5392.978111635956,1.1850261448195911,6390.820060728396,11983223.656497568,1083.0427398778068,803.0738220283931,296.7614891009436,5480013.820256359,252001.69035505375,482.831548708619,30.535932088913636,218355.36117984983,2.923625674231848,0.038020282459525934,20147.69956032325,0.6539997000516636,23667.65112595957,21.4009893465084,296.7614891009436,0.17571704796924908,,,0.00015647444154233073,2.336340586429831e-05,4.2251763585578725e-05,14743.711381751385,133361.48658903278,10201028.767508613,301.1131660152158,1592239.534125072,0.1460215330320819,0.01685415121081546,0.15525643072444598,-0.2883402824615421,0.9575280056008796,0.0015807869581273707,0.0010173304037603417,0.0021807869581273705,5.92795109297764e-05,two-phase,False,
1.7467933339760646,1.3540596413581936,2957.054749074709,5340.768174070446,1.1841400183143613,6324.217323456535,11867987.193284847,1080.4609215244668,802.815874978875,296.80796957896615,5485696.289503277,251543.89824144143,486.71419852061643,30.07397971362661,217531.29615450324,2.9281953696794907,0.03799207218154221,19962.740385445737,0.6556129330063869,23454.153713083444,21.37258946439729,296.80796957896615,0.17207591757147317,,,0.0001581223333820294,2.3394451141865886e-05,4.263637103402155e-05,14637.432932643052,132469.3530845263,10101304.448481565,301.13948974210376,1580353.1640877752,0.14632560952234838,0.01694548758563181,0.15557392853778843,-0.2870106782462623,0.9579273827240875,0.0015922646254925132,0.001019695602385899,0.002192264625492513,5.9709923455969245e-05,two-phase,False,
1.7590704922092102,1.3590540752595814,2956.020115574406,5289.576278996105,1.183268616618893,6258.989606147834,11754943.538409833,1077.9304752171752,802.5726422514922,296.8533250357645,5491245.26063764,251088.02169829293,490.61732911027866,29.622183585949717,216714.9149880431,2.932685591369886,0.03796438101574171,19780.767054454962,0.6572163611245666,23244.007373749293,21.344850465675364,296.8533250357645,0.1684526852609336,,,0.00015977019661731973,2.34248537277902e-05,4.302184145447113e-05,14533.156593352987,131592.89139865062,10003516.008782323,301.1652041572426,1568803.4969623275,0.14662981253530755,0.017036401677742945,0.15589142635113085,-0.2856802198575359,0.9583250033168027,0.0016036892272478787,0.0010220269579448943,0.0022036892272478785,6.013834602179545e-05,two-phase,False,
1.7711064308881186,1.3639843351308691,2955.0062077163893,5239.376289363161,1.1824111682143654,6195.097039020542,11644031.193579637,1075.4503072618288,802.3439549984951,296.89759080721484,5496665.114889854,250634.03587775418,494.54149368468484,29.18022063846153,215906.19492768997,2.93709787962837,0.03793719603963129,19601.69839392548,0.6588101956326818,23037.125239213492,21.31775972451982,296.89759080721484,0.1648472874660781,,,0.00016141797193835436,2.345462217706192e-05,4.340819393115132e-05,14430.829900593433,130731.71765720709,9907607.18518369,301.1903273046229,1557578.5719158011,0.1469341415125923,0.017126893217501514,0.15620892416447327,-0.28434891705963655,0.9587208631124139,0.0016150607295085805,0.0010243251109946102,0.0022150607295085803,6.056477735657177e-05,two-phase,False,
1.7829111894446263,1.368852553590013,2954.012225068062,5190.142924973886,1.1815669720185509,6132.501460204899,11535191.676635839,1073.0193298376014,802.1295899198337,296.940802058721,5501960.188740973,250181.91658668674,498.4872650113335,28.747780008634987,215105.1163918834,2.9414338676146463,0.037910504751467906,19425.460426004393,0.6603945888249212,22833.427728026123,21.291304130118636,296.940802058721,0.1612596440517984,,,0.00016306559509022736,2.3483765810883375e-05,4.3795439384362936e-05,14330.402231651944,129885.46472653835,9813524.806257173,301.2148772601858,1546666.6214434286,0.1472385958944881,0.017216961938364517,0.1565264219778157,-0.28301677964248223,0.9591149578860705,0.0016263790987798379,0.0010265906855612236,0.0022263790987798377,6.098921620424392e-05,two-phase,False,
1.7944940764982071,1.3736607072301692,2953.0374217742137,5141.851728710666,1.1807353352462662,6071.166024685782,11428367.387270465,1070.636686758579,801.9296170676839,296.983001943522,5507135.324018337,249731.64031188883,502.45609828730164,28.324513869146553,214311.70568876536,2.945696105669002,0.037884294999671116,19251.966888958777,0.6619698914197883,22632.823044987304,21.265475821713576,296.983001943522,0.15768888260322902,,,0.00016471300503625346,2.351228837727036e-05,4.4183617660611676e-05,14231.82472457594,129053.80696615553,9721215.515062176,301.23887676868287,1536053.207299599,0.14754317511994622,0.01730660757690141,0.1568439197911581,-0.281683817421421,0.9595072834548446,0.001637644301957993,0.0010288242896659937,0.002237644301957993,6.141166132342475e-05,two-phase,False,
1.805863743898225,1.378410632738153,2952.0811011851406,5094.4790343184395,1.1799156742916919,6011.055664942729,11323505.171523891,1068.301312293138,801.7437329192817,297.02422528828816,5512193.931060492,249283.1841026994,506.4479404977509,27.910174120926715,213525.94886031435,2.94988642159513,0.03785855507132801,19081.155763445247,0.663536163825441,22435.243735026466,21.24026110629233,297.02422528828816,0.1541355374101778,,,0.00016636012969105114,2.354020025920855e-05,4.457272725942241e-05,14135.05020247696,128236.40825179072,9630631.54195638,301.2623439694348,1525725.4628547453,0.14784787862659696,0.017395829872802093,0.15716141760450053,-0.2803500402367598,0.9598978356779679,0.0016488563063315129,0.0010310265158314453,0.0022488563063315127,6.183211148743173e-05,two-phase,False,
1.817028251291834,1.3831040409197508,2951.1426111647174,5048.001935659926,1.1791073641222678,5952.136256440081,11220551.123923296,1066.0125266874163,801.5721672607915,297.0645067696994,5517140.762826107,248836.52565545702,510.4648605611762,27.50440664274889,212747.83477466938,2.9540067306356983,0.037833273624216575,18912.938848969516,0.6650938494484154,22240.59613485574,21.21565548513918,297.0645067696994,0.1505981666629164,,,0.00016800690658215728,2.3567501854950107e-05,4.496282356536242e-05,14040.0331017087,127432.94700907108,9541722.5317047,301.28529702981723,1515673.1812400823,0.1481527058507633,0.017484628568884802,0.15747891541784298,-0.2790154579534689,0.9602866104570115,0.0016600150795819846,0.0010331979415684276,0.0022600150795819844,6.225056548432443e-05,two-phase,False,
1.8279951226734958,1.3877425289584115,2950.221339974224,5002.398257366828,1.1783099048323429,5894.375414571386,11119456.326985408,1063.769333626412,801.4146228295024,297.1038727864607,5521978.913262812,248391.6431685861,514.5066863950303,27.106993499752942,211977.3125376315,2.9580581940927297,0.03780843972568484,18747.259960116913,0.6666429898664162,22048.818761123748,21.191646022306493,297.1038727864607,0.14707739682795343,,,0.00016965325919484478,2.3594203087088946e-05,4.535390357342815e-05,13946.729403689513,126643.09023652456,9454444.731738446,301.30774950273394,1505887.2213903153,0.1484576562274741,0.01757300341110388,0.1577964132311854,-0.27768008046088866,0.9606736037360631,0.0016711205897850892,0.001035339129844887,0.002271120589785089,6.266702211694085e-05,two-phase,False,
1.8387713960894136,1.392327591164897,2949.3167126483113,4957.646526814689,1.177522798730427,5837.741813371014,11020172.624373313,1061.5709067046093,801.2710150253015,297.14235774975856,5526711.876265656,247948.51536212122,518.574131772694,26.717677803929927,211214.37670548487,2.9620428836556214,0.03778404273127958,18584.054386459917,0.668183769332627,21859.841660122067,21.168223607926556,297.14235774975856,0.14357306203724923,,,0.0001712991139329864,2.362030982197166e-05,4.574598551755548e-05,13855.096570155541,125866.54372514802,9368754.384581702,301.32971960520683,1496355.5648756025,0.1487627291904778,0.01766095414855742,0.15811391104452782,-0.2763439176722585,0.9610588115019538,0.0016821728054115625,0.0010374506295371426,0.0022821728054115624,6.30814802029336e-05,two-phase,False,
1.849363667506895,1.3968606284469027,2948.428187790559,4913.725947353271,1.1767455463545853,5782.205124554927,10922652.548501136,1059.416588717985,801.1414706944684,297.1799959373325,5531343.519657208,247507.1214989361,522.6686814253642,26.33617427412329,210459.02434630782,2.965962953692371,0.03776007232412685,18423.248929061832,0.6697165174406527,21673.586366427855,21.145382939107957,297.1799959373325,0.14008432312426347,,,0.00017294440070162207,2.364582383964587e-05,4.613911067108806e-05,13765.093481644619,125103.02594498225,9284607.700107824,301.3512255791638,1487067.0864431702,0.149067924172256,0.017748480533494832,0.15843140885787024,-0.2750069795244603,0.9614422297844177,0.0016931716953281486,0.0010395329758644334,0.0022931716953281485,6.349393857480557e-05,two-phase,False,
1.8597781296561684,1.401342956674921,2947.5552547310576,4870.616372728302,1.1759777198417214,5727.736336224784,10826851.749007635,1057.3055795611745,801.0258622234417,297.21680526354595,5535876.802955987,247067.44130621254,526.7907708741387,25.96226269554797,209711.17068661988,2.9698189339028414,0.0377365186116428,18264.786144108606,0.6712413716748411,21489.99030374612,21.123114738611413,297.21680526354595,0.13661123743053852,,,0.0001745890420401424,2.3670751505507796e-05,4.653329228471922e-05,13676.68037902461,124352.21724196596,9201964.682837525,301.3722764016307,1478016.7720385762,0.14937324060403712,0.01783558232132429,0.15874890667121266,-0.2736692759776229,0.9618238546562897,0.0017041172287985311,0.0010415866908074442,0.002304117228798531,6.390439607994493e-05,two-phase,False,
1.8700206065397398,1.4057758140996772,2946.697430996177,4828.298282634122,1.1752189402900657,5674.307591121617,10732728.182862189,1055.237017455096,800.9239339850094,297.25281167388874,5540314.311359617,246629.4549264225,530.9402599358376,25.595758757367797,208970.7762177282,2.9736122562304868,0.03771337195062507,18108.617984260527,0.6727583617840914,21309.000471606385,21.101407832453514,297.25281167388874,0.13315438172866623,,,0.00017623295599354953,2.3695101481855193e-05,4.692852681346882e-05,13589.81880789185,123613.83513102478,9120787.943635844,301.3928857102346,1469195.3358116816,0.14967867791580983,0.017922259270619967,0.15906640448455509,-0.27233081701479867,0.9622036822336798,0.001715009375484246,0.0010436122835114996,0.002315009375484246,6.431285158065922e-05,two-phase,False,
1.8800965841881503,1.4101603679491412,2945.8542600490778,4786.752759340029,1.1744687055102099,5621.891316859509,10640236.597054513,1053.2106642638887,800.8363229397002,297.2880653368174,5544660.625046822,246193.14309185802,535.1206586987079,25.236311374179145,208237.92981481433,2.9773469978002653,0.03769062282299866,17954.653074915695,0.6742681561104541,21130.52013665353,21.0802662054035,297.2880653368174,0.1297112933087903,,,0.00017787608184475153,2.371886555549451e-05,4.732491171693284e-05,13504.471565676438,122887.68343451105,9041034.27173804,301.41308109996476,1460585.992559208,0.14998423553633716,0.01800851114312936,0.1593839022978975,-0.2709916126415316,0.9625817086761737,0.001725848105445601,0.0010456102506750818,0.0023258481054456008,6.471930395421004e-05,two-phase,False,
1.890011238152165,1.414497720313474,2945.0253092658586,4745.961465336713,1.1737267720716646,5570.462031086168,10549340.76307638,1051.22535080543,800.7622480163566,297.32255954914507,5548916.863924193,245758.48679782968,539.3295994363386,24.883860751066422,207512.42908973337,2.9810212879122933,0.03766826237764602,17802.87410877653,0.6757703931942135,20954.52743345531,21.05967035783402,297.32255954914507,0.12628436119235315,,,0.00017951832261300108,2.3742062031564717e-05,4.77223837748511e-05,13420.602651302283,122173.40157759772,8962673.395143444,301.43285766414647,1452192.1510737773,0.1502899128931702,0.018094337703780307,0.15970140011123996,-0.2696516728855486,0.9629579301869968,0.0017366333891425567,0.0010475810769242813,0.0023366333891425566,6.512375209284588e-05,two-phase,False,
1.8997694581473892,1.4187889134097729,2944.210168117516,4705.906621951821,1.1729927154877757,5519.994187315172,10459999.397964364,1049.2807455465252,800.7021411390085,297.3563361806749,5553086.637388943,245325.46754945637,543.5697162377537,24.538116857534536,206794.32601679236,2.9846384654913125,0.037646281701334425,17653.204706432083,0.6772655761594251,20780.940846085385,21.039621295838444,297.3563361806749,0.12287188422203679,,,0.00018115961105502222,2.3764686301596982e-05,4.812101662800196e-05,13338.177217258888,121470.7895815558,8885666.533053301,301.45223838713935,1443999.371669754,0.15059570941266187,0.01817973872068797,0.16001889792458238,-0.2683110077964208,0.963332343013183,0.001747365197435605,0.0010495252351737764,0.002347365197435605,6.552619490383519e-05,two-phase,False,
1.909375870205861,1.423034934304796,2943.4084465322835,4666.570988886754,1.1722662231507037,5470.46354820692,10372175.485654885,1047.3761643951284,800.6558805488323,297.3894046031533,5557172.463589461,244894.0672253338,547.8413804976796,24.198905004050367,206083.5078547061,2.988198465964057,0.037624672363022686,17505.598012006973,0.6787538064512965,20609.708735644897,21.020110961198114,297.3894046031533,0.11947399543008731,,,0.00018279986534738447,2.3786744081559346e-05,4.8520821561659445e-05,13257.16152395116,120779.55772904954,8809980.620824434,301.4712276809862,1436006.2665277987,0.15090162451998088,0.0182647139651617,0.1603363957379248,-0.2669696274451559,0.9637049434457595,0.001758043501586632,0.0010514431869749047,0.002358043501586632,6.59266313094987e-05,two-phase,False,
1.918834856638023,1.427236719162473,2942.6197734165876,4627.937844629414,1.1715469625987873,5421.846524971568,10285832.099249247,1045.5110943207355,800.6235685136469,297.4218064932754,5561176.9849349,244464.26811125505,552.1457408582316,23.86602290134387,205380.03089020538,2.991704759316717,0.03760342595683435,17359.99896712534,0.6802353282215358,20440.771228525307,21.00113524637421,297.4218064932754,0.11609028088770235,,,0.00018443900899707668,2.380823675169292e-05,4.8921833174498315e-05,13177.522896202036,120099.52528066692,8735582.068929298,301.4898485659521,1428197.0710024752,0.15120765763912572,0.018349263211711788,0.16065389355126722,-0.26562754192386084,0.9640757278199091,0.0017686682732597644,0.0010533353828513596,0.002368668273259764,6.632506024724117e-05,two-phase,False,
1.9281505740656064,1.4313951570734822,2941.8437953158973,4589.990967700044,1.170834659460837,5374.120511595399,10200934.791683046,1043.6848743030291,800.6050623055203,297.4535429913154,5565102.4211061755,244036.05283314045,556.4830120651933,23.539316381244213,204683.74610141953,2.9951564959028625,0.03758253459917787,17216.365142103627,0.6817102167759206,20274.081265991033,20.982686114196103,297.4535429913154,0.11272098978713739,,,0.00018607695860976012,2.3829170263463964e-05,4.9324059960115693e-05,13099.229681790326,119430.39679916427,8662440.278317556,301.50810083098577,1420573.7717248022,0.15151380819293886,0.018433386238056144,0.16097139136460964,-0.2642847613453071,0.9644446925151562,0.0017792394845222111,0.0010552022626230193,0.002379239484522211,6.672148066958293e-05,two-phase,False,
1.9373269697499966,1.435511093516197,2941.0801751993445,4552.714618689846,1.17012898254599,5327.263324589804,10117448.081240008,1041.8971491718025,800.6006420122312,297.48465560778067,5568951.580623065,243609.40443544867,560.8552468244754,23.218560021761128,203994.71411024957,2.998557260097412,0.03756199035490787,17074.6363795109,0.6831788320017373,20109.573845078892,20.9647628147167,297.48465560778067,0.10936501941485942,,,0.0001877136418964233,2.384954241643094e-05,4.972755801310601e-05,13022.251211913735,118772.00939197105,8590522.524574943,301.5260075272334,1413121.187507661,0.15182007560312064,0.018517082825126714,0.16128888917795206,-0.2629411781011306,0.9648118660437327,0.0017897571078450687,0.0010570442557183983,0.0023897571078450685,6.711589154419007e-05,two-phase,False,
1.946367788328866,1.4395853298412125,2940.3285920256376,4516.093555741258,1.1694297200061978,5281.254022412293,10035340.804212768,1040.14716510973,800.6099766707866,297.51513729353036,5572726.054954647,243184.30623436582,565.2616621849083,22.903654532352665,203312.75081855233,3.0019053863448586,0.03754178587190613,16934.78277890665,0.6846411007376302,19947.214757032234,20.94735449976007,297.51513729353036,0.10602340402397291,,,0.00018934896821024995,2.386936259687241e-05,5.0132312314302316e-05,12946.557831066577,118124.06149277964,8519801.822042765,301.5435638127655,1405844.0208322976,0.15212645931051527,0.018600352682282294,0.1616063869912945,-0.26159674119647214,0.9651772609191464,0.0018002211067052864,0.001058861779850366,0.0024002211067052862,6.750829150144824e-05,two-phase,False,
1.955276597526421,1.4436186315848945,2939.588738716231,4480.112968237543,1.1687365767839442,5236.071894103301,9954579.92598443,1038.4345667891873,800.6332961513928,297.5450213464088,5576428.377784865,242760.74192945985,569.7041819878265,22.594394012211946,202637.88057126792,3.0052036651913596,0.037521913718708916,16796.749822466572,0.6860973360135564,19786.94480574647,20.93045991572238,297.5450213464088,0.10269515680020795,,,0.0001909828627689716,2.388862939530602e-05,5.0538373145387395e-05,12872.120758237852,117486.38264335641,8450247.89051563,301.56078811208516,1398730.4827504598,0.15243295874471754,0.018683195558059654,0.16192388480463693,-0.26025175501958586,0.9655407935500319,0.0018106314495030629,0.0010606552437609376,0.0024106314495030627,6.789867935636486e-05,two-phase,False,
1.964056812422793,1.4476117365670134,2938.860320242221,4444.758413033543,1.1680493394637215,5191.697128419648,9875135.362409934,1036.758730310698,800.6704203954273,297.57432484275785,5580060.208421717,242338.69550818752,574.1826237449607,22.290664021756257,201970.04593995868,3.0084531611971883,0.03750236674972215,16660.503708392753,0.6875475559054413,19628.72590287495,20.91407102273299,297.57432484275785,0.09938088343581765,,,0.00019261524223474876,2.3907349241403765e-05,5.094574171284003e-05,12798.911953029405,116858.75972095058,8381834.365633164,301.57768955850133,1391774.6786041944,0.15273957329354426,0.018765611355117513,0.16224138261797935,-0.2589062910735419,0.9659024445784069,0.0018209881240061313,0.0010624250499271007,0.002420988124006131,6.828705465022992e-05,two-phase,False,
1.9727116783116119,1.4515653444314844,2938.1430551372755,4410.015913955762,1.1673677477212372,5148.110344889351,9796976.360560844,1035.1192844275954,800.7215122046662,297.6030648061135,5583623.921787974,241918.15130441988,578.698584266123,21.992285217192357,201309.19295312528,3.011654975058822,0.037483138046497576,16525.995677777984,0.6889920201696257,19472.504757512943,20.898185737113597,297.6030648061135,0.09607985292694426,,,0.0001942460306805046,2.39255218749462e-05,5.135446171166947e-05,12726.904319966003,116240.98827540864,8314533.287118853,301.5942772951422,1384972.0071272757,0.15304630237424263,0.018847599867382256,0.16255888043132177,-0.25756018316888735,0.9662622584195293,0.0018312911043185183,0.001064171589125354,0.002431291104318518,6.867341641194445e-05,two-phase,False,
1.9812442931748375,1.455480124293374,2937.4366737085365,4375.871897716449,1.166691535435881,5105.292703217527,9720072.647328533,1033.5159364699807,800.7868260110241,297.6312582089597,5587121.7087184135,241499.09400947782,583.2537338475287,21.69908367544473,200655.2698959688,3.0148102429601344,0.03746422088352639,16393.17430732316,0.6904310484394004,19318.22535481173,20.882803677116158,297.6312582089597,0.0927913235847903,,,0.00019587515508557747,2.3943145170105257e-05,5.176458922252518e-05,12656.071574773094,115632.8712269505,8248316.926679399,301.61056047462023,1378317.6335777137,0.15335314540298928,0.01892916089202529,0.1628763782446642,-0.25621344153540554,0.9666202317231848,0.0018415403649520309,0.0010658952431478628,0.0024415403649520307,6.905776368570116e-05,two-phase,False,
1.9896576170848694,1.459356716710257,2936.7409173262913,4342.313179973445,1.1660205372289543,5063.226346929005,9644397.439176548,1031.948048442174,800.866096429356,297.6589139205741,5590554.9278681865,241081.50855083187,587.8477385570346,21.410966461007607,200008.18665868425,3.017919228514834,0.03744560878029135,16262.013936879575,0.6918645820152015,19165.858068824833,20.867915809023433,297.6589139205741,0.08951602046949199,,,0.00019750252733744154,2.3960227009531853e-05,5.217611423443645e-05,12586.388214423836,115034.19435049599,8183162.215095715,301.62654360261433,1371808.971552295,0.15366010179490477,0.019010294229468937,0.16319387605800662,-0.25486607642101217,0.9669763611845735,0.001851735880826998,0.0010675963850556563,0.0024517358808269977,6.944009553101242e-05,two-phase,False,
1.9979544808360614,1.463195735488849,2936.0555377701585,4309.326951954499,1.1653545535969445,5021.893786398217,9569923.53266647,1030.415167878908,800.9593086773609,297.68604882809245,5593925.314740314,240665.38013728763,592.4813824347893,21.127802256104555,199367.89615177643,3.020983126342539,0.03742729537768991,16132.478427183541,0.6932927355954052,19015.36261937041,20.853517460760393,297.68604882809245,0.08625385467060573,,,0.00019912806652910435,2.397677039093472e-05,5.258905759605806e-05,12517.829488505688,114444.77464202537,8119045.007496661,301.6422358476089,1365440.5575943028,0.15396717096406795,0.01909099968339204,0.16351137387134904,-0.2535180980912826,0.9673306435444805,0.0018618776272729762,0.0010692753794232712,0.002461877627272976,6.98204110227366e-05,two-phase,False,
2.0061375938831563,1.466997769344011,2935.3802966261655,4276.900767619894,1.164693331416975,4981.277803179032,9496622.80276254,1028.917100234703,801.0668004001999,297.712687818205,5597234.961126629,240250.6943262111,597.1566499268989,20.849422632006434,198734.39371893334,3.0240040792853775,0.03740927443033094,16004.51690601694,0.6947158689023217,18866.683643546407,20.839610063406372,297.712687818205,0.08300391522995708,,,0.0002007517025775603,2.3992771384815043e-05,5.3003485874533275e-05,12450.37137183903,113864.45975142374,8055939.404531692,301.6576510442283,1359204.061004864,0.15427435232353037,0.01917127706073553,0.16382887168469148,-0.252169516829199,0.9676830755893834,0.0018719655800294465,0.0010709325825751818,0.0024719655800294464,7.019870925110425e-05,two-phase,False,
2.0142095516526006,1.4707633834240352,2934.71496472996,4245.022531338619,1.16403670143603,4941.362024901033,9424470.041804073,1027.4533647275132,801.18847904628,297.7388315904803,5600485.475207403,239837.4369230018,601.8739843667556,20.575719934653556,198107.55546600636,3.0269815235201794,0.0373915400381287,15878.098953983292,0.6961340368337069,18719.786754109296,20.826187884675722,297.7388315904803,0.0797663861031655,,,0.00020237335272353947,2.400823438109424e-05,5.341941193750425e-05,12383.990538284415,113293.0312411125,7993823.32065119,301.6727890635929,1353101.0470367235,0.1545816452853308,0.019251126171707884,0.1641463694980339,-0.25082034293463557,0.968033654151627,0.0018819997152465036,0.0010725683428143393,0.0024819997152465034,7.057498932174389e-05,two-phase,False,
2.022172842287837,1.4744931207157268,2934.059321651729,4213.680486054711,1.1633845134130494,4902.1306219468215,9353441.080814343,1026.0234486500958,801.3241906946673,297.76450494692335,5603678.002545146,239425.59396036816,606.6335008992977,20.30660080166561,197487.38077277355,3.029917664055307,0.03737408628448838,15753.198753764002,0.6975472359461798,18574.64238211458,20.813244257953226,297.76450494692335,0.07654167615161207,,,0.00020399293228193544,2.4023164952236525e-05,5.383683730906682e-05,12318.664335678894,112730.34917532401,7932675.813967151,301.6876637560156,1347121.7607406098,0.15488904926050998,0.01933054682979042,0.16446386731137633,-0.24947058672405648,0.9683823761095381,0.001891980009485518,0.0010741830006431143,0.002491980009485518,7.094925035570692e-05,two-phase,False,
2.0300298528812397,1.4781875033405303,2933.413155219007,4182.863201921432,1.1627365671017023,4863.568000058161,9283510.897645578,1024.6270752187763,801.4741033796724,297.7897085274441,5606814.370041388,239015.15176006767,611.4366375766265,20.04193077211388,196873.750274128,3.032811977598516,0.037356907588437495,15629.776038498228,0.6989556995852835,18431.20611344171,20.800778096603395,297.7897085274441,0.07332929226873401,,,0.00020561036670774246,2.4037562329538342e-05,5.425580907972752e-05,12254.370761844832,112176.20742010372,7872474.285626837,301.7022750037186,1341268.211244243,0.15519656365912496,0.01940953885174253,0.16478136512471875,-0.24812025853015834,0.9687292383875524,0.0019019064397197962,0.0010757768889769473,0.002501906439719796,7.132149148949236e-05,two-phase,False,
2.0377828752401492,1.4818470337519614,2932.7762610739233,4152.559565382234,1.1620926255300275,4825.6588480048695,9214654.023683868,1023.2641480297957,801.6386251443311,297.8144750857024,5609896.518096284,238606.0969771308,616.2857995122436,19.78155013674966,196266.7071221494,3.0356676572632963,0.03733999827938383,15507.782257568651,0.7003598130395854,18289.425035722452,20.788792517470966,297.8144750857024,0.07012813896205064,,,0.00020722558960284607,2.4051420955776937e-05,5.4676404427521626e-05,12191.088441618296,111630.5014070222,7813195.215213807,301.7166413319595,1335528.594487384,0.15550418789026396,0.019488102057606708,0.16509886293806117,-0.24676936870138722,0.9690742379563697,0.0019117789833352108,0.0010773503333509776,0.0025117789833352107,7.169171187507041e-05,two-phase,False,
2.0454341112292447,1.4854721958434343,2932.148442261834,4122.75876867841,1.1614526016542,4788.388897874205,9146849.531850757,1021.9340200557597,801.8173638911367,297.8387891393725,5612925.272932878,238198.41642192792,621.1800540762238,19.5254121977304,195666.056196311,3.0384823662331546,0.037323353195019664,15387.204090129191,0.701759406595633,18149.28250939251,20.777277129382547,297.8387891393725,0.06693934983373781,,,0.00020883850942932973,2.4064750972249215e-05,5.5098596844392383e-05,12128.79660484673,111092.98862102142,7754821.186757824,301.73075331360343,1329910.350283931,0.15581192136206076,0.01956623627071348,0.1654163607514036,-0.2454179276016277,0.9694173718330625,0.001921597618130821,0.0010789036521199236,0.002521597618130821,7.205991067990579e-05,two-phase,False,
2.052985677727062,1.4890634559746223,2931.529508848592,4093.4502997643726,1.1608163212797589,4751.743918314005,9080074.617567884,1020.6364191406683,802.0104480065888,297.8626833704119,5615901.9976745965,237792.09716519716,626.1208306795511,19.273396561828463,195071.84432652683,3.041259352504489,0.03730696695115888,15268.007457291063,0.7031546576647663,18010.740609195414,20.766230495093446,297.8626833704119,0.06376248528535473,,,0.0002104490513779236,2.4077552260538464e-05,5.552242529601744e-05,12067.475065308441,110563.57520796925,7697331.830041769,301.7446294871594,1324400.8568437693,0.15611976348170986,0.01964394131768633,0.16573385856474604,-0.24406594560980036,0.9697586370812038,0.0019313623223194912,0.001080437156651464,0.002531362322319491,7.242608708698092e-05,two-phase,False,
2.0604396112304473,1.4926212639235972,2930.919277563967,4064.6239326125783,1.1601835951609987,4715.7100071158975,9014306.5714317,1019.3711633183245,802.2181187733675,297.8861583108551,5618828.398536958,237387.12655591135,631.1097469094746,19.02538228780006,194483.96050383672,3.043998169402697,0.03729083454276726,15150.153385495672,0.7045458324361143,17873.756331375203,20.755653208365388,297.8861583108551,0.06059703003697656,,,0.00021205714483948823,2.4089822419969867e-05,5.5947948571091444e-05,12007.104200509495,110042.07706450316,7640706.558214803,301.7582697548773,1319002.0678540575,0.1564277136554808,0.019721217028446304,0.16605135637808846,-0.24271343311949353,0.9700980308109841,0.0019410730745284695,0.0010819511515133705,0.0025410730745284694,7.279024029481761e-05,two-phase,False,
2.0677978721373598,1.496146053771276,2930.317571469047,4036.2697178908065,1.1595543185460522,4680.273982196941,8949525.359856041,1018.1377730429951,802.4401822603058,297.90923051878354,5621705.360493552,236983.49212245384,636.1467874266737,18.781302002083276,193902.37527444997,3.04670025575553,0.03727495097491338,15033.623387120791,0.7059328776119523,17738.30788569935,20.74553852776343,297.90923051878354,0.05744350298239069,,,0.000213662705175776,2.4101567637343222e-05,5.637516309017285e-05,11947.66493231543,109528.36265104858,7584928.31562766,301.7716833461664,1313707.6769977838,0.15673577128873314,0.019798063236216606,0.16636885419143088,-0.2413604005384729,0.9704355501793552,0.0019507298537999665,0.0010834459346546238,0.0025507298537999663,7.315236951749875e-05,two-phase,False,
2.0750623487353077,1.4996382447240135,2929.724219645585,4008.3779739954907,1.158925718677937,4645.412324245537,8885689.005944217,1016.9362073592172,802.6789651745175,297.9319085019529,5624534.41627065,236581.1825858969,641.2338733774961,18.541033469981407,193327.02126066096,3.049366135515425,0.0372593114414982,14918.263923345785,0.7073188546096253,17604.241349164455,20.736029539399038,297.9319085019529,0.054301226644524594,,,0.00021526614435940524,2.4112619971435997e-05,5.6804492745009014e-05,11889.138708377975,109022.28148806388,7529949.8059732905,301.7848748337615,1308515.94906881,0.1570439357859314,0.019874479777527106,0.1666863520047733,-0.24000685828847054,0.9707711923901008,0.001960332639591718,0.001084921797580732,0.002560332639591718,7.351247398468943e-05,two-phase,False,
2.0822348609200176,1.5030982418795964,2929.139056905528,3980.9392784255992,1.1583028071735668,4611.133141387885,8822817.942843094,1015.7659938610823,802.9304298933238,297.954208757825,5627316.836843675,236180.18505830824,646.3721318613046,18.304482667358698,192757.8723767464,3.051997295704115,0.03724391119805363,14804.278417083206,0.7086983221681764,17471.74930931192,20.72684136608776,297.954208757825,0.05117003465728433,,,0.00021686643376751734,2.412330905460952e-05,5.723525345381587e-05,11831.507484318941,108523.71132876711,7475808.571696502,301.797853458249,1303421.312625426,0.15735220655065982,0.01995046649221866,0.16700384981811572,-0.23865261202900306,0.9711050050183729,0.001969881411777535,0.001086379025523479,0.002569881411777535,7.387055294165756e-05,two-phase,False,
2.089317151515924,1.5065264310498878,2928.5619245086564,3953.944505710362,1.1576828952607494,4577.413923071104,8760872.793115314,1014.6269078481093,803.1966163351003,297.97613173358934,5630053.613110279,235780.48776405526,651.5622337797566,18.071571974892272,192194.82656257873,3.0545933513141756,0.037228745769428744,14691.526741755917,0.7100741285971844,17340.6919555635,20.718111701076307,297.97613173358934,0.04805006660444179,1112570.0294506606,7.874446157282394,0.00021846396607477314,2.413347351409564e-05,5.766782563017418e-05,11774.753803872456,108032.48824371044,7422460.260005982,301.8106191376123,1298424.6728729901,0.15766058301741223,0.020026023093371273,0.16732134763145814,-0.23729776031924785,0.9714369629304151,0.001979376134301986,0.0010878178951367916,0.0025793761343019857,7.422660503632447e-05,two-phase,False,
2.096310919261103,1.5099231937978221,2927.9926674826047,3927.3847058340807,1.1570658535295923,4544.242736794978,8699834.554756658,1013.5186706792142,803.4775665476061,297.9976858737665,5632745.864780038,235382.0791387343,656.805107779896,17.84221895504029,191637.82147612254,3.057154873726345,0.03721381069738469,14579.983262541498,0.7114463762785865,17211.04021619847,20.709838178401274,297.9976858737665,0.044941304011301565,1118882.2085601196,7.775469560779239,0.0002200586671796703,2.41431147695524e-05,5.810224062220438e-05,11718.860543797742,107548.47494102256,7369888.199776056,301.8231764562905,1293523.7165249465,0.15796906457389331,0.020101149483430673,0.16763884544480057,-0.23594263484828726,0.9717669849613373,0.001988816794906039,0.0010892386806987593,0.002588816794906039,7.458062980897646e-05,two-phase,False,
2.1032178057514614,1.5132889003501615,2927.4311356994413,3901.2511585401166,1.1564514950667932,4511.607734924777,8639683.186342167,1012.4412487326351,803.7736541119621,298.01888760504704,5635395.039611965,234984.9478932148,662.1031322586069,17.616305466349385,191086.8354998201,3.0596834056944053,0.037199101569916855,14469.60966711691,0.7128153919923227,17082.75187600044,20.70202419797822,298.01888760504704,0.04184289078616872,1125138.1718833013,7.678775284888538,0.0002216504755630474,2.4152227589842665e-05,5.853857781572653e-05,11663.811028094347,107071.56161189101,7318074.0586389145,301.8355346679285,1288713.2712601577,0.15827765060297874,0.02017584558607905,0.16795634325814301,-0.2345871580389599,0.9720950906589355,0.001998203383999316,0.0010906416509964241,0.0025982033839993157,7.493262689997435e-05,two-phase,False,
2.110039389839115,1.5166239060565299,2926.8771843370337,3875.53539779935,1.155839814545859,4479.498115458313,8580403.608556943,1011.3939343392708,804.0842972599146,298.0397373244055,5638001.307030656,234589.082804114,667.4547015054253,17.393823212081422,190541.7709686606,3.0621785989457635,0.03718461422380178,14360.407534348742,0.7141808378607836,16955.82620164999,20.694656865547525,298.0397373244055,0.0387563061324932,1131334.9068864477,7.584317920651024,0.00022323929472123163,2.4160825823229776e-05,5.897677813557023e-05,11609.589080057944,106601.59623466634,7267006.111214077,301.8476936998192,1283992.9928713539,0.15858634050486195,0.02025011125451999,0.16827384107148544,-0.23323122410679123,0.9724213058657486,0.0020075358831348356,0.0010920270677598322,0.0026075358831348355,7.528259561755634e-05,two-phase,False,
2.1167771972378047,1.519928555289609,2926.330673101896,3850.2291781699287,1.1552305798059055,4447.902485882862,8521975.476497015,1010.3769165740048,804.410156832402,298.06025141443087,5640566.487859526,234194.47297363376,672.863443332792,17.17462743228468,190002.6101144305,3.064642031965472,0.03717034447512288,14252.328377768908,0.7155432320146149,16830.210463774994,20.68774468071527,298.06025141443087,0.035680008829868166,1137477.976264692,7.4919916291319435,0.0002248250727559533,2.4168898433191256e-05,5.941696345107388e-05,11556.178952044898,106138.47746779045,7216665.126069153,301.8596628137298,1279358.3814178617,0.15889513367893138,0.020323946345287985,0.16859133888482786,-0.2318748435486785,0.9727456280699883,0.0020168142742841904,0.0010933951872172368,0.0026168142742841903,7.563053528565714e-05,two-phase,False,
2.123432703021679,1.5232031819564678,2925.791466030532,3825.324467928142,1.1546236701199246,4416.810176558739,8464381.606458543,1009.3899753390344,804.7513102768223,298.08043823444035,5643091.488770278,233801.1077013224,678.3304474374164,16.95864508952812,189469.2975876988,3.0670743446282183,0.03715628830459438,14145.348470734938,0.7169026844992311,16705.87766835453,20.681286217062848,298.08043823444035,0.03261395993879309,1143568.5828508185,7.40172625707989,0.0002264077377169802,2.417644602720507e-05,5.985917171501092e-05,11503.565311511953,105682.08436187437,7167036.045010644,301.87144660980005,1274806.9229407213,0.15920402952378565,0.020397350718251984,0.16890883669817028,-0.23051802687257694,0.97306805480746,0.002026038539837993,0.0010947462602354024,0.0026260385398379927,7.597644524392474e-05,two-phase,False,
2.1300073339720473,1.5264481099783351,2925.259431302302,3800.8134424502905,1.1540190268798711,4386.2110302084175,8407606.67327169,1008.4326723143311,805.1075223619877,298.10030612617237,5645576.914095062,233408.97641375742,683.85557770298,16.74583581823644,188941.77962352446,3.069476190995235,0.03714244179168032,14039.457281698194,0.7182590861250796,16582.814610988116,20.675274739112023,298.10030612617237,0.02955879301586254,1149605.8568173745,7.3134688931976415,0.00022798720652355013,2.4183475494723916e-05,6.030339381213243e-05,11451.733227599334,105232.29965269072,7118106.153855449,301.88304969140836,1270335.6531383034,0.1595130274372484,0.02047032423661883,0.1692263345115127,-0.22916078459721295,0.9733885836616277,0.0020352086626063085,0.0010960805324555967,0.0026352086626063084,7.632032484773657e-05,two-phase,False,
2.136502470783344,1.5296636537411794,2924.734441063006,3776.6884778350395,1.1534164962784483,4356.094791639677,8351633.381447009,1007.504954350351,805.4790835829787,298.119855426583,5648023.971849254,233018.06877173448,689.4409279339753,16.536105845060224,188419.96533345513,3.0718472686982174,0.03712880117577065,13934.623497735596,0.7196126912334625,16460.986452921246,20.66971262077543,298.119855426583,0.026513949368698164,1155592.8165990545,7.227142001476026,0.00022956341581896342,2.4189983149424276e-05,6.074970068531556e-05,11400.668158232753,104788.98653430394,7069859.822461107,301.89447199694496,1265945.9688083923,0.1598221268163838,0.020542866766936653,0.16954383232485512,-0.2278031272516253,0.9737072122637174,0.0020443246258190794,0.0010973982444254353,0.0026443246258190793,7.666217346821548e-05,two-phase,False,
2.1429194501386135,1.5328501185192782,2924.2163712583956,3752.942144756362,1.1528159680431105,4326.451631617093,8296445.839487854,1006.6066194565706,805.8660677549174,298.13909445196316,5650433.490433134,232628.37462044126,695.0876627255407,16.329387710918013,187903.80426336377,3.074188251128889,0.03711536272551361,13830.825510846831,0.7209635971772129,16340.368496706733,20.6645985805058,298.13909445196316,0.023479381003584335,1161530.5731241894,7.142683999417042,0.0002311362948546893,2.4195969645966464e-05,6.119813027481858e-05,11350.355937721168,104352.0349019406,7022283.174903548,301.905718134496,1261635.2938296034,0.16013132705751137,0.020614978179098045,0.16986133013819757,-0.22644506537469472,0.9740239382928173,0.0020533864131265286,0.0010986996317267148,0.0026533864131265284,7.700199049224483e-05,two-phase,False,
2.149259566663913,1.5360078008737479,2923.7051014769463,3729.5672025375065,1.1522173235009319,4297.271939924623,8242028.288612219,1005.7375155678292,806.2686084142875,298.1580394844066,5652806.344843802,232239.8839982357,700.7972489911922,16.125609484192328,187393.28591720256,3.0765008012408885,0.037102122734716934,13728.04026392114,0.7223119354895767,16220.934561488357,20.659932433148295,298.1580394844066,0.020454870227159958,1167420.3591395093,7.060034737348005,0.00023270577565950843,2.4201434424720756e-05,6.164872906732476e-05,11300.782764828262,103921.36098001615,6975362.348793284,301.91679738429076,1257397.7952446819,0.16044062755622127,0.020686658346343083,0.17017882795154,-0.22508660951488682,0.9743387594759293,0.0020623940085995325,0.0010999849250993789,0.0026623940085995323,7.733977532248247e-05,two-phase,False,
2.1555240747702706,1.5391369890278648,2923.2005148012236,3706.5565934368847,1.1516204670496146,4268.546435279613,8188365.8396064965,1004.8974194127079,806.686731810642,298.17669082025964,5655143.314871234,231852.58711031175,706.5706468434621,15.92471360303941,186888.3240655288,3.078784649038643,0.03708907771332687,13626.249061541395,0.7236577671704779,16102.663034261237,20.655712208732396,298.17669082025964,0.017440524896966986,1173263.0572155784,6.9791388974944475,0.00023427178669885887,2.4206379085230493e-05,6.210152928570415e-05,11251.935191296436,103496.8381071929,6929084.468829575,301.9277096922083,1253234.2491361706,0.16075002770738955,0.020757907145262378,0.1704963257648824,-0.22372777022972398,0.9746516735880753,0.0020713473967300107,0.0011012543505617585,0.0026713473967300105,7.76755273773754e-05,two-phase,False,
2.1617141903910557,1.5422379632208116,2922.702497667282,3683.903437137305,1.1510252952461397,4240.266041389235,8135443.727411521,1004.0861542582936,807.1205199144833,298.19505672803626,5657445.227423512,231466.4743368874,712.409114091689,15.72663781132066,186388.8725384623,3.081040508092935,0.03707622419158054,13525.431852385329,0.7250011849004208,15985.530919350098,20.651936959751183,298.19505672803626,0.014436285113896453,1179059.6814549202,6.899942263628805,0.00023583425903917355,2.4210804099124274e-05,6.255657100444028e-05,11203.800110803812,103078.36583936943,6883436.670271929,301.9384596751121,1249142.1590266917,0.16105952690519332,0.02082872445579981,0.17081382357822483,-0.22236855808549813,0.974962678452348,0.002080246562431266,0.0011025081295272057,0.002680246562431266,7.800924609117248e-05,two-phase,False,
2.167831092622045,1.5453109960413933,2922.2109397315403,3661.6010254302128,1.150431647048829,4212.421698521361,8083246.1627097605,1003.3037786685509,807.5703690328337,298.2131454611602,5659713.148085867,231081.5362958391,718.3153213035321,15.531291645136374,185894.8865238946,3.0832691049251157,0.03706355878170309,13425.557234991215,0.7263424909664761,15869.503343898954,20.648611235439166,298.2131454611602,0.011441407961674779,1184813.2187716898,6.82238013101319,0.00023739313667266951,2.4214703560394953e-05,6.301394431379297e-05,11156.364748334998,102665.8467453096,6838404.558117719,301.949051952634,1245119.4277689364,0.161369124543126,0.020899110161255296,0.17113132139156725,-0.22100898365677793,0.9752717719400055,0.0020890914910383336,0.001103746478917255,0.0026890914910383335,7.834093091393751e-05,two-phase,False,
2.173875925270793,1.5483563527430904,2921.7257337446517,3639.6428170871204,1.1498395516641757,4185.005265017192,8031762.051516874,1002.5496412663358,808.035693195304,298.2309572865935,5661947.195002339,230697.7636327226,724.28757031648,15.338681906543705,185406.28437566388,3.0854701921942596,0.03705107824117874,13326.63154846603,0.7276813214991779,15754.585012241041,20.64572266196527,298.2309572865935,0.008457352904460385,1190520.4708676003,6.746429186273185,0.00023894832543200922,2.4218091475244342e-05,6.347358557670782e-05,11109.616649947893,102259.16350595502,6793979.877118414,301.95948647608463,1241165.8301020365,0.1616788200140127,0.02096906414828733,0.17144881920490967,-0.21964905752604594,0.9755789519705311,0.0020978821683082993,0.0011049696112714266,0.002697882168308299,7.867058131156123e-05,two-phase,False,
2.179849798321467,1.5513742915417548,2921.246775431897,3618.022432910668,1.1492487186879887,4158.007645206985,7980973.2323766295,1001.8243228117219,808.5175871246813,298.24850840563397,5664149.044050947,230315.14737082613,730.3317082131624,15.148655807355656,184923.06222204707,3.0876455030159597,0.037038779273719256,13228.598520248024,0.7290184401610635,15640.714997686408,20.64328799514169,298.24850840563397,0.005481842158262201,1196188.5036689895,6.672002955969833,0.00024049979829948584,2.4220947753946604e-05,6.393569604381393e-05,11063.543672919299,101858.24732955369,6750144.779671111,301.9697725405018,1237276.9288357142,0.16198861271002543,0.02103858630691543,0.1717663170182521,-0.21828879028332165,0.9758842165116947,0.002106618580420609,0.0011061777348537881,0.0027066185804206088,7.899819676577283e-05,two-phase,False,
2.1857537893207426,1.554365063897102,2920.773963379697,3596.733650958149,1.1486592574154924,4131.421404630901,7930870.980457436,1001.1268967387241,809.0150745162662,298.2657910951705,5666318.387228144,229933.67847287338,736.4443390984716,14.961258293792095,184445.10313689755,3.0897938179673274,0.037026658855572915,13131.479720028012,0.7303532183682818,15527.91406252194,20.64128820576647,298.2657910951705,0.0025171813884593114,1201811.9548776725,6.599094765424169,0.0002420474461595959,2.4223294351382442e-05,6.440015033400994e-05,11018.133976253246,101462.96384041519,6706893.857262958,301.9799054295591,1233455.1892219686,0.1622985020226984,0.021107676530522448,0.17208381483159454,-0.21692819252569656,0.9761875635796301,0.002115300713977357,0.0011073710537563876,0.0027153007139773568,7.932377677415089e-05,two-phase,False,
2.191588944689986,1.5573289147791045,2920.3071989278437,3575.770401930631,1.2291908190569338,4395.304149108654,9682579.014821082,717.3699990563259,400.76062578195905,298.2442228125366,5668370.506379156,229466.43159507905,742.2084416081792,14.784763142493867,183788.9011076939,3.082513539785885,0.03701503571606648,100906.61723289733,0.28378763601545964,94449.07092291467,15.29104921102628,298.28214455522647,-0.001015758580061558,1209109.9626486995,8.008021862304599,0.00022751554069421907,3.2698868017470846e-05,1.0587716641661384e-05,10973.37601153642,100906.61723289733,10344583.434528973,301.9894972939728,1229843.3752246343,0.1626084873429434,0.021176334715856775,0.17240131264493697,-0.2155672091003115,0.976489005755161,0.0021239285560035615,0.0011085497679996588,0.0027239285560035614,7.964732085013356e-05,liquid,True,-102.47848122673258
2.197356277447112,1.5602660811245572,2919.8463863482934,3555.126777302376,1.2289273201266262,4368.992423140618,9628705.114890195,715.9732315469232,400.93691768765837,298.1267523890668,5669572.503578483,229000.2802984769,743.8395350419371,14.693032604686838,182688.460056723,3.053386353671651,0.03700438645155272,99964.73534477247,0.28502040086987257,93655.18562221492,15.281897183433271,298.29171702791695,-0.004396833670419391,1216258.0024105571,7.916663319630067,0.00022888572539138383,3.271845072626439e-05,1.0677465357164386e-05,10929.25854102628,99964.73534477247,10277390.96482602,301.9951135853232,1227732.8522300555,0.16291856807022476,0.02124456072126635,0.1727188104582794,-0.21420567305456464,0.9767885798018121,0.0021325020886987017,0.00110971407291924,0.0027325020886987015,7.996882832620132e-05,liquid,True,-102.64520065974142
2.203056766024719,1.5631767908459806,2919.391432934489,3534.797033195243,1.2286675003055672,4343.090234863534,9575643.430342644,714.591874897324,401.105028281882,298.00818893343677,5670758.1556666065,228535.2114150229,745.4595859770894,14.602764323580423,181597.35590795154,3.025337793069781,0.036993919646398234,99046.2531328173,0.286237715573175,92880.08721566157,15.272799375358172,298.30115250653455,-0.007770372958810567,1223370.2747783288,7.82726507890485,0.000230250799758348,3.2737940682094124e-05,1.0766570424057252e-05,10885.770646777275,99046.2531328173,10211355.64729951,302.00065073532,1225655.606107292,0.16322874361864312,0.02131235433745138,0.1730363082716218,-0.2128439058530185,0.9770862151014267,0.002141021285761389,0.0011108641587868086,0.0027410212857613887,8.028829821605209e-05,liquid,True,-102.80387577534748
2.2086913838602653,1.5660612776144562,2918.9422466376027,3514.7754848634513,1.2284113009655835,4317.589925963051,9523379.430044562,713.2257257662177,401.2651734444689,297.8885864720885,5671927.789160641,228071.2119509458,747.068428752,14.51393351428199,180515.73573446955,2.9983164237045425,0.036983631982119895,98150.39033260904,0.287439777608716,92123.1751691412,15.263755880619115,298.31046698113016,-0.011135991896533793,1230445.6369859376,7.7397807296653465,0.00023161069419461993,3.275733731006968e-05,1.0855031843658958e-05,10842.90150552564,98150.39033260904,10146452.362592043,302.0061180775409,1223605.4375071637,0.16353901334297946,0.021379715626923725,0.17335380608496423,-0.21148209591159184,0.9773818716903031,0.0021494861550470953,0.0011120002166446878,0.002749486155047095,8.060573081426608e-05,liquid,True,-102.95470646333877
2.2142610646814256,1.5689197628379032,2918.498738835738,3495.0566305764946,1.2281586558668267,4292.484053587268,9471898.843800556,711.8746196652073,401.4176135280981,297.76796853622784,5673081.788076577,227608.26908638258,748.6662035789109,14.426510242583078,179443.599596641,2.9722700899104106,0.03697352048585092,97276.31872737932,0.2886269065587707,91383.80401151862,15.254767417968058,298.3196525529021,-0.014493465072330692,1237484.557627413,7.654155185548905,0.00023296533837191332,3.2776638692705826e-05,1.094285810069751e-05,10800.640654206945,97276.31872737932,10082655.90220889,302.0115109277494,1221586.1483517808,0.16384937663179797,0.021446644499992375,0.17367130389830665,-0.21012000877911652,0.9776756015727629,0.0021578966852849155,0.0011131224311740728,0.0027578966852849153,8.092112569818433e-05,liquid,True,-103.09796097519603
2.219766716701033,1.571752462572154,2918.060823195692,3475.635100457479,1.2279094862464413,4267.765310582841,9421187.445536122,710.5384408907744,401.5626748813488,297.6463342953414,5674220.59405993,227146.37018822422,750.2534119908696,14.34045844961014,178380.83479467453,2.947143846107726,0.03696358245214653,96423.14699266493,0.2897995738743139,90661.27032965116,15.245835567001588,298.32871724306256,-0.01784359998657972,1244489.6886854887,7.570321820414113,0.0002343146652231052,3.279584105460318e-05,1.1030068256973735e-05,10758.977881333303,96423.14699266493,10019940.58326443,302.01683394798823,1219595.031785478,0.16415983287311778,0.02151314087034093,0.17398880171164907,-0.20875765508694966,0.9779674030572788,0.002166252865628012,0.0011142309834446635,0.002766252865628012,8.123448246105046e-05,liquid,True,-103.23395763828626
2.2252092235756815,1.5745595877151484,2917.6284155928493,3456.505652737967,1.2276637301089508,4243.426622782967,9371231.67251223,709.217028861648,401.70059839822954,297.5237069759508,5675344.564671829,226685.5027906287,751.8301953709338,14.255749882935747,177327.43709947713,2.9228922376305824,0.03695381503564691,95590.1321037282,0.29095807488788267,89954.99428492396,15.23696092984376,298.3376611102711,-0.021186348573460728,1251461.579621672,7.488229622954336,0.0002356586053900397,3.281494271083145e-05,1.111667015210511e-05,10717.903219646749,95590.1321037282,9958282.813211376,302.02208712762615,1217632.5515196088,0.16447038145442858,0.021579204655029015,0.17430629952499152,-0.20739504547073295,0.9782572745010346,0.002174554685653789,0.0011153260509989388,0.0027745546856537888,8.154580071201708e-05,liquid,True,-103.36293728795846
2.2305894453174613,1.5773413441915993,2917.2014340347755,3437.663170138206,1.2274213396654405,4219.461133609582,9322018.55246342,707.910186342016,401.83155389010784,297.40013669924724,5676453.979321587,226225.654578493,753.3963549570803,14.172363416383604,176283.51738563957,2.8994776183718893,0.036944215224100886,94776.65922301303,0.2921025475307397,89264.50299363786,15.228143300607801,298.34648421238984,-0.024520980683824734,1258398.818279447,7.40784115262362,0.00023699708762207262,3.283394371394204e-05,1.1202661376731946e-05,10677.406939030481,94776.65922301303,9897660.8392745,302.02727045618,1215699.049817639,0.16478102176270562,0.02164483577449352,0.17462379733833394,-0.20603219057002076,0.9785452143099564,0.002182802135364051,0.0011164078079340485,0.0027828021353640507,8.185508007615191e-05,liquid,True,-103.485069677718
2.2359082191616237,1.5800979331287002,2916.7797985883003,3419.1026563679143,1.2271822314708927,4195.862027469634,9273534.64790026,706.6178373064663,401.95589485325723,297.2755927534055,5677549.30987428,225766.81342258753,754.9527132224556,14.09025936771884,175248.82707373722,2.876849726912257,0.03693478074309182,93981.86711753393,0.29323356579623905,88589.10857034479,15.219384760084566,298.3551945605195,-0.02784899302809134,1265305.944195027,7.329084867138575,0.00023833004837937015,3.2852839183837136e-05,1.1288069336491214e-05,10637.47953966746,93981.86711753393,9838050.241771575,302.03238859752804,1213791.884084158,0.16509175318442573,0.021710034152549858,0.17494129515167636,-0.20466910102777686,0.9788312209387692,0.0021909952051851617,0.0011174764249813965,0.0027909952051851615,8.216232019444357e-05,liquid,True,-103.60070029273771
2.2411663603927674,1.582829551023412,2916.3634313098883,3400.819232743121,1.2269463725285532,4172.62282123951,9225767.855709322,705.3397536488587,402.07371847757827,297.15015329709445,5678630.751397602,225308.96732560257,756.498741203865,14.009424164501693,174223.59316052202,2.8549804492099735,0.03692550845807819,93205.2934185963,0.2943511088352025,87928.46335177096,15.21068432621993,298.3638001600556,-0.03116915769690901,1272179.6622411155,7.251937858727353,0.00023965741521371017,3.2871630840310597e-05,1.1372881566226747e-05,10598.11174543654,93205.2934185963,9779431.679172207,302.03744621658,1211907.9979385564,0.16540257510558243,0.021774799716392925,0.17525879296501878,-0.20330578749008882,0.9791152928910032,0.002199133885968161,0.0011185320695839898,0.002799133885968161,8.246752072380604e-05,liquid,True,-103.70991831752269
2.2463646631319922,1.585536389901837,2915.9522561791164,3382.8081349145873,1.2267136861922023,4149.737036862042,9178705.431019323,704.0758530516309,402.1853454342005,297.0237829100603,5679698.751796909,224852.10446544248,758.0352256725436,13.929820330140922,173207.54652828,2.833825844519458,0.03691639624650119,92446.15681377376,0.2954557092229414,87281.94228677722,15.202043786436302,298.3722931076651,-0.03448261533761534,1279024.270552346,7.176334055846731,0.0002409791249703336,3.289031442246695e-05,1.1457123590517244e-05,10559.294497536359,92446.15681377376,9721782.299888143,302.04243862994105,1210051.284627862,0.16571348691170165,0.021839132396598068,0.1755762907783612,-0.20194226060570156,0.9793974287190358,0.00220721816898889,0.0011195749059716312,0.00280721816898889,8.277068133708337e-05,liquid,True,-103.8130523265354
2.2515039010872404,1.5882186374711245,2915.546199035085,3365.0647097036767,1.2264841308758319,4127.198465821847,9132335.618462317,702.8259496724709,402.29091944754134,296.89653155281894,5680753.552142388,224396.21315743928,759.5619688012173,13.851429350699325,172200.78562274124,2.813357311372657,0.03690744131912143,91703.96204240047,0.2965474734277927,86649.16416218036,15.193462824662088,298.38068140499485,-0.0377888223174807,1285838.404311574,7.102242076329711,0.0002422951084812614,3.2908890209570797e-05,1.1540792224242465e-05,10521.018948328147,91703.96204240047,9665082.946979655,302.0473705032032,1208218.763576987,0.16602448798785696,0.021903032127121823,0.17589378859170363,-0.20057853102565237,0.9796776270241101,0.0022152480459480817,0.0011206050952340136,0.0028152480459480815,8.307180172305306e-05,liquid,True,-103.9102380425465
2.256584828268971,1.590876477264365,2915.145187515602,3347.5844120416186,1.2262576567513908,4105.001016887637,9086646.743340276,701.5898909496432,402.39062751189016,296.76841848722734,5681795.450728375,223941.2818612258,761.0790822279373,13.774227541112326,171203.27372034438,2.7935442971952487,0.03689864119731052,90978.15884637085,0.2976266303734298,86029.69798916572,15.184941698946917,298.38895714984903,-0.0410875525288883,1292622.460018949,7.029621582783787,0.00024360529897217618,3.292735724067187e-05,1.1623892950617315e-05,10483.276455388546,90978.15884637085,9609314.110350357,302.05223715277384,1206414.0895490288,0.1663355777186852,0.021966498845302575,0.17621128640504607,-0.19921460940276933,0.9799558864563763,0.002223223508971446,0.0011216227953917996,0.002823223508971446,8.337088158642923e-05,liquid,True,-104.00167036204112
2.2616081796730825,1.5935100887788534,2914.749150998983,3330.3628020083106,1.226034200967769,4083.138696893039,9041627.114201864,700.3675721704558,402.48472297380266,296.63943902534635,5682824.800671821,223487.29919232888,762.5870498315726,13.698185116140484,170214.87380276862,2.774352415441294,0.03688999365614864,90268.12843460827,0.2986935615354622,85423.05123962711,15.176481523837001,298.39714423628004,-0.04438000098453802,1299379.088076128,6.958421293041568,0.0002449096330626546,3.294571269465014e-05,1.1706442060876743e-05,10446.05857576433,90268.12843460827,9554455.685656836,302.0570525954993,1204627.9307105225,0.16664675548840208,0.022029532491861094,0.1765287842183885,-0.19785050639140564,0.9802322057148828,0.0022311445506097345,0.0011226281614657352,0.0028311445506097343,8.366792064786504e-05,liquid,True,-104.08757873752262
2.2665746719329594,1.5961196476081123,2914.358020548347,3313.395541966986,1.2258137288958164,4061.6057446053255,8997265.852953698,699.1588065665428,402.5733185325972,296.5096386652673,5683841.817990089,223034.25389186238,764.0856348498722,13.623285906253392,169235.65606119964,2.7557593443776445,0.036881496094496855,89573.45588812754,0.2997483349309389,84828.90527848889,15.16808174364199,298.40522680936397,-0.04766507628698199,1306106.6438436015,6.888615026470279,0.0002462080425526806,3.296395737118078e-05,1.1788434575656163e-05,10409.35706042094,89573.45588812754,9500490.349928757,302.06180747334395,1202867.0878918974,0.1669580206808175,0.02209213301090095,0.17684628203173092,-0.19648623264697326,0.9805065835476066,0.002239011163838795,0.0011236213455438691,0.0028390111638387948,8.396291864395482e-05,liquid,True,-104.16809172323326
2.2714850039423005,1.5987053255680113,2913.971728858246,3296.6783937912014,1.2255961727270444,4040.396422142436,8953551.646428443,697.963518039965,402.65669376987864,296.3789795344215,5684846.897306398,222582.13485856957,765.575616658258,13.549496121828394,168265.34836687098,2.737731133376985,0.036873146667198535,88893.50322043759,0.30079143313797907,84246.7464683324,15.15974388427875,298.41321286012044,-0.05094429178866274,1312809.5023250284,6.82014536806095,0.0002475004666670173,3.298208754822828e-05,1.1869894588462132e-05,10373.163848877448,88893.50322043759,9447398.332650358,302.0665064538257,1201128.8354608794,0.16726937267935138,0.022154300349908757,0.17716377984507334,-0.19512179882549666,0.9807790187514731,0.0022468233420596014,0.0011246024968469344,0.002846823342059601,8.425587532723505e-05,liquid,True,-104.2434809097582
2.276339857450373,1.6012672908173204,2913.590210203536,3280.2072161807555,1.2253815089346813,4019.505268182005,8910474.29750084,696.7814979385594,402.73490829912737,296.24753833849195,5685840.179628786,222130.93110252314,767.0564502584059,13.476806121033315,167304.14422409493,2.7202515118204533,0.036864942601996784,88227.9669233266,0.30182279077162444,83676.34866740277,15.151466827802865,298.42110242984853,-0.0542162423021196,1319484.2462630938,6.752997864685508,0.0002487868365084376,3.300010524938104e-05,1.1950808274089561e-05,10337.47106402057,88227.9669233266,9395164.154638983,302.07114952947495,1199413.3263395445,0.16758081086704876,0.022216034459754334,0.17748127765841576,-0.19375721558330927,0.9810495101723475,0.0022545810790982725,0.0011255717617919528,0.0028545810790982723,8.454679046618522e-05,liquid,True,-104.31380586927884
2.281139897631157,1.603805707972997,2913.2134003903543,3263.977962063296,1.2251696831213654,3998.926845496209,8868023.211167915,695.612640537614,402.80817658807587,296.1153052648088,5686821.983066222,221680.63177480607,768.5285810056387,13.405189165001694,166351.8843646915,2.70329343152069,0.03685688190744951,87576.32906027813,0.3028427413877031,83117.29828976888,15.14325138959672,298.428903502849,-0.05748176282345651,1326133.2912129215,6.687128111426079,0.00025006709015601273,3.3018008295331844e-05,1.2031189903619528e-05,10302.271007090914,87576.32906027813,9343770.007392347,302.07574136902383,1197717.7319617956,0.1678923346265956,0.02227733529469069,0.17779877547175818,-0.19239249357653293,0.9813180567050642,0.0022622843692060714,0.0011265292840541116,0.002862284369206071,8.483566384522767e-05,liquid,True,-104.37927308522688
2.2858857736277907,1.6063207382204943,2912.841236709098,3247.986676078463,1.224960653547906,3978.655881443965,8826188.260944132,694.4568064022324,402.8766509335422,295.9822979510162,5687792.558140998,221231.22615325675,769.9921131191691,13.334625092771141,165408.52040504376,2.68683541532921,0.03684896240302367,86938.1710030436,0.3038514726858329,82569.26595913772,15.135097665951932,298.4366161161056,-0.06074081847683458,1332757.045276202,6.622503547985359,0.0002513411639000738,3.303579607053379e-05,1.2111043841601849e-05,10267.556152834746,86938.1710030436,9293199.538854545,302.0802819657838,1196042.3806265225,0.16820394334033445,0.022338202812353984,0.1781162732851006,-0.19102764346079243,0.9815846572934075,0.0022699332070594013,0.0011274752046269772,0.002869933207059401,8.512249526472755e-05,liquid,True,-104.44003481743658
2.290578119073622,1.6088125394193526,2912.4736578893126,3232.2294921416624,1.2247543805256282,3958.6872293646275,8784959.569603954,693.3138555085757,402.94047443123685,295.84853250797653,5688752.142658413,220782.70363898177,771.4471378175986,13.265094448032984,164473.99710830662,2.6708574636144564,0.036841181964253296,86313.09445965842,0.30484916102363724,82031.93827504835,15.127005679739195,298.44423236485375,-0.06399318320029045,1339355.8522244582,6.559092981162195,0.00025260899436111827,3.305346812090445e-05,1.2190373908355765e-05,10233.319144815163,86313.09445965842,9243436.899090622,302.08476663664464,1194390.8263628834,0.16851563639027953,0.022398636973763188,0.17843377109844305,-0.1896626758906962,0.9818493109301349,0.002277527587759762,0.0011284096618810826,0.002877527587759762,8.540728454099107e-05,liquid,True,-104.4962420663831
2.2952175525910974,1.6112812662043337,2912.1106040563795,3216.7026310844967,1.2245508228627942,3939.0158537994353,8744327.434194079,692.1836581519578,402.9997984272195,295.7140283686289,5689700.975550525,220335.05375643825,772.8937768680081,13.196577713703336,163548.27132533237,2.6553396867739316,0.036833538480157725,85700.7087996423,0.30583599407655776,81505.00694937127,15.118975593100938,298.4517681689402,-0.06723920373757143,1345930.2294670804,6.49686532239965,0.0002538705192149545,3.3071023689472654e-05,1.226918489340383e-05,10199.552790876354,85700.7087996423,9194466.538136661,302.0892047278856,1192756.883853198,0.16882741315813266,0.02245863774331979,0.17875126891178547,-0.18829741959687288,0.9821120515364624,0.0022850675068337126,0.001129332791620955,0.0028850675068337124,8.569003150626422e-05,liquid,True,-104.54803025827931
2.2998046693894167,1.6137270653427618,2911.7520173837547,3201.4024279392274,1.2243499343448192,3919.636852458738,8704282.324098546,691.0661090352655,403.05480129782256,295.57877038104715,5690639.338351389,219888.2661545488,774.3324364302035,13.129051095953447,162631.16848176828,2.6402609194454545,0.03682603019396098,85100.58178206114,0.30681225987464966,80988.12590910388,15.11100795395431,298.45921562165825,-0.07047933993005656,1352482.4111125187,6.435782271607228,0.00025512567557698946,3.308846117503088e-05,1.2347489076637467e-05,10166.250123146267,85100.58178206114,9146272.758644374,302.09359155675014,1191144.1754027114,0.16913927304728682,0.022518204973256503,0.1790687667251279,-0.186931999425204,0.9823728556871345,0.002292552945712267,0.001130244725375967,0.002892552945712267,8.597073546421002e-05,liquid,True,-104.59558567616432
2.304340065141459,1.616150088304535,2911.3978402215557,3186.3252515096206,1.2241516772025403,3900.545400748308,8664814.952461075,689.9610763272667,403.10561765193455,295.4427754693348,5691567.453250671,219442.33060204412,775.7632196229097,13.06249634847303,161722.63737358837,2.625603837098605,0.03681865508703059,84512.36011086593,0.30777812631636453,80481.01626153673,15.10310278297349,298.4665826964173,-0.07371375178649762,1359012.8191605904,6.375815467151367,0.0002563744033868066,3.31057801290789e-05,1.2425290415696668e-05,10133.404223603939,84512.36011086593,9098840.889095198,302.0979317939404,1189549.7464282108,0.16945121542466998,0.02257733870727124,0.1793862645384703,-0.1855666799721438,0.9826316742727744,0.0022999839098866684,0.0011311455951117449,0.0028999839098866683,8.624939662075007e-05,liquid,True,-104.63903495551727
2.308824319745907,1.6185504824922003,2911.048016364331,3171.4675581970273,1.223956024276408,3881.736823652441,8625916.44048565,688.868401320447,403.15233170619575,295.306090127547,5692485.479617607,218997.23697321533,777.1858999852288,12.996901181292387,160822.73614545361,2.6113554019729293,0.036811410929185606,83935.77142975602,0.30873363024767364,79983.46826203536,15.095259521334583,298.47386942495234,-0.0769417229446044,1365519.9188630048,6.316946623281767,0.0002576166405477923,3.312298137659276e-05,1.2502583617953162e-05,10101.008341601808,83935.77142975602,9052157.482703712,302.1022254337226,1187973.79216933,0.16976323966239223,0.02263603896559576,0.17970376235181273,-0.18420135775166546,0.9828885286757817,0.002307360401899314,0.0011320355299620157,0.0029073604018993136,8.652601507122428e-05,liquid,True,-104.67846228124341
2.313257996367246,1.6209283905733411,2910.70249112084,3156.825894352364,1.2237629394210356,3863.206535713088,8587577.946447017,687.7879596144671,403.19507312050666,295.16873128715866,5693393.631844934,218552.97525482203,778.6005799317197,12.932248137440611,159931.4095043308,2.5974997714762496,0.036804295787945834,83370.48629815807,0.30967893344705255,79495.22126459723,15.087478208330484,298.48108377471004,-0.08016341780083651,1372004.1182321461,6.259148811821555,0.00025885232662442044,3.314006443594578e-05,1.2579372496763458e-05,10069.055899632162,83370.48629815807,9006208.651657281,302.1064771478741,1186413.3595825562,0.17007534514105782,0.022694305726233897,0.18002126016515516,-0.18283597156491532,0.9831434318053055,0.0023146824189860834,0.0011329146560079154,0.0029146824189860833,8.680059071197813e-05,liquid,True,-104.71398934579662
2.3176416453590374,1.6232839524371954,2910.3612110032777,3142.3968825029096,1.2235723732377293,3844.950011178927,8549790.557869688,686.7196726187053,403.234036197121,295.03064924745905,5694292.215387968,218109.5355582036,780.0079580141022,12.868510328342731,159048.3590689872,2.5840168389098355,0.036797308342586696,82816.07245216322,0.3106144140413374,79015.92361288282,15.079759711625913,298.488209903575,-0.08337978460624486,1378469.4668066811,6.202379351699289,0.00026008140472374644,3.315702700584276e-05,1.2655676910128014e-05,10037.540463893998,82816.07245216322,8960979.533192653,302.1106775760833,1184875.3303159536,0.17038753124103642,0.02275213897056819,0.1803387579784976,-0.18147053205218572,0.9833963829487562,0.002321949958807438,0.0011337830970278124,0.002921949958807438,8.707312345527894e-05,liquid,True,-104.74582629354597
2.3219758046516965,1.6256173052734533,2910.0241236931015,3128.1772193990114,1.2233843079383182,3826.962922662872,8512546.135812424,685.6633687450926,403.2692627935887,294.89192363083174,5695181.325564552,217666.9080869984,781.4075096886301,12.80568156370921,158173.7618540288,2.5708981825042523,0.03679044619395272,82272.35066350666,0.31153998904683644,78545.44318557781,15.072103058118179,298.4952637133591,-0.08658981452936348,1384912.6134842928,6.146630518726928,0.0002613038119805408,3.317387083089832e-05,1.2731483322811219e-05,10006.455740563617,82272.35066350666,8916458.451576136,302.11483606788187,1183353.3408424226,0.17069979734247884,0.022809538683358714,0.18065625579184003,-0.18010504984991807,0.9836473814424347,0.0023291630194482737,0.0011346409745458758,0.0029291630194482735,8.734361322931026e-05,liquid,True,-104.7739990802296
2.326261000124849,1.62792858364796,2909.6911780081346,3114.1636741203915,1.2231987029143674,3809.2409668471037,8475836.279065682,684.6189515899923,403.3009058512244,294.75253751986696,5696061.209277591,217225.08315826464,782.79963395031,12.743740721800076,157307.44077882645,2.558127639653288,0.03678370781017752,81738.97094144109,0.3124559180081755,78083.49779327991,15.064508671683921,298.5022452314046,-0.0897941647757972,1391335.7819378506,6.091869690334959,0.0002625194910753301,3.3190594588712175e-05,1.2806803335673096e-05,9975.795572182758,81738.97094144109,8872631.924777668,302.1189526183327,1181847.7255149307,0.1710121428253325,0.02286650485274186,0.18097375360518245,-0.1787395355904426,0.983896426671483,0.0023363215994177634,0.001135488407879389,0.0029363215994177632,8.761205997816612e-05,liquid,True,-104.79866061981983
2.3304977459650154,1.630217919575475,2909.3623238708965,3100.3530862400403,1.2230191848504843,3791.7913042819773,8439720.845984168,683.5750458491875,403.3115458636555,294.61247294410754,5696932.097973363,216784.04764293943,784.1847238787859,12.682667273811115,156553.195710149,2.5449134141648253,0.0367768369396919,81230.70762537417,0.31333174697003235,77642.98829145216,15.056760595689141,298.5091544847679,-0.09299349325855265,1397741.1789098151,6.038114189757812,0.0002637275946254543,3.3207674175489885e-05,1.2879463065566882e-05,9945.553934160083,81230.70762537417,8829702.611477029,302.12302722255146,1180358.7945214862,0.17132456706935675,0.0229230374702289,0.18129125141852487,-0.17737399990147742,0.9841435180698751,0.002343425697649183,0.00113632551418483,0.0029434256976491827,8.787846366184437e-05,liquid,True,-104.80239137888759
2.3346865450093137,1.6324854425896276,2909.0375122780865,3086.7423640436605,1.222835996918301,3774.5796759652826,8404011.244791469,682.5614629568358,403.3479096670173,294.47180769938626,5697794.0818035435,216343.79795339215,785.5622355190073,12.62245622694765,155634.80290818657,2.53331506815552,0.03677050748699314,80707.20477627932,0.31424899341125334,77188.75945145419,15.049432854837555,298.51599150022014,-0.09618640005460635,1404125.3694670016,5.985228546922121,0.0002649301606659734,3.322384337156452e-05,1.2955254199012272e-05,9915.72493138181,80707.20477627932,8787085.856744664,302.12705987570666,1178886.6438915832,0.17163706945413856,0.022979136530704512,0.1816087492318673,-0.17600845340582422,0.9843886551203694,0.0023504753134997217,0.0011371524085027679,0.0029504753134997216,8.814282425623957e-05,liquid,True,-104.83191816679715
2.3388278890758722,1.6347312798102105,2908.716695271192,3073.32848280277,1.222655272037192,3757.621272200871,8368814.74745864,681.5591024153919,403.3804956143879,294.33049108016104,5698647.439635282,215904.32460635138,786.9328693058462,12.56308279974172,154727.5038610028,2.5219968100561267,0.03676429299904547,80193.80593615677,0.31515619864938293,76742.91058678472,15.042160940588246,298.52275630424714,-0.09937422932866798,1410492.4274208157,5.933257481404281,0.00026612580873917917,3.323990495613237e-05,1.3030519592674947e-05,9886.302794927675,80193.80593615677,8745134.900954805,302.1310505730197,1177431.654562705,0.1719496493591079,0.023034802032425136,0.1819262470452097,-0.17464290672089175,0.9846318373544896,0.002357470446750278,0.0011379692038016003,0.0029574704467502776,8.840514175313541e-05,liquid,True,-104.85773931014074
2.342922259281549,1.636955556007921,2908.399825908149,3060.108483099647,1.2224769842853822,3740.9121900057717,8334123.828491078,680.5678413038222,403.40939312313253,294.1885695971465,5699492.293809968,215465.6182138562,788.296400722035,12.504537468215851,153831.2370221693,2.510951944707721,0.03675819157800915,79690.28445889542,0.3160534161460102,76305.26450396347,15.034944601540259,298.5294568522154,-0.1025564698351363,1416840.8105494159,5.882187869263387,0.00026731448085619383,3.3255859150207804e-05,1.3105255666180906e-05,9857.281878888383,79690.28445889542,8703838.495620642,302.1350039884483,1175990.7578241213,0.17226230616355323,0.023090033977017203,0.18224374485855213,-0.17327737045839622,0.9848730643524697,0.002364411097605234,0.0011387760110201743,0.002964411097605234,8.866541616019628e-05,liquid,True,-104.87993627091714
2.3469701263477956,1.6391583936668115,2908.0868582360054,3047.079469202312,1.2223011013938085,3724.4485912404475,8299930.996626636,679.5875802093756,403.43472224858954,294.04605638554176,5700328.81682415,215027.66948821253,789.6529051414299,12.446806176848792,152945.82157597173,2.5001717319348957,0.03675220165951871,79196.3680533412,0.3169408057600975,75875.60311794978,15.02778399238084,298.5360931672061,-0.10573309648211404,1423170.8222346557,5.831999129657623,0.0002684961211041833,3.3271705279600936e-05,1.3179466902496771e-05,9828.656657280942,79196.3680533412,8663185.042553894,302.13892011782764,1174564.1808556672,0.17257503924663703,0.02314483236947528,0.18256124267189458,-0.17191185522379873,0.985112335743245,0.0023712972666922274,0.0011395729391093176,0.0029712972666922272,8.892364750095853e-05,liquid,True,-104.89862908138343
2.3509719508940945,1.6413399130439328,2907.777747264623,3034.238607487895,1.2221275855676377,3708.226703405292,8266228.80919784,678.6182404828774,403.4566293630994,293.90293031394293,5701157.217575872,214590.46924609548,791.0027531450247,12.389870556192195,152070.9620838794,2.489645623286105,0.036746322018118775,78711.74341564364,0.3178186280459324,75453.67140445714,15.020679620892972,298.54265734479236,-0.10890456637583398,1429484.6124024095,5.782663721930881,0.0002696706754961051,3.328744188808384e-05,1.3253165570163743e-05,9800.421721058505,78711.74341564364,8623162.649791846,302.14279427801307,1173155.412729027,0.1728878479874111,0.023199197218160005,0.182878740485237,-0.17054637161613564,0.9853496512043687,0.0023781289550618857,0.0011403600950723135,0.0029781289550618855,8.917983581482071e-05,liquid,True,-104.91397201830705
2.354928183720793,1.6435002322269905,2907.4724489412733,3021.5831249127095,1.221956404753111,3692.242851981005,8233010.074173151,677.6597296192276,403.47523362612367,293.759205582683,5701977.65698413,214154.0084018378,792.3460339830403,12.333717032803866,151206.4805003739,2.4793653997711727,0.03674055117426218,78236.1557680224,0.31868704306865897,75039.26473635556,15.013631686855515,298.54916526309665,-0.11207126331860154,1435782.497538728,5.734162443327234,0.0002708380894998465,3.3303068200197805e-05,1.3326356588293074e-05,9772.571775211216,78236.1557680224,8583760.260255335,302.1466358227999,1171758.2445130672,0.17320073176483208,0.02325312853479599,0.18319623829857942,-0.16918093022745878,0.9855850104619954,0.002384906164187567,0.001141137584004352,0.002984906164187567,8.943398115703378e-05,liquid,True,-104.92606836302701
2.3588392660855058,1.6456394671921175,2907.1709201258177,3009.1103075274937,1.221787538655399,3676.493476176607,8200267.952175206,676.711922901341,403.49059896007384,293.61492549959064,5702790.244920075,213718.27795507156,793.682492083985,12.278337664180041,150352.33907175402,2.469326102628323,0.03673488731515329,77769.42473121031,0.31954607006479363,74632.24291521119,15.006639734199496,298.5556010908676,-0.1152320654102048,1442062.881786893,5.686484310596821,0.0002719983066690918,3.331858489682545e-05,1.3399034531711558e-05,9745.10163595507,77769.42473121031,8544967.91697609,302.15043538994286,1170379.2203736752,0.1735136899577769,0.023306626334469557,0.18351373611192184,-0.16781554164242787,0.9858184132908344,0.0023916288959650745,0.0011419055091309847,0.0029916288959650744,8.968608359869029e-05,liquid,True,-104.93499786920626
2.3627056299596996,1.6477577318542926,2906.873118567475,2996.817499036311,1.2216209494300365,3660.9750384412855,8167995.425338105,675.7747528119548,403.50287230941046,293.4700707942824,5703595.179852986,213283.26900637272,795.0125202588328,12.223714696771912,149508.2446824063,2.4595178130439135,0.036729329337495654,77311.25954867364,0.3203959723960527,74232.36810175292,14.999704358492835,298.56198070206835,-0.11838804712074914,1448327.9256573888,5.639603628874789,0.00027315127513837537,3.3333990327409346e-05,1.3471212431607527e-05,9718.006228005572,77311.25954867364,8506774.47680376,302.15420233398544,1169012.1973127064,0.1738267219450582,0.02335969063562631,0.18383123392526426,-0.16645021643807342,0.9860498595140706,0.002398297152712352,0.0011426639718456124,0.002998297152712352,8.99361432267132e-05,liquid,True,-104.94089160734211
2.3665276982857435,1.6498551381213185,2906.5790028816486,2984.702099397617,1.2214566093010253,3645.684106103865,8136185.792165874,674.8481245689363,403.51215322734674,293.3246529888895,5704392.611261266,212848.9727465322,796.3361841653821,12.16983577368203,148674.03825175567,2.449933595456083,0.03672387582651408,76861.43880534123,0.3212368838985397,73839.46250308174,14.992825595400117,298.5683041159257,-0.12153918682387324,1454577.8976806437,5.593502970957554,0.00027429694150563636,3.3349284083808915e-05,1.3542893814513673e-05,9691.280581933308,76861.43880534123,8469169.8066917,302.1579366514601,1167657.3731958019,0.17413982710543952,0.0234123214600687,0.18414873173860669,-0.16508496518331436,0.9862793490033257,0.0024049109371691757,0.0011434130717460332,0.0030049109371691756,9.018416014384408e-05,liquid,True,-104.94384911142106
2.3703058852197896,1.651931795943228,2906.288532527909,2972.761563466158,1.2212944921125266,3630.6173238250417,8104832.510915342,673.9319418926598,403.51853389538127,293.17868245583315,5705182.6822432885,212415.38045394784,797.6535388362064,12.116688964609834,147849.56784372643,2.440566944271602,0.03671852538427843,76419.75191950105,0.32206892842213525,73453.35710693552,14.986003414070549,298.5745634287594,-0.12468525353734293,1460813.0660319861,5.548165401429862,0.0002754352526876748,3.33644659076044e-05,1.3614081634746401e-05,9664.919831598643,76419.75191950105,8432144.073844869,302.1616336590948,1166318.1310745056,0.17445300481765094,0.023464518832953325,0.18446622955194913,-0.1637197984384962,0.9865068816786116,0.002411470252496816,0.00114415290667008,0.003011470252496816,9.043013446863061e-05,liquid,True,-104.94397046662186
2.3740405963669193,1.6539878133604944,2906.001667788639,2960.9933996742866,1.2211345704956875,3615.7714033518255,8073929.146186186,673.0261155450316,403.522112386988,293.03217133703043,5705965.533892603,211982.4834947203,798.9646571543502,12.064262324185156,147034.6772648709,2.431411301971211,0.036713276659986215,75985.99043344661,0.3228922387054302,73073.8840971559,14.979237880654852,298.5807665839544,-0.1278264331772987,1467033.6969403538,5.503574432560872,0.0002765661565532043,3.337953532640883e-05,1.3684779622093755e-05,9638.919211662738,75985.99043344661,8395687.603614155,302.1652980330058,1164991.4554302893,0.1747662544604043,0.023516282782788195,0.18478372736529156,-0.1623547267551134,0.986732457508251,0.002417975102277697,0.001144883572730369,0.0030179751022776967,9.067406633541364e-05,liquid,True,-104.94134580303358
2.3777322290079193,1.6560232965505568,2905.7183697484143,2949.39516875145,1.2209768195831034,3601.1431328359163,8043469.431634862,672.1305519544035,403.52297529071956,292.88512966703973,5706741.303998524,211550.27331925227,800.2695919874473,12.012544461795757,146229.22103611735,2.4224606693206923,0.036708128308126475,75559.95873555416,0.32370693160330083,72700.88626810099,14.972528942669898,298.5869056792198,-0.130962492931086,1473240.0589483574,5.459714038305835,0.00027768960108300267,3.3394492133861263e-05,1.3754990500559696e-05,9613.27405517236,75559.95873555416,8359791.04991586,302.1689250896744,1163680.715905333,0.17507957541240854,0.023567613341429865,0.18510122517863398,-0.16098976067541154,0.9869560765088149,0.0024244254905150305,0.001145605164348187,0.0030244254905150304,9.091595589431365e-05,liquid,True,-104.93606961149976
2.381381172318063,1.6580383498727551,2905.4386002740493,2937.9644824805814,1.2208212063410995,3586.7293436892473,8013447.080279042,671.2451854911683,403.52124732234216,292.73753569563854,5707510.170976234,211118.74146890207,801.5687220056111,11.961519365708039,145432.9303906042,2.4137068580409986,0.0367030793680838,75141.41291398642,0.32451324206482857,72334.16323223691,14.96587704313872,298.59299657588633,-0.13409452088376564,1479434.2356597243,5.416561876916147,0.00027880553679342235,3.3409335019843076e-05,1.3824726177994046e-05,9587.979791215961,75141.41291398642,8324444.619486136,302.1725241859132,1162379.7690384092,0.17539296705238497,0.023618510544080398,0.1854187229919764,-0.1596249107319354,0.987177738745066,0.002430821421632438,0.0011463177742865442,0.0030308214216324377,9.115580331121642e-05,liquid,True,-104.92825074645583
2.384987807578219,1.6600330759117177,2905.162321995317,2926.699002490174,1.2206677194014783,3572.526996744262,7983856.302673493,670.3698879704962,403.5169527297779,292.5894678313137,5708272.1793050645,210687.87955462368,802.8614991412685,11.911185120817281,144645.89776365095,2.405148340361074,0.036698127888253204,74730.26678408183,0.32531107252773545,71973.65296780498,14.959281402454026,298.59903137044296,-0.1372209093069549,1485612.802748252,5.374116518048354,0.00027991390993303237,3.342406540450375e-05,1.3893973124405908e-05,9563.031942648533,74730.26678408183,8289640.54014944,302.17609063842417,1161091.8464611555,0.17570642875908282,0.023668974429284315,0.18573622080531882,-0.15826018744720077,0.9873974443298792,0.002437162900473567,0.0011470214936824092,0.0030371629004735667,9.139360876775876e-05,liquid,True,-104.91792135933497
2.3885525083786328,1.6620075755192891,2904.8894982862926,2915.59643908094,1.2205163219465804,3558.533042107616,7954690.981960599,669.5046113584854,403.51023407646943,292.440868385725,5709027.544574125,210257.67927987452,804.1485884062794,11.86152193935584,143867.7496408728,2.3967755869050875,0.03669327327656288,74326.24572280787,0.3261007476292245,71619.12677262616,14.95274272945775,298.60501799945285,-0.1403432270018405,1491779.673427951,5.3323497589168545,0.0002810146732283056,3.34386813875271e-05,1.396275052577455e-05,9538.426123883113,74326.24572280787,8255368.966606675,302.17962912454936,1159814.059513347,0.17601995991129413,0.023719005038925243,0.18605371861866124,-0.1568956013332633,0.9876151934241766,0.002443449932301669,0.0011477164120781566,0.0030434499323016687,9.162937246131259e-05,liquid,True,-104.90521607701658
2.3920756408156763,1.6639619478550434,2904.620093247308,2904.6545500858692,1.2203669927600227,3544.744538295009,7925945.387190999,668.649263314579,403.50116165463055,292.29174533001503,5709776.388220553,209828.13242499437,805.4300267869767,11.812519675607826,143098.3585084193,2.3885837319725263,0.036688514278834766,73929.18497620056,0.32688236299187456,71270.45217156348,14.94626085868795,298.61094064327716,-0.1434610257347634,1497935.1217408073,5.291247446004175,0.0002821077765115878,3.345318302198375e-05,1.4031060131241801e-05,9514.1580387465,73929.18497620056,8221621.510557797,302.1831302799731,1158552.9307836608,0.17633355988786917,0.0237686024182226,0.18637121643200366,-0.15553116289139216,0.9878309862368417,0.0024496825227991845,0.0011484026174522419,0.0030496825227991843,9.186309460496942e-05,liquid,True,-104.89022101135339
2.395557563681879,1.6658962904254588,2904.3540716874854,2893.8711397626444,1.2202197122668839,3531.1586094986133,7897613.92583444,667.8037494815349,403.48979847507456,292.14214613789744,5710518.79202762,209399.23084474774,806.7056004617044,11.764172051074853,142337.69417199877,2.3805692406300776,0.03668384938165544,73538.95775050312,0.3276559406795449,70927.52976882977,14.93983555495602,298.61682307241597,-0.14657424094498353,1504077.4941148397,5.250802539587391,0.000283193169887656,3.3467570520489036e-05,1.4098897892810385e-05,9490.22347839714,73538.95775050312,8188390.30084138,302.18660814377716,1157299.010874358,0.17664722806773187,0.023817766615728132,0.1866887142453461,-0.15416688261164138,0.9880448230246482,0.0024558606780673057,0.001149080196249133,0.0030558606780673055,9.209477542752397e-05,liquid,True,-104.8729754026586
2.398998628649481,1.667810699121783,2904.0913991078364,2883.2440577174048,1.2200744598475783,3517.772436328303,7869691.0950099025,666.9679815328377,403.47621265152173,291.9920789818715,5711254.875805616,208970.96646838708,807.9753471489205,11.716469261974124,141585.63217384907,2.3727275076899623,0.03667927737266793,73155.40834299693,0.32842157372260067,70590.23410747728,14.933466666570968,298.62264946777776,-0.1496824230744347,1510207.0705746384,5.211001357592281,0.00028427080435133444,3.348184391232249e-05,1.4166265527288778e-05,9466.6183193032,73155.40834299693,8155667.322368518,302.19005335154975,1156058.8172398524,0.17696096382989457,0.023866497683322226,0.18700621205868853,-0.15280277097245298,0.9882567040921808,0.002461984404625513,0.0011497492334085091,0.003061984404625513,9.232441517345675e-05,liquid,True,-104.85356318374397
2.4023991804478264,1.6697052682566764,2903.8320416848956,2872.771197858799,1.2199312024389495,3504.583221735866,7842171.286052749,666.1419113964735,403.4605295355136,291.8414836928107,5711984.836252905,208543.3313102684,809.2399182224311,11.669392856968534,140841.81906159,2.3650501919362528,0.0366747977651859,72778.29325429183,0.3291795647252407,70258.36161602907,14.92715477300882,298.62842776195225,-0.15278714633243035,1516327.71476941,5.171818208997992,0.0002853406344577222,3.349600158927116e-05,1.423318131819139e-05,9443.338521278638,72778.29325429183,8123443.651104478,302.19347058134764,1154829.440567801,0.1772747665534738,0.02391479567621026,0.18732370987203095,-0.15143883844035824,0.988466629791737,0.00246805370941112,0.0011504098123937569,0.00306805370941112,9.255201410291701e-05,liquid,True,-104.83210177356136
2.405759557034796,1.6715800905996518,2903.575966254866,2862.4504973814287,1.2197899296143926,3491.588290725576,7815049.379790018,665.3254255056881,403.4427707435124,291.69044017454894,5712708.706533393,208116.31744794574,810.498776828721,11.622941816686259,140106.3529934101,2.35753641776192,0.03667040874347807,72407.55120310994,0.32992981393097287,69931.86934000693,14.920899184573914,298.6341579698518,-0.15588701495644652,1522435.996692585,5.1332531526893845,0.00028640261014055386,3.351004479119655e-05,1.4299632048129959e-05,9420.380125575606,72407.55120310994,8091712.597739093,302.19685983048635,1153610.9084003642,0.17758863561770488,0.023962660652918685,0.18764120768537337,-0.15007509546952125,0.9886746005232531,0.0024740685997787777,0.0011510620152197775,0.0030740685997787775,9.277757249170416e-05,liquid,True,-104.80861277366063
2.409080089762558,1.673435257411376,2903.3231402982774,2852.279935777712,1.2196506155783513,3478.784979473067,7788320.096397935,664.5184592519554,403.4230285856259,291.5389221922215,5713426.637582104,207689.91703553882,811.752268094783,11.577102550126604,139379.00123867975,2.3501801315012023,0.03666610951945123,72042.9953583041,0.33067251389037267,69610.60285911224,14.914700108925155,298.6398401062624,-0.15898269957412034,1528533.9659912563,5.095287556365945,0.0002874566855671173,3.3523972748254814e-05,1.436562763324922e-05,9397.739253031166,72042.9953583041,8060466.157568037,302.200221096305,1152403.423699636,0.17790257040195734,0.024010092675291087,0.1879587054987158,-0.1487115525013758,0.9888806167342096,0.0024800290834999794,0.001151705922480123,0.0030800290834999793,9.300109063124924e-05,liquid,True,-104.7831884793635
2.412361103537852,1.6752708584768774,2903.0735319251075,2842.2575338772967,1.2195132403033349,3466.1706949152676,7761978.35309995,663.7209332529019,403.4013690932982,291.38693865526926,5714138.737670446,207264.12229751528,813.0004417416496,11.531865938697624,138659.6448766577,2.3429772212180406,0.03666189899057291,71684.48719266041,0.33140775630624586,69294.45003422306,14.908557445841879,298.6454741858436,-0.16207418208602795,1534621.842257163,5.057909472788047,0.00028850281420558994,3.353778538375315e-05,1.443117016595299e-05,9375.412102266651,71684.48719266041,8029697.004128035,302.2035543761658,1151207.125541197,0.17821657028574994,0.02405709180848407,0.18827620331205822,-0.14734821996431027,0.9890846789195298,0.002485935168762546,0.0011523416133734808,0.0030859351687625458,9.322256882859547e-05,liquid,True,-104.75589490745455
2.415602916977011,1.6770869821376952,2902.8271098603714,2832.3813529131444,1.219377784192489,3453.7428981033545,7736019.17093682,662.9327693797568,403.37785651968784,291.2344983405843,5714845.112712041,206838.92552744018,814.2433466658481,11.48722305959031,137948.16735198704,2.3359237194276683,0.03665777607450354,71331.89260647265,0.3321356306512376,68983.30223517712,14.902471091170314,298.65106022312864,-0.16516144441029756,1540699.8431371565,5.02110726199908,0.00028954095006584205,3.3551482632719154e-05,1.449626166910379e-05,9353.394947937917,71331.89260647265,7999397.982161008,302.20685966745464,1150022.1492722847,0.17853063464876576,0.02410365812096308,0.18859370112540064,-0.14598510827317285,0.9892867876215016,0.0024917868641700985,0.0011529691657295301,0.0030917868641700983,9.34420074063787e-05,liquid,True,-104.7267962965592
2.418805842555956,1.6788837153230212,2902.5838434301527,2822.649493613476,1.2192442272777813,3441.499100716783,7710437.659263957,662.1538931047098,403.35255697557574,291.08161071881204,5715545.867453806,206414.31908747472,815.4810395890033,11.44316505965363,137244.4512080036,2.329015681203705,0.03665373971894586,70985.07970709656,0.33285622936719805,68677.05240169779,14.896440981697012,298.6566061435715,-0.16824469095008093,1546768.1401264132,4.984869715918641,0.00029057104788774276,3.3565064340827514e-05,1.4560904480159062e-05,9331.684139034902,70985.07970709656,7969562.068827528,302.2101416495084,1148845.464776095,0.1788447628708672,0.02414979168449802,0.18891119893874309,-0.14462222782901987,0.9894869434296599,0.0024975841787415105,0.001153588656034174,0.0030975841787415103,9.365940670280664e-05,liquid,True,-104.69595083200426
2.4219701867553334,1.6806611435798628,2902.343702548063,2813.0600953187536,1.2191125515896035,3429.436870578939,7685229.053156325,661.3842263472529,403.32552767182204,290.92828346737383,5716241.102134981,205990.29540571605,816.7135590757108,11.399683516660941,136548.38772504922,2.3222495296130576,0.03664978887035354,70643.92484388518,0.3335696324336085,68375.6003766165,14.890466960817879,298.6621040488411,-0.17132368304739773,1552826.9855975625,4.949185662302795,0.0002915930625750768,3.3578530566951196e-05,1.4625100101380406e-05,9310.276097228872,70643.92484388518,7940182.472238847,302.21339563811114,1147680.366328672,0.17915895433211101,0.024195492574158844,0.1892286967520855,-0.14325958901864516,0.9896851469806995,0.0025033271219103486,0.001154200159454177,0.0031033271219103485,9.387476707163808e-05,liquid,True,-104.66342362298093
2.4250962502010025,1.6824193511022778,2902.1066577021115,2803.611335122939,1.2189827337073853,3417.5538095411725,7660388.587919036,660.6237097137987,403.2968506360535,290.7744892646921,5716930.952947863,205566.8469803606,817.9412482944734,11.35676594698592,135859.75840155393,2.3156200504875932,0.03664592286013367,70308.26547524412,0.33427601987884215,68078.81113192422,14.884549198194328,298.6675618626001,-0.17439931682893037,1558878.3507968641,4.91403872791178,0.00029260695097416947,3.35918806369128e-05,1.4688858153856182e-05,9289.167315265831,70308.26547524412,7911252.055199029,302.21662631292156,1146523.874277341,0.17947320841276332,0.024240760868310975,0.18954619456542793,-0.14189720221432983,0.9898813989583528,0.0025090157035243038,0.0011548037498612163,0.0031090157035243036,9.40880888821614e-05,liquid,True,-104.62928877345337
2.4281843278000466,1.6841584207597036,2901.8726799419683,2794.301427038281,1.2188581351586882,3405.8570264311406,7635926.268243898,659.8742023237592,403.26679703608517,290.62030845460845,5717615.443770504,205143.96556589758,819.16356740157,11.314412315484663,135178.6705883483,2.3091270037995013,0.036642139982545376,69978.06353800057,0.3349745124778112,67786.6337814948,14.878616343288133,298.6729716878713,-0.17746997227509087,1564918.869827269,4.879439065800726,0.00029361185517756726,3.360527541430653e-05,1.4752170807351578e-05,9268.354355404676,69978.06353800057,7882783.135287233,302.21982898948295,1145379.1648691627,0.1797875244933145,0.024285596648610634,0.18986369237877035,-0.14053507777332952,0.990075700093303,0.0025146499338445987,0.0011553994998553647,0.0031146499338445986,9.429937251917245e-05,liquid,True,-104.59382534821384
2.431234708872472,1.685878434124422,2901.6417408666157,2785.12862118291,1.2187320146699874,3394.325415609292,7611808.6032936135,659.1317657506115,403.2349765191721,290.4656407583617,5718294.77947024,204721.64458440887,820.3814403388396,11.2726024665783,134504.69789409594,2.3027623294849056,0.036638440310778966,69653.08621184576,0.3356670067632551,67498.92204241279,14.872809905421068,298.67834935450213,-0.18053815363340384,1570954.0606880337,4.845341308045542,0.00029460934870927715,3.3618395123691614e-05,1.4815051407363993e-05,9247.833847898662,69653.08621184576,7854732.2658003075,302.22301303025205,1144240.2089068922,0.18010190195449413,0.02433,0.19018119019211277,-0.13985404936819817,0.9901721289126036,0.002520229823545383,0.0011559874807880188,0.003120229823545383,9.450861838295186e-05,liquid,True,-104.55662716466998
