M,X,Taw,hg0,sigma,hg,q,Twg,Twc,Tb,p,h,rho,v,Re,Pr,f,hc,eta_fin,hce,kw,Tsat,xq,chf,chf_ratio,Rg,Rw,Rc,G,hc_lo,q_c,T_sl,q_nb_max,x,r,s,nx,nr,w,Dh,pitch,A_flow,regime,onb,margin_sat
0.04970711483464267,1.0002867018433368,3056.626723431992,804.5738680313551,1.4388216405957879,1157.6382927813734,2932715.049612303,523.2662878799842,418.24661075791863,304.1477437695952,4048394.4422405222,427776.9237205822,93.44176867983721,44.88052776330594,351768.5060508696,1.0691192044045952,0.034825849432792884,24981.1053346183,0.5186710762966469,25703.27933153297,13.962693135133083,283.6388857316103,1.1701691816336932,,,0.000863827679367251,3.5809710573807174e-05,3.890554147202504e-05,4193.715893487845,24981.1053346183,2850315.81479591,294.738729338008,7158171.533981391,0.0,0.0485,0.0,-0.0,1.0,0.005557521601035995,0.0013216415145030625,0.006157521601035994,0.0002084070600388498,vapour,False,
0.04970711483464267,1.0002867018433368,3056.626723431992,804.5738680313551,1.4389017177500727,1157.7027207671372,2933217.3661897928,522.9733825759449,417.89531705289187,303.9330218906372,4049566.163658524,427452.2140967965,93.64330503793785,44.7839372156807,351943.95754563645,1.0710839176025495,0.03482575520019914,25017.62799190733,0.5182825129763295,25738.489752365927,13.957324735609435,283.65097301861624,1.1686439366692085,,,0.00086377960599191,3.582348404664871e-05,3.8852318439083174e-05,4193.715893487845,25017.62799190733,2851066.305473228,294.74371519616574,7150980.1847434575,0.00031749781334242534,0.0485,0.00031749781334242534,-0.0,1.0,0.005557521601035995,0.0013216415145030625,0.006157521601035994,0.0002084070600388498,vapour,False,
0.04970711483464267,1.0002867018433368,3056.626723431992,804.5738680313551,1.4389819780080424,1157.767296073341,2933720.829874157,522.6798415118496,417.54321100153146,303.7188037030029,4050736.164590797,427127.4487391585,93.84565410045731,44.6873745373299,352118.7450819977,1.0730671718305411,0.034825661417095304,25054.557437370302,0.517890838407256,25774.092740758613,13.951944320615473,283.66303708338876,1.1671175402856158,,,0.0008637314280612164,3.583729898213521e-05,3.879864987133459e-05,4193.715893487845,25054.557437370302,2851820.1504356153,294.7486929586187,7143807.940266102,0.0006349956266848507,0.0485,0.0006349956266848507,-0.0,1.0,0.005557521601035995,0.0013216415145030625,0.006157521601035994,0.0002084070600388498,vapour,False,
0.04970711483464267,1.0002867018433368,3056.626723431992,804.5738680313551,1.4390623988054179,1157.8320005453556,2934225.293677934,522.385752120203,417.1903967033969,303.5051627749894,4051904.2897198205,426802.6275369541,94.04876686009182,44.590865287223515,352292.79698804487,1.0750685798832753,0.03482556812068745,25091.887941452373,0.517496140006829,25810.082737092678,13.946553448352939,283.67507794044707,1.1655904850726313,,,0.0008636831591534743,3.585115145843069e-05,3.874454840715644e-05,4193.715893487845,25091.887941452373,2852577.150329401,294.75366262318073,7136653.88313436,0.000952493440027276,0.0485,0.000952493440027276,-0.0,1.0,0.005557521601035995,0.0013216415145030625,0.006157521601035994,0.0002084070600388498,vapour,False,
0.04970711483464267,1.0002867018433368,3056.626723431992,804.5738680313551,1.439142981078713,1157.8968349366755,2934730.761400986,522.0911129589881,416.83687192380836,303.29211358332316,4053070.5882271053,426477.75037904864,94.25267204066417,44.49439790607228,352466.0814009032,1.077088395105173,0.03482547532673152,25129.626246425956,0.5170983763774526,25846.46622436455,13.941152073958172,283.6871059099145,1.1640628321176743,,,0.0008636347987380838,3.586504166567348e-05,3.86900085806444e-05,4193.715893487845,25129.626246425956,2853337.3393371496,294.7586284430467,7129506.455802296,0.0012699912533697013,0.0485,0.0012699912533697013,-0.0,1.0,0.005557521601035995,0.0013216415145030625,0.006157521601035994,0.0002084070600388498,vapour,False,
0.04970711483464267,1.0002867018433368,3056.626723431992,804.5738680313551,1.4392237775245464,1157.9618416456228,2935237.5635307143,521.7957316271686,416.4824054038833,303.0794987453541,4054235.22561029,426152.8171177221,94.45743342068361,44.397944572666475,352638.7547169444,1.0791279267840355,0.034825382950259956,25167.795810103256,0.5166973142741862,25883.26569414216,13.93573666692206,283.69910039275595,1.1625334775250056,,,0.000863586315226815,3.587897876879396e-05,3.8635001155449934e-05,4193.715893487845,25167.795810103256,2854101.1990540614,294.763581905636,7122390.188888879,0.0015874890667121268,0.0485,0.0015874890667121268,-1.4210854715201997e-14,1.0,0.005557521601035995,0.0013216415145030625,0.006157521601035994,0.0002084070600388498,vapour,False,
0.04970711483464267,1.0002867018433368,3056.626723431992,804.5738680313551,1.4393047379681634,1158.0269803029012,2935745.38528033,521.4997918362901,416.1272171939209,302.86748320424624,4055397.9882011428,425827.8276401018,94.66299668753598,44.30153323088303,352810.6398747102,1.0811862910022527,0.03482529108477162,25206.38364902311,0.5162931300571032,25920.468659655937,13.930310591936033,283.71108201246903,1.161003526247384,,,0.0008635377387653209,3.5892954195108873e-05,3.8579549356546e-05,4193.715893487845,25206.38364902311,2854868.3069300423,294.7685315198782,7115280.232023268,0.001904986880054552,0.0485,0.001904986880054552,-0.0,1.0,0.005557521601035995,0.0013216415145030625,0.006157521601035994,0.0002084070600388498,vapour,False,
0.04970711483464267,1.0002867018433368,3056.626723431992,804.5738680313551,1.4393858642314066,1158.0922523743177,2936254.238022875,521.2032871703523,415.77129922885143,302.6560592840394,4056558.925123064,425502.7818320558,94.8693415439338,44.20517551021205,352981.7491034783,1.0832636366940842,0.03482519972238515,25245.392982021902,0.5158858118996139,25958.078146282034,13.924873728322659,283.72304047780256,1.1594729190337256,,,0.0008634890682929642,3.590696833271954e-05,3.852365319052827e-05,4193.715893487845,25245.392982021902,2855638.6846624822,294.7734730282257,7108188.639326719,0.0022224846933969773,0.0485,0.0022224846933969773,1.421085471520201e-14,1.0,0.005557521601035995,0.0013216415145030625,0.006157521601035994,0.0002084070600388498,vapour,False,
0.04970711483464267,1.0002867018433368,3056.626723431992,804.5738680313551,1.439467182762882,1158.1576791397295,2936764.287594256,520.9061212289644,415.41453539857787,302.4451616464481,4057718.095254274,425177.6795610944,95.07652730492863,44.10884591985354,353152.1327080882,1.0853607986557319,0.03482510883495286,25284.84049992286,0.5154752113287198,25996.110185030495,13.919424305157815,283.7349758031097,1.1579411644082542,,,0.0008634402879777063,3.5921025829690814e-05,3.846729348669388e-05,4193.715893487845,25284.84049992286,2856412.596698771,294.77840642851197,7101115.713080965,0.0025399825067394027,0.0485,0.0025399825067394027,-0.0,1.0,0.005557521601035995,0.0013216415145030625,0.006157521601035994,0.0002084070600388498,vapour,False,
0.04970711483464267,1.0002867018433368,3056.626723431992,804.5738680313551,1.4395486949001932,1158.2232616753377,2937275.5423203595,520.6082894111864,415.05691975800664,302.23479427434467,4058875.498886887,424852.5206938057,95.2845590005725,44.01254450327726,353321.7799373066,1.0874780040270982,0.03482501842696094,25324.731848791154,0.5150612980524092,26034.570167229416,13.913962234557623,283.7468880027076,1.1564082630274222,,,0.0008633913970554587,3.593512700201007e-05,3.8410467066544213e-05,4193.715893487845,25324.731848791154,2857190.0744844065,294.7833317185749,7094061.422735741,0.002857480320081828,0.0485,0.002857480320081828,-0.0,1.0,0.005557521601035995,0.0013216415145030625,0.006157521601035994,0.0002084070600388498,vapour,False,
0.04970711483464267,1.0002867018433368,3056.626723431992,804.5738680313551,1.4396303759572844,1158.2889801193862,2937787.8473072476,520.3098821853059,414.6985605346085,302.0250407839925,4060031.0293754605,424527.30511392513,95.4934110330843,43.91628540774301,353490.59746505716,1.0896149004026547,0.03482492854682475,25365.062919463195,0.5146441494108668,26073.45411601191,13.908489172324723,283.75878738337013,1.154874767042448,,,0.000863342410368895,3.594926765984806e-05,3.835318464329942e-05,4193.715893487845,25365.062919463195,2857970.9178317534,294.7882531537271,7087013.381734191,0.0031749781334242536,0.0485,0.0031749781334242536,-0.0,1.0,0.005557521601035995,0.0013216415145030625,0.006157521601035994,0.0002084070600388498,vapour,False,
0.04970711483464267,1.0002867018433368,3056.626723431992,804.5738680313551,1.4397122532125874,1158.3548564193893,2938301.373584804,520.0108001669591,414.3393379723277,301.8158252397111,4061184.8419850795,424202.0326862547,95.70311877804363,43.820054633893236,353658.6571636023,1.091772291177772,0.03482483915495183,25405.849135773897,0.5142236284743126,26112.776807518687,13.903003292283806,283.7706636624993,1.1533401253809799,,,0.0008632933115946156,3.5963452607214804e-05,3.8295429374330983e-05,4193.715893487845,25405.849135773897,2858755.38871219,294.79316647503805,7079984.206660801,0.0034924759467666786,0.0485,0.0034924759467666786,-0.0,1.0,0.005557521601035995,0.0013216415145030625,0.006157521601035994,0.0002084070600388498,vapour,False,
0.04970711483464267,1.0002867018433368,3056.626723431992,804.5738680313551,1.4397943016781138,1158.4208704706639,2938815.968391717,519.7111314350332,413.9793577561445,301.6072196834972,4062336.7823157897,423876.7032925073,95.91363135878565,43.723877764572855,353825.8886776559,1.0939497596914274,0.03482475028744816,25447.08436116328,0.5137998297711389,26152.53228066022,13.897506237420227,283.78251685431957,1.1518048314651321,,,0.0008632441157536312,3.597767768246846e-05,3.823721501491079e-05,4193.715893487845,25447.08436116328,2859543.2773789456,294.7980716803566,7072972.9925889755,0.003809973760109104,0.0485,0.003809973760109104,-0.0,1.0,0.005557521601035995,0.0013216415145030625,0.006157521601035994,0.0002084070600388498,vapour,False,
0.04970711483464267,1.0002867018433368,3056.626723431992,804.5738680313551,1.4398765488970287,1158.487044433721,2939331.8007003386,519.4107788746574,413.61850253185673,301.3991597530237,4063486.9576848643,423551.31679569057,96.12500945365765,43.62772932167727,353992.34076557,1.0961481836198017,0.03482466191707994,25488.786384458923,0.5133725982063989,26192.73761470255,13.891996194391297,283.7943469730194,1.1502683933823163,,,0.0008631948063681707,3.5991947665654284e-05,3.817852164634667e-05,4193.715893487845,25488.786384458923,2860334.8562940476,294.80296876753573,7065980.314820159,0.004127471573451529,0.0485,0.004127471573451529,-0.0,1.0,0.005557521601035995,0.0013216415145030625,0.006157521601035994,0.0002084070600388498,vapour,False,
0.04970711483464267,1.0002867018433368,3056.626723431992,804.5738680313551,1.4399589707201625,1158.55335887877,2939848.7186951684,519.1098312102058,413.25687845629227,301.1917171361169,4064635.26171453,423225.873075618,96.33720175743382,43.53163489268816,354157.9434005515,1.098367139340269,0.034824574079695136,25530.94897852937,0.5129420293470125,26233.386755192227,13.886474785118711,283.8061540327517,1.1487313047388747,,,0.0008631453979536898,3.600625844478683e-05,3.8119363288160865e-05,4193.715893487845,25530.94897852937,2861129.9159360602,294.807857734433,7059005.541555412,0.0044449693867939545,0.0485,0.0044449693867939545,-0.0,1.0,0.005557521601035995,0.0013216415145030625,0.006157521601035994,0.0002084070600388498,vapour,False,
0.04970711483464267,1.0002867018433368,3056.626723431992,804.5738680313551,1.4400415933519506,1158.6198348892146,2940366.8866576464,518.8081930433773,412.8943704757862,300.9848392035843,4065781.84888489,422900.37199391716,96.55029461806828,43.43555770676063,354322.7216210261,1.1006075812190457,0.034824486760659634,25573.59238312263,0.5125079502080723,26274.499171171363,13.880940255844262,283.81794832928995,1.1471931313037724,,,0.0008630958748394105,3.602061465465109e-05,3.8059716894516863e-05,4193.715893487845,25573.59238312263,2861928.736541608,294.812742838109,7052037.80755721,0.00476246720013638,0.0485,0.00476246720013638,-0.0,1.0,0.005557521601035995,0.0013216415145030625,0.006157521601035994,0.0002084070600388498,vapour,False,
0.04970711483464267,1.0002867018433368,3056.626723431992,804.5738680313551,1.4401244188412121,1158.6864741134814,2940886.3173689195,518.5058571993809,412.5309695167153,300.7785187300849,4066926.7191994707,422574.8134108007,96.764268289366,43.33950917653679,354486.6870141192,1.1028696974267544,0.03482439995251656,25616.720930585503,0.512070343993697,26316.07894652772,13.87539247116355,283.8297195907531,1.1456538154717604,,,0.0008630462358379617,3.6035016741985636e-05,3.79995820058119e-05,4193.715893487845,25616.720930585503,2862731.3451101016,294.81761981791834,7045088.803987235,0.005079965013478805,0.0485,0.005079965013478805,-0.0,1.0,0.005557521601035995,0.0013216415145030625,0.006157521601035994,0.0002084070600388498,vapour,False,
0.04970711483464267,1.0002867018433368,3056.626723431992,804.5738680313551,1.440207422835069,1158.753256957881,2941406.8580386024,518.2029128609738,412.16678234401996,300.5728268636935,4068069.718774783,422249.1972033953,96.9790708173991,43.24351489595265,354649.77006476134,1.1051530537273568,0.034824313690719914,25660.328261971787,0.5116293084981365,26358.11989438047,13.869833063968308,283.8414678312018,1.1441138511240656,,,0.0008629964955829666,3.60494605590404e-05,3.793897303779998e-05,4193.715893487845,25660.328261971787,2863537.529677043,294.82248867172933,7038157.632814665,0.005397462826821231,0.0485,0.005397462826821231,-0.0,1.0,0.005557521601035995,0.0013216415145030625,0.006157521601035994,0.0002084070600388498,vapour,False,
0.04970711483464267,1.0002867018433368,3056.626723431992,804.5738680313551,1.4402906323827882,1158.8202051855465,2941928.678235216,517.8992615957841,411.8016901911317,300.3677002403103,4069210.9548761277,421923.5232300563,97.19476428474049,43.14754940093266,354812.0179044493,1.1074585731777835,0.03482422794898425,25704.43335367507,0.5111846824001728,26400.640231347395,13.864260224274105,283.85319306466164,1.1425727459138781,,,0.0008629466379039217,3.60639509005017e-05,3.787786929548123e-05,4193.715893487845,25704.43335367507,2864347.5680249855,294.82734939741465,7031244.8668484455,0.005714960640163656,0.0485,0.005714960640163656,-0.0,1.0,0.005557521601035995,0.0013216415145030625,0.006157521601035994,0.0002084070600388498,vapour,False,
0.04970711483464267,1.0002867018433368,3056.626723431992,804.5738680313551,1.4403740230362594,1158.8872991261674,2942451.6245755632,517.5949929140615,411.4358002402519,300.1632096400944,4070350.3210891015,421597.7913661186,97.41129629728225,43.05163828935566,354973.36138000496,1.1097858141997936,0.034824142762493154,25749.0297579059,0.5107365649976873,26443.63368108191,13.8586755911789,283.8648953051229,1.1410309939056427,,,0.0008628966774888527,3.607848359754174e-05,3.781628546440696e-05,4193.715893487845,25749.0297579059,2865161.246602736,294.8322019928513,7024349.876915662,0.006032458453506082,0.0485,0.006032458453506082,-0.0,1.0,0.005557521601035995,0.0013216415145030625,0.006157521601035994,0.0002084070600388498,vapour,False,
0.04970711483464267,1.0002867018433368,3056.626723431992,804.5738680313551,1.4404576213058737,1158.9545601093118,2942975.8632417666,517.2900103824427,411.0689960846074,299.95930355300857,4071487.9712889604,421272.0014685206,97.62875488829194,42.955744936892295,355133.8234377153,1.112135779068509,0.0348240581177475,25794.138994406712,0.510284776324994,26487.120935959792,13.853077391023156,283.8765848374697,1.1394881593701753,,,0.000862846598494492,3.609306335962591e-05,3.775419768791733e-05,4193.715893487845,25794.138994406712,2865978.8527858537,294.83705071683283,7017461.836139259,0.006349956266848507,0.0485,0.006349956266848507,-0.0,1.0,0.005557521601035995,0.0013216415145030625,0.006157521601035994,0.0002084070600388498,vapour,False,
0.04970711483464267,1.0002867018433368,3056.626723431992,804.5738680313551,1.44054140330938,1159.0219689199441,2943501.2444034247,516.9844014263272,410.7013824232566,299.75604098133635,4072623.7520100195,420946.15341078717,97.84706194755279,42.859906163924755,355293.35863927973,1.114507958931111,0.03482397403732717,25839.75250743291,0.5098294330236466,26531.093655197274,13.847467224836686,283.88825140042934,1.1379446793367214,,,0.0008627964152671483,3.610768611195589e-05,3.7691623760263136e-05,4193.715893487845,25839.75250743291,2866800.1647118586,294.84189130701395,7010591.530312101,0.006667454080190932,0.0485,0.006667454080190932,-0.0,1.0,0.005557521601035995,0.0013216415145030625,0.006157521601035994,0.0002084070600388498,vapour,False,
0.04970711483464267,1.0002867018433368,3056.626723431992,804.5738680313551,1.4406254223817152,1159.0895684699613,2944028.1024420634,516.677971819739,410.33272514435527,299.55329328643603,4073757.877075214,420620.24702942674,98.066339246923,42.7640709920701,355452.06953223806,1.1169040322274504,0.03482389046584805,25885.90381086149,0.5093702324470415,26575.58405081859,13.841841523150773,283.8998950079007,1.136399567464672,,,0.000862746095903559,3.612236125978898e-05,3.762852391457405e-05,4193.715893487845,25885.90381086149,2867625.717295983,294.8467237612825,7003740.1274469495,0.006984951893533357,0.0485,0.006984951893533357,-0.0,1.0,0.005557521601035995,0.0013216415145030625,0.006157521601035994,0.0002084070600388498,vapour,False,
0.04970711483464267,1.0002867018433368,3056.626723431992,804.5738680313551,1.4407096018721763,1159.1572970882105,2944555.9566369094,516.3710014229091,409.9633604823565,299.35126287064594,4074890.026401204,420294.28221416404,98.28641668551462,42.66831607979368,355609.7739063968,1.1193221146204901,0.034823807497872165,25932.5594032128,0.5089075475374862,26620.559777949344,13.836205420069234,283.9115156737477,1.1348543053903941,,,0.0008626956863507552,3.6137075507332134e-05,3.756495011154243e-05,4193.715893487845,25932.5594032128,2868454.7920296574,294.85154807753054,6996905.803086375,0.007302449706875783,0.0485,0.007302449706875783,-0.0,1.0,0.005557521601035995,0.0013216415145030625,0.006157521601035994,0.0002084070600388498,vapour,False,
0.04970711483464267,1.0002867018433368,3056.626723431992,804.5738680313551,1.4407939951882378,1159.22519774495,2945085.1418197756,516.0632957659327,409.59305400338616,299.1498213086637,4076020.414228972,419968.25881765754,98.50741636189704,42.572590454316156,355766.5738853727,1.1217638973977753,0.03482372507824429,25979.753178273182,0.5084410739181224,26666.053410083743,13.830555341407033,283.9231134117994,1.1333079066899452,,,0.0008626451546647777,3.6151838278182485e-05,3.7500862411902725e-05,4193.715893487845,25979.753178273182,2869287.9256194797,294.8563642536546,6990089.727241231,0.007619947520218208,0.0485,0.007619947520218208,-0.0,1.0,0.005557521601035995,0.0013216415145030625,0.006157521601035994,0.0002084070600388498,vapour,False,
0.04970711483464267,1.0002867018433368,3056.626723431992,804.5738680313551,1.4408786031252332,1159.2932710800847,2945615.662904528,515.754852278827,409.2218021213395,298.9489843193866,4077149.0867861644,419642.1766920218,98.72936950677641,42.47688316494318,355922.433461371,1.1242297162260095,0.034823643224520626,26027.494524130292,0.507970760137807,26712.07394187366,13.824891235865426,283.9346984961611,1.1317604277793416,,,0.0008625945004134501,3.616664981080413e-05,3.74362545632373e-05,4193.715893487845,26027.494524130292,2870125.161500747,294.861176550166,6983280.511294836,0.007937445333560634,0.0485,0.007937445333560634,-0.0,1.0,0.005557521601035995,0.0013216415145030625,0.006157521601035994,0.0002084070600388498,vapour,False,
0.04970711483464267,1.0002867018433368,3056.626723431992,804.5738680313551,1.440963427824715,1159.3615188166514,2946147.533245072,515.4456634877438,408.84959534199385,298.74874455360987,4078275.9977202215,419316.035687893,98.9522562021593,42.38120538575786,356077.3642718937,1.126719786888449,0.034823561929212904,26075.788779919836,0.5074965866860335,26758.626406144907,13.819212962042748,283.9462606760607,1.130211813210665,,,0.0008625437223590877,3.618151058047595e-05,3.737112603696122e-05,4193.715893487845,26075.788779919836,2870966.529647371,294.8659807030347,6976489.49827829,0.008254943146903058,0.0485,0.008254943146903058,-1.4210854715201978e-14,1.0,0.005557521601035995,0.0013216415145030625,0.006157521601035994,0.0002084070600388498,vapour,False,
0.04970711483464267,1.0002867018433368,3056.626723431992,804.5738680313551,1.441048444446582,1159.4299209689539,2946680.5970180174,515.1358202513757,408.476542565282,298.549171266803,4079401.086735182,418989.83567315724,99.17602225146545,42.28558272739031,356231.2987403132,1.1292336370488643,0.03482348122637674,26124.62916241296,0.5070186590641018,26805.70418642212,13.813522184588251,283.95779996523686,1.1286625577757579,,,0.0008624928354137042,3.61964163316616e-05,3.730549263117398e-05,4193.715893487845,26124.62916241296,2871811.8099716413,294.87077671016795,6969716.320770922,0.008572440960245484,0.0485,0.008572440960245484,1.421085471520203e-14,1.0,0.005557521601035995,0.0013216415145030625,0.006157521601035994,0.0002084070600388498,vapour,False,
0.04970711483464267,1.0002867018433368,3056.626723431992,804.5738680313551,1.4411336543058297,1159.4984785950032,2947214.8624021965,514.8253180748939,408.1026379242569,298.3502680298208,4080524.308134169,418663.57651479513,99.4006725490272,42.19001527800918,356384.22544086905,1.1317715285117365,0.03482340112055746,26174.02284086584,0.5065369444049541,26853.314103713095,13.807818817154185,283.9693163773935,1.1271126624440484,,,0.0008624418388299465,3.621136738692019e-05,3.723935139393937e-05,4193.715893487845,26174.02284086584,2872661.0364561263,294.87556456947715,6962960.693923829,0.008889938773587909,0.0485,0.008889938773587909,-1.4210854715201978e-14,1.0,0.005557521601035995,0.0013216415145030625,0.006157521601035994,0.0002084070600388498,vapour,False,
0.04970711483464267,1.0002867018433368,3056.626723431992,804.5738680313551,1.4412190844936916,1159.5672134916979,2947750.4991881554,514.5140585594954,407.7277624413516,298.15198540137186,4081645.814699129,418337.25806099136,99.62629828511474,42.094466678728665,356536.1633313098,1.1343345567301548,0.034823321600397285,26223.993914140105,0.5060512493055682,26901.479312463744,13.802101048279184,283.98082017809315,1.1255616887776636,,,0.0008623907164370336,3.6226368597869304e-05,3.717267695151208e-05,4193.715893487845,26223.993914140105,2873514.5102336025,294.880348542837,6956211.858818557,0.009207436586930335,0.0485,0.009207436586930335,1.421085471520203e-14,1.0,0.005557521601035995,0.0013216415145030625,0.006157521601035994,0.0002084070600388498,vapour,False,
0.04970711483464267,1.0002867018433368,3056.626723431992,804.5738680313551,1.4413047371924408,1159.6361274148378,2948287.5209814315,514.2020340994754,407.3519064375446,297.9543159730721,4082765.5604841267,418010.88015842444,99.85287947310985,41.998948008476845,356687.12408507674,1.1369229494101545,0.03482324265839189,26274.548190642363,0.5055615530524742,26950.205287555258,13.796368733922751,283.9923011248908,1.1240095821995262,,,0.0008623394669751169,3.624142045222315e-05,3.710546874616083e-05,4193.715893487845,26274.548190642363,2874372.2625989397,294.8851243648798,6949481.126412405,0.00952493440027276,0.0485,0.00952493440027276,-1.4210854715201978e-14,1.0,0.005557521601035995,0.0013216415145030625,0.006157521601035994,0.0002084070600388498,vapour,False,
0.04970711483464267,1.0002867018433368,3056.626723431992,804.5738680313551,1.4413906139227686,1159.7052215879316,2948825.9372387207,513.8892395039406,406.97506313503163,297.75726395193755,4083883.5455833557,417684.442652726,100.08042192522504,41.90345936612033,356837.09515850886,1.1395370003096066,0.034823164299717345,26325.693740128067,0.5050678182286858,26999.499708790798,13.79062177434615,284.00375923140064,1.1224563434226065,,,0.0008622880895808552,3.625652332298167e-05,3.7037723320273555e-05,4193.715893487845,26325.693740128067,2875234.332264944,294.8898920335279,6942768.466469737,0.009842432213615186,0.0485,0.009842432213615186,1.4210854715202004e-14,1.0,0.005557521601035995,0.0013216415145030625,0.006157521601035994,0.0002084070600388498,vapour,False,
0.04970711483464267,1.0002867018433368,3056.626723431992,804.5738680313551,1.4414766895905544,1159.7744758209053,2949365.5905553186,513.5757665054616,406.59734254712004,297.5608975929911,4084999.709140786,417357.94540695264,100.30887027809402,41.808026367571316,356986.01008196926,1.1421762164246723,0.03482308655768044,26377.423586204302,0.5045701543854485,27049.35576170061,13.78486185075893,284.0151945112022,1.1209024676902863,,,0.0008622365993114181,3.6271672898373834e-05,3.696945719557238e-05,4193.715893487845,26377.423586204302,2876100.4948889073,294.8946515467078,6936073.510170873,0.01015993002695761,0.0485,0.01015993002695761,-0.0,1.0,0.005557521601035995,0.0013216415145030625,0.006157521601035994,0.0002084070600388498,vapour,False,
0.04970711483464267,1.0002867018433368,3056.626723431992,804.5738680313551,1.4415629654129152,1159.8438910930197,2949906.4891406265,513.2616104246904,406.21873860543025,297.3652204861089,4086114.005971445,417031.38828325196,100.53822959637175,41.71264911192736,357133.857082121,1.1448408753635135,0.03482300943696634,26429.745548442803,0.5040685270073079,27099.780880825958,13.779088878152871,284.02660697784086,1.1193479559835031,,,0.0008621849954803959,3.6286869503597145e-05,3.690066736692823e-05,4193.715893487845,26429.745548442803,2876970.7859464716,294.8994029023505,6929395.97688478,0.010477427840300035,0.0485,0.010477427840300035,-1.4210854715202004e-14,1.0,0.005557521601035995,0.0013216415145030625,0.006157521601035994,0.0002084070600388498,vapour,False,
0.04970711483464267,1.0002867018433368,3056.626723431992,804.5738680313551,1.4416494686725398,1159.9134893552132,2950448.8046658966,512.9466716498305,405.8391308050298,297.1701843702409,4087226.542853904,416704.7711247676,100.7685928981678,41.61729138885392,357280.6527705722,1.14753212856974,0.03482293292746535,26482.68533857096,0.5035627347400538,27150.799758939687,13.773301027147664,284.0380068862952,1.1177923683531445,,,0.0008621332618141135,3.6302118062654866e-05,3.683132758071848e-05,4193.715893487845,26482.68533857096,2877845.514506537,294.9041503640219,6922724.893051004,0.010794925653642462,0.0485,0.010794925653642462,1.4210854715202054e-14,1.0,0.005557521601035995,0.0013216415145030625,0.006157521601035994,0.0002084070600388498,vapour,False,
0.04970711483464267,1.0002867018433368,3056.626723431992,804.5738680313551,1.441736202578839,1159.9832731896938,2950992.555830294,512.6309400137311,405.4585062410042,296.9757699705934,4088337.3201404396,416378.09377257305,100.99991390765143,41.5219749327939,357426.4337282995,1.150250154461471,0.03482285700871392,26536.247202918577,0.5030527718638256,27202.41632248716,13.767498096050804,284.04937376503574,1.1162355977658485,,,0.0008620813964413679,3.631741922255465e-05,3.6761440165642185e-05,4193.715893487845,26536.247202918577,2878724.7069206433,294.9088853987323,6916083.3125234945,0.011112423466984886,0.0485,0.011112423466984886,-1.4210854715201953e-14,1.0,0.005557521601035995,0.0013216415145030625,0.006157521601035994,0.0002084070600388498,vapour,False,
0.04970711483464267,1.0002867018433368,3056.626723431992,804.5738680313551,1.4418231404680935,1160.0532211435298,2951537.5753980842,512.3145129210056,405.07698181386957,296.78206826520875,4089446.231072446,416051.356086255,101.23218866153981,41.426703787953606,357571.0848239202,1.1529945724557011,0.034822781739234976,26590.42844726937,0.5025387177883289,27254.62792924112,13.761681870731152,284.0607281083769,1.1146782471458097,,,0.0008620294153523782,3.6332768385194126e-05,3.6691016387976945e-05,4193.715893487845,26590.42844726937,2879608.1499188887,294.9136165360182,6909447.548635445,0.011429921280327313,0.0485,0.011429921280327313,1.4210854715202004e-14,1.0,0.005557521601035995,0.0013216415145030625,0.006157521601035994,0.0002084070600388498,vapour,False,
0.04970711483464267,1.0002867018433368,3056.626723431992,804.5738680313551,1.4419103113517369,1160.1233565585626,2952084.045166628,511.9972851248358,404.69443009601434,296.5890081153652,4090553.427741811,415724.557905275,101.46545882923064,41.33146335587949,357714.67102030973,1.1557664385613144,0.034822707083772365,26645.25137221963,0.50202039966233,27307.45591738267,13.755850412245323,284.0720596882732,1.113119768749942,,,0.0008619773012470337,3.634817077938743e-05,3.662003531289951e-05,4193.715893487845,26645.25137221963,2880496.143374274,294.9183395081947,6902829.950991051,0.011747419093669737,0.0485,0.011747419093669737,-1.4210854715202004e-14,1.0,0.005557521601035995,0.0013216415145030625,0.006157521601035994,0.0002084070600388498,vapour,False,
0.04970711483464267,1.0002867018433368,3056.626723431992,804.5738680313551,1.4419977161384097,1160.1936801658603,2952631.9707498094,511.6792536890921,404.3108469836869,296.3966056240149,4091658.864726732,415397.6990684732,101.69975688280579,41.236243055334874,357857.15408687847,1.1585661375754726,0.034822633060781455,26700.727355223073,0.501497760341922,27360.91116008365,13.750003661929922,284.0833787513176,1.1115602162060778,,,0.0008619250536315978,3.636362667919618e-05,3.6548490441315506e-05,4193.715893487845,26700.727355223073,2881388.736290338,294.9230585801695,6896218.735330539,0.012064916907012163,0.0485,0.012064916907012163,1.4210854715202054e-14,1.0,0.005557521601035995,0.0013216415145030625,0.006157521601035994,0.0002084070600388498,vapour,False,
0.04970711483464267,1.0002867018433368,3056.626723431992,804.5738680313551,1.4420853307392814,1160.2641725841797,2953181.2010599365,511.36050661646186,403.9263380776575,296.2049038955223,4092762.4358474817,415070.77943141514,101.93497306922234,41.14108992445569,357998.51944514934,1.1613930135235082,0.0348225596763951,26756.84468259466,0.5009709490714623,27414.98220369684,13.744143233133844,284.0946648424004,1.1099999793740774,,,0.0008618726869526325,3.637913193414774e-05,3.6476405221417674e-05,4193.715893487845,26756.84468259466,2882285.6833977345,294.9277652163123,6889636.2978887865,0.012382414720354588,0.0485,0.012382414720354588,-1.4210854715201953e-14,1.0,0.005557521601035995,0.0013216415145030625,0.006157521601035994,0.0002084070600388498,vapour,False,
0.04970711483464267,1.0002867018433368,3056.626723431992,804.5738680313551,1.4421731823365502,1160.334855683607,2953731.906415318,511.04094537214223,403.5407839675847,296.013867946238,4093864.2925391844,414743.79883081216,102.17122899673413,41.04595720994896,358138.7557235699,1.1642483551204166,0.034822486935073636,26813.633447371278,0.5004397373301843,27469.697966869357,13.738267309662294,284.1059384392045,1.1084386696005823,,,0.000861820185011036,3.6394691465083356e-05,3.6403749367979206e-05,4193.715893487845,26813.633447371278,2883187.3119226634,294.9324679488255,6883060.450112802,0.012699912533697014,0.0485,0.012699912533697014,1.4210854715202054e-14,1.0,0.005557521601035995,0.0013216415145030625,0.006157521601035994,0.0002084070600388498,vapour,False,
0.04970711483464267,1.0002867018433368,3056.626723431992,804.5738680313551,1.4422612460511754,1160.4057094471161,2954283.930779464,510.7206608126912,403.15429372147094,295.8235522802526,4094964.2834901386,414416.75712064886,102.40844074059812,40.95088122775525,358277.8238318785,1.167131562791563,0.03482241485563438,26871.084122308974,0.49990425919876463,27525.049124881265,13.732377557541435,284.1171893218254,1.1068767300386138,,,0.0008617675627229182,3.6410300977008465e-05,3.633054369723359e-05,4193.715893487845,26871.084122308974,2884093.3821767718,294.9371625087128,6876501.828891493,0.013017410347039439,0.0485,0.013017410347039439,-0.0,1.0,0.005557521601035995,0.0013216415145030625,0.006157521601035994,0.0002084070600388498,vapour,False,
0.04970711483464267,1.0002867018433368,3056.626723431992,804.5738680313551,1.4423495498994345,1160.4767564158722,2954837.4496909217,510.3995514057938,402.7667442620564,295.6339105689416,4096062.559890444,414089.65413547755,102.64670435974281,40.85582600674889,358415.7364317291,1.170043884238653,0.034822343430054685,26929.225319748348,0.49936429948969907,27581.063132850017,13.726472105038148,284.1284277285377,1.1053137183112205,,,0.0008617148033955423,3.642596554845878e-05,3.625676048755948e-05,4193.715893487845,26929.225319748348,2885004.2176650167,294.94185316221404,6869949.771045779,0.013334908160381864,0.0485,0.013334908160381864,-1.4210854715201953e-14,1.0,0.005557521601035995,0.0013216415145030625,0.006157521601035994,0.0002084070600388498,vapour,False,
0.04970711483464267,1.0002867018433368,3056.626723431992,804.5738680313551,1.4424380969189592,1160.5479990338738,2955392.482103608,510.0776064942215,402.37812213337514,295.4449232130074,4097159.07739948,413762.4897077524,102.88597298873154,40.76081288502911,358552.53095481195,1.1729855224324803,0.03482227263753301,26988.06242003741,0.49881985005706675,27637.744984179,13.720550751206861,284.1396332205188,1.103749530906779,,,0.0008616619052658521,3.644168583801346e-05,3.618240202203334e-05,4193.715893487845,26988.06242003741,2885919.8472371614,294.94653137107696,6863426.946236396,0.01365240597372429,0.0485,0.01365240597372429,1.4210854715202004e-14,1.0,0.005557521601035995,0.0013216415145030625,0.006157521601035994,0.0002084070600388498,vapour,False,
0.04970711483464267,1.0002867018433368,3056.626723431992,804.5738680313551,1.442526860001558,1160.6194154905786,2955948.8580155484,509.75492500864084,401.98854618535427,295.25667982523095,4098253.773586685,413435.26368874696,103.12624162191001,40.66584632128062,358688.0928918425,1.1759560648928615,0.03482220253588278,27047.592715342165,0.4982709962319346,27695.091998503045,13.71461531087844,284.15082625895474,1.1021847679572359,,,0.0008616088845776487,3.6457457148170955e-05,3.6107480706475044e-05,4193.715893487845,27047.592715342165,2886840.0510569457,294.95120567015147,6856910.053721533,0.013969903787066714,0.0485,0.013969903787066714,-1.4210854715201953e-14,1.0,0.005557521601035995,0.0013216415145030625,0.006157521601035994,0.0002084070600388498,vapour,False,
0.04970711483464267,1.0002867018433368,3056.626723431992,804.5738680313551,1.4426158687828328,1160.6910296300175,2956506.763102357,509.4313995870457,401.59788622347816,295.06911085807786,4099346.710941011,413107.97590918024,103.36755409088106,40.57091154348799,358822.48465348996,1.1789566615621514,0.034822133091368716,27107.84136198966,0.49771755183868766,27753.128231891864,13.70866380442557,284.1619966320155,1.1006188827975234,,,0.0008615557236784716,3.647328486081809e-05,3.603197418483705e-05,4193.715893487845,27107.84136198966,2887765.1430923026,294.9558717891387,6850410.876028581,0.01428740160040914,0.0485,0.01428740160040914,1.4210854715202054e-14,1.0,0.005557521601035995,0.0013216415145030625,0.006157521601035994,0.0002084070600388498,vapour,False,
0.04970711483464267,1.0002867018433368,3056.626723431992,804.5738680313551,1.4427051249608631,1160.7628428184212,2957066.2079185927,509.10702445661036,401.2061346644048,294.8822205876361,4100437.889449482,412780.62619860296,103.60991683268418,40.476008684189196,358955.6925220458,1.1819876619524439,0.03482206430966135,27168.818923397997,0.49715947300119173,27811.86371471908,13.702696120547605,284.17314435284607,1.0990518761800139,,,0.0008615024216074347,3.648916940150449e-05,3.595587876661292e-05,4193.715893487845,27168.818923397997,2888695.1687786565,294.9605297260189,6843929.383348811,0.014604899413751565,0.0485,0.014604899413751565,-1.4210854715201953e-14,1.0,0.005557521601035995,0.0013216415145030625,0.006157521601035994,0.0002084070600388498,vapour,False,
0.04970711483464267,1.0002867018433368,3056.626723431992,804.5738680313551,1.442794602652988,1160.8348342312768,2957627.0301508293,508.7818940601919,400.8134049791306,294.6960740420972,4101527.202671692,412453.2144045339,103.85327079343257,40.381163361039235,359087.65395255305,1.1850485032399365,0.03482199622160946,27230.518002352794,0.49659688205455593,27871.29118339576,13.696713991849409,284.18426943455796,1.097484244687092,,,0.000861448993871911,3.650510628297694e-05,3.587921325280212e-05,4193.715893487845,27230.518002352794,2889629.8904425176,294.9651794787764,6837464.961689997,0.014922397227093992,0.0485,0.014922397227093992,1.4210854715202004e-14,1.0,0.005557521601035995,0.0013216415145030625,0.006157521601035994,0.0002084070600388498,vapour,False,
0.04970711483464267,1.0002867018433368,3056.626723431992,804.5738680313551,1.4428843303468262,1160.9070267889774,2958189.4082665807,508.45590526680735,400.4195719999039,294.5106263770487,4102614.8010574044,412125.7403547356,104.09771441161487,40.28633978365163,359218.378483185,1.1881405109453396,0.03482192882083136,27292.969693337658,0.49602955261202003,27931.4404545276,13.690715515855056,284.19538210307076,1.0959155441135202,,,0.0008613954235129062,3.6521100699299165e-05,3.580194876193373e-05,4193.715893487845,27292.969693337658,2890569.6431379323,294.9698253156329,6831006.99112493,0.015239895040436416,0.0485,0.015239895040436416,-0.0,1.0,0.005557521601035995,0.0013216415145030625,0.006157521601035994,0.0002084070600388498,vapour,False,
0.04970711483464267,1.0002867018433368,3056.626723431992,804.5738680313551,1.4429742834538666,1160.9794007082505,2958753.188067937,508.1291477963159,400.02474351746395,294.32591802588513,4103700.4907067227,411798.20389404014,104.34313423176967,40.191584471410025,359347.8562186184,1.1912629728842596,0.03482186211098484,27356.161796900757,0.49545764374319284,27992.299576722027,13.68470233847244,284.2064619437339,1.0943461696127579,,,0.0008613417252622694,3.6537148388995406e-05,3.572411038468539e-05,4193.715893487845,27356.161796900757,2891514.171890008,294.9744586944393,6824577.221274512,0.01555739285377884,0.0485,0.01555739285377884,-1.4210854715202004e-14,1.0,0.005557521601035995,0.0013216415145030625,0.006157521601035994,0.0002084070600388498,vapour,False,
0.04970711483464267,1.0002867018433368,3056.626723431992,804.5738680313551,1.4430644899265777,1161.051978478921,2959318.5446598115,507.8015205011329,399.628796704915,294.1419167016435,4104784.465698377,411470.60484789556,104.58965641579138,40.096851229876115,359476.0696517423,1.1944173107602898,0.034821796099647015,27420.128677850196,0.49488090769674103,28053.90153323364,13.678672593262718,284.21752939323727,1.0927757272825847,,,0.0008612878824857496,3.65532544617136e-05,3.5645665855616014e-05,4193.715893487845,27420.128677850196,2892463.823514648,294.97908815398176,6818153.861914535,0.015874890667121267,0.0485,0.015874890667121267,1.4210854715202054e-14,1.0,0.005557521601035995,0.0013216415145030625,0.006157521601035994,0.0002084070600388498,vapour,False,
0.04970711483464267,1.0002867018433368,3056.626723431992,804.5738680313551,1.4431549515377171,1161.124761527304,2959885.4890597933,507.47301735956216,399.23172364065147,293.9586267526892,4105866.7254952504,411142.9430405302,104.83728781260136,40.00214027841117,359603.00440404686,1.1976038955200403,0.034821730792776895,27484.88200556705,0.4942992977998462,28116.25739679602,13.672626164032422,284.22858445854513,1.0912042172216136,,,0.0008612338941808752,3.656941936402192e-05,3.55666113696183e-05,4193.715893487845,27484.88200556705,2893418.6463262714,294.98371369323087,6811736.905330218,0.01619238848046369,0.0485,0.01619238848046369,-0.0,1.0,0.005557521601035995,0.0013216415145030625,0.006157521601035994,0.0002084070600388498,vapour,False,
0.04970711483464267,1.0002867018433368,3056.626723431992,804.5738680313551,1.4432456435507917,1161.197729951063,2960453.8661491373,507.1437285988027,398.8336327639763,293.7760877817862,4106947.1203086018,410815.21831334406,105.08591382065649,39.90749797965307,359728.6520794333,1.2008219966972824,0.034821666193254906,27550.40947249821,0.49371297610095144,28179.355101539917,13.666564706321845,284.23960673698696,1.089632036180423,,,0.0008611797751638247,3.658563880129374e-05,3.548697251575332e-05,4193.715893487845,27550.40947249821,2894378.382434736,294.9883267681042,6805348.294616823,0.016509886293806116,0.0485,0.016509886293806116,1.4210854715202004e-14,1.0,0.005557521601035995,0.0013216415145030625,0.006157521601035994,0.0002084070600388498,vapour,False,
0.04970711483464267,1.0002867018433368,3056.626723431992,804.5738680313551,1.443336594168466,1161.2709064413248,2961023.8525877804,506.81355222137654,398.4344001376642,293.5942683267958,4108025.799969375,410487.4304881809,105.33566202267532,39.81287830692207,359852.99324748636,1.204073078601961,0.03482160230963375,27616.74689870245,0.4931216886017563,28243.22901395686,13.660486337357051,284.25061665312376,1.0880587886725583,,,0.0008611255086588417,3.660191794436046e-05,3.5406716402923806e-05,4193.715893487845,27616.74689870245,2895343.385047357,294.9929359193393,6798966.045211398,0.016827384107148544,0.0485,0.016827384107148544,-1.4210854715202004e-14,1.0,0.005557521601035995,0.0013216415145030625,0.006157521601035994,0.0002084070600388498,vapour,False,
0.04970711483464267,1.0002867018433368,3056.626723431992,804.5738680313551,1.4434277778445257,1161.3442704442737,2961595.288187292,506.482581372954,398.03413775454555,293.4132196428754,4109102.6146397963,410159.57940461737,105.58644438367443,39.71831723255063,359975.993891291,1.2073564698904435,0.034821539157942574,27683.884394882494,0.4925255814860978,28307.869416956826,13.654392766613134,284.2616040130467,1.086484921871655,,,0.0008610711099624652,3.661825234898536e-05,3.532586593751155e-05,4193.715893487845,27683.884394882494,2896313.4022899447,294.99753687374204,6792600.701136354,0.01714488192049097,0.0485,0.01714488192049097,-0.0,1.0,0.005557521601035995,0.0013216415145030625,0.006157521601035994,0.0002084070600388498,vapour,False,
0.04970711483464267,1.0002867018433368,3056.626723431992,804.5738680313551,1.443519224375417,1161.4178459333507,2962168.359586346,506.15070831113144,397.6327146733377,293.2328864127689,4110177.6710557733,409831.6648815691,105.83833482265659,39.623789438060065,360097.68648621865,1.210673520453015,0.034821476720076676,27751.8538501685,0.4919244321396477,28373.30682377318,13.648282005071556,284.272568829628,1.0849099402985496,,,0.0008610165613533944,3.66346474826799e-05,3.5244393831533544e-05,4193.715893487845,27751.8538501685,2897288.775869998,295.0021296293266,6786252.816894231,0.017462379733833393,0.0485,0.017462379733833393,-0.0,1.0,0.005557521601035995,0.0013216415145030625,0.006157521601035994,0.0002084070600388498,vapour,False,
0.04970711483464267,1.0002867018433368,3056.626723431992,804.5738680313551,1.4436109356353573,1161.491634416503,2962743.078432488,505.8179266722318,397.2301225153177,293.0532729122567,4111250.9691501902,409503.6867366623,106.09134024518221,39.529295075318736,360218.05657967797,1.2140246210660977,0.0348214150020475,27820.668106158515,0.4913181911139818,28439.553410582637,13.642153929879669,284.28351111570714,1.0833338447320413,,,0.0008609618617721414,3.665110381908807e-05,3.51622961712152e-05,4193.715893487845,27820.668106158515,2898269.557151952,295.00671418411144,6779922.363059997,0.017779877547175818,0.0485,0.017779877547175818,-0.0,1.0,0.005557521601035995,0.0013216415145030625,0.006157521601035994,0.0002084070600388498,vapour,False,
0.04970711483464267,1.0002867018433368,3056.626723431992,804.5738680313551,1.4437029128034018,1161.5656368423672,2963319.452016118,505.48423261960124,396.82635595072134,292.87439569863807,4112322.551486004,409175.6447867161,106.34549513964525,39.4348240889843,360337.06270046526,1.2174102399081288,0.03482135402370398,27890.342801036742,0.4907067902660968,28506.62406779126,13.63600846465296,284.2944410789618,1.0817566846371072,,,0.0008609070105744761,3.666762170880811e-05,3.50795659851518e-05,4193.715893487845,27890.342801036742,2899255.8062703484,295.01129480925005,6773598.200531901,0.018097375360518243,0.0485,0.018097375360518243,1.4210854715202054e-14,1.0,0.005557521601035995,0.0013216415145030625,0.006157521601035994,0.0002084070600388498,vapour,False,
0.04970711483464267,1.0002867018433368,3056.626723431992,804.5738680313551,1.4437951308547476,1161.6398330766408,2963897.3234250103,505.1497173663238,396.42152468236407,292.6962926716954,4113392.2689686688,408847.53886592004,106.600682559074,39.34042252650539,360454.69959105743,1.220829607353047,0.03482129378631983,27960.86548423063,0.49009039759064466,28574.506568663626,13.629847283676376,284.3053383404476,1.0801788599723794,,,0.0008608520227405318,3.668419679205203e-05,3.4996229859543924e-05,4193.715893487845,27960.86548423063,2900247.25957092,295.01586295682625,6767302.180580686,0.01841487317386067,0.0485,0.01841487317386067,-1.4210854715201953e-14,1.0,0.005557521601035995,0.0013216415145030625,0.006157521601035994,0.0002084070600388498,vapour,False,
0.04970711483464267,1.0002867018433368,3056.626723431992,804.5738680313551,1.4438875900737678,1161.714223348123,2964476.6943518515,504.8143802826844,396.0156273096107,292.51899196571287,4114460.121723026,408519.3688082762,106.85696372574643,39.24607014149513,360570.8998380234,1.224283242577186,0.03482123432297734,28032.254114354324,0.48946893010646425,28643.218057297338,13.623670370034125,284.31622330068086,1.078600468920526,,,0.0008607968981544757,3.670082924934623e-05,3.4912278292181394e-05,4193.715893487845,28032.254114354324,2901243.9819408082,295.0204271714508,6761011.60073764,0.018732370987203095,0.0485,0.018732370987203095,-0.0,1.0,0.005557521601035995,0.0013216415145030625,0.006157521601035994,0.0002084070600388498,vapour,False,
0.04970711483464267,1.0002867018433368,3056.626723431992,804.5738680313551,1.4439803499745603,1161.788855540302,2965057.9376239767,504.47800597416654,395.6084024041601,292.3423694687529,4115526.3226384325,408191.1344065144,107.11445645282313,39.15172640898291,360685.76411595853,1.2277735376818177,0.03482117558075604,28104.56196815942,0.4888419867156839,28712.809559350637,13.617473750225232,284.3270857775111,1.0770204699731054,,,0.000860741601394463,3.671752993037567e-05,3.482766108043019e-05,4193.715893487845,28104.56196815942,2902246.621839143,295.02498317802593,6754738.932333706,0.01904986880054552,0.0485,0.01904986880054552,-0.0,1.0,0.005557521601035995,0.0013216415145030625,0.006157521601035994,0.0002084070600388498,vapour,False,
0.04970711483464267,1.0002867018433368,3056.626723431992,804.5738680313551,1.4440733548458424,1161.8636848293352,2965640.70404665,504.1407969248139,395.20009438015626,292.16655742492725,4116590.700895053,407862.8354920206,107.37305680496628,39.05743226725268,360799.16265242785,1.23129890113716,0.034821117624625315,28177.76350069392,0.48820986644238845,28783.25632299029,13.611261148380057,284.3379359706202,1.0754399054887969,,,0.0008606861657328491,3.6734288950110066e-05,3.4742420689950277e-05,4193.715893487845,28177.76350069392,2903254.636964451,295.02953524899294,6748471.908731461,0.019367366613887944,0.0485,0.019367366613887944,1.4210854715202004e-14,1.0,0.005557521601035995,0.0013216415145030625,0.006157521601035994,0.0002084070600388498,vapour,False,
0.04970711483464267,1.0002867018433368,3056.626723431992,804.5738680313551,1.4441666079305444,1161.9387138243997,2966225.013846883,503.80274179197613,394.79068884216053,291.99153463882686,4117653.214568258,407534.4718939416,107.63271550749933,38.963208107442455,360911.13642185926,1.2348595685038835,0.03482106043222357,28251.867287716606,0.48757255693581847,28854.566332129336,13.60503235001185,284.34875351671843,1.073858680724396,,,0.0008606305892921019,3.675110702692041e-05,3.465655967549607e-05,4193.715893487845,28251.867287716606,2904268.0618420974,295.0340748339025,6742232.900951782,0.019684864427230372,0.0485,0.019684864427230372,-1.4210854715202004e-14,1.0,0.005557521601035995,0.0013216415145030625,0.006157521601035994,0.0002084070600388498,vapour,False,
0.04970711483464267,1.0002867018433368,3056.626723431992,804.5738680313551,1.4442601671031512,1162.0139890897938,2966811.2295532315,503.4636312413927,394.37993153707816,291.817215494636,4118714.1184405126,407206.043401292,107.8936356505978,38.86898303314899,361021.7016412928,1.2384582307467686,0.034821003993894595,28326.936860780712,0.4869295908645753,28926.800537590236,13.59878349192023,284.35955880046475,1.072275897695643,,,0.0008605748376431342,3.67679947472564e-05,3.4570017472222856e-05,4193.715893487845,28326.936860780712,2905287.581604441,295.03861047992336,6736000.6530261645,0.020002362240572797,0.0485,0.020002362240572797,-0.0,1.0,0.005557521601035995,0.0013216415145030625,0.006157521601035994,0.0002084070600388498,vapour,False,
0.04970711483464267,1.0002867018433368,3056.626723431992,804.5738680313551,1.4443539777343277,1162.0894666721817,2967399.0087679173,503.12366375319516,393.9680621356689,291.6437060123692,4119773.157187166,406877.5498409901,108.15565592313624,38.77481817934906,361130.785567978,1.2420930955902652,0.034820948345390415,28402.940807587303,0.4862813110103824,28999.928474431203,13.592518225337942,284.3703416474694,1.070692503709408,,,0.0008605189434025683,3.678494240073523e-05,3.448284366913818e-05,4193.715893487845,28402.940807587303,2906312.6301445644,295.04313791070007,6729785.060499655,0.02031986005391522,0.0485,0.02031986005391522,-0.0,1.0,0.005557521601035995,0.0013216415145030625,0.006157521601035994,0.0002084070600388498,vapour,False,
0.04970711483464267,1.0002867018433368,3056.626723431992,804.5738680313551,1.4444480417009862,1162.1651480816786,2967988.363155319,502.7828329535928,393.55507223111124,291.4710096927832,4120830.3311940846,406548.99103866296,108.41878270303017,38.680713700455854,361238.3744380023,1.2457645589526287,0.03482089349233338,28479.89380978384,0.4856276663344,29073.964038617385,13.58623642709378,284.38110207030377,1.0691084998206521,,,0.000860462905509294,3.6801950465317686e-05,3.4395034632076787e-05,4193.715893487845,28479.89380978384,2907343.2607629164,295.0476571242847,6723586.098345617,0.020637357867257646,0.0485,0.020637357867257646,-0.0,1.0,0.005557521601035995,0.0013216415145030625,0.006157521601035994,0.0002084070600388498,vapour,False,
0.04970711483464267,1.0002867018433368,3056.626723431992,804.5738680313551,1.4445423891602274,1162.2410575818992,2968579.4815617953,502.4410300285308,393.14082924519687,291.2990863053402,4121885.7886730153,406220.3667990322,108.68312211440625,38.58663435407471,361344.4676002434,1.24947420693966,0.03482083943367087,28557.83655728316,0.48496839098068345,29148.946157715607,13.579936085599748,284.3918502587444,1.0675234362984722,,,0.0008604067060585092,3.6819024540933096e-05,3.430655758837113e-05,4193.715893487845,28557.83655728316,2908379.849585273,295.0521723947151,6717393.272777946,0.02095485568060007,0.0485,0.02095485568060007,1.4210854715202004e-14,1.0,0.005557521601035995,0.0013216415145030625,0.006157521601035994,0.0002084070600388498,vapour,False,
0.04970711483464267,1.0002867018433368,3056.626723431992,804.5738680313551,1.444637023017628,1162.3171975105947,2969172.3820827804,502.09824493916994,392.7253202416666,291.1279276410805,4122939.529305088,405891.6769248163,108.94865365736781,38.492590341470816,361449.07748375443,1.2532224006601904,0.03482078616171163,28636.78263800056,0.4843034458483307,29224.88762832335,13.573617009395726,284.40257604418264,1.0659372668458138,,,0.0008603503433845431,3.683616530906224e-05,3.42174112940249e-05,4193.715893487845,28636.78263800056,2909422.448490592,295.0566794446981,6711217.8377858205,0.0212723534939425,0.0485,0.0212723534939425,-1.4210854715201903e-14,1.0,0.005557521601035995,0.0013216415145030625,0.006157521601035994,0.0002084070600388498,vapour,False,
0.04970711483464267,1.0002867018433368,3056.626723431992,804.5738680313551,1.4447319462238934,1162.3935702418257,2969767.083094621,501.75446749135835,392.30853208277324,290.9575253966906,4123991.4695494007,405562.9212166993,109.21535662545799,38.398591764615404,361552.2168490196,1.2570095036542672,0.034820733668631344,28716.74594439018,0.4836327911760684,29301.801533091482,13.567279004048224,284.41326926574277,1.0643499460771606,,,0.0008602938157959346,3.68533734620486e-05,3.412759447130468e-05,4193.715893487845,28716.74594439018,2910471.1102124252,295.0611739956879,6705070.56563238,0.021589851307284923,0.0485,0.021589851307284923,-0.0,1.0,0.005557521601035995,0.0013216415145030625,0.006157521601035994,0.0002084070600388498,vapour,False,
0.04970711483464267,1.0002867018433368,3056.626723431992,804.5738680313551,1.4448271295764938,1162.4701522799996,2970363.4015367795,501.40980391721087,391.89059280899943,290.7879768208888,4125041.586152167,405234.09949563036,109.48325074755172,38.30463440620506,361653.746621048,1.2608350493586589,0.03482068202385294,28797.727683891764,0.482956512065051,29379.68886864495,13.560924021822435,284.42396045596945,1.0627621110835155,,,0.0008602371407460739,3.687064385844156e-05,3.403712015028299e-05,4193.715893487845,28797.727683891764,2911525.6033546925,295.06566887557716,6698917.546508036,0.021907349120627348,0.0485,0.021907349120627348,-0.0,1.0,0.005557521601035995,0.0013216415145030625,0.006157521601035994,0.0002084070600388498,vapour,False,
0.04970711483464267,1.0002867018433368,3056.626723431992,804.5738680313551,1.4449226066502612,1162.5469706385488,2970961.5476463917,501.06413311829465,391.4713548140239,290.61919258713857,4126089.9440857656,404905.2115592852,109.75233086202532,38.21072282063839,361753.7760479807,1.264700375181076,0.03482063117045513,28879.76040236603,0.4822744071365057,29458.580580183003,13.554549823519793,284.43461910719566,1.0611731265704618,,,0.0008601802983072012,3.688798274453957e-05,3.394596685601027e-05,4193.715893487845,28879.76040236603,2912586.2811729996,295.0701512526115,6692792.860086116,0.022224846933969773,0.0485,0.022224846933969773,1.4210854715202004e-14,1.0,0.005557521601035995,0.0013216415145030625,0.006157521601035994,0.0002084070600388498,vapour,False,
0.04970711483464267,1.0002867018433368,3056.626723431992,804.5738680313551,1.4450183496417257,1162.6240029475284,2971561.3471323317,500.717556238887,391.0509399950862,290.4512443627732,4127136.437183149,404576.2572246336,110.02255962760556,38.11687264577698,361852.2229351854,1.2686048432979278,0.034820581148907966,28962.84005220261,0.4815866004294937,29538.47254163914,13.54815826780974,284.44525540517515,1.0595835374095643,,,0.0008601233050967141,3.690538522774671e-05,3.385415405587889e-05,4193.715893487845,28962.84005220261,2913652.893898946,295.0746254014747,6686684.65408819,0.0225423447473122,0.0485,0.0225423447473122,-1.4210854715202004e-14,1.0,0.005557521601035995,0.0013216415145030625,0.006157521601035994,0.0002084070600388498,vapour,False,
0.04970711483464267,1.0002867018433368,3056.626723431992,804.5738680313551,1.4451144188644658,1162.7012977336672,2972163.1777255405,500.36985546524147,390.6290833164925,290.2840388271445,4128181.318931485,404247.23626683035,110.29411957887231,38.023023434979066,361949.1211710644,1.2725513136143627,0.034820531940678266,29047.036388462777,0.48089260447187127,29619.43156087841,13.54174533097365,284.45587952793244,1.057992394075282,,,0.0008600661252801524,3.692286243608231e-05,3.376162023719619e-05,4193.715893487845,29047.036388462777,2914726.1586840064,295.0790955981018,6680583.04645269,0.022859842560654625,0.0485,0.022859842560654625,-0.0,1.0,0.005557521601035995,0.0013216415145030625,0.006157521601035994,0.0002084070600388498,vapour,False,
0.04970711483464267,1.0002867018433368,3056.626723431992,804.5738680313551,1.4452107586190475,1162.7788101826561,2972766.6903781192,500.0212329078404,390.20602916708106,290.1176772119589,4129224.33526673,403918.14849967003,110.56684321969588,37.929236029240236,362044.4064873886,1.2765378194312764,0.03482048357709985,29132.31589708134,0.4801927845093027,29701.425113993835,13.53531473381377,284.4664813183003,1.0564006474481487,,,0.0008600087920787911,3.694040440381528e-05,3.366841813690784e-05,4193.715893487845,29132.31589708134,2915805.486774877,295.08355756334134,6674497.876769294,0.02317734037399705,0.0485,0.02317734037399705,-0.0,1.0,0.005557521601035995,0.0013216415145030625,0.006157521601035994,0.0002084070600388498,vapour,False,
0.04970711483464267,1.0002867018433368,3056.626723431992,804.5738680313551,1.4453073711177227,1162.8565420744153,2973371.8988429895,499.6716810337243,389.7817676405748,289.95216292014675,4130265.4865630562,403588.9937354248,110.84073738707812,37.83551059248683,362138.0646649369,1.280564787603787,0.03482043606407804,29218.696683866994,0.47948708145942304,29784.470319900516,13.528866331003702,284.4770607885862,1.0548082986041958,,,0.0008599513042392176,3.6958011688988665e-05,3.357454368869032e-05,4193.715893487845,29218.696683866994,2916890.940396524,295.0880112952792,6668429.120499932,0.023494838187339474,0.0485,0.023494838187339474,-0.0,1.0,0.005557521601035995,0.0013216415145030625,0.006157521601035994,0.0002084070600388498,vapour,False,
0.04970711483464267,1.0002867018433368,3056.626723431992,804.5738680313551,1.4454042875814965,1162.93451852855,2973978.998585198,499.32108738625357,389.3561614346289,289.78745811694193,4131304.919901696,403259.7717647287,111.11591239264676,37.741812159798,362230.0894761997,1.284633945150858,0.03482038940347624,29306.22599549737,0.4787752049866209,29868.61231984038,13.522398041233174,284.4876281109998,1.053214895027492,,,0.0008598936432511184,3.697569014574005e-05,3.347996181716634e-05,4193.715893487845,29306.22599549737,2917982.9215067644,295.09246107079036,6662366.344949245,0.0238123360006819,0.0485,0.0238123360006819,1.4210854715202105e-14,1.0,0.005557521601035995,0.0013216415145030625,0.006157521601035994,0.0002084070600388498,vapour,False,
0.04970711483464267,1.0002867018433368,3056.626723431992,804.5738680313551,1.4455015113253624,1163.0127422122166,2974588.0102504524,498.9694405097425,388.9291957848668,289.62355431909555,4132342.634947755,402930.4823759302,111.3923476604188,37.64815071743033,362320.49369592674,1.2887456817029266,0.03482034358754787,29394.92106098114,0.47805710742446234,29953.867336688374,13.515909646000683,284.49817313404617,1.0516203924958798,,,0.0008598358072138203,3.699344055233075e-05,3.338467079258145e-05,4193.715893487845,29394.92106098114,2919081.4917964423,295.09690260980113,6656320.732216647,0.024129833814024327,0.0485,0.024129833814024327,-1.4210854715202004e-14,1.0,0.005557521601035995,0.0013216415145030625,0.006157521601035994,0.0002084070600388498,vapour,False,
0.04970711483464267,1.0002867018433368,3056.626723431992,804.5738680313551,1.445599044966194,1163.0912152308836,2975198.950109701,498.61673148213595,388.50085898858885,289.46045567236547,4133378.590565626,402601.1253555766,111.67005126201245,37.55452644727539,362409.26149377,1.2929004696891988,0.03482029862306927,29484.802415420618,0.47733272089939466,30040.254789858544,13.509400973433952,284.50869586995026,1.0500247918437515,,,0.0008597777946431239,3.701126356255492e-05,3.328866572521867e-05,4193.715893487845,29484.802415420618,2920186.7229224145,295.101335910408,6650292.033491084,0.02444733162736675,0.0485,0.02444733162736675,-0.0,1.0,0.005557521601035995,0.0013216415145030625,0.006157521601035994,0.0002084070600388498,vapour,False,
0.04970711483464267,1.0002867018433368,3056.626723431992,804.5738680313551,1.4456968612001388,1163.1699156165848,2975811.6470181374,498.2630595637693,388.07127074631217,289.2982194313935,4134412.680726993,402271.7005091611,111.94895555246727,37.46096489057793,362496.341686907,1.297097529471401,0.03482025453471972,29575.86419950262,0.4766021929379011,30127.76873248898,13.502873848195012,284.519196330905,1.0484285923454824,,,0.0008597196218489798,3.702915435789524e-05,3.3191970134901714e-05,4193.715893487845,29575.86419950262,2921298.352260539,295.1057609707117,6644279.652933424,0.024764829440709176,0.0485,0.024764829440709176,-0.0,1.0,0.005557521601035995,0.0013216415145030625,0.006157521601035994,0.0002084070600388498,vapour,False,
0.04970711483464267,1.0002867018433368,3056.626723431992,804.5738680313551,1.4457949925675693,1163.2488695504535,2976426.3046826106,497.90830762740734,387.64028793491843,289.13679607481725,4135445.011683525,401942.2076196264,112.2291437869882,37.36744086230891,362581.7546191417,1.3013385677746179,0.03482021131096598,29668.15420395118,0.47586524019160903,30216.45475177527,13.496326101543994,284.5296745290716,1.0468312965693873,,,0.0008596612695497033,3.704711906322414e-05,3.309455090661317e-05,4193.715893487845,29668.15420395118,2922416.786133132,295.1101777888167,6638284.133314266,0.0250823272540516,0.0485,0.0250823272540516,1.4210854715202105e-14,1.0,0.005557521601035995,0.0013216415145030625,0.006157521601035994,0.0002084070600388498,vapour,False,
0.04970711483464267,1.0002867018433368,3056.626723431992,804.5738680313551,1.4458934410324418,1163.3280786126377,2977042.935564777,497.5524688888195,387.20790143282073,288.97620250649777,4136475.6235261387,401612.64646853565,112.51065329652425,37.273944916444634,362665.4550267659,1.3056241473657983,0.03482016897349728,29761.697509336267,0.4751217715244287,30306.336631698265,13.489757602937342,284.5401406270411,1.0452329488005563,,,0.0008596027366523986,3.7065158227241014e-05,3.299639980089416e-05,4193.715893487845,29761.697509336267,2923542.109273417,295.11459064315414,6632294.504892464,0.02539982506739403,0.0485,0.02539982506739403,-1.4210854715202004e-14,1.0,0.005557521601035995,0.0013216415145030625,0.006157521601035994,0.0002084070600388498,vapour,False,
0.04970711483464267,1.0002867018433368,3056.626723431992,804.5738680313551,1.4459921806758382,1163.4075219494532,2977661.37758526,497.1956372415152,386.77422448591176,288.81646958787184,4137504.3699691766,401283.01685539423,112.79335745952599,37.18052186710277,362747.45150305197,1.309953289959635,0.03482012751676293,29856.482959599707,0.4743719749256117,30397.403254949877,13.483170081222106,284.5505743341068,1.0436339614534973,,,0.0008595440386394951,3.70832672871453e-05,3.2897546925728306e-05,4193.715893487845,29856.482959599707,2924674.0398739725,295.1189909714982,6626332.279074748,0.025717322880736453,0.0485,0.025717322880736453,-0.0,1.0,0.005557521601035995,0.0013216415145030625,0.006157521601035994,0.0002084070600388498,vapour,False,
0.04970711483464267,1.0002867018433368,3056.626723431992,804.5738680313551,1.4460912430942217,1163.4872249825885,2978281.827856163,496.83769961977714,386.3391187362159,288.65757415639763,4138531.3569310145,400953.31855788716,113.0773990207385,37.08712731107933,362827.70409782196,1.3143279129866827,0.03482008695977279,29952.56704194086,0.47361551832032406,30489.708579725902,13.476561436542568,284.5609959613845,1.042033923509581,,,0.0008594851568008965,3.7101452203098164e-05,3.279795204946461e-05,4193.715893487845,29952.56704194086,2925813.012787341,295.1233873329148,6620375.689929323,0.026034820694078878,0.0485,0.026034820694078878,-0.0,1.0,0.005557521601035995,0.0013216415145030625,0.006157521601035994,0.0002084070600388498,vapour,False,
0.04970711483464267,1.0002867018433368,3056.626723431992,804.5738680313551,1.4461906016448722,1163.5671662760076,2978904.1193843065,496.47875284403017,385.9027009777675,288.4995592807471,4139556.478499263,400623.55137218576,113.36267974525852,36.993796396765674,362906.1931819449,1.3187470965404504,0.0348200473112647,30049.941956690345,0.4728525712947272,30583.244723772936,13.46993344900386,284.57139537046004,1.0404332912256116,,,0.0008594261070467435,3.71197082667826e-05,3.2697642419304225e-05,4193.715893487845,30049.941956690345,2926958.7543947482,295.1277754452011,6614435.301529329,0.026352318507421302,0.0485,0.026352318507421302,-0.0,1.0,0.005557521601035995,0.0013216415145030625,0.006157521601035994,0.0002084070600388498,vapour,False,
0.04970711483464267,1.0002867018433368,3056.626723431992,804.5738680313551,1.4462903193870116,1163.6473965655118,2979528.6469839313,496.11856969232304,385.46469399560596,288.3423380596666,4140579.9863746944,400293.715050755,113.64939238159023,36.90046911475766,362982.938823047,1.323214038962659,0.03482000855994677,30148.69251964617,0.47208258584067275,30678.09278585859,13.463281914997244,284.5817827163073,1.0388311103558479,,,0.0008593668519789459,3.71380472574842e-05,3.259655047594618e-05,4193.715893487845,30148.69251964617,2928112.045896268,295.1321595880221,6608501.305201073,0.026669816320763727,0.0485,0.026669816320763727,1.4210854715202105e-14,1.0,0.005557521601035995,0.0013216415145030625,0.006157521601035994,0.0002084070600388498,vapour,False,
0.04970711483464267,1.0002867018433368,3056.626723431992,804.5738680313551,1.4463903393276358,1163.7278699960202,2980155.053577337,495.75735662072157,385.0253478891427,288.18600500752257,4141601.6682452913,399963.80938558874,113.93736069204408,36.80720588940832,363057.8892976703,1.3277264859417603,0.034819970730798025,30248.783007416416,0.47130595675528353,30774.218049170206,13.456610639121587,284.5921478642212,1.0372283365549928,,,0.0008593074255439288,3.71564588891634e-05,3.249473303926772e-05,4193.715893487845,30248.783007416416,2929272.269406923,295.13653547857064,6602583.681341245,0.026987314134106155,0.0485,0.026987314134106155,-1.4210854715202004e-14,1.0,0.005557521601035995,0.0013216415145030625,0.006157521601035994,0.0002084070600388498,vapour,False,
0.04970711483464267,1.0002867018433368,3056.626723431992,804.5738680313551,1.446490695144927,1163.8086136641177,2980783.549956049,495.39499257944726,384.58451448453485,288.03051237104484,4142621.5901312595,399633.83414534596,114.22667095701402,36.7139815802391,363131.0610006316,1.3322862433831104,0.03481993381442241,30350.268172673208,0.470522376655158,30871.672687916373,13.449917377862576,284.6024908261679,1.0356244718334735,,,0.000859247807808893,3.717494955195469e-05,3.239215477920685e-05,4193.715893487845,30350.268172673208,2930439.857289277,295.1409031149766,6596682.755346461,0.02730481194744858,0.0485,0.02730481194744858,-0.0,1.0,0.005557521601035995,0.0013216415145030625,0.006157521601035994,0.0002084070600388498,vapour,False,
0.04970711483464267,1.0002867018433368,3056.626723431992,804.5738680313551,1.4465913593887842,1163.8896054841703,2981413.9640786136,495.0315772683098,384.1423141180892,287.8759148704724,4143639.685980825,399303.7891177308,114.51725277308852,36.6208216835024,363202.40696356975,1.336892419650375,0.0348198978334137,30453.144262522273,0.4697319971058089,30970.452695647306,13.443203964840707,284.6128116140825,1.0340200162278752,,,0.0008591880151588834,3.719351438151929e-05,3.22888402642091e-05,4193.715893487845,30453.144262522273,2931614.54392124,295.1452624953739,6590798.14859457,0.027622309760791004,0.0485,0.027622309760791004,-0.0,1.0,0.005557521601035995,0.0013216415145030625,0.006157521601035994,0.0002084070600388498,vapour,False,
0.04970711483464267,1.0002867018433368,3056.626723431992,804.5738680313551,1.446692366106746,1163.970872849938,2982046.509037021,494.6669883609634,383.6985969768954,287.7221652625187,4144656.021973533,398973.67406685796,114.80919330891335,36.527701071846664,363271.94242478645,1.3415468459273188,0.03481986277900334,30557.468303532598,0.4689345030834278,31070.6123969217,13.43646813224488,284.6231102398683,1.0324144715905261,,,0.0008591280274492938,3.721215985323542e-05,3.2184753464951796e-05,4193.715893487845,30557.468303532598,2932796.769998226,295.1496136179007,6584930.186957321,0.02793980757413343,0.0485,0.02793980757413343,-0.0,1.0,0.005557521601035995,0.0013216415145030625,0.006157521601035994,0.0002084070600388498,vapour,False,
0.04970711483464267,1.0002867018433368,3056.626723431992,804.5738680313551,1.4467937180394235,1164.0524179664446,2982681.201854248,494.301216591949,383.2533507632187,287.56928052202653,4145670.597722591,398643.4887549577,115.1025311546868,36.43461052869369,363339.6207022308,1.3462500913951603,0.034819828673660916,30663.271641540574,0.46812978799773003,31172.181475304737,13.42970970038473,284.63339684906344,1.0308078801375997,,,0.0008590678431362756,3.723088667997613e-05,3.2079885098584494e-05,4193.715893487845,30663.271641540574,2933986.6375739244,295.15396076375185,6579067.754542635,0.028257305387475853,0.0485,0.028257305387475853,1.4210854715202105e-14,1.0,0.005557521601035995,0.0013216415145030625,0.006157521601035994,0.0002084070600388498,vapour,False,
0.04970711483464267,1.0002867018433368,3056.626723431992,804.5738680313551,1.4468954204323072,1164.1342450540753,2983318.0752362036,493.93424366766294,382.80655217075764,287.41723867016356,4146683.413363749,398313.2329406396,115.39721588385127,36.34156908697756,363405.48556371895,1.3510024594580219,0.03481979549429463,30770.577081679567,0.46731780293155345,31275.18131491348,13.422928322592199,284.64365118433227,1.029200159807227,,,0.0008590074591900257,3.724969604124664e-05,3.1974235094942614e-05,4193.715893487845,30770.577081679567,2935184.2238385268,295.1582953652685,6573233.006900162,0.02857480320081828,0.0485,0.02857480320081828,-1.4210854715201903e-14,1.0,0.005557521601035995,0.0013216415145030625,0.006157521601035994,0.0002084070600388498,vapour,False,
0.04970711483464267,1.0002867018433368,3056.626723431992,804.5738680313551,1.4469974442576434,1164.2163307578573,2983956.9472703175,493.5661749445103,382.35832846163385,287.26611925856395,4147694.3629383943,397982.9064026513,115.69323534542518,36.24858342812068,363469.43153849564,1.355803168717345,0.034819763293012146,30879.38860812418,0.4664986600595522,31379.615346805775,13.416125937344582,284.6538935229782,1.027591893436108,,,0.0008589468929275719,3.7268582773825965e-05,3.186782211789581e-05,4193.715893487845,30879.38860812418,2936389.281586638,295.1626259870059,6567403.188650854,0.028892301014160706,0.0485,0.028892301014160706,-0.0,1.0,0.005557521601035995,0.0013216415145030625,0.006157521601035994,0.0002084070600388498,vapour,False,
0.04970711483464267,1.0002867018433368,3056.626723431992,804.5738680313551,1.4470998243691304,1164.298703120166,2984598.0360706365,493.1968853051353,381.9085262459015,287.11587613920784,4148703.6306106076,397652.5088955948,115.99067875437963,36.155628525705964,363531.4711728795,1.360654096725796,0.034819732062477876,30989.76836853527,0.4656720275252047,31485.542736819036,13.409300223764063,284.66412387126604,1.0259825818583534,,,0.0008588861237413841,3.728755353794646e-05,3.1760608618335966e-05,4193.715893487845,30989.76836853527,2937602.2698460463,295.1669526280167,6561579.274027985,0.02920979882750313,0.0485,0.02920979882750313,-0.0,1.0,0.005557521601035995,0.0013216415145030625,0.006157521601035994,0.0002084070600388498,vapour,False,
0.04970711483464267,1.0002867018433368,3056.626723431992,804.5738680313551,1.447202566385872,1164.381366661985,2985241.376674332,492.8263551451514,381.45712055901276,286.9664871548153,4149711.0986942924,397322.04017019365,116.28949545842448,36.062723266240084,363591.6487269406,1.3655555309726453,0.034819701779439466,31101.741700862767,0.46483785009615347,31592.987253080693,13.402450810440772,284.67432198284513,1.0243721444249443,,,0.0008588251483848209,3.730660959490261e-05,3.165259403896629e-05,4193.715893487845,31101.741700862767,2938823.273288266,295.1712667188509,6555782.747444239,0.029527296640845555,0.0485,0.029527296640845555,1.4210854715202105e-14,1.0,0.005557521601035995,0.0013216415145030625,0.006157521601035994,0.0002084070600388498,vapour,False,
0.04970711483464267,1.0002867018433368,3056.626723431992,804.5738680313551,1.4473056413284848,1164.4642980672602,2985886.787477763,492.4546896189845,381.00423844690266,286.81803109671074,4150716.7395978835,396991.49999727495,116.58967278782632,35.969874459804906,363649.85966166883,1.3705066341067424,0.034819672495547585,31215.314095359372,0.46399623929981365,31701.9537306136,13.39557963236728,284.68450812389574,1.0227611628162299,,,0.0008587639841425515,3.73257457849653e-05,3.154379722137853e-05,4193.715893487845,31215.314095359372,2940052.0458868863,295.1755768258723,6549991.316288526,0.029844794454187983,0.0485,0.029844794454187983,-1.4210854715202004e-14,1.0,0.005557521601035995,0.0013216415145030625,0.006157521601035994,0.0002084070600388498,vapour,False,
0.04970711483464267,1.0002867018433368,3056.626723431992,804.5738680313551,1.4474090855598534,1164.547526592618,2986534.49602343,492.0817582627178,380.54971985976465,286.67044948097424,4151720.6589809735,396660.88812247675,116.8912711890412,35.87706636114515,363706.1455438409,1.3755092178662631,0.03481964418895129,31330.54870102935,0.4631468697617874,31812.50220600521,13.388684268610806,284.69467217799104,1.0211490976876685,,,0.0008587026095241711,3.734496907752381e-05,3.14341824960638e-05,4193.715893487845,31330.54870102935,2941289.052619796,295.17987866329156,6544216.577954455,0.030162292267530408,0.0485,0.030162292267530408,-0.0,1.0,0.005557521601035995,0.0013216415145030625,0.006157521601035994,0.0002084070600388498,vapour,False,
0.04970711483464267,1.0002867018433368,3056.626723431992,804.5738680313551,1.447512903494504,1164.6310557898707,2987184.5297976388,491.70754585460554,380.0935451068929,286.5237461778966,4152722.8176954584,396330.20428839425,117.19430005257763,35.78429916477501,363760.48956234613,1.3805637274788736,0.034819616867202696,31447.480265266386,0.46228963846824034,31924.665479557225,13.381764428235762,284.7048141568113,1.0195359499249352,,,0.0008586410220031309,3.7364280523799316e-05,3.1323742472426034e-05,4193.715893487845,31447.480265266386,2942534.405244555,295.18417222927553,6538458.298539452,0.030479790080872832,0.0485,0.030479790080872832,-0.0,1.0,0.005557521601035995,0.0013216415145030625,0.006157521601035994,0.0002084070600388498,vapour,False,
0.04970711483464267,1.0002867018433368,3056.626723431992,804.5738680313551,1.4476170997013602,1164.7148893350552,2987836.917250367,491.3320366300177,379.6356938127668,286.3779250403531,4153723.215629785,395999.4482344733,117.49876884892613,35.691573065585985,363812.87485765823,1.3856705988961924,0.034819590537899965,31566.14464960244,0.4614244395857116,32038.477400653723,13.37481981007579,284.71493407200643,1.0179217204167368,,,0.0008585792189631128,3.7383681208424946e-05,3.121246954075276e-05,4193.715893487845,31566.14464960244,2943788.2187691885,295.18845752199564,6532716.45109614,0.030797287894215257,0.0485,0.030797287894215257,-0.0,1.0,0.005557521601035995,0.0013216415145030625,0.006157521601035994,0.0002084070600388498,vapour,False,
0.04970711483464267,1.0002867018433368,3056.626723431992,804.5738680313551,1.447721646169976,1164.7990046916984,2988491.482851669,490.95533221830374,379.17628875967836,286.2330507112017,4154721.785669885,395668.61971959105,117.80463403438199,35.598904303406975,363863.2290410706,1.390828812110788,0.03481956523656151,31686.54657205414,0.46055140281932067,32153.94197147462,13.36785228421575,284.7250420523868,1.016306949351838,,,0.0008585172171096439,3.740316614587228e-05,3.110038579055565e-05,4193.715893487845,31686.54657205414,2945050.2409805693,295.1927388253641,6526979.636429373,0.03111478570755768,0.0485,0.03111478570755768,-0.0,1.0,0.005557521601035995,0.0013216415145030625,0.006157521601035994,0.0002084070600388498,vapour,False,
0.04970711483464267,1.0002867018433368,3056.626723431992,804.5738680313551,1.4478265803201789,1164.8834319668158,2989148.4607313937,490.5772984827104,378.71516521050546,286.08906567096324,4155718.5948496955,395337.7184767062,118.11195766859345,35.506277063452444,363911.59162191465,1.3960401960022248,0.034819540942497104,31808.755568263798,0.45967018248794284,32271.12526157189,13.360859360055358,284.7351279887285,1.0146910980149588,,,0.0008584549943435775,3.7422742544153865e-05,3.098745370341298e-05,4193.715893487845,31808.755568263798,2946320.9594949707,295.197011852414,6521259.216370295,0.031432283520900106,0.0485,0.031432283520900106,1.4210854715202105e-14,1.0,0.005557521601035995,0.0013216415145030625,0.006157521601035994,0.0002084070600388498,vapour,False,
0.04970711483464267,1.0002867018433368,3056.626723431992,804.5738680313551,1.447931907231924,1164.9681752476065,2989807.882529387,490.19791786061023,378.252300523887,285.9459737148282,4156713.6430662842,395006.74423527496,118.42074946100591,35.41369154118358,363957.9456144272,1.4013051498274498,0.03481951766343965,31932.8111284742,0.4587806635526394,32390.06453711438,13.353840702563122,284.7451918926018,1.013074167302552,,,0.0008583925477513207,3.74424115980379e-05,3.087366494296864e-05,4193.715893487845,31932.8111284742,2947600.49995689,295.2012766013271,6515555.16418751,0.031749781334242534,0.0485,0.031749781334242534,-0.0,1.0,0.005557521601035995,0.0013216415145030625,0.006157521601035994,0.0002084070600388498,vapour,False,
0.04970711483464267,1.0002867018433368,3056.626723431992,804.5738680313551,1.4480375999356263,1165.053212835047,2990469.5792359733,489.81728821405204,377.7878129015515,285.8038253897173,4157706.863256008,394675.69674346305,118.73093446362742,35.32117314188719,364002.2514771098,1.406622471713465,0.034819495418470396,32058.716784002587,0.4578829938291687,32510.762580837618,13.346798112256643,284.7552337755461,1.0114566584194422,,,0.0008583298934188546,3.7462168513723125e-05,3.075904471676148e-05,4193.715893487845,32058.716784002587,2948888.6043051225,295.20553307028905,6509867.100443963,0.03206727914758496,0.0485,0.03206727914758496,-1.4210854715201903e-14,1.0,0.005557521601035995,0.0013216415145030625,0.006157521601035994,0.0002084070600388498,vapour,False,
0.04970711483464267,1.0002867018433368,3056.626723431992,804.5738680313551,1.448143695916784,1165.1385748889893,2991133.785368009,489.4352752791451,377.3215372820407,285.6625771055302,4158698.3226783215,394344.575723475,119.04260645588032,35.22869683672563,364044.51587047294,1.4119940823413364,0.03481947420349722,32186.550916035598,0.45697679004756414,32633.293893012644,13.339729094775471,284.7652536490703,1.009838072122526,,,0.0008582670092227243,3.748202054536669e-05,3.064355082507063e-05,4193.715893487845,32186.550916035598,2950185.7886321344,295.2097812574898,6504195.353978731,0.03238477696092738,0.0485,0.03238477696092738,1.4210854715202105e-14,1.0,0.005557521601035995,0.0013216415145030625,0.006157521601035994,0.0002084070600388498,vapour,False,
0.04970711483464267,1.0002867018433368,3056.626723431992,804.5738680313551,1.448250200001335,1165.2242652922578,2991800.5309647834,489.0518624550027,376.85345211791815,285.5222458797247,4159688.020985684,394013.38089418993,119.35580618759842,35.13625375623821,364084.6899880497,1.4174204257946,0.034819454042298824,32316.360660269365,0.45606190580525097,32757.703026084142,13.332633332220695,284.77526163283045,1.0082184473628013,,,0.0008582038924062255,3.750196885649443e-05,3.0527170943693e-05,4193.715893487845,32316.360660269365,2951492.200330902,295.2140254483311,6498528.915857679,0.03270227477426981,0.0485,0.03270227477426981,-1.4210854715201903e-14,1.0,0.005557521601035995,0.0013216415145030625,0.006157521601035994,0.0002084070600388498,vapour,False,
0.04970711483464267,1.0002867018433368,3056.626723431992,804.5738680313551,1.4483456453666987,1165.301058139054,2992398.032374643,488.70832030842485,376.43395658433764,285.3828221854748,4160675.995257952,393682.11992099736,119.67051306635368,35.043853210210244,364217.6646401635,1.4244027227694962,0.034819387341138,32428.394608980514,0.4552720591630831,32865.027461008955,13.326274730571708,284.7852476265157,1.0065977465262823,,,0.0008581473371327456,3.7519862835557015e-05,3.0427481041553953e-05,4193.715893487845,32428.394608980514,2952642.1158816423,295.21826135438783,6492878.951123015,0.03301977258761223,0.0485,0.03301977258761223,1.4210854715202105e-14,1.0,0.005557521601035995,0.0013216415145030625,0.006157521601035994,0.0002084070600388498,vapour,False,
0.04970711483464267,1.0002867018433368,3056.626723431992,804.5738680313551,1.4484053134823132,1165.3490655456321,2992771.5556479846,488.4935827865079,376.1717015032567,285.24435532875503,4161662.099525021,393350.817598465,119.98665078640208,34.95152057334626,364646.41680134455,1.436231498062993,0.03481917260521587,32479.528424520293,0.454896431728742,32913.87774481462,13.322299811293549,284.79521164155614,1.0049764711474571,,,0.0008581119851259215,3.7531057481242175e-05,3.038232103045178e-05,4193.715893487845,32479.528424520293,2953277.3246409227,295.22248897386027,6487244.666667523,0.03333727040095466,0.0485,0.03333727040095466,-0.0,1.0,0.005557521601035995,0.0013216415145030625,0.006157521601035994,0.0002084070600388498,vapour,False,
0.04970711483464267,1.0002867018433368,3056.626723431992,804.5738680313551,1.4484654169692415,1165.3974232405922,2993147.799480454,488.277300487945,375.90752762453275,285.10684810688446,4162646.334281678,393019.47362542467,120.30422827557007,34.859256017849,365070.80969330744,1.448209821968293,0.034818960546802336,32531.922893192383,0.4545132401968591,32963.936122291874,13.318296029300887,284.80515368935136,1.0033546223778713,,,0.0008580763781159945,3.7542340168740514e-05,3.0336183042283888e-05,4193.715893487845,32531.922893192383,2953920.7047176063,295.2267083049525,6481626.04054034,0.03365476821429709,0.0485,0.03365476821429709,-1.4210854715201903e-14,1.0,0.005557521601035995,0.0013216415145030625,0.006157521601035994,0.0002084070600388498,vapour,False,
0.04970711483464267,1.0002867018433368,3056.626723431992,804.5738680313551,1.4485259727027746,1165.4461448013524,2993526.869401684,488.0594131750913,375.64136063113284,284.9702716294812,4163628.8425629167,392688.08768902597,120.62337295140763,34.76702558447986,365490.975315828,1.460344979183228,0.03481875108333771,32585.60699589888,0.45412233526576534,33015.23012861524,13.314262263310177,284.81508388230714,1.0017317376800885,,,0.0008580405061706628,3.7553714213504654e-05,3.0289051328867505e-05,4193.715893487845,32585.60699589888,2954572.4720979896,295.2309236342476,6476012.847043939,0.03397226602763951,0.0485,0.03397226602763951,1.4210854715202105e-14,1.0,0.005557521601035995,0.0013216415145030625,0.006157521601035994,0.0002084070600388498,vapour,False,
0.04970711483464267,1.0002867018433368,3056.626723431992,804.5738680313551,1.448586960876027,1165.4952142918103,2993908.641314071,487.8399926059378,375.3732874362321,284.83466093059013,4164609.5190858427,392356.6594901562,120.94397650784629,34.674863639991,365906.84783147747,1.4726371451256584,0.03481854423141454,32640.57045681696,0.453723847469408,33067.74972036387,13.31019983557108,284.8249921271758,1.0001082812647062,,,0.0008580043810884542,3.7565176043695914e-05,3.024094498284464e-05,4193.715893487845,32640.57045681696,2955232.417520842,295.2351306721636,6470415.474504523,0.03428976384098194,0.0485,0.03428976384098194,-1.4210854715201903e-14,1.0,0.005557521601035995,0.0013216415145030625,0.006157521601035994,0.0002084070600388498,vapour,False,
0.04970711483464267,1.0002867018433368,3056.626723431992,804.5738680313551,1.3918441422761105,1119.841425247874,2636417.815028843,702.3489162457836,624.1329659625076,284.8333032051002,4165433.439822341,392064.80582573725,121.13122854711368,34.6212611214185,63003.423980197884,2.323446368011639,0.035672372890152466,7079.988678349389,0.8001737318397184,7770.175170830718,16.853453838254694,284.8333032051002,0.9986764098345743,,,0.0008929835755795984,2.9667509389979073e-05,0.00012869722728439968,4193.715893487845,29626.785206149525,2402237.7708902103,295.2386603436011,6465728.574134573,0.03460726165432436,0.0485,0.03460726165432436,1.4210854715202105e-14,1.0,0.005557521601035995,0.0013216415145030625,0.006157521601035994,0.0002084070600388498,two-phase,False,
0.04970711483464267,1.0002867018433368,3056.626723431992,804.5738680313551,1.391991774712068,1119.9602064479193,2637353.9106319156,701.7627778668348,623.4757381862487,284.84151209460214,4166246.4129060926,391772.84853474953,121.31090645549803,34.569982337295265,63012.945810284684,2.3236460223179125,0.035672220550727676,7097.1334755153675,0.7997208679513066,7788.208360008337,16.844128487885314,284.84151209460214,0.9972433044740693,,,0.0008928888671603908,2.9683934099624778e-05,0.00012839923558477184,4193.715893487845,29629.400168739165,2403332.3019502647,295.24214732391823,6461096.142296262,0.03492475946766679,0.0485,0.03492475946766679,-0.0,1.0,0.005557521601035995,0.0013216415145030625,0.006157521601035994,0.0002084070600388498,two-phase,False,
0.04970711483464267,1.0002867018433368,3056.626723431992,804.5738680313551,1.392138322916904,1120.0781153039372,2638283.10839367,701.1810876802729,622.8234115766782,284.84970969373745,4167058.385683728,391480.78838078986,121.49102025299194,34.51873138240904,63022.45705755618,2.323845565133875,0.035672068425348376,7114.22127429946,0.7992700021747932,7806.178686966171,16.834873362666205,284.84970969373745,0.9958097981885902,,,0.0008927948741580817,2.9700253113208632e-05,0.00012810365226069973,4193.715893487845,29632.012694369732,2404419.7000893597,295.2456302103648,6456471.814949132,0.035242257281009215,0.0485,0.035242257281009215,-1.4210854715201802e-14,1.0,0.005557521601035995,0.0013216415145030625,0.006157521601035994,0.0002084070600388498,two-phase,False,
0.04970711483464267,1.0002867018433368,3056.626723431992,804.5738680313551,1.3922838476761898,1120.1952007224102,2639205.774032787,700.6036193062364,622.1757327091325,284.8579061006528,4167869.523238288,391188.6260869697,121.67171058556335,34.46746884140084,63031.96943412169,2.324045242036178,0.035671916326601605,7131.257789861803,0.7988209779681809,7824.09219390613,16.825684641936178,284.8579061006528,0.9943749251988364,,,0.0008927015571528099,2.971647279979352e-05,0.00012781035489061078,4193.715893487845,29634.625999699645,2405500.3786609736,295.24911329182476,6451845.525959361,0.035559755094351636,0.0485,0.035559755094351636,1.4210854715202206e-14,1.0,0.005557521601035995,0.0013216415145030625,0.006157521601035994,0.0002084070600388498,two-phase,False,
0.04970711483464267,1.0002867018433368,3056.626723431992,804.5738680313551,1.3924282835488693,1120.3114100511743,2640121.5051987474,700.0306185345598,621.5329797132506,284.86608113193023,4168679.6612311727,390896.362420941,121.85280676350305,34.41624370316871,63041.45950715452,2.3242445607960778,0.03567176462899928,7148.2342245136115,0.7983740215162162,7841.939662984235,16.81656636328052,284.86608113193023,0.9929396157465749,,,0.0008926089576775098,2.973258566574953e-05,0.00012751947132674723,4193.715893487845,29637.233645839333,2406573.846699848,295.25258798853497,6447238.250762785,0.035877252907694064,0.0485,0.035877252907694064,-1.4210854715201903e-14,1.0,0.005557521601035995,0.0013216415145030625,0.006157521601035994,0.0002084070600388498,two-phase,False,
0.04970711483464267,1.0002867018433368,3056.626723431992,804.5738680313551,1.392571767037253,1120.4268531164219,2641031.1716905343,699.4615373740062,620.8945401463602,284.87424488716573,4169488.924410532,390603.99805406836,122.03444998819583,34.36501654978161,63050.93898737395,2.3244437668254245,0.035671613145096225,7165.165743765622,0.7979287301735342,7859.737072290035,16.807509927089466,284.87424488716573,0.9915029040052443,,,0.0008925169878056211,2.9748606555580618e-05,0.00012723071914524453,4193.715893487845,29639.838848485786,2407641.1088011903,295.2560585891415,6442639.705478572,0.036194750721036485,0.0485,0.036194750721036485,1.4210854715202105e-14,1.0,0.005557521601035995,0.0013216415145030625,0.006157521601035994,0.0002084070600388498,two-phase,False,
0.04970711483464267,1.0002867018433368,3056.626723431992,804.5738680313551,1.392714207353124,1120.5414568723259,2641934.193651961,698.896737228561,620.2608204549845,284.8823973711168,4170297.2508486677,390311.53372190683,122.21658996107706,34.31380220004043,63060.40787145747,2.324642859710628,0.03567146187477736,7182.040661103547,0.7974854064405614,7877.472168182077,16.79852096885401,284.8823973711168,0.9900652913767599,,,0.000892425705329294,2.9764525158318736e-05,0.00012694427586035825,4193.715893487845,29642.441605462318,2408701.471445126,295.2595250929023,6438049.556042617,0.03651224853437891,0.0485,0.03651224853437891,-0.0,1.0,0.005557521601035995,0.0013216415145030625,0.006157521601035994,0.0002084070600388498,two-phase,False,
0.04970711483464267,1.0002867018433368,3056.626723431992,804.5738680313551,1.3928555948486632,1120.655213556503,2642830.498853053,698.3362636341158,619.6318727526669,284.8905486760524,4171104.578697946,390018.9701680074,122.39921008262041,34.262605866958246,63069.87787705639,2.3248420856881626,0.03567131063076134,7198.85673823035,0.7970441044039083,7895.142633325338,16.78960010524639,284.8905486760524,0.9886273146739067,,,0.0008923351160134324,2.978034002392712e-05,0.0001266601563066141,4193.715893487845,29645.04513725627,2409754.8363930862,295.26299178966184,6433456.574074395,0.03682974634772134,0.0485,0.03682974634772134,-1.4210854715201903e-14,1.0,0.005557521601035995,0.0013216415145030625,0.006157521601035994,0.0002084070600388498,two-phase,False,
0.04970711483464267,1.0002867018433368,3056.626723431992,804.5738680313551,1.3929960558842722,1120.7682248352305,2643720.9153573588,697.7795891406672,619.007108761575,284.8986786302179,4171911.032858039,389726.30804425385,122.58234997761627,34.211417012756115,63079.32556024382,2.3250409512106898,0.03567115978729984,7215.628035463818,0.7966044504903023,7912.763273641317,16.78073930536707,284.8986786302179,0.9871879009552876,,,0.000892245138504899,2.979606505418283e-05,0.00012637810148209038,4193.715893487845,29647.64299730452,2410802.1553406245,295.26645009774717,6428883.198236568,0.03714724416106376,0.0485,0.03714724416106376,1.4210854715202105e-14,1.0,0.005557521601035995,0.0013216415145030625,0.006157521601035994,0.0002084070600388498,two-phase,False,
0.04970711483464267,1.0002867018433368,3056.626723431992,804.5738680313551,1.3931355064631534,1120.8804231268803,2644604.8875471717,697.2270649299626,618.3869222753715,284.90680741193376,4172716.5913955313,389433.5480640371,122.76602755631053,34.160231270530154,63088.77436106681,2.3252399493279805,0.03567100896997719,7232.343577044388,0.796166728086269,7930.322587990453,16.77194382520031,284.90680741193376,0.98574762190393,,,0.0008921558262301839,2.9811690595382044e-05,0.00012609827518421295,4193.715893487845,29650.241629726577,2411842.7668046094,295.2699085978283,6424307.518461857,0.03746474197440619,0.0485,0.03746474197440619,-0.0,1.0,0.005557521601035995,0.0013216415145030625,0.006157521601035994,0.0002084070600388498,two-phase,False,
0.04970711483464267,1.0002867018433368,3056.626723431992,804.5738680313551,1.393273955315683,1120.9918154556844,2645482.479504628,696.6786461757488,617.7712654270017,284.91491485525125,4173521.112563968,389140.69093365426,122.95012280086918,34.10908259343518,63098.20083002832,2.3254385858354203,0.03567085855291612,7249.003125661819,0.7957309376487022,7947.820358423262,16.763213113918052,284.91491485525125,0.98430690973027,,,0.0008920671732054519,2.9827217288364796e-05,0.0001258206596152088,4193.715893487845,29652.834584117365,2412876.7256910047,295.2733587072808,6419750.559001438,0.03778223978774862,0.0485,0.03778223978774862,-1.4210854715201903e-14,1.0,0.005557521601035995,0.0013216415145030625,0.006157521601035994,0.0002084070600388498,two-phase,False,
0.04970711483464267,1.0002867018433368,3056.626723431992,804.5738680313551,1.3934114837067608,1121.102467205258,2646354.2108145147,696.1340046785649,617.1597715033932,284.9230211326611,4174324.8010161077,388847.73730188387,123.1348136158794,34.05792212891307,63107.628412727565,2.325637354440581,0.03567070816183093,7265.615954386154,0.795296834119458,7965.266358587768,16.75454198424871,284.9230211326611,0.9828648308384125,,,0.0008919791270220388,2.984265403793552e-05,0.000125545079722519,4193.715893487845,29655.4283084293,2413904.6341270013,295.27680900772947,6415191.61484052,0.03809973760109104,0.0485,0.03809973760109104,1.4210854715202206e-14,1.0,0.005557521601035995,0.0013216415145030625,0.006157521601035994,0.0002084070600388498,two-phase,False,
0.04970711483464267,1.0002867018433368,3056.626723431992,804.5738680313551,1.3935479830282773,1121.2122909923544,2647219.392627294,695.5935686096232,616.5529227136677,284.93110608400286,4175127.4529924016,388554.6878937608,123.31992613190678,34.00679861746039,63117.03365412375,2.325835760281669,0.03567055817071548,7282.167640240592,0.7948647882034191,7982.64547107149,16.74593724924728,284.93110608400286,0.9814223199479182,,,0.0008918917568366356,2.9857988391929194e-05,0.00012527175403491552,4193.715893487845,29658.016348424055,2414925.661858345,295.280250915601,6410651.363965089,0.03841723541443347,0.0485,0.03841723541443347,-1.4210854715201802e-14,1.0,0.005557521601035995,0.0013216415145030625,0.006157521601035994,0.0002084070600388498,two-phase,False,
0.04970711483464267,1.0002867018433368,3056.626723431992,804.5738680313551,1.393683603833777,1121.3214079484208,2648078.979465926,695.0567393978213,615.9500484256996,284.9391898759534,4175929.2329189605,388261.54332865344,123.50563911284881,33.95566326858962,63126.44000535342,2.326034297723429,0.035670408205413714,7298.675743722966,0.7944343382915057,7999.976167150293,16.737389384667452,284.9391898759534,0.9799784423449881,,,0.0008918049659192796,2.9873237008994536e-05,0.00012500037238938607,4193.715893487845,29660.60515588161,2415940.9242059463,295.28369301347146,6406108.915004235,0.03873473322777589,0.0485,0.03873473322777589,1.4210854715202206e-14,1.0,0.005557521601035995,0.0013216415145030625,0.006157521601035994,0.0002084070600388498,two-phase,False,
0.04970711483464267,1.0002867018433368,3056.626723431992,804.5738680313551,1.3938182374760637,1121.4297306587625,2648932.276077536,694.5239508209334,615.3516368066557,284.9472624314996,4176730.056919163,387968.30430289515,123.69181255500901,33.90455525601413,63135.835736540226,2.3262327190463465,0.03567025845285,7315.125865921695,0.7940058545574722,8017.243358496878,16.728905230683555,284.9472624314996,0.9785341675160099,,,0.0008917188234456465,2.9888387381316382e-05,0.00012473115200378377,4193.715893487845,29663.19150211073,2416949.5852053794,295.28713100906924,6401574.692955553,0.03905223104111832,0.0485,0.03905223104111832,-0.0,1.0,0.005557521601035995,0.0013216415145030625,0.006157521601035994,0.0002084070600388498,two-phase,False,
0.04970711483464267,1.0002867018433368,3056.626723431992,804.5738680313551,1.393951942531753,1121.5373062525937,2649779.660236084,693.9949630228575,614.7574202777175,284.9553237553303,4177529.9476236054,387674.9714709994,123.87850253106556,33.85345970287434,63145.22084434522,2.326431023837811,0.03567010891291152,7331.524275023667,0.793579169115508,8034.453656228396,16.720481027275458,284.9553237553303,0.9770889940328877,,,0.0008916332915766416,2.990344591069897e-05,0.00012446397014497545,4193.715893487845,29665.77538492207,2417952.07660758,295.2905649016606,6397048.805417889,0.039369728854460745,0.0485,0.039369728854460745,-1.4210854715201802e-14,1.0,0.005557521601035995,0.0013216415145030625,0.006157521601035994,0.0002084070600388498,two-phase,False,
0.04970711483464267,1.0002867018433368,3056.626723431992,804.5738680313551,1.39408476792683,1121.6441740944836,2650621.4405835653,693.4695816196672,614.1671819625035,284.9633738521265,4178328.9673288916,387381.54545331286,124.06576574239439,33.80236174252552,63154.5953254241,2.3266292116855767,0.035669959585485814,7347.87596531889,0.7931541477327324,8051.612330361783,16.71211370678931,284.9633738521265,0.9756424202087938,,,0.0008915483386764003,2.9918417787983012e-05,0.00012419872678533033,4193.715893487845,29668.356802124013,2418948.7493056906,295.29399469051316,6392531.565571153,0.039687226667803166,0.0485,0.039687226667803166,1.4210854715202206e-14,1.0,0.005557521601035995,0.0013216415145030625,0.006157521601035994,0.0002084070600388498,two-phase,False,
0.04970711483464267,1.0002867018433368,3056.626723431992,804.5738680313551,1.3942166352097782,1121.750271064392,2651457.1292421888,692.9481065092541,613.5812606860211,284.9714127265604,4179126.9923082883,387088.0269241905,124.2534958069809,33.75129098985263,63163.95917644093,2.3268272821770966,0.035669810470460514,7364.1706992567415,0.7927310532848547,8068.708669891379,16.703808131342146,284.9714127265604,0.9741954502130694,,,0.0008914640145806542,2.993329401705868e-05,0.0001239355689878269,4193.715893487845,29670.93575152651,2419939.0138302734,295.29742037489547,6388022.321088798,0.040004724481145594,0.0485,0.040004724481145594,-1.4210854715201903e-14,1.0,0.005557521601035995,0.0013216415145030625,0.006157521601035994,0.0002084070600388498,two-phase,False,
0.04970711483464267,1.0002867018433368,3056.626723431992,804.5738680313551,1.3943475964537417,1121.85563905901,2652287.0492959796,692.4303358106181,612.9994307185161,284.9794403832964,4179924.0851232638,386794.4165222218,124.44174929829241,33.700232575767814,63173.312394063876,2.3270252348998404,0.035669661567723415,7380.413723235928,0.7923097442807653,8085.74820877678,16.695561042774315,284.9794403832964,0.9727475824259977,,,0.0008913802856477862,2.9948080134533448e-05,0.0001236743927933023,4193.715893487845,29673.51223093978,2420923.238165772,295.30084195407716,6383521.3867435325,0.040322222294488015,0.0485,0.040322222294488015,1.4210854715202105e-14,1.0,0.005557521601035995,0.0013216415145030625,0.006157521601035994,0.0002084070600388498,two-phase,False,
0.04970711483464267,1.0002867018433368,3056.626723431992,804.5738680313551,1.3944776630726112,1121.9602872616556,2653111.2702163807,691.9162249064407,612.4216427176921,284.98745682699035,4180720.2461491534,386500.7148783056,124.63052854079507,33.64918646008248,63182.65497494246,2.3272230694420277,0.035669512877162884,7396.605474334769,0.7918902040390856,8102.7314328809725,16.687371624376542,284.98745682699035,0.9712988171373937,,,0.0008912971442515835,2.9962777317765915e-05,0.0001234151728072819,4193.715893487845,29676.086238168085,2421901.4918435127,295.30425942732893,6379028.754429543,0.04063972010783044,0.0485,0.04063972010783044,-0.0,1.0,0.005557521601035995,0.0013216415145030625,0.006157521601035994,0.0002084070600388498,two-phase,False,
0.04970711483464267,1.0002867018433368,3056.626723431992,804.5738680313551,1.3946068403003828,1122.0642198834653,2653929.829842036,691.4057469377353,611.8478684836298,284.9954721310525,4181515.515132267,386206.922619152,124.81987089729036,33.598143174965294,63191.998654726674,2.327421034172367,0.03566936421191769,7412.746047169512,0.7914724279418982,8119.6584741548895,16.67923957633562,284.9954721310525,0.9698491869833125,,,0.0008912145867229039,2.9977385822156804e-05,0.00012315788935988246,4193.715893487845,29678.661006131093,2422873.80907045,295.30767708758276,6374533.801987859,0.04095721792117287,0.0485,0.04095721792117287,-1.4210854715201802e-14,1.0,0.005557521601035995,0.0013216415145030625,0.006157521601035994,0.0002084070600388498,two-phase,False,
0.04970711483464267,1.0002867018433368,3056.626723431992,804.5738680313551,1.394735135811851,1122.1674430993783,2654742.7765456056,690.8988698299304,611.2780732052312,285.0034661611697,4182309.8530207053,385913.0403661161,125.0097087292513,33.54712154854056,63201.319953489896,2.3276186312801004,0.03566921594540725,7428.835026412103,0.7910564200232438,8136.528921440393,16.671164375929415,285.0034661611697,0.9683986273482978,,,0.000891132607837956,2.9991906307511594e-05,0.00012290253124583891,4193.715893487845,29681.230063366715,2423840.229037769,295.3110863470252,6370057.958677226,0.04127471573451529,0.0485,0.04127471573451529,1.4210854715202206e-14,1.0,0.005557521601035995,0.0013216415145030625,0.006157521601035994,0.0002084070600388498,two-phase,False,
0.04970711483464267,1.0002867018433368,3056.626723431992,804.5738680313551,1.3948625178367577,1122.2699313478752,2655549.9085524073,690.3957175250412,610.7123973058167,285.0114489921654,4183103.158852446,385619.0687628898,125.20002400817476,33.496126911397575,63210.63060549519,2.3278161089710205,0.03566906789073922,7444.867799351248,0.7906422959890721,8153.337969391181,16.663147953966117,285.0114489921654,0.9669476734489859,,,0.0008910512275767508,3.0006335020327978e-05,0.00012264915348218677,4193.715893487845,29683.796641835943,2424800.5023184675,295.3144914983558,6365589.868599497,0.04159221354785772,0.0485,0.04159221354785772,-1.42108547152016e-14,1.0,0.005557521601035995,0.0013216415145030625,0.006157521601035994,0.0002084070600388498,two-phase,False,
0.04970711483464267,1.0002867018433368,3056.626723431992,804.5738680313551,1.3949890800993898,1122.371760037068,2656351.8234810308,689.8959145658632,610.1504205305721,285.01943069314785,4183895.635720639,385325.0083870079,125.390964876845,33.44512020947266,63219.94235051538,2.328013716104368,0.03566891986114821,7460.8554829462755,0.7902297659016274,8170.09730388755,16.655184444060797,285.01943069314785,0.9654953526141719,,,0.0008909703857543364,3.002068224938205e-05,0.00012239756306502904,4193.715893487845,29686.36397731647,2425755.328204297,295.31789683521185,6361119.772077689,0.04190971136120014,0.0485,0.04190971136120014,1.4210854715202004e-14,1.0,0.005557521601035995,0.0013216415145030625,0.006157521601035994,0.0002084070600388498,two-phase,False,
0.04970711483464267,1.0002867018433368,3056.626723431992,804.5738680313551,1.3951147406262894,1122.4728632132544,2657148.0034655165,689.3997814291233,609.5925044069686,285.0273911383407,4184687.120775518,385030.8598733337,125.58235250378505,33.39414981385579,63229.23170034986,2.3282109538899074,0.03566877222986436,7476.78655140219,0.7898191210898996,8186.794867464128,16.647278936279733,285.0273911383407,0.9640426063229547,,,0.000890890134428144,3.0034938557456404e-05,0.00012214792433290215,4193.715893487845,29688.925592614796,2426704.0739412056,295.32129376837776,6356668.423384296,0.04222720917454257,0.0485,0.04222720917454257,-0.0,1.0,0.005557521601035995,0.0013216415145030625,0.006157521601035994,0.0002084070600388498,two-phase,False,
0.04970711483464267,1.0002867018433368,3056.626723431992,804.5738680313551,1.3952396207653404,1122.573338509771,2657939.210642588,688.906843169173,609.038115623466,285.0353504599029,4185477.738108296,384736.6237723611,125.7743709595609,33.3431673042214,63238.52213927414,2.3284083206205164,0.035668624623499484,7492.675680253229,0.7894099799829278,8203.446070285254,16.63942379150529,285.0353504599029,0.9625884931227265,,,0.0008908103958067554,3.0049117461342532e-05,0.00012189999073952924,4193.715893487845,29691.48796243824,2427647.6388758277,295.32469088608843,6352214.859126005,0.042544706987885,0.0485,0.042544706987885,-1.4210854715202004e-14,1.0,0.005557521601035995,0.0013216415145030625,0.006157521601035994,0.0002084070600388498,two-phase,False,
0.04970711483464267,1.0002867018433368,3056.626723431992,804.5738680313551,1.395363591679437,1122.6730822676489,2658724.638597036,688.4175977381892,608.4878161150207,285.04328853772813,4186267.3643882447,384442.3007238548,125.96684056280095,33.292220990468216,63247.7901735799,2.328605316853866,0.035668477415158016,7508.505598663021,0.7890027827386038,8220.03283997961,16.631627064438206,285.04328853772813,0.9611339556243245,,,0.0008907312518619706,3.0063204162934934e-05,0.00012165401519277634,4193.715893487845,29694.04460577598,2428585.0461710175,295.3280795981965,6347780.015321266,0.04286220480122742,0.0485,0.04286220480122742,1.4210854715202004e-14,1.0,0.005557521601035995,0.0013216415145030625,0.006157521601035994,0.0002084070600388498,two-phase,False,
0.04970711483464267,1.0002867018433368,3056.626723431992,804.5738680313551,1.395486730956449,1122.772156912061,2659504.7709553475,687.9317441498793,607.9412680780281,285.0512254982816,4187056.0618603043,384147.8913140418,126.15989012976257,33.241277312261225,63257.05929303609,2.3288024415353497,0.03566833023157839,7524.285496726962,0.7885972895010833,8236.564837079208,16.623883876915862,285.0512254982816,0.9596785539303057,,,0.000890652652761074,3.007720720994126e-05,0.00012140983769085619,4193.715893487845,29696.60200114519,2429516.864420337,295.33146849387157,6343342.632438055,0.04317970261456985,0.0485,0.04317970261456985,-1.4210854715201802e-14,1.0,0.005557521601035995,0.0013216415145030625,0.006157521601035994,0.0002084070600388498,two-phase,False,
0.04970711483464267,1.0002867018433368,3056.626723431992,804.5738680313551,1.3956090670902244,1122.8705853684128,2660279.795925611,687.4491613955124,607.3983370203225,285.0591512845077,4187843.8308923915,383853.3961083143,126.35348679000234,33.190345593372825,63266.31774843069,2.3289994446565494,0.035668183259242314,7540.018128041391,0.7881934247909633,8253.044971410776,16.61619237958853,285.0591512845077,0.958222257083161,,,0.0008905745800366665,3.009112969913638e-05,0.00012116739984624849,4193.715893487845,29699.156906462686,2430443.303826145,295.33485327756375,6338913.4909028085,0.04349720042791227,0.0485,0.04349720042791227,1.4210854715202206e-14,1.0,0.005557521601035995,0.0013216415145030625,0.006157521601035994,0.0002084070600388498,two-phase,False,
0.04970711483464267,1.0002867018433368,3056.626723431992,804.5738680313551,1.3957305645610292,1122.9683390584544,2661049.475072969,686.9699998024471,606.8591922640292,285.06706590098713,4188630.710955041,383558.8156984593,126.54763300818674,33.13942579405291,63275.565536417096,2.3291963258061603,0.035668036498040304,7555.697821388682,0.7877913289981447,8269.467327086819,16.608554805772208,285.06706590098713,0.9567650653830208,,,0.0008904970560776839,3.010496734045926e-05,0.00012092677320635616,4193.715893487845,29701.709319525926,2431364.0681012687,295.33823394855335,6334492.784066933,0.043814698241254696,0.0485,0.043814698241254696,-0.0,1.0,0.005557521601035995,0.0013216415145030625,0.006157521601035994,0.0002084070600388498,two-phase,False,
0.04970711483464267,1.0002867018433368,3056.626723431992,804.5738680313551,1.3958512267784113,1123.0654207254186,2661813.853001093,686.4942236870043,606.3237967173425,285.0749693522923,4189416.6014853995,383264.1506713262,126.74227460746697,33.08853266580695,63284.80265365536,2.3293930845727964,0.03566788994786296,7571.324753682957,0.7873909959738521,8285.832122202111,16.600970916672157,285.0749693522923,0.955307482006727,,,0.0008904200784261283,3.011872031519891e-05,0.00012068793879138257,4193.715893487845,29704.259238133345,2432279.198720627,295.34161050612164,6330079.984056289,0.044132196054597124,0.0485,0.044132196054597124,-1.4210854715201802e-14,1.0,0.005557521601035995,0.0013216415145030625,0.006157521601035994,0.0002084070600388498,two-phase,False,
0.04970711483464267,1.0002867018433368,3056.626723431992,804.5738680313551,1.3959711070975942,1123.1618732975244,2662573.245361405,686.0216408856295,605.7919333254523,285.0828616429876,4190201.626658623,382969.40157882165,126.93752722945923,33.03763658407379,63294.02909679737,2.3295897205454477,0.035667743608601296,7586.904381863054,0.7869922785942929,8302.145091790946,16.593437308520052,285.0828616429876,0.953848501569519,,,0.0008903436127724584,3.013239455475994e-05,0.00012045079782920044,4193.715893487845,29706.80666008023,2433189.061250924,295.344982949551,6325675.720306939,0.044449693867939545,0.0485,0.044449693867939545,1.4210854715202206e-14,1.0,0.005557521601035995,0.0013216415145030625,0.006157521601035994,0.0002084070600388498,two-phase,False,
0.04970711483464267,1.0002867018433368,3056.626723431992,804.5738680313551,1.3960901666778094,1123.2576655245043,2663327.4215143966,685.5523891466723,605.2637596463787,285.0907427776292,4190985.6630500574,382674.56899838406,127.13327990430632,32.98676708918759,63303.24486249455,2.329786233313264,0.035667597480146536,7602.431311705879,0.7865953132501031,8318.400618394995,16.585956430509654,285.0907427776292,0.9523891301899761,,,0.0008902676836245322,3.0145985375932644e-05,0.00012021541710658152,4193.715893487845,29709.35158316115,2434093.368606316,295.34835127812494,6321279.347833069,0.04476719168128197,0.0485,0.04476719168128197,-0.0,1.0,0.005557521601035995,0.0013216415145030625,0.006157521601035994,0.0002084070600388498,two-phase,False,
0.04970711483464267,1.0002867018433368,3056.626723431992,804.5738680313551,1.3962084382773263,1123.3528237628059,2664076.5881689982,685.0863384215622,604.739130207827,285.09861276076504,4191768.7730506314,382379.65348456916,127.3295918103959,32.935909350378104,63312.44994740219,2.329982622465329,0.03566745156239009,7617.908944541057,0.7862000082570746,8334.602288366697,16.57852617033166,285.09861276076504,0.950928865296966,,,0.0008901922698252356,3.015949637880249e-05,0.00011998172982960252,4193.715893487845,29711.894005171052,2434992.3568977052,295.3517154911278,6316891.177900159,0.0450846894946244,0.0485,0.0450846894946244,-1.4210854715201802e-14,1.0,0.005557521601035995,0.0013216415145030625,0.006157521601035994,0.0002084070600388498,two-phase,False,
0.04970711483464267,1.0002867018433368,3056.626723431992,804.5738680313551,1.3963259251415947,1123.4473506236332,2664820.756070724,684.6234830563176,604.2180391154225,285.1064715969353,4192550.9570229976,382084.6555907431,127.52646548503263,32.885063328129704,63321.64434818058,2.3301788875906997,0.03566730585522356,7633.336661985568,0.7858063745720514,8350.74947860153,16.571146339479103,285.1064715969353,0.9494677071960659,,,0.0008901173690470615,3.01729276754258e-05,0.00011974973055561791,4193.715893487845,29714.433923905595,2435886.027602551,295.35507558784525,6312511.202518614,0.04540218730796682,0.0485,0.04540218730796682,1.4210854715202206e-14,1.0,0.005557521601035995,0.0013216415145030625,0.006157521601035994,0.0002084070600388498,two-phase,False,
0.04970711483464267,1.0002867018433368,3056.626723431992,804.5738680313551,1.396442615245536,1123.5412364319222,2665559.855149141,684.163863400016,603.7005331523351,285.11431929067174,4193332.21532895,381789.5758780289,127.72390348081012,32.834228982971304,63330.82806147689,2.3303750282790174,0.03566716035853894,7648.712279457002,0.7854144642329531,8366.839929572663,16.563817623158656,285.11431929067174,0.9480056561939837,,,0.0008900429886986102,3.018627778785287e-05,0.00011951943725677025,4193.715893487845,29716.971337155905,2436774.2860294194,295.3584315675638,6308139.413709033,0.04571968512130925,0.0485,0.04571968512130925,-1.4210854715201802e-14,1.0,0.005557521601035995,0.0013216415145030625,0.006157521601035994,0.0002084070600388498,two-phase,False,
0.04970711483464267,1.0002867018433368,3056.626723431992,804.5738680313551,1.3965585568624983,1123.6345200271476,2666294.2039459795,683.7072763847791,603.1863860037784,285.12216589266575,4194112.5868478627,381494.4148722866,127.92194435550643,32.78339705213624,63340.01284491726,2.330571295503128,0.035667014885979315,7664.041887684804,0.785024120783731,8382.88004546546,16.55653701374803,285.12216589266575,0.9465427414399369,,,0.0008899690977595095,3.019955197060929e-05,0.00011929074429985775,4193.715893487845,29719.509493069534,2437657.505905367,295.361787726945,6303765.276527097,0.04603718293465167,0.0485,0.04603718293465167,1.4210854715202206e-14,1.0,0.005557521601035995,0.0013216415145030625,0.006157521601035994,0.0002084070600388498,two-phase,False,
0.04970711483464267,1.0002867018433368,3056.626723431992,804.5738680313551,1.3966736917447935,1123.727154544741,2667023.4064338743,683.253973963841,602.6758800642217,285.12999131370424,4194891.93299218,381199.17314321705,128.12046094773706,32.732600729547386,63349.17517458804,2.3307671862474177,0.0356668698099659,7679.315909721974,0.784635578680195,8398.859821262693,16.549308114413307,285.12999131370424,0.9450794086616928,,,0.000889895733101807,3.0212743429710785e-05,0.00011906378023697733,4193.715893487845,29722.041889680208,2438535.1955486527,295.3651354707592,6299409.525216128,0.0463546807479941,0.0485,0.0463546807479941,-0.0,1.0,0.005557521601035995,0.0013216415145030625,0.006157521601035994,0.0002084070600388498,two-phase,False,
0.04970711483464267,1.0002867018433368,3056.626723431992,804.5738680313551,1.3967880729665763,1123.819182686781,2667747.83268335,682.803715441145,602.1687480344796,285.1378056058583,4195670.354826177,380903.8512195538,128.319549271499,32.68181596098631,63358.32680673614,2.330962951323498,0.03566672494411156,7694.541652267124,0.7842486525801445,8414.786936085859,16.54212755633141,285.1378056058583,0.9436151840361022,,,0.0008898228606573887,3.0225858088527902e-05,0.00011883842188702526,4193.715893487845,29724.571774181048,2439407.7915745266,295.36847909544014,6295061.938365793,0.04667217856133653,0.0485,0.04667217856133653,-1.4210854715201802e-14,1.0,0.005557521601035995,0.0013216415145030625,0.006157521601035994,0.0002084070600388498,two-phase,False,
0.04970711483464267,1.0002867018433368,3056.626723431992,804.5738680313551,1.3969017381119733,1123.9106346924734,2668467.6923778635,682.3563766548086,601.6648490188477,285.14561881561895,4196447.952747074,380608.4496068183,128.5193062850233,32.63101875283426,63367.47950309177,2.3311588421896934,0.03566658010215227,7709.722838723481,0.7838632421996367,8430.665304804736,16.534993019444574,285.14561881561895,0.9421495926024477,,,0.0008897504562483492,3.0238899974860434e-05,0.00011861460084651779,4193.715893487845,29727.102397566683,2440275.537993008,295.37182289834027,6290712.312971653,0.04698967637467895,0.0485,0.04698967637467895,1.4210854715202004e-14,1.0,0.005557521601035995,0.0013216415145030625,0.006157521601035994,0.0002084070600388498,two-phase,False,
0.04970711483464267,1.0002867018433368,3056.626723431992,804.5738680313551,1.3970145818227573,1124.001425793342,2669182.3331530467,681.9123575057333,601.1646354795769,285.1534108621078,4197224.46488977,380312.9688827493,128.71948781973853,32.58027175621467,63376.609731527096,2.3313543548603444,0.03566643565632544,7724.844702705689,0.7834797181541877,8446.479508391156,16.52791104304102,285.1534108621078,0.9406840884445266,,,0.0008896785867457247,3.02518569163356e-05,0.00011839252069534413,4193.715893487845,29729.62725216818,2441137.634481793,295.3751582828567,6286380.718614617,0.04730717418802138,0.0485,0.04730717418802138,-1.4210854715201802e-14,1.0,0.005557521601035995,0.0013216415145030625,0.006157521601035994,0.0002084070600388498,two-phase,False,
0.04970711483464267,1.0002867018433368,3056.626723431992,804.5738680313551,1.3971267267370766,1124.0916546608357,2669892.5301255947,681.4711753453348,600.6675646732917,285.161201832407,4198000.153982864,380017.4095392795,128.9203434432888,32.52951226687224,63385.74102020958,2.331549992824056,0.03566629123424126,7739.923172174673,0.7830976737904283,8462.246232010437,16.520873930757098,285.161201832407,0.9392172176603049,,,0.0008896071738044555,3.02647427790817e-05,0.00011817193361938166,4193.715893487845,29732.152843130545,2441995.008720714,295.3784938446336,6282047.08183197,0.0476246720013638,0.0485,0.0476246720013638,1.4210854715202206e-14,1.0,0.005557521601035995,0.0013216415145030625,0.006157521601035994,0.0002084070600388498,two-phase,False,
0.04970711483464267,1.0002867018433368,3056.626723431992,804.5738680313551,1.3972380999857055,1124.1812626662804,2670597.8254788127,681.0331121803565,600.1739554780106,285.1689816890071,4198774.85828254,379721.7721190223,129.1217227851166,32.478778961670116,63394.86160071404,2.331745503802327,0.03566614702195002,7754.947699072395,0.7827173721807191,8477.954469593966,16.513886209014434,285.1689816890071,0.9377499594753543,,,0.0008895362635988496,3.0277549068193593e-05,0.00011795298070855209,4193.715893487845,29734.675915036594,2442847.096681393,295.3818252849024,6277721.2724992,0.047942169814706226,0.0485,0.047942169814706226,-0.0,1.0,0.005557521601035995,0.0013216415145030625,0.006157521601035994,0.0002084070600388498,two-phase,False,
0.04970711483464267,1.0002867018433368,3056.626723431992,804.5738680313551,1.3973487465401733,1124.2702859925928,2671298.4901129445,680.5980020516031,599.6836208769755,285.1767504363821,4199548.640068244,379426.05713460216,129.32368686090712,32.428057034890735,63403.97146969202,2.331940887385187,0.03566600301934538,7769.92315200197,0.7823386843168468,8493.609333146576,16.506945065474866,285.1767504363821,0.9362818106911165,,,0.0008894658272651248,3.0290280728308475e-05,0.00011773557751207943,4193.715893487845,29737.19646567277,2443694.2141000503,295.3851526029569,6273403.599591535,0.048259667628048654,0.0485,0.048259667628048654,-1.4210854715201802e-14,1.0,0.005557521601035995,0.0013216415145030625,0.006157521601035994,0.0002084070600388498,two-phase,False,
0.04970711483464267,1.0002867018433368,3056.626723431992,804.5738680313551,1.397458688623504,1124.3587425198377,2671994.6819795743,680.1657408889309,599.1964459205699,285.1844980439271,4200321.499903501,379130.26508115814,129.52620186912492,32.3773555695336,63413.05885189454,2.3321358904874496,0.03566585941232541,7784.851995142637,0.781961544824778,8509.213423398929,16.500049080479616,285.1844980439271,0.9348127445555863,,,0.0008893958504372606,3.030294016467654e-05,0.00011751967546731939,4193.715893487845,29739.711234878312,2444536.5389261087,295.3884714988906,6269104.735026147,0.048577165441391075,0.0485,0.048577165441391075,1.4210854715202408e-14,1.0,0.005557521601035995,0.0013216415145030625,0.006157521601035994,0.0002084070600388498,two-phase,False,
0.04970711483464267,1.0002867018433368,3056.626723431992,804.5738680313551,1.3975678995800558,1124.446610801582,2672686.221320897,679.7364418955262,598.7125582646706,285.19224458762017,4201093.437932521,378834.39647372876,129.7293434399744,32.326656269776564,63422.147286405976,2.332331017889289,0.03566571582874554,7799.730171924968,0.7815860537179314,8524.762526468909,16.493199915580593,285.19224458762017,0.9333428157439857,,,0.0008893263498630068,3.031552412868446e-05,0.00011730532045849443,4193.715893487845,29742.226735382468,2445373.8500982705,295.39179057017594,6264803.306597634,0.0488946632547335,0.0485,0.0488946632547335,-1.4210854715202004e-14,1.0,0.005557521601035995,0.0013216415145030625,0.006157521601035994,0.0002084070600388498,two-phase,False,
0.04970711483464267,1.0002867018433368,3056.626723431992,804.5738680313551,1.397676364749576,1124.5338790425694,2673373.0261104493,679.3101517102359,598.232012183274,285.19998003546027,4201864.392899786,378538.45183643285,129.93301848170535,32.27598298332708,63431.224999342674,2.3325260166668897,0.035665572454534715,7814.555012286761,0.7812122743617604,8540.253876792016,16.486398440491044,285.19998003546027,0.9318725011771759,,,0.0008892573346490923,3.032803081915007e-05,0.00011709253781289591,4193.715893487845,29744.739707971545,2446206.0358270085,295.39510551713573,6260509.676654188,0.049212161068075924,0.0485,0.049212161068075924,1.4210854715202206e-14,1.0,0.005557521601035995,0.0013216415145030625,0.006157521601035994,0.0002084070600388498,two-phase,False,
0.04970711483464267,1.0002867018433368,3056.626723431992,804.5738680313551,1.3977841803087776,1124.6206246240704,2674055.690772413,678.8865039990828,597.7543944907684,285.20770439188954,4202634.488638517,378242.431627586,130.13734833236586,32.225306164816374,63440.2919873594,2.33272088641072,0.03566542928958748,7829.3384067066545,0.780839900902925,8555.69991775128,16.47963862259969,285.20770439188954,0.9304007934512759,,,0.0008891887433900409,3.0340471138384962e-05,0.000116881144688725,4193.715893487845,29747.250150430355,2447033.8046801942,295.39841633906815,6256224.467261946,0.04952965888141835,0.0485,0.04952965888141835,-0.0,1.0,0.005557521601035995,0.0013216415145030625,0.006157521601035994,0.0002084070600388498,two-phase,False,
0.04970711483464267,1.0002867018433368,3056.626723431992,804.5738680313551,1.3978912413257634,1124.7067631206219,2674733.566298476,678.4658960914189,597.2801553693032,285.215427690915,4203403.639923627,377946.3363773496,130.34225354762387,32.174646205235085,63449.3600244551,2.332915880030491,0.03566528614791555,7844.0661446559425,0.780469291574787,8571.085832728388,16.472927034401323,285.215427690915,0.9289287269113339,,,0.0008891206426334547,3.035283279989175e-05,0.00011667133190774212,4193.715893487845,29749.76132227622,2447856.3653233214,295.4017273353807,6251936.577938608,0.04984715669476078,0.0485,0.04984715669476078,-1.4210854715201802e-14,1.0,0.005557521601035995,0.0013216415145030625,0.006157521601035994,0.0002084070600388498,two-phase,False,
0.04970711483464267,1.0002867018433368,3056.626723431992,804.5738680313551,1.397997593899323,1124.7923316221058,2675406.935727648,678.0481534044548,596.8090981417026,285.2231298764481,4204171.809452603,377650.1665845524,130.54766293100948,32.12402121441345,63458.4055539365,2.333110490640014,0.03566514340121052,7858.742991439961,0.780100318548979,8586.416617612455,16.466260760139036,285.2231298764481,0.9274562494930598,,,0.000889053002839966,3.036512097575808e-05,0.0001164630188044685,4193.715893487845,29752.26669876658,2448674.0443356023,295.40502990538306,6247667.127158923,0.0501646545081032,0.0485,0.0501646545081032,1.4210854715202206e-14,1.0,0.005557521601035995,0.0013216415145030625,0.006157521601035994,0.0002084070600388498,two-phase,False,
0.04970711483464267,1.0002867018433368,3056.626723431992,804.5738680313551,1.3981032721692925,1124.8773575965422,2676076.024404497,677.6331324130497,596.3410625014426,285.230820983851,4204939.12099535,377353.9227230772,130.75373561970713,32.073392577364885,63467.440348444674,2.333304970988437,0.0356650008634543,7873.373427011338,0.7797328672951799,8601.696978378579,16.45963762095317,285.230820983851,0.9259823798161251,,,0.0008889858020936966,3.037733949643572e-05,0.00011625612975132961,4193.715893487845,29754.76953847206,2449487.108435685,295.4083283482585,6243406.073881515,0.05048215232144563,0.0485,0.05048215232144563,-0.0,1.0,0.005557521601035995,0.0013216415145030625,0.006157521601035994,0.0002084070600388498,two-phase,False,
0.04970711483464267,1.0002867018433368,3056.626723431992,804.5738680313551,1.3982082583797155,1124.9618267579522,2676740.71028068,677.2209101744634,595.8761355265298,285.2385010175343,4205705.413564752,377057.6052803177,130.96035439827378,32.022789742413245,63476.464404626306,2.333499320667071,0.035664858534542536,7887.95409204265,0.7793670177361796,8616.923427554515,16.453058735891872,285.2385010175343,0.9245081264314565,,,0.000888919051486323,3.0389486114777216e-05,0.00011605070050898668,4193.715893487845,29757.269839172553,2450295.4002676792,295.4116226633096,6239152.589202714,0.05079965013478806,0.0485,0.05079965013478806,-1.4210854715201802e-14,1.0,0.005557521601035995,0.0013216415145030625,0.006157521601035994,0.0002084070600388498,two-phase,False,
0.04970711483464267,1.0002867018433368,3056.626723431992,804.5738680313551,1.3983125459119499,1125.0457337811492,2677400.962996217,676.8115011673999,595.4143352774041,285.24618000600805,4206470.825003706,376761.2147470286,131.16761902019647,31.97218890465733,63485.48950193031,2.3336937932276793,0.03566471622860787,7902.483975943214,0.7790027938797652,8632.09493783622,16.4465244810525,285.24618000600805,0.9230330108611613,,,0.000888852755024558,3.0401559951224564e-05,0.0001158467332902929,4193.715893487845,29759.770864169033,2451098.8768800744,295.41491715084953,6234896.731428377,0.05111714794813048,0.0485,0.05111714794813048,1.4210854715202004e-14,1.0,0.005557521601035995,0.0013216415145030625,0.006157521601035994,0.0002084070600388498,two-phase,False,
0.04970711483464267,1.0002867018433368,3056.626723431992,804.5738680313551,1.3984161430756485,1125.1290853518635,2678056.8170595346,676.4048876219067,594.9556411385752,285.2538379040908,4207235.256393379,376464.75161014433,131.37539772542263,31.92162281596133,63494.492072778376,2.3338878805005017,0.035664574317102286,7916.962506940021,0.7786402017248251,8647.21092706037,16.440034332346986,285.2538379040908,0.921557486980185,,,0.000888786907226088,3.041356179020946e-05,0.00011564422429787442,4193.715893487845,29762.26608114777,2451897.564539129,295.41820320838747,6230659.260895644,0.05143464576147291,0.0485,0.05143464576147291,-1.4210854715201802e-14,1.0,0.005557521601035995,0.0013216415145030625,0.006157521601035994,0.0002084070600388498,two-phase,False,
0.04970711483464267,1.0002867018433368,3056.626723431992,804.5738680313551,1.398519110790933,1125.2119304848322,2678708.679561044,676.0008102257216,594.4997633165303,285.2614947630269,4207998.8312131325,376168.21631153417,131.58388856303958,31.87104393467372,63503.49568076038,2.334082090158709,0.035664432428425825,7931.398549902975,0.7782790204110255,8662.280681142742,16.43358448232985,285.2614947630269,0.9200805968455708,,,0.0008887214691805829,3.042549849898074e-05,0.00011544303824937689,4193.715893487845,29764.7620198694,2452691.954779764,295.4214894374731,6226419.533905346,0.05175214357481533,0.0485,0.05175214357481533,1.4210854715202206e-14,1.0,0.005557521601035995,0.0013216415145030625,0.006157521601035994,0.0002084070600388498,two-phase,False,
0.04970711483464267,1.0002867018433368,3056.626723431992,804.5738680313551,1.3986213653654482,1125.294201843374,2679356.002211692,675.5996126350392,594.0470885394001,285.26913054306397,4208761.42669454,375871.60935376334,131.792898717483,31.820499695341528,63512.47675286836,2.3342759133917905,0.03566429093391129,7945.778845462368,0.7779195736285327,8677.290372661524,16.427180102172795,285.26913054306397,0.9186032996286341,,,0.0008886564938856646,3.0437360331482937e-05,0.00011524334867835903,4193.715893487845,29767.2521442402,2453481.366592355,295.4247672347186,6222198.167733857,0.052069641388157756,0.0485,0.052069641388157756,-0.0,1.0,0.005557521601035995,0.0013216415145030625,0.006157521601035994,0.0002084070600388498,two-phase,False,
0.04970711483464267,1.0002867018433368,3056.626723431992,804.5738680313551,1.3987229805727979,1125.375958783802,2679999.2612027107,675.2009960697369,593.5972815611253,285.27676528999444,4209523.1047678385,375574.9311866824,132.00256607433704,31.769957344057694,63521.458858128746,2.3344698585134096,0.03566414946207847,7960.11373278684,0.7775616025254611,8692.250822666543,16.420816609517768,285.27676528999444,0.9171251407607367,,,0.0008885919342729729,3.0449155598643737e-05,0.00011504500047241245,4193.715893487845,29769.74298779956,2454266.375669758,295.4280452025734,6217974.228252925,0.052387139201500184,0.0485,0.052387139201500184,-1.4210854715201802e-14,1.0,0.005557521601035995,0.0013216415145030625,0.006157521601035994,0.0002084070600388498,two-phase,False,
0.04970711483464267,1.0002867018433368,3056.626723431992,804.5738680313551,1.3988239119702224,1125.4571655486336,2680638.184301721,674.8051256326894,593.1505299822356,285.28438898680037,4210283.841898354,375278.1822902784,132.21279502056663,31.719440564247076,63530.430207674704,2.3346636708344572,0.03566400819852753,7974.396377344006,0.7772052739694879,8707.154920103625,16.414496716002198,285.28438898680037,0.9156466003245498,,,0.0008885278183932693,3.0460879102833473e-05,0.00011484807714758094,4193.715893487845,29772.231280913467,2455046.6394608784,295.43131903888604,6213758.208986864,0.052704637014842605,0.0485,0.052704637014842605,1.4210854715202408e-14,1.0,0.005557521601035995,0.0013216415145030625,0.006157521601035994,0.0002084070600388498,two-phase,False,
0.04970711483464267,1.0002867018433368,3056.626723431992,804.5738680313551,1.3989241924871905,1125.5378486320587,2681272.9687088486,674.4118810190262,592.7066981003647,285.29200163784316,4211043.662529025,374981.36312270776,132.42364949021461,31.66893458707871,63539.39079815209,2.334857349946838,0.03566386714315552,7988.630397538445,0.7768504926672651,8722.00646085811,16.408218383025286,285.29200163784316,0.9141671741912667,,,0.0008884641251428077,3.0472534453665158e-05,0.00011465251768474562,4193.715893487845,29774.717021356908,2455822.3888105545,295.43458874296516,6209550.224412106,0.05302213482818503,0.0485,0.05302213482818503,-1.4210854715201802e-14,1.0,0.005557521601035995,0.0013216415145030625,0.006157521601035994,0.0002084070600388498,two-phase,False,
0.04970711483464267,1.0002867018433368,3056.626723431992,804.5738680313551,1.3990238342273182,1125.6180177723309,2681903.6890847916,674.0212153996595,592.2657335431845,285.2996032474765,4211802.56700178,374684.47413386224,132.63513242593612,31.618439374120047,63548.34062622038,2.3350508954420968,0.03566372629585951,8002.816805778115,0.7764972292412059,8736.80652162259,16.40198081024696,285.2996032474765,0.912686862692236,,,0.0008884008466558337,3.048412297175902e-05,0.00011445829749406894,4193.715893487845,29777.20020690809,2456593.7063351665,295.4378543141206,6205350.266723254,0.053339632641527454,0.0485,0.053339632641527454,1.4210854715202206e-14,1.0,0.005557521601035995,0.0013216415145030625,0.006157521601035994,0.0002084070600388498,two-phase,False,
0.04970711483464267,1.0002867018433368,3056.626723431992,804.5738680313551,1.3991228439186685,1125.697678382673,2682530.3962723827,673.6330939821542,591.8275986432375,285.3071938200462,4212560.555657718,374387.51576800516,132.84724678878624,31.567954886979567,63557.279688524104,2.3352443069124633,0.03566358565653705,8016.956153220875,0.776145467722131,8751.555700899373,16.395783591058162,285.3071938200462,0.9112056661599431,,,0.0008883379784852474,3.0495645250690375e-05,0.00011426539853905436,4193.715893487845,29779.68083534043,2457360.645535036,295.44111575166306,6201158.328125103,0.05365713045486988,0.0485,0.05365713045486988,-0.0,1.0,0.005557521601035995,0.0013216415145030625,0.006157521601035994,0.0002084070600388498,two-phase,False,
0.04970711483464267,1.0002867018433368,3056.626723431992,804.5738680313551,1.399221180758387,1125.7767976341754,2683152.8327796552,673.2476749222769,591.3924726794128,285.31477335989035,4213317.567378813,374090.48849790444,133.05993343022513,31.517495803400312,63566.20798171074,2.3354375839502413,0.035663445225085855,8031.042082679362,0.7757953628822647,8766.247389943435,16.389629243226075,285.31477335989035,0.9097240897617873,,,0.000888275546361858,3.05070964437254e-05,0.00011407389679045466,4193.715893487845,29782.158904427615,2458122.883804765,295.44437305490436,6196974.090019205,0.05397462826821231,0.0485,0.05397462826821231,-1.4210854715201802e-14,1.0,0.005557521601035995,0.0013216415145030625,0.006157521601035994,0.0002084070600388498,two-phase,False,
0.04970711483464267,1.0002867018433368,3056.626723431992,804.5738680313551,1.3993188930105604,1125.8554143588606,2683771.2959866542,672.8647751759827,590.9601491936919,285.322341871339,4214073.664236701,373793.3927634077,133.2732570979047,31.46704736425158,63575.1255024291,2.3356307261478184,0.035663305001403856,8045.080538210566,0.7754467620743412,8780.887808019477,16.383514751455802,285.322341871339,0.908241629123241,,,0.0008882135194681892,3.0518481997617215e-05,0.00011388370081288503,4193.715893487845,29784.634411943087,2458880.775430412,295.44762622315733,6192797.857176388,0.05429212608155473,0.0485,0.05429212608155473,1.4210854715202206e-14,1.0,0.005557521601035995,0.0013216415145030625,0.006157521601035994,0.0002084070600388498,two-phase,False,
0.04970711483464267,1.0002867018433368,3056.626723431992,804.5738680313551,1.3994159809895006,1125.9335288096158,2684385.7979931906,672.4843834918752,590.5306169276237,285.32989935871456,4214828.846569882,373496.22900302324,133.48722080633544,31.416609531275874,63584.03224732904,2.3358237330977,0.03566316498538923,8059.071246445428,0.7750996696091463,8795.476692767283,16.377440052670693,285.32989935871456,0.9067582845800237,,,0.0008881518974368247,3.052980187330707e-05,0.00011369480415112945,4193.715893487845,29787.107355660206,2459634.327354108,295.450875255736,6188629.621829565,0.05460962389489716,0.0485,0.05460962389489716,0.0005951044302638435,0.9999998229253428,0.005557521601035995,0.0013216415145030625,0.006157521601035994,0.0002084070600388498,two-phase,False,
0.049707891572596065,1.000286710803581,3056.6267200181333,804.5851520854544,1.3995117481599062,1126.0263727386182,2685029.586725733,672.1092240420403,590.1057576460166,285.33744582633153,4215583.066889551,373198.9951326417,133.70176489021668,31.366464989599677,63593.406983078865,2.33601660439243,0.035663028401791495,8073.059568417744,0.7747535049639847,8810.068115986805,16.37143955451097,285.33744582633153,0.90527456148928,,,0.0008880786669035927,3.0540991727403137e-05,0.00011350650038509846,4193.751727476669,29789.838024752495,2460412.735886432,295.4541201519551,6184469.134751975,0.05492712132562747,0.048499622111450126,0.05492712170823958,0.003062022613910516,0.9999953119977673,0.0055574741141603086,0.0013216401717013203,0.006157474114160308,0.0002084052792810116,two-phase,False,
0.049711111613000465,1.0002867479506112,3056.6267058650874,804.6319309922836,1.3996047292540037,1126.1666559255814,2685774.2606320847,671.7449954181707,589.68944343065,285.3449812784966,4216336.429936265,372901.6847862879,133.91695471699066,31.31717180297768,63604.27725358713,2.3362093396251837,0.03566290217641946,8087.1488852862485,0.7744068871630526,8824.784396074747,16.365585238160072,285.3449812784966,0.9037899552928181,,,0.0008879680416200152,3.055191688679343e-05,0.00011331721604947071,4193.900278203579,29793.38499212796,2461278.9778368305,295.4573609111307,6180316.915428298,0.05524461506179684,0.04849805563357213,0.05524461952158201,0.00684656434603973,0.9999765620036579,0.005557277264744568,0.0013216346051110916,0.0061572772647445675,0.00020839789742792129,two-phase,False,
0.049716829091207546,1.000286813914513,3056.6266807327966,804.714990441838,1.399694902926029,1126.3554704296089,2686622.364113039,671.3917929505933,589.2816936789952,285.3525157247465,4217089.016490039,372604.29388635326,134.132831309587,31.26873557363855,63616.68870454654,2.3364021945836337,0.03566278636320426,8101.345797459542,0.7740596981830471,8839.632911182562,16.35987770046667,285.3525157247465,0.9023044884473762,,,0.0008878191887491655,3.056257565945847e-05,0.0001131268696390041,4194.164033962942,29797.76982203351,2462235.368544987,295.46060183670824,6176162.805443859,0.05556210047763088,0.04849527458393021,0.05556211733492444,0.010699290639026408,0.9999427609517565,0.005556927787739595,0.0013216247215978986,0.0061569277877395944,0.00020838479204023482,two-phase,False,
0.0497250809113518,1.0002869091310942,3056.6266444552216,804.8348651862688,1.3997822376300126,1126.593548513085,2687575.578301201,671.0497149154144,588.8825614155998,285.36003916146933,4217840.833659906,372306.8183104688,134.34935994126886,31.221173532645935,63630.6526421293,2.336594912983542,0.035662681318960915,8115.652831403747,0.7737119120417538,8854.6166470341,16.35431838531005,285.36003916146933,0.9008181387202187,,,0.0008876315698060163,3.05729647803063e-05,0.0001129354369435017,4194.544680726265,29803.001703265112,2463283.4171265396,295.4638386243183,6172017.396932866,0.05587957271755615,0.04849126164818842,0.05587961514826686,0.014547541323659423,0.9998941789216679,0.005556423507361765,0.0013216104581801813,0.006156423507361765,0.0002083658815260662,two-phase,False,
0.04973582750672065,1.0002870331582234,3056.6265972008205,804.9909784763473,1.3998667557935234,1126.8801094827384,2688632.1706619146,670.718683806153,588.4920155706612,285.3675515929549,4218591.863481698,372009.2541297249,134.56648024910515,31.174482396356755,63646.144899319515,2.3367874944179663,0.03566258690059906,8130.064980510881,0.7733636306056934,8869.730061971024,16.348906190397003,285.3675515929549,0.8993314117201816,,,0.0008874058487544172,3.058308575369337e-05,0.0001127430026633506,4195.0403696654175,29809.06742415784,2464421.589321282,295.4670712732791,6167880.588765954,0.05619702732416889,0.048486036981859694,0.056197112961609286,0.018399940724472843,0.9998307067605674,0.005555766956427533,0.0013215918844172831,0.006155766956427533,0.00020834126086603246,two-phase,False,
0.04974911820978634,1.0002871865841292,3056.6265387454864,805.1840443874287,1.3999484534578344,1127.216157689105,2689794.5725825694,670.3987028201291,588.1099822793497,285.37505302348524,4219342.273242824,371711.59716634336,134.78432210985926,31.128645228288427,63663.19598849113,2.336979938480039,0.03566250333820335,8144.590846872411,0.7730146860188877,8884.982579295362,16.343640749946996,285.37505302348524,0.8978432973141547,,,0.0008871412933346256,3.0592938724599756e-05,0.00011254946096690115,4195.653345293161,29815.983518089495,2465652.1338458806,295.47029978290965,6163753.212759322,0.056514459216480226,0.048479577796244296,0.05651461077495171,0.022247621147276173,0.9997524910463025,0.005554955271224433,0.0013215689165735312,0.006154955271224433,0.00020831082267091624,two-phase,False,
0.04976490299707346,1.0002873688546283,3056.626469300373,805.4133330961225,1.4000273790766866,1127.6007178079828,2691060.7150100116,670.0895750694604,587.7363142390564,285.3825534572495,4220092.081176219,371413.8434762479,135.0028636269516,31.083646299082194,63681.78685063572,2.3371725015930376,0.03566243026649043,8159.227979932669,0.772665113277623,8900.371234184886,16.33851949440066,285.3825534572495,0.8963543222577252,,,0.0008868387401738851,3.06025279812748e-05,0.00011235486404872213,4196.381262343392,29823.736455373706,2466973.264808787,295.47352845753954,6159624.814817801,0.05683186420787309,0.048471909874795244,0.056832108588294135,0.026099494852950596,0.9996593501630547,0.005553991691796728,0.0013215416429777434,0.006153991691796728,0.00020827468844237732,two-phase,False,
0.04978324403490682,1.0002875807153566,3056.626388581405,805.6797438525891,1.400103426441147,1128.0349699822357,2692432.977962331,669.7917162443132,587.3713831232833,285.39004289594783,4220841.232860716,371115.9888758527,135.2220058161031,31.039525828559533,63701.9438448519,2.337364926837165,0.035662368161413084,8173.971852969039,0.772315074742827,8915.89187575442,16.333548264168165,285.39004289594783,0.8948649706854142,,,0.0008864973397196613,3.06118420757894e-05,0.00011215927850351873,4197.226942118559,29832.34369007698,2468386.9751401064,295.47675299191974,6155505.654192879,0.0571492369024029,0.048463004773700365,0.05714960640163656,0.02994633912502721,0.999551507813884,0.005552872643789562,0.0013215099584617976,0.006152872643789562,0.00020823272414210856,two-phase,False,
0.04980408035434148,1.0002878214942668,3056.626296844648,805.9823866863917,1.400176741078738,1128.5177915574152,2693909.358721369,669.5045528412779,587.0146334860926,285.39753134110737,4221589.931056048,370818.0294107862,135.44191816375354,30.996220207374396,63723.64091558336,2.33755747095341,0.03566231661847625,8188.831828462971,0.7719643053117938,8931.553746665282,16.328718586339868,285.39753134110737,0.8933742528449038,,,0.0008861180634289746,3.0620896389156066e-05,0.00011196260229339869,4198.187520712887,29841.787930875085,2469891.7260536226,295.47997769082014,6151386.21545134,0.05746657347755785,0.04845289412734532,0.057467104214978984,0.03379748806723809,0.999428701709304,0.0055516021024970795,0.001321473970951894,0.006151602102497079,0.0002081850788436405,two-phase,False,
0.04982748754852873,1.000288092101684,3056.6261937432837,806.3223545806429,1.4002471781814463,1129.0506017061648,2695492.6330103194,669.2286502345819,586.6665861467806,285.4050087970772,4222338.0595999705,370519.9608472591,135.66243732594182,30.953788725114876,63746.91242927994,2.3377498767046365,0.035662276176954374,8203.800229052715,0.771613054269699,8947.349531670947,16.324038544771412,285.4050087970772,0.8918831588441049,,,0.0008856998955483926,3.062967528707227e-05,0.00011176494183671918,4199.2664229213415,29852.09102719187,2471489.7972662793,295.48319824855275,6147276.435832094,0.05778386812590021,0.04844154357174913,0.05778460202832141,0.037643229819637754,0.9992912424557447,0.005550175749614073,0.0013214335528546307,0.006150175749614073,0.00020813159061052776,two-phase,False,
0.049853393029902666,1.0002883917396952,3056.626079581334,806.6985876750663,1.4003148952706514,1129.6320483151928,2697180.3147484423,668.9633722677504,586.326634945683,285.41248526272756,4223085.821022176,370221.77923688205,135.88373376578858,30.912163797701652,63771.72492427654,2.337942401148914,0.03566224639002881,8218.886469223738,0.7712610495355134,8963.28842492187,16.319499063936235,285.41248526272756,0.8903906982270209,,,0.0008852440062155332,3.063819532947115e-05,0.0001115661967564897,4200.460235611339,29863.23170274302,2473179.2332272106,295.48641897032735,6143166.807810219,0.05810111749067228,0.048428990899636,0.05810209984166384,0.04149345456378429,0.9991387757605863,0.005548598334314332,0.0013213888328342711,0.006148598334314332,0.00020807243753678746,two-phase,False,
0.04988188660092753,1.00028872149293,3056.6259539455773,807.1123839783114,1.4003797595379512,1130.2638461956503,2698975.9187697293,668.7092494927192,585.9952391196487,285.41995074505144,4223833.160690184,369923.4802742015,136.1057081035729,30.871394600893485,63798.12124560855,2.3381347867312883,0.03566222786396307,8234.086786876267,0.7709084523320113,8979.36731048257,16.31510735966235,285.41995074505144,0.8888973561063246,,,0.0008847491701746413,3.0646442525790884e-05,0.00011136642097629681,4201.773022299425,29875.236460105647,2474963.0104667936,295.4896355500177,6139067.566442463,0.058418315246753914,0.0484151954773493,0.05841959765500626,0.04533782679348689,0.9989717120427604,0.00554686475042197,0.001321339659562386,0.0061468647504219695,0.00020800742814082386,two-phase,False,
0.04991288319548068,1.0002890804273745,3056.6258171918935,807.5625012956913,1.4004418834330916,1130.9443503044763,2700876.0379841225,668.4658363254748,585.6720265165277,285.42741524026724,4224580.120799594,369625.0600435457,136.32840227058495,30.83143872858353,63826.06000290874,2.338327290827396,0.035662220105639145,8249.401111511102,0.7705552130862205,8995.585387872283,16.3108573226464,285.42741524026724,0.8874031526619451,,,0.0008842168049478093,3.065442791322732e-05,0.00011116563924213153,4203.200781571228,29888.079752955855,2476838.229987602,295.49285229327245,6134968.4085930735,0.058735458615785434,0.048400201647936826,0.05873709546834869,0.049186927437216796,0.9987895905391115,0.005544980570248714,0.0013212861838975381,0.006144980570248714,0.00020793677138432679,two-phase,False,
0.0499464878000575,1.0002894698139626,3056.6256688360827,808.0504567253389,1.4005011809940713,1131.6756189466357,2702885.2280254373,668.2334628245362,585.3572083461238,285.43487874865707,4225326.8436088385,369326.5141614722,136.5518850422735,30.792312081326912,63855.60494963685,2.338519913506128,0.035662223608294234,8264.836200124657,0.7702012483290599,9011.950632862337,16.306753032193868,285.43487874865707,0.8859075817284837,,,0.0008836454397867125,3.0662143408492606e-05,0.00011096376808295767,4204.748259515162,29901.796355736853,2478808.926882862,295.4960692000721,6130870.049893974,0.05905254063645207,0.04838396207392035,0.05905459328169111,0.05303462702132748,0.9985926738849573,0.00554293984519161,0.0013212282291464135,0.0061429398451916094,0.0002078602441946854,two-phase,False,
0.04998260835286581,1.0002898886458327,3056.6255092617853,808.5749053967952,1.400557740247766,1132.4558423235867,2704999.5649416493,668.0117869010987,585.050540314613,285.4423312811734,4226073.272803262,369027.83870356355,136.7760562927313,30.754002078384094,63886.68646978691,2.338712396736638,0.035662238224488926,8280.386156588123,0.7698466430250716,9028.456108289547,16.30279001486392,285.4423312811734,0.8844111292934425,,,0.000883036638274732,3.0669597016469546e-05,0.00011076090839959252,4206.411119499839,29916.351697860497,2480871.6664806535,295.4992819636341,6126782.700071822,0.05936955905544286,0.04836652497356224,0.05937209109503354,0.05687743842269025,0.9983811681910236,0.005540748634536212,0.0013211659588774935,0.0061407486345362115,0.00020777807379510793,two-phase,False,
0.05002134659695627,1.0002903381673451,3056.625337994929,809.1373158416299,1.4006114510956356,1133.2869900765727,2707223.2975876695,667.8012172797066,584.7523297715233,285.44978283006634,4226819.488852214,368729.02929662575,137.00095823801107,30.716529247813288,63919.37786620128,2.338904998370189,0.03566226425735593,8296.054229487545,0.7694914006576323,9045.106115041506,16.298973886440667,285.44978283006634,0.8829138148485562,,,0.0008823890230421097,3.067677778267727e-05,0.00011055702246953808,4208.193940696314,29931.782651445083,2483030.1604500683,295.5024948902644,6122696.262517482,0.05968650668073676,0.04834784524219844,0.059689588908375966,0.06072456808506831,0.9981545605921369,0.005538401270263271,0.0013210992028578196,0.006138401270263271,0.00020769004763487268,two-phase,False,
0.05006262361997206,1.0002908175322835,3056.625155357953,809.7365330293823,1.400662417187484,1134.1675296379476,2709553.204536073,667.6013703082926,584.4622641235019,285.45724338230985,4227565.533754947,368430.08196350205,137.22663340682496,30.679853279566448,63953.641091535545,2.3390979768930804,0.03566230125159148,8311.839187625377,0.7691355008035061,9061.898685913251,16.29529910096488,285.45724338230985,0.8814156569643662,,,0.0008817039580733042,3.0683695764160225e-05,0.00011035214966092073,4210.092978970241,29948.065563735752,2485281.648693379,295.5057122871436,6118600.46888102,0.06000338128391207,0.048327965232830616,0.06000708672171839,0.0645645176353336,0.9979135348628742,0.0055359030746079405,0.001321028102621489,0.00613590307460794,0.00020759636529779778,two-phase,False,
0.05010652738760342,1.0002913278365007,3056.6249609333736,810.3738239594431,1.4007105767815835,1135.099186366929,2711993.1628784174,667.4124626330304,584.1804557207342,285.46469296348016,4228311.513093261,368130.99231881753,137.45307367041985,30.644001250623546,63989.50511297646,2.339290815698467,0.03566235001384232,8327.747970660852,0.7687788436734553,9078.84183226805,16.2917684163025,285.46469296348016,0.8799161111743997,,,0.0008809802808516355,3.069034540778708e-05,0.00011014620790570409,4212.112161458396,29965.222676674995,2487629.587106132,295.50892554007055,6114516.812824139,0.060320175782208635,0.048306847161254926,0.060324584535060816,0.06841003301700174,0.9976572895451687,0.005533249299467133,0.0013209525125645726,0.006133249299467133,0.0002074968487300175,two-phase,False,
0.05015299685212204,1.0002918684497444,3056.6247549613495,811.0482918250298,1.4007559797506388,1136.0807446404515,2714540.471759833,667.2343136869181,583.9067953915658,285.4721315778102,4229057.370771358,367831.75632171857,137.68021676668698,30.608962214652347,64026.930755675865,2.339483514378566,0.035662410354004415,8343.774657748467,0.7684215357300774,9095.92886117914,16.2883794411001,285.4721315778102,0.8784156837778075,,,0.0008802191259006696,3.0696730869269984e-05,0.00010993929429988595,4214.248552716666,29983.232912130963,2490071.5849228967,295.51213464837,6110444.9976236615,0.06063688773437197,0.048284525268379286,0.06064208234840324,0.07224769330681634,0.9973867207918121,0.00553044424768024,0.0013208725441013933,0.00613044424768024,0.000207391659288009,two-phase,False,
0.05020210363155186,1.0002924402894091,3056.6245370923957,811.7609648043635,1.4007985839090489,1137.1136099705957,2717198.3150837463,667.0670722459326,583.6413437692461,285.4795791950145,4229803.248677981,367532.3696023109,137.90821096984106,30.574722710871693,64065.98408339246,2.3396765903142605,0.035662482280654974,8359.926734729834,0.7680634558390097,9113.168212442815,16.28513388314663,285.4795791950145,0.8769139053681918,,,0.0008794196034869891,3.07028485972379e-05,0.00010973132248723703,4216.505309955284,30002.126151776196,2492610.5069383415,295.5153482270785,6106364.789438201,0.06095351036299909,0.048260970309679026,0.060959580161745665,0.07609139214246446,0.9971008474782387,0.005527484244271906,0.0013207880806667828,0.0061274842442719055,0.00020728065916019646,two-phase,False,
0.05025380614257408,1.0002930429606953,3056.6243074769686,812.5112274260649,1.400838448621994,1138.1969673154808,2719965.000293264,666.9105071419558,583.3839061592298,285.48702582999726,4230549.189307682,367232.8280285597,138.13702156984237,30.541272215074706,64106.625794383646,2.3398697849983643,0.03566256587679282,8376.203564370091,0.7677045957731545,9130.558860795005,16.282028529185485,285.48702582999726,0.8754107567375998,,,0.0008785825553186737,3.0708704330283636e-05,0.00010952232116851271,4218.880378744202,30021.88443409022,2495244.9108284493,295.51856196875787,6102286.8739494905,0.06127004083383796,0.04823620768756534,0.06127707797508809,0.07992649151786299,0.9968007604098449,0.0055243724814032676,0.00132069920086281,0.006124372481403267,0.00020716396805262256,two-phase,False,
0.05030815798770576,1.0002936771828554,3056.6240658410798,813.2998448893874,1.400875487942277,1139.3318170527987,2722842.527986017,666.7649508473346,583.1347788487049,285.49447148303835,4231295.137273122,366933.1272723619,138.36658598073217,30.508637908822635,64148.886829954194,2.340063098500069,0.03566266145054531,8392.601427108275,0.7673450907891991,9148.097420289463,16.279068085801836,285.49447148303835,0.8739067436770078,,,0.0008777074290673111,3.071428888709462e-05,0.000109312347044109,4221.376070366132,30042.52488153309,2497976.468362039,295.52177587338844,6098210.973606224,0.061586472867520184,0.04821021746692645,0.061594575788430514,0.08376817061382519,0.9964852701329875,0.005521106453954294,0.0013206058199999745,0.006121106453954294,0.00020704149202328603,two-phase,False,
0.05036513885996772,1.000294342818787,3056.623812237011,814.1265092121598,1.4009097580028895,1140.517771004144,2725830.197062391,666.6301914778242,582.8937559776684,285.50191615441764,4232041.1721761925,366633.26313900837,138.5969079368987,30.476807570420824,64192.75257008,2.3402565308888326,0.03566276899777669,8409.123278850879,0.7669848598832024,9165.786790526721,16.27624928611466,285.50191615441764,0.8724018658439228,,,0.0008767947553500827,3.0719608136412134e-05,0.00010910138134934011,4223.991293048192,30064.039854307608,2500804.6431979905,295.5249899409507,6094137.484780224,0.061902803032305866,0.04818301539924164,0.06191207360177294,0.08760043592653134,0.9961556924625196,0.005517688141314253,0.0013205079808319721,0.006117688141314252,0.0002069133052992845,two-phase,False,
0.05042478246767365,1.0002950403672475,3056.623546474784,814.991695427118,1.400941259941543,1141.7554926335608,2728929.591938051,666.5062143973778,582.6607732971027,285.5093598444148,4232787.46175626,366333.2312859735,138.8281259028238,30.445757294069022,64238.24143166287,2.340450082234138,0.0356628887491855,8425.774832379466,0.7666237962015224,9183.633219946127,16.273571682176538,285.5093598444148,0.8708951100108434,,,0.0008758442647763497,3.0724662647206074e-05,0.00010888936612016243,4226.727426827831,30086.439710245762,2503730.900875643,295.52820417142533,6090067.242348094,0.06221902576530334,0.048154591714836,0.06222957141511536,0.09143989105170511,0.9958105976160588,0.005514116315789584,0.0013204056337261364,0.006114116315789584,0.00020677936184210942,two-phase,False,
0.0504870918109378,1.0002957699739579,3056.6232684989327,815.8954323263087,1.4009699615202578,1143.0449924307427,2732140.5849532774,666.39313491229,582.4359614041327,285.5168125294725,4233533.924395534,366033.02744610293,139.06014935568007,30.415503315488476,64285.36474829778,2.340644012296997,0.03566302062401119,8442.551017948852,0.7662620333947829,9201.631472096826,16.2710371895014,285.5168125294725,0.8693875055290946,,,0.0008748562013061705,3.072944853955691e-05,0.00010867638016501922,4229.58443378001,30109.727819600146,2506755.06258027,295.53142287374027,6085989.400485669,0.06253513680562767,0.04812495161534612,0.06254706922845779,0.09526904749154894,0.9954515601424576,0.005510391631037221,0.0013202987822003701,0.0061103916310372205,0.00020663968616389577,two-phase,False,
0.05055207860741074,1.0002965318920285,3056.6229782130763,816.8378744657138,1.4009933384212019,1144.384420696599,2735457.003099449,666.2924619741821,582.2215569703484,285.52426423107596,4234280.665809044,365732.6480586682,139.2930105047315,30.38603769483259,64334.11523895342,2.3408380617752544,0.03566316494924334,8459.362086663003,0.7659024532586806,9219.689798461613,16.26874959282704,285.52426423107596,0.8678785279660588,,,0.0008738322384634435,3.073376949759262e-05,0.0001084635190401806,4232.562667823484,30133.903760191864,2509869.829414155,295.53464173936527,6081914.930831366,0.06285113155393786,0.04809409643931652,0.06286456704180021,0.09910607326617708,0.9950768745387258,0.005506514255263628,0.0013201874152123073,0.0061065142552636275,0.00020649428457238605,two-phase,False,
0.050619771420825146,1.0002973265781514,3056.6226754432746,817.8194199277535,1.4010164520190556,1145.7784620994632,2738893.5157695594,666.2011355314862,582.0129719445297,285.53171494950556,4235027.667234298,365432.0880182134,139.52664584217527,30.357378838347035,64384.507699505746,2.341032230738429,0.035663321944972605,8476.393970754514,0.7655391854936173,9237.998865525342,16.26649993939218,285.53171494950556,0.8663686834198565,,,0.0008727690675627237,3.07380199712885e-05,0.00010824855193821595,4235.663245874793,30158.975995020966,2513091.9392343415,295.5378607682808,6077843.737088682,0.06316700465849152,0.04806201985266246,0.06318206485514265,0.10293184419006192,0.9946884112382293,0.005502483392504243,0.0013200714932967753,0.006102483392504243,0.00020634312721890915,two-phase,False,
0.050690157656556996,1.0002981540116975,3056.6223601974475,818.8398692549406,1.4010368192377969,1147.2248058860355,2742443.041259907,666.1204923949658,581.8122865339519,285.53916468504156,4235775.097060528,365131.3430280721,139.76119567447796,30.329487169754334,64436.53155706541,2.3412265192566544,0.03566349165620375,8493.559375253713,0.765175040694626,9256.46924751569,16.264389766406374,285.53916468504156,0.8648569581652794,,,0.000871668739090479,3.074200798069507e-05,0.0001080325525057393,4238.885391038604,30184.939200104764,2516413.351715498,295.54107996046724,6073776.65409335,0.06348275276212112,0.04802873533220668,0.06349956266848507,0.10676623397228724,0.9942841501720597,0.005498300736306558,0.0013199510478964238,0.0060983007363065575,0.0002061862776114959,two-phase,False,
0.050763293932241285,1.000299014991654,3056.62203217125,819.9000256785714,1.4010543512441,1148.7244985621119,2746107.645085937,666.0508825846337,581.6198148193146,285.5466234088622,4236522.873987163,364830.4086371711,139.99656818277217,30.302396274565126,64490.23042882802,2.341421187732176,0.03566367425002919,8510.854264953801,0.7648101632046189,9275.09725552609,16.262423997283072,285.5466234088622,0.8633443811134232,,,0.0008705307506296991,3.074572401282453e-05,0.0001078155810608025,4242.231486153538,30211.81441586065,2519835.783854131,295.5443036257271,6069702.858662977,0.06379836912751773,0.04799422393475491,0.06381706048182749,0.1105883407293821,0.993866298299083,0.005493963906198573,0.0013198259924463724,0.006093963906198573,0.00020602364648244652,two-phase,False,
0.050839140787336756,1.0002999091924794,3056.6216914887746,820.9992988493865,1.4010691229953045,1150.2767676186697,2749885.7680787942,665.9920226207569,581.435301351972,285.5540811477178,4237271.104136326,364529.28059798834,140.23279626260776,30.276081072699736,64545.56507388747,2.3416159762241042,0.03566386984365354,8528.280150229504,0.7644444912303605,9293.88410045247,16.26059837004315,285.5540811477178,0.8618304285131624,,,0.0008693559916629662,3.074917592953703e-05,0.00010759764046888807,4245.699508698097,30239.58391915028,2523357.9370936267,295.547527454656,6065633.300257817,0.06411385195283174,0.04795851239331059,0.06413455829516992,0.11441988649915225,0.9934324786182105,0.00548947626154858,0.001319696405140135,0.00608947626154858,0.00020585535980807172,two-phase,False,
0.05091778562885628,1.0003008377901619,3056.6213377020513,822.1389364713735,1.4010810716515352,1151.8833021577655,2753781.136491201,665.9441472846884,581.2588842226683,285.5615478701529,4238019.832037216,364227.95433274825,140.46992453286745,30.250555362967,64602.59761389322,2.3418111454558455,0.03566407874776805,8545.843358845457,0.7640779430072155,9312.837141043035,16.258915878164338,285.5615478701529,0.8603151154867252,,,0.0008681434986745185,3.0752357890694185e-05,0.00010737866289885536,4249.293228913303,30268.278883439663,2526983.118096436,295.5507557574941,6061557.791596999,0.06442919278448299,0.047921567994080067,0.06445205610851235,0.11823922856070415,0.9929851382721544,0.005484833691420024,0.0013195621478166847,0.006084833691420024,0.00020568126342825093,two-phase,False,
0.05099916092797783,1.0003018001386645,3056.6209710572853,823.3179401423532,1.4010902831646328,1153.542765888572,2757790.9045919464,665.9069150702712,581.0902879893004,285.5690136055511,4238769.16402527,363926.4256120957,140.70798690549077,30.225784761716646,64661.27136342537,2.3420064351665837,0.03566430096170695,8563.542077352162,0.7637105197268201,9331.953885021543,16.257371929911677,285.5690136055511,0.8587979184379971,,,0.0008668946046657418,3.075527841496066e-05,0.00010715869498723862,4253.009326459808,30297.872130095133,2530708.867937971,295.55398422439964,6057487.270572801,0.06474439163449838,0.047883431183468,0.06476955392185477,0.12206654049175944,0.992521918998454,0.005480041278458015,0.0013194233473396108,0.006080041278458015,0.0002055015479421756,two-phase,False,
0.05108338306879169,1.0003027977724175,3056.6205909699515,824.5379754063252,1.4010966035135266,1155.257356809722,2761919.583825185,665.8809280325877,580.9300218623188,285.5764883198212,4239519.019218415,363624.68979239766,140.94689024341056,30.201821868288466,64721.66577934211,2.3422021064024543,0.03566453693361835,8581.373617055231,0.7633423744222831,9351.232574394713,16.255974823208042,285.5764883198212,0.8572798658336948,,,0.0008656079912458035,3.075792165266944e-05,0.00010693777446388965,4256.852872020691,30328.40433810236,2534539.020445626,295.557217166051,6053410.937128471,0.0650594382396853,0.047844056474279244,0.06508705173519719,0.1258936239727267,0.9920437467385265,0.0054750933065730294,0.0013192798172499487,0.006075093306573029,0.00020531599899648858,two-phase,False,
0.05117037453112355,1.0003038299377802,3056.620197727257,825.7978978253627,1.4011001974877755,1157.0255977281056,2766164.3171326383,665.8655570657365,580.7774987796165,285.5839720092889,4240269.60421808,363322.74260740704,141.18677793329172,30.17860551123514,64783.72980567344,2.3423981597185213,0.035664786441692735,8599.3459710524,0.7629732644852826,9370.680811997703,16.254715249412875,285.5839720092889,0.8557599424925932,,,0.0008642851134526017,3.076030507627995e-05,0.00010671583207910093,4260.820074651169,30359.848261344676,2538471.265113165,295.5604545830863,6049329.82680688,0.06537433353458731,0.04780348947832125,0.06540454954853962,0.12970570160562864,0.9915525356585961,0.005469995507513836,0.0013191317021626489,0.0060699955075138355,0.00020512483153176887,two-phase,False,
0.051260233349272,1.0003048979686997,3056.619790821067,827.0991050265234,1.4011009153905487,1158.8493131713656,2770528.7652327074,665.8613602441542,580.6332102213948,285.591454707292,4241020.801363918,363020.57942851575,141.42747578296218,30.156199281038344,64847.507309666515,2.3425943343722198,0.03566505022689803,8617.45367316428,0.7626033976833276,9390.293792162167,16.25360144795397,285.591454707292,0.8542391465236128,,,0.0008629249624037395,3.0762412970507584e-05,0.00010649294070380139,4264.9151435252315,30392.231608337916,2542508.6597918426,295.56369216500656,6045253.748609492,0.065689068145463,0.047761694132654506,0.06572204736188204,0.13352942761272288,0.9910448486125231,0.0054647433494778,0.0013189788480815496,0.0060647433494778,0.0002049278756054175,two-phase,False,
0.05135291943009866,1.000306001566747,3056.6193703651675,828.4409933082941,1.4010988641324866,1160.72773472504,2775011.4876926024,665.8679437612673,580.4967774008182,285.59894637577924,4241772.781759452,362718.19587748154,141.6691683054578,30.13454536919069,64912.981793279636,2.3427908918958513,0.03566532805665094,8635.702984029449,0.7622325988019263,9410.077646373,16.25262723936625,285.59894637577924,0.8527164776772116,,,0.0008615284791457887,3.076425691896302e-05,0.0001062690487347294,4269.1359797163295,30425.542834389435,2546650.079366742,295.56693422314913,6041173.167182967,0.06600364111244363,0.04771869908686606,0.06603954517522446,0.13733687119237178,0.9905243983926343,0.005459340432678211,0.0013188213366303117,0.006059340432678211,0.00020472526622543292,two-phase,False,
0.051448494388185086,1.0003071416500284,3056.618936009862,829.824430821589,1.4010939643946783,1162.6620015313774,2779614.8049691236,665.8856005194025,580.3684477481479,285.60644701107105,4242525.564070603,362415.5873622037,141.9117910199974,30.11367186683331,64980.18655312597,2.342987832847395,0.03566562033743502,8654.09205546747,0.7618609632356128,9430.031001345036,16.251796948877548,285.60644701107105,0.8511924417710517,,,0.0008600951942033623,3.0765828638692976e-05,0.00010604419008350733,4273.4851088108235,30459.800761517894,2550897.488832434,295.57018075815324,6037088.184058224,0.06631804519988149,0.047674486042832795,0.0663570429885669,0.14115702611396838,0.9899872190986408,0.005453784457705102,0.0013186590769441145,0.006053784457705102,0.00020451691716394133,two-phase,False,
0.05154695913815928,1.0003083184217134,3056.6184876778416,831.2494059720063,1.4010862684904146,1164.6521283981922,2784338.9115308486,665.9141360185204,580.2480072672199,285.61394665046635,4243279.183832196,362112.7493692149,142.15537894880032,30.093566020396597,65049.105690722296,2.3431848960003516,0.03566592738940834,8672.626475444546,0.7614883606676421,9450.159651271917,16.251107363647396,285.61394665046635,0.8496665162373416,,,0.0008586254862002038,3.076713412886961e-05,0.00010581831809216132,4277.962281550219,30495.00060630578,2555251.15467259,295.5734274588615,6033009.350173388,0.06663227707814935,0.04762906521916008,0.06667454080190932,0.14495954597633234,0.9894375826854039,0.005448076708666294,0.001318492081837742,0.0060480767086662935,0.00020430287657498603,two-phase,False,
0.051648335229487946,1.0003095323382005,3056.618025195325,832.7162050102501,1.4010757096473065,1166.698447869548,2789184.237329377,665.9538030712861,580.1357200159987,285.6214652096416,4244033.632549627,361809.67737897986,142.39987755830373,30.074240594424765,65119.77186041694,2.3433826053233853,0.03566624908519972,8691.298570389932,0.7611149977764613,9470.455816012245,16.25056245740463,285.6214652096416,0.8481397426382248,,,0.0008571195083237248,3.0768165797988925e-05,0.0001055915385096082,4282.568178305054,30531.154508939715,2559711.3217579476,295.5766829492893,6028915.894493818,0.0669463321506022,0.04758243759762199,0.06699203861525174,0.1487759142741247,0.9888709356290628,0.005442217308935156,0.001318320329556803,0.006042217308935156,0.00020408314908506838,two-phase,False,
0.051752668459780375,1.0003107841550174,3056.617548274572,834.2254639739543,1.4010623230952934,1168.8018665405975,2794153.0310712303,666.004467426812,580.0313722176443,285.6289827681974,4244789.047474819,361506.36673415196,142.64535201474578,30.05569062523401,65192.1840052841,2.343580437644334,0.03566658613573564,8710.119917200285,0.7607406324460092,9490.931905466163,16.250159566043386,285.6289827681974,0.8466110772567663,,,0.0008555770046464635,3.076892863531067e-05,0.00010536373139755273,4287.3045692828,30568.269047704387,2564280.1160149826,295.5799386062619,6024829.23087854,0.06726020419254158,0.04753459340572591,0.06730953642859418,0.15257321772122368,0.9882921699751506,0.00543620503046405,0.0013181437578515549,0.00603620503046405,0.00020385768864240186,two-phase,False,
0.051859936372478335,1.0003120738166957,3056.617056936824,835.7768306136186,1.401046126202613,1170.9618909011078,2799244.1064492096,666.0660678734093,579.9349391082055,285.6365192365055,4245545.510953735,361202.81294854794,142.8918895783281,30.03788478432166,65266.347769453365,2.343778917584951,0.03566693822236544,8729.08683049403,0.7603653435176388,9511.583880299273,16.249897955476868,285.6365192365055,0.8450805459479933,,,0.0008539987575773752,3.076942399084297e-05,0.0001051349609680923,4292.170115767832,30606.341667920125,2568956.46113726,295.5832030546784,6020729.057598413,0.06757389179894888,0.04748555451206374,0.0676270342419366,0.15638558179531395,0.9876960817005103,0.00543004262134128,0.0013179624204993207,0.00603004262134128,0.000203626598300298,two-phase,False,
0.05197023383257554,1.0003134026865546,3056.6165506627945,837.3716484755538,1.4010270284458457,1173.1803123685045,2804461.2640373027,666.1389450716761,579.846673073585,285.6440546994644,4246302.969486232,360899.0112374237,143.13934332344323,30.020878188365998,65342.291378123584,2.3439775213235343,0.03566730628735022,8748.201032129473,0.7599891602913027,9532.414359654102,16.24978227540084,285.6440546994644,0.843548628008161,,,0.0008523838914251168,3.076964303435052e-05,0.00010490521732169924,4297.168789875789,30645.395016316175,2573743.6497156755,295.5864676704824,6016635.82274306,0.06788738527135943,0.04743528950068958,0.06794453205527902,0.1601857241453848,0.9870868927201996,0.005423726133722654,0.0013177761734757022,0.006023726133722654,0.00020338973001459952,two-phase,False,
0.05208350181193591,1.0003147702837538,3056.616029635793,839.0090347415592,1.4010051076350112,1175.4559430248448,2809801.921508959,666.2228054725883,579.7663425950547,285.65159910974745,4247061.469164091,360594.95715676347,143.38775926512562,30.004636366002284,65419.98592460111,2.3441765115359656,0.03566769003198638,8767.46064233021,0.7596120907553112,9553.42084593364,16.24980844687734,285.65159910974745,0.8420153357091152,,,0.0008507337139549973,3.076959347764392e-05,0.00010467454706819959,4302.297576085969,30685.410929637535,2578639.437836476,295.58973676655575,6012539.405794421,0.06820068612287569,0.04738383752705572,0.06826202986862145,0.16398551293508618,0.9864627471665702,0.00541726048802742,0.001317585133272062,0.00601726048802742,0.00020314726830102824,two-phase,False,
0.05219985369480141,1.0003161782160976,3056.6154932434006,840.6905981799401,1.4009803174877413,1177.7909811470918,2815271.0402058847,666.3178213559881,579.6939803159514,285.6591624147093,4247821.223361614,360290.64581259567,143.6373275255656,29.989149279933727,65499.506690660804,2.3443761515550707,0.03566808995285781,8786.878757444076,0.7592339101074097,9574.617932327501,16.249978103052932,285.6591624147093,0.8404796649823026,,,0.000849047085609422,3.076927223096156e-05,0.00010444280984034099,4307.561257334921,30726.428194061897,2583648.2953653615,295.593014656666,6008430.53220198,0.06851378318961063,0.04733115968512285,0.06857952768196388,0.16779172870655873,0.9858224666630725,0.0054106407951784894,0.0013173891260012335,0.006010640795178489,0.00020289902981919338,two-phase,False,
0.05231924124722605,1.0003176261477513,3056.614941613694,842.4156103496076,1.4009526480717323,1180.1843800962474,2820865.963340548,666.4240435520724,579.6297303311555,285.6667346569317,4248582.048621477,359986.07270199497,143.88779772524026,29.97444784883998,65580.80678918725,2.344576179510568,0.03566850616710864,8806.44075862589,0.7588549327916936,9595.989988027923,16.250292551774827,285.6667346569317,0.8389431243968248,,,0.0008473252288921559,3.076867683501433e-05,0.0001042101962640241,4312.95728899965,30768.42530599516,2588767.706633251,295.59629702877754,6004318.647740511,0.06882667752611546,0.04727729077725341,0.0688970254953063,0.17157518614564496,0.9851710285524475,0.005403871428569707,0.0013171882508339187,0.006003871428569707,0.000202645178571364,two-phase,False,
0.052441738879702486,1.0003191152366342,3056.614374305667,844.1851141944773,1.4009221135032812,1182.6375943653359,2826590.152117546,666.5414004844347,579.5734107028726,285.6743158327072,4249344.224081215,359681.2329942685,144.13939163127716,29.960502911037114,65663.92533704134,2.3447765959725086,0.03566893918141074,8826.161524614352,0.7584748656137001,9617.553103953032,16.25075018531015,285.6743158327072,0.8374041894161925,,,0.0008455675726566527,3.076781036557774e-05,0.00010397655091594735,4318.488662563998,30811.424588289326,2594000.8832620373,295.599583883536,6000205.13383828,0.06913936088617519,0.04722221047059475,0.06921452330864872,0.1753768583485369,0.9845013750908616,0.005396949833099456,0.0013169824009393706,0.005996949833099455,0.0002023856187412296,two-phase,False,
0.052567357486898815,1.0003206458808984,3056.61379116777,845.9992337037462,1.400888671671529,1185.1507427383724,2832443.562934526,666.6700812309482,579.5252305487784,285.68191588536956,4250107.668217112,359376.1219961437,144.39201226317715,29.9473316949966,65748.87507448743,2.344977664773909,0.03566938903372944,8846.032989822994,0.75809390821083,9639.298978705809,16.251353584073783,285.68191588536956,0.8358638860176344,,,0.0008437745207748266,3.0766667983274735e-05,0.0001037419839564165,4324.155485353383,30855.430743881167,2599347.6553514525,295.60287953537977,5996079.276617055,0.06945183001027186,0.047165927521259976,0.06953202112199115,0.17915407369957795,0.9838210293934798,0.005389877109093355,0.0013167715770184,0.005989877109093355,0.0002021203915910008,two-phase,False,
0.05269611303805602,1.0003222185487899,3056.613192021762,847.8581652335064,1.4008523714183971,1187.7241213938087,2838427.041204816,666.809878206861,579.4849447971426,285.6895149157778,4250872.457554262,359070.73497073195,144.64565549895133,29.93493353777539,65835.63508604062,2.345178860128802,0.03566985632595499,8866.063312624658,0.7577118837379534,9661.236195372336,16.252099660283925,285.6895149157778,0.8343216810205684,,,0.0008419463594176127,3.076525559475095e-05,0.00010350642296469192,4329.958083889063,30900.43980760488,2604808.882287958,295.6061753575954,5991962.097410605,0.06976408136866429,0.0471084487029382,0.06984951893533357,0.18295097665651522,0.9831220372570372,0.005382654107758286,0.0013165557717372668,0.005982654107758286,0.00020184952904093575,two-phase,False,
0.05282808085308799,1.0003238344449268,3056.612576408868,849.7629607091903,1.4008131036020446,1190.3590903171032,2844543.204973253,666.9612282467879,579.4529476902039,285.69714275732616,4251638.613243842,358765.06704016594,144.90037865127357,29.923313420353267,65924.28087234878,2.345380972895293,0.03567034104830379,8886.247259355394,0.7573289737237853,9683.359978616329,16.25299449881176,285.69714275732616,0.8327781158321849,,,0.0008400826340004739,3.0763561756976816e-05,0.00010326993958794163,4335.899445109924,30946.484409947403,2610386.7165045226,295.6094842928768,5987822.769796601,0.07007610660206494,0.04704975474937196,0.070167016748676,0.18672696059827784,0.9824118495751816,0.005375278408024933,0.0013163348789948716,0.005975278408024933,0.00020157294030093498,two-phase,False,
0.0529632207228319,1.0003254933702235,3056.6119444050905,851.71300329741,1.4007709970868587,1193.054872860756,2850790.6861359146,667.1236224638105,579.4287376396267,285.70476956917526,4252406.277777523,358459.11353351385,145.15620989116584,29.912446354363627,66014.74509198748,2.345583213366161,0.035670843723826624,8906.594022668276,0.7569449352707746,9705.679467915048,16.25403061906833,285.70476956917526,0.8312321381613542,,,0.0008381844144369981,3.076160072034241e-05,0.00010303245674924578,4341.977341372245,30993.53849501845,2616080.138330689,295.61279339982815,5983692.933209496,0.0703879070633982,0.046989878191017825,0.07048451456201843,0.19051354662116132,0.9816845667289603,0.005367754097791029,0.001316108986726647,0.005967754097791029,0.00020129077866716362,two-phase,False,
0.05310165518087705,1.0003271971331593,3056.61129532162,853.7100234301894,1.4007258992201232,1195.8137402424845,2857174.0694598085,667.2976645211938,579.412827552195,285.7124152349794,4253175.408004631,358152.8694148897,145.41309218891027,29.9023752778486,66107.11891175734,2.345786109473766,0.03567136475562004,8927.100223591096,0.756559937520784,9728.192231388066,16.25521630351128,285.7124152349794,0.8296847851430539,,,0.000836250635318191,3.075935691437064e-05,0.0001027940213571741,4348.19685294519,31041.64660184259,2621893.0164658125,295.6161113078014,5979551.772111688,0.07069947040375334,0.04692877979191629,0.07080201237536085,0.19430318719907824,0.9809415229483763,0.005360076246520491,0.0013158779114023898,0.005960076246520491,0.0002010028592445184,two-phase,False,
0.053243334760772774,1.0003289454400457,3056.6106292705144,855.7532686133869,1.4006779240172798,1198.6347117524003,2863691.419924441,667.4829059979816,579.4047997344438,285.7200797469681,4253946.184954901,357846.3299708009,145.67117915460912,29.893046375528645,66201.36571189167,2.345989662299364,0.03567190409315834,8947.771547291442,0.7561738176543634,9750.903690347131,16.2565451359502,285.7200797469681,0.8281350383618182,,,0.0008342825301112822,3.075684260207818e-05,0.00010255459716928042,4354.555314046672,31090.78980764042,2627823.7813781896,295.6194380181212,5975400.195010337,0.07101079909824622,0.04686649682238321,0.07111951018870327,0.19806402409792948,0.9801890850025492,0.005352249537739335,0.001315641757512137,0.0059522495377393346,0.00020070935766522503,two-phase,False,
0.053388338318491706,1.000330739588002,3056.609945757793,857.8438362252385,1.4006269606414001,1201.519205037115,2870345.4648465225,667.6797873273604,579.4050501024205,285.72775315837816,4254718.490739817,357539.49024650786,145.93028835638376,29.884514446716476,66297.51325649428,2.346193608664113,0.03567246247743754,8968.601550156956,0.7557867816620812,9773.807831639913,16.258023275290903,285.72775315837816,0.8265839015426668,,,0.0008322796637854074,3.07540462658769e-05,0.00010231426862750313,4361.055810599852,31140.987775427326,2633874.660618244,295.62276921697827,5971247.926376847,0.07132188459868229,0.04680301032356624,0.07143700800204571,0.20184833458874132,0.9794167906584773,0.005344271589007915,0.0013154004160186865,0.005944271589007915,0.00020041018458779683,two-phase,False,
0.053536693567527965,1.0003325802569192,3056.6092445246286,859.9820845252985,1.4005730671575525,1204.4677458241429,2877137.601744044,667.8880755942005,579.4132886626169,285.7354553407135,4255492.583264449,357232.34530032304,146.19065800251832,29.87673204436211,66395.59525788962,2.3463984780148492,0.035673039877690375,8989.60272363163,0.7553985639350123,9796.917830670533,16.259646965688077,285.7354553407135,0.8250303770753994,,,0.0008302422405805161,3.0750975162937124e-05,0.00010207291898165861,4367.6991165302215,31192.25366813038,2640047.050300819,295.6261135357519,5967075.676328245,0.07163272289583686,0.046738324338531485,0.07175450581538813,0.20560185738003312,0.9786357219322624,0.005336142908392898,0.001315153863960604,0.0059361429083928975,0.00020010535906473368,two-phase,False,
0.053688402661423947,1.000334467819818,3056.608525429109,862.1680022874996,1.4005162187548794,1207.4802704951371,2884067.3967710873,668.107887163233,579.4296607731051,285.74315647329354,4256268.306926578,356924.89028896176,146.45202093224566,29.869747253560927,66495.56851272525,2.3466034781473035,0.035673637029864605,9010.76621212351,0.7550093696773479,9820.22447251056,16.261417904791116,285.74315647329354,0.8234754488297641,,,0.0008281708814918705,3.074762624805827e-05,0.00010183066617257762,4374.484850019392,31244.574874591475,2646340.4299014076,295.62945802968585,5962913.535744072,0.07194331245715709,0.046672454367895785,0.07207200362873055,0.20938060220319615,0.977834220827348,0.005327865443759246,0.0013149021214092275,0.0059278654437592455,0.0001997949541409717,two-phase,False,
0.05384357713877074,1.0003364040246798,3056.6077878055203,864.4031528238517,1.40045635461329,1210.558888319926,2891139.483240504,668.3394341255339,579.4542572085215,285.7508863611617,4257045.922359008,356617.1200467733,146.71465860603587,29.863529296340655,66597.52856400331,2.346809403451621,0.03567425414076561,9032.102430871973,0.7546190426103498,9843.7395352301,16.263338745108307,285.7508863611617,0.8219181283743314,,,0.0008260647289846841,3.0743994688691474e-05,0.00010158740958363085,4381.41750548397,31297.9952838837,2652758.929785732,295.63281564620456,5958731.96384898,0.07225364175156446,0.0466053689140204,0.07238950144207297,0.2131490980176895,0.9770196835347,0.00531943523699694,0.00131464502773793,0.00591943523699694,0.00019947882138738525,two-phase,False,
0.0540021691243097,1.0003383886458956,3056.6070317400267,866.68680150606,1.4003935410302455,1213.7025989252488,2898351.6063020304,668.582478716442,579.4868982150235,285.7586251253037,4257825.340270843,356309.0297492226,146.97841966972757,29.858086968147216,66701.41418142783,2.347015725654948,0.03567489153299959,9053.607687455915,0.7542276347471367,9867.458708739025,16.265406151407756,285.7586251253037,0.8203589022010831,,,0.0008239250710062864,3.074008698865017e-05,0.00010134321607187058,4388.494436939565,31352.489198485804,2659300.5512682376,295.6361777552407,5954551.080842624,0.07256371415282716,0.04653710595673349,0.0727069992554154,0.2168994270281399,0.9761939553976272,0.005310857060791946,0.0013143826873466967,0.0059108570607919455,0.00019915713977969798,two-phase,False,
0.054164280893607794,1.0003404233464133,3056.60625659933,869.0203748469606,1.400327699830951,1216.9133026156753,2905707.771506286,668.8373290507052,579.5277966215833,285.7663926263208,4258606.689461204,356000.61423225724,147.2433953463833,29.85342520076305,66807.30257972585,2.3472229755700242,0.03567554955767305,9075.286091942238,0.7538351242008392,9891.387132508211,16.267623916922417,285.7663926263208,0.8187977872140183,,,0.0008217512273475568,3.0735896191937063e-05,0.00010109805496475647,4395.7196892796355,31408.093815810415,2665968.7840276314,295.63955298999457,5950351.0046592355,0.07287351905612412,0.0464676390792439,0.07302449706875783,0.22066974829367597,0.9753485849623229,0.005302127595512381,0.0013141149567246102,0.005902127595512381,0.0001988297848317143,two-phase,False,
0.05432992268858944,1.0003425086526279,3056.6054621831304,871.4039724718798,1.4002588391733979,1220.191114944562,2913208.1321353577,669.1039499567314,579.576918076734,285.7741689906117,4259389.9486327395,355691.86848574504,147.50950837709573,29.84955499992759,66915.16653914088,2.347430624251426,0.0356762288267485,9097.136567405754,0.7534415448346083,9915.523735557048,16.269991705076553,285.7741689906117,0.81723476253392,,,0.0008195437483130943,3.073142316624478e-05,0.00010085195968156498,4403.093183314399,31464.80221364095,2672763.7323157005,295.6429327194962,5946152.165832617,0.07318305467271327,0.04639698198594142,0.07334199488210025,0.22440423738828194,0.9744961458323904,0.0052932485633026575,0.0013138418454551896,0.005893248563302657,0.00019849682112384965,two-phase,False,
0.05449911630289926,1.0003446452472717,3056.604648231576,873.8378591394614,1.4001869934925304,1223.5364047884318,2920853.5540284934,669.3822144752598,579.6341042291024,285.7819641438415,4260175.276909602,355382.7874627434,147.77688392870232,29.846449769741888,67025.02259481733,2.347638937749447,0.03567692948218726,9119.165267689163,0.7530467716731456,9939.875044575178,16.272507276294082,285.7819641438415,0.8156693266409647,,,0.0008173030210514376,3.072667238738335e-05,0.00010060488643121965,4410.615343306991,31522.621641658396,2679686.229701641,295.6463212611353,5941945.096341682,0.07349231830226063,0.04632514372559929,0.07365949269544268,0.22816840596359234,0.9736216814143127,0.005284221101265157,0.001313563344610603,0.005884221101265157,0.0001981582912974434,two-phase,False,
0.054671971887113584,1.000346834946306,3056.6038140531177,876.3235687445625,1.4001120512995346,1226.9511894370783,2928648.1366891293,669.6725637294721,579.6997106827223,285.789788006184,4260962.700484726,355073.36587896483,148.04549635572738,29.844139880501068,67136.93930810314,2.347848182801889,0.035677652110766664,9141.371399581816,0.7526509006662461,9964.441179865315,16.275176553351063,285.789788006184,0.8141019943537116,,,0.0008150283471820889,3.072163293350264e-05,0.00010035685714324389,4418.290501918539,31581.588008180053,2686739.761208611,295.6497229332191,5937719.69974424,0.07380129859201273,0.04625209641872775,0.0739769905087851,0.231920335097479,0.9727347830566526,0.005275041705959872,0.0013132793008076328,0.005875041705959871,0.00019781406397349522,two-phase,False,
0.05484845069537552,1.0003490776972415,3056.6029596680182,878.8604920970097,1.4000341029710364,1230.4346606897207,2936590.2101454246,669.9746372024288,579.7734088245645,285.79762071220216,4261752.266689909,354763.59873809555,148.3153444558937,29.842605812663415,67250.85963848016,2.348057829448411,0.035678397089359125,9163.75784073348,0.7522538408814091,9989.22472153731,16.27799456257777,285.79762071220216,0.8125322373838428,,,0.0008127209285858784,3.071631447460199e-05,0.00010010786901649593,4426.11636056663,31641.678137164767,2693922.9333004653,295.65312910341544,5933496.706762336,0.07410999910727012,0.046177875691417423,0.07429448832212752,0.2356522207554781,0.9718374508388794,0.005265714854293383,0.0013129898063241655,0.005865714854293383,0.00019746430703600185,two-phase,False,
0.055028653679153036,1.0003513752344673,3056.6020844158315,881.4500270623824,1.3999530657408026,1233.9886676832957,2944683.5944134137,670.2887644225484,579.8554424887172,285.8054821087267,4262544.040191924,354453.4807378059,148.58644476523696,29.84186620607578,67366.85851524626,2.3482684102349785,0.0356791647945655,9186.326825698616,0.7518556126864164,10014.228842636474,16.280965530426915,285.8054821087267,0.8109605788920632,,,0.0008103802135212565,3.071070932897486e-05,9.985791374593025e-05,4434.096804720671,31702.928225809068,2701239.039134322,295.65654840722635,5929255.973949633,0.07441840954539057,0.04610245867170484,0.07461198613546996,0.23940710865091336,0.9709192738469093,0.005256237672089996,0.0013126947248145555,0.005856237672089996,0.00019710891270337486,two-phase,False,
0.05521260919848106,1.000353728388606,3056.601187980419,884.0925259891269,1.3998689468870886,1237.613673307145,2952929.209439674,670.6149362700035,579.9457800358946,285.81336225972825,4263338.108392106,354143.0066714991,148.85883914311194,29.841912685731792,67484.930361294,2.3484796606629166,0.03567995577070594,9209.07969833272,0.7514562028586009,10039.455126251478,16.284088945391616,285.81336225972825,0.8093864991577836,,,0.0008080065868436998,3.07048187759684e-05,9.96069993266038e-05,4442.23248020814,31765.340200784794,2708688.8771640104,295.6599765290554,5925008.180996583,0.07472652703481424,0.04602585361037348,0.07492948394881238,0.2431218863598436,0.9699957465746081,0.005246611196173739,0.0013123940400341732,0.0058466111961737385,0.0001967479198565152,two-phase,False,
0.0554003248200087,1.0003561377375396,3056.600270141936,886.7880412339586,1.3997817587512058,1241.3097239980073,2961327.0510816956,670.953083278805,580.0443574635244,285.82126115723355,4264134.460191722,353832.17139350605,149.13245865960158,29.84275281700591,67605.06959586721,2.3486915818633833,0.03568077028385422,9232.016302819344,0.751055625690069,10064.903429603324,16.28736419152373,285.82126115723355,0.8078105047724917,,,0.0008056007140419415,3.0698644306130885e-05,9.935515099516577e-05,4450.523100770843,31828.912690078785,2716272.4217656623,295.66341347026645,5920753.28727609,0.07503435107881673,0.04594807771898132,0.0752469817621548,0.24686872467693258,0.9690489320856738,0.005236837589412779,0.0013120877703464901,0.005836837589412779,0.00019638140960297922,two-phase,False,
0.05559194174040829,1.0003586055943043,3056.5993300195523,889.53854191542,1.39969141303333,1245.0794586812021,2969882.741312455,671.303579932905,580.1514088155927,285.82918871440774,4264933.223554824,353520.9693862516,149.40743127346886,29.844394100569648,67727.36125187064,2.3489044414664466,0.035681609110550606,9255.144244868849,0.7506537995376573,10090.582832283068,16.29079540788026,285.82918871440774,0.8062320915755906,,,0.0008031615918386508,3.0692178465278475e-05,9.910230326841712e-05,4458.974260479179,31893.69098837394,2723994.601506504,295.6668635503403,5916481.71796618,0.07534186728501654,0.045869093453295685,0.07556447957549724,0.2506138119135732,0.9680871434319063,0.005226912133859692,0.0013117757171589015,0.005826912133859692,0.00019600920501973844,two-phase,False,
0.05578741815759927,1.0003611319381607,3056.598367621497,892.3433678947133,1.3995979676594914,1248.9219641598665,2978594.178632124,671.6661908254991,580.2667566935717,285.8371349993041,4265734.457365004,353209.39550272154,149.6837226491014,29.846822205073792,67851.7576570165,2.3491179744676525,0.0356824724485887,9278.460251364952,0.7502507745265183,10116.489507720331,16.29437975695108,285.8371349993041,0.8046512493559045,,,0.0008006905384778679,3.0685426966724714e-05,9.884851847440328e-05,4467.583456901307,31959.653975287758,2731853.541714681,295.6703224529995,5912203.994681769,0.07564908065713291,0.04578893943895861,0.07588197738883966,0.25431404091543613,0.967121692752914,0.0052168396833558095,0.0013114579811590835,0.005816839683355809,0.00019563148812584287,two-phase,False,
0.05598683148038046,1.0003637183001346,3056.597382364875,895.2035685821285,1.3995013935336642,1252.8386417269978,2987464.341555935,672.0410300497747,580.3904398133175,285.8451099222521,4266538.25998825,352897.44434347964,149.9613844073553,29.850040710665628,67978.30581233406,2.3493324488591445,0.03568336075966039,9301.970168191128,0.749846471099175,10142.630143417375,16.298118396446323,285.8451099222521,0.8030679823684278,,,0.000798187385585052,3.0678388010055265e-05,9.859375584635764e-05,4476.353429587333,32026.826079949056,2739851.871826705,295.67379449820027,5907910.407806389,0.07595598377904508,0.045707605557450175,0.07619947520218208,0.2580519972310277,0.9661310297910308,0.005206618966370415,0.001311134469679617,0.005806618966370415,0.00019524821123889055,two-phase,False,
0.056190270241954166,1.0003663663812965,3056.596373602036,898.1203502078648,1.39940161130822,1256.8310652295888,2996496.3502111286,672.4284188866977,580.5227176371582,285.8531134709975,4267344.623400037,352585.1104249125,150.24034708987242,29.854080252023564,68107.04621426563,2.3495478663210845,0.03568427474453529,9325.672471953387,0.7494409830769949,10169.003887219535,16.302015595719865,285.8531134709975,0.8014827967031641,,,0.0007956518800856718,3.067105396042415e-05,9.833804874996715e-05,4485.287379112926,32095.231589403218,2747992.215893765,295.6772796880243,5903600.9466776345,0.07626256806269828,0.045625077969447106,0.0765169730155245,0.26176823444047226,0.9651307639060719,0.005196248243802858,0.0013108050734053247,0.005796248243802858,0.00019485930914260718,two-phase,False,
0.05639772214112309,1.000369076590797,3056.5953411774913,901.0934712172893,1.3992986842627424,1260.8989086721003,3005689.496749507,672.8281128317149,580.6633576789611,285.8611357177009,4268153.639888825,352272.3884540075,150.52065406517534,29.85891926419113,68237.94759934233,2.3497639613392196,0.03568521475870393,9349.569949459594,0.7490342388067263,10195.61344128703,16.306067822606728,285.8611357177009,0.7998951736754616,,,0.0007930849912885857,3.066343188557085e-05,9.8081396059065e-05,4494.384057325313,32164.858593796394,2756273.995482915,295.6807737055094,5899286.276385718,0.07656883606879615,0.04554138428686124,0.07683447082886694,0.26547299838340715,0.964118295194798,0.005185730985468312,0.0013104698473104335,0.005785730985468312,0.0001944649119550617,two-phase,False,
0.056609294590229356,1.0003718509193833,3056.594284333279,904.1244040497228,1.3991925501469762,1265.0441305524466,3015047.8859429574,673.240365583993,580.8125148630281,285.8691766542658,4268965.372409382,351959.2728522949,150.80231405484406,29.864577858889884,68371.06063810768,2.3499807350741095,0.03568618160985493,9373.667509384179,0.74862619707753,10222.464776637513,16.310278029969705,285.8691766542658,0.7983051107767952,,,0.0007904862572369696,3.0655516667543205e-05,9.782376577960009e-05,4503.647449391655,32235.737150688805,2764700.786476784,295.684276552043,5894966.712981099,0.07687477739991067,0.04545650420707984,0.07715196864220936,0.2692002436400201,0.9630842272741018,0.005175064640065219,0.001310128653720879,0.005775064640065219,0.00019406492400244571,two-phase,False,
0.0568250314917702,1.000374690552978,3056.5932026180485,907.213708400309,1.3990831945709765,1269.2674533072866,3024572.909891588,673.6652373491352,580.970221966402,285.87725609802226,4269779.923007965,351645.7581170719,151.08542285563027,29.871040136320893,68506.42399931746,2.3501987238109834,0.03568717543801758,9397.966382913648,0.7482168629985734,10249.559493873658,16.314647003419154,285.87725609802226,0.7967126169850491,,,0.0007878560167869541,3.0647307287446194e-05,9.756516859068115e-05,4513.078730133546,32307.883947086386,2773273.773065319,295.6877968680648,5890622.407638369,0.07718038878594057,0.04537044374418414,0.07746946645555178,0.2728908009977146,0.9620450149191698,0.005164249963345312,0.0013097814588540558,0.0057642499633453114,0.0001936593736254492,two-phase,False,
0.05704494948001259,1.0003775963372943,3056.5920957100643,910.3615517174828,1.3989706546076237,1273.569095935819,3034265.022939906,674.102576591883,581.136311564589,285.88535420972676,4270597.387358872,351331.8387926898,151.36998216299756,29.878300843321338,68644.00960189287,2.3504173943171978,0.0356881969301609,9422.470334564085,0.7478061611350256,10276.901555624834,16.319172454917208,285.88535420972676,0.7951171676837798,,,0.0007851949322507702,3.063880851687076e-05,9.730559299292618e-05,4522.677865714226,32381.292412760216,2781993.3869278356,295.6913260168695,5886274.210102946,0.07748567025531448,0.04528322017353705,0.07778696426889421,0.2765956430999077,0.9609863943980417,0.005153289126194721,0.0013094282736368058,0.0057532891261947204,0.00019324834223230204,two-phase,False,
0.05726917664508771,1.0003805706148927,3056.5909627174146,913.56969439821,1.3988548030532486,1277.9513549328246,3044128.765944455,674.5529029788504,581.3112148962855,285.8934908009663,4271417.728455143,351017.50916295307,151.65592972951436,29.886399245104958,68783.90419481717,2.350637283611416,0.03568924668038373,9447.176689460386,0.7473942365637499,10304.48926267619,16.32386129286349,285.8934908009663,0.7935197899687982,,,0.000782502398186013,3.063000787801299e-05,9.70450814696942e-05,4532.449663783848,32456.005974992517,2790863.43672674,295.6948726398591,5881901.618827889,0.07779060937828235,0.04519480717101777,0.07810446208223663,0.28031162292861306,0.9599090550938287,0.005142178820626866,0.0013090689311631735,0.005742178820626866,0.00019283170577350748,two-phase,False,
0.05749772771328177,1.0003836142549847,3056.58980330946,916.838271772318,1.398735702322827,1282.4144239839002,3054164.6409553387,675.0159658385851,581.494656387986,285.9016460381022,4272241.083510978,350702.7636673043,151.9432667519008,29.895329076344346,68926.07769484742,2.3508578577570276,0.03569032537363246,9472.09290605659,0.7469809296209611,10332.330380005347,16.32870978228037,285.9016460381022,0.7919199602740593,,,0.0007797791270106256,3.062091289922926e-05,9.67835873633265e-05,4542.393960482846,32532.01711807559,2799884.4564150465,295.69842809939155,5877525.660580557,0.07809520676967442,0.04510522396788841,0.07842195989557905,0.28398120406254523,0.9588298471257488,0.0051309214633134155,0.0013087034477474294,0.005730921463313415,0.0001924095548742531,two-phase,False,
0.05773064106603607,1.0003867284598165,3056.588617028717,920.1677558675037,1.39861334526752,1286.9589032411561,3064373.7422851245,675.4918045604886,581.6866557987988,285.90983972694073,4273067.590465719,350387.59671556944,152.23217041956804,29.905056168722897,69070.56436415121,2.351079654512911,0.03569143313841531,9497.219550142512,0.7465662541848551,10360.425752708907,16.333718259272352,285.90983972694073,0.7903171757300079,,,0.0007770255891478265,3.0611523479423256e-05,9.652112990998784e-05,4552.5116070837785,32609.340306348055,2809057.3600765564,295.70200103783833,5873126.703087198,0.07839946062059433,0.04501448079777748,0.07873945770892149,0.2876800988315558,0.9577265584373581,0.005119518340250057,0.0013083318025798908,0.005719518340250057,0.00019198193775937718,two-phase,False,
0.05796805732136532,1.0003899158284697,3056.58740288564,923.5600772017597,1.3984876355262135,1291.587348632296,3074761.362175459,675.9808063349506,581.8874785793757,285.9180520394867,4273897.20754869,350072.0024280228,152.52248284643466,29.91564116729335,69217.40568377078,2.351302139231966,0.03569257133979022,9522.560298018932,0.7461502154337634,10388.780348435961,16.33889158518612,285.9180520394867,0.7887119329589817,,,0.0007742410926051054,3.060183106015171e-05,9.625769016769622e-05,4562.807866778595,32688.00788654988,2818386.7105961777,295.70558281661357,5868724.881140672,0.07870335738437452,0.04492254883227678,0.07905695552226391,0.29138424432926596,0.956606095609192,0.005107965828752175,0.0013079538131686849,0.005707965828752175,0.00019154871857820658,two-phase,False,
0.058209979153961165,1.0003931771413759,3056.5861605834816,927.0151919552811,1.3983585965412613,1296.299662795015,3085327.088946114,676.4828731277944,582.0970453162213,285.9263027757275,4274730.042761974,349755.9751741149,152.81430148329798,29.92705488344837,69366.61459840831,2.3515258504194705,0.035693739926596094,9548.114305213208,0.7457328376012269,10417.393232298338,16.344228580086703,285.9263027757275,0.7871042378761903,,,0.0007714265680235164,3.059183843091771e-05,9.599330443815596e-05,4573.281987466485,32768.02263585098,2827872.103636507,295.7091820790649,5864300.439663043,0.07900689978230536,0.04482945354160214,0.07937445333560633,0.2950378067118382,0.9554855794886011,0.005096267129501486,0.0013075695182789347,0.005696267129501486,0.00019111001735630574,two-phase,False,
0.058456458730581924,1.0003965138651107,3056.584889564145,930.5337615067995,1.3982262571333917,1301.0967384879084,3096072.854819496,676.997912489981,582.3152060311279,285.934582016023,4275566.238308871,349439.5092101898,153.1076733121568,29.939292048151398,69518.19374429296,2.3517505215499224,0.03569493962586751,9573.889348326666,0.7453139762030366,10446.272812563166,16.34972726600804,285.934582016023,0.7854935723875374,,,0.0007685823585740189,3.058154988551564e-05,9.572792305379525e-05,4583.935346105618,32849.39203785537,2837515.299308623,295.7127945068633,5859864.242404626,0.07931008503434951,0.04473520158291708,0.07969195114894875,0.2987244368065889,0.9543394107206232,0.005084423079061827,0.0013071788787417007,0.005684423079061827,0.00019066586546481854,two-phase,False,
0.05870764014519328,1.0003999287449916,3056.5835887824783,934.1177561949823,1.3980904927610074,1305.9811540554495,3107003.8364961175,677.5264126142224,582.5423420851537,285.94289964891885,4276405.793595258,349122.5985398083,153.40257178406432,29.952387412866322,69672.22341887702,2.351976423414813,0.03569617133308364,9599.885495472354,0.7448937234939008,10475.420354723305,16.35539422131445,285.94289964891885,0.7838804467658611,,,0.0007657078334512796,3.057095373148493e-05,9.546156298626298e-05,4594.773260206331,32932.159904628075,2847320.6854087985,295.71642442361986,5855406.178679558,0.07961289957956708,0.04463976531736207,0.08000944896229119,0.30241616340591476,0.9531759880058073,0.005072430204231681,0.0013067817113235018,0.005672430204231681,0.00019021613265868807,two-phase,False,
0.05896353302192126,1.000403422734956,3056.5822578757216,937.7672239979903,1.3979513484475938,1310.9529553179473,3118120.026515362,678.0682052802035,582.7782846161302,285.9512457575678,4277248.853948306,348805.23738678684,153.69904447091713,29.96632298915821,69828.68090319533,2.3522032891403715,0.03569743555404523,9626.10506488179,0.7444720311032322,10504.838233423676,16.36122689989271,285.9512457575678,0.7822643432581563,,,0.00076280387937908,3.0560055371109043e-05,9.519423124653732e-05,4605.795209740494,33016.31981506997,2857288.262150272,295.7200675105395,5850937.1135860095,0.07991534609681006,0.04454316912440827,0.08032694677563361,0.30605892490786235,0.9520125705494877,0.005060291568625745,0.0013063780471749913,0.005660291568625745,0.00018976093382346547,two-phase,False,
0.05922419447614494,1.0004069974593937,3056.5808962257647,941.4828883485774,1.3978088063396834,1316.0130723517623,3129423.1822791607,678.6233758747171,583.0230851224342,285.9596203292071,4278095.3793211365,348487.4198963778,153.9970201465614,29.981117168477336,69987.58306725735,2.352431120513946,0.03569873288640349,9652.54849935113,0.744048923879796,10534.527308692825,16.367226279614876,285.9596203292071,0.7806457685237346,,,0.000759870871353097,3.054885363335767e-05,9.492594880596354e-05,4617.002704610422,33101.88395628792,2867419.5013019126,295.7237237697985,5846456.875066736,0.08021742188470807,0.04444541972517364,0.08064444458897603,0.30972667161729917,0.9508256353763659,0.005048008016844612,0.0013059678433124612,0.005648008016844612,0.00018930030063167295,two-phase,False,
0.059489762020905966,1.0004106556821846,3056.5795027804843,945.2666151721061,1.3976627897952005,1321.163974461712,3140918.4363719476,679.1922162011128,583.2769142430463,285.968043144666,4278945.598489247,348169.1399644766,154.29668040098449,29.99676121057911,70149.01781550539,2.3526604585039834,0.03570006404349561,9679.223032354685,0.7436243303176446,10564.49619134509,16.37339596629295,285.968043144666,0.7790242148258075,,,0.0007569083167041659,3.053734246880267e-05,9.465666718865827e-05,4628.400677573373,33188.89716108901,2877718.872858814,295.7274018479594,5841946.362634511,0.08051911467146079,0.04434649454591979,0.08096194240231847,0.3134053778643935,0.9496194338395127,0.0050355767121886535,0.0013055509319183467,0.005635576712188653,0.0001888341267070745,two-phase,False,
0.059760273330285496,1.0004143988329195,3056.578076996043,949.118843938203,1.3975133144040324,1326.4062213554016,3152606.807177837,679.7746841739604,583.5397087821705,285.97648449622966,4279799.433473821,347850.3916301268,154.59782018265392,30.013293412697895,70312.95099629147,2.3528904967231097,0.03570143003074904,9706.129631897362,0.7431982464542726,10594.746090492576,16.379735092896375,285.97648449622966,0.7774001792697778,,,0.0007539168498306197,3.0525524201966e-05,9.43864054370658e-05,4639.989738105501,33277.353934086714,2888187.2286046906,295.731088781388,5837435.574347251,0.0808204245474171,0.04424640918408198,0.08127944021566089,0.31704282387605337,0.9484112229558957,0.0050229996146893925,0.0013051273038131792,0.005622999614689392,0.00018836248555085223,two-phase,False,
0.06003578065945006,1.000418228570732,3056.5766182412035,953.0402193495393,1.3973603624831574,1331.7406263713,3164489.7575520133,680.3708504750352,583.8115156636625,285.9849740569966,4280657.115710568,347531.1689152352,154.90066677003273,30.030671891489614,70479.43428173472,2.3531220463167277,0.03570283093170456,9733.268773227617,0.7427706972235235,10625.277856300994,16.386244601486744,285.9849740569966,0.7757731561553208,,,0.0007508969691228688,3.05133978016314e-05,9.411518583553848e-05,4651.771099543821,33367.27555593724,2898825.7772585363,295.73479753960015,5832895.325989952,0.08112135013656704,0.04414517424532221,0.08159693802900331,0.32068475678449043,0.947185983197636,0.00501027805709362,0.0013046969280216267,0.0056102780570936196,0.00018788542714101076,two-phase,False,
0.060316403741433655,1.000422147529917,3056.575125513325,957.0323430990981,1.397203899663665,1337.1693218823145,3176571.769440764,680.9808627245643,584.0923691190753,285.99350191273646,4281518.68377359,347211.46562901116,155.20518717261186,30.048923711633236,70648.50487411745,2.3533548400983606,0.035704267882742294,9760.64917439377,0.7423415604730599,10656.101444498265,16.392925781131208,285.99350191273646,0.7741431381217077,,,0.0007478484464423055,3.0500961614522547e-05,9.384295046443078e-05,4663.748828999571,33458.68947060833,2909638.4620852694,295.73852380336683,5828335.951405805,0.08142188197493665,0.0440427762838049,0.08191443584234574,0.32434982301376525,0.9459372031540673,0.004997410349747806,0.001304259669739892,0.005597410349747806,0.00018740288811554273,two-phase,False,
0.060602231766533184,1.0004261579643432,3056.5735979547203,961.0963779729834,1.3970438806544392,1342.6938135663024,3188855.7593137044,681.6049140342607,584.3824035669445,286.00205815510117,4282384.218233184,346891.2755757449,155.51134810455818,30.068067090063327,70820.1819640887,2.353588610131144,0.035705741854681096,9788.271175934213,0.7419108802020986,10687.217869234133,16.399780997147413,286.00205815510117,0.7725101188180976,,,0.0007447714362695392,3.0488212012524453e-05,9.356972153424079e-05,4675.925648074048,33551.61321364166,2920627.73446004,295.7422632524734,5823767.961670592,0.08172201459246893,0.04393921405122811,0.08223193365568816,0.32798771418597894,0.944681988471812,0.004984396335785702,0.0013038154438367998,0.0055843963357857015,0.00018691486259196383,two-phase,False,
0.060893301221708974,1.0004302614254061,3056.572034975315,965.2327340799469,1.396880317697955,1348.314608234062,3201342.592423696,682.2429482226216,584.6815490669994,286.010662549757,4283253.799772051,346570.592650342,155.8192512333688,30.08807940167292,70994.49397622938,2.3538238993506146,0.035707253025927276,9816.13692745072,0.741478634159137,10718.629558287665,16.4068095585487,286.010662549757,0.7708740979728363,,,0.0007416666658456941,3.047515107771072e-05,9.3295508960546e-05,4688.302003418821,33646.05887520996,2931794.3182963473,295.7460245360304,5819171.598090894,0.08202174939631104,0.0438345060439229,0.08254943146903058,0.331596579944351,0.9434212782046044,0.004971238339524819,0.0013033642485704524,0.005571238339524819,0.0001864214377321807,two-phase,False,
0.06118970158523706,1.0004344602458979,3056.5704356874467,969.4425716188514,1.3967131764086071,1354.0332135514946,3214035.2097027195,682.8951243761203,584.9899023066132,286.0193051867141,4284127.55180289,346249.41062959866,156.1288636054189,30.108978319554918,71171.45927131572,2.354060440040871,0.035708802376356256,9844.248008950071,0.7410448369838865,10750.338798078405,16.414013173990547,286.0193051867141,0.7692350689487325,,,0.0007385343210135144,3.0461776452835687e-05,9.302032417608527e-05,4700.8805693523045,33742.04371465472,2943140.705432181,295.7498033341009,5814557.5817443235,0.08232108147986421,0.043728652199797095,0.08286692928237302,0.33524736683844775,0.9421301412373384,0.004957936353162424,0.0013029060013297618,0.005557936353162424,0.0001859226132435909,two-phase,False,
0.06149159968370385,1.0004387579065952,3056.5687987662554,973.7281444561172,1.3965423859947868,1359.8526261690224,3226939.9042074485,683.5617227727448,585.3075878496413,286.0279761619419,4285005.477650553,345927.723008879,156.44015196842128,30.130802080569946,71351.13847048001,2.354297963723653,0.03571039133464934,9872.615091300677,0.7406093532991872,10782.357962876486,16.421394920086218,286.0279761619419,0.7675930261248066,,,0.0007353738050403304,3.044808327387664e-05,9.274409210332161e-05,4713.667256414787,33839.60883632137,2954672.410866588,295.7535953257485,5809936.031799463,0.08261999638413119,0.04362162597713899,0.08318442709571544,0.33889174750068,0.9408253735289749,0.004944487041368658,0.0013024405022213188,0.0055444870413686575,0.00018541826405132466,two-phase,False,
0.061799004094471026,1.000443155686063,3056.567123725729,978.0894553726026,1.3963679507494062,1365.772768448244,3240056.0550612607,684.2427298644211,585.6346308919733,286.03670511665115,4285887.785818484,345605.5235873354,156.7532643620649,30.15351067037172,71533.55618529273,2.3545372856723183,0.03571201976995609,9901.232565640421,0.7401723140122868,10814.681198731263,16.428955069738123,286.03670511665115,0.7659479685508493,,,0.0007321862194808397,3.0434071910087098e-05,9.246689584500338e-05,4726.661229557123,33938.76086656258,2966388.7392849405,295.7574134858464,5805277.773603839,0.08291849998358371,0.043513457960344,0.08350192490905786,0.3424860546197329,0.9395229121160427,0.004930894247491996,0.001301967797500074,0.005530894247491996,0.00018490853428094987,two-phase,False,
0.062112007690851304,1.0004476561014828,3056.565409608133,982.5277005005324,1.396189862069446,1371.7952146412483,3253386.850133615,684.9382050443378,585.9710122634366,286.0454623740125,4286774.4394807685,345282.80598949356,157.06807718489546,30.1771389914771,71718.70421913796,2.354777595568228,0.035713689024127394,9930.105866429236,0.739733646172325,10847.31477972806,16.436693608841296,286.0454623740125,0.7642998882333503,,,0.0007289717804282615,3.0419743282861344e-05,9.218871400955784e-05,4739.865196332644,34039.50977851633,2978292.462448985,295.7612448455862,5800612.870900942,0.08321658781845229,0.04340414937925552,0.08381942272240028,0.3460958046350553,0.9381991760889655,0.004917158126079121,0.0013014878048270833,0.0055171581260791205,0.00018439342972796703,two-phase,False,
0.062430741353807946,1.00045226226928,3056.563655227556,987.0446101047,1.3960080590445518,1377.9222303426488,3266936.8493628763,685.6483906189828,586.3168729844804,286.0542775659058,4287665.651806321,344959.5636892618,157.38473935376803,30.201679296637337,71906.67415779072,2.3550197099003083,0.03571539968149759,9959.240871506849,0.7392933031594688,10880.265804698962,16.444613588729254,286.0542775659058,0.7626487826343918,,,0.0007257303627007522,3.040509266466973e-05,9.190951930311488e-05,4753.283424147359,34141.89995713233,2990387.5124773933,295.76510238141054,5795912.20605302,0.0835142508456956,0.04329368919563013,0.08413692053574272,0.34972698937913693,0.93685166002938,0.004903277290023453,0.0013010003857434468,0.005503277290023453,0.0001838728983758795,two-phase,False,
0.06275531490980535,1.0004569770604876,3056.561859491617,991.6416106900564,1.3958225163403883,1384.1556883412302,3280709.8620828646,686.3733830677966,586.6722187302644,286.0631210245104,4288561.467140448,344635.79010684235,157.70321277640824,30.227153656357743,72097.46543580129,2.355262817197628,0.035717153193442035,9988.64379007645,0.7388512095732412,10913.541496652007,16.45271589294694,286.0631210245104,0.7609941341653192,,,0.0007224620817029609,3.0390119373199858e-05,9.162928461918381e-05,4766.919244693771,34245.945997526294,3002677.197039065,295.76897312300025,5791206.192609349,0.08381148301088197,0.043182074835844846,0.08445441834908514,0.3533341322576012,0.9354971891896672,0.00488925141591399,0.0013005054364440562,0.0054892514159139896,0.00018334692809677462,two-phase,False,
0.06308578114072459,1.0004618025675183,3056.5600216045536,996.3193164943127,1.3956332237688218,1390.4963395821067,3294707.0501323016,687.1132590747957,587.0371158368612,286.0720223722882,4289462.024297008,344311.47876898746,158.02356202851752,30.25354886362736,72291.12528596584,2.3555077351790743,0.03571894970238275,10018.312650772368,0.7384074371587637,10947.140122481103,16.461001311266706,286.0720223722882,0.7593364496607127,,,0.0007191676608803842,3.037482292512642e-05,9.134805883651702e-05,4780.773555434203,34351.66758783365,3015162.4032970187,295.77287004838274,5786465.391618419,0.08410828597015602,0.04306932413322565,0.08477191616242756,0.3569111453203555,0.9341383379061755,0.004875082744752568,0.0013000029419923697,0.005475082744752568,0.0001828156029282213,two-phase,False,
0.0634222430276161,1.0004667416618664,3056.5581404739382,1001.0790484831336,1.395440167598795,1396.9459151949463,3308931.928902524,687.8680624183703,587.4115234996018,286.08096182758663,4290367.4120287355,343986.62306702917,158.34579523909971,30.28087559361485,72487.66130597123,2.3557539233395346,0.035720790462107035,10048.254587962067,0.7379618880605607,10981.06979438796,16.469470103773887,286.08096182758663,0.7576752125171727,,,0.000715847327461098,3.035920383895216e-05,9.106580858916541e-05,4794.849326407189,34459.08052993331,3027846.1988140126,295.77678451121744,5781710.357648112,0.08440465527301161,0.042955438391478924,0.08508941397577,0.36050820590340454,0.9327560417795794,0.004860771440367762,0.001299492812716274,0.005460771440367762,0.00018227892901379107,two-phase,False,
0.06376485217259682,1.000471797991432,3056.5562147117134,1005.9228098322584,1.395243253269354,1403.5070137282098,3323389.5539180334,688.6381912100437,587.7957380544767,286.0899591231517,4291277.68919672,343661.21623285563,158.66993152125218,30.30915477010867,72687.160425379,2.356001928917222,0.03572267637139517,10078.47065543101,0.7375146264050778,11015.332771184707,16.478127266455626,286.0899591231517,0.7560109279842917,,,0.0007125008925631567,3.0343253933828115e-05,9.078255017550861e-05,4809.151511840177,34568.23077124576,3040732.839533315,295.780725166155,5776921.349660608,0.08470058047183779,0.042840403581008844,0.08540691178911242,0.3641186232133271,0.931352579976687,0.004846315739748567,0.0012989748877087939,0.005446315739748566,0.00018173684024057126,two-phase,False,
0.0641137055261752,1.0004769744650492,3056.5542432113857,1010.8518250839571,1.395042460005255,1410.1812167659252,3338082.992403719,689.4237264263188,588.1897751221015,286.0989944833518,4292192.953711003,343335.2515266515,158.99589227372644,30.33841102360534,72889.6251031327,2.3562512106393942,0.035724608659570174,10108.964363004374,0.7370656281222163,11049.933352304157,16.486973734594613,286.0989944833518,0.7543435917411577,,,0.0007091287191396403,3.0326972557180105e-05,9.049828339385213e-05,4823.682730865189,34679.13157375896,3053824.9358692924,295.7846833658456,5772118.93897671,0.0849960585891646,0.04272422524420143,0.08572440960245484,0.3676999038084761,0.9299445041179809,0.0048317163393717475,0.0012984490913548242,0.005431716339371747,0.00018118936272644055,two-phase,False,
0.0644688800419962,1.0004822737506338,3056.5522249582973,1015.8670315514042,1.3948378284211487,1416.9697642537992,3353014.795076317,690.2245307028925,588.5934253490999,286.1080777620896,4293113.4226682335,343008.7221914051,159.32391212558144,30.36860359485789,73095.08652170682,2.3565020438550195,0.03572658795448156,10139.74668140312,0.7366146957465444,11084.883356579174,16.496006726503644,286.1080777620896,0.7526721749988866,,,0.0007057313608428458,3.0310365913992072e-05,9.021294747377502e-05,4838.444730523755,34791.80143565982,3067124.7993684565,295.78866343973635,5767294.175430066,0.08529108966930629,0.042606916341559935,0.08604190741579727,0.37125859991609,0.9285295105640664,0.004816974867902181,0.001297915380131052,0.00541697486790218,0.00018063655754633177,two-phase,False,
0.06483049003565781,1.0004876991311915,3056.5501587036074,1020.9698893370459,1.3946292681930383,1423.8744896132516,3368188.2122096666,691.0409535176059,589.0069948027021,286.1172188068263,4294039.121564941,342681.62140613294,159.6538773111223,30.399767626847108,73303.59563393357,2.3567547047577264,0.035728615112145805,10170.812139842808,0.7361620141649733,11120.177962875603,16.505231467206134,286.1172188068263,0.7509976936064137,,,0.0007023090920546072,3.029342551138641e-05,8.99266183813309e-05,4853.440770983276,34906.270132615755,3080635.0107331234,295.7926697183591,5762437.219171185,0.08558566927399401,0.042488478254089766,0.0863594052291397,0.3748286005925102,0.9270941269244782,0.004802091498882119,0.001297373656355175,0.005402091498882119,0.0001800784312080795,two-phase,False,
0.06519868367123441,1.0004932544687521,3056.5480429780487,1026.1623300499912,1.3944167522244977,1430.8979435234316,3383608.4523781124,691.8731423723898,589.4305017435719,286.12640772022183,4294970.19247339,342353.9421855695,159.98584376568778,30.43191415064734,73515.19375797204,2.3570089240695853,0.03573069151911887,10202.170638649563,0.7357074456001109,11155.828487160556,16.514648742011623,286.12640772022183,0.7493196313903425,,,0.0006988618612013712,3.0276151059032202e-05,8.963924115101967e-05,4868.675462796288,35022.56964737061,3094360.1226272285,295.79669787966776,5757558.810106602,0.08587978889646739,0.042368902421421425,0.08667690304248211,0.3784170307764429,0.9256352147678591,0.00478706515658381,0.0012968237742945238,0.00538706515658381,0.0001795149433718929,two-phase,False,
0.06557359647232723,1.0004989435133553,3056.54587635511,1031.4461001876764,1.3942002057436493,1438.0423650951432,3399279.768600623,692.7213805616766,589.8641500590368,286.1356543462707,4295906.659559824,342025.6774999452,160.31978445812462,30.465066118295297,73729.94149551001,2.3572649784512967,0.03573281817321277,10233.823060003979,0.7352510492990965,11191.836843044515,16.524262572446844,286.1356543462707,0.7476384924340062,,,0.0006953898051076113,3.0258536367832728e-05,8.93508379387677e-05,4884.152833587617,35140.735574914805,3108303.6834056247,295.80075225478066,5752649.113796615,0.08617344209571193,0.04224818570426347,0.08699440085582454,0.38198451278459217,0.9241687248509969,0.0047718954465122525,0.001296265610079493,0.005371895446512252,0.00017894607924420948,two-phase,False,
0.06595530619479809,1.0005047692090039,3056.5436577153478,1036.822126228348,1.3939796763277958,1445.3089719292896,3415204.625973761,693.5854997687252,590.3077024237493,286.1449487905642,4296848.794701625,341696.8203591119,160.65584508964182,30.499198297209347,73947.840262842,2.35752259825836,0.03573499604434163,10265.78001954267,0.7347926338897718,11228.214451571004,16.534069828029256,286.1449487905642,0.7459532490677153,,,0.0006918935808342329,3.0240588385104e-05,8.906135559782475e-05,4899.8744769947325,35260.77767549443,3122467.918936632,295.8048285211618,5747719.472200163,0.08646663051190476,0.04212634453937374,0.08731189866916697,0.3855238199644947,0.9226978835133328,0.004756584434171358,0.0012956991282983403,0.005356584434171358,0.00017837191628142593,two-phase,False,
0.06634393990084483,1.0005107353183216,3056.5413856276614,1042.2920237711219,1.393755074062948,1452.69979678634,3431386.6045116927,694.4658817261666,590.7614900829246,286.15430089359546,4297796.586022662,341367.3636931678,160.99391018208303,30.53434735016623,74168.94451971455,2.3577820606247686,0.03573722608671446,10298.035569287087,0.7343323931926394,11264.956068974812,16.544075666130656,286.15430089359546,0.7442649166212445,,,0.0006883734700123167,3.022229891172521e-05,8.877087437155063e-05,4915.8439747611865,35382.72837971905,3136855.668932273,295.8089310105222,5742759.890192982,0.0867593497225448,0.04200338038880868,0.08762939648250939,0.38905846921054704,0.9212130630508589,0.004741132303288554,0.0012951242224984718,0.005341132303288554,0.00017779246137332078,two-phase,False,
0.06673962808998868,1.0005168457359839,3056.5390586107706,1047.8574501950266,1.3935264006212793,1460.2170209344667,3447830.1776198116,695.3625155422815,591.2253885644091,286.1637007639238,4298750.22443488,341037.30033240735,161.3341269538253,30.57050041305827,74393.28223982723,2.3580430955333016,0.03573950959713962,10330.602029241163,0.7338701333266238,11302.075335906302,16.554279331867924,286.1637007639238,0.7425724675892382,,,0.0006848297106960508,3.020367060240863e-05,8.847932528135206e-05,4932.064994682311,35506.61286915517,3151470.891035426,295.8130553998298,5737781.308286526,0.08705159530778887,0.04187929473389767,0.08794689429585181,0.3926167126605486,0.9197021892654297,0.004725539240013181,0.0012945407838959636,0.005325539240013181,0.0001772077215004943,two-phase,False,
0.06714256282652781,1.0005231053981225,3056.536674786907,1053.5209211189358,1.3932935593332296,1467.8639140178248,3464541.7679587905,696.2757985073913,591.6996590105277,286.17316809949034,4299709.829404713,340706.6229009145,161.67651619276768,30.60768366053,74620.95440824628,2.3583062548296327,0.03574184778504108,10363.484482754138,0.733405851638768,11339.578959677146,16.56468571429092,286.17316809949034,0.7408764019309441,,,0.0006812620641806013,3.0184695841746813e-05,8.818669578085211e-05,4948.543662964789,35632.48658669445,3166319.047626859,295.81721034960566,5732764.400154217,0.08734335511004564,0.04175407112533964,0.08826439210919425,0.39617628364465035,0.9181744672324065,0.004709803177265105,0.0012939486161910457,0.005309803177265105,0.00017661761914744144,two-phase,False,
0.06755283749939386,1.0005295178016818,3056.534232826514,1059.283557354694,1.3930565482594188,1475.641896036488,3481523.927496853,697.2057691605805,592.1842908853752,286.18268314755994,4300675.4740318535,340375.32414137217,162.02100005712896,30.64591628308647,74851.95327394381,2.358570994322333,0.03574424188671593,10396.684769438503,0.7329395494322067,11377.469397088436,16.575294809570522,286.18268314755994,0.7391767188629512,,,0.0006776711902026893,3.016537598542752e-05,8.789300723198658e-05,4965.2820038527225,35760.358661457416,3181402.2545914385,295.82138720866226,5727729.510289535,0.08763463061415111,0.041627725158450354,0.08858188992253667,0.3997019723622933,0.9166451512388492,0.004693926074809502,0.0012933476714157316,0.0052939260748095015,0.00017602222780535633,two-phase,False,
0.0679705794975082,1.0005360870526856,3056.5317311682084,1065.1469511864523,1.3928153240849348,1483.5529960148388,3498780.4296897277,698.1525973669563,592.6793831507331,286.1922655991462,4301647.277052095,340043.3967169758,162.36768913489968,30.685189939761884,75086.34355038147,2.3588378667843366,0.03574669272238561,10430.205656745102,0.7324712370169789,11415.750383377286,16.586108879345982,286.1922655991462,0.7374734053962549,,,0.0006740574840846452,3.014570829344006e-05,8.759827137216673e-05,4982.2833811846085,35890.26427072808,3196723.6672060634,295.82559463869154,5722657.333577722,0.08792541929045683,0.04150026276706996,0.08889938773587909,0.4032158396621954,0.9151049047215902,0.004677908678314716,0.0012927378541767775,0.005277908678314716,0.00017542157543680185,two-phase,False,
0.0683959341456956,1.000542817629634,3056.529168108902,1071.11293937686,1.3925698686544692,1491.5996053021363,3516315.9989578845,699.1163701579235,593.184912623415,286.2019154197718,4302625.53510296,339710.83318466303,162.71669147792795,30.725500774207724,75324.17088592511,2.359106876995948,0.03574920154234896,10464.056352049982,0.7320007927990507,11454.432431074569,16.597128373374904,286.2019154197718,0.735765941748889,,,0.000670421201805991,3.0125693358020867e-05,8.730244872605944e-05,4999.551829981595,36022.23562615339,3212287.3818601244,295.82983264555776,5717549.351957832,0.08821571674001868,0.04137168551867919,0.08921688554922153,0.406724718803393,0.9135507665774798,0.004661751184756187,0.0012921190458332788,0.005261751184756187,0.00017481566942835703,two-phase,False,
0.06882905078087213,1.0005497141723338,3056.526541884237,1077.1834070099571,1.3923201223803412,1499.7841330741765,3534135.1064145938,700.0973541913954,593.7010615292058,286.21161286616837,4303610.197852813,339377.6260456903,163.06783864262636,30.76689754126774,75565.45396788407,2.3593774795506213,0.0357517699360149,10498.236965048278,0.7315282849686158,11493.516677664858,16.608356447322574,286.21161286616837,0.7340548408198679,,,0.0006667626213315473,3.0105326892872943e-05,8.70055726236759e-05,5017.091483793665,36156.29757768656,3228097.0963166156,295.8340925764848,5712425.2807656,0.08850551856772268,0.04124199500127524,0.08953438336256395,0.410246516981524,0.9119746681265484,0.004645453793687527,0.001291491125117927,0.005245453793687527,0.00017420451726328227,two-phase,False,
0.06927012147201635,1.0005567821089942,3056.5238504297886,1083.3608293363286,1.392066018841064,1508.1097966625764,3552244.105543463,701.0958083836963,594.2279486955539,286.2213776187784,4304601.392492292,339043.76762405544,163.42124247231527,30.809385967570392,75810.28845682568,2.3596502286407812,0.03575439914509582,10532.75669091387,0.7310536237157633,11533.014029944217,16.619796241402653,286.2213776187784,0.7323400879192705,,,0.0006630816948560274,3.0084604692951502e-05,8.670760283509659e-05,5034.908134629469,36292.5036137896,3244158.2723543453,295.83838309495184,5707265.89163635,0.08879481520639995,0.04111118143109275,0.08985188117590637,0.41377516848443335,0.9103791023225868,0.00462901527564452,0.00129085391240775,0.005229015275644519,0.0001735880728366695,two-phase,False,
0.06971929209026065,1.0005640262423348,3056.521091919497,1089.6470252105032,1.3918075350578631,1516.5789402413639,3570647.46998812,702.1118519890979,594.7655960086485,286.2312096425128,4305599.381817138,338709.2502395839,163.7770127148561,30.852960058536556,76058.71671246558,2.3599251291592402,0.03575709043772454,10567.621855549029,0.7305767448507816,11572.931989988489,16.631448565092203,286.2312096425128,0.7306211629228152,,,0.0006593787988647988,3.0063526820475007e-05,8.64085264533724e-05,5053.00563179789,36430.8847991602,3260474.724551184,295.8427042069332,5702072.500991193,0.08908360386280649,0.04097925023949257,0.0901693789892488,0.4172798482912694,0.9087780412234965,0.004612436313152102,0.0012902072986413313,0.0052124363131521015,0.00017296636174320382,two-phase,False,
0.07017669743795169,1.0005714513007646,3056.518264555774,1096.0436504569175,1.3915446396259155,1525.193666589344,3589349.047435482,703.1456233868485,595.314069620386,286.24110890205645,4306604.299291195,338374.0661963949,164.13516814961253,30.897627684022538,76310.77422711173,2.3602021860403877,0.03575984501389716,10602.835158510981,0.7300976572468223,11613.274222026164,16.643315069024982,286.24110890205645,0.7288980579878853,,,0.0006556544404201544,3.0042091850472406e-05,8.610836021622249e-05,5071.387315341162,36571.46849162181,3277049.6544493884,295.84705591844397,5696845.811643268,0.08937188382622477,0.040846211223615064,0.09048687680259122,0.42076646016465497,0.9071689952817532,0.004595718137355238,0.0012895511938538931,0.005195718137355238,0.00017233943015082143,two-phase,False,
0.07064250417778181,1.0005790626389546,3056.515366302746,1102.5527979863512,1.3912772909494464,1533.9566699111829,3608353.9745555036,704.1973084762299,595.87344686277,286.25107536186863,4307616.281342643,338038.2076862632,164.49572776865017,30.943403874842513,76566.51193097465,2.3604814042601565,0.03576266427813673,10638.40253056847,0.7296163169203351,11654.04798453008,16.65539762343154,286.25107536186863,0.7271707652374745,,,0.000651908896525676,3.002029800216707e-05,8.580709478178131e-05,5090.057740031489,36714.29113995824,3293887.4204958007,295.85143823553955,5691586.5389619535,0.08965965072873204,0.04071206606330812,0.09080437461593364,0.424247731719814,0.9055461678625738,0.004578860959349841,0.001288885465659202,0.00517886095934984,0.00017170728597561903,two-phase,False,
0.07111688367136773,1.0005868658096913,3056.5123950493003,1109.1766168382674,1.3910054342216407,1542.8707015336045,3627667.42337509,705.2671353076967,596.4438532133086,286.2611089861834,4308635.378065762,337701.66682870436,164.85861730235902,30.990321631734854,76825.98189618326,2.3607627888359715,0.035765549668465235,10674.328041577264,0.729132723038534,11695.258652811464,16.66769901420834,286.2611089861834,0.7254397895890301,,,0.0006481424522521594,2.999814188951794e-05,8.550473569557236e-05,5109.021573963195,36859.39011882433,3310992.3647169904,295.85585116431577,5686294.989964247,0.08994690020768877,0.04057681646032691,0.09112187242927607,0.42772359440102875,0.9039095788809101,0.004561864992984773,0.001288209978701312,0.005161864992984773,0.000171069937236929,two-phase,False,
0.0716000121342423,1.000594866572368,3056.509348605875,1115.9173139248114,1.390729039045855,1551.938613649285,3647294.9055662327,706.3552423233778,597.0253046650491,286.27121958291906,4309661.910994477,337364.4356500962,165.22409100736368,31.038352643255873,77089.2516314102,2.3610466213136982,0.03576850250564243,10710.62097440513,0.7286467676546241,11736.917004976072,16.68022036637635,286.27121958291906,0.723704091762848,,,0.0006443553831350092,2.9975623164301228e-05,8.52012500025375e-05,5128.283601847956,37006.80794217034,3328369.221562738,295.86029904199955,5680962.8525537215,0.0902336279060222,0.04044046413861268,0.0914393702426185,0.431202151590692,0.9022553432723786,0.004544730454896879,0.0012875245945788358,0.005144730454896879,0.00017042739205863297,two-phase,False,
0.07209208943730097,1.0006030712137595,3056.5062245823246,1122.7774156025207,1.3904480245778617,1561.1636395651617,3667242.487554403,707.461963869298,597.618017687226,286.28139726841295,4310695.892668865,337026.5060653005,165.59193315613172,31.08756187864084,77356.37095556322,2.361332630778088,0.03577152457096945,10747.283908123067,0.7281584929683307,11779.027094921223,16.692965862113855,286.28139726841295,0.7219646947365225,,,0.0006405478417871266,2.995273602846057e-05,8.489665504132945e-05,5147.849468595003,37156.58527393609,3346023.0506365295,295.8647775442745,5675600.1648830455,0.09051982697253894,0.04030300566435947,0.09175686805596092,0.43469119193685374,0.9005795731930174,0.004527456913581377,0.001286829145472539,0.005127456913581377,0.00016977963425930166,two-phase,False,
0.07259332069916842,1.00061148625528,3056.5030204994173,1129.7595098511429,1.3901623385294666,1570.5491221905686,3687516.5992909223,708.587538462375,598.2220916169299,286.2916518465476,4311737.516527443,336687.86987760535,165.96230561346425,31.137943751965494,77627.41934769743,2.3616210993368503,0.03577461738101371,10784.325308834777,0.7276678212294836,11821.599078324545,16.70593788495635,286.2916518465476,0.720221071349221,,,0.0006367199763896727,2.9929477976225966e-05,8.45909249141723e-05,5167.724937138557,37308.772129725614,3363959.3362116967,295.86929100905405,5670198.021967037,0.09080549056422306,0.04016443782409596,0.09207436586930334,0.43816551652321384,0.89889430976614,0.004510043965221551,0.0012861234606709956,0.005110043965221551,0.00016912664869580816,two-phase,False,
0.07310385932040639,1.0006201174938438,3056.499734154038,1136.865453211317,1.3898719765122096,1580.097434483262,3708121.6733564134,709.7320017141219,598.8374668953456,286.3019734366846,4312787.027316092,336348.5189074757,166.3352752820946,31.189497397309193,77902.4197787178,2.3619117556992775,0.035777782421724094,10821.7528095802,0.7271746619938132,11864.641779788395,16.719136246958445,286.3019734366846,0.7184727061259922,,,0.0006328723648152932,2.990585115250558e-05,8.42840448586923e-05,5187.913635491598,37463.394337355996,3382181.8544298005,295.87383511151677,5664767.537189614,0.09109061949634277,0.04002477317550863,0.09239186368264578,0.44161721277008836,0.89720356518751,0.0044924931878628244,0.001285407446478987,0.005092493187862824,0.00016846849454485593,two-phase,False,
0.0736239025487295,1.0006289716078958,3056.4963630076923,1144.0977020363725,1.3895768648193396,1589.8116978427136,3729063.4531153347,710.8956493033793,599.4643328818788,286.31237183862413,4313844.489164809,336008.44486131484,166.7108170071611,31.242248952641816,78181.44493000608,2.3622048825438817,0.035781021163391546,10859.569135890328,0.7266790545358114,11908.159350789605,16.732564833972596,286.31237183862413,0.7167200971102523,,,0.0006290053100986391,2.9881850449181348e-05,8.397603446024528e-05,5208.42084803604,37620.49858196307,3400695.3709888584,295.8784141902711,5659299.207737719,0.09137520944822537,0.03988401354205132,0.0927093614959882,0.4450631180027183,0.8954992021178458,0.004474804810647166,0.0012846809515816818,0.005074804810647166,0.00016780518039926872,two-phase,False,
0.07415365335538115,1.0006380555316314,3056.492904424805,1151.4587802608753,1.389276952846161,1599.695145568786,3750347.9786814516,712.0787270922974,600.102811830197,286.3228568446651,4314910.1093685245,335667.6393613524,167.08900065523554,31.29620725193862,78464.56902160666,2.362500763564129,0.035784335118191984,10897.780167935072,0.726180968812211,11952.159209323547,16.746226051839148,286.3228568446651,0.7149632281894551,,,0.0006251191064560247,2.9857473466094034e-05,8.366689085097928e-05,5229.251994025559,37780.13273356801,3419504.970536888,295.88303258519545,5653784.231164066,0.0916592561066289,0.03974216077095717,0.09302685930933062,0.448503157746883,0.8937812470012305,0.004456979065704737,0.0012839438212053312,0.005056979065704736,0.00016713671496392763,two-phase,False,
0.07469332063136913,1.000647376466379,3056.4893556684083,1158.9512815769615,1.3889721956322882,1609.7511062028066,3771981.589315307,713.2814058301747,600.7529405253762,286.3334185732827,4315984.051902482,335326.093930895,167.46979878319084,31.351399893086647,78751.83871290996,2.362799127631689,0.03578772613803249,10936.394874733644,0.7256803189911647,11996.652007791121,16.760121890485184,286.3334185732827,0.7132020969508176,,,0.00062121404740567,2.9832718596387586e-05,8.335658976775843e-05,5250.4126316665715,37942.337284443194,3438616.0483930777,295.88768597162743,5648233.3356327135,0.09194275516610932,0.039599216733558526,0.09334435712267306,0.45193725652610334,0.8920497274051816,0.0044390161881940945,0.0012831958970258045,0.005039016188194094,0.00016646310705727854,two-phase,False,
0.07524311939176843,1.000656941892564,3056.485713895603,1166.577871694353,1.3886625412387605,1619.982991859985,3793970.6439836146,714.5039381316715,601.4148410491673,286.3440668124632,4317066.579379357,334983.80000540515,167.85337874662562,31.40781854804921,79043.33110975471,2.363100259048399,0.03579119581902616,10975.41962274942,0.7251770690849613,12041.645732375382,16.774254733043374,286.3440668124632,0.7114361730880692,,,0.0006172904314580791,2.98075835831357e-05,8.304512707190698e-05,5271.908462350997,38107.16246752939,3458033.9581123735,295.8923786901807,5642637.98823013,0.0922257023294023,0.03945518332561401,0.09366185493601548,0.45536533783573524,0.8903046720633037,0.004420916416343295,0.0012824370170741296,0.005020916416343295,0.00016578436561287356,two-phase,False,
0.075803270988475,1.0006667595822905,3056.4819761527983,1174.341290687738,1.388347939407085,1630.3943110869775,3816321.7548831822,715.7465301741777,602.0885825946275,286.3547916836862,4318157.864841934,334640.7489227557,168.23971461664496,31.46549164749722,79339.09562190554,2.363403886316403,0.03579474609716679,11014.862508849907,0.7246711545738869,12087.150202936777,16.788626911514918,286.3547916836862,0.7096654543811296,,,0.0006133485581983562,2.9782066314015352e-05,8.273248724559021e-05,5293.745335047358,38274.651132261046,3477764.2962819836,295.8971064156919,5637008.939979852,0.09250809330782034,0.03931006246764296,0.0939793527493579,0.45878732411592477,0.8885461109197145,0.004402679991491915,0.0012816670156389305,0.005002679991491915,0.00016510049968094682,two-phase,False,
0.07637400333181445,1.0006768376125739,3056.4781393706958,1182.2443554353783,1.3880283199213244,1640.9886464114372,3839041.4949453278,717.009488359211,602.7743454224186,286.3656029705737,4319257.988687282,334296.9319402331,168.62878149604092,31.524447983880414,79639.21239516832,2.363710294355828,0.035798378657476974,11054.727840403315,0.7241625893063507,12133.171369402355,16.80324196324386,286.3656029705737,0.7078904368817843,,,0.0006093887378117026,2.9756162596106258e-05,8.241868259784227e-05,5315.929250857078,38444.85602430725,3497812.5341294124,295.9018734895194,5631336.815341075,0.09278992382166557,0.039163856105267264,0.09429685056270032,0.4622146529134931,0.8867680726278202,0.0043843071581340124,0.0012808857231656424,0.004984307158134012,0.00016441151843002547,two-phase,False,
0.07695558010291004,1.0006871848968533,3056.474200161974,1190.2903629254724,1.387703625526783,1651.7702520612684,3862138.0390234995,718.2930674022086,603.4722047627154,286.37650062328015,4320367.228910326,333952.34013735055,169.020700046399,31.584696358133645,79943.76286473463,2.3640194902253144,0.035802095572792604,11095.027841035095,0.723651243526746,12179.72362478054,16.818102347609006,286.37650062328015,0.7061105967325759,,,0.0006054110726065477,2.9729870211610642e-05,8.21036692462731e-05,5338.467489204698,38617.835253436715,3518185.6656996612,295.9066799201712,5625623.014618778,0.09307118576142194,0.03901655891126391,0.09461434837604275,0.46563904837530673,0.8849747321975576,0.0043657972468309995,0.001280092926728696,0.004965797246830999,0.0001637173967561625,two-phase,False,
0.0775482231805107,1.0006978098191786,3056.470155341282,1198.4820159864983,1.3873737787480485,1662.742523280767,3885617.405499075,719.597578201473,604.1823692764285,286.3874944152911,4321485.672968751,333606.9646011509,169.4154457365192,31.646262066196964,80252.8205998273,2.364331760242078,0.035805898493007006,11135.763609608675,0.7231371938881177,12226.809533026362,16.83321219832722,286.3874944152911,0.7043264286681119,,,0.0006014160256314935,2.9703184045270154e-05,8.178748489529152e-05,5361.365593839458,38793.63852234435,3538888.602798797,295.91153005072715,5619858.229972592,0.09335187751865895,0.03886817807607742,0.09493184618938517,0.4690445657565222,0.8831744988020632,0.004347151161160783,0.0012792884761644381,0.004947151161160783,0.00016301816854352938,two-phase,False,
0.07815217057761036,1.0007087212624228,3056.466001533827,1206.8222253502797,1.387038770574307,1673.9092157516013,3909486.769659431,720.9231101566297,604.9047628884209,286.39857446846634,4322613.758224309,333260.79629214254,169.81319011683388,31.70913650101993,80566.4357048462,2.3646468329307764,0.035809789466448326,11176.949351180567,0.7226202499925524,12274.445244073942,16.84857120323205,286.39857446846634,0.7025369027862399,,,0.0005974039634825658,2.9676106891727727e-05,8.147007706786556e-05,5384.629625088334,38972.310752554506,3559927.5360074076,295.91641955597476,5614054.430756725,0.09363199630401686,0.038718718407739515,0.0952493440027276,0.4724392729726288,0.8813632244160712,0.004328369505318451,0.0012784722047456737,0.00492836950531845,0.0001623138564494419,two-phase,False,
0.07876767874264516,1.0007199286676267,3056.4617351528104,1215.3141400824234,1.3866985232992426,1685.2743233969854,3933753.437359405,722.269976133905,605.6395601062449,286.40974073179865,4323751.48081832,332913.8260700206,170.21385998868348,31.77335992872931,80884.68008609564,2.3649647155637927,0.03581377051755285,11218.590260382292,0.7221004209797232,12322.637794513928,16.86418333801737,286.40974073179865,0.7007425224595676,,,0.0005933752067048129,2.9648634029780556e-05,8.115145609856379e-05,5408.266238278777,39153.90580707218,3581308.54245776,295.9213484446302,5608211.693507452,0.09391153789212725,0.03856818196479409,0.09556684181607003,0.4758274493118252,0.8795386509309312,0.004309452537988255,0.0012776439265803799,0.0049094525379882546,0.00016160447017455956,two-phase,False,
0.07939501193340154,1.0007314418579385,3056.4573524664975,1223.9609996906274,1.3863529654787325,1696.8419615514154,3958424.941991569,723.6384856037298,606.3869239611117,286.4210127896899,4324899.141316986,332566.0447010535,170.61758070449636,31.838936197583912,81207.65739760098,2.365285975433252,0.03581784343523995,11260.69306260936,0.7215776864974028,12371.395838698707,16.880052114174962,286.4210127896899,0.6989432577854592,,,0.0005893300747264078,2.9620761631424518e-05,8.083162264292932e-05,5432.282266236583,39338.487962188185,3603037.9161995132,295.9263253964548,5602311.929407054,0.09419049806928337,0.038416570832847115,0.09588433962941245,0.47920900965590146,0.8777008175139238,0.0042904005212551725,0.0012768034513813103,0.004890400521255172,0.00016089001954706897,two-phase,False,
0.08003444250128372,1.0007432710566426,3056.4528495913964,1232.766137199604,1.3860020474728072,1708.6163902137946,3983509.2200673013,725.0288723410931,607.1469220420279,286.43238076265726,4326056.9453147305,332217.4428384125,171.0243282801554,31.90589771562934,81535.42827668742,2.3656103413080114,0.03582201049549304,11303.267869717973,0.7210519561854596,12420.731545805756,16.896179652445436,286.43238076265726,0.697139106458554,,,0.0005852688793854264,2.9592488378142537e-05,8.051055578426707e-05,5456.684724990852,39526.10971735436,3625122.369794449,295.93134608647614,5596366.018520912,0.0944688726339727,0.03826388712496121,0.09620183744275487,0.48258386759923483,0.8758497649328703,0.004271213720654484,0.0012759505843433084,0.004871213720654484,0.00016017051452454315,two-phase,False,
0.08068625118795768,1.0007554269061707,3056.4482224850576,1241.73298235012,1.38564568971391,1720.6019547690425,4009014.173746137,726.4414695377909,607.9197372263138,286.4438445925385,4327225.103699876,331868.0110414906,171.43412889125892,31.974268222750133,81868.07006997195,2.3659378214919777,0.03582627388443249,11346.320370731086,0.7205232349748004,12470.6525920225,16.91256993785057,286.4438445925385,0.695330056993055,,,0.0005811919469394248,2.956380974845183e-05,8.018826541922128e-05,5481.4808197026305,39716.82957125259,3647568.4692895645,295.9364105246347,5590375.055676024,0.09474665739743067,0.038110132982059675,0.09651933525609731,0.4859519354131233,0.8739855356172891,0.004251892405222546,0.001275085126016431,0.004851892405222546,0.00015944596519584548,two-phase,False,
0.08135072743499804,1.0007679204881477,3056.443466938491,1250.865064927919,1.3852838516780224,1732.8031750728273,4034948.274877653,727.8764762252672,608.7053856256898,286.4554140326358,4328403.935925517,331517.7397428874,171.84716072917178,32.04404383210032,82205.67718591551,2.366268705157616,0.03583063570309486,11389.8642826538,0.7199913691187195,12521.174959087648,16.9292244225378,286.4554140326358,0.6935155727615635,,,0.0005770995889120363,2.9534725721655166e-05,7.986470944359879e-05,5506.6779508275695,39910.7121891765,3670383.441533927,295.94152305745337,5584330.869699708,0.09502384818421633,0.03795531057333971,0.09683683306943973,0.48931312400893295,0.8721081737219406,0.004232436847548717,0.0012742068721747104,0.004832436847548717,0.00015871638178307688,two-phase,False,
0.08202816970719992,1.0007807633445414,3056.4385785681634,1260.1660182285482,1.3849164402974643,1745.2246361489103,4061319.7739274497,729.3342678650224,609.5040920011622,286.4670890178029,4329593.560732538,331166.6192849553,172.26335083170645,32.11526824372573,82548.33092421856,2.3666030016033592,0.03583509825456717,11433.904044907278,0.7194563965782811,12572.30514281567,16.94614793247719,286.4670890178029,0.6916961556150267,,,0.0005729921405456688,2.9505230450735832e-05,7.953990844482811e-05,5532.283720523286,40107.819448826376,3693574.0950661567,295.94668369606524,5578234.145858907,0.09530044083281124,0.03779942209669552,0.09715433088278215,0.492667342899602,0.8702177251930956,0.0042128473238285296,0.0012733156136803879,0.004812847323828529,0.00015798177464356987,two-phase,False,
0.08271888583025995,1.0007939674999828,3056.433552807556,1269.639582664457,1.3845434078426484,1757.8711145141654,4088137.5109694977,730.8150946537776,610.3159199874347,286.4788596744738,4330794.311303513,330814.63988629956,172.68277808156697,32.187957601002346,82896.09922003874,2.366940438893506,0.035839664042741075,11478.451239428614,0.7189182073390886,12624.05700885088,16.96334237263197,286.4788596744738,0.6898712894237051,,,0.00056886991983845,2.947532325980059e-05,7.921383746119713e-05,5558.305939312774,40308.21037878216,3717147.9063222236,295.9518881145156,5572096.3138109045,0.09557643119624196,0.037642469779151436,0.09747182869612459,0.49601450015993914,0.8683142378373659,0.004193124113918114,0.0012724111363434326,0.004793124113918114,0.00015724215427192928,two-phase,False,
0.08342319334356849,1.0008075454853311,3056.4283848982527,1279.2896095210738,1.3841646744852398,1770.7474859350866,4115410.3711199723,732.3192706352843,611.141011788995,286.4907455541631,4332006.316092155,330461.7916561926,173.10547080507592,32.26213826196435,83249.09796865564,2.3672815889245125,0.0358443352116753,11523.515300465348,0.7183767502962293,12676.442310825454,16.98081161712449,286.4907455541631,0.6880414541251864,,,0.0005647332597916554,2.944500011387968e-05,7.88864868770016e-05,5584.752633015793,40511.959550170584,3741112.310257234,295.95714499816546,5565898.588831454,0.0958518151427277,0.0374844558773054,0.097789326509467,0.49935450238542184,0.8663977613933497,0.004173267501389932,0.0012714932207761633,0.004773267501389932,0.00015649753130212243,two-phase,False,
0.08414141986888797,1.0008215103625595,3056.423069880524,1289.1200648689144,1.3837801733492352,1783.8587868322836,4143147.534912838,733.8471095545947,611.9794971200106,286.50274658387275,4333229.975462456,330108.0645878733,173.53156081340424,32.33781811018767,83607.41474271461,2.367626462144944,0.03584911425318111,11569.105914847394,0.7178319631359549,12729.473082449318,16.998558731659664,286.50274658387275,0.6862061212359979,,,0.0005605824897024312,2.9414258461145562e-05,7.855784709413808e-05,5611.632049960836,40719.134316814845,3765474.9997729417,295.9624543594955,5559642.978816488,0.09612658855635377,0.037325382677783,0.09810682432280943,0.5026872546495789,0.8644683476061281,0.004153277773589828,0.0012705616422427654,0.004753277773589828,0.00015574791650961855,two-phase,False,
0.08487390349579291,1.0008358757510503,3056.4176025833917,1299.135033639162,1.3833898331689285,1797.2101974499906,4171358.4324521273,735.3989268765954,612.8315039488211,286.514862689937,4334465.646080095,329753.4485564586,173.96118222056592,32.415005442658085,83971.13926558424,2.3679750691251837,0.03585400372543194,11615.233164746278,0.7172837814882796,12783.161828215712,17.01658700497522,286.514862689937,0.6843647617759573,,,0.0005564179423302132,2.9383095438222283e-05,7.822790741745473e-05,5638.95266849088,40929.80396111874,3790243.8737588036,295.96781621110534,5553331.284315301,0.09640074733777211,0.037165252497702465,0.09842432213615185,0.5060126604594941,0.8625260503049776,0.004133155221695467,0.0012696161705035066,0.004733155221695467,0.00015499332081358002,two-phase,False,
0.08562099318469908,1.0008506558553838,3056.4119776141165,1309.338723870546,1.3829935782603102,1810.8070468805145,4200052.750532209,736.9750404939196,613.6971593589938,286.5270839985148,4335713.31193044,329397.933316894,174.39410803672598,32.49377670249929,84340.34787559368,2.3683271380793336,0.035859006393053214,11661.90713191028,0.716732145793557,12837.521114681873,17.034899983133627,286.5270839985148,0.682518404037327,,,0.0005522399538496962,2.9351507816016147e-05,7.789665863578064e-05,5666.723204776911,41144.03506975351,3815427.035193994,295.9732262271094,5546973.297360978,0.09667428740492998,0.03700406768515101,0.09874181994949428,0.5093306217099849,0.8605709254840768,0.004112900140776191,0.0012686565696534264,0.004712900140776191,0.00015423375527910717,two-phase,False,
0.0863830491884677,1.0008658654947225,3056.4061893470985,1319.7354711358003,1.3825913274312756,1824.6548168957859,4229240.363403171,738.5758116550519,614.5766332818205,286.5394300357665,4336973.397574242,329041.5085084002,174.83057537310043,32.574122740261885,84715.16591790883,2.3686832444844605,0.035864124677026515,11709.137502806367,0.7161770086473433,12892.563165254478,17.05350155899172,286.5394300357665,0.6806664946681967,,,0.0005480488642236788,2.9319491851593808e-05,7.756409545426971e-05,5694.95262095398,41361.91034357231,3841032.718844084,295.97869309719226,5540551.683489917,0.0969472046938279,0.03684183061967268,0.0990593177628367,0.5126410386358284,0.8586030313866699,0.004092512829854324,0.0012676825979552762,0.0046925128298543235,0.00015346923111953713,two-phase,False,
0.08716044349356161,1.0008815201338899,3056.400231912125,1330.3297431563967,1.3821830122231282,1838.759171645929,4258931.5640474055,740.2015530850836,615.4700311436759,286.55190071962414,4338246.172062024,328684.1636400536,175.27061648906673,32.65607349508181,85095.69016257249,2.36904340015727,0.035869361349906315,11756.936482671728,0.7156182746634826,12948.302845320977,17.072394763402368,286.55190071962414,0.6788090186202597,,,0.0005438450099503078,2.9287045369395777e-05,7.723019857860074e-05,5723.650133595262,41583.50534610834,3867069.567394712,295.9842168353982,5534067.854620714,0.0972194951593083,0.036678543712768304,0.09937681557617913,0.5159438097621656,0.8566224285927273,0.004071993591967996,0.0012666940076664734,0.004671993591967996,0.00015269975969879984,two-phase,False,
0.08795356028181799,1.0008976359162578,3056.39409918195,1341.1261446147703,1.3817685537466486,1853.1259332361699,4289136.863223894,741.8526067245839,616.377487974052,286.5644959672382,4339532.024556764,328325.88809413125,175.71436958606742,32.73964011078106,85482.01980292301,2.369407617057401,0.03587471925983298,11805.315324644016,0.7150558724032104,13004.75410967219,17.091583199660104,286.5644959672382,0.6769454452742221,,,0.0005396287333012872,2.9254165290547418e-05,7.689495638031766e-05,5752.82522254062,41808.89785911131,3893546.3688047333,295.9897974559117,5527523.772757842,0.0974911547758761,0.03651420940840759,0.09969431338952156,0.5192388318530236,0.8546291801102439,0.0040513427342355,0.0012656905448598162,0.0046513427342355,0.00015192535253383125,two-phase,False,
0.08876279641396234,1.0009142296985594,3056.38778475914,1352.129422173715,1.3813478632086131,1867.761088101158,4319866.980640835,743.5293532599658,617.2991793421729,286.57721569497835,4340831.127414501,327966.67113080097,176.16176329188403,32.82487375263073,85874.25652844137,2.36977590728817,0.0358802013330698,11854.283860005107,0.7144897630790444,13061.929522313656,17.111071174844977,286.57721569497835,0.6750762746756955,,,0.0005354003819710372,2.9220847420414634e-05,7.655836745189162e-05,5782.4876400969115,42038.16796220822,3920472.0358121353,295.99543497305666,5520920.397071221,0.09776217953855235,0.03634883018355412,0.10001181120286398,0.5225259998579087,0.852623351470327,0.0040305605679212585,0.0012646719492377051,0.004630560567921258,0.0001511460212970472,two-phase,False,
0.08958856193606138,1.0009313190877556,3056.3812819621503,1363.344469713208,1.380920873332666,1882.6708357696236,4351133.167661264,745.2320969892239,618.2351805075659,286.59006960705364,4342143.944219718,327606.50186670094,176.61298990091242,32.911777462628905,86272.52055457594,2.3701485670738633,0.035885810442013805,11903.857223675815,0.7139198088643793,13119.847163875507,17.13086147367081,286.59006960705364,0.6732009620101278,,,0.0005311602968509397,2.9187090256288192e-05,7.62204000937925e-05,5812.6474206283565,42271.40294582954,3947856.04908983,296.00113374175066,5514250.350222714,0.09803256546376281,0.03618240854870335,0.1003293090162064,0.5258052068561122,0.8506050108264124,0.004009647408503435,0.00126363795393959,0.004609647408503435,0.0001503617778188788,two-phase,False,
0.0904312806101879,1.0009489224800945,3056.3745838105774,1374.7763337954802,1.3804874870256618,1897.861526263675,4382946.684901525,746.9612655848564,619.1857071201987,286.6030576115504,4343470.662105607,327245.3692977836,177.067978416043,33.00040438043937,86676.91901557407,2.370525609737486,0.03589154967922138,11954.044301683065,0.7133459953604165,13178.518757297814,17.15095882798999,286.6030576115504,0.6713200064697827,,,0.0005269088319466082,2.9152889060873436e-05,7.58810620841765e-05,5843.3148905563285,42508.68782570522,3975707.7261975124,296.00689377774,5507514.679126409,0.09830230859026262,0.03601494704843411,0.10064680682954884,0.5290763439989895,0.8485742290575781,0.003988603575743236,0.0012625882853423654,0.004588603575743236,0.00014957263409037138,two-phase,False,
0.09129139047065145,1.000967059102509,3056.3676830095233,1386.4302193697438,1.380047628044635,1913.3397356906178,4415319.375994451,748.7171943728322,620.1508583606208,286.6161796156503,4344811.7084398735,326883.2622753409,177.52687140363838,33.09076892045392,87087.56178366419,2.3709070487691375,0.03589742222365331,12004.85963675992,0.7127682056117992,13237.961919307712,17.17136659932144,286.6161796156503,0.6694328757230565,,,0.0005226463347551036,2.911824152771617e-05,7.554032910016829e-05,5874.500678788936,42750.110179024625,4004037.0023251832,296.01271509693305,5500715.531122695,0.09857140498009877,0.035846448261974126,0.10096430464289126,0.5323393004498979,0.8465310798762874,0.003967429393755977,0.0012615226628534054,0.004567429393755977,0.00014877860226584916,two-phase,False,
0.0921693444072391,1.0009857490565115,3056.3605719330353,1398.3114957286655,1.3796012071855446,1929.1122275286914,4448263.307830528,750.5002677199304,621.1307842651804,286.6294355256326,4346167.346162015,326520.1695127363,177.9897059128511,33.18290626590456,87504.56155345523,2.3712928978264487,0.03590343134365931,12056.315925445999,0.7121863623751121,13298.19244254848,17.192088849092467,286.6294355256326,0.6675395529377322,,,0.0005183731592853258,2.9083144252502737e-05,7.519818985326392e-05,5906.215727602057,42995.76023917381,4032853.937891776,296.0185977153996,5493854.2939188685,0.09883985071961197,0.03567691480377985,0.10128180245623368,0.5355939633214268,0.8444756399409317,0.003946125191083945,0.0012604407986959287,0.0045461251910839445,0.00014797969466564794,two-phase,False,
0.09306561077700266,1.0010050133647583,3056.3532426065285,1410.4257027293377,1.3791481365020228,1945.185979593722,4481790.8701245105,752.31089542665,622.1256539911549,286.6428448058773,4347538.021140187,326156.0795847096,178.4566251297649,33.27683295409429,87928.06644727508,2.3716837412154126,0.03590958013625079,12108.42626492631,0.7116003844896153,13359.226605406611,17.213129617097064,286.6428448058773,0.6656399911733243,,,0.0005140896605726426,2.904759396590911e-05,7.485463264731882e-05,5938.471303994611,43245.74089349361,4062168.8581702774,296.0245503333794,5486913.915861662,0.09910764192048001,0.035506349324131194,0.10159930026957611,0.5388402176105588,0.8424079889729238,0.003924691300771135,0.0012593423976863627,0.0045246913007711345,0.00014717592377891755,two-phase,False,
0.09398067404622992,1.0010248740204677,3056.3456866881384,1422.7785572922437,1.3786883165882513,1961.5681740311043,4515914.802421596,754.1494835650001,623.1356308673317,286.65639756967914,4348924.015113616,325790.9809253591,178.92761514304533,33.37259598954872,88358.17920711811,2.372079309318321,0.03591587219337968,12161.203265293683,0.7110102079502165,13421.080279349004,17.23449356474791,286.65639756967914,0.6637341868760008,,,0.0005097961994076191,2.9011586451412708e-05,7.450965042945898e-05,5971.279011542311,43500.14319598929,4091992.3506829254,296.0305686272493,5479905.545251637,0.09937477472080361,0.03533475450974152,0.10191679808291854,0.5420779461308473,0.84032820987907,0.003903128060439907,0.0012582271570033595,0.004503128060439907,0.00014636730226649653,two-phase,False,
0.09491503546434922,1.0010453540398858,3056.3378954489376,1435.3759601924971,1.3782216559206188,1978.2662327251517,4550648.2523316,756.0164437387325,624.1608714819517,286.6701034881969,4350325.7373048905,325424.86182236194,179.402768210588,33.470223802383146,88795.03820018638,2.3724799032062083,0.03592231094232513,12214.661149136184,0.7104157405254165,13483.77106545269,17.256184833317068,286.6701034881969,0.6618221063714469,,,0.0005054931350784138,2.897511847663071e-05,7.416322890279115e-05,6004.650802775449,43759.071071847095,4122335.3720054515,296.03665695759764,5472821.636273149,0.09964124528623779,0.0351621330843835,0.10223429589626096,0.5453070294417015,0.8382363888793347,0.003881435812369629,0.0012570947659480993,0.004481435812369629,0.0001455538429638611,two-phase,False,
0.09586921377162952,1.0010664775180218,3056.329859751908,1448.2240031584467,1.3777480666260222,1995.2878203929483,4586004.799809547,757.9121813909046,625.2015149954651,286.68396244959416,4351743.672633735,325057.7104102973,179.88223479922956,33.56973521508467,89238.76882073277,2.3728855392505923,0.03592890004566931,12268.815080027696,0.7098168750274844,13547.31760678235,17.278207262348445,286.68396244959416,0.6599032140223622,,,0.0005011808270363029,2.89381874177171e-05,7.381535068605452e-05,6038.598992107825,44022.62661434337,4153209.2535288497,296.0428153436136,5465664.629259724,0.09990704981116982,0.03498848780953126,0.10255179370960338,0.5485273457749076,0.8361326156400879,0.0038596149035773734,0.0012559449056955012,0.004459614903577373,0.00014473555888415153,two-phase,False,
0.09684374594266937,1.0010882696878736,3056.3215700296196,1461.3289762936447,1.3772674462342027,2012.6408272879899,4621998.356079683,759.8371236180997,626.2577232281594,286.69797434085604,4353178.0702783065,324689.5146731292,180.36594646758894,33.67119119925924,89689.4997731323,2.373296234042241,0.03593564327237361,12323.679634304557,0.7092135264380123,13611.738055601167,17.300565590904373,286.69797434085604,0.657978006919066,,,0.0004968596415424447,2.8900789247194947e-05,7.34660038207615e-05,6073.136269345544,44290.915122098675,4184625.5619920297,296.0490438046974,5458435.882802496,0.1001721845199465,0.0348138214850195,0.10286929152294581,0.5517486572760517,0.8340104430965323,0.0038376656859007464,0.0012547772490359404,0.004437665685900746,0.00014391246322127799,two-phase,False,
0.09783922372146997,1.0011107577952167,3056.3130159516936,1474.697855676103,1.3767796757214765,2030.334035524902,4658644.546923111,761.7917867300634,627.3297067998583,286.71214881533336,4354629.314004233,324320.26237125404,180.85399818768659,33.77463055634403,90147.39538109646,2.3737122913022457,0.03594254462794464,12379.271832021848,0.7086055825156443,13677.053451057755,17.323265225933124,286.71214881533336,0.6560464491946595,,,0.0004925297918977505,2.8862918940448613e-05,7.311516355320393e-05,6108.276973426827,44564.05986342878,4216597.3410498975,296.05534670450015,5451127.777059374,0.10043664149039844,0.03463813068830137,0.10318678933628823,0.554970866321964,0.831869784000987,0.003815587729249826,0.001253591417641021,0.004415587729249826,0.00014308453984686846,two-phase,False,
0.09885622472548179,1.0011339696083361,3056.3041869919457,1488.3373738364517,1.3762846654304453,2048.3759045981283,4695958.301033885,763.776584762028,628.4175857612919,286.7264955153214,4356098.11689093,323949.9411303011,181.34671020529248,33.88004463206816,90612.60881123,2.374134016361416,0.03594960799399272,12435.609805946384,0.707992899615654,13743.285777962317,17.346309945038644,286.7264955153214,0.6541074697705764,,,0.00048819164380679945,2.8824574309131895e-05,7.276280331764064e-05,6144.03463563404,44842.178552742036,4249137.072467302,296.0617284085673,5443734.224393498,0.10070041689113486,0.03446141828166265,0.10350428714963066,0.5581756415635909,0.8297228170690942,0.0037933813933100514,0.001252387065356979,0.004393381393310051,0.00014225180224912692,two-phase,False,
0.09989531604209824,1.0011579335135388,3056.295072392254,1502.2540678697135,1.375782303444596,2066.774561852809,4733953.492191169,765.7919959719088,629.521592455096,286.74101430921775,4357584.632848645,323578.53849439375,181.84390439396716,33.98751327337117,91085.26694825887,2.37456142859741,0.035956837277254364,12492.703444370525,0.7073754832799175,13810.448415127315,17.369705269886808,286.74101430921775,0.652162080542586,,,0.0004838457074406443,2.8785750375789672e-05,7.240894502054308e-05,6180.422114271597,45125.379187498795,4282256.109266333,296.0681889394997,5436256.193601384,0.10096351053156945,0.034283692484330504,0.10382178496297309,0.5613628464764289,0.8275697883537565,0.003771047710939969,0.0012511638735247716,0.004371047710939969,0.00014141428916024883,two-phase,False,
0.10095711627068513,1.001182679985026,3056.2856606037476,1516.4551083001998,1.3752725030381305,2085.539012536975,4772646.016619619,767.8384112694444,630.6418009021977,286.75569530389396,4359089.351166165,323206.0417978166,182.34568399416622,34.097071148737434,91565.49658510173,2.3749942597017597,0.03596423684633745,12550.573294271991,0.7067531549254356,13878.566010441218,17.393454560736743,286.75569530389396,0.6502097602133249,,,0.00047949234897482927,2.8746445868705064e-05,7.20535536054426e-05,6217.453760814278,45413.77628836916,4315967.77319327,296.0747239748466,5428705.733990735,0.10122591874073956,0.03410495624272144,0.10413928277631551,0.5645406941212768,0.8254052366450475,0.003748587052397197,0.0012499214782560422,0.004348587052397197,0.00014057201446489488,two-phase,False,
0.10204226660655197,1.0012082409944285,3056.2759395117323,1530.9479069278857,1.3747551423923268,2104.67850778388,4812051.894267322,769.9163475500272,631.7784307480613,286.7705676448703,4360612.833978404,322832.43821764016,182.85225811455123,34.20873466170048,92053.49613389326,2.3754333935054834,0.03597181069226105,12609.235284108156,0.7061258368614645,13947.658615618422,17.417563568610454,286.7705676448703,0.6482504342514894,,,0.0004751319483244733,2.8706655671467674e-05,7.169662145875953e-05,6255.144380133452,45707.5091408285,4350285.32073551,296.0813465737004,5421056.984253859,0.10148763788376222,0.033925212544928196,0.10445678058965793,0.5677090484416351,0.8232292732389278,0.003725999793176544,0.0012486595058125315,0.004325999793176544,0.00013972499224412042,two-phase,False,
0.10315143184916803,1.001234650097068,3056.265896403216,1545.7401266021132,1.3742301164749329,2124.2026342203994,4852187.810109246,772.0262801153663,632.9316358356573,286.7856214257436,4362155.5328334,322457.7147568376,183.36362064422534,34.3225620552063,92549.4006915229,2.375878563716822,0.0359795634464851,12668.70753643728,0.7054934080400129,14017.748603521919,17.44203680607527,286.7856214257436,0.6462840966095337,,,0.00047076488084998945,2.8666376843434024e-05,7.133813198424409e-05,6293.509248228731,46006.70036928257,4385222.6214626,296.0880524159007,5413321.848601877,0.10174866436337686,0.03374446442148573,0.10477427840300037,0.5708348439024384,0.8210649066833137,0.0037032863141062645,0.0012473775722803987,0.004303286314106264,0.00013887323677898492,two-phase,False,
0.10428517028353032,1.0012619393491395,3056.255519139546,1560.8379457450005,1.3736973762650184,2144.118990844788,4893066.243370529,774.1684408274186,634.1014307699365,286.80085650101944,4363717.846450702,322081.8584867561,183.87982016836952,34.43857850148028,93053.31133158327,2.376329791964793,0.03598749880971744,12729.002488197293,0.7048558084742879,14088.85157668008,17.46687618077395,286.80085650101944,0.6443107239262111,,,0.0004663920259416188,2.8625610831910366e-05,7.097810595543527e-05,6332.55962170647,46311.447762101976,4420789.874021393,296.09484152647235,5405502.417477243,0.10200900923549434,0.03356273580069193,0.10509177621634279,0.5729773136237976,0.8195712281873103,0.003680449622104953,0.001246075433430727,0.004280449622104953,0.00013801686082893575,two-phase,False,
0.10544037324847477,1.0012900520775334,3056.2448293246516,1576.1987595128298,1.3731586435873027,2164.3709506366263,4934568.580669894,776.3359351406652,635.2837777093059,286.81628247315535,4365300.319790951,321704.863227005,184.40107645244248,34.556094147285236,93563.81213726575,2.3767873896336535,0.035995593985108966,12789.955354955786,0.7042147204967486,14160.771515649743,17.49199966356851,286.81628247315535,0.6423297562203052,,,0.0004620280085102144,2.8584496319273077e-05,7.06176212853129e-05,6372.180958751344,46620.89892342993,4456883.706723634,296.10171827783495,5397591.920072391,0.10226908821835108,0.03338062653636573,0.10540927402968521,0.5735764363510504,0.8191520442889888,0.003657565097026639,0.0012447570313235013,0.004257565097026639,0.000137158691138499,two-phase,False,
0.10661512483904077,1.001318958141016,3056.233838471398,1591.7960216251065,1.37261501184167,2184.9231150724686,4976620.0402597785,778.5243822763155,636.4761115866526,286.83190893221854,4366903.395733185,321326.72388108034,184.92749701147645,34.67467696183924,94080.0143417387,2.377251669952358,0.036003834622800455,12851.460967681582,0.7035712281999349,14233.383543837424,17.5173552486688,286.83190893221854,0.6403411493879044,,,0.000457682008626117,2.854312154444642e-05,7.025736339641928e-05,6412.301220234437,46934.52263705106,4493438.822989607,296.1086870445393,5389583.1593205035,0.1025291672012078,0.03319851727203954,0.10572677184302763,0.5735764363510456,0.8191520442889922,0.0036346805719483276,0.001243424867207577,0.0042346805719483275,0.00013630052144806228,two-phase,False,
0.10780987718912387,1.0013486848402835,3056.222536252445,1607.634698887017,1.3720664300218066,2205.7816020810915,5019230.729326924,780.734008924343,637.6784739795555,286.8477357113705,4368527.388063413,320947.43314786616,185.45901883628758,34.79437090888823,94602.00799399782,2.377722657837803,0.03601222344076967,12913.530814377747,0.7029252458717964,14306.701727743366,17.542944882433638,286.8477357113705,0.6383453952535695,,,0.00045335403970027166,2.850148611597517e-05,6.989731239456913e-05,6452.92988978828,47252.40141299897,4530463.549257102,296.11574785530104,5381477.888707965,0.10278924618406454,0.03301640800771334,0.10604426965637007,0.5735764363510371,0.8191520442889981,0.0036117960468700144,0.0012420787244723903,0.004211796046870014,0.00013544235175762555,two-phase,False,
0.10902509592889757,1.0013792605933192,3056.2109119196484,1623.719890623952,1.3715128284145819,2226.952659742672,5062410.763080206,782.9651197683347,638.8909968561918,286.8637723831897,4370172.692505417,320566.98366342287,185.9957500979462,34.91518859712291,95129.9026318117,2.3782006691963566,0.03602076310128333,12976.172801023236,0.7022767568696616,14380.736520190518,17.5687717570465,286.8637723831897,0.6363424481809218,,,0.00044904412117837816,2.845958766579454e-05,6.953746761134261e-05,6494.076692933134,47574.62542491402,4567966.095426271,296.1229050876919,5373268.743934375,0.10304932516692128,0.03283429874338714,0.10636176746971249,0.5735764363510371,0.8191520442889981,0.0035889115217917003,0.0012407183819375407,0.0041889115217917,0.00013458418206718876,two-phase,False,
0.11026126068747934,1.001410714988839,3056.1989542840506,1640.0568329777996,1.3709541447024953,2248.4427127185622,5106170.636992327,785.2179734884476,640.113753436887,286.8800090297891,4371839.859888883,320185.3679893856,186.53780743863865,35.03714177078203,95663.77477619705,2.3786854399096944,0.03602945657793592,13039.39704397616,0.7016257071392261,14455.500692786369,17.59483850703279,286.8800090297891,0.6343317827987079,,,0.00044475226980140103,2.841742479194374e-05,6.917781827501992e-05,6535.751604838421,47901.27621407099,4605955.042654543,296.1301544236129,5364968.042967166,0.103309404149778,0.03265218947906095,0.10667926528305491,0.5735764363510504,0.8191520442889888,0.003566026996713389,0.0012393436137316388,0.004166026996713389,0.00013372601237675208,two-phase,False,
0.1115188656184271,1.0014430788426862,3056.1866516947734,1656.6509033674545,1.370390324765064,2270.2583694880627,5150521.186450695,787.4928080015011,641.3467846773553,286.8964552140105,4373529.240704162,319802.57860515197,187.0853029987432,35.160243765535796,96203.73812830195,2.379177287480992,0.03603830667154481,13103.216250047437,0.7009720004191914,14531.009730612564,17.621147224194626,286.8964552140105,0.6323133520217438,,,0.00044047849946942264,2.837499702139016e-05,6.881834218948282e-05,6577.964858384937,48232.44861813351,4644439.316858769,296.1375002423372,5356568.228615098,0.10356948313263475,0.03247008021473474,0.10699676309639734,0.5735764363510552,0.8191520442889855,0.003543142471635074,0.0012379541891672802,0.004143142471635074,0.00013286784268631529,two-phase,False,
0.11279841994931258,1.0014763842573662,3056.173992016739,1673.507625120783,1.3698212894529327,2292.406372952266,5195473.194999519,789.7899615498586,642.5902492593505,286.9131204852551,4375241.333558027,319418.607929729,187.63835056870988,35.28450837728444,96749.90885249988,2.3796765314479917,0.03604731625762841,13167.637853397613,0.700315637791566,14607.27377356718,17.647701595862916,286.9131204852551,0.6302871072722092,,,0.0004362228319545955,2.833230136423052e-05,6.845904413796678e-05,6620.726952541478,48568.24004759835,4683427.624433555,296.1449469254553,5348062.449225219,0.10382956211549148,0.03228797095040854,0.10731426090973976,0.5735764363510599,0.8191520442889821,0.0035202579465567615,0.0012365498726119996,0.004120257946556761,0.00013200967299587855,two-phase,False,
0.1141004485566986,1.0015106646849128,3056.1609626071604,1690.6326722856518,1.3692469785319854,2314.893678334585,5241037.96483485,792.1096958528983,643.844206344465,286.93001437913233,4376976.650189332,319033.44830154703,188.19706562558852,35.409949878433785,97302.4056435147,2.3801834934466437,0.03605648828866699,13232.674261724005,0.6996565342020519,14684.308113317937,17.674503966537543,286.93001437913233,0.6282529984642774,,,0.00043198528267589156,2.8289337055604543e-05,6.809990585072577e-05,6664.048661070403,48908.75057331623,4722929.241663679,296.15249885693754,5339443.951027622,0.10408964109834822,0.03210586168608234,0.10763175872308219,0.5735764363510465,0.8191520442889915,0.0034973734214784483,0.0012351304233550523,0.004097373421478448,0.00013115150330544182,two-phase,False,
0.11542549256793036,1.0015459549933121,3056.147550290713,1708.031874628008,1.368667324679808,2337.7274163149527,5287227.004009409,794.4522956986002,645.1087394711783,286.9471172357415,4378735.422817411,318647.0919822089,188.76127546552726,35.5366376129527,97861.2955351715,2.3806976192916283,0.03606582614898597,13298.335862235153,0.6989946420422295,14762.126022910019,17.70155719326108,286.9471172357415,0.626211556863153,,,0.0004277658691175969,2.824610256268009e-05,6.774092013901346e-05,6707.941041577183,49254.06594279279,4762953.545449829,296.16014737037335,5330733.04906083,0.10434972008120497,0.03192375242175614,0.10794925653642462,0.5735764363510236,0.8191520442890075,0.0034744888964001333,0.0012336955954698663,0.004074488896400133,0.000130293333615005,two-phase,False,
0.1167741099910515,1.001582291536696,3056.1337413333,1725.7112228253802,1.3680822645430242,2360.9149176702576,5334052.155796942,796.8180345815435,646.3839109610656,286.96445803707894,4380518.492640265,318259.53115126706,189.33145129865358,35.66452059921417,98426.73793868313,2.3812198173225156,0.036075332711946684,13364.636291237013,0.6983298641167834,14840.744184553187,17.728863729262414,286.96445803707894,0.6241616513223621,,,0.00042356460731198073,2.8202597055034267e-05,6.738206572153156e-05,6752.415444919945,49604.302902607196,4803510.264324465,296.16790555300446,5321905.610676025,0.10460979906406169,0.031741643157429944,0.10826675434976704,0.5735764363510599,0.8191520442889821,0.003451604371321822,0.0012322451376719995,0.004051604371321822,0.00012943516392456832,two-phase,False,
0.11814687637588325,1.0016197122296016,3056.1195214143204,1743.6768738646538,1.3674917146214645,2384.46367798697,5381525.293518972,799.2072676440289,647.6698781743389,286.98203656343304,4382326.103002985,317870.7579237443,189.90741423184465,35.793671102789666,98998.84094224888,2.3817501209701084,0.03608501128918886,13431.583809619278,0.6976621980068474,14920.17382533322,17.756427348893244,286.98203656343304,0.622104288104948,,,0.00041938151930426027,2.8158817659407423e-05,6.702334783138269e-05,6797.483524995885,49959.56414819783,4844608.973707566,296.1757734427556,5312963.171766952,0.10486987804691843,0.03155953389310374,0.10858425216310946,0.5735764363510647,0.8191520442889788,0.0034287198462435078,0.0012307787931724289,0.004028719846243508,0.00012857699423413153,two-phase,False,
0.11954438550325275,1.0016582566254244,3056.104875597373,1761.9351566533446,1.366895604831844,2408.381421628163,5429658.827881141,801.6202748108112,648.9667033647765,286.999852592254,4384158.986041446,317480.76433127647,190.48947229178688,35.924070588215855,99577.71502219157,2.382288564220216,0.03609486527630929,13499.191472599883,0.6969915635267717,15000.431161839737,17.784250890587977,286.999852592254,0.6200383969723449,,,0.0004152166226743103,2.811476306064805e-05,6.666475044690344e-05,6843.15724892214,50319.955238933086,4886259.825312271,296.18375107806327,5303909.445311003,0.10512995702977516,0.03137742462877754,0.1089017499764519,0.5735764363510371,0.8191520442889981,0.0034058353211651946,0.0012292962995259934,0.004005835321165194,0.0001277188245436948,two-phase,False,
0.12096725011300344,1.0016979659995964,3056.0897882992217,1780.4925778541547,1.366293882914575,2432.6761176969344,5478465.665620973,804.0572938101682,650.2743845651162,287.0179156131424,4386017.724515646,317089.542307325,191.0777502098098,36.05573595075885,100163.4916196727,2.382835476041114,0.03610489804102124,13567.476207196181,0.6963178132947552,15081.536418131296,17.812335884773347,287.0179156131424,0.6179639226053544,,,0.000411069929418603,2.8070434065159234e-05,6.630624176975642e-05,6889.448907629959,50685.59056835976,4928473.499616003,296.1918428508958,5294738.0896959575,0.1053900360126319,0.03119531536445134,0.10921924778979432,0.5735764363510284,0.8191520442890042,0.0033829507960868813,0.0012277973884748008,0.003982950796086881,0.00012686065485325806,two-phase,False,
0.12241610266257036,1.0017388834375136,3056.0742432569973,1799.3558279530355,1.365686446999224,2457.355867564528,5527958.388506945,806.5187509197503,651.5931496132074,287.0362253884954,4387902.518299455,316697.08373170765,191.67206867042765,36.188742444359804,100756.28651522657,2.3833908929143757,0.03611511315733657,13636.443841942024,0.6956409983367071,15163.498540764307,17.840687213371183,287.0362253884954,0.6158818705093112,,,0.0004069414663131777,2.802582624873674e-05,6.594784160869486e-05,6936.371126891751,51056.581867369736,4971260.024381399,296.2000488023233,5285450.468772239,0.10565011499548864,0.031013206100125142,0.10953674560313674,0.5735764363510418,0.8191520442889949,0.003360066271008568,0.001226281785786404,0.003960066271008568,0.0001260024851628213,two-phase,False,
0.12389159612566422,1.0017810539277485,3056.0582234934473,1818.531787571552,1.3650732280734295,2482.4290576144426,5578150.401173656,809.0049254088162,652.9230397955589,287.0547816776601,4389814.227298178,316303.38039344,192.27274379979,36.323072843200784,101356.21809057628,2.383954851931499,0.03612551429173626,13706.109453365378,0.6949610138492754,15246.336016873405,17.86930744479635,287.0547816776601,0.6137911677326476,,,0.00040283124987304856,2.798093891129525e-05,6.558952911002889e-05,6983.936878801854,51433.04404830714,5014630.391276057,296.2083689739677,5276050.87479487,0.10591019397834536,0.030831096835798943,0.10985424341647916,0.5735764363510552,0.8191520442889855,0.003337181745930255,0.001224749211086539,0.003937181745930255,0.00012514431547238456,two-phase,False,
0.12539440482951783,1.0018245244607984,3056.041711280137,1838.0275340348935,1.3644541611651297,2507.9043171499925,5629055.474972899,811.5160982097732,654.2640876705673,287.07360364782636,4391753.404068569,315908.42398729257,192.87996276390223,36.4587352307858,101963.44508576763,2.38452798243067,0.03613610498152136,13776.489733414008,0.6942777307930449,15330.06905109305,17.898198743759444,287.07360364782636,0.6116917325130389,,,0.00039873929526004006,2.793577203819657e-05,6.523127825889988e-05,7032.159493732935,51815.107341682924,5058595.933346611,296.21681211731493,5266523.5433278745,0.10617027296120211,0.03064898757147274,0.1101717412298216,0.5735764363510284,0.8191520442890042,0.0033142972208519417,0.0012231993776862162,0.0039142972208519415,0.0001242861457819478,two-phase,False,
0.12692522533540382,1.001869344133816,3056.024688098451,1857.850348207481,1.3638291498774455,2533.790460995325,5680687.354746535,814.0526536331208,655.6164524422607,287.0927007348636,4393720.603310971,315512.20613853645,193.49373109079804,36.59577306651013,102578.11094114916,2.3851106219091354,0.03614688898023711,13847.595183250136,0.6935911343421752,15414.711612012803,17.927365438102456,287.0927007348636,0.6095840243307847,,,0.0003946656266150673,2.7890322296733588e-05,6.487309170420628e-05,7081.052672791179,52202.89972041773,5103167.729056619,296.2253826336656,5256862.141378147,0.10643035194405884,0.03046687830714654,0.11048923904316402,0.5735764363510552,0.8191520442889855,0.003291412695773628,0.0012216319924029321,0.003891412695773628,0.00012342797609151104,two-phase,False,
0.12848477736231592,1.0019155642616608,3056.007134598245,1878.0077216087502,1.3631981194357308,2560.0965943828296,5733060.38223624,816.6149199391234,656.9802101911403,287.1120629601497,4395716.501308743,315114.718384412,194.11419149524576,36.73420498454038,103200.32426134551,2.3857025169587636,0.03615787036818578,13919.439970001411,0.6929011425731828,15500.281452070594,17.95681024285721,287.1120629601497,0.6074675095809127,,,0.0003906102614229965,2.784458894635188e-05,6.451495755687815e-05,7130.630500794683,52596.540682244166,5148357.472197419,296.2340762156618,5247079.54486542,0.10669043092691557,0.030284769042820344,0.11080673685650644,0.5735764363510552,0.8191520442889855,0.0032685281706953152,0.0012200467553757763,0.003868528170695315,0.00012256980640107433,two-phase,False,
0.13007380475916094,1.0019632384947883,3055.989030554002,1898.5073638223696,1.362560984722962,2586.8320631536026,5786189.234516394,819.2032272025231,658.3554389285318,287.13169005021155,4397741.447954573,314715.95217486366,194.74129246724328,36.87408750770626,103830.21530809898,2.386303710233677,0.03616905321806968,13992.038857691838,0.6922076750090304,15586.797051642814,17.986536515690496,287.13169005021155,0.6053426715184925,,,0.00038657321990237807,2.779857031195676e-05,6.415686280425408e-05,7180.9074598009465,52996.1593643715,5194177.119203493,296.24289291068675,5237177.826850204,0.10695050990977231,0.030102659778494138,0.11112423466984887,0.5735764363510418,0.8191520442889949,0.0032456436456170016,0.0012184433598741813,0.0038456436456170014,0.00012171163671063757,two-phase,False,
0.13169307652683482,1.0020124229444154,3055.9703548182765,1919.3572102128337,1.36191765586936,2614.006472509017,5840088.83376259,821.8179549747279,659.7422656713595,287.1516204964639,4399796.648631225,314315.89888015355,195.3756018547392,37.0153610510054,104467.9945662663,2.386915436247183,0.03618044127406787,14065.406250208795,0.6915106620178962,15674.27660729707,18.016547882240697,287.1516204964639,0.6032083314096847,,,0.0003825545233023712,2.775226437762036e-05,6.379879754925696e-05,7231.898443210652,53401.91355891115,5240638.789412305,296.25185019455137,5227125.678145067,0.10721058889262905,0.029920550514167938,0.1114417324831913,0.5735764363510333,0.8191520442890009,0.003222759120538688,0.001216821492100066,0.0038227591205386878,0.0001208534670202008,two-phase,False,
0.13334338789388323,1.0020631763154944,3055.9510852722933,1940.565429964193,1.3612680569133364,2641.6297321605502,5894774.771592753,824.4594042744789,661.1407139225507,287.1718249111205,4401882.407558168,313914.54977009195,196.01689755637173,37.15811678114136,105113.7415686089,2.387536850359996,0.03619203916566278,14139.559215179434,0.690809987295229,15762.741085696516,18.04684680880791,287.1718249111205,0.6010650437017463,,,0.00037855418866069267,2.7705670984915267e-05,6.344074260709793e-05,7283.618770476683,53813.92199981204,5287755.250811985,296.2609350504027,5216952.929767567,0.10747066787548579,0.02973844124984174,0.11175923029653372,0.5735764363510552,0.8191520442889855,0.0031998745954603747,0.001215180830983097,0.0037998745954603745,0.00011999529732976405,two-phase,False,
0.13502556144909844,1.0021155600480585,3055.931198773445,1962.1404344563919,1.3606120860629303,2669.7119896741356,5950262.665152492,827.1279839821823,662.5509350258673,287.1923320546564,4403999.28117741,313511.8960382337,196.6653077211684,37.30238081873556,105767.65488156986,2.3881688955212477,0.036203850982653475,14214.511352247155,0.6901056058007955,15852.208043327739,18.07743759803324,287.1923320546564,0.5989132130793021,,,0.0003745722399523927,2.7658787219622224e-05,6.308269467993162e-05,7336.084202448838,54232.34480182802,5335539.12309791,296.27016060385773,5206634.802027771,0.10773074685834252,0.029556331985515535,0.11207672810987615,0.5735764363510371,0.8191520442889981,0.0031769900703820615,0.0012135210479687953,0.0037769900703820613,0.0001191371276393273,two-phase,False,
0.13674044833331994,1.0021696384675014,3055.910671099518,1984.0908859956123,1.359949666214628,2698.2637381492186,6006568.91294673,829.8240109916628,663.9729540190106,287.2131415964679,4406148.390991546,313107.9287752942,197.32117709449943,37.448139455643535,106429.87883434139,2.388811623780108,0.03621588126605979,14290.28172097519,0.6893973797925959,15942.700667369103,18.108322679960892,287.2131415964679,0.596751754690779,,,0.00037060869397663687,2.7611613114963547e-05,6.272462996478137e-05,7389.3109573865495,54657.327874080045,5384003.860659903,296.27952691227637,5196176.884629645,0.10799082584119926,0.029374222721189336,0.11239422592321857,0.5735764363510504,0.8191520442889888,0.0031541055453037483,0.0012118418067991877,0.003754105545303748,0.00011827895794889056,two-phase,False,
0.1384889294999718,1.0022254789446268,3055.8894768893188,2006.425706915883,1.3592806827722477,2727.295704828411,6063709.812877875,832.5479440505187,665.4069675593312,287.23426287936553,4408330.252797596,312702.63900313847,197.98452178590935,37.595442616077804,107100.58096100409,2.389465388023604,0.03622813457548614,14366.881744846994,0.6886853067636791,16034.234459119361,18.139506960453758,287.23426287936553,0.5945811199653497,,,0.0003666635774879847,2.7564144995233792e-05,6.236655716551886e-05,7443.315727673761,55089.027985663255,5433162.527266012,296.28903839322453,5185572.865033034,0.10825090482405599,0.02919211345686314,0.11271172373656099,0.5735764363510552,0.8191520442889855,0.0031312210202254355,0.0012101427632857003,0.0037312210202254353,0.00011742078825845383,two-phase,False,
0.14027191703780298,1.0022831520658435,3055.867589579592,2029.1540890701724,1.358605051882839,2756.8189964594562,6121702.621087711,835.3001062048297,666.8529945496964,287.255705226989,4410545.669608631,312296.01763822976,198.65548997520733,37.74431654623778,107779.93281478832,2.3901305442883767,0.03624061560293849,14444.33202978833,0.6879692373568912,16126.834393391733,18.170993141220652,287.255705226989,0.5924012376122321,,,0.0003627369084746898,2.751638262774734e-05,6.200844974322849e-05,7498.115697272192,55527.606732827975,5483029.284584811,296.298699467615,5174817.736888972,0.10851098380691272,0.02901000419253694,0.11302922154990341,0.5735764363510465,0.8191520442889915,0.0031083364951471223,0.0012084235650739678,0.003708336495147122,0.00011656261856801708,two-phase,False,
0.1420903555720845,1.0023427318146474,3055.8449813377815,2052.2855037302133,1.3579226804661102,2786.8450323070724,6180564.881018965,838.0808755588455,668.311110025325,287.27745860208444,4412795.296912261,311888.0555013568,199.3341122641361,37.89481125007787,108468.07001047433,2.390806849878614,0.036253329387349556,14522.650142380735,0.6872490729537026,16220.522407753908,18.20278440509077,287.27745860208444,0.5902120888144966,,,0.0003588287071607122,2.746832511295168e-05,6.165029552451216e-05,7553.728559951271,55973.21765292019,5533618.412093576,296.30850583850855,5163924.297000479,0.10877106278976947,0.028827894928210734,0.11334671936324585,0.5735764363510371,0.8191520442889981,0.0030854519700688077,0.0012066838514002256,0.0036854519700688076,0.00011570444887758029,two-phase,False,
0.14394522374176724,1.0024042957649983,3055.8216229904488,2075.829711915367,1.3572334701444486,2817.385563331845,6240314.639814968,840.890617084689,669.7813690986302,287.2995516447132,4415080.370592845,311478.74331376364,200.0209302481985,38.046881038360425,109165.21207327073,2.391495267156594,0.036266280686650554,14601.856639378877,0.6865246808550713,16315.32364428494,18.234884184411204,287.2995516447132,0.5880125015918266,,,0.0003549389948663605,2.7419971245413467e-05,6.129207252044234e-05,7610.172538335397,56426.04540672329,5584944.665631179,296.31847065247956,5152871.055998256,0.1090311417726262,0.028645785663884538,0.11366421717658827,0.5735764363510552,0.8191520442889855,0.003062567444990495,0.0012049232528389265,0.003662567444990495,0.00011484627918714357,two-phase,False,
0.14583753576048927,1.0024679252875868,3055.7974839469625,2099.7967751720134,1.3565372937291098,2848.452634772955,6300969.901594669,843.7298424933047,671.2639981218583,287.3219839552475,4417401.184121254,311068.0717299602,200.71563801812383,38.20064285733073,109871.52305154438,2.3921958600385875,0.0362794747219524,14681.962911917664,0.68579607692002,16411.25396310594,18.267297865727034,287.3219839552475,0.5858039928593386,,,0.0003510678000372325,2.7371316966265503e-05,6.0933795933454874e-05,7667.466403811622,56886.26056713094,5637022.412321147,296.3285939790234,5141660.095132969,0.10929122075548293,0.028463676399558338,0.11398171498993069,0.5735764363510647,0.8191520442889788,0.0030396829199121817,0.0012031413910412142,0.0036396829199121816,0.00011398810949670682,two-phase,False,
0.14776834306679454,1.0025337057699737,3055.77253211812,2124.1970668261247,1.3558340716415522,2880.058758083907,6362550.003214516,846.5988528118346,672.7589477292037,287.34476478746865,4419759.143525835,310656.0312813481,201.41879991394362,38.35604968674302,110587.19142764687,2.392908996392047,0.03629291676070829,14762.994958416557,0.6850630450210415,16508.34423022874,18.30002725838525,287.34476478746865,0.5835849181058906,,,0.00034721513829992013,2.7322363674124866e-05,6.057542695098889e-05,7725.629497343371,57354.04580708851,5689867.6396710705,296.3388802513038,5130289.167897124,0.10955129973833967,0.02828156713523213,0.11429921280327313,0.5735764363510504,0.8191520442889888,0.003016798394833868,0.0012013378784638627,0.003616798394833868,0.00011312993980627007,two-phase,False,
0.14973873606978685,1.0026017268516838,3055.746733829304,2149.0412837330196,1.3551236756680458,2912.216723574665,6425074.039421045,849.498144083399,674.2664072329698,287.3679033737019,4422154.780364709,310242.61242394976,202.13030734536275,38.51318416064016,111312.41034497421,2.393635047716237,0.03630661222787489,14844.96738016472,0.6843255628097319,16606.61381559162,18.333077543211367,287.3679033737019,0.5813562422264521,,,0.0003433810375117027,2.727310779226738e-05,6.0216972051287174e-05,7784.6817512387515,57829.58964364196,5743495.669225365,296.3493339062461,5118752.272231962,0.10981137872119641,0.028099457870905935,0.11461671061661555,0.5735764363510418,0.8191520442889949,0.0029939138697555553,0.0011995123180882758,0.003593913869755555,0.00011227177011583332,two-phase,False,
0.15174984599694955,1.0026720826754343,3055.7200537277486,2174.3404585496733,1.3544060069483999,2944.9397782106157,6488562.183709653,852.4280775325037,675.7863854985396,287.39139927305587,4424589.073329071,309827.805501193,202.85040068741708,38.67206416818038,112047.35705445561,2.3943740853235043,0.03632056681286176,14927.903920430499,0.6835834650376611,16706.091514638403,18.3664516258768,287.39139927305587,0.5791173899117823,,,0.0003395655175698069,2.722354922904878e-05,5.985840548782871e-05,7844.643711924894,58313.079838149715,5797923.037550948,296.35995502064725,5107054.5198869305,0.11007145770405315,0.027917348606579736,0.11493420842995797,0.5735764363510552,0.8191520442889855,0.002971029344677242,0.0011976643031291168,0.003571029344677242,0.00011141360042539659,two-phase,False,
0.15380284685143814,1.0027448721557841,3055.6924546834503,2200.105972556381,1.3536809421188738,2978.241525691483,6553034.745635352,855.3891249815783,677.319018523787,287.4152713325891,4427063.102086939,309411.6007688109,203.57930978792768,38.83271130066366,112792.2548864139,2.3951267910275984,0.03633478617025585,15011.823322502138,0.682836674070419,16806.801147314767,18.400153950569575,287.4152713325891,0.5768682491304159,,,0.00033576860418257107,2.71736856845441e-05,5.9499722239515556e-05,7905.536563782968,58804.72401916775,5853166.165615802,296.3707524018503,5095183.224427205,0.11033153668690988,0.027735239342253533,0.1152517062433004,0.5735764363510236,0.8191520442890075,0.002948144819598928,0.00119579341673212,0.003548144819598928,0.0001105554307349598,two-phase,False,
0.15589895748677418,1.0028201992666106,3055.663897683228,2226.3495690562067,1.3529483667360735,3012.136013238156,6618512.797201183,858.3817138398626,678.8643761826196,287.4395287170605,4429577.792763754,308993.98838050093,204.31720676072246,38.99515993008191,113547.3118541863,2.395893547911175,0.03634927623276353,15096.747812583895,0.6820850628214984,16908.770202135765,18.434188261632038,287.4395287170605,0.5746087340962781,,,0.00033199032035906095,2.7123515985820437e-05,5.914090664462924e-05,7967.382154101985,59304.729685471895,5909242.209766665,296.38173049864855,5083134.236870426,0.11059161566976662,0.027553130077927333,0.11556920405664282,0.5735764363510504,0.8191520442889888,0.0029252602945206148,0.0011938992316606134,0.0035252602945206146,0.00010969726104452305,two-phase,False,
0.1580394438075547,1.0028981733489488,3055.6343417173603,2253.083367382254,1.3522081720423087,3046.637741666887,6685018.173653605,861.4062317497883,680.4224663805277,287.4641709286426,4432134.101207169,308574.9583751187,205.06420479823726,39.15945753240587,114312.72012987781,2.3966744373509083,0.03636404321400003,15182.702926096732,0.6813284575776469,17012.02965054122,18.46855755270143,287.4641709286426,0.5723387870707656,,,0.0003282306873323497,2.7073040142588943e-05,5.8781933757574075e-05,8030.203019213151,59813.30416183378,5966169.06219132,296.39288939788673,5070912.659836502,0.11085169465262334,0.027371020813601137,0.11588670186998525,0.5735764363510599,0.8191520442889821,0.002902375769442302,0.0011919813099702551,0.003502375769442302,0.00010883909135408633,two-phase,False,
0.16022562110555238,1.002978909440873,3055.603743658223,2280.3198775446194,1.3514602049124285,3081.761568972335,6752572.556633876,864.463252901297,681.9935247227852,287.4892167313246,4434733.231272705,308154.5007225467,205.82068576914534,39.325602194081135,115088.71927460378,2.3974701553403572,0.03637909331675506,15269.704062185565,0.6805668559380039,17116.600300293907,18.503267977764974,287.4892167313246,0.5700577650883493,,,0.00032448973667144104,2.7022253614920375e-05,5.842281659067713e-05,8094.022411870385,60330.675829390144,6023964.0342869125,296.40423792148675,5058506.526741692,0.1111117736354801,0.02718891154927493,0.11620419968332768,0.5735764363510333,0.8191520442890009,0.0028794912443639883,0.0011900392026714646,0.003479491244363988,0.00010798092166364955,two-phase,False,
0.16245885654141187,1.0030625286312642,3055.572058130244,2308.072015550744,1.350704360669052,3117.5229361425977,6821199.103904098,867.5531586304483,683.5775231801172,287.5146752169771,4437376.081305946,307732.60526844463,206.58669132414437,39.493658946041705,115875.53363128637,2.3982810977174873,0.03639443304013819,15357.780253046902,0.6798000412740676,17222.516928775203,18.53832190117817,287.5146752169771,0.5677660997542409,,,0.00032076748767639516,2.6971157511739152e-05,5.8063522546417726e-05,8158.86432994695,60857.07360624046,6082646.185413829,296.41578053108174,5045911.713489705,0.11137185261833683,0.027006802284948728,0.1165216974966701,0.5735764363510418,0.8191520442889949,0.0028566067192856742,0.0011880724493790057,0.003456606719285674,0.00010712275197321279,two-phase,False,
0.16474057178307777,1.0031491584394792,3055.5392373704667,2336.3531194349325,1.3499405083247955,3153.9377176762146,6890921.32887018,870.6763942489697,685.174510905699,287.54055545186566,4440063.802452171,307309.26175090333,207.3624065106922,39.66366751293686,116673.39334209349,2.3991076648643275,0.036410069086522806,15446.957187962129,0.6790278644072184,17329.811084682984,18.573723362470044,287.54055545186566,0.5654636971767169,,,0.0003170639655930773,2.691975056602259e-05,5.770403353582161e-05,8224.75354652255,61392.73415760098,6142234.686375404,296.4275216928249,5033125.229792516,0.11163193160119356,0.026824693020622535,0.11683919531001252,0.5735764363510418,0.8191520442889949,0.0028337221942073623,0.0011860805779481396,0.003433722194207362,0.00010626458228277608,two-phase,False,
0.1670722458131085,1.0032389332231408,3055.5052310789206,2365.1769660349496,1.3491684872232617,3191.0222292806766,6961762.81468372,873.8335552118906,686.784711617795,287.56686647600645,4442797.812807691,306884.45983528375,208.14816477044843,39.83564135953128,117482.53453696656,2.399950261857388,0.036426008369344266,15537.252327992504,0.6782503081730022,17438.50606731054,18.609478361146834,287.56686647600645,0.563149936746846,,,0.0003133792020701219,2.6868028769893302e-05,5.734436173260026e-05,8291.715641440207,61937.90222458706,6202748.393805405,296.43946587750764,5020145.269745379,0.1118920105840503,0.026642583756296336,0.11715669312335494,0.5735764363510465,0.8191520442889915,0.002810837669129049,0.0011840631040967488,0.003410837669129049,0.00010540641259233935,two-phase,False,
0.16945541791810637,1.0033319946164811,3055.4699862579437,2394.557788555898,1.3483881910536613,3228.7934448843425,7033748.916952385,877.0249921699624,688.4080208309235,287.59361730251146,4445579.143795448,306458.18904601014,208.9441611953571,40.00962260247642,118303.19952969212,2.4008092986197322,0.036442258021265515,15628.700629929896,0.6774670900961511,17548.64310023178,18.645588641939412,287.59361730251146,0.5608247196005794,,,0.00030971321549986007,2.6815994367448018e-05,5.698446280366783e-05,8359.777034417237,62492.8309698466,6264208.320909469,296.4516175606805,5006968.420987143,0.11215208956690703,0.02646047449197013,0.11747419093669738,0.5735764363510284,0.8191520442890042,0.002787953144050735,0.0011820195310127978,0.003387953144050735,0.00010454824290190256,two-phase,False,
0.17189169087493814,1.003428492001924,3055.433447039479,2424.510294964055,1.3475994466072267,3267.2687317870846,7106904.563335387,880.2513158016382,690.0446597837872,287.6208265291855,4448409.168633137,306030.4388344851,209.75065824028897,40.18564275562058,119135.6590263213,2.4016855000546067,0.03645882530818994,15721.321385759484,0.6766781846299602,17660.247669374632,18.68206063900416,287.6208265291855,0.5584879124008578,,,0.00030606603927955267,2.6763642922564258e-05,5.66243474452593e-05,8428.965019800517,63057.789786126166,6326634.415884879,296.46398559350524,4993583.805520868,0.11241216854976377,0.026278365227643933,0.1177916887500398,0.5735764363510418,0.8191520442889949,0.0027650686189724222,0.0011799493489464575,0.003365068618972422,0.00010369007321146584,two-phase,False,
0.17438273434948723,1.003528583017855,3055.3955544993214,2455.049687255989,1.3468021255653682,3306.466137164958,7181256.276649219,883.5129527296276,691.6945933708887,287.64850309926703,4451288.858691263,305601.1985251891,210.5677112781833,40.363775393053785,119980.16879459406,2.4025792884759625,0.03647571782955145,15815.147445240347,0.6758833598768239,17773.359152718414,18.718897139608053,287.64850309926703,0.5561399361292338,,,0.0003024376958711041,2.6710975345979668e-05,5.626398428161236e-05,8499.307803061989,63633.050012242995,6390048.49231859,296.47657446386006,4979987.909766452,0.1126722475326205,0.026096255963317733,0.11810918656338222,0.5735764363510599,0.8191520442889821,0.002742184093894109,0.0011778520347861957,0.003342184093894109,0.00010283190352102909,two-phase,False,
0.17693028852555703,1.0036324341058391,3055.3562464571287,2486.191681651031,1.345996052622673,3346.4041895656133,7256830.548603315,886.8105067551646,693.3580049956458,287.6766559265926,4454219.809509894,305170.4573616253,211.39567364739136,40.54403948414357,120836.99143560877,2.40349109162543,0.03649294343093253,15910.201064552846,0.6750825589886456,17888.00635093552,18.756104166655632,287.6766559265926,0.5537801592566389,,,0.0002988282177981038,2.6657988010585576e-05,5.590337907878153e-05,8570.834539136964,64218.89256563943,6454471.831827686,296.48938866484156,4966179.916690531,0.11293232651547724,0.025914146698991527,0.11842668437672466,0.5735764363510418,0.8191520442889949,0.0027192995688157945,0.0011757270516180862,0.0033192995688157943,0.0001019737338305923,two-phase,False,
0.17953616798307173,1.0037402211008872,3055.315457260942,2517.9525297582372,1.3451810902242254,3387.102129113032,7333655.422833837,890.1444221748889,695.0348522878116,287.7053034928526,4457203.5658143945,304738.2044588938,212.2349715157799,40.72644254140755,121706.41909221822,2.404421655086036,0.036510510121621736,16006.517420227385,0.6742755342521711,18004.231327016838,18.79368456164991,287.7053034928526,0.5514079134557174,,,0.0002952376284744229,2.660468192704968e-05,5.5542498973528367e-05,8643.575372714678,64815.61604016093,6519927.518559874,296.5024370681078,4952149.919176957,0.11319240549833398,0.025732037434665327,0.11874418219006708,0.5735764363510418,0.8191520442889949,0.0026964150437374813,0.0011735738482675645,0.003296415043737481,0.00010111556414015555,two-phase,False,
0.1822022658467239,1.0038521298687506,3055.273117554791,2550.3490407721783,1.3443570683635886,3428.579759756376,7411759.288196667,893.5152447487862,696.725214686513,287.73444504310805,4460241.224284108,304304.4288301145,213.08560846044688,40.91107580461622,122588.70657715699,2.405371107328479,0.036528426363351296,16104.125291804758,0.6734621478740542,18122.069832184497,18.83164326427324,287.73444504310805,0.5490236454994932,,,0.0002916659579391138,2.6551055209748117e-05,5.5181334652182856e-05,8717.561480598113,65423.514290183,6586438.597529051,296.51571980609464,4937904.02879358,0.1134524844811907,0.02554992817033913,0.1190616800034095,0.5735764363510371,0.8191520442889981,0.0026735305186591685,0.0011713918588228014,0.0032735305186591683,0.00010025739444971882,two-phase,False,
0.184930558228352,1.003968356994655,3055.229154027829,2583.3986047553135,1.3435238195214492,3470.8575608072415,7491171.399040203,896.9235284584729,698.4291594280835,287.7641181625171,4463334.501549995,303869.1193833341,213.94799965639066,41.09795431777697,123484.20683442565,2.406340834983807,0.03654670052885304,16203.05662236801,0.6726422233552863,18241.56099568226,18.8699846641325,287.7641181625171,0.546627139021624,,,0.0002881132349802978,2.6497106855120293e-05,5.481986986950832e-05,8792.825116258105,66042.92311223735,6654028.916453068,296.5292545132142,4923415.445359462,0.11371256346404746,0.025367818906012928,0.11937917781675193,0.5735764363510552,0.8191520442889855,0.0026506459935808553,0.0011691805021388352,0.003250645993580855,9.939922475928207e-05,two-phase,False,
0.18772310898875746,1.0040891105283662,3055.183489143269,2617.119217068408,1.3426811570667108,3513.956658554934,7571921.66740854,900.3698692956104,700.1467976865686,287.7943124280874,4466484.7308668345,303432.26493222115,214.82224125777367,41.287157255159435,124393.16775824665,2.4073306674733765,0.03656534173871724,16303.339757406195,0.6718156465720554,18362.74046623514,18.90871418203379,287.7943124280874,0.5442183436663627,,,0.0002845794917718866,2.6442834514632282e-05,5.445810236433773e-05,8869.3996567155,66674.15112783664,6722722.666979847,296.54303696116233,4908700.305141925,0.11397264244690418,0.02518570964168673,0.11969667563009435,0.5735764363510418,0.8191520442889949,0.002627761468502542,0.001166939181321544,0.003227761468502542,9.854105506884532e-05,two-phase,False,
0.1905820748473718,1.004214610791025,3055.136040845202,2651.529504014418,1.341828908052933,3557.8989390418014,7654041.287898898,903.8547877694041,701.8781249658971,287.82505573465824,4469693.78173426,302993.8541723365,215.70884922287627,41.47868612775342,125315.93658472964,2.4083416961283577,0.03658435905090299,16405.011641185993,0.6709821890764398,18485.65282249918,18.94783580849915,287.82505573465824,0.54179654259349,,,0.00028106475679416453,2.638823795252239e-05,5.4096006757353146e-05,8947.319651894572,67317.55025902935,6792545.420807262,296.5570804275061,4893741.544704843,0.11423272142976092,0.02500360037736053,0.12001417344343678,0.5735764363510418,0.8191520442889949,0.002604876943424229,0.0011646672831904991,0.0032048769434242287,9.768288537840857e-05,two-phase,False,
0.19350971087123467,1.0043450912497938,3055.0867222411725,2686.648749765472,1.340966890302568,3602.7070193082873,7737562.277229555,907.3788359875875,703.6231577792582,287.8563567555449,4472963.209011004,302553.87568625127,216.608063332976,41.672598599088126,126252.82367466186,2.409374393141679,0.03660376201963655,16508.108235442458,0.670141645019489,18610.341802611223,18.987353739703636,287.8563567555449,0.5393616102997185,,,0.00027756905977661153,2.6333316735679263e-05,5.3733564413077556e-05,9026.620876600968,67973.46944660596,6863523.352003128,296.57138944801807,4878538.610564771,0.11449280041261765,0.024821491113034333,0.1203316712567792,0.5735764363510552,0.8191520442889855,0.002581992418345916,0.0011623641777196846,0.003181992418345916,9.682471568797185e-05,two-phase,False,
0.196508376378174,1.0044807994670644,3055.035441258128,2722.4969246471483,1.3400948906504542,3648.404218531218,7822517.041356002,910.9426892479883,705.3820552857492,287.8882432619996,4476294.854758824,302112.3179748081,217.52026099733033,41.86892909897852,127204.19507704297,2.410429872252224,0.03662356034992885,16612.65969400442,0.6692939072275559,18736.845471882134,19.027274071340383,287.8882432619996,0.5369133470140875,,,0.00027409243606306926,2.6278067900074e-05,5.3370776927240626e-05,9107.340385288526,68642.28709214418,6935682.6235032,296.585977322124,4863074.608638646,0.11475287939547439,0.024639381848708126,0.12064916907012163,0.5735764363510418,0.8191520442889949,0.002559107893267602,0.0011600292174550068,0.003159107893267602,9.596654599753508e-05,two-phase,False,
0.1995805412929467,1.0046219981317426,3054.982100269126,2759.094714859089,1.339212728079144,3695.0147601151884,7908939.886210614,914.5468382557042,707.1547202013435,287.9207142595841,4479690.114608394,301669.16940454283,218.44546882520294,42.06778295385174,128170.35626214792,2.41150830740455,0.036643764354263766,16718.70945965938,0.6684386839580064,18865.215545776442,19.067599965726707,287.9207142595841,0.5344521837858074,,,0.0002706349135040603,2.622249265239103e-05,5.300761062461758e-05,9189.516569791023,69324.37124804014,7009051.540949391,296.60084422491667,4847357.310697036,0.11501295837833113,0.024457272584381927,0.12096666688346405,0.5735764363510418,0.8191520442889949,0.0025362233681892887,0.0011576617369074716,0.0031362233681892886,9.510837630709833e-05,two-phase,False,
0.202728792999483,1.0047689661810295,3054.92659568783,2796.463553716288,1.3383201779557026,3742.563600856219,7996865.266450669,918.1919615399543,708.9412781596578,287.9538069612977,4483151.521315321,301224.41825645167,219.38445950469904,42.26912535711922,129151.7167487269,2.41261115278755,0.036664384351863505,16826.291805859444,0.6675758319997521,18995.49467276835,19.10833727581428,287.9538069612977,0.5319768203419398,,,0.00026719652800856106,2.616658858292489e-05,5.2644062038225556e-05,9273.189220207969,70020.13743327316,7083658.036994456,296.61600785664103,4831364.171752503,0.11527303736118787,0.02427516332005573,0.12128416469680647,0.5735764363510552,0.8191520442889855,0.002513338843110976,0.001155261051920822,0.0031133388431109758,9.42502066166616e-05,two-phase,False,
0.20595584373732848,1.0049220000221242,3054.868817527499,2834.625654500937,1.3374170267709227,3791.076614851224,8086329.173077316,921.8786422828725,710.7417146766588,287.9875107208629,4486680.189516067,300778.0526984712,220.33704459555707,42.473110258536515,130148.57776079468,2.413738282030629,0.03668543146908697,16935.447369744765,0.666705125549171,19127.732137047748,19.149490486474527,287.9875107208629,0.5294882459891035,,,0.0002637773122501888,2.6110355278285597e-05,5.228011312763731e-05,9358.399589147173,70729.9751197951,7159531.571431725,296.63146402900423,4815110.701463393,0.1155331163440446,0.024093054055729524,0.12160166251014891,0.5735764363510552,0.8191520442889855,0.002490454318032662,0.001152826459012387,0.0030904543180326617,9.339203692622482e-05,two-phase,False,
0.20926453859587787,1.0050814148644163,3054.8086489207967,2873.6040450208006,1.3365030531440647,3840.5805796974346,8177368.602823699,925.6074947901047,712.5560297652127,288.02187216385175,4490278.8117157,300330.06079022045,221.30408345386925,42.67969353358514,131161.39445096155,2.414891495157125,0.036706916704086164,17046.21965241048,0.6658263134633381,19261.980352832474,19.191064003874082,288.02187216385175,0.5269851124140034,,,0.0002603772995380769,2.6053792530683315e-05,5.191574187505336e-05,9445.19045954209,71454.34015035757,7236702.500423846,296.6472348482361,4798566.578274958,0.11579319532690134,0.023910944791403328,0.12191916032349133,0.5735764363510418,0.8191520442889949,0.002467569792954349,0.001150357234685799,0.003067569792954349,9.25338672357881e-05,two-phase,False,
0.21265786416752394,1.0052475461741137,3054.7459655962452,2913.422603976633,1.3355780093532628,3891.103161823911,8270021.326519557,929.3792038877023,714.3843000859471,288.0568900864585,4493949.466594861,299880.4305024269,222.28578987743938,42.88895939562614,132190.51335518394,2.4160710070560367,0.03672885189098841,17158.64696943701,0.6649392305429195,19398.286698313575,19.233063622162113,288.0568900864585,0.5244673071657413,,,0.00025699652731161755,2.599689835288923e-05,5.155094444948774e-05,9533.606216278182,72193.66331077325,7315201.521575654,296.6633205268546,4781742.732391633,0.11605327430975806,0.02372883552707713,0.12223665813683375,0.5735764363510552,0.8191520442889855,0.002444685267876036,0.0011478526347141707,0.0030446852678760357,9.167569754535135e-05,two-phase,False,
0.21613895792429405,1.0054207512645643,3054.680635306713,2954.1060992480257,1.334641653060103,3942.673047615318,8364326.604526452,933.1943990626191,716.2265057876377,288.09260139469103,4497694.004716656,299429.1496993616,223.282490825488,43.10097440377377,133236.3895320853,2.417278329600058,0.03675124894947763,17272.77564737449,0.6640436134356699,19536.706901048336,19.275493895139686,288.09260139469103,0.5219350928329108,,,0.00025363503083392595,2.5939672556254185e-05,5.1185699056904016e-05,9623.692921880209,72948.4274488646,7395060.87761385,296.6797388196511,4764614.481965955,0.11631335329261482,0.023546726262750922,0.12255415595017619,0.5735764363510236,0.8191520442890075,0.0024218007427977218,0.0011453118933922434,0.0030218007427977216,9.081752785491457e-05,two-phase,False,
0.21971111839847607,1.0056014110376257,3054.6125172046154,2995.6802282147346,1.3336937263214108,3995.3199264350837,8460324.732197247,937.0537514548682,718.0826591438254,288.129014296048,4501514.655690353,298976.2061487044,224.29447859377373,43.31581614243685,134299.41723413227,2.4185140248565844,0.036774120496659624,17388.6501968694,0.6631392362934798,19677.295060942157,19.31835988692872,288.129014296048,0.5193883114905391,,,0.0002502928472344574,2.5882114368223998e-05,5.08199931394493e-05,9715.49839653164,73719.10843048265,7476313.531127019,296.69649434549194,4747184.920155745,0.11657343227547154,0.023364616998424726,0.1228716537635186,0.5735764363510552,0.8191520442889855,0.002398916217719409,0.001142734222755924,0.002998916217719409,8.995935816447784e-05,two-phase,False,
0.22337781624815475,1.0057899318929808,3054.541461157959,3038.1716602385936,1.332733965326945,4049.074564093729,8558057.439435804,940.9578992925617,719.9527090815104,288.16614647010783,4505414.051718076,298521.58751233574,225.32228870840964,43.533519737198574,135380.02744104524,2.4197789902215474,0.036797479528688254,17506.320165024394,0.6622258204849393,19820.110629838768,19.361666192688094,288.16614647010783,0.5168262325548787,,,0.0002469700135600792,2.5824223753471398e-05,5.0453805161638235e-05,9809.072302718307,74506.21037694631,7558993.808030566,296.71359611873424,4729450.204639636,0.11683351125832828,0.023182507734098527,0.12318915157686103,0.5735764363510599,0.8191520442889821,0.0023760316926410958,0.0011401188117675417,0.0029760316926410956,8.910118847404109e-05,two-phase,False,
0.2271427063066085,1.0059867478249274,3054.4673070004956,3081.6080814398224,1.3317620921168574,4103.968825622513,8657567.587048193,944.9075235547807,721.8366325110453,288.20403454990816,4509394.607149619,298065.2813561132,226.3664401114711,43.754128173476865,136478.71452069673,2.4210747901689684,0.03682133936468714,17625.835730944902,0.6613030939223998,19965.21393399511,19.405417592900527,288.20403454990816,0.5142485705922948,,,0.0002436665682635429,2.576600053084789e-05,5.0087116687354044e-05,9904.466234810981,75310.27625194563,7643136.939245875,296.73106194282246,4711388.558765327,0.11709359024118501,0.02300039846977232,0.12350664939020346,0.5735764363510418,0.8191520442889949,0.0023531471675627812,0.0011374648254650528,0.002953147167562781,8.82430187836043e-05,two-phase,False,
0.23100964072397623,1.0061923227286569,3054.389883708379,3126.0182419110515,1.3307778036574123,4160.035690163394,8758899.075980132,948.9033618761327,723.7344596891771,288.24268651716665,4513458.832810958,297607.27516674495,227.42725389587474,43.977727570441964,137595.91172073822,2.422402032198043,0.03684571407807503,17747.2441065063,0.6603708402880505,20112.662547406017,19.449619798536173,288.24268651716665,0.5116551517386415,,,0.00024038255305466451,2.570744339370743e-05,4.971992135019302e-05,10001.733813926516,76131.84416039489,7728778.804858942,296.74889647710876,4693004.598536358,0.11735366922404175,0.022818289205446124,0.12382414720354588,0.5735764363510418,0.8191520442889949,0.002330262642484469,0.0011347714040733225,0.0029302626424844687,8.738484909316758e-05,two-phase,False,
0.23498268332507696,1.0064071529411522,3054.309008494661,3171.432005522514,1.3297807982289103,4217.309383832442,8862097.592544692,952.946081098678,725.6461040986753,288.2821293014345,4517609.338601983,297147.55633216613,228.50519877617188,44.20438065537476,138732.11672021775,2.4237619924018183,0.03687061811128206,17870.601079280634,0.6594287447885766,20262.522985925174,19.494277363135396,288.2821293014345,0.5090457177523282,,,0.00023711800794924345,2.5648552684775264e-05,4.9352195710999244e-05,10100.930788433978,76971.49327873075,7815957.120050041,296.7671131710844,4674286.303973405,0.11761374820689849,0.022636179941119924,0.1241416450168883,0.5735764363510418,0.8191520442889949,0.0023073781174061552,0.0011320376620754919,0.002907378117406155,8.652667940273083e-05,two-phase,False,
0.23906612532425436,1.0066317700453933,3054.2244858117892,3217.8804024828282,1.3287707534163509,4275.825366810818,8967209.983959066,957.0364075607404,727.5715272061143,288.32239921756553,4521849.178308739,296686.1121577604,229.6009981676154,44.434106218709516,139887.86843527772,2.4251562980176904,0.036896066387078104,17995.961643995055,0.6584765194585923,20414.86120876907,19.539395244493786,288.32239921756553,0.5064194305554047,,,0.00023387297520662388,2.55893283156192e-05,4.898392351403577e-05,10202.115140501552,77829.83679248477,7904710.459440199,296.7857298850658,4655215.163238959,0.11787382718975521,0.02245407067679373,0.12445914283023073,0.5735764363510552,0.8191520442889855,0.002284493592327843,0.0011292626872423277,0.0028844935923278427,8.566850971229411e-05,two-phase,False,
0.24326450255764395,1.0068667439707082,3054.136106250828,3265.3956848317157,1.3277473262969368,4335.620389836866,9074284.486365337,961.1750832709608,729.510689170702,288.3635134655695,4526180.98087154,296222.92987335514,230.71490207504615,44.66702023330987,141063.6705437401,2.426585942518071,0.03692207457285956,18123.381371810417,0.657513887259749,20569.744035787924,19.584978782795204,288.3635134655695,0.503776588794731,,,0.00023064749910857083,2.5529769807013245e-05,4.8615092062408106e-05,10305.347199112191,78707.49523061722,7995078.506401177,296.80475571931225,4635788.245355068,0.11813390617261196,0.022271961412467522,0.12477664064357316,0.5735764363510379,0.8191520442889975,0.002261609067249529,0.0011264455396173146,0.0028616090672495286,8.481034002185733e-05,two-phase,False,
0.24758261441761245,1.0071126864270468,3054.043645324477,3314.011385053776,1.3267101668645018,4396.732597655554,9183371.099330243,965.3628135115432,731.4634726566744,288.405498636683,4530607.833600586,295757.9966241428,231.84741219160009,44.903195863179675,142260.0687703214,2.428052270262836,0.03694865886933112,18252.922047863714,0.6565405062359766,20727.24482533718,19.631032447048174,288.405498636683,0.5011169126496963,,,0.00022744162347585674,2.5469877926628493e-05,4.8245678980816134e-05,10410.68976001077,79605.12561004078,8087102.662471332,296.82420418395503,4615996.135511505,0.1183939851554687,0.022089852148141315,0.12509413845691558,0.5735764363510552,0.8191520442889855,0.002238724542171215,0.0011235852504551248,0.002838724542171215,8.395217033142057e-05,two-phase,False,
0.25202554469625055,1.007370254716379,3053.9468621191454,3363.762378016369,1.3256588962883775,4459.201521417548,9294521.050491374,969.6003696249663,733.4298188245087,288.4483812019381,4535133.020450278,295291.2994921492,232.99922020728334,45.142675600916746,143477.62613422007,2.429556650451631,0.03697583612045481,18384.643701711328,0.6555560769965024,20887.43544034056,19.677561446567488,288.4483812019381,0.4984395816770313,,,0.0002242553953206643,2.5409652581073198e-05,4.787567161398228e-05,10518.208213083957,80523.41374720141,8180825.184566245,296.84408881073364,4595830.429244527,0.11865406413832542,0.021907742883815126,0.125411636270258,0.5735764363510542,0.8191520442889861,0.002215840017092903,0.0011206808211109386,0.0028158400170929026,8.309400064098385e-05,two-phase,False,
0.2565986845898535,1.0076401559719093,3053.8454977987885,3414.68494644967,1.3245931252694836,4523.068205028428,9407787.471652027,973.888476325375,735.4095797075202,288.4921969741559,4539759.893565136,294822.8254865863,234.17092858940725,45.38552561471309,144716.95037480438,2.43110081263483,0.03700362376914419,18518.613338834766,0.654560229768482,21050.39507327647,19.724570192739808,288.4921969741559,0.49574425692242513,,,0.00022108886151402064,2.5349094814955174e-05,4.750504665204609e-05,10627.970677715692,81463.08574471062,8276290.205243203,296.8644275500459,4575274.82178107,0.11891414312118215,0.021725633619488937,0.12572913408360042,0.5735764363510361,0.8191520442889988,0.0021929554920145913,0.0011177312218779482,0.002792955492014591,8.223583095054718e-05,two-phase,False,
0.26130775812856594,1.0079231518822944,3053.739273941092,3466.816850203185,1.3235124327801533,4588.375203415646,9523224.88648964,978.2279078696274,737.4026458319829,288.5369721496774,4544491.571293302,294352.56156346033,235.3629000726463,45.63186527439975,145978.6419146782,2.432686183129304,0.03703204004436527,18654.89694704685,0.6535526300198292,21216.2021844199,19.772063789971103,288.5369721496774,0.4930311669102748,,,0.00021794207222974857,2.5288204878926842e-05,4.7133789134718424e-05,10740.048146707008,82424.89027421328,8373542.88561017,296.88523398303664,4554320.795821181,0.11917422210403887,0.021543524355162748,0.12604663189694285,0.5735764363510495,0.8191520442889895,0.002170070966936279,0.0011147353907701965,0.002770070966936279,8.137766126011046e-05,two-phase,False,
0.26615885037180004,1.0082200639693217,3053.6278906827542,3520.197399530755,1.3224163775169417,4655.1666932320195,9640889.488900458,982.6194554924518,739.4088946698992,288.58273279158124,4549332.144655897,293880.494634443,236.5760536598783,45.881713180508626,147263.32067853172,2.434314216894955,0.037061103918490476,18793.5629302004,0.6525329298876069,21384.93792980591,19.82004699198586,288.58273279158124,0.49029893047556644,,,0.00021481507879274534,2.5226983578907386e-05,4.676188461628497e-05,10854.514639399154,83409.60990553473,8472629.84384088,296.9065217149199,4532963.909505204,0.11943430108689561,0.02136141509083654,0.1263641297102853,0.5735764363510495,0.8191520442889895,0.0021471864418579653,0.0011116922322477328,0.002747186441857965,8.05194915696737e-05,two-phase,False,
0.2711584387331965,1.0085317794970179,3053.5110246475056,3574.8675326750804,1.3213044884831602,4723.488516656304,9760839.241743991,987.0639046164902,741.4281720570174,288.6295237116233,4554285.181531527,293406.61157442065,237.81092725331237,46.135169192656356,148571.68178957305,2.4359870757509503,0.037090834997899835,18934.683960818424,0.6515007542293906,21556.68811603527,19.86852470533926,288.6295237116233,0.4875476711769732,,,0.00021170793503016432,2.5165431626920705e-05,4.638931521471217e-05,10971.447364694059,84418.08365334352,8573599.304305796,296.928313176458,4511181.260034237,0.11969438006975233,0.021179305826510356,0.12668162752362772,0.5735764363510408,0.8191520442889955,0.0021243019167796534,0.001108600615880867,0.002724301916779653,7.9661321879237e-05,two-phase,False,
0.27631342788332536,1.0088592581048461,3053.3883266255393,3630.869898043745,1.320176277386457,4793.388305673935,9883134.14249649,991.5620124924194,743.4602504649733,288.6773706458441,4559354.4838951295,292930.8992199319,239.06810873905104,46.39233126168514,149904.3881031737,2.437706284586918,0.03712125386131058,19078.337830582794,0.6504556819113024,21731.54395439664,19.91750091118493,288.6773706458441,0.4847770558981659,,,0.00020862069505537444,2.510355100419343e-05,4.601605859659521e-05,11090.926894726621,85451.16865653859,8676501.420754682,296.9506220318673,4488967.893684632,0.11995445905260906,0.02099719656218416,0.12699912533697014,0.5735764363510408,0.8191520442889955,0.002101417391701341,0.001105459374950101,0.002701417391701341,7.880315218880028e-05,two-phase,False,
0.28163118873499915,1.0092035392726155,3053.259418968152,3688.248941290989,1.319031210994637,4864.9154674807405,10007835.623982683,996.1146050696357,745.5049638361846,288.72632746304845,4564544.749506713,292453.3444004311,240.348611931252,46.65322283291143,151262.20840062917,2.439474425653767,0.037152381734811064,19224.60186328445,0.6493973259933244,21909.596524578745,19.96698046955835,288.72632746304845,0.4819860717637898,,,0.0002055534174610936,2.5041342668827656e-05,4.5642100203815915e-05,11213.037350009656,86509.79399063654,8781387.423927523,296.9734751818146,4466297.841193038,0.12021453803546578,0.020815087297857974,0.12731662315031256,0.5735764363510542,0.8191520442889861,0.002078532866623029,0.0011022673049780993,0.002678532866623029,7.794498249836359e-05,two-phase,False,
0.287119602123265,1.0095657507451818,3053.12389265449,3747.0509976443154,1.3178800004063165,4938.163570297979,10135353.396536436,1000.669928290396,747.5665262112282,288.77641010458296,4569859.731114664,291973.91756605706,241.65279914142968,46.91800234563019,152645.82474167168,2.4412927627735086,0.037184241046722626,19373.515442612414,0.6483790227927255,22091.48157450821,20.022159546804968,288.77641010458296,0.47917494413628603,,,0.00020250443019238787,2.497233122287188e-05,4.526631664007178e-05,11337.8665969457,87594.89003051247,8888377.399310034,296.99688195382544,4443174.89733786,0.1204746170183225,0.020632978033531778,0.12763412096365498,0.5735764363510495,0.8191520442889895,0.0020556483415447163,0.0010990231621898117,0.002655648341544716,7.708681280792687e-05,two-phase,False,
0.29278710788799384,1.009947118067689,3052.981303979898,3807.3243898413557,1.3167341865951514,5013.234183561639,10266119.374560036,1005.1776310091493,749.6498503058014,288.82766261561136,4575304.194218625,291492.5724277619,242.9816494851965,47.18671752773072,154056.0276189207,2.4431636240899635,0.03721685496734876,19525.100339902645,0.647452176244729,22277.832206859646,20.08806898862859,288.82766261561136,0.47634268115838396,,,0.00019947203010762857,2.489039639813259e-05,4.488767087904031e-05,11465.506458680044,88707.4643494478,8997599.45350441,297.02086491716057,4419582.352283012,0.12073469600117921,0.020450868769205596,0.1279516187769974,0.5735764363510446,0.8191520442889928,0.0020327638164664053,0.001095725661896617,0.002632763816466405,7.62286431174902e-05,two-phase,False,
0.29864276020573444,1.0103489754111057,3052.8311708057226,3869.1195320717115,1.3155702528533177,5090.098561127292,10399539.096821057,1009.7392793752558,751.7456414108517,288.8801382088932,4580883.464693215,291009.29437224206,244.33624554758956,47.459405436840896,155493.66348055514,2.445089735405889,0.03725024761084072,19679.538133319846,0.6465117195485137,22467.734201145482,20.15464253086722,288.8801382088932,0.47348822897208076,,,0.00019645985003845042,2.4808180012830316e-05,4.450827088514411e-05,11596.052940358564,89848.58465731949,9108979.320861222,297.04545109110035,4395497.965973348,0.12099477498403595,0.02026875950487939,0.12826911659033985,0.5735764363510495,0.8191520442889895,0.0020098792913880916,0.0010923734768000753,0.0026098792913880915,7.537047342705344e-05,two-phase,False,
0.3046962901770617,1.0107727779026805,3052.67296829897,3932.4890403497725,1.314387545411822,5168.814617104228,10535685.215931658,1014.355482299799,753.853381358361,288.9338804262338,4586602.05629662,290524.0687493347,245.7172323384701,47.73619806116845,156959.5792703061,2.4470735358388707,0.037284444231319054,19836.93412242802,0.6455570041812433,22661.31060282142,20.221881470161588,288.9338804262338,0.4706116388196905,,,0.00019346795621009118,2.472569136248649e-05,4.412807438752003e-05,11729.606469951354,91019.36015817337,9222577.51222272,297.0706631359664,4370905.089024432,0.12125485396689267,0.0200866502405532,0.12858661440368227,0.5735764363510408,0.8191520442889955,0.0019869947663097793,0.001088965235210585,0.002586994766309779,7.451230373661672e-05,two-phase,False,
0.3109581768741245,1.0112201157190266,3052.5061240760115,3997.487849779319,1.31318532095777,5249.442365037241,10674631.109533014,1019.0270672091237,755.9728313860356,288.9889325564249,4592465.77236925,290036.8809597234,247.1256657114569,48.017158079270786,158454.65163131515,2.4491175221355723,0.03731947120902567,19997.379199393028,0.6445876018430138,22858.670580049027,20.289791335487248,288.9889325564249,0.4677118726968683,,,0.00019049642427932547,2.464293455425981e-05,4.37470760383063e-05,11866.272155912053,92220.95537714387,9338454.104906717,297.0965237580253,4345792.497602739,0.1215149329497494,0.019904540976227007,0.1289041122170247,0.5735764363510408,0.8191520442889955,0.0019641102412314673,0.001085499519175921,0.002564110241231467,7.365413404618002e-05,two-phase,False,
0.3174397282978664,1.011692730252827,3052.3300126471004,4064.173339207882,1.311962808452402,5332.044268144549,10816453.26846305,1023.7547187238617,758.1035123576073,289.04533762589267,4598479.871030815,289547.716436148,248.56243238230869,48.30239207104087,159979.78822939043,2.451224251800228,0.03735535611234238,20160.980406801056,0.643602906611716,23059.939792435536,20.358374080843372,289.04533762589267,0.4647884148721507,,,0.00018754532965420805,2.4559918096331926e-05,4.3365247654637624e-05,12006.16006306186,93454.59362652486,9456672.670415966,297.12305571127183,4320147.352401518,0.12177501193260612,0.019722431711900818,0.1292216100303671,0.5735764363510446,0.8191520442889928,0.001941225716153155,0.0010819748625142903,0.002541225716153155,7.279596435574331e-05,two-phase,False,
0.3241531739986138,1.0121925327305479,3052.143949036667,4132.6054638101805,1.3107191638942548,5416.685178230109,10961230.163566235,1028.539142240826,760.2449512777393,289.10314775389315,4604649.749065531,289056.5606818613,250.0283182073828,48.59203787525816,161535.959009658,2.453396699412748,0.037392127697396554,20327.84682299541,0.6426023275791338,23265.246432354514,20.427632302099184,289.10314775389315,0.46184122578786335,,,0.00018461475369088148,2.447664969711732e-05,4.2982566417578106e-05,12149.385508220243,94721.5724990911,9577298.413942546,297.1502862134836,4293949.834002625,0.12203509091546284,0.019540322447574632,0.12953910784370953,0.5735764363510446,0.8191520442889928,0.001918341191074844,0.0010783897487461735,0.0025183411910748438,7.193779466530665e-05,two-phase,False,
0.3311117714944441,1.012721625741762,3051.94718142723,4202.8468961845365,1.3094534617092137,5503.432417242666,11109042.029527806,1033.3810962469443,762.3967187103343,289.16241473889426,4610982.328182474,288563.39932279685,251.52474150280935,48.886122708186505,163124.1689919636,2.4556379146426024,0.03742981604854614,20498.086808917193,0.6415853163961444,23474.718413900617,20.49756914128191,289.16241473889426,0.45886862951695145,,,0.00018170478424826752,2.4393136403331103e-05,4.259902003373328e-05,12296.06937725123,96023.25686525402,9700397.843764083,297.17824254083314,4267186.4997918,0.12229516989831955,0.019358213183248443,0.12985660565705195,0.5735764363510542,0.8191520442889861,0.0018954566659965316,0.0010747426089188208,0.0024954566659965314,7.107962497486994e-05,two-phase,False,
0.33832992909953363,1.013282328245616,3051.7388826405117,4274.963176595256,1.308164700116527,5592.35592191993,11259971.389045522,1038.2813083629746,764.5583139923548,289.22320873627575,4617483.7646428645,288068.21814035106,253.05270268897192,49.184767967702825,164745.52081010918,2.4579517402349995,0.037468452523901595,20671.815695309262,0.6405512756374967,23688.491055124985,20.56818685426109,289.22320873627575,0.4558704510346706,,,0.00017881551424156974,2.4309386313087463e-05,4.221459263373599e-05,12446.338465357172,97361.1075501677,9826039.689364096,297.2069608657296,4239825.761336604,0.12255524888117628,0.01917610391892225,0.13017410347039438,0.5735764363510433,0.8191520442889938,0.0018725721409182197,0.0010710318193168508,0.0024725721409182195,7.022145528443325e-05,two-phase,False,
0.3458233483874549,1.0138772047539049,3051.5181402258013,4349.022873047567,1.3068518245728624,5683.528476751326,11414104.196859054,1043.240317118404,766.7289246573182,289.2855714691282,4624160.635168833,287571.0030590849,254.61319903594827,49.48810937666458,166401.06565756127,2.460341042454212,0.037508070165775155,20849.168238369086,0.6394993966083051,23906.719238292644,20.63948269051046,289.2855714691282,0.4528461034502696,,,0.00017594703784638984,2.4225413373848175e-05,4.182924432384046e-05,12600.325842633478,98736.62632853509,9954296.794911647,297.23646417972213,4211862.221339151,0.12281532786403303,0.018993994654596044,0.13049160128373682,0.5735764363510495,0.8191520442889895,0.0018496876158399056,0.001067255699051928,0.0024496876158399054,6.936328559399646e-05,two-phase,False,
0.35360919028513776,1.0145090995608896,3051.2839448702234,4425.097751940331,1.3055136252137642,5777.0254080609,11571526.726892466,1048.2588740879,768.9080418755198,289.3495629890522,4631020.363376311,287071.74027586513,256.20762715020703,49.796219531042844,168091.9559185458,2.4628094907641085,0.037548703458197545,21030.26320849496,0.6384291195913842,24129.542561235692,20.71145919854473,289.3495629890522,0.4497943390478652,,,0.0001730994637144338,2.414122516462442e-05,4.1442973792901825e-05,12758.171247099282,100151.42082910163,10085241.034847885,297.26678437603545,4183278.396738768,0.12307540684688974,0.018811885390269855,0.13080909909707925,0.5735764363510495,0.8191520442889895,0.0018268030907615937,0.0010634125075240043,0.0024268030907615935,6.850511590355976e-05,two-phase,False,
0.36170626980408555,1.0151811771119046,3051.0351767736897,4503.262960106298,1.3041488121227094,5872.925040098825,11732328.356937664,1053.3375598566788,771.0948710269967,289.41526155766945,4638070.287234567,286570.41627067927,257.8371598772734,50.10922984799371,169819.45024507315,2.465361583833397,0.037590388427707344,21215.239283671173,0.6373396726443072,24357.12063847445,20.784113851780738,289.41526155766945,0.4467148690002337,,,0.0001702729037357461,2.4056835117709918e-05,4.105575592627325e-05,12920.021507644195,101607.2121238512,10218948.172957059,297.29796227092805,4154041.63095697,0.12333548582974646,0.018629776125943666,0.13112659691042167,0.5735764363510495,0.8191520442889895,0.0018039185656832817,0.0010595004417460684,0.0024039185656832816,6.764694621312307e-05,two-phase,False,
0.3701352857180638,1.0158969698912446,3050.770589538084,4583.597219119998,1.3027559656226975,5971.308621220184,11896600.73862772,1058.4768574152995,773.2884733822823,289.48273561218076,4645318.794633235,286067.01785902306,259.50335284273706,50.42721358406459,171584.82373003341,2.4680015821533927,0.03763316293714312,21404.244836659258,0.6362302151386177,24589.623086034662,20.857442667178262,289.48273561218076,0.4436063441213347,,,0.0001674674788113127,2.397225815160989e-05,4.066756112939105e-05,13086.030999581577,103105.80401777496,10355496.464611819,297.33003435061624,4124131.998850396,0.12359556481260318,0.018447666861617477,0.1314440947237641,0.5735764363510408,0.8191520442889955,0.0017810340406049698,0.0010555176335237666,0.0023810340406049697,6.678877652268637e-05,two-phase,False,
0.3789190932156855,1.0166604355903124,3050.4887909975546,4666.18303283117,1.3013335079508106,6072.260334854739,12064436.727618096,1063.677280567361,775.4879325334521,289.55204379930296,4652773.945120944,285561.5322938383,261.2075112501036,50.75030986795273,173389.3685789407,2.4707335047672827,0.03767706678922683,21597.427511576385,0.6350999509906372,24827.21899599894,20.931441099270902,289.55204379930296,0.44046798312451924,,,0.00016468332134246712,2.3887509590413073e-05,4.027837351260148e-05,13256.362135779507,104649.08860363862,10494965.132209234,297.36303276547255,4093537.0255070757,0.12385564379545991,0.018265557597291284,0.1317615925371065,0.5735764363510408,0.8191520442889955,0.0017581495155266575,0.00105146214648062,0.0023581495155266573,6.593060683224965e-05,two-phase,False,
0.3880830298383658,1.017476025823337,3050.18822025385,4751.106909166683,1.299879684414739,6175.867349708274,12235930.8785956,1068.9392416510984,777.6921972797998,289.6232721312338,4660444.856511034,285053.94734941795,262.9512254254822,51.07862066404374,175234.52452383738,2.4735626053356716,0.03772214159609683,21794.945186275338,0.6339480146088985,25070.087948891727,21.00610309197941,289.6232721312338,0.43729882144635296,,,0.00016192057623246013,2.380260621452015e-05,3.988817279136059e-05,13431.18589665366,106239.10607838539,10637435.470737314,297.397003041338,4062225.8201384274,0.12411572277831663,0.018083448332965095,0.13207909035044893,0.5735764363510495,0.8191520442889895,0.0017352649904483456,0.0010473319729188925,0.0023352649904483454,6.507243714181296e-05,two-phase,False,
0.39765530808075655,1.0183487693396982,3049.867119961724,4838.459597337725,1.2983925709577246,6282.219996062407,12411180.065620607,1074.262942871502,779.8998982300386,289.6964874503922,4668340.105902853,284544.25138336717,264.7357449947151,51.41233346833988,177121.72272005884,2.4764935546111433,0.03776843121384807,21996.975088829622,0.6327733467451494,25318.42862105179,21.08141679390755,289.6964874503922,0.4340985149290505,,,0.000159179398465317,2.3717571019443918e-05,3.949692198387538e-05,13610.682402657683,107877.98763898962,10782992.215379195,297.431981957217,4030182.1014555055,0.12437580176117337,0.017901339068638892,0.13239658816379138,0.5708879670113862,0.8210279709739531,0.001712380465370032,0.0010431250305054133,0.0023123804653700317,6.42142674513762e-05,two-phase,False,
0.4075712811223844,1.0192752723140006,3049.526842186962,4927.479958719299,1.2969384146870957,6390.638046063844,12590673.116426023,1079.35218581115,781.7049701789642,289.7717745456546,4676468.852446436,284032.3929814942,266.563428405762,51.744856546163525,179036.7396528003,2.4795319259032698,0.037815524341436806,22226.50763861715,0.6312917562330463,25594.274239242837,21.15032907276512,289.7717745456546,0.4308643980588837,,,0.0001564788981619645,2.364029411929295e-05,3.9071238772097464e-05,13793.286363309686,109552.97655525917,10933956.9304331,297.4680152637859,3997377.4974778797,0.12463706672634321,0.01772094060226071,0.1327140859771338,0.562075256703779,0.8270860933429971,0.0016897109255023294,0.0010388797958641898,0.002289710925502329,6.336415970633735e-05,two-phase,False,
0.41772406144673235,1.0202475442649173,3049.17041936204,5017.068796479977,1.2954789550933563,6499.507042095363,12770132.492735475,1084.3856426047957,783.4628259279716,289.84914357582755,4684834.023065116,283518.4403155073,268.43490181091795,52.067569248036186,180959.4090064245,2.4826804543173786,0.03786283289555436,22456.737603203423,0.6298128315247398,25870.702027309813,21.21828552876062,289.84914357582755,0.42759693597923537,,,0.00015385782237380453,2.356458062185411e-05,3.865376358725685e-05,13976.752838629765,111245.23339684364,11084952.941933103,297.50511334986663,3963823.264307274,0.12490097794504704,0.01754443724095565,0.13303158379047622,0.5496664146917245,0.8353842424656723,0.001667530858973934,0.00103464916659741,0.002267530858973934,6.253240721152252e-05,two-phase,False,
0.4281137920031352,1.021267273276282,3048.7973285109183,5107.107905855558,1.294013712183766,6608.66765977921,12949196.763192138,1089.3710977137778,785.1915569444201,289.9286228558205,4693439.012405567,283002.4388671354,270.3512053658489,52.37948171470231,182888.08597469886,2.4859427433691845,0.03791029481304671,22686.107721275628,0.6283523966110235,26146.10517345036,21.285449919544032,289.9286228558205,0.42429592448917164,,,0.00015131643040337258,2.349022463184611e-05,3.8246614299380765e-05,14160.856018008211,112953.13989193019,11235588.273089001,297.5432955388823,3929517.780732968,0.12516751100396672,0.017371918691798903,0.13334908160381864,0.5370490176633733,0.8435510373574356,0.001645851538708382,0.0010304383506974334,0.002245851538708382,6.171943270156433e-05,two-phase,False,
0.4387429610391717,1.0223364266821724,3048.4069538942135,5197.4953032753865,1.2925426727072875,6717.984470679142,13127634.09733763,1094.3038810702722,786.8908400295559,290.0102310709165,4702287.073132175,282484.4359879973,272.31355954497707,52.67972871078943,184821.4551035405,2.4893221485834727,0.037957857184668604,22914.28243590686,0.6269126369052432,26420.097425114815,21.351784642732376,290.0102310709165,0.4209606467736866,,,0.00014885416963443903,2.3417246303586514e-05,3.7849973976606347e-05,14345.404441098797,114675.34836832777,11385662.610603657,297.58257679123716,3894467.1852142434,0.12543660780785068,0.01720342706029011,0.13366657941716106,0.5243023584317271,0.8515321702337081,0.0016246782558388068,0.0010262516101986136,0.0022246782558388066,6.0925434593955255e-05,two-phase,False,
0.4496139652435175,1.0234570264541132,3047.998670346445,5288.123185873104,1.291065960482086,6827.315840116848,13305206.252137844,1099.1791688437686,788.5601042715384,290.09397733475333,4711380.456977049,281964.4814680506,274.32290064327736,52.967490515761575,186758.119718316,2.4928217699700164,0.03800546445966779,23140.933600977667,0.625495465240034,26692.297697141606,21.41724023034634,290.09397733475333,0.4175909721109718,,,0.0001464704465734641,2.3345678277051967e-05,3.746399097396126e-05,14530.195638078998,116410.39127138774,11534971.54578065,297.62296769410835,3858682.1761876717,0.12570820864991966,0.01703900226082743,0.13398407723050348,0.5114331855508193,0.8593230456105209,0.0016040160261564093,0.001022093313087219,0.002204016026156409,6.015060098086535e-05,two-phase,False,
0.4607291059115866,1.0246311490000186,3047.5718441575336,5378.877942320087,1.2895837182076222,6936.513416642101,13481666.027023437,1103.9922361835638,790.1990020232411,290.1798980096047,4720722.850096143,281442.6275624849,276.3809345124709,53.241791287976696,188696.74062879983,2.49644600111367,0.03805305822092045,23365.71097511131,0.6241029050732735,26962.3018776814,21.481766589230197,290.1798980096047,0.41418548051014664,,,0.00014416464582924288,2.3275553149836062e-05,3.7088821441754225e-05,14715.016031288931,118156.73851485652,11683301.866416745,297.6644922331347,3822156.911543849,0.12598225245602937,0.016878682155539514,0.1343015750438459,0.498447788008788,0.8669197209829446,0.0015838696075565991,0.001017967929160448,0.002183869607556599,5.939511028337247e-05,two-phase,False,
0.47209058618171384,1.0258609249555246,3047.125833996746,5469.640199334936,1.2880960912497348,7045.422161305752,13656760.173623614,1108.7380609221855,791.8069064209872,290.2679739141929,4730314.764977901,280918.9289140107,278.48817088741936,53.50188071787296,190635.72445721418,2.5001970492846044,0.03810057770417396,23588.270375023058,0.6227368115932829,27229.710972514797,21.545310361042482,290.2679739141929,0.41074472404566953,,,0.0001419361362747164,2.3206906357871897e-05,3.672459105457942e-05,14899.64090015733,119912.65952978532,11830435.943570705,297.70714779722147,3784919.4523803163,0.12625867699337343,0.016722502680160043,0.13461907285718835,0.4853520465361405,0.8743188153775373,0.0015642435158568528,0.001013880025031218,0.0021642435158568526,5.8659131844631975e-05,two-phase,False,
0.4837005095347495,1.0271485390031938,3046.659991866627,5560.284906171983,1.286603236459029,7153.880555915161,13830227.155770017,1113.4117292387946,793.3834170755131,290.35821319218235,4740157.853011736,280393.4425740304,280.64588749401076,53.746857115162584,192573.53526116163,2.5040784094565143,0.03814795932441216,23808.24606300673,0.6213991545112262,27494.10377253728,21.60781816815272,290.35821319218235,0.4072679679694452,,,0.00013978427402917059,2.313977265585004e-05,3.637143470007771e-05,15083.83441509859,121676.35617239628,11976147.829948466,297.7509451603698,3746980.110995133,0.12653741904916457,0.0165704979584165,0.13493657067053078,0.47215147778213123,0.8815174314942102,0.0015451420391712333,0.001009834258272646,0.002145142039171233,5.7942826468921256e-05,two-phase,False,
0.4955608798123392,1.028496229768213,3046.1736640697704,5650.681459285362,1.2851074619665763,7261.732908523801,14001823.132271888,1118.0081271857866,794.9250106409393,290.4506053676092,4750252.301728505,279866.22705665353,282.8549764327138,53.975892305805296,194508.5211817062,2.5080929220012105,0.038195137004912644,24025.508331410812,0.6200881815563369,27755.26961508689,21.66907277918418,290.4506053676092,0.40375512883233705,,,0.00013770817690446902,2.3074360638093925e-05,3.602919423475647e-05,15267.349746093254,123445.88540303988,12120254.026877906,297.795886252918,3708359.231720208,0.12681841458380907,0.016422700406203382,0.1352540684838732,0.458851272539587,0.8885130892051065,0.0015265692510011823,0.0010058353706985845,0.002126569251001182,5.724634691254433e-05,two-phase,False,
0.5076736030688632,1.02990628985405,3045.666192166255,5740.6938692104295,1.2836045761006922,7368.780920511696,14171224.764557768,1122.522470372216,796.4375559611397,290.5451580162339,4760598.997853775,279337.34507594194,285.116788948752,54.188072573889926,196439.0584760832,2.5122443561339596,0.038242042030640855,24239.1854427182,0.6188133121006375,28012.329938393515,21.729347385100024,290.5451580162339,0.40020543583317275,,,0.00013570765785917257,2.3010355126581196e-05,3.569856567444633e-05,15449.92925158943,125219.22209160398,12262419.647847962,297.8419819601136,3669065.5628745486,0.12710159886233655,0.01627914082664177,0.13557156629721562,0.4454563289774819,0.8953036685806138,0.001508529022181054,0.0010018881807798991,0.002108529022181054,5.6569838331789526e-05,two-phase,False,
0.5200404916451514,1.0313810661001512,3045.1369138933,5830.1809715016125,1.2820968955043273,7474.85692379062,14338176.42190266,1126.9495066845022,797.9175120836038,290.64183280875346,4771195.974739206,278806.8607336614,287.4317541574232,54.38266484857394,198363.29959243536,2.5165346049186708,0.03828860351180843,24449.131620225755,0.617572751874127,28265.05785256462,21.788422793494973,290.64183280875346,0.39661951072838064,,,0.00013378182488245994,2.294796666738435e-05,3.537937212851894e-05,15631.304753180844,126994.14533421108,12402449.850330243,297.88922093547416,3629134.409760625,0.1273869065672359,0.01613984849698255,0.13588906411055804,0.4319312566795159,0.9019065303584702,0.0014910250317987017,0.000997997575200199,0.0020910250317987015,5.5913438692451314e-05,two-phase,False,
0.5326608141133851,1.03292265646347,3044.585272525873,5918.979644968787,1.2805847738019613,7579.755209790768,14502358.34588686,1131.2835966149983,799.3647526697191,290.7406277970806,4782043.898981823,278274.8412589352,289.80171870223387,54.55855635408698,200279.21168513672,2.52096729227598,0.038334739061857026,24654.87573631324,0.6163690509559339,28512.918748237335,21.84624134849924,290.7406277970806,0.3929954991818381,,,0.0001319303819611879,2.2887232271392454e-05,3.507182161285469e-05,15811.16340132709,128768.0804221181,12540064.59522597,297.9376096879685,3588581.5376704833,0.12767428369045908,0.016004876843439493,0.13620656192390046,0.41824116275205875,0.9083360225047808,0.0014740639935901523,0.000994169231082245,0.002074063993590152,5.527739975963071e-05,two-phase,False,
0.545533279612218,1.0345331243092561,3044.010739958817,6006.920937682252,1.2790686719396434,7683.264386207675,14663449.043319842,1135.5186842067872,800.7785501871303,290.84148627332695,4793138.087317602,277741.35639303457,292.22645533753644,54.71503335778656,202184.48725520793,2.5255437088996002,0.03838036381303469,24855.97973878371,0.6152043041794798,28755.409404401445,21.902735216176307,290.84148627332695,0.389335240946364,,,0.000130153011758272,2.2828199084045177e-05,3.4776065467770216e-05,15989.18025182103,130538.21406196484,12674985.32869635,297.98712798844525,3547447.4372785054,0.12796367383087318,0.015874277381223233,0.1365240597372429,0.40449728008988955,0.9145392011280224,0.0014576523811476974,0.000990408902412823,0.0020576523811476973,5.466196429303865e-05,two-phase,False,
0.5586631334086328,1.036215409397761,3043.4124937627726,6093.877187807542,1.2775482204551811,7785.221956955949,14821205.172376214,1139.6510783115732,802.1592190639542,290.9443879307767,4804477.409398807,277206.47647696163,294.70769629682974,54.851344611761604,204077.70125490404,2.5302668825239922,0.03842541457824307,25052.08339055625,0.6140802190629907,28992.126733731468,21.957870636372657,290.9443879307767,0.3856369789421705,,,0.00012844848939811137,2.277087830054717e-05,3.449212295407532e-05,16165.113409315787,132302.50777308564,12806996.580037495,298.03777345959827,3505756.135560419,0.12825498975941052,0.0157480327134855,0.13684155755058533,0.390743947463928,0.9204994120151881,0.001441788008318907,0.0009867204329387354,0.002041788008318907,5.406705031195901e-05,two-phase,False,
0.5720517133174762,1.0379720421785292,3042.7898780478913,6179.689503389905,1.2760235187068634,7885.429144631456,14975330.377751434,1143.6756886892929,803.5065435841491,291.0492851977591,4816057.099392733,276670.27471263905,297.2458681334309,54.96680960941951,205956.81361304436,2.5351387021249034,0.038469812064766164,25242.76576782777,0.6129987848220054,29222.59394843056,22.01159422193135,291.0492851977591,0.38190136538784064,,,0.00012681617977390846,2.2715301534217034e-05,3.4220097016873696e-05,16338.657040876917,134058.27521812532,12935838.539470833,298.08953033623675,3463540.6609573094,0.12854816417139778,0.015626166345050898,0.13715905536392775,0.3769180972551667,0.9262465913359923,0.0014264738288071546,0.00098310887771319,0.0020264738288071544,5.34927685802683e-05,two-phase,False,
0.5857003084760133,1.0398056095555852,3042.142237757501,6264.195604560381,1.2744946595014313,7983.683844084545,15125526.023018256,1147.5875035760605,804.8203975820477,291.1561305982713,4827873.56142765,276132.826429334,299.84195506777485,55.060665698385236,207819.75235995572,2.5401611388777314,0.03851347533883886,25427.598362313372,0.611962013663225,29446.32709577982,22.063852917208543,291.1561305982713,0.37812792905320897,,,0.000125255460953773,2.2661499869319225e-05,3.3960092773109135e-05,16509.497650336998,135802.727851587,13061248.673935572,298.14238283990625,3420837.564196951,0.12884312958568422,0.015508700610876273,0.13747655317727017,0.3629227053022567,0.9318192474810184,0.0014117126493058936,0.0009795793046956415,0.0020117126493058935,5.293922434897102e-05,two-phase,False,
0.5996020494468209,1.041717626398788,3041.469316353445,6347.182654364951,1.272962516352307,8079.725603448124,15271406.853014909,1151.3795283416287,806.1002807408399,291.2648316869128,4839919.45953977,275594.21093118726,302.49593244621525,55.13204260183534,209663.43465597695,2.545334088414675,0.03855629737561665,25606.0249288181,0.6109727430393511,29662.694907815647,22.11457386902048,291.2648316869128,0.3743176425906059,,,0.0001237665793468577,2.2609524513625482e-05,3.371237856532435e-05,16677.218634506644,137532.0215388668,13182889.342714122,298.19629278959366,3377704.821033515,0.12913984234580567,0.015395720961673272,0.1377940509906126,0.34878202295681604,0.9372038734779914,0.0013975152078682415,0.0009761387505531355,0.0019975152078682413,5.240682029505906e-05,two-phase,False,
0.6137585287169681,1.043710769640174,3040.7704677023507,6428.490439033674,1.2714270313152924,8173.356514739326,15412687.836535502,1155.0472879118677,807.3463602355432,291.3753504836197,4852188.937786652,275054.50803905097,305.20890762761655,55.18026607685493,211485.9035622918,2.5506600555697005,0.03859819849874027,25777.626130474353,0.6100329197190163,29871.22831560992,22.163713999180363,291.3753504836197,0.3704699722175411,,,0.00012234875576474144,2.255939595766714e-05,3.347702978378784e-05,16841.50873191812,139243.3234389352,13300507.783548424,298.25124880422567,3334163.976325458,0.1294382269261101,0.015287234118767468,0.13811154880395501,0.3346709681846228,0.9423350481937766,0.0013838823491208805,0.0009727919276039379,0.0019838823491208804,5.1895588092033015e-05,two-phase,False,
0.6281760499361673,1.045788468931544,3040.0448072162167,6507.981967684309,1.2698876877357936,8264.406172768868,15549129.897538984,1158.5871958063121,808.5587698973368,291.48759519874335,4864674.595722809,274513.798390549,307.9811511998895,55.205009582559676,213285.35277782462,2.5561389979344264,0.03863911146465675,25942.060303829458,0.6091439217233389,30071.546545990972,22.21123878319318,291.48759519874335,0.36658533811487887,,,0.0001210008292301738,2.25111262312096e-05,3.325402630924269e-05,17002.10240323766,140934.06476370967,13413891.595402848,298.3072125901513,3290271.377822313,0.1297381979588742,0.015183214536566634,0.13842904661729744,0.32054936460986116,0.9472318115689602,0.0013708108629100157,0.0009695425133496533,0.0019708108629100155,5.140540735912559e-05,two-phase,False,
0.642853483860244,1.0479531760693694,3039.2918189312227,6585.475583349466,1.2683447158795969,8352.653157695402,15680417.746175602,1161.993977139595,809.7373470894465,291.60147455900676,4877367.887101543,273972.16568769154,310.81293065351707,55.205691009643004,215059.23613928864,2.561770856539389,0.038678945671861066,26098.873559264444,0.6083078488460326,30263.138642758997,22.25709384652786,291.60147455900676,0.36266417399160916,,,0.00011972243802302358,2.2464747798958522e-05,3.304349928156801e-05,17158.64261145966,142600.8089536935,13522762.623691106,298.3641457623091,3246078.6142222025,0.1300396919427566,0.01508369447137983,0.13874654443063988,0.30618468957957734,0.9519721297743217,0.0013583048026829902,0.0009663959411521779,0.00195830480268299,5.0936430100612137e-05,two-phase,False,
0.6577744657148223,1.0502050488837311,3038.511804432492,6660.715646706293,1.2667997481583682,8437.792903802034,15806111.427319529,1165.2599235766156,810.8818750480631,291.71690677558536,4890259.769617365,273429.6983216437,313.70490980685514,55.181226233513,216803.84220567654,2.5675560006992053,0.03871757189004412,26247.404689209532,0.6075282226348603,30445.25804565433,22.301199937396852,291.71690677558536,0.35870629029547213,,,0.00011851440434730322,2.2420318252093274e-05,3.284583755212209e-05,17310.621598615864,144238.71899004455,13626733.022708353,298.42201432988395,3201628.16056399,0.130342672429858,0.014988796210159501,0.1390640422439823,0.29178240296593966,0.9564847250842127,0.001346379535471461,0.0009633605313519742,0.0019463795354714608,5.048923258017979e-05,two-phase,False,
0.6729562572067188,1.0525493132136359,3037.7033327315557,6733.620210710973,1.2652511605206658,8519.72078610747,15926081.147008067,1168.3837215797857,811.992652338545,291.83377484217004,4903338.864083344,272886.4810345192,316.65675797530145,55.1318759948312,218518.1169298433,2.573492964885148,0.03875495162045741,26387.486844681385,0.6068052303592283,30617.72438387165,22.34354690889815,291.83377484217004,0.35471292102407037,,,0.00011737473857484064,2.2377825778452335e-05,3.266082049281119e-05,17457.881113619595,145846.0066357183,13725685.537079832,298.48076623991386,3156980.151434213,0.13064703246003123,0.014898420968414728,0.13938154005732473,0.2774734632294671,0.960733301808283,0.0013350226476501895,0.0009604375155023523,0.0019350226476501893,5.0063349286882104e-05,two-phase,False,
0.6883953445572419,1.0549881644163708,3036.8660539949296,6803.999464848825,1.263699315614803,8598.209467172946,16040010.01300172,1171.3602095233825,813.0696800186101,291.95198037066825,4916594.763979075,272342.60300652066,319.6689313865255,55.057097963058105,220199.3045307056,2.579581107014292,0.038790989897935356,26518.65324660323,0.6061411083216479,30780.01385068685,22.384083156163996,291.95198037066825,0.3506840477490317,,,0.00011630328428469836,2.2337300862926474e-05,3.248861436031112e-05,17600.043671094034,147418.88622474903,13819339.577631298,298.5403582882695,3112183.285279534,0.13095271049030457,0.014812608528296802,0.13969903787066715,0.26292199453885934,0.9648170939549672,0.001324239138391746,0.000957632449808914,0.0019242391383917459,4.9658967689690475e-05,two-phase,False,
0.7040720793518657,1.057521157643296,3036.0005438285148,6871.600908757699,1.2621460349498204,8672.963840746112,16147483.65927113,1174.1821440550405,814.1126689269838,292.07139009250506,4930013.821032037,271798.15736135805,322.7408529856237,54.956178108533244,221843.45371297188,2.585817847249005,0.03882555923048229,26640.28981500627,0.6055390513590887,30931.43073919819,22.422733353790093,292.07139009250506,0.34662109725571527,,,0.0001153008381404681,2.229879792578836e-05,3.232957467863713e-05,17736.60379957788,148952.25987152758,13907330.963547012,298.60072914543815,3067300.4737624056,0.13125966307225595,0.014731473198219845,0.14001653568400957,0.24835995615195205,0.9686678131228478,0.0013140433721150918,0.0009549533138699617,0.0019140433721150918,4.9276626454315946e-05,two-phase,False,
0.7200086623264335,1.060154596230448,3035.1050971562986,6936.358506823,1.2605892189920611,8743.898752764946,16248404.194638537,1176.8488828445124,815.1220519863804,292.1918983454891,4943584.82021006,271253.23329849174,325.8731699153418,54.829403058016055,223449.70829362774,2.5922018577921278,0.03885862892207473,26752.27212407787,0.6049990835900795,31071.844072309334,22.45949540996464,292.1918983454891,0.34252359712287905,,,0.00011436545965079772,2.226229890178941e-05,3.2183477674283964e-05,17867.431379081627,150444.48402282668,13989569.772086974,298.66183081189496,3022381.1217902796,0.13156778703489977,0.014654907011248063,0.140334033497352,0.2338151847525288,0.9722810598685653,0.0013044217812949346,0.0009524006656067992,0.0019044217812949347,4.891581679856005e-05,two-phase,False,
0.7361869137607205,1.062888257258163,3034.1802655802594,6998.037755808129,1.259030496988232,8810.74295363752,16342398.094929783,1179.353926765913,816.0975196980044,292.31335599867293,4957291.745626799,270707.9259451454,329.0647207657505,54.67634046895159,225014.24881496257,2.598729302673735,0.03889008065633988,26854.055096937445,0.6045239919473668,31200.63420686165,22.49430123867665,292.31335599867293,0.3383937602227228,,,0.00011349780662789049,2.222785205438172e-05,3.20506305535315e-05,17992.054708908658,151890.62241249325,14065728.79088515,298.7235926052136,2977489.9612326724,0.13187703323936417,0.01458300736293697,0.1406515313106944,0.2191102398913606,0.9757001090369676,0.001295386605017742,0.0009499817309646253,0.0018953866050177418,4.857699768816533e-05,two-phase,False,
0.7526061256486037,1.0657247391172016,3033.225663994597,7056.485621522646,1.2574698305057377,8873.317778462257,16429231.036825875,1181.6937514664903,817.0392096443666,292.4356327697364,4971120.822818318,270162.32981385314,332.3154665072548,54.496908227633064,226534.60169648982,2.6053970726610456,0.03891983825006603,26945.30037037462,0.6041152972968704,31317.420927063435,22.527116973137765,292.4356327697364,0.33423197586721454,,,0.00011269741769276516,2.2195472265546453e-05,3.1931109599636105e-05,18110.165480868935,153287.22937344777,14135600.954259824,298.78595264664176,2932683.68543658,0.13218732829297933,0.014515778366674689,0.14096902912403686,0.20447594710047862,0.9788715886454986,0.0012869383601871098,0.0009477005185877794,0.0018869383601871099,4.826018850701662e-05,two-phase,False,
0.769280614921323,1.068669352267113,3032.240032340592,7111.60131304993,1.25590588564978,8931.50194545411,16508753.677269116,1183.8662898177433,817.9470789974996,292.5585906101605,4985056.544457087,269616.53901470744,335.62490634582247,54.29144132482152,228009.027966657,2.6122013544106473,0.03894785250472861,27025.820865828275,0.6037735210631253,31421.993519390075,22.557921515330005,292.5585906101605,0.3300393232760437,,,0.00011196325165768704,2.2165162675125363e-05,3.1824842665788024e-05,18221.559910022937,154631.76153660554,14199055.172124526,298.84884434871077,2888018.085686022,0.13249858887952912,0.014453170947545413,0.14128652693737928,0.18968238128550258,0.9818455042570909,0.00127907087986724,0.0009455590432239572,0.0018790708798672399,4.7965157995021504e-05,two-phase,False,
0.7861698242183061,1.0717176604281546,3031.225397142226,7163.113326918197,1.25434207498824,8984.994433862486,16580557.806414558,1185.8644535754668,818.821023254344,292.6820574288079,4999081.09752623,269070.65339836146,338.991718419174,54.05939795304517,229432.83204797868,2.619136090200282,0.038973985496178025,27095.00099245939,0.603502133940472,31513.64731254775,22.5866429374698,292.6820574288079,0.3258178123175308,,,0.00011129667440095655,2.213697721189597e-05,3.1732283796989476e-05,18325.68820880876,155918.3187668562,14255735.801214458,298.91218284010824,2843564.1439667847,0.13281077139925254,0.014395335616281476,0.1416040247507217,0.17487806665304093,0.9845900983676886,0.0012718030777945713,0.0009435659870360988,0.0018718030777945714,4.7692615417296425e-05,two-phase,False,
0.8033161876447907,1.0748800990710692,3030.1788555425533,7211.017782569782,1.2527745921063314,9033.779861230361,16644646.925304702,1187.6890914585995,819.6611184029923,292.8059152359392,5013179.949633637,268524.7670861902,342.41619408501083,53.801604698900384,230805.77444989185,2.6261978725679795,0.03899823784345914,27152.898153711045,0.6033001862834287,31592.45049730881,22.61329048864146,292.8059152359392,0.32156731604385286,,,0.00011069563520045798,2.2110890949335633e-05,3.165313181657702e-05,18422.540716663705,157146.11480144627,14305645.673347734,298.9759101099561,2799363.838435697,0.13312377586408858,0.01434212830011512,0.14192152256406412,0.16007050711533874,0.9871055833860115,0.001265116849251153,0.0009417197194207044,0.001865116849251153,4.744188184691824e-05,two-phase,False,
0.8206731503459606,1.0781508711151688,3029.1029218334083,7255.058252161014,1.2512072389348172,9077.581403997643,16700652.703484824,1189.3339393013339,820.4674678658325,292.92999450067623,5027334.691705304,267978.9811942181,345.8968982261917,53.5176714543938,232123.26236948487,2.6333799905951043,0.039020479037012494,27198.950380312468,0.6031709882461855,31657.756172185316,22.6378025610347,292.92999450067623,0.31728995835706,,,0.00011016150178059694,2.208694941357182e-05,3.1587835681121506e-05,18511.596556363216,158309.41348464286,14348465.561814295,299.0399408089654,2755481.688553447,0.1334375545442867,0.0142936955307976,0.14223902037740654,0.14517372678703755,0.989406180014438,0.0012590306079599159,0.0009400284418053794,0.001859030607959916,4.721364779849685e-05,two-phase,False,
0.8382721736672872,1.0815386418551944,3027.995361913398,7295.199903540029,1.2496372324254712,9116.353417450326,16748535.984731503,1190.7984896780788,821.2395492886374,293.05412714794113,5041527.247925434,267433.39242100954,349.4326587901521,53.20848496208032,233384.14853798223,2.6406753178978346,0.03904069339857974,27233.17640945606,0.6031139037651451,31709.576377270943,22.660168858426058,293.05412714794113,0.3129873534547595,,,0.00010969298295147506,2.2065148901751355e-05,3.153621442627623e-05,18592.78237049555,159406.61700697927,14384166.778060598,299.10418931520394,2711980.3280084925,0.13375202053368127,0.014249947129367297,0.14255651819074897,0.13030647621340033,0.991473762767753,0.0012535330216983265,0.0009384919101326438,0.0018535330216983264,4.700748831368724e-05,two-phase,False,
0.856085480975391,1.0850408586192148,3026.857656860867,7331.269637321177,1.2480666740268935,9149.913312645791,16788065.023180597,1192.0790693983638,821.9776109917044,293.17817270936234,5055740.006394958,266888.1012339537,353.02255963831806,52.874085076124054,234585.13660054846,2.648077862607333,0.03905879310165495,27255.23114911253,0.6031310069727596,31747.50918365564,22.68035513215167,293.17817270936234,0.30866095135175653,,,0.00010929065290902081,2.2045510182122324e-05,3.1498534080740525e-05,18665.744852107506,160433.53340181202,14412550.921906097,299.1685833313298,2668903.872513332,0.13406711153699455,0.014210954709632293,0.14287401600409141,0.1153540104942459,0.9933244446115747,0.001248633089722919,0.0009371152935549744,0.0018486330897229191,4.682374086460946e-05,two-phase,False,
0.874119415792926,1.0886614657772367,3025.6891876861146,7363.185592539987,1.2464948515467398,9178.172932084224,16819140.973120354,1193.1740348798814,822.6813053888252,293.30196583587764,5069954.612964163,266343.2066218519,356.66527350942005,52.51510706790672,235724.16268649435,2.6555796620970504,0.039074737573926634,27265.022069359322,0.6032226533093564,31771.434426065538,22.698341471133205,293.30196583587764,0.30431250740114735,,,0.00010895414669125384,2.2028041151635637e-05,3.147481434390611e-05,18730.315025751428,161387.5934876668,14433539.375973975,299.23303672286494,2626309.231599409,0.13438275285385876,0.014176700665862348,0.14319151381743384,0.10042075025042878,0.9949450602516406,0.0012443285996323835,0.0009359003826112846,0.0018443285996323834,4.666232248621438e-05,two-phase,False,
0.8923720739682551,1.0924028390845595,3024.4898812348674,7390.855190119667,1.2449217220265052,9201.036170532308,16841653.59838056,1194.081513499235,823.3503640175804,293.4253426114876,5084152.617720938,265798.8082407549,360.3593829239827,52.132130065843576,236798.90325622872,2.6631722732116994,0.03908848044167666,27262.431641076648,0.6033894934151276,31781.200958756846,22.714106464924882,293.4253426114876,0.29994385656316425,,,0.00010868341146214046,2.201275232957545e-05,3.1465141965456925e-05,18786.302221040198,162265.9908528732,14447044.670979684,299.2974630852401,2584250.389128332,0.13469887291299407,0.014147190433702253,0.14350901163077626,0.08542523476938785,0.9963445835977606,0.0012406202344899878,0.0009348495104651473,0.0018406202344899878,4.652325879337454e-05,two-phase,False,
0.9108189625433525,1.096262580746043,3023.261210187672,7414.169665102398,1.2433489897606318,9218.400363018987,16855488.945034135,1194.7998414829142,823.9850064511081,293.54814053650904,5098315.15857884,265255.00606206805,364.1033751379537,51.7256483074567,237806.68604781592,2.670846750818525,0.039099966702426374,27247.30739743344,0.6036326318763081,31776.61664969547,22.72763567238133,293.54814053650904,0.2955569164833394,,,0.00010847869051247241,2.1999648674745392e-05,3.146968133907936e-05,18833.48312994377,163065.57700734472,14452976.340506269,299.3617757464836,2542777.6652724305,0.13501540269729165,0.01412245812538813,0.14382650944411868,0.07044271374819344,0.9975158264808585,0.001237512280965749,0.0009339657617343863,0.001837512280965749,4.640671053621559e-05,two-phase,False,
0.9294931631288564,1.1002503211655532,3022.000847367267,7433.103854023992,1.2417738603354407,9230.234067085616,16860619.074244253,1195.3278776786574,824.584019413943,293.67021579243686,5112424.228197741,264711.89905429434,367.8958720269991,51.296590492186056,238746.16683825757,2.678594732778278,0.03910918440848424,27219.71937420265,0.6039514829711072,31757.733476194113,22.738905444261775,293.67021579243686,0.2911535233632534,,,0.00010833961443794061,2.198874529055999e-05,3.148839323655163e-05,18871.80389113466,163784.8366363191,14451324.746467933,299.4258968636772,2501930.2360959,0.13533226684081126,0.014102461331704466,0.1441440072574611,0.05541643719125464,0.9984633285649643,0.0012349994097604713,0.0009332492017537913,0.0018349994097604711,4.631247786601768e-05,two-phase,False,
0.9483190403101496,1.1043523692928872,3020.71385379577,7447.537973097273,1.240201897565903,9236.450726429357,16856968.672666155,1195.6655563549248,825.1490377725208,293.7914085339919,5126461.469982022,264169.58657302306,371.7351629175528,50.84539054344643,239614.31317424864,2.6864062533756234,0.039116072386354145,27179.495442770334,0.604347827142918,31724.337329687576,22.747931370456723,293.7914085339919,0.28673576269242446,,,0.00010826669568415289,2.1980020594284097e-05,3.152154100518285e-05,18901.019537274657,164420.36504876218,14442032.262369847,299.48973926235556,2461755.03666064,0.1356493977874041,0.014087270304177633,0.14446150507080352,0.04040095808144307,0.9991835479961134,0.00123309044894132,0.000932703636588747,0.00183309044894132,4.62408918352995e-05,two-phase,False,
0.9673952451460047,1.1085928597303336,3019.3934366917097,7457.504471846814,1.2386253402580523,9237.054013917206,16844533.74214369,1195.810537126057,825.6767795167311,293.911586077443,5140409.655066206,263628.16729670885,375.6197871829501,50.37326138103064,240410.56399175967,2.694272490164281,0.039120648082932086,27126.857546272266,0.6048198416494734,31676.638392217068,22.75465746618417,293.911586077443,0.28230555402137614,,,0.00010825962460469847,2.1973523475053535e-05,3.1569006395757556e-05,18921.19371965385,164971.76108542425,14425118.650493484,299.55322917348286,2422283.528719333,0.13596671988058867,0.014076807876224642,0.14477900288414594,0.02535596720161879,0.9996784857779377,0.0012317757014694867,0.0009323272814548022,0.0018317757014694868,4.619158880510575e-05,two-phase,False,
0.9864201842535898,1.1129060655608873,3018.0606998768817,7462.883706514561,1.2370664399319065,9232.0829784438,16823508.869506802,1195.7732584849016,826.1766011089499,294.03059106697793,5154252.032283834,263087.7329265209,379.54824053520707,49.880570611760426,241131.7039820974,2.702182408603415,0.03912284995491215,27061.638789945373,0.6053712066559995,31614.460227146843,22.759281684187453,294.03059106697793,0.2778645572556566,,,0.0001083179172387123,2.1969058906959564e-05,3.163109516389325e-05,18932.082812585828,165435.59929545285,14400743.107266484,299.61627895019683,2383562.2247781884,0.13628416441293262,0.014071170005965195,0.1450965006974884,0.009234574872336187,0.999957360404396,0.0012310672257979278,0.0009321242685003403,0.001831067225797928,4.616502096742229e-05,two-phase,False,
1.0122745882921784,1.1189022416923007,3016.22501332885,7463.099186539861,1.2350203761343148,9217.079564488158,16784560.8599319,1195.1969162513371,826.3984428270799,294.14823314047277,5167963.942747619,262548.6620315324,383.5158643460478,49.36567368339685,241766.89145461743,2.7101220512512776,0.03912237936417791,26982.57423965002,0.605956188167337,31535.09487542481,22.755735272015794,294.14823314047277,0.27341849303665733,,,0.00010849423540324314,2.1972482718010982e-05,3.17107021225199e-05,18932.519011712888,165799.4357203565,14361480.796938164,299.6787824635974,2345636.795683408,0.13660165208029026,0.014070944297267006,0.1454139985108308,-0.02366497544107104,0.9997199452533562,0.0012310388624064048,0.0009321161379775046,0.0018310388624064046,4.616395734024018e-05,two-phase,False,
1.0512732210046931,1.1282403152264044,3013.4050833225797,7448.5648149250455,1.2320530283253996,9177.026836906422,16702431.019751163,1193.3786938844992,826.0321382293416,294.26400698543387,5181485.70573918,262011.94257552765,387.5126444383583,48.78059668956644,242158.1610636561,2.7180548835697658,0.03911426345666261,26865.482052395077,0.6066715666494209,31409.236542026258,22.733888153602802,294.26400698543387,0.2689771437168665,,,0.00010896775369321033,2.199359813076064e-05,3.183776844311315e-05,18903.098020454916,165873.99861980524,14286207.185968874,299.7404644579147,2308655.8219710933,0.13691873714718672,0.014086191360938652,0.14573149632417323,-0.07755712328475109,0.9969879099707247,0.0012329548649351908,0.0009326648478523144,0.0018329548649351909,4.623580743506966e-05,two-phase,False,
1.0910068260679238,1.138117372835779,3010.4727474226606,7416.338089304519,1.2290863432396706,9115.319862412376,16586940.395789625,1190.7954737608804,825.4860928745368,294.3773344611399,5194748.949649075,261478.00260213178,391.526858398553,48.11386803653775,242251.9562310326,2.7259371104650905,0.03909697302798918,26703.426807078715,0.6076577560545884,31230.779257605314,22.70259301245565,294.3773344611399,0.26455144184757007,,,0.00010970542066478283,2.2023915934434352e-05,3.201969415337212e-05,18837.87159774818,165598.36375442482,14182423.856890595,299.80100782822404,2272785.8638461367,0.13723436546095516,0.014120163981053924,0.14604899413751565,-0.13629526268702064,0.9906682599988131,0.0012372239902862844,0.0009338836459809799,0.0018372239902862844,4.639589963573567e-05,two-phase,False,
1.1312449667303761,1.1484932433419877,3007.4466434674114,7366.938591822841,1.226134876627577,9032.860341407635,16439549.84229432,1187.474982117396,824.7661423837264,294.4877440500466,5207696.302535186,260947.18437651033,395.54993065536934,47.37179057317256,242049.7578120143,2.7337300499349553,0.0390707712692993,26498.27574146271,0.6089088363658487,31001.73398341916,22.66218525907111,294.4877440500466,0.2601485610298475,,,0.00011070690370534003,2.2063185623277988e-05,3.225626026385608e-05,18737.908476239085,164979.65719671923,14051463.218787044,299.86014947928516,2238151.620073231,0.13754744117683113,0.01417268790507228,0.14636649195085807,-0.1945161411717283,0.9808993173734296,0.0012438243412396357,0.0009357577160982272,0.0018438243412396357,4.664341279648634e-05,two-phase,False,
1.1719380675167679,1.1593685775008409,3004.333010352514,7301.044284933761,1.223199960331682,8930.637079710832,16261741.96551213,1183.4391793338343,823.8709071940954,294.5948185787022,5220275.922133227,260419.81643740088,399.57317015505765,46.56119350238684,241555.0303880217,2.741396932428955,0.0390360001516817,26252.278413478598,0.6104158708000614,30724.497696567927,22.612871081117433,294.5948185787022,0.2557760210282176,,,0.00011197409446542858,2.2111301046487552e-05,3.2547318100230644e-05,18604.603693951783,164028.71607948147,13894703.235928273,299.9176531260763,2204855.3260794412,0.13785686899137958,0.01424360884686153,0.1466839897642005,-0.25211045057497916,0.9676984657995904,0.0012527365296280666,0.0009382685973132337,0.0018527365296280665,4.6977619861052495e-05,two-phase,False,
1.2130020665632708,1.170732600302228,3001.1412692490762,7219.573302363903,1.2202852675242852,8809.938938686322,16055432.85076996,1178.7185529840262,822.8004878632393,294.6981775022415,5232442.404753258,259896.20746701377,403.58750313169577,45.68981894385332,240774.6736047853,2.748901929885253,0.03899312316135127,25968.258015513697,0.6121672038407755,30402.125754372973,22.554956356768912,294.6981775022415,0.2514418483868455,,,0.00011350816469439835,2.216807658995741e-05,3.289243680127079e-05,18439.839946089014,162761.6106654933,13713897.05404328,299.97330028178203,2172989.9727826025,0.13816156701558985,0.014332683551847716,0.14700148757754294,-0.3004682210025941,0.9537918264314997,0.001263929987180278,0.0009413907101233828,0.001863929987180278,4.739737451926043e-05,two-phase,False,
1.2524634628320408,1.1820218416060406,2998.0312982442815,7128.301933807301,1.2175186278889314,8678.840389627081,15833612.920536334,1173.6386133113253,821.6684137848458,294.7977051099211,5244177.644967534,259376.38593146508,407.5894084446828,44.788497598207016,239797.81095201572,2.7562273180286736,0.03894512822626343,25661.122734076085,0.6140909279190967,30052.179139655975,22.49283169688509,294.7977051099211,0.24714892394516574,,,0.0001152227665340172,2.222930428405074e-05,3.3275457175763645e-05,18255.317241179295,161290.66400551022,13520093.920296889,300.02701397674264,2142556.5259513385,0.1384623454825354,0.014434349047306666,0.14731898539088537,-0.3204165624885236,0.9472767422897271,0.001276705650126574,0.0009449119930515117,0.001876705650126574,4.7876461879746533e-05,two-phase,False,
1.2870700472693968,1.1922196314794888,2995.2726324742666,7038.698375691062,1.2151040513430207,8552.750912483749,15621065.090547606,1168.8351212699101,820.6956002565325,294.8936157174417,5255506.551855599,258859.91517364737,411.5828715817143,43.91392498399353,238814.46437109535,2.7633797321586786,0.038897974111225024,25359.79265229109,0.6160340460403654,29709.02649643053,22.435064317141023,294.8936157174417,0.24289338223453164,,,0.00011692144553635744,2.2286541858406258e-05,3.365980370040559e-05,18074.219347336046,159840.80067487594,13334229.30407451,300.07889587015785,2113465.4278189363,0.13876308162303075,0.014536145997613005,0.1476364832042278,-0.3199697806562151,0.9474277489427959,0.0012894978321761836,0.0009483936279551701,0.0018894978321761834,4.835616870660688e-05,two-phase,False,
1.3181757306250494,1.2016229645812377,2992.7703742246786,6951.1890714159,1.2129408440766376,8431.3811396195,15416853.662552444,1164.261686590117,819.8397701611805,294.98610466009853,5266450.192549957,258346.6213243806,415.5699032321454,43.06711106395312,237833.5186007467,2.770365244277298,0.03885188276716951,25065.248091422924,0.6179791972347835,29373.622927514192,22.380767493542105,294.98610466009853,0.23867388741365306,,,0.00011860453031840156,2.2340610086060423e-05,3.404414914931391e-05,17897.395177335056,158420.87872859347,13155587.337477319,300.12903884471785,2085631.744410873,0.13906395776856137,0.014637528394137725,0.1479539810175702,-0.31866354779959877,0.9478678933816531,0.0013022379198611993,0.0009518179451259295,0.0019022379198611991,4.8833921994794976e-05,two-phase,False,
1.3466717890587538,1.2104344784692083,2990.4608856289433,6865.708426995894,1.2109637680554,8314.124147124661,15219728.422815915,1159.8737842708917,819.0703760719939,295.07536542493796,5277028.345728884,257836.37592185327,419.5526436994097,42.24666520993515,236855.6593646454,2.7771905746799677,0.038806820293164464,24777.234815590487,0.6199203157569264,29045.55981176579,22.32919046093204,295.07536542493796,0.23448900732807199,,,0.0001202772513741977,2.2392213496267054e-05,3.442867021605552e-05,17724.700076312172,157030.13675134894,12983147.420999942,300.1775361285744,2058971.065207594,0.13936497339860607,0.014738495892503903,0.14827147883091263,-0.31735623479711794,0.9483063957579304,0.00131492586990594,0.0009551862532231022,0.00191492586990594,4.9309720121472746e-05,two-phase,False,
1.3731195812821346,1.2187812473675244,2988.3040048642065,6782.193449272673,1.2091317510835735,8200.56544150661,15028855.447504167,1155.643128647473,818.3687207853947,295.1615729301701,5287260.473048669,257329.07319626142,423.53360079675247,41.4512469452431,235881.47986055404,2.783861765794272,0.038762754254226435,24495.495371131845,0.6218540320788652,28724.48419160888,22.27986336521852,295.1615729301701,0.2303367935127899,,,0.00012194281078943257,2.2441789332539564e-05,3.4813505904211305e-05,17555.995876234196,155667.81738469805,12816218.268430745,300.2244720969044,2033410.8320808867,0.1396661279909866,0.014839048151202188,0.14858897664425505,-0.31604785069698926,0.9487432508691768,0.001327561639395076,0.000958499820815152,0.001927561639395076,4.9783561477315347e-05,two-phase,False,
1.3979001963220667,1.2267491694745782,2986.27240422269,6700.583621999357,1.2074169623080364,8090.398322565444,14843634.132372323,1151.550114842821,817.7222034651116,295.2448921648504,5297163.784300778,256824.62294417908,427.5147799620649,40.67964746881771,234911.52728636883,2.790384762530167,0.038719653565863224,24219.800912057046,0.6237781692980917,28410.102814669153,22.232464132661306,295.2448921648504,0.22621592603455234,,,0.00012360330853066116,2.2489634842835938e-05,3.5198746253169635e-05,17391.150536565976,154333.1908920124,12654296.460759182,300.26992681913003,2008880.9570181705,0.13996742102187906,0.014939184831601497,0.14890647445759747,-0.31473840458087887,0.9491784535491116,0.0013401451857749692,0.0009617598778991613,0.0019401451857749693,5.025544446656134e-05,two-phase,False,
1.4212866554715837,1.2343995265585037,2984.3464543258656,6620.820788803999,1.2057995131459138,7983.382483766207,14663606.647987567,1147.5803119287991,817.1217881735827,295.3254447640957,5306753.430015483,256322.94622674212,431.49706985416213,39.930833862644086,233946.12164725977,2.7967626928448044,0.03867748860861951,23949.946243637336,0.6256912167201284,28102.16444249802,22.18675808593983,295.3254447640957,0.22212613429193606,,,0.00012526018915333796,2.2535964833765396e-05,3.5584447669366404e-05,17230.037808564277,153025.44646734587,12496994.374783738,300.31395765863226,1985332.4026550648,0.14026885196582525,0.01503890559795948,0.14922397227093992,-0.3134279055634429,0.9496119986679368,0.0013526764668549927,0.0009649676173516697,0.0019526764668549926,5.072536750706224e-05,two-phase,False,
1.4434826730320542,1.241777856828465,2982.5114663156014,6542.849042597264,1.204262269098017,7879.306234403969,14488378.695720783,1143.7228389033103,816.564098556741,295.4033848284362,5316044.139074009,255823.97362915982,435.48198674046273,39.203772925699504,232985.76612844167,2.8030017688502564,0.03863623075938374,23685.48433898698,0.6275959605299763,27800.212706121143,22.142735175549355,295.4033848284362,0.21806668053205247,,,0.0001269147270394987,2.2580769540707616e-05,3.5970947797094256e-05,17072.536921405583,151743.92803769116,12343943.92310704,300.356640558938,1962698.8177718432,0.14057042029574443,0.015138210117432986,0.14954147008428234,-0.3121163627921509,0.9500438811325499,0.001365155440808842,0.0009681241963144813,0.001965155440808842,5.1193329030331575e-05,two-phase,False,
1.4646451653869688,1.2489190976890439,2980.7560898931683,6466.614621020149,1.2027983200687387,7778.033202694978,14317701.791068703,1139.9691688360788,816.0383747009873,295.47884015686606,5325051.364205562,255327.6405916659,439.47233676144424,38.49737713455321,232030.82831693123,2.8091066374024614,0.03859585264698593,23426.688861999908,0.6294847024154763,27504.446352341616,22.099939323918797,295.47884015686606,0.21403519265127186,,,0.00012856720637982288,2.2624496505239238e-05,3.635775783993791e-05,16918.532288508693,150487.94602296536,12194986.24991262,300.39803789425196,1940931.176306516,0.14087212548294514,0.015237098060088524,0.14985896789762476,-0.3108037854469511,0.9504740958868082,0.0013775820661758517,0.0009712307375188156,0.0019775820661758516,5.165932748159444e-05,two-phase,False,
1.4848981376576955,1.2558507523521185,2979.0713247111403,6392.065807556172,1.2013964513049922,7679.405177705965,14151294.26771181,1136.3121603953482,815.5436193519588,295.55192084056335,5333786.372739675,254833.88881788615,443.4680260249924,37.810873047266696,231081.58694258134,2.8150809632983647,0.03855632805362062,23173.152671496966,0.6313605139539934,27214.461900494534,22.0584197902961,295.55192084056335,0.2100325638196814,,,0.00013021841885659243,2.26670815386313e-05,3.6745168934676904e-05,16767.91323255295,149256.8018723125,12049847.017515589,300.43820302515553,1919982.3226641358,0.1411739669971368,0.01533556909891238,0.15017646571096718,-0.30949018273987683,0.9509026379118094,0.0013899563018622669,0.0009742883305509627,0.0019899563018622667,5.212336131983501e-05,two-phase,False,
1.504341673380142,1.262594935772513,2977.4498801753134,6319.152837958031,1.2000493628648465,7583.295337037122,13988932.965537934,1132.7461802923065,815.077144759181,295.62275282550274,5342262.516820868,254342.6644984482,447.4715003506742,37.14331240043699,230138.4124299537,2.8209301322543046,0.038517631677382896,22924.683362532323,0.6332233963111128,26930.050419756546,22.018093362579563,295.62275282550274,0.20605692489803712,,,0.00013186879259679618,2.2708596596731923e-05,3.713323905499915e-05,16620.573727817344,148049.89085949594,11908327.45635634,300.4771986732213,1899802.086509133,0.14147594430644175,0.015433622909820907,0.1504939635243096,-0.3081755639149524,0.9513295022260695,0.0014022781071425356,0.0009772980330624642,0.0020022781071425354,5.2585429017845086e-05,two-phase,False,
1.5230579872009407,1.2691697494458571,2975.885744247109,6247.827811663573,1.1987510846602982,7489.590366002485,13830422.617765477,1129.2663776465074,814.6366712663818,295.6914194741166,5350491.465070326,253853.91754843015,451.48402551062424,36.49389840525796,229201.45224944715,2.8266564103576903,0.03847973940832425,22681.1077502044,0.6350733398202714,26651.024496321672,21.978888733818405,295.6914194741166,0.20210750345228168,,,0.00013351865070475714,2.2749102834788077e-05,3.752200971253537e-05,16476.412158581614,146866.51643824397,11770253.172357319,300.51506471005763,1880360.4940541424,0.14177805687740705,0.015531259171670536,0.15081146133765203,-0.3068599382477035,0.9517546838858296,0.0014145474416605661,0.0009802608719276032,0.002014547441660566,5.304552906227123e-05,two-phase,False,
1.5411156355519313,1.2755902359060574,2974.373883353744,6178.044607897813,1.197496676878108,7398.187887562344,13675590.555745859,1125.8684434287952,814.2201300213039,295.7580368359523,5358483.159825091,253367.60100000608,455.50638007049906,35.86191501841199,228271.0354031261,2.8322651321192733,0.03844262786226632,22442.277820534822,0.636910220346451,26377.22359165185,21.940742124062993,295.7580368359523,0.1981843087410829,,,0.00013516823514055058,2.278865487652019e-05,3.791149574652318e-05,16335.33109243271,145706.12392137636,11635470.334681675,300.5518595460043,1861607.4789457603,0.14208030417501658,0.01562847756626776,0.15112895915099447,-0.3055433150449398,0.9521781779852699,0.0014267642654309837,0.0009831778443508865,0.0020267642654309835,5.350365995366189e-05,two-phase,False,
1.558572528025415,1.2818690599842562,2972.9100276777663,6109.758806178517,1.1962819396995812,7308.994115751834,13524279.562080875,1122.548767578474,813.826048720125,295.82268692043397,5366248.115927781,252883.67062397662,459.53994690610733,35.246635633015956,227347.31385779442,2.8377591267388484,0.038406274711649105,22208.034972455596,0.638734174285919,26108.478360243997,21.903602708756594,295.82268692043397,0.19428647719112643,,,0.000136817732257421,2.2827294972808772e-05,3.830173425666675e-05,16197.237067415062,144568.0894515871,11503836.774697106,300.5876233064996,1843513.0527002714,0.14238268566270307,0.015725277778379034,0.1514464569643369,-0.30422570364438545,0.95259997965677,0.001438928538840372,0.0009860499189270058,0.002038928538840372,5.395982020651395e-05,two-phase,False,
1.5754781327161933,1.288017006705089,2971.4905138416757,6042.927610962019,1.1951032816646827,7221.92261872283,13376346.224785095,1119.3042012790174,813.4532662939833,295.88545948256547,5373796.303103141,252402.0845919054,463.58634324447434,34.64735453515659,226430.48666782278,2.843142177503535,0.038370658409521884,21978.225695845053,0.6405454067502641,25844.625667876844,21.867427388181174,295.88545948256547,0.1904129917208024,,,0.00013846728257756467,2.286505820388539e-05,3.869276393671794e-05,16062.040392048097,143451.84884211433,11375222.071004873,300.62240083163533,1826042.7144278807,0.14268520080236044,0.015821659495740513,0.15176395477767932,-0.30290711341445004,0.9530200840711205,0.0014510402226484997,0.0009888780366556437,0.0020510402226484995,5.441400834931874e-05,two-phase,False,
1.5918751248308405,1.294043352725929,2970.1121672450545,5977.509780183373,1.1939576241455288,7136.893375454401,13231659.71018999,1116.1318688007696,813.100706941343,295.9464437036195,5381136.654199933,251922.80316608067,467.6466616143748,34.0634420490066,225520.75493034645,2.848418322984767,0.038335758196621814,21752.711407351104,0.6423440573537007,25585.51799873244,21.832176646453345,295.9464437036195,0.18656342125606798,,,0.00014011698751718155,2.2901976660271547e-05,3.908461028811463e-05,15929.654957312656,142356.869598976,11249507.441291485,300.65623706913254,1809160.8883053572,0.1429878490543558,0.01591762240906779,0.15208145259102174,-0.30158755375387986,0.9534384864377726,0.0014630992779895414,0.0009916631119133569,0.002063099277989541,5.48662229246078e-05,two-phase,False,
1.6078006415062112,1.2999561484674618,2968.772212455879,5913.465557461639,1.1928423077814179,7053.83190254847,13090099.862019533,1113.0291152479306,812.7673551802625,296.0056950441304,5388277.301151511,251445.78844366097,471.7214127476304,33.49434143289976,224618.14533448088,2.853588943607168,0.03830155425880247,21531.364981131766,0.6441302202932129,25331.01983334284,21.79781377933291,296.0056950441304,0.18273774504058696,,,0.00014176691673623685,2.2938080169950962e-05,3.947728937007562e-05,15799.998059778965,141282.5462850964,11126583.912646629,300.68915862207393,1792848.4889858162,0.1432906298775419,0.016013166212065385,0.15239895040436416,-0.3002670340914003,0.953855182005085,0.0014751056663732725,0.0009944060333846297,0.0020751056663732724,5.5316462488997725e-05,two-phase,False,
1.6232872522130315,1.3057624358412152,2967.4682038693163,5850.75660775578,1.1917549545859456,6972.668175369411,12951553.043984262,1109.9937452775605,812.4526754001655,296.06331001237356,5395226.830226874,250971.00424038462,475.812566378635,32.93942056721787,223722.9080621572,2.8586592391734347,0.038268027256733464,21314.04610210831,0.6459042404314356,25080.98328914667,21.764311476935077,296.06331001237356,0.17893471091896043,,,0.00014341712165974685,2.297338928134159e-05,3.9870845112868103e-05,15672.990235113128,140228.43127402238,11006346.74051385,300.721215231337,1777066.6696067296,0.14359354272926964,0.01610829060143636,0.15271644821770658,-0.2989455638854537,0.9542701660605387,0.001487059349686275,0.0009971076649540969,0.0020870593496862748,5.576472561323531e-05,two-phase,False,
1.6383637199078154,1.3114684186681989,2966.197971282064,5789.345956271259,1.1906935067012476,6893.336638179313,12815914.935153406,1107.023581891097,812.1559494736196,296.11934320109737,5401992.734552863,250498.41586301316,479.92074095879786,32.39817281119329,222835.07527281585,2.863630982818678,0.03823515877809152,21100.636436182573,0.6476662718772794,24835.282573704157,21.73164078756612,296.11934320109737,0.17515422857110055,,,0.00014506762870993673,2.3007926777718403e-05,4.026529583596564e-05,15548.555101259062,139193.97557259887,10888700.816717984,300.7524336628667,1761796.5566088958,0.1438965870654003,0.016202995276891535,0.153033946031049,-0.29762315262384653,0.9546834339309772,0.0014989602901930984,0.0009997688465618014,0.0020989602901930983,5.6211010882241195e-05,two-phase,False,
1.6530556056730343,1.3170795977682992,2964.9595766262996,5729.197930429799,1.189656140743313,6815.775499469692,12683087.865712263,1104.1166150734898,811.876540611822,296.1738571319993,5408581.812302046,250027.98996948512,484.04674627296004,31.870102070568198,221954.72627771067,2.868506840951063,0.03820293101592275,20891.02386138616,0.649416463167282,24593.798465678334,21.699775243138113,296.1738571319993,0.17139606617056907,,,0.00014671844753070374,2.3041713307980443e-05,4.0660656847926175e-05,15426.619210645662,138178.6822812779,10773557.06595785,300.7828453628413,1747014.243835573,0.14419976234031814,0.016297279941158895,0.15335144384439145,-0.29629980982345255,0.9550949809828265,0.0015108084505374392,0.0010023903950232647,0.002110808450537439,5.665531689515397e-05,two-phase,False,
1.6673857545471635,1.3226008792735124,2963.7512791777704,5670.2781047275,1.188641185940161,6739.926091013825,12552978.256106509,1101.2711738182943,811.6141829036194,296.22691397037966,5415001.35582742,249559.6945164876,488.19209256663663,31.354690384973978,221081.94318274403,2.8732896482518453,0.03817132678719345,20685.08368704746,0.6511551847980461,24356.399571314494,21.66869547402755,296.22691397037966,0.16765932435983885,,,0.00014836957950225524,2.307476241933014e-05,4.105697137510176e-05,15307.111910819447,137182.07944806153,10660828.7891229,300.8124818443157,1732697.4145118385,0.14450306800694318,0.01639114429999266,0.15366894165773387,-0.2949755450298228,0.955504802622341,0.001522603793743282,0.0010049731048160514,0.002122603793743282,5.709764226537308e-05,two-phase,False,
1.6813746899510071,1.3280366623746482,2962.571507285524,5612.553248317152,1.1876471693055086,6665.732977940303,12425498.955811003,1098.485592513334,811.3684775612611,296.2785837959998,5421257.829636301,249093.49861399335,492.35786167137866,30.851472872562127,220216.8541551384,2.8779831566974643,0.0381403294542449,20482.708369606735,0.6528826583817264,24122.97174961386,21.638380836135685,296.2785837959998,0.16394359067180017,,,0.0001500210109389947,2.3107089379118863e-05,4.1454262367819886e-05,15189.965212947234,136203.74416876934,10550436.078125563,300.841379303187,1718818.571888957,0.14480650351674365,0.016484588062182427,0.1539864394710763,-0.29365036781702347,0.9559128942957756,0.001534346283216049,0.0010075177488344047,0.0021343462832160488,5.753798562060184e-05,two-phase,False,
1.6950409369390622,1.3333909110794044,2961.418835181835,5555.991275161492,1.1866727867420372,6593.143649610332,12300568.444188304,1095.7582189573895,811.1389233845027,296.3289033483058,5427357.086693783,248629.37240223546,496.5445042421122,30.360045351191744,219359.41619532288,2.882588268845977,0.03810992314962592,20283.802439467552,0.6545990045552191,23893.413036761474,21.60880979525562,296.3289033483058,0.16024889777553616,,,0.00015167271534560027,2.313871077294497e-05,4.185253895964712e-05,15075.113667675549,135243.17455050108,10442304.740272552,300.8695555195606,1705366.217278729,0.14511006831974882,0.016577610939562094,0.1543039372844187,-0.2923242877871112,0.9563192514896676,0.0015460358827437187,0.0010100250791134648,0.0021460358827437185,5.7976345602889455e-05,two-phase,False,
1.7084012894034282,1.3386672133994435,2960.2919637942437,5500.5611966134475,1.1857167893921627,6522.10776190361,12178106.789618822,1093.0877969522664,810.9255208391515,296.37794210380525,5433305.637208411,248167.28707522948,500.7538704510746,29.87993729213247,218509.7628493649,2.8871090356460143,0.03808009234956046,20088.249662467773,0.656304665109117,23667.601001155504,21.57996979145573,296.37794210380525,0.15657413764251568,,,0.00015332466688776846,2.316963391663169e-05,4.2251853069146206e-05,14962.494247870736,134299.99181803505,10336360.224853931,300.8970468024699,1692313.9998492824,0.14541376186456198,0.01667021264701877,0.15462143509776113,-0.2909971942040459,0.9567239063415175,0.0015576725564979488,0.0010124958275244803,0.0021576725564979487,5.841272086867308e-05,two-phase,False,
1.7214710219637595,1.343868826266318,2959.189705647464,5446.23312100754,1.1847781057357005,6452.577760502345,12058040.643526519,1090.472877880358,810.7278691483298,296.4257362841784,5439108.631414192,247707.2147123637,504.98650242564264,29.41077881765184,217667.85815190975,2.89154661332237,0.03805082227757069,19895.962234149374,0.6579997668949318,23445.441644146456,21.551842333453536,296.4257362841784,0.1529192940831898,,,0.00015497682277015257,2.3199872765581725e-05,4.265221424181048e-05,14852.04632874018,133373.73747661567,10232535.812407628,300.92387102917115,1679649.9216414127,0.1457175836215146,0.016762392826037458,0.15493893291110356,-0.2896691174675705,0.9571268475941728,0.0015692562594264172,0.00101493070443271,0.002169256259426417,5.884710972849065e-05,two-phase,False,
1.73426410066368,1.3489987261788101,2958.11096940511,5392.978111635956,1.1838557379924362,6384.5080823278395,11940299.29322297,1087.9121789495975,810.5457371353734,296.472330137152,5444771.288895793,247249.12825249,509.24313727291553,28.95220436490611,216833.711591883,2.895903024259958,0.03802209857739192,19706.848369441825,0.6596845327049431,23226.837122240562,21.524412281317694,296.472330137152,0.1492842113577693,,,0.0001566291383932891,2.322943797327184e-05,4.305364500285158e-05,14743.711381751385,132463.9971898698,10130766.682476303,300.95005073884016,1667358.352957342,0.1460215330320819,0.01685415121081546,0.15525643072444598,-0.2883402824615421,0.9575280056008796,0.0015807869581273707,0.0010173304037603417,0.0021807869581273705,5.92795109297764e-05,two-phase,False,
1.7467933339760646,1.3540596413581936,2957.054749074709,5340.768174070446,1.1829487720649259,6317.85515340007,11824815.248046014,1085.4044878808807,810.3789215164629,296.51777591130184,5450298.451839583,246793.001440309,513.5247176161757,28.503852746545927,216007.3778826722,2.9001811785002984,0.037993907304779154,19520.82021018387,0.6613591783957848,23011.693624199266,21.497665479538988,296.51777591130184,0.1456685887454021,,,0.00015828156482217414,2.3258339398568145e-05,4.3456166952804926e-05,14637.432932643052,131570.40001841178,10030991.036357464,300.9756131372194,1655419.273103484,0.14632560952234838,0.01694548758563181,0.15557392853778843,-0.2870106782462623,0.9579273827240875,0.0015922646254925132,0.001019695602385899,0.002192264625492513,5.9709923455969245e-05,two-phase,False,
1.7590704922092102,1.3590540752595814,2956.020115574406,5289.576278996105,1.1820563396230561,6252.5771745070815,11711522.966763724,1082.9487979561643,810.2274502854291,296.5621256203529,5455695.615433591,246338.80882018735,517.8329659168668,28.065336797592273,215188.91480769025,2.904384113223331,0.037966234990694805,19337.782106746767,0.663024064050119,22799.909599504223,21.47159191385235,296.5621256203529,0.1420714559461909,,,0.00015993405152633474,2.3286582662621588e-05,4.385982302411167e-05,14533.156593352987,130692.59344510008,9933148.124164578,301.0005854740247,1643814.3292504249,0.14662981253530755,0.017036401677742945,0.15589142635113085,-0.2856802198575359,0.9583250033168027,0.0016036892272478787,0.0010220269579448943,0.0022036892272478785,6.013834602179545e-05,two-phase,False,
1.7711064308881186,1.3639843351308691,2955.0062077163893,5239.376289363161,1.1811776787560504,6188.634323599467,11600361.38974153,1080.543962386233,810.0910757355454,296.6053982280964,5460966.904581522,245886.52562921034,522.1682108829591,27.636362382519717,214378.21227959212,2.908511848417227,0.03793906881283858,19157.656868710343,0.6646793452895362,22591.402054389822,21.446177804573338,296.6053982280964,0.13849296396905655,,,0.00016158653875971373,2.331417768500345e-05,4.426462764871586e-05,14430.829900593433,129830.14237439512,9837182.416684963,301.0249765289845,1632539.0217075779,0.1469341415125923,0.017126893217501514,0.15620892416447327,-0.28434891705963655,0.9587208631124139,0.0016150607295085805,0.0010243251109946102,0.0022150607295085803,6.056477735657177e-05,two-phase,False,
1.7829111894446263,1.368852553590013,2954.012225068062,5190.142924973886,1.180312065691371,6125.988317009382,11491271.278005926,1078.1889809885176,809.9697080932774,296.6476453835903,5466116.679613052,245436.12778847062,526.5315221028587,27.216608370224943,213575.33394362163,2.9125676138934637,0.037912396160950455,18980.364101944448,0.6663252599829225,22386.08490222813,21.4214123279913,296.6476453835903,0.13493274675361155,,,0.0001632389662290746,2.3341131403677404e-05,4.4670606958185356e-05,14330.402231651944,128982.72807780786,9743039.65179102,301.0488136201619,1621573.468789004,0.1472385958944881,0.017216961938364517,0.1565264219778157,-0.28301677964248223,0.9591149578860705,0.0016263790987798379,0.0010265906855612236,0.0022263790987798377,6.098921620424392e-05,two-phase,False,
1.7944940764982071,1.3736607072301692,2953.0374217742137,5141.851728710666,1.1794588477959922,6064.602515482913,11384196.445418885,1075.8828322763754,809.8631650108846,296.68889394494266,5471148.982989268,244987.5918433696,530.9234543200914,26.805793959133766,212780.2186140086,2.916552377122026,0.03788620498487389,18805.831287073634,0.6679619715029754,22183.87999416291,21.397283446071913,296.68889394494266,0.13139079795615816,,,0.0001648912682153534,2.336745228711682e-05,4.507777720863632e-05,14231.82472457594,128149.972966816,9650668.762533097,301.0721102138084,1610909.511587461,0.14754317511994622,0.01730660757690141,0.1568439197911581,-0.281683817421421,0.9595072834548446,0.001637644301957993,0.0010288242896659937,0.002237644301957993,6.141166132342475e-05,two-phase,False,
1.805863743898225,1.378410632738153,2952.0811011851406,5094.4790343184395,1.178617373108896,6004.441496786744,11279081.374637013,1073.624731733798,809.7715670250946,296.7291870185237,5476068.104123516,244540.89499466508,535.345745407648,26.40359118145898,211992.89280141,2.9204687679068573,0.037860483515424266,18633.97393503491,0.6695898423292094,21984.69719887966,21.37378451967637,296.7291870185237,0.12786619251097542,,,0.00016654338301657972,2.339314310667387e-05,4.5486184820001064e-05,14135.05020247696,127331.56417329401,9560018.336610716,301.09488906295803,1600531.7287296453,0.14784787862659696,0.017395829872802093,0.15716141760450053,-0.2803500402367598,0.9598978356779679,0.0016488563063315129,0.0010310265158314453,0.0022488563063315127,6.183211148743173e-05,two-phase,False,
1.817028251291834,1.3831040409197508,2951.1426111647174,5048.001935659926,1.1777870644229764,5945.471381002407,11175873.829980716,1071.4138035059943,809.6948445899776,296.76855935847595,5480877.870134915,244096.01502430133,539.7992252625808,26.009731849613242,211213.3432699146,2.924318711791352,0.03783522040663208,18464.721020504752,0.6712090847321172,21788.45996347536,21.350906094592393,296.76855935847595,0.12435876010446467,,,0.0001681952423815048,2.3418209877595617e-05,4.589585503869156e-05,14040.0331017087,126527.17842137195,9471040.760883523,301.1171683199528,1590428.090279703,0.1481527058507633,0.017484628568884802,0.15747891541784298,-0.2790154579534689,0.9602866104570115,0.0016600150795819846,0.0010331979415684276,0.0022600150795819844,6.225056548432443e-05,two-phase,False,
1.8279951226734958,1.3877425289584115,2950.221339974224,5002.398257366828,1.1769673956040971,5887.65964874751,11074524.011848101,1069.2491587436054,809.6328613042996,296.8070374019444,5485581.697640756,243652.93025123148,544.284560472885,25.62396660962112,210441.5175449661,2.928103407072075,0.03781040472218438,18298.007851673887,0.6728198527233433,21595.098171102924,21.32863791888327,296.8070374019444,0.12086844525571358,,,0.0001698467743821998,2.3442659672014307e-05,4.630680500161519e-05,13946.729403689513,125736.48173067531,9383690.952306427,301.13896152988997,1580589.9727132502,0.1484576562274741,0.01757300341110388,0.1577964132311854,-0.27768008046088866,0.9606736037360631,0.0016711205897850892,0.001035339129844887,0.002271120589785089,6.266702211694085e-05,two-phase,False,
1.8387713960894136,1.392327591164897,2949.3167126483113,4957.646526814689,1.1761578723157868,5830.974990672115,10974983.897419425,1067.1299574356333,809.5855100343947,296.84464747364814,5490182.991350098,243211.61951080855,548.8024382363109,25.246055055224854,209677.36620736858,2.931824113455334,0.03778602586825832,18133.77106734648,0.6744223097282863,21404.543110934857,21.30697052132729,296.84464747364814,0.1173951800567868,,,0.00017149790585617545,2.3466498885870385e-05,4.671905374561038e-05,13855.096570155541,124959.15358338131,9297925.418550344,301.16028225893297,1571008.9077400677,0.1487627291904778,0.01766095414855742,0.15811391104452782,-0.2763439176722585,0.9610588115019538,0.0016821728054115625,0.0010374506295371426,0.0022821728054115624,6.30814802029336e-05,two-phase,False,
1.849363667506895,1.3968606284469027,2948.428187790559,4913.725947353271,1.1753580190018187,5775.387195398976,10877206.81797801,1065.0554458480876,809.5527709000934,296.88142395630643,5494684.896546796,242772.06214901095,553.3537632801132,24.875756514330583,208920.88446206684,2.935482965690062,0.03776207352522517,17971.945869093906,0.6760166678469947,21216.724677165676,21.28589616565072,296.88142395630643,0.11393875063657177,,,0.00017314856409915872,2.3489732173308983e-05,4.713262839651408e-05,13765.093481644619,124194.91069803738,9213701.6959092,301.1811487289451,1561672.24021375,0.149067924172256,0.017748480533494832,0.15843140885787024,-0.2750069795244603,0.9614422297844177,0.0016931716953281486,0.0010395329758644334,0.0022931716953281485,6.349393857480557e-05,two-phase,False,
1.8597781296561684,1.401342956674921,2947.5552547310576,4870.616372728302,1.1745673251338637,5720.866844668683,10781145.733679237,1063.0251605327871,809.5350152661822,296.9173929465052,5499091.4576901905,242334.23808492886,557.9409840125096,24.512772445334406,208172.02833203014,2.9390813548692436,0.03773853774295947,17812.449970672442,0.6776034157022002,21031.555031005024,21.26541393224636,296.9173929465052,0.11049775848295805,,,0.00017479868473637122,2.3512356805893728e-05,4.754760161698864e-05,13676.68037902461,123443.45753002577,9130975.751654306,301.20157454876374,1552573.0454976251,0.14937324060403712,0.01783558232132429,0.15874890667121266,-0.2736692759776229,0.9618238546562897,0.0017041172287985311,0.0010415866908074442,0.002304117228798531,6.390439607994493e-05,two-phase,False,
1.8700206065397398,1.4057758140996772,2946.697430996177,4828.298282634122,1.1737854458893822,5667.386252568631,10686759.767810632,1061.0381003008201,809.5317774530436,296.95258859712834,5503404.771479442,241898.12760652663,562.5634043063089,24.156954938526997,207430.7980334268,2.9426215524018646,0.03771540881949634,17655.246764292795,0.6791824205054364,20848.992702305466,21.245509152226695,296.95258859712834,0.10707325941548843,,,0.00017644818183104596,2.3534385380808637e-05,4.79639479124294e-05,13589.81880789185,122704.53454007763,9049712.065492222,301.22157798319756,1543697.1698257572,0.14967867791580983,0.017922259270619967,0.15906640448455509,-0.27233081701479867,0.9622036822336798,0.001715009375484246,0.0010436122835114996,0.002315009375484246,6.431285158065922e-05,two-phase,False,
1.8800965841881503,1.4101603679491412,2945.8542600490778,4786.752759340029,1.1730119678509523,5614.918273849424,10594006.521335442,1059.093668951017,809.5431592069879,296.9870204924027,5507628.121793622,241463.71147502898,567.2222925674573,23.808076203335062,206697.0720136909,2.9461034224044282,0.037692677509748564,17500.271975229978,0.6807539629109839,20668.968179570802,21.226176881389662,296.9870204924027,0.10366475013928664,,,0.00017809698222275803,2.3555819910196913e-05,4.838170881642749e-05,13504.471565676438,121977.82071545252,8969871.830078945,301.2411634038953,1535044.35770254,0.14998423553633716,0.01800851114312936,0.1593839022978975,-0.2709916126415316,0.9625817086761737,0.001725848105445601,0.0010456102506750818,0.0023258481054456008,6.471930395421004e-05,two-phase,False,
1.890011238152165,1.414497720313474,2945.0253092658586,4745.961465336713,1.172246513888017,5563.436782787827,10502845.509894595,1057.1912383569697,809.5691809411426,297.0207226020961,5511764.171217634,241030.97088880566,571.9186984841457,23.465927389457995,205970.85583905375,2.9495293444761486,0.037670334683834183,17347.46877463594,0.6823182447429273,20491.419570219543,21.20741104306663,297.0207226020961,0.10027196087991481,,,0.0001797450099718581,2.3576663789117516e-05,4.880091379580717e-05,13420.602651302283,121263.07865059139,8891418.376524402,301.26034910989597,1526601.791234082,0.1502899128931702,0.018094337703780307,0.15970140011123996,-0.2696516728855486,0.9629579301869968,0.0017366333891425567,0.0010475810769242813,0.0023366333891425566,6.512375209284588e-05,two-phase,False,
1.8997694581473892,1.4187889134097729,2944.210168117516,4705.906621951821,1.1714886958032136,5512.916411122045,10413236.6515013,1055.3303312142948,809.6100528428814,297.053720646088,5515815.966172723,240599.88750759207,576.654410976567,23.130278661478755,205252.1160039716,2.9529009338807017,0.037648371536267586,17196.772929719962,0.683875599380112,20316.277445779735,21.18920896663115,297.053720646088,0.09689409002235856,,,0.00018139219342824567,2.359691675075752e-05,4.922161565615596e-05,13338.177217258888,120560.05697855502,8814314.85847837,301.27914878043634,1518361.3634447826,0.15059570941266187,0.01817973872068797,0.16001889792458238,-0.2683110077964208,0.963332343013183,0.001747365197435605,0.0010495252351737764,0.002347365197435605,6.552619490383519e-05,two-phase,False,
1.909375870205861,1.423034934304796,2943.4084465322835,4666.570988886754,1.1707381864471926,5463.332856456361,10325142.518869918,1053.5103220443982,809.6657361157693,297.08603212214956,5519785.957653182,240170.44338225765,581.4301680583517,22.800952293587706,204540.7804279678,2.956219021464405,0.037626779577155094,17048.13439486517,0.6854261756983506,20143.486834192794,21.171564009815643,297.08603212214956,0.09353111535248816,,,0.000183038454048839,2.3616583062460007e-05,4.964383814139558e-05,13257.16152395116,119868.49027782968,8738527.681763437,301.29757146980523,1510317.8483364778,0.15090162451998088,0.0182647139651617,0.1603363957379248,-0.2669696274451559,0.9637049434457595,0.001758043501586632,0.0010514431869749047,0.002358043501586632,6.59266313094987e-05,two-phase,False,
1.918834856638023,1.427236719162473,2942.6197734165876,4627.937844629414,1.1699947178606187,5414.662832803671,10238528.198055062,1051.7304393611132,809.7359507273021,297.1176744640494,5523676.1415228825,239742.62088753545,586.245786838559,22.477812535360492,203836.77980418698,2.9594844756334857,0.03760555056715843,16901.516590229905,0.6869699422233864,19973.006566775457,21.15446565716655,297.1176744640494,0.09018366179026065,,,0.0001846837062396012,2.3635671451271746e-05,5.006757478683616e-05,13177.522896202036,119188.12287977144,8664026.300718423,301.31562624426374,1502465.3095704624,0.15120765763912572,0.018349263211711788,0.16065389355126722,-0.26562754192386084,0.9640757278199091,0.0017686682732597644,0.0010533353828513596,0.002368668273259764,6.632506024724117e-05,two-phase,False,
1.9281505740656064,1.4313951570734822,2941.8437953158973,4589.990967700044,1.1692579479067666,5366.883419803547,10153357.182617133,1049.9902951724578,809.8209514412373,297.1486731711759,5527489.2684244765,239316.4028243344,591.1031714017215,22.160648623703487,203140.08826220228,2.9626990465861596,0.03758467645114537,16756.859130784957,0.6885072409013983,19804.771221253024,21.137912576344466,297.1486731711759,0.08685089494614581,,,0.00018632787817041954,2.365418052488079e-05,5.049288319608931e-05,13099.229681790326,118518.73228917735,8590777.147230003,301.33332682422025,1494795.4732826564,0.15151380819293886,0.018433386238056144,0.16097139136460964,-0.2642847613453071,0.9644446925151562,0.0017792394845222111,0.0010552022626230193,0.002379239484522211,6.672148066958293e-05,two-phase,False,
1.9373269697499966,1.435511093516197,2941.0801751993445,4552.714618689846,1.168527585648425,5319.972621523936,10069595.236806665,1048.2893747229743,809.9207805724275,297.1790536655197,5531227.524022046,238891.7723603388,596.0033456130989,21.84929213529491,202450.68208917664,2.965864534966184,0.03756414940504066,16614.113841637107,0.6900382536589184,19638.72785925004,21.121900040336232,297.1790536655197,0.08353262220913146,,,0.00018797089217228798,2.3672112785552256e-05,5.091979517038777e-05,13022.251211913735,117860.10472049331,8518749.42218897,301.35068694449745,1487299.2051006574,0.15182007560312064,0.018517082825126714,0.16128888917795206,-0.2629411781011306,0.9648118660437327,0.0017897571078450687,0.0010570442557183983,0.0023897571078450685,6.711589154419007e-05,two-phase,False,
1.946367788328866,1.4395853298412125,2940.3285920256376,4516.093555741258,1.1678033409325599,5273.909142358644,9987208.889865467,1046.6272368674977,810.0355602982427,297.2088169381874,5534893.369680761,238468.71303273347,600.9476904645586,21.543568660790303,201768.41882277053,2.968980235143246,0.03754396201773398,16473.229787384967,0.6915632216583032,19474.820724888476,21.106424863898415,297.2088169381874,0.08022841273277813,,,0.00018961267117180013,2.36894691177769e-05,5.13483545818739e-05,12946.557831066577,117211.96433574316,8447912.784486488,301.3677064212348,1479979.2350247856,0.15212645931051527,0.018600352682282294,0.1616063869912945,-0.26159674119647214,0.9651772609191464,0.0018002211067052864,0.001058861779850366,0.0024002211067052862,6.750829150144824e-05,two-phase,False,
1.955276597526421,1.4436186315848945,2939.588738716231,4480.112968237543,1.167084973286898,5228.672523857798,9906166.779586809,1045.0033091667285,810.1651995079915,297.23800453208247,5538488.577868973,238047.20869227147,605.9367630032507,21.2433401374077,201093.3610434791,2.9720497249780986,0.037524106797442745,16334.169107208854,0.6930822107126342,19313.00753131656,21.091480411723367,297.23800453208247,0.0769384250542752,,,0.00019125313269039538,2.3706254385163162e-05,5.177857453731497e-05,12872.120758237852,116574.16185984568,8378239.542422785,301.3844082993856,1472818.3976662918,0.15243295874471754,0.018683195558059654,0.16192388480463693,-0.26025175501958586,0.9655407935500319,0.0018106314495030629,0.0010606552437609376,0.0024106314495030627,6.789867935636486e-05,two-phase,False,
1.964056812422793,1.4476117365670134,2938.860320242221,4444.758413033543,1.166372218346281,5184.242730223229,9826437.367232015,1043.4171709572536,810.3098093564852,297.26660922383434,5542015.3520403365,237627.24354014976,610.9717945068508,20.948449778046,200425.32906165943,2.97507150524627,0.03750457676968115,16196.884019308494,0.6945954479553681,19153.235760051633,21.077063589397213,297.26660922383434,0.07366235753615742,,,0.00019289220278405846,2.372246958781888e-05,5.2210499182896506e-05,12798.911953029405,115946.41252861942,8309701.209443422,301.40078776878465,1465822.8529269216,0.15273957329354426,0.018765611355117513,0.16224138261797935,-0.2589062910735419,0.9659024445784069,0.0018209881240061313,0.0010624250499271007,0.002420988124006131,6.828705465022992e-05,two-phase,False,
1.9727116783116119,1.4515653444314844,2938.1430551372755,4410.015913955762,1.1656648720971687,5140.6006362877215,9747991.583164815,1041.8682279598204,810.4692253468455,297.29466431992,5545475.2311547855,237208.8020529192,616.0531466645725,20.658776582624167,199764.3489202208,2.9780483797124555,0.037485364898553905,16061.342541114154,0.6961029398084987,18995.46922914083,21.063166809471454,297.29466431992,0.07040049432747532,,,0.0001945297973433215,2.37381208876514e-05,5.2644132552719804e-05,12726.904319966003,115328.5584414016,8242272.40803934,301.4168632520996,1458978.9894028683,0.15304630237424263,0.018847599867382256,0.16255888043132177,-0.25756018316888735,0.9662622584195293,0.0018312911043185183,0.001064171589125354,0.002431291104318518,6.867341641194445e-05,two-phase,False,
1.9812442931748375,1.455480124293374,2937.4366737085365,4375.871897716449,1.164962670067467,5097.727409836948,9670799.215810096,1040.3561830670374,810.6436912133279,297.3221787373372,5548870.474316451,236791.86906215406,621.1825718655398,20.374157531117287,199110.32775852823,2.9809806156276943,0.03746646451488078,15927.494517264462,0.6976049866938874,18839.653084405694,21.04978953858738,297.3221787373372,0.06715222986572539,,,0.0001961658440328384,2.3753206609663532e-05,5.307953365806605e-05,12656.071574773094,114720.37822665412,8175925.575555244,301.43263924565014,1452285.7255696964,0.15335314540298928,0.01892916089202529,0.1628763782446642,-0.25621344153540554,0.9666202317231848,0.0018415403649520309,0.0010658952431478628,0.0024415403649520307,6.905776368570116e-05,two-phase,False,
1.9896576170848694,1.459356716710257,2936.7409173262913,4342.313179973445,1.164265337930259,5055.6047218808,9594830.41717847,1038.880830351577,810.83355975027,297.3491775578681,5552203.163883364,236376.42976844433,626.3623731723534,20.094419386460327,198463.25528767347,2.9838702363522605,0.03744786901879058,15795.287185292145,0.6991019520780386,18685.729790284648,21.03693324607468,297.3491775578681,0.06391665472892119,,,0.00019780027415354918,2.3767722897219154e-05,5.35167751660379e-05,12586.388214423836,114121.70454364322,8110633.281891299,301.44812954761693,1445734.3257878996,0.15366010179490477,0.019010294229468937,0.16319387605800662,-0.25486607642101217,0.9669763611845735,0.001851735880826998,0.0010675963850556563,0.0024517358808269977,6.944009553101242e-05,two-phase,False,
1.9979544808360614,1.463195735488849,2936.0555377701585,4309.326951954499,1.1635727777911338,5014.215531895897,9520060.922872772,1037.4413154028173,811.0382345131914,297.3756615172808,5555474.225144804,235962.46952778441,631.5909941189508,19.8195186522057,197823.00326049,2.9867166942130754,0.037429572166499205,15664.710823336005,0.7005935352714526,18533.686165506486,21.024583423213002,297.3756615172808,0.060695276318727856,,,0.00019943299079166143,2.378168403793227e-05,5.395580733751311e-05,12517.829488505688,113532.30666384756,8046375.66675166,301.46333402182194,1439325.2133069308,0.15396717096406795,0.01909099968339204,0.16351137387134904,-0.2535180980912826,0.9673306435444805,0.0018618776272729762,0.0010692753794232712,0.002461877627272976,6.98204110227366e-05,two-phase,False,
2.0061375938831563,1.466997769344011,2935.3802966261655,4276.900767619894,1.1628846850834587,4973.542402286864,9446461.193884196,1036.037649111859,811.2583414367291,297.4016556094886,5558686.047799427,235549.9741066912,636.8718786477361,19.549255963812975,197189.56564191444,2.9895220718033575,0.037411567711136094,15535.703106191675,0.7020802811038421,18383.45487064483,21.012746439136205,297.4016556094886,0.05748650939894216,,,0.00020106393373467454,2.3795080830973664e-05,5.4396739189477686e-05,12450.37137183903,112952.0305921458,7983124.910143621,301.47826648279016,1433050.3321368578,0.15427435232353037,0.01917127706073553,0.16382887168469148,-0.252169516829199,0.9676830755893834,0.0018719655800294465,0.0010709325825751818,0.0024719655800294464,7.019870925110425e-05,two-phase,False,
2.0142095516526006,1.4707633834240352,2934.71496472996,4245.022531338619,1.162200874825968,4933.568899577688,9374005.640606582,1034.6694132410582,811.4938727852539,297.4271685951723,5561840.198943038,235138.9295374451,642.2059255398664,19.28351957804483,196562.8586149784,2.9922867385453435,0.03739384969145966,15408.230868159953,0.7035622891376468,18234.998618273567,21.001418035017412,297.4271685951723,0.05429037920606584,,,0.00020269302412815186,2.380791616862768e-05,5.483959834238128e-05,12383.990538284415,112380.68198897003,7920858.459794865,301.49293145596323,1426907.6365390131,0.1545816452853308,0.019251126171707884,0.1641463694980339,-0.25082034293463557,0.968033654151627,0.0018819997152465036,0.0010725683428143393,0.0024819997152465034,7.057498932174389e-05,two-phase,False,
2.022172842287837,1.4744931207157268,2934.059321651729,4213.680486054711,1.1615212051328525,4894.279236207051,9302670.381217103,1033.3360624642437,811.7446239672147,297.4522172909873,5564937.7825503815,234729.3220681616,647.5931606438395,19.022227355569402,195942.84026823688,2.995011962387104,0.03737641224865803,15282.270788821726,0.7050395136911878,18088.29035866671,20.99059071125134,297.4522172909873,0.051107416526522,,,0.00020432017703488778,2.38201967194754e-05,5.528438454775613e-05,12318.664335678894,111818.0959024157,7859555.823460936,301.50733812259097,1420890.680127481,0.15488904926050998,0.01933054682979042,0.16446386731137633,-0.24947058672405648,0.9683823761095381,0.001891980009485518,0.0010741830006431143,0.002491980009485518,7.094925035570692e-05,two-phase,False,
2.0300298528812397,1.4781875033405303,2933.413155219007,4182.863201921432,1.1608454552059806,4855.65773769883,9232429.887919972,1032.0374020969673,812.0108735327053,297.4768103924027,5567980.679639555,234321.1382593529,653.0356370125784,18.765240466668125,195329.4310863607,2.997698156301304,0.03735924974008174,15157.779350202967,0.7065122454210447,17943.282183443083,20.98026530747066,297.4768103924027,0.04793697429530254,1151647.331167678,8.016716262051359,0.0002059453227594899,2.3831919790926566e-05,5.573116388498511e-05,12254.370761844832,111264.09011999005,7799193.79724411,301.52149102025294,1414998.056700269,0.15519656365912496,0.01940953885174253,0.16478136512471875,-0.24812025853015834,0.9687292383875524,0.0019019064397197962,0.0010757768889769473,0.002501906439719796,7.132149148949236e-05,two-phase,False,
2.0377828752401492,1.4818470337519614,2932.7762610739233,4152.559565382234,1.1601735026784425,4817.689576050378,9163261.822652511,1030.772888294412,812.2923886029293,297.5009565691004,5570969.818184883,233914.3648670774,658.5331494768333,18.512490147691754,194722.5537680232,3.000345749884124,0.03734235667468035,15034.736147158636,0.7079804138639173,17799.950139905122,20.970434056110186,297.5009565691004,0.04477972588636537,1158261.777956067,7.911218342042256,0.00020756837571502825,2.38430925493559e-05,5.617993264813326e-05,12191.088441618296,110718.48824931735,7739753.351446565,301.5353946913375,1409226.7687820974,0.15550418789026396,0.019488102057606708,0.16509886293806117,-0.24676936870138722,0.9690742379563697,0.0019117789833352108,0.0010773503333509776,0.0025117789833352107,7.169171187507041e-05,two-phase,False,
2.0454341112292447,1.4854721958434343,2932.148442261834,4122.75876867841,1.159505083548541,4780.35975052694,9095140.539945966,1029.5425685211796,812.589758389259,297.52467253886476,5573907.28912597,233508.98901257562,664.089283691069,18.263804134037173,194122.17243236094,3.0029560793907097,0.037325727647016735,14913.087108200798,0.7094445114498003,17658.235414907813,20.9611033256854,297.52467253886476,0.041634195633419566,1164810.0579439236,7.808260649809588,0.00020918927699735776,2.3853706182885328e-05,5.6630800105641285e-05,12128.79660484673,110181.14244192898,7681210.491679853,301.54905833546667,1403572.2142477054,0.15581192136206076,0.01956623627071348,0.1654163607514036,-0.2454179276016277,0.9694173718330625,0.001921597618130821,0.0010789036521199236,0.002521597618130821,7.205991067990579e-05,two-phase,False,
2.052985677727062,1.4890634559746223,2931.529508848592,4093.4502997643726,1.158840070823119,4743.654235289863,9028044.576572549,1028.3459864473464,812.9028435109385,297.5479749816555,5576794.101829428,233104.99801948536,669.7041683227789,18.01911296973181,193528.2528967874,3.0055305089941617,0.03730935739215177,14792.810299490106,0.7109045195075809,17518.112523777516,20.952267158573182,297.5479749816555,0.038500888813291466,1171291.8080205556,7.7077671975095985,0.00021080794476136487,2.3863765969374423e-05,5.708377535780123e-05,12067.475065308441,109651.91001685013,7623546.807072348,301.5624911592657,1398028.0245997394,0.15611976348170986,0.01964394131768633,0.16573385856474604,-0.24406594560980036,0.9697586370812038,0.0019313623223194912,0.001080437156651464,0.002531362322319491,7.242608708698092e-05,two-phase,False,
2.0604396112304473,1.4926212639235972,2930.919277563967,4064.6239326125783,1.1581783192273676,4707.559314564569,8961952.434291592,1027.1827900460105,813.2316389495581,297.5708724743475,5579631.539986905,232702.37943657543,675.378866905602,17.778323825148252,192940.72355963092,3.0080695340749246,0.037293240842347246,14673.878655076827,0.7123605121813753,17379.55069871002,20.943921984910045,297.5708724743475,0.03537979750087414,1177708.5574138532,7.609652131569179,0.00021242430167711996,2.3873274564346004e-05,5.753888678343244e-05,12007.104200509495,109130.63045329555,7566743.51444115,301.5756977223456,1392591.9650390472,0.1564277136554808,0.019721217028446304,0.16605135637808846,-0.24271343311949353,0.9700980308109841,0.0019410730745284695,0.0010819511515133705,0.0025410730745284694,7.279024029481761e-05,two-phase,False,
2.0677978721373598,1.496146053771276,2930.317571469047,4036.2697178908065,1.1575196318213223,4672.061437784519,8896841.727559417,1026.0528596209338,813.5764526290438,297.5933655081588,5582421.068249013,232301.12109874527,681.1154613017854,17.541320981732515,192359.4758405738,3.0105727662947537,0.03727737312387968,14556.252896343383,0.713812777724935,17242.50648834747,20.93606968772538,297.5933655081588,0.0322704029208785,1184063.7171107722,7.513820074876169,0.00021403828124190888,2.3882228491680332e-05,5.7996208421078605e-05,11947.66493231543,108617.12550065074,7510780.306367583,301.58867793410764,1387265.722657861,0.15673577128873314,0.019798063236216606,0.16636885419143088,-0.2413604005384729,0.9704355501793552,0.0019507298537999665,0.0010834459346546238,0.0025507298537999663,7.315236951749875e-05,two-phase,False,
2.0750623487353077,1.4996382447240135,2929.724219645585,4008.3779739954907,1.1568639023076712,4637.14778492054,8832692.886209229,1024.9557507751063,813.9371229963895,297.6154787456086,5585163.583631262,231901.2110209535,686.9143787109535,17.308035872955283,191784.52011323787,3.013042526419493,0.03726174930628188,14439.914802208383,0.7152612672699543,17106.958394173245,20.928704207743113,297.6154787456086,0.029173037422897147,1190356.9867611632,7.420205017859442,0.00021564980164140606,2.389063341126548e-05,5.845574513939353e-05,11889.138708377975,108111.29009675348,7455640.553517421,301.6014456705243,1382039.2914121451,0.1570439357859314,0.019874479777527106,0.1666863520047733,-0.24000685828847054,0.9707711923901008,0.001960332639591718,0.001084921797580732,0.002560332639591718,7.351247398468943e-05,two-phase,False,
2.0822348609200176,1.5030982418795964,2929.139056905528,3980.9392784255992,1.1562109524743898,4602.805594851172,8769484.908917908,1023.8913274060026,814.313908424577,297.637204574795,5587860.472573242,231502.63748248955,692.777530716483,17.07836492918958,191215.7127491826,3.015477554183149,0.03724636482957827,14324.828815239642,0.7167062290058426,16972.86686931319,20.921826768214782,297.637204574795,0.026087332651827028,1196591.4896042638,7.3287207748888035,0.00021725879561774848,2.3898486759273747e-05,5.891756576539182e-05,11831.507484318941,107612.93281975876,7401305.335470394,301.6139961940367,1376917.866709998,0.15735220655065982,0.01995046649221866,0.16700384981811572,-0.23865261202900306,0.9711050050183729,0.001969881411777535,0.001086379025523479,0.002569881411777535,7.387055294165756e-05,two-phase,False,
2.089317151515924,1.5065264310498878,2928.5619245086564,3953.944505710362,1.1555606870077433,4569.022829409158,8707199.341388512,1022.8591809497054,814.7066674177827,297.6585676037906,5590512.487266124,231105.38893209293,698.7053747727089,16.852244492469836,190653.06860599847,3.0178802110128755,0.037231215031545105,14210.977641341084,0.7181476162111653,16840.211470694747,20.915431655484536,297.6585676037906,0.02301361004509413,1202766.8427756217,7.2393077625044375,0.00021886517912831589,2.3905793972408303e-05,5.9381677108995635e-05,11774.753803872456,107121.9585173794,7347758.985954535,301.6263433906926,1371891.3022774481,0.15766058301741223,0.020026023093371273,0.16732134763145814,-0.23729776031924785,0.9714369629304151,0.001979376134301986,0.0010878178951367916,0.0025793761343019857,7.422660503632447e-05,two-phase,False,
2.096310919261103,1.5099231937978221,2927.9926674826047,3927.3847058340807,1.1549129140068846,4535.78731504091,8645815.662924051,1021.8592748841309,815.115774281365,297.67957629442213,5593121.096903786,230709.45410007238,704.7004688166385,16.629562576390118,190096.52474099482,3.0202510744986193,0.03721629545190256,14098.323331766598,0.7195857416557175,16708.950198227576,20.90952227692036,297.67957629442213,0.019951171550071096,1208886.4439323728,7.151884038669651,0.00022046889118542825,2.3912550147159176e-05,5.984816449486314e-05,11718.860543797742,106638.22950707027,7294982.822779916,301.6384918414475,1366957.853235817,0.15796906457389331,0.020101149483430673,0.16763884544480057,-0.23594263484828726,0.9717669849613373,0.001988816794906039,0.0010892386806987593,0.002588816794906039,7.458062980897646e-05,two-phase,False,
2.1032178057514614,1.5132889003501615,2927.4311356994413,3901.2511585401166,1.1542674386563891,4503.087182323371,8585313.765948785,1020.8915955257628,815.5416235641147,297.7002390893948,5595687.723789017,230314.8219966132,710.7654919414096,16.41021006272464,189546.01981845975,3.022590736106837,0.03720160173958904,13986.828312726397,0.721020927003824,16579.041427245964,20.90410260088128,297.7002390893948,0.016899313316422113,1214953.6264964829,7.066371570663104,0.00022206987329169347,2.3918749804591988e-05,6.031711811495941e-05,11663.811028094347,106161.61220660592,7242958.537872448,301.6504461308015,1362115.7199888448,0.15827765060297874,0.02017584558607905,0.16795634325814301,-0.2345871580389599,0.9720950906589355,0.001998203383999316,0.0010906416509964241,0.0025982033839993157,7.493262689997435e-05,two-phase,False,
2.110039389839115,1.5166239060565299,2926.8771843370337,3875.53539779935,1.1536242621695625,4470.911663798297,8525678.806275187,1019.9554092304031,815.9835945769082,297.72055636783824,5598212.583864892,229921.48168836418,716.8987978969631,16.194181262564403,189001.45645178173,3.0248988854977346,0.037187129730157954,13876.495511532063,0.7224528034445831,16450.48590718886,20.899159084206083,297.72055636783824,0.013859494015681149,1220965.252290353,6.982736642408337,0.0002236680290727199,2.39244075795308e-05,6.0788477959973216e-05,11609.589080057944,105691.95522033179,7191674.723501129,301.6622061889833,1357364.6638045746,0.15858634050486195,0.02025011125451999,0.16827384107148544,-0.23323122410679123,0.9724213058657486,0.0020075358831348356,0.0010920270677598322,0.0026075358831348355,7.528259561755634e-05,two-phase,False,
2.1167771972378047,1.519928555289609,2926.330673101896,3850.2291781699287,1.1529831419552452,4439.249335094126,8466890.246296907,1019.0509491714126,816.4423983803036,297.7405365444175,5600697.325093768,229529.42257789144,723.1045142406059,15.98133979868876,188462.77759496408,3.0271761332963285,0.037172875301942104,13767.27665504842,0.7238818955057977,16323.230875496212,20.8947011694149,297.7405365444175,0.010830336700549193,1226926.678479447,6.900893423224019,0.00022526331019404137,2.3929511886577563e-05,6.126238167109186e-05,11556.178952044898,105229.13366609452,7141112.033383346,301.6737766057094,1352703.2926949814,0.15889513367893138,0.020323946345287985,0.16859133888482786,-0.2318748435486785,0.9727456280699883,0.0020168142742841904,0.0010933951872172368,0.0026168142742841903,7.563053528565714e-05,two-phase,False,
2.123432703021679,1.5232031819564678,2925.791466030532,3825.324467928142,1.1523439892426601,4408.089657519871,8408931.746502414,1018.1778737894108,816.9179375958008,297.76020409451974,5603142.6225593295,229138.63422735364,729.3832716281936,15.771633048058096,187930.00426505395,3.029424944865126,0.03715883430772875,13659.156340331218,0.7253081708879586,16197.257988995487,20.890724466922958,297.76020409451974,0.0078121315478734505,1232837.2888300163,6.820796079653491,0.00022685563990153303,2.3934067044523428e-05,6.1738844974835e-05,11503.565311511953,104773.07107923809,7091256.647186007,301.685171291511,1348121.5933132595,0.15920402952378565,0.020397350718251984,0.16890883669817028,-0.23051802687257694,0.97306805480746,0.002026038539837993,0.0010947462602354024,0.0026260385398379927,7.597644524392474e-05,two-phase,False,
2.1300073339720473,1.5264481099783351,2925.259431302302,3800.8134424502905,1.1517067161993173,4377.422368690647,8351787.324069158,1017.3358587896262,817.4101300455004,297.77954327141225,5605549.2688481165,228749.10635763686,735.7356492710746,15.565010665101067,187402.9676556367,3.0316432029859466,0.03714500301699578,13552.117875474607,0.7267316209447762,16072.547568682934,20.887224912302734,297.77954327141225,0.004805324669434119,1238697.7106651887,6.742393444470156,0.00022844494219988076,2.3938077082968365e-05,6.221789020854925e-05,11451.733227599334,104323.58293580974,7042094.9636644805,301.69638086787046,1343627.3946035923,0.1595130274372484,0.02047032423661883,0.1692263345115127,-0.22916078459721295,0.9733885836616277,0.0020352086626063085,0.0010960805324555967,0.0026352086626063084,7.632032484773657e-05,two-phase,False,
2.136502470783344,1.5296636537411794,2924.734441063006,3776.6884778350395,1.1510711243762048,4347.237052600237,8295438.673401283,1016.525025972682,817.9194983921432,297.7985785137186,5607918.452957205,228360.82897245267,742.1652099206788,15.361361602292346,186881.69180168654,3.033833401469866,0.037131377476731516,13446.123531235071,0.728152621319423,15949.057913956425,20.884208950421325,297.7985785137186,0.0018088601118346377,1244511.401458611,6.665618863498348,0.00023003116413949972,2.3941534064660507e-05,6.269962811564797e-05,11400.668158232753,103880.59992667471,6993610.139864915,301.70741925210854,1339211.5967690942,0.1598221268163838,0.020542866766936653,0.16954383232485512,-0.2278031272516253,0.9737072122637174,0.0020443246258190794,0.0010973982444254353,0.0026443246258190793,7.666217346821548e-05,two-phase,False,
2.1429194501386135,1.5328501185192782,2924.2163712583956,3752.942144756362,1.150543091753159,4317.921658398716,8242389.8464194955,1015.337401583862,817.8865338510896,297.7709258963356,5609812.914476101,227973.67389689723,746.6269668360899,15.20217785036548,186147.1918668953,3.0259789458113127,0.037118326345601714,13360.649937844344,0.7292179397904739,15847.226501875177,20.87200208604462,297.8138004367455,-0.0011033743156321362,1250214.74607066,6.592779258383223,0.00023159290026833094,2.39555361262784e-05,6.310252458887185e-05,11350.355937721168,103255.93033200968,6949082.565092556,301.71624987777363,1335685.3653249377,0.16013132705751137,0.020614978179098045,0.16986133013819757,-0.22644506537469472,0.9740239382928173,0.0020533864131265286,0.0010986996317267148,0.0026533864131265284,7.700199049224483e-05,liquid,True,-520.072733414344
2.149259566663913,1.5360078008737479,2923.7051014769463,3729.5672025375065,1.150179037180295,4289.670014113795,8193946.401428489,1013.5473563662704,817.0066719628669,297.6715209894681,5611033.231216591,227587.4496297216,747.9688660912475,15.108627213167503,185085.66987886882,3.0032382571942806,0.03710605141898147,13305.858333046697,0.7297385408523674,15777.761982932281,20.845420443866672,297.8235981102261,-0.0038987007369960945,1255792.6840694868,6.524919682503177,0.0002331181644997909,2.3986083722629568e-05,6.33803451390481e-05,11300.782764828262,102358.57068249327,6910199.946223463,301.72193542948867,1333419.6294743032,0.16044062755622127,0.020686658346343083,0.17017882795154,-0.22508660951488682,0.9743387594759293,0.0020623940085995325,0.0010999849250993789,0.0026623940085995323,7.733977532248247e-05,liquid,True,-519.1830738526407
2.1555240747702706,1.5391369890278648,2923.2005148012236,3706.5565934368847,1.1498225003723686,4261.882170037287,8146262.194321301,1011.7769068017492,816.1316897784878,297.57145717614947,5612237.063256839,227202.14417831975,749.3021515068901,15.016552626558113,184034.48221702868,2.981205588530467,0.03709398031499213,13251.93991493476,0.7302504551098165,15709.384719765661,20.81896587677056,297.8332656064053,-0.006686422397628467,1261341.2652397775,6.458412500103783,0.00023463811529807053,2.4016562732248452e-05,6.365621683080897e-05,11251.935191296436,101481.11609698842,6871929.04472078,301.7275467232776,1331185.4019919087,0.16075002770738955,0.020757907145262378,0.1704963257648824,-0.22372777022972398,0.9746516735880753,0.0020713473967300107,0.0011012543505617585,0.0026713473967300105,7.76755273773754e-05,liquid,True,-518.2984241720826
2.1617141903910557,1.5422379632208116,2922.702497667282,3683.903437137305,1.1494707954734436,4234.539414333571,8099304.370927765,1010.0259162397292,815.2634301340302,297.4707240340797,5613424.877497001,226817.746599251,750.6272621660955,14.925916863814471,182993.43926927852,2.9598447228895486,0.03708210966563026,13198.784805612175,0.7307562992654176,15641.982352227922,20.792773117848313,297.8428029924032,-0.00946716724297874,1266862.9883423937,6.393196774597676,0.00023615319215475515,2.404681651485943e-05,6.39305158055985e-05,11203.800110803812,100622.82893154172,6834234.501728836,301.73308374685524,1328983.3437650981,0.16105952690519332,0.02082872445579981,0.17081382357822483,-0.22236855808549813,0.974962678452348,0.002080246562431266,0.0011025081295272057,0.002680246562431266,7.800924609117248e-05,liquid,True,-517.4206271416269
2.167831092622045,1.5453109960413933,2922.2109397315403,3661.6010254302128,1.1491238512766704,4207.633072180972,8053059.68515565,1008.2941254544221,814.4018375615706,297.3693369526372,5614597.0448753275,226434.24609001874,751.9442911887876,14.836690535541303,181962.47277731178,2.9391269541707494,0.037070435977844936,13146.380378919512,0.7312561374135239,15575.53862798022,20.76683856968548,297.85221033441803,-0.012240893240029617,1272358.292442013,6.329238967507781,0.0002376633092394777,2.4076847244812608e-05,6.42032371325881e-05,11156.364748334998,99783.10692397722,6797105.9212689735,301.73854648810925,1326813.957347488,0.161369124543126,0.020899110161255296,0.17113132139156725,-0.22100898365677793,0.9752717719400055,0.0020890914910383336,0.001103746478917255,0.0026890914910383335,7.834093091393751e-05,liquid,True,-516.5496272271525
2.173875925270793,1.5483563527430904,2921.7257337446517,3639.6428170871204,1.1487815733505218,4181.154601847267,8007514.910212253,1006.5813124705687,813.5469119671064,297.26731246238126,5615753.930607949,226051.63200081565,753.2533419000532,14.748844820156128,180941.5193715331,2.9190246997926956,0.03705895582895142,13094.712189937516,0.7317500765642028,15510.035488316764,20.741160356204503,297.8614957224597,-0.015007731304037502,1277827.740416741,6.2665057714279575,0.00023916838654045275,2.4106655144316946e-05,6.447438503627342e-05,11109.616649947893,98961.3693210626,6760532.7650505835,301.74393959650655,1324674.2574840924,0.1616788200140127,0.02096906414828733,0.17144881920490967,-0.21964905752604594,0.9755789519705311,0.0020978821683082993,0.0011049696112714266,0.002697882168308299,7.867058131156123e-05,liquid,True,-515.6854162446467
2.179849798321467,1.5513742915417548,2921.246775431897,3618.022432910668,1.1484438851128005,4155.095739277194,7962657.418619621,1004.8872212222564,812.6985963934499,297.16466537701496,5616895.889026865,225669.89381831992,754.5545034925481,14.662351919855134,179930.50765892983,2.8995123694862968,0.03704766588740803,13043.768237024718,0.7322381820576838,15445.457494757557,20.71573545445891,297.870659216941,-0.017767641997815654,1283271.7475491194,6.204965888033654,0.00024066834141683494,2.413624180030638e-05,6.474395467660421e-05,11063.543672919299,98157.0647071889,6724505.114500667,301.74926306099644,1322564.7288264185,0.16198861271002543,0.02103858630691543,0.1717663170182521,-0.21828879028332165,0.9758842165116947,0.002106618580420609,0.0011061777348537881,0.0027066185804206088,7.899819676577283e-05,liquid,True,-514.8279371765088
2.1857537893207426,1.554365063897102,2920.773963379697,3596.733650958149,1.1481107002557014,4129.448390634806,7918474.585846091,1003.2116555895248,811.8569074939352,297.06138262276966,5618023.327251723,225289.02117757557,755.8481989375067,14.577178316679726,178929.24344885783,2.8805609773212937,0.03703656312383181,12993.533417754203,0.7327205758272923,15381.785977700167,20.690562070324177,297.8797008774641,-0.020521257491188237,1288692.7419136367,6.144579175706071,0.00024216309429315167,2.416560740595512e-05,6.501195644314359e-05,11018.133976253246,97369.5726690487,6689012.855723805,301.7545168706789,1320485.9407638623,0.1622985020226984,0.021107676530522448,0.17208381483159454,-0.21692819252569656,0.9761875635796301,0.002115300713977357,0.0011073710537563876,0.0027153007139773568,7.932377677415089e-05,liquid,True,-513.9772066164711
2.191588944689986,1.5573289147791045,2920.3071989278437,3575.770401930631,1.1477819568971972,4104.204749343017,7874954.596977248,1001.554339865967,811.0217470131079,296.9575084476386,5619136.511416591,224909.00383482242,757.1341997030623,14.493303850017643,177937.78707359434,2.8621517689378657,0.03702564411575571,12943.99873718031,0.733197279356471,15319.008805111278,20.665636464252557,297.8886368044995,-0.023268217922599654,1294089.3397711425,6.085325297842203,0.00024365256147614847,2.419475445940901e-05,6.527837490806482e-05,10973.37601153642,96598.4747546676,6654046.854820992,301.7597103390389,1318431.299402358,0.1626084873429434,0.021176334715856775,0.17240131264493697,-0.2155672091003115,0.976489005755161,0.0021239285560035615,0.0011085497679996588,0.0027239285560035614,7.964732085013356e-05,liquid,True,-513.1331102086083
2.197356277447112,1.5602660811245572,2919.8463863482934,3555.126777302376,1.1474575711560089,4079.3571370350737,7832085.409290972,999.9150966393893,810.1931435112265,296.85302608511364,5620235.827166045,224529.83169016987,758.4128992129222,14.410697065369828,176955.93076801504,2.8442593955190647,0.037014906015489145,12895.149259744452,0.733668419575772,15257.107604527471,20.640957148486002,297.89745100930054,-0.02600880869051436,1299463.6942691393,6.027167549067996,0.00024513666403986684,2.4223682865243224e-05,6.554322260290377e-05,10929.25854102628,95843.20571740887,6619597.435224469,301.7648341321645,1316408.2844933379,0.16291856807022476,0.02124456072126635,0.1727188104582794,-0.21420567305456464,0.9767885798018121,0.0021325020886987017,0.00110971407291924,0.0027325020886987015,7.996882832620132e-05,liquid,True,-512.2956925019259
2.203056766024719,1.5631767908459806,2919.391432934489,3534.797033195243,1.147137482278481,4054.8981690250353,7789855.776910654,998.2936760495961,809.3710194600934,296.74797967797565,5621321.518834649,224151.4947611907,759.684067704451,14.329339141823752,175983.7329899446,2.8268672078872057,0.03700434555868649,12846.975967279817,0.7341340265040018,15196.070352634966,20.616520849155513,297.90615958579866,-0.02874267288552557,1304814.4099971796,5.970087176556773,0.00024661531765184655,2.4252394652732146e-05,6.580648659780666e-05,10885.770646777275,95103.38434068057,6585655.872354792,301.769897564737,1314410.2794196194,0.16322874361864312,0.02131235433745138,0.1730363082716218,-0.2128439058530185,0.9770862151014267,0.002141021285761389,0.0011108641587868086,0.0027410212857613887,8.028829821605209e-05,liquid,True,-511.46485987429475
2.2086913838602653,1.5660612776144562,2918.9422466376027,3514.7754848634513,1.1468216121548125,4030.820487913316,7748254.162851298,996.689894769055,808.5553873799338,296.64235296520445,5622393.956918412,223773.98320602215,760.9481050869291,14.249199693173518,175020.9894486382,2.809951809530756,0.03699395999646277,12799.46492344459,0.734594215494101,15135.879811518931,20.592325858715224,297.91475456599085,-0.03147027090873422,1310143.7373580204,5.914048926017915,0.000248088448244859,2.4280890047609004e-05,6.60681778960061e-05,10842.90150552564,94378.48168588478,6552212.927845411,301.77489596498486,1312441.2672555936,0.16353901334297946,0.021379715626923725,0.17335380608496423,-0.21148209591159184,0.9773818716903031,0.0021494861550470953,0.0011120002166446878,0.002749486155047095,8.060573081426608e-05,liquid,True,-510.64063281394294
2.2142610646814256,1.5689197628379032,2918.498738835738,3495.0566305764946,1.1465099000610608,4007.1170282300045,7707269.726469296,995.1035217328083,807.7461860325976,296.53615998576885,5623453.4337111795,223397.2872991113,762.2050986768876,14.170255057274986,174067.6292424316,2.7934946034987247,0.03698374642404723,12752.606155670801,0.7350490371749204,15076.52302140741,20.568369254571518,297.92324401788034,-0.0341917452280875,1315452.1415904546,5.859027084900846,0.0002495559757688717,2.43091707374356e-05,6.63282905866348e-05,10800.640654206945,93668.06958020713,6519260.125005419,301.77983398640504,1310498.1844699539,0.16384937663179797,0.021446644499992375,0.17367130389830665,-0.21012000877911652,0.9776756015727629,0.0021578966852849155,0.0011131224311740728,0.0027578966852849153,8.092112569818433e-05,liquid,True,-509.8229420147173
2.219766716701033,1.571752462572154,2918.060823195692,3475.635100457479,1.1462022785003911,3983.7808713802983,7666891.699709894,993.5343627195984,806.9433986431512,296.4294145137621,5624500.233276781,223021.39743927485,763.4551340441285,14.092482192557268,173123.58048905665,2.777477938468311,0.0369737020018632,12706.388360796682,0.7354985701424149,15017.98567336939,20.54464892675281,297.9316360039585,-0.036907241554182325,1320740.0703205208,5.804996662098146,0.0002510178225875964,2.4337237486151954e-05,6.65868260730364e-05,10758.977881333303,92971.73672047014,6486788.945965611,301.78471628349945,1308577.967159561,0.16415983287311778,0.02151314087034093,0.17398880171164907,-0.20875765508694966,0.9779674030572788,0.002166252865628012,0.0011142309834446635,0.002766252865628012,8.123448246105046e-05,liquid,True,-509.01176263919274
2.2252092235756815,1.5745595877151484,2917.6284155928493,3456.505652737967,1.1458986914338622,3960.8053044061844,7627109.780678698,991.982191024844,806.1469590771359,296.322128783727,5625534.636253732,222646.30413685367,764.698283765404,14.015858865108704,172188.76514914184,2.761885420408173,0.03696382396430248,12660.802235174728,0.7359428591373248,14960.255616206896,20.521161947441886,297.9399305678771,-0.03961672879187004,1326007.8516544502,5.751934101417581,0.0002524739095071281,2.4365092058655513e-05,6.684377765020738e-05,10717.903219646749,92289.09130600274,6454791.350926368,301.78954284829234,1306681.004274099,0.16447038145442858,0.021579204655029015,0.17430629952499152,-0.20739504547073295,0.9782572745010346,0.002174554685653789,0.0011153260509989388,0.0027745546856537888,8.154580071201708e-05,liquid,True,-508.20702850925875
2.2305894453174613,1.5773413441915993,2917.2014340347755,3437.663170138206,1.145599066714783,3938.1837193901115,7587913.529926263,990.4468510613412,805.3568922112167,296.2143135627691,5626556.906635548,222271.99803019452,765.9346078597284,13.940363615200317,171263.09963419192,2.746701813321207,0.03695410961753734,12615.835445461838,0.7363820083696364,14903.317554129686,20.497907009830072,297.94811974046905,-0.042319995079406876,1331255.709833898,5.699816702287055,0.00025392416181001975,2.4392734329422884e-05,6.709915402177696e-05,10677.406939030481,91619.75980583196,6423258.990506926,301.794309009235,1304811.099452013,0.16478102176270562,0.02164483577449352,0.17462379733833394,-0.20603219057002076,0.9785452143099564,0.002182802135364051,0.0011164078079340485,0.0027828021353640507,8.185508007615191e-05,liquid,True,-507.4087724707477
2.2359082191616237,1.5800979331287002,2916.7797985883003,3419.1026563679143,1.1453033492102136,3915.90972363171,7549293.082170103,988.9281332111159,804.5731446850064,296.10598198373793,5627567.3077334305,221898.46986692006,767.164187616536,13.865975121592307,170346.5105946583,2.7319118905217055,0.03694455630618827,12571.478780811965,0.7368160675453828,14847.159533496595,20.4748814841561,297.95621157897483,-0.045017188686182805,1336484.069013089,5.648621825881389,0.0002553685019767452,2.44201657717487e-05,6.735295042421451e-05,10637.47953966746,90963.37589588366,6392184.146638662,301.79901942179225,1302965.1629977527,0.16509175318442573,0.021710034152549858,0.17494129515167636,-0.20466910102777686,0.9788312209387692,0.0021909952051851617,0.0011174764249813965,0.0027909952051851615,8.216232019444357e-05,liquid,True,-506.6169331060315
2.2411663603927674,1.582829551023412,2916.3634313098883,3400.819232743121,1.1450114821699306,3893.9770702752076,7511238.734338363,987.4258441639258,803.7956802262931,295.9971173040868,5628566.154904872,221525.71050511682,768.3874273679365,13.79266678235446,169438.8053022405,2.7174974368805396,0.036935161679447215,12527.72186440546,0.7372451077340341,14791.768395549929,20.45208307086581,297.9642141354464,-0.047709134502110624,1341695.3137812568,5.598319273523942,0.00025680685375204963,2.444738749923497e-05,6.760516885194389e-05,10598.11174543654,90319.51176785887,6361559.159434195,301.8036787423739,1301140.2014091802,0.16540257510558243,0.021774799716392925,0.17525879296501878,-0.20330578749008882,0.9791152928910032,0.002199133885968161,0.0011185320695839898,0.002799133885968161,8.246752072380604e-05,liquid,True,-505.83146609084673
2.2463646631319922,1.585536389901837,2915.9522561791164,3382.8081349145873,1.144723407302889,3872.379654451357,7473740.944860353,985.9398060131884,803.0244785124119,295.88776020039046,5629553.634312663,221153.7109143439,769.6040676077617,13.720424490944913,168540.02370215277,2.70344889955829,0.036925922965120886,12484.555544305855,0.7376691868256388,14737.132364890313,20.429509781865093,297.9721274480251,-0.05039513097812998,1346887.7602053585,5.548896623517345,0.0002582391421384743,2.4474400283644643e-05,6.78558063563571e-05,10559.294497536359,89687.90937556852,6331376.528323424,301.80828696401556,1299336.4578783226,0.16571348691170165,0.021839132396598068,0.1755762907783612,-0.20194226060570156,0.9793974287190358,0.00220721816898889,0.0011195749059716312,0.00280721816898889,8.277068133708337e-05,liquid,True,-505.05235106438676
2.2515039010872404,1.5882186374711245,2915.546199035085,3365.0647097036767,1.1444390707416445,3851.1115293587777,7436790.4629377965,984.4698315386481,802.2595022228043,295.77792069989084,5630529.984304741,220782.46216997664,770.814163402693,13.649228890507164,167650.0814592144,2.689753770226117,0.03691683769816497,12441.970675652763,0.738088362018409,14683.2396956598,20.407159382404785,297.9799435466808,-0.05307496569900624,1352061.6181851537,5.500333981020819,0.00025966529205309803,2.450120522070818e-05,6.810486110198069e-05,10521.018948328147,89068.24773077609,6301628.985066323,301.8128394153349,1297557.688732829,0.16602448798785696,0.021903032127121823,0.17589378859170363,-0.20057853102565237,0.9796776270241101,0.0022152480459480817,0.0011206050952340136,0.0028152480459480815,8.307180172305306e-05,liquid,True,-504.2795586761235
2.256584828268971,1.590876477264365,2915.145187515602,3347.5844120416186,1.144158419527461,3830.166890116303,7400378.23689795,983.0157401031324,801.5007182203726,295.6675809200252,5631495.497897554,220411.95545183562,772.0181122263094,13.579055062785208,166768.78622489213,2.6763959770904373,0.03690790369882667,12399.957452470973,0.7385027025585624,14630.07796680557,20.38502973510881,297.98767047864015,-0.05574946660560793,1357219.239274313,5.452603398736694,0.00026108522910071814,2.4527803319259234e-05,6.835233566553213e-05,10483.276455388546,88460.1400137329,6272309.380574217,301.8173407536254,1295800.8718553956,0.1663355777186852,0.021966498845302575,0.17621128640504607,-0.19921460940276933,0.9799558864563763,0.002223223508971446,0.0011216227953917996,0.002823223508971446,8.337088158642923e-05,liquid,True,-503.51304774173246
2.2616081796730825,1.5935100887788534,2914.749150998983,3330.3628020083106,1.143881398083604,3809.5400580868954,7364495.34122196,981.5773693849267,800.7481135731224,295.5567523959771,5632450.402637916,220042.18204624634,773.2159855359286,13.509884393458313,165896.06402934907,2.6633637482915202,0.03689911859338361,12358.506373088061,0.7389122783209826,14577.63514415996,20.363119087561987,297.9953162862376,-0.05841879140878901,1362360.9824258422,5.405685744250118,0.00026249888037722534,2.4554195153010985e-05,6.859823216254774e-05,10446.05857576433,87863.2859302156,6243410.656736782,301.8217956370712,1294062.8916084738,0.16664675548840208,0.022029532491861094,0.1765287842183885,-0.19785050639140564,0.9802322057148828,0.0022311445506097345,0.0011226281614657352,0.0028311445506097343,8.366792064786504e-05,liquid,True,-502.7527972868848
2.2665746719329594,1.5961196476081123,2914.358020548347,3313.395541966986,1.1436079635066887,3789.225528041006,7329133.288084066,980.1545180523744,800.0016186025605,295.44544527393754,5633394.918104925,219673.13333223408,774.4078427422091,13.441698916117623,165031.83609902987,2.6506461575227593,0.03689048006889997,12317.610107090612,0.7393171205917272,14525.901525954616,20.341424729957758,298.0028810025908,-0.06108291467552903,1367487.1130264488,5.359562966457229,0.0002639061709575758,2.4580382477517755e-05,6.884254297147879e-05,10409.35706042094,87277.39874617958,6214926.220187608,301.82620405962837,1292344.0516382619,0.1669580206808175,0.02209213301090095,0.17684628203173092,-0.19648623264697326,0.9805065835476066,0.002239011163838795,0.0011236213455438691,0.0028390111638387948,8.396291864395482e-05,liquid,True,-501.9987375999697
2.2714850039423005,1.5987053255680113,2913.971728858246,3296.6783937912014,1.1433380653129077,3769.217896716096,7294283.404136227,978.7470737669819,799.2612704848589,295.3336991025566,5634329.2014645925,219304.80079879105,775.5934128677974,13.374486782349182,164176.13597618448,2.6382363166546368,0.03688198561315663,12277.258703419626,0.7397173120969683,14474.864679714963,20.319945284671853,298.0103566570823,-0.06374094948538093,1372595.8634290819,5.314225110596876,0.000265307028514123,2.4606365469752028e-05,6.908527451737752e-05,10373.163848877448,86702.27195972677,6186849.161646485,301.8305613500295,1290647.9724023987,0.16726937267935138,0.022154300349908757,0.17716377984507334,-0.19512179882549666,0.9807790187514731,0.0022468233420596014,0.0011246024968469344,0.002846823342059601,8.425587532723505e-05,liquid,True,-501.25091382777657
2.276339857450373,1.6012672908173204,2913.590210203536,3280.2072161807555,1.1430716646517531,3749.5119230024293,7259937.681401885,977.3548199748059,798.526973521575,295.2214956907829,5635253.520971523,218937.17601910562,776.7730952148193,13.308224921412485,163328.7767501223,2.6261202326925277,0.0368736332450232,12237.445359789632,0.7401128772409832,14424.515530193828,20.298677821690866,298.017759289926,-0.06639391798914132,1377689.6076772832,5.269646835502942,0.0002667013788822007,2.4632146211301872e-05,6.932641847878843e-05,10337.47106402057,86137.56281781706,6159173.284237129,301.83487683275257,1288968.1964759207,0.16758081086704876,0.022216034459754334,0.17748127765841576,-0.19375721558330927,0.9810495101723475,0.0022545810790982725,0.0011255717617919528,0.0028545810790982723,8.454679046618522e-05,liquid,True,-500.50921423164897
2.281139897631157,1.603805707972997,2913.2134003903543,3263.977962063296,1.1428087002353986,3730.1024124225405,7226087.893858922,975.9776103505067,797.7987256405902,295.10884239233025,5636168.077661773,218570.2506690985,777.9469249257297,13.242897011353914,162489.67131127874,2.6142889485519287,0.03686542081501122,12198.160829725457,0.740503894247801,14374.842491688307,20.27762129509149,298.0250729274485,-0.06904141993850028,1382768.4531669905,5.225811940754668,0.00026808915397862846,2.4657724529110953e-05,6.956597963269587e-05,10302.271007090914,85583.0187984018,6131892.043338187,301.83914117118525,1287311.8280031052,0.1678923346265956,0.02227733529469069,0.17779877547175818,-0.19239249357653293,0.9813180567050642,0.0022622843692060714,0.0011265292840541116,0.002862284369206071,8.483566384522767e-05,liquid,True,-499.7736527131417
2.2858857736277907,1.6063207382204943,2912.841236709098,3247.986676078463,1.1425491205900327,3710.984320441591,7192726.033134421,974.6153074013403,797.0765265117496,294.9957197912971,5637073.123839498,218204.01652384936,779.1152943458158,13.17848106351949,161658.6346718911,2.6027296872642336,0.03685734644435186,12159.395402327082,0.7408904466612731,14325.833485085144,20.25677431458624,298.0323136049061,-0.07168448150831197,1387834.7378845466,5.182696351943297,0.0002694702843371228,2.4683100686962105e-05,6.980396645271049e-05,10267.556152834746,85038.32109968974,6104999.052833343,301.84336369070905,1285672.3944845425,0.16820394334033445,0.022338202812353984,0.1781162732851006,-0.19102764346079243,0.9815846572934075,0.0022699332070594013,0.0011274752046269772,0.002869933207059401,8.512249526472755e-05,liquid,True,-499.04421290684354
2.290578119073622,1.6088125394193526,2912.4736578893126,3232.2294921416624,1.142292889692005,3692.152766726221,7159844.557433029,973.2677230867935,796.3603043921792,294.8821995705541,5637968.744236699,217838.4654410841,780.2776249465372,13.114971924917526,160835.82019315613,2.591439879748609,0.03684940752749995,12121.144431506535,0.7412725339419566,14277.481885235595,20.236134273692286,298.03948135051303,-0.07432173008966828,1392884.8121178036,5.140299108112813,0.00027084469770915945,2.4708276454264206e-05,7.004036202168845e-05,10233.319144815163,84503.35809647637,6078488.537781091,301.8475443861786,1284049.9898998456,0.16851563639027953,0.022398636973763188,0.17843377109844305,-0.1896626758906962,0.9818493109301349,0.002277527587759762,0.0011284096618810826,0.002877527587759762,8.540728454099107e-05,liquid,True,-498.32082304166613
2.2952175525910974,1.6112812662043337,2912.1106040563795,3216.7026310844967,1.1420399560855001,3673.6029315438514,7127435.778547632,971.9347300262789,795.6500655172218,294.76822716266133,5638855.23332546,217473.5893756446,781.4345906781617,13.052343615893372,160020.91541403657,2.5804053776757447,0.036841602568394166,12083.397423145365,0.7416502556062754,14229.774834643367,20.215699982744194,298.0465681940069,-0.0769543019035921,1397922.7359976945,5.098590640963283,0.00027221232632775163,2.47332518996024e-05,7.027518085285728e-05,10199.552790876354,83977.77235382612,6052354.31487381,301.85167858627017,1282448.4457669451,0.16882741315813266,0.02245863774331979,0.17875126891178547,-0.18829741959687288,0.9821120515364624,0.0022850675068337126,0.001129332791620955,0.0028850675068337124,8.569003150626422e-05,liquid,True,-497.6034973232149
2.2998046693894167,1.6137270653427618,2911.7520173837547,3201.4024279392274,1.1417902818978378,3655.330180665153,7095492.46965629,970.6161639968693,794.9457608755889,294.65384513123087,5639732.723251359,217109.38036372347,782.5859487149104,12.990586068968314,159213.96735418998,2.5696206575490117,0.03683392930673971,12046.148647892289,0.742023633702834,14182.70462975457,20.195469309527518,298.05359016040074,-0.07958188032407654,1402946.930445519,5.057562988076141,0.00027357309752467615,2.4758028265484153e-05,7.050841331786975e-05,10166.250123146267,83461.39816938584,6026590.784395342,301.8557756182287,1280861.1220812488,0.16913927304728682,0.022518204973256503,0.1790687667251279,-0.186931999425204,0.9823728556871345,0.002292552945712267,0.001130244725375967,0.002892552945712267,8.597073546421002e-05,liquid,True,-496.8921707151882
2.304340065141459,1.616150088304535,2911.3978402215557,3186.3252515096206,1.1415438153510167,3637.32988455758,7064007.186981439,969.3119114824701,794.247409044646,294.5390282835288,5640601.441067497,216745.83054008542,783.7320424006908,12.929679629486342,158414.7764585378,2.559075743242313,0.036826386069683865,12009.388265076468,0.7423927629435145,14136.2591842508,20.1754413048136,298.0605312816503,-0.08220473546658313,1407959.4353910137,5.017195104786273,0.0002749269468918773,2.4782605368870244e-05,7.074007253022776e-05,10133.404223603939,82953.96227565935,6001191.963872924,301.85982614442787,1279295.1417066825,0.16945121542466998,0.02257733870727124,0.1793862645384703,-0.1855666799721438,0.9826316742727744,0.0022999839098866684,0.0011311455951117449,0.0028999839098866683,8.624939662075007e-05,liquid,True,-496.1868777629957
2.308824319745907,1.6185504824922003,2911.048016364331,3171.4675581970273,1.1413005337303184,3619.597616878657,7032973.210148066,968.0217591493322,793.5548914772755,294.42382029446003,5641461.511174246,216382.93210614414,784.8726388661227,12.869614560897896,157623.39220542394,2.548765391612146,0.03681897064174258,11973.113142805792,0.7427576184914904,14090.433587878395,20.155612650098924,298.0674155733675,-0.08482274679524097,1412958.7094879467,4.977479641069484,0.00027627380329152315,2.4806985958699995e-05,7.097013684946303e-05,10101.008341601808,82455.30823719005,5976152.788361703,301.86384415972367,1277740.4681391797,0.16976323966239223,0.02263603896559576,0.17970376235181273,-0.18420135775166546,0.9828885286757817,0.002307360401899314,0.0011320355299620157,0.0029073604018993136,8.652601507122428e-05,liquid,True,-495.48747590390803
2.313257996367246,1.6209283905733411,2910.70249112084,3156.825894352364,1.141060379758834,3602.128953842229,7002383.278130704,966.7456345342439,792.8682727242226,294.3082265761511,5642313.100116838,216020.67736477344,786.0077574627912,12.810377256497777,156839.7266535669,2.5386832830999295,0.03681168117688449,11937.313089895095,0.7431183099381443,14045.215480526105,20.135983216094385,298.0742190737613,-0.08743531412519998,1417944.8130654446,4.938403253503429,0.000277613603736575,2.4831168889749452e-05,7.119862286103866e-05,10069.055899632162,81965.23902624579,5951467.364982077,301.867815659455,1276207.516046624,0.17007534514105782,0.022694305726233897,0.18002126016515516,-0.18283597156491532,0.9831434318053055,0.0023146824189860834,0.0011329146560079154,0.0029146824189860833,8.680059071197813e-05,liquid,True,-494.7940536504613
2.3176416453590374,1.6232839524371954,2910.3612110032777,3142.3968825029096,1.1408233262282426,3584.919663826229,6972230.882646353,965.4833513960127,792.1874635279371,294.1922254246007,5643156.425429823,215659.0586881021,787.1377771413667,12.751948585604852,156063.59872520235,2.528819458403289,0.03680451609848027,11901.982624467359,0.74347485486272,14000.597494065962,20.116550278313813,298.0809577987551,-0.09004347810707442,1422919.9936099483,4.8999458254555845,0.0002789462787940658,2.4855156231186098e-05,7.142552311955556e-05,10037.540463893998,81483.49518973229,5927130.670973395,301.87174997252055,1274689.8020436491,0.17038753124103642,0.02275213897056819,0.1803387579784976,-0.18147053205218572,0.9833963829487562,0.002321949958807438,0.0011337830970278124,0.002921949958807438,8.707312345527894e-05,liquid,True,-494.106505729182
2.3219758046516965,1.6256173052734533,2910.0241236931015,3128.1772193990114,1.1405893299201308,3567.9655585457367,6942509.329499067,964.2347892442688,791.5124589908064,294.0758258101665,5643991.648715582,215298.0685331816,788.262753358481,12.69431505919822,155294.93764257702,2.519167304649248,0.03679747360454009,11867.114337410741,0.7438273139216088,13956.570277320032,20.097312603735862,298.0876397639765,-0.09264741441210492,1427884.5001585092,4.8620944682349165,0.0002802717637239719,2.4878948238435405e-05,7.165084115436576e-05,10006.455740563617,81009.88585834434,5903137.4015713,301.8756517619701,1273184.1614121718,0.17069979734247884,0.022809538683358714,0.18065625579184003,-0.18010504984991807,0.9836473814424347,0.0023291630194482737,0.0011346409745458758,0.0029291630194482735,8.734361322931026e-05,liquid,True,-493.4248192268299
2.326261000124849,1.62792858364796,2909.6911780081346,3114.1636741203915,1.1403583875970538,3551.2626661332465,6913212.3221629,962.9998256361976,790.8432268751321,293.9590334331596,5644818.926125513,214937.6994272911,789.3827109865351,12.637463974496548,154533.66218730915,2.5097211770744865,0.036790551956239564,11832.70216680682,0.7441757115616983,13913.12586193234,20.078267031046806,298.0942490069674,-0.09524671284167821,1432838.44289942,4.82483727067908,0.000281589984750083,2.4902547576783168e-05,7.187457440718601e-05,9975.795572182758,80544.23264551116,5879482.672392888,301.8795116891709,1271697.5826684255,0.1710121428253325,0.02286650485274186,0.18097375360518245,-0.1787395355904426,0.983896426671483,0.0023363215994177634,0.001135488407879389,0.0029363215994177632,8.761205997816612e-05,liquid,True,-492.74897786816473
2.3304977459650154,1.630217919575475,2909.3623238708965,3100.3530862400403,1.1401304379068897,3534.806921880834,6884333.371886129,961.7783329967795,790.1797604724997,293.84185704909675,5645638.408504137,214577.94398374646,790.4977040914104,12.581382441320809,153779.70263688447,2.5004749396982957,0.036783749422817556,11798.738863179435,0.7445201167348144,13870.255171734128,20.059413288277966,298.100793543854,-0.09784154835811416,1437782.0693892338,4.788161932503844,0.00028290088315995217,2.4925953357378745e-05,7.209672696129461e-05,9945.553934160083,80086.35609422279,5856161.310390705,301.88333441708454,1270226.8805578824,0.17132456706935675,0.0229230374702289,0.18129125141852487,-0.17737399990147742,0.9841435180698751,0.002343425697649183,0.00113632551418483,0.0029434256976491827,8.787846366184437e-05,liquid,True,-492.0789669286456
2.3346865450093137,1.6324854425896276,2909.0375122780865,3086.7423640436605,1.139905445554927,3518.594429798457,6855866.424138247,960.5701452871865,789.5219904011008,293.7243382984925,5646450.190032884,214218.79488495446,791.6074793810088,12.526062713726924,153186.58532870602,2.490323229756298,0.0367766711061399,11765.2204205741,0.74486053563749,13827.952583203007,20.040749427271233,298.1072813867653,-0.10043142236277489,1442713.7071826672,4.752062997672899,0.00028420439466712833,2.4949166787126507e-05,7.231728587316049e-05,9915.72493138181,79657.58190583582,5833168.660990299,301.88712460939814,1268768.790215716,0.17163706945413856,0.022979136530704512,0.1816087492318673,-0.17600845340582422,0.9843886551203694,0.0023504753134997217,0.0011371524085027679,0.0029504753134997216,8.814282425623957e-05,liquid,True,-491.4147090143355
2.3388278890758722,1.6347312798102105,2908.716695271192,3073.32848280277,1.1396833772773676,3502.621384763389,6827805.387030028,959.3751487565196,788.8699063900503,293.6064187156853,5647254.524266386,213860.24488989188,792.7126930251094,12.471482899056499,152397.36075551732,2.481819208257396,0.036770226186794985,11732.138532052659,0.7451970453790151,13786.2078609746,20.022274072825624,298.1137125553522,-0.10301767049120837,1447637.361929882,4.716516419504196,0.00028550045527331596,2.4972188382867242e-05,7.253626305974659e-05,9886.302794927675,79207.70695339807,5810499.847263205,301.89088226253256,1267323.685412635,0.1719496493591079,0.023034802032425136,0.1819262470452097,-0.17464290672089175,0.9846318373544896,0.002357470446750278,0.0011379692038016003,0.0029574704467502776,8.840514175313541e-05,liquid,True,-490.75619383469814
2.342922259281549,1.636955556007921,2908.399825908149,3060.108483099647,1.1394642436999594,3486.884198334969,6800144.322753301,958.1932988314954,788.2235579304115,293.4881698657606,5648051.454913071,213502.28683147152,793.8127555229981,12.417641075059294,151617.28056085488,2.473484547471807,0.03676389271054451,11699.486929515511,0.7455296865539569,13745.012964111378,20.003985081999772,298.120071093776,-0.1055985231467782,1452549.3459097112,4.681523792566556,0.00028678899072057297,2.4995019639857463e-05,7.27536600082538e-05,9857.281878888383,78765.52196424782,5788150.206231168,301.8945980366601,1265898.3542831033,0.17226230616355323,0.023090033977017203,0.18224374485855213,-0.17327737045839622,0.9848730643524697,0.002364411097605234,0.0011387760110201743,0.002964411097605234,8.866541616019628e-05,liquid,True,-490.1034868366355
2.3469701263477956,1.6391583936668115,2908.0868582360054,3047.079469202312,1.1392545763650332,3471.39922983667,6772997.087508003,957.001247196484,787.5852514810435,293.3695354916355,5648841.216017566,213144.9073009106,794.9083475889556,12.364515591127377,150845.95495505616,2.4653098584328164,0.03675766978144365,11667.25940405955,0.7458883968868704,13704.536032304486,19.989249122863992,298.1263809870206,-0.10817591238955748,1457453.7507275317,4.6471437492456,0.00028806827846391213,2.5013445824140177e-05,7.296854104675918e-05,9828.656657280942,78330.73584377822,5766142.960011445,301.89828593219755,1264483.0102164422,0.17257503924663703,0.02314483236947528,0.18256124267189458,-0.17191185522379873,0.985112335743245,0.0023712972666922274,0.0011395729391093176,0.0029712972666922272,8.892364750095853e-05,liquid,True,-489.45887049402296
2.3509719508940945,1.6413399130439328,2907.777747264623,3034.238607487895,1.1390491356450825,3456.1468632000256,6746267.686173894,955.8156480824239,786.9530494663836,293.25055491262555,5649623.895659841,212788.09769233796,795.9991944518005,12.312100049055944,150083.38001714385,2.457293468831025,0.03675155554035241,11635.452229349881,0.746251424735755,13664.641683189448,19.97561254376267,298.1326342656174,-0.11074894542106181,1462348.8209979767,4.613309484921606,0.00028933955632721753,2.5030521537429582e-05,7.318157498635495e-05,9800.421721058505,77903.237982255,5744451.790891123,301.90194127769297,1263081.1398819252,0.1728878479874111,0.023199197218160005,0.182878740485237,-0.17054637161613564,0.9853496512043687,0.0023781289550618857,0.0011403600950723135,0.0029781289550618855,8.917983581482071e-05,liquid,True,-488.8204152007662
2.354928183720793,1.6435002322269905,2907.4724489412733,3021.5831249127095,1.1388464281834705,3441.1191492662883,6719918.22196455,954.6431714670064,786.3263762416693,293.1312351707865,5650399.6275124885,212431.85117325475,797.0853360268684,12.26038334104016,149329.4277179756,2.449431365900239,0.036745548485622004,11604.05997346442,0.7466102910013671,13625.272559201376,19.962114336148485,298.13883094849217,-0.11331760484733924,1467234.7377157924,4.5799884975639245,0.00029060313131360735,2.5047446957789074e-05,7.339302723340262e-05,9772.571775211216,77482.86547804202,5723065.995607769,301.90556406970217,1261692.9256260048,0.17320073176483208,0.02325312853479599,0.18319623829857942,-0.16918093022745878,0.9855850104619954,0.002384906164187567,0.001141137584004352,0.002984906164187567,8.943398115703378e-05,liquid,True,-488.18754529317715
2.3588392660855058,1.6456394671921175,2907.1709201258177,3009.1103075274937,1.1386464184635112,3426.3126744278156,6693943.238316162,953.4837133871533,785.7052313639804,293.0115492808384,5651168.584092294,212076.16098180367,798.1671133110414,12.209349988787947,148583.85386980948,2.441717555180558,0.03673964746811755,11573.07546610726,0.7469650656954203,13586.419882661614,19.94875373050408,298.1449710543959,-0.11588255079705831,1472113.5696029232,4.5471649582862925,0.00029185894429993814,2.506422239477742e-05,7.360290706723672e-05,9745.10163595507,77069.41005737433,5701981.164422462,301.9091543048137,1260318.610744525,0.1735136899577769,0.023306626334469557,0.18351373611192184,-0.16781554164242787,0.9858184132908344,0.0023916288959650745,0.0011419055091309847,0.0029916288959650744,8.968608359869029e-05,liquid,True,-487.56026030958446
2.3627056299596996,1.6477577318542926,2906.873118567475,2996.817499036311,1.1384490309305177,3411.723977653506,6668337.240765806,952.3371465947034,785.0896032980918,292.8915036584024,5651930.890287764,211721.02043364957,799.2445627197335,12.158989477433991,147846.53777240316,2.4341483970303117,0.036733851047631626,11542.492459280536,0.7473158169132017,13548.075958942798,19.93553121715989,298.15105460190495,-0.11844376634469897,1476985.4858021229,4.514829228091133,0.000293106947264759,2.508084658258895e-05,7.381121887938052e-05,9718.006228005572,76662.72107146757,5681192.853563324,301.9127119796483,1258958.362982686,0.1738267219450582,0.02335969063562631,0.18383123392526426,-0.16645021643807342,0.9860498595140706,0.002398297152712352,0.0011426639718456124,0.002998297152712352,8.99361432267132e-05,liquid,True,-486.93854869618684
2.3665276982857435,1.6498551381213185,2906.5790028816486,2984.702099397617,1.138251422351518,3397.3414099348997,6643078.172870788,951.2034985404223,784.4808584516146,292.77113979492674,5652686.625757871,211366.4238108581,800.3174292617628,12.109295921335665,147117.47453389538,2.426722266576422,0.03672815749649597,11512.235066569217,0.7476645374470046,13510.16244100107,19.922543720913524,298.15708959178085,-0.12100076068957423,1481848.7860197804,4.482966302326958,0.0002943478088706905,2.5097196773880295e-05,7.401835502474555e-05,9691.280581933308,76262.69878486061,5660677.865692407,301.91624175995906,1257608.9196881652,0.17413982710543952,0.0234123214600687,0.18414873173860669,-0.16508496518331436,0.9862793490033257,0.0024049109371691757,0.0011434130717460332,0.0030049109371691756,9.018416014384408e-05,liquid,True,-486.32376885983376
2.3703058852197896,1.651931795943228,2906.288532527909,2972.761563466158,1.1380591084099188,3383.1783744335717,6618194.495715028,950.082337274288,783.8761969422435,292.6504633984249,5653435.9098544605,211012.36367200865,801.385741073242,12.060259293676808,146396.549583214,2.4194358068019763,0.036722565415873515,11482.440272492131,0.7480073727964728,13472.817166905748,19.909596849109498,298.1630680581814,-0.1235533141548994,1486703.6240948515,4.451589670230593,0.0002955800402239876,2.5113517053579295e-05,7.422352635025525e-05,9664.919831598643,75869.202162731,5640470.14572803,301.9197389736416,1256273.803195187,0.17445300481765094,0.023464518832953325,0.18446622955194913,-0.1637197984384962,0.9865068816786116,0.002411470252496816,0.00114415290667008,0.003011470252496816,9.043013446863061e-05,liquid,True,-485.7131288840621
2.3740405963669193,1.6539878133604944,2906.001667788639,2960.9933996742866,1.1378694231503368,3369.223851639335,6593665.262162419,948.9737134263328,783.2769346788763,292.529412976443,5654178.947740756,210658.83348980453,802.4501417905723,12.011860562644594,145683.41196759327,2.412281525587202,0.036717074110059846,11453.032991879507,0.7483462511909991,13435.96242582864,19.89678167555694,298.16899799983963,-0.12610297094371978,1491553.9403798685,4.420668326941731,0.00029680426235657756,2.5129692236320135e-05,7.442712090930298e-05,9638.919211662738,75481.99406419657,5620547.556741073,301.9232082868174,1254949.952715861,0.1747662544604043,0.023516282782788195,0.18478372736529156,-0.1623547267551134,0.986732457508251,0.002417975102277697,0.001144883572730369,0.0030179751022776967,9.067406633541364e-05,liquid,True,-485.10793667903664
2.3777322290079193,1.6560232965505568,2905.7183697484143,2949.39516875145,1.1376822567859697,3355.4745517387855,6569485.253861213,947.8774883574504,782.6830543651033,292.4080634358106,5654915.765990153,210305.82681793993,803.5100673721253,11.964099076707917,144978.18224388701,2.4052602278477346,0.036711681591872936,11424.008983865275,0.74868122364126,13399.592831380345,19.88409989093684,298.17487943213797,-0.1286483604993773,1496396.1316191277,4.390204649054333,0.0002980204393091899,2.5145719582101862e-05,7.462913333143318e-05,9613.27405517236,75101.03723908981,5600905.900940705,301.9266496966886,1253637.3873418302,0.17507957541240854,0.023567613341429865,0.18510122517863398,-0.16098976067541154,0.9869560765088149,0.0024244254905150305,0.001145605164348187,0.0030244254905150304,9.091595589431365e-05,liquid,True,-484.50817493296535
2.381381172318063,1.6580383498727551,2905.4386002740493,2937.9644824805814,1.1374976362311577,3341.927654152758,6545649.952532947,946.7935816126883,782.0945435518267,292.2863863846595,5655646.520873174,209953.3372578962,804.5658508605012,11.916960906259446,144280.63465789385,2.3983668241578777,0.03670638688119015,11395.362718279528,0.7490123230933848,13363.701393602913,19.871548825057864,298.18071237033007,-0.1311901461533171,1501232.2335905356,4.360184790915093,0.00029922850028108074,2.5161601866156704e-05,7.482956783804607e-05,9587.979791215961,74726.15427288272,5581541.613291937,301.9300632004814,1252336.3299805622,0.17539296705238497,0.023618510544080398,0.1854187229919764,-0.1596249107319354,0.987177738745066,0.002430821421632438,0.0011463177742865442,0.0030308214216324377,9.115580331121642e-05,liquid,True,-483.9138311814967
2.384987807578219,1.6600330759117177,2905.162321995317,2926.699002490174,1.137315593272088,3328.58041234594,6522155.116516727,945.7218673421587,781.5113342842413,292.1644217239462,5656371.278731649,209601.35844813456,805.61721974483,11.870441331526544,143590.7789347097,2.391600346676359,0.036701188354068506,11367.092245628199,0.7493395237306876,13328.28500417502,19.859125340687964,298.18648885139,-0.133727427265278,1506060.5265507835,4.330606241605658,0.0003004283736967655,2.5177342477192852e-05,7.502840760733694e-05,9563.031942648533,74357.26780768538,5562451.495186231,301.9334441255847,1251050.2091387494,0.17570642875908282,0.023668974429284315,0.18573622080531882,-0.15826018744720077,0.9873974443298792,0.002437162900473567,0.0011470214936824092,0.0030371629004735667,9.139360876775876e-05,liquid,True,-483.32484543285136
2.3885525083786328,1.6620075755192891,2904.8894982862926,2915.59643908094,1.137136243721129,3315.4303829431997,6498997.183917583,944.6621874210762,780.9332829144676,292.0421073855172,5657090.231264134,209249.88403128347,806.6648186438447,11.824522284136554,142908.27508436763,2.3849538420359506,0.03669608543519217,11339.1963016246,0.7496627605198353,13293.341154881891,19.846823025848995,298.19222484743784,-0.13626196055892273,1510884.9147510843,4.301450838820693,0.00030161996618739803,2.5192948984771396e-05,7.522563276973876e-05,9538.426123883113,73994.15942534416,5543633.009454778,301.93680180884564,1249772.605940946,0.17601995991129413,0.023719005038925243,0.18605371861866124,-0.1568956013332633,0.9876151934241766,0.002443449932301669,0.0011477164120781566,0.0030434499323016687,9.162937246131259e-05,liquid,True,-482.7410580670297
2.3920756408156763,1.6639619478550434,2904.620093247308,2904.6545500858692,1.136957128206206,3302.4676956967196,6476156.984406039,943.6146933020502,780.3616995715346,291.9194829725479,5657803.441034055,208898.9085036376,807.7083733273427,11.779199464719014,142233.13759026336,2.37842655867996,0.03669107654982621,11311.606168573368,0.7499838237234423,13258.798613885978,19.834726568923845,298.1979123943635,-0.13879284630654082,1515703.6710427604,4.27270653765101,0.0003028038703612605,2.5208313220882885e-05,7.542161466670872e-05,9514.1580387465,73636.75960765842,5525065.990272746,301.94013157785076,1248506.944739085,0.17633355988786917,0.0237686024182226,0.18637121643200366,-0.15553116289139216,0.9878309862368417,0.0024496825227991845,0.0011484026174522419,0.0030496825227991843,9.186309460496942e-05,liquid,True,-482.16378717717106
2.395557563681879,1.6658962904254588,2904.3540716874854,2893.8711397626444,1.1367957234756274,3289.7403359717136,6453887.285310254,942.5313664909295,779.7341991871631,291.79655502384315,5658511.010361811,208548.41245743958,808.7479244209411,11.734464091752798,141565.26171268927,2.3720156523625944,0.03668616049735538,11286.40339807993,0.7502617105986338,13226.86897088441,19.82186604410574,298.2035594826179,-0.1413202798541694,1520516.94131323,4.244534940686819,0.0003039753591082814,2.5224668499295038e-05,7.560368233791729e-05,9490.22347839714,73284.95122222639,5507061.085136008,301.9434381002238,1247250.0221395784,0.17664722806773187,0.023817766615728132,0.1866887142453461,-0.15416688261164138,0.9880448230246482,0.0024558606780673057,0.001149080196249133,0.0030558606780673055,9.209477542752397e-05,liquid,True,-481.5306397045452
2.398998628649481,1.667810699121783,2904.0913991078364,2883.2440577174048,1.1366574625805337,3277.260874645467,6432305.98174456,941.3834464062056,779.016015303449,291.6733282352743,5659213.039423013,208198.3698094404,809.783494127007,11.690307826672555,140904.55149791454,2.3657186249961297,0.03668133607931306,11264.692325125288,0.7504757496747384,13198.732949992418,19.807870143839907,298.2091581495029,-0.14384403832861986,1525324.8741875738,4.217007203249451,0.00030513286498993754,2.524249181608736e-05,7.576484832209401e-05,9466.6183193032,72938.62507681343,5489765.426722802,301.9467167032971,1246005.316564461,0.17696096382989457,0.023866497683322226,0.18700621205868853,-0.15280277097245298,0.9882567040921808,0.002461984404625513,0.0011497492334085091,0.003061984404625513,9.232441517345675e-05,liquid,True,-480.80685715394605
2.4023991804478264,1.6697052682566764,2903.8320416848956,2872.771197858799,1.136521353114754,3264.965808979575,6411034.363454173,940.2481211972677,778.3043875922253,291.5497734053016,5659909.667041938,207848.7748320142,810.815415141708,11.64671803831974,140250.79592500778,2.3595310681867416,0.03667660247751413,11243.27264209893,0.7506869733605661,13170.978099844382,19.79401802322827,298.2147163836383,-0.1463649976938971,1530129.4661148386,4.189863998719319,0.00030628192100809096,2.5260156852097956e-05,7.592450556210516e-05,9443.338521278638,72597.62793530496,5472714.837103258,301.94997205502654,1244769.6857210626,0.1772747665534738,0.02391479567621026,0.18732370987203095,-0.15143883844035824,0.988466629791737,0.00246805370941112,0.0011504098123937569,0.00306805370941112,9.255201410291701e-05,liquid,True,-480.08967120858705
2.405759557034796,1.6715800905996518,2903.575966254866,2862.4504973814287,1.1363873681894479,3252.8525872918576,6390068.356227691,939.1253233968991,777.5993236880756,291.42589471441175,5660600.98687425,207499.62185335805,811.8437068502654,11.603686825539535,139603.90459444368,2.3534507189296185,0.03667195854093763,11222.139662155036,0.7508954314130953,13143.598509111125,19.780308952573627,298.2202262237131,-0.1488829340005843,1534930.8613126026,4.163098493415656,0.00030742247709188196,2.5277663822078207e-05,7.608266482780962e-05,9420.380125575606,72261.85837586044,5455906.119971267,301.95319948249505,1243546.5928179843,0.17758863561770488,0.023962660652918685,0.18764120768537337,-0.15007509546952125,0.9886746005232531,0.0024740685997787777,0.0011510620152197775,0.0030740685997787775,9.277757249170416e-05,liquid,True,-479.37909746436253
2.409080089762558,1.673435257411376,2903.3231402982774,2852.279935777712,1.1362554855191143,3240.9187232635322,6369404.182746515,938.014927837871,776.9007633657025,291.301733840303,5661287.053031864,207150.9052448091,812.8681142210004,11.561210347188172,138963.89091099525,2.347476809159442,0.03666740282037649,11201.291831173403,0.7511011216571389,13116.591664055952,19.766741811973873,298.225695656542,-0.15139736665227269,1539727.3319901282,4.136709175977239,0.0003085544826600966,2.529501345017421e-05,7.623931777493308e-05,9397.739253031166,71931.25487466915,5439336.442648591,301.95640365398583,1242332.7669636083,0.17790257040195734,0.024010092675291087,0.1879587054987158,-0.1487115525013758,0.9888806167342096,0.0024800290834999794,0.001151705922480123,0.0030800290834999793,9.300109063124924e-05,liquid,True,-478.6750677091605
2.412361103537852,1.6752708584768774,2903.0735319251075,2842.2575338772967,1.136125683184154,3229.1617824616524,6349037.993929502,936.9168567121651,776.2086975681436,291.1772601095056,5661967.996067762,206802.61942818516,813.888957710249,11.519276694259284,138330.55448125547,2.3416053614050827,0.036662934554618845,11180.724305267937,0.7513040953239299,13089.951503341324,19.75331566158912,298.2311246939424,-0.153908962910242,1544520.866596111,4.110684504976494,0.00030967788775131626,2.531220624253295e-05,7.639447707233608e-05,9375.412102266651,71605.67687647183,5423002.781612839,301.9595845673515,1241128.3948097257,0.17821657028574994,0.02405709180848407,0.18827620331205822,-0.14734821996431027,0.9890846789195298,0.002485935168762546,0.0011523416133734808,0.0030859351687625458,9.322256882859547e-05,liquid,True,-477.97757287420126
2.415602916977011,1.6770869821376952,2902.8271098603714,2832.3813529131444,1.135997938446518,3217.5793778036914,6328966.1500414675,935.830990447896,775.5230700747098,291.05251446006497,5662643.868206551,206454.75886767593,814.9059739389238,11.477882414737264,137703.9141726512,2.3358358166167505,0.03665855232284396,11160.435527962545,0.7515043519438749,13063.675545796475,19.74002948609168,298.23651334764276,-0.15641703134119828,1549309.7473966535,4.085023127671015,0.00031079264334500943,2.532924281355746e-05,7.654813505543407e-05,9353.394947937917,71285.0695134712,5406902.401133437,301.96274222046145,1239933.54038046,0.17853063464876576,0.02410365812096308,0.18859370112540064,-0.14598510827317285,0.9892867876215016,0.0024917868641700985,0.0011529691657295301,0.0030917868641700983,9.34420074063787e-05,liquid,True,-477.2865567270671
2.418805842555956,1.6788837153230212,2902.5838434301527,2822.649493613476,1.1358722253646163,3206.169161735046,6309184.885321686,934.7572668974858,774.8438888898202,290.92742961918617,5663314.8332668105,206107.31808005454,815.9197710008211,11.437011910605499,137083.66723744414,2.330162784428968,0.03665425574993645,11140.419334891107,0.7517019670972747,13037.756340900207,19.72688265336763,298.2418616292826,-0.15892291920593563,1554097.8020926598,4.059709033000431,0.0003118987020194659,2.534612329711627e-05,7.670031360096378e-05,9331.684139034902,70969.2586557302,5391032.279330617,301.9658766112017,1238748.4416997784,0.1788447628708672,0.02414979168449802,0.18891119893874309,-0.14462222782901987,0.9894869434296599,0.0024975841787415105,0.001153588656034174,0.0030975841787415103,9.365940670280664e-05,liquid,True,-476.60202726053757
2.4219701867553334,1.6806611435798628,2902.343702548063,2813.0600953187536,1.1357485204655087,3194.9288412388373,6289690.62357708,933.6955929587912,774.1711251399272,290.8020826227804,5663980.899882336,205760.291627507,816.9297950287653,11.396666095280617,136469.9426460369,2.3245874273245413,0.03665004311083304,11120.674367194406,0.7518969396659326,13012.191659655082,19.71387433405782,298.247169550412,-0.1614252553631846,1558881.4659426382,4.034745913008706,0.0003129960164033728,2.536284808999704e-05,7.685100451606069e-05,9310.276097228872,70658.23444322082,5375389.721015737,301.9689877374745,1237573.0943959586,0.17915895433211101,0.024195492574158844,0.1892286967520855,-0.14325958901864516,0.9896851469806995,0.0025033271219103486,0.001154200159454177,0.0031033271219103485,9.387476707163808e-05,liquid,True,-475.9239555895152
2.4250962502010025,1.6824193511022778,2902.1066577021115,2803.611335122939,1.1356267985615685,3183.856164916588,6270479.78240668,932.6458976646188,773.5047742776471,290.67644204574435,5664642.18999898,205413.67412114827,817.9363623328135,11.35683378688833,135862.54892733833,2.3191061237275283,0.03664591372772697,11101.195885443794,0.7520893237308078,12986.975626349458,19.7010038918703,298.2524371224922,-0.16392470761458103,1563662.7149879253,4.010122977483096,0.0003140845403191128,2.537941735072328e-05,7.70002215120113e-05,9289.167315265831,70351.86860985468,5359971.89514849,301.97207559719897,1236407.6707395848,0.17947320841276332,0.024240760868310975,0.18954619456542793,-0.14189720221432983,0.9898813989583528,0.0025090157035243038,0.0011548037498612163,0.0031090157035243036,9.40880888821614e-05,liquid,True,-475.2523371551549
2.4281843278000466,1.6841584207597036,2901.8726799419683,2794.301427038281,1.1355070438715174,3172.948953102201,6251549.051846286,931.6080635717208,772.8447739387507,290.5505132988718,5665298.786903499,205067.46020907527,818.9395069754464,11.317507919034318,135261.40052235796,2.313716820727281,0.036641866609392344,11081.981981925326,0.7522791238546838,12962.105424087173,19.688270085290718,298.25767232486646,-0.16642148143398505,1568441.6481421806,3.9858346399123277,0.0003151642257031262,2.53958320275967e-05,7.714796071182415e-05,9268.354355404676,70050.07370553384,5344776.306397135,301.97514486001097,1235248.9634319004,0.1797875244933145,0.024285596648610634,0.18986369237877035,-0.14053507777332952,0.990075700093303,0.0025146499338445987,0.0011553994998553647,0.0031146499338445986,9.429937251917245e-05,liquid,True,-474.5871016138842
2.431234708872472,1.685878434124422,2901.6417408666157,2785.12862118291,1.135389233317454,3162.205049895362,6232895.030955505,930.5820111499258,772.1911067451526,290.42426341269294,5665950.807509841,204721.64458440887,819.9395327931067,11.27867785127534,134666.3151065259,2.308416244036802,0.03663790111054828,11063.02842588781,0.7524663862921,12937.575753120647,19.675672205984604,298.26286719936314,-0.16891602945906853,1573220.2526668198,3.961870577492191,0.0003162350272108667,2.541209239336274e-05,7.729423340835643e-05,9247.833847898662,69752.73045500355,5329800.282437242,301.9781908524303,1234100.4595692954,0.18010190195449413,0.02433,0.19018119019211277,-0.13985404936819817,0.9901721289126036,0.002520229823545383,0.0011559874807880188,0.003120229823545383,9.450861838295186e-05,liquid,True,-473.9282395457895
