x_mm,regime,p_bar,pr,G,q_gas_MW,q_c_MW,x_eq,hfg_kJ,rho_ratio,sigma_mN,Bo,We,Co,v,c_hem,Mach_hem,Tb_C,Tsat_C,T_sl_C,q_nb_max_MW,chf_hm_MW,x_di,Twc_C,Twg_C
180.10190195449414,liquid,58.59003110960906,0.8087165420846559,9247.833847898662,7.610089466185238,7.850318612468049,-0.2140934395638891,139.08718288710676,3.6146105006542943,1.101277459911681,0.006103235866848287,123486.63351272859,0.39969596160684556,11.256406377654395,,,17.425614262399563,26.63002617549131,29.73382530859425,0.9247617111920247,1.046856833402931,,130.5573837750569,386.2950540603025
179.7875244933145,liquid,58.583258731181395,0.8086230631367876,9268.354355404676,7.634181878153433,7.878294957702881,-0.21088745941493717,139.1157946665451,3.615637473353546,1.1019922153007906,0.006110168202746461,123882.6004530195,0.3999925946507471,11.298031919013496,,,17.581466902108616,26.624777913227604,29.73063675527095,0.9257434239900693,1.0481561539239836,,130.5952027945201,387.0411709167089
179.4732084127633,liquid,58.57643480672463,0.8085288727005374,9289.167315265831,7.658618473420181,7.906687913364425,-0.20767772892247083,139.14461797093315,3.6166723995875616,1.1027125593759257,0.006117181956550536,124284.93115813962,0.400292912797711,11.340202036359823,,,17.736882963227913,26.619482629696847,29.727420030436008,0.9267356405200478,1.049471682060191,,130.6313523067214,387.7944145738462
179.15895433211102,liquid,58.56955840664695,0.8084339579447761,9310.276097228872,7.683432432654706,7.935539380811137,-0.20446476521688545,139.17365658912368,3.617715423622988,1.1034385936733875,0.006124305592578675,124693.70177931736,0.40059696495093033,11.382924332261249,,,17.891856608015246,26.614155819592042,29.72418455544704,0.927732756819163,1.0508035988172468,,130.66629893468087,388.55876738075233
178.8447628708672,liquid,58.56262819654367,0.8083383004507537,9331.684139034902,7.7086139923971055,7.9648383832327765,-0.20124736859185355,139.2029160146261,3.618766751247685,1.1041704625924302,0.006131526429785012,125108.9848813667,0.4009048063398163,11.426211072649295,,,18.04641524279475,26.608781964107948,29.720920913137604,0.9287401171602065,1.0521521035962633,,130.69970781634788,389.3323306612648
178.53063464876575,liquid,58.55564319471035,0.8082418866680313,9353.394947937917,7.734167815116807,7.994591517607772,-0.19802555954028353,139.23240024648695,3.6198265348745315,1.1049082734191107,0.006138845389053828,125530.85953455018,0.4012164881062796,11.470070531370473,,,18.200550766783294,26.603361049527052,29.717629105890637,0.9297576147052803,1.0535173851336446,,130.73152351289457,390.11518093488223
178.21657028574995,liquid,58.548602409558725,0.8081447029097444,9375.412102266651,7.760098646204138,8.024805500874066,-0.19479960394064696,139.26211332085705,3.620894928530731,1.1056521346000654,0.006146263387056892,125959.40656271756,0.40153206231344635,11.514511038310134,,,18.354255789239176,26.597900818405947,29.714313845221966,0.9307823832029655,1.0548996354909128,,130.761692708675,390.907398369715
177.90257040195735,liquid,58.541504805074055,0.8080467348758106,9397.739253031166,7.786411355370647,8.055487275865984,-0.19156927482460398,139.29205945661005,3.6219720931034747,1.1064021593959608,0.006153781408510105,126394.70812095959,0.4018515824404563,11.559541348265723,,,18.50752116109038,26.592393501942468,29.71097042417989,0.9318170624903663,1.0562990514511836,,130.79015350979017,391.70905977069845
177.58863561770488,liquid,58.534349333813026,0.8079479681083995,9420.380125575606,7.8131108865377525,8.086643879777318,-0.188334835971253,139.3222429158951,3.6230581913378503,1.107158462400326,0.006161400408761239,126836.8481773253,0.40217510294702186,11.60517015892084,,,18.660339267468714,26.58684684402857,29.7076035540519,0.9328587747003925,1.0577158333167394,,130.81684963023076,392.5202479904625
177.2747665534738,liquid,58.52713492531567,0.8078483878319827,9443.338521278638,7.840202327193343,8.118282623283072,-0.18509582040208003,139.3526680528761,3.6241533895992704,1.107921160767876,0.006169121445692726,127285.91240038026,0.4025026794529112,11.65140673480949,,,18.812699837569085,26.581245315358046,29.704203819485997,0.9339129226230166,1.0591501854248444,,130.84171218784496,393.3410399906576
176.96096382989458,liquid,58.519860098383354,0.8077479736016171,9466.6183193032,7.867690900634402,8.150411332534269,-0.18185201664973702,139.38334094812535,3.6252579167498715,1.108690415222242,0.006176945786781805,127741.98293866638,0.40283437411087886,11.698264268866453,,,18.96463145962838,26.575604418336184,29.70078064051711,0.9349738073971107,1.06060233120119,,130.86466250549643,394.17150877394545
176.64722806773187,liquid,58.51252450290751,0.8076467205847642,9490.22347839714,7.895581741496558,8.183036709188306,-0.17860439708776227,139.41426290797529,3.6263718300513914,1.109466267016016,0.006184873951128953,128205.15938052394,0.4031702343447431,11.745744004388975,,,19.11605221103804,26.56990862025299,29.697324602382537,0.9360469334136784,1.0620724536684374,,130.88567310429653,395.0117634804484
176.33355988786917,liquid,58.50512621717078,0.8075446022560137,9514.1580387465,7.92388037821393,8.216167431241558,-0.175352028721506,139.4454418587807,3.627495425538756,1.110248923747354,0.006192907552201629,128675.52212259978,0.40351033017998955,11.793863808138816,,,19.267025893308244,26.5641734264546,29.693845124611812,0.9371265357100474,1.0635607999445331,,130.90463845436085,395.8618645638286
176.01995991129414,liquid,58.497664444593575,0.8074416076201996,9538.426123883113,7.952592266936666,8.249811089100172,-0.17209493274271165,139.4768809780722,3.6286288285448687,1.1110384741660788,0.006201047477014148,129153.16904398512,0.40385471703586,11.84262968222746,,,19.41750513503314,26.558375538801783,29.690328084892712,0.9382208402656592,1.0650675771090203,,130.9215010896089,396.721906672151
175.70642875908283,liquid,58.49013758336514,0.807337714567574,9563.031942648533,7.981723073611621,8.283976245404242,-0.16883312986800414,139.5085868304944,3.6297722868557867,1.1118350923691247,0.006209295079175003,129638.18926121868,0.40420346240688887,11.892055670848343,,,19.567518293253272,26.552538225960063,29.686787610673207,0.9393213469922653,1.06659302692776,,130.93617645939867,397.5919693964571
175.39296705238496,liquid,58.48254438172995,0.8072329058201904,9587.979791215961,8.011278584042714,8.318671402696618,-0.16556593080031032,139.54056449895404,3.630925995257251,1.11263891558633,0.0062176516119088,130130.67894279366,0.4045566299287702,11.942152577533843,,,19.717052760786487,26.54663818459852,29.683209580539426,0.9404362343307882,1.0681373812442452,,130.94857783274716,398.47213369088024
175.07957541240853,liquid,58.474884010344546,0.8071271699306446,9613.27405517236,8.041264529828311,8.353904530777498,-0.16229454895877893,139.572817281673,3.6320900845019257,1.113450036478529,0.00622611788897017,130630.74244626009,0.40491427839204924,11.992926316170568,,,19.866065662882647,26.540690923575312,29.679603413419784,0.9415598686897321,1.069700859202994,,130.9586632344034,399.36251255597074
174.7662544604043,liquid,58.46715475514646,0.8070204832397808,9638.919211662738,8.071687010434598,8.38968499701188,-0.15901805513948924,139.60535219572367,3.6332648199435202,1.1142686415421992,0.0062346954782127,131138.47431843984,0.40527647984729576,12.044392280561084,,,20.01458082159735,26.53468866236875,29.675964404396325,0.9426948252504153,1.0712837180398846,,130.9663237813408,400.26317817559413
174.45300481765094,liquid,58.4593552742613,0.806912827225745,9664.919831598643,8.102552126603037,8.426021783426853,-0.15573670629141156,139.6381746836233,3.634450410566964,1.1150948780559469,0.006243385599825186,131653.97666746174,0.4056433022504994,12.096561458793516,,,20.162588797686226,26.52863914925655,29.67229726401098,0.9438381705136976,1.0728862044438698,,130.97148208200133,401.1742262680947
174.1398271054395,liquid,58.451484648717816,0.8068041892040027,9691.280581933308,8.133866062834008,8.462923694020812,-0.15245054531244565,139.67128840179453,3.635647001237584,1.1159288486629777,0.006252189292107317,132177.3600214934,0.40601480877654983,12.149441083151627,,,20.310042089136743,26.52251906767117,29.668587873142087,0.9449981577281718,1.0745085526176545,,130.9740708520008,402.0957621292588
173.82672194505818,liquid,58.443540621897895,0.8066945380265179,9718.006228005572,8.165635373672336,8.500401225143394,-0.14915886211731488,139.70470262699524,3.636854940377631,1.1167707979349384,0.00626110845823785,132708.71878397267,0.4063910822316055,12.203051489713534,,,20.45700121448283,26.516351697896084,29.664850357239004,0.9461661669328467,1.0761510528458949,,130.97395821267185,403.02785216213
173.5136899577769,liquid,58.435522189870504,0.8065838598360592,9745.10163595507,8.197866504575998,8.538463626426422,-0.14586193557302285,139.73842135779233,3.638074386160372,1.1176208379092676,0.006270144175327774,133248.16745786666,0.40677218920753166,12.257400348998196,,,20.60341907680254,26.51012148658657,29.661075305116015,0.9473476633381096,1.0778139508689915,,130.9710750061218,403.9706067492631
173.20073176483208,liquid,58.427427891211074,0.8064721344606244,9772.571775211216,8.230566101929742,8.577120828942578,-0.14256002164767834,139.77245050990354,3.6393055665102856,1.1184791292960377,0.00627929779651464,133795.81684678968,0.4071582037939292,12.312499713950139,,,20.749285573363863,26.503836182192117,29.657267427291345,0.9485396943162039,1.0794975144736834,,130.965333660218,404.9241275307646
172.8878479874111,liquid,58.41925622896314,0.806359341237766,9800.421721058505,8.263740991077883,8.61638311133591,-0.13925291779752114,139.80679614036944,3.640548714964399,1.11934583678031,0.006288570777524847,134351.7799972038,0.4075492017659566,12.368362217159664,,,20.894588462780348,26.497487995396,29.653422020376354,0.9497448813306573,1.0812020171969112,,130.9566349601056,405.8885119282992
172.57503924663703,liquid,58.41100520064081,0.8062454525272276,9828.656657280942,8.297398259045016,8.656261609369913,-0.13593993676234647,139.84146642188543,3.6418041421987595,1.1202211788981289,0.006297964952948256,134916.16556729618,0.4079452671401804,12.425005433947181,,,21.039349509114743,26.491076904568274,29.649539088145445,0.9509629915911212,1.08292775679318,,130.9448474701378,406.8638399751336
172.26230616355323,liquid,58.40267367614876,0.8061304527303355,9857.281878888383,8.33154491343046,8.696766535709932,-0.13262159692967812,139.87646585223627,3.6430720263884413,1.12110528187081,0.006307481494193318,135489.09746333933,0.40834647308531197,12.482437901142736,,,21.183522460441623,26.48459511547452,29.645613928064677,0.9521967057130752,1.08467500155625,,130.92989746677983,407.8502325378578
171.9496493591079,liquid,58.39425959374692,0.8060143133889499,9886.302794927675,8.366188323667203,8.7379095135896,-0.12929766240202614,139.91180283442714,3.64435268770727,1.1219983710010732,0.006317122264352627,136070.68926183306,0.40875290699312816,12.540677595132571,,,21.32713037104031,26.478058149898573,29.641655956842953,0.9534401871994611,1.0864440608715045,,130.9116546889424,408.8477775523844
171.63706945413855,liquid,58.3857617391263,0.8058970177419982,9915.72493138181,8.40133582714991,8.77970135754414,-0.1259684274326821,139.94748220270463,3.645646317599602,1.1229005818954205,0.006326888537712883,136661.06966071704,0.40916464581125606,12.599733755053116,,,21.47012592395896,26.47145043984125,29.63765576584092,0.9546989060623868,1.088235215813941,,130.89003583047366,409.85659692377806
171.32456706935676,liquid,58.37717794066566,0.8057785358146536,9945.553934160083,8.436995146335057,8.822154363887673,-0.1226334305306643,139.98351280154904,3.64695325348261,1.1238121520355153,0.0063367823105946,137260.35669736203,0.4095817811491654,12.659625258705299,,,21.61253038264755,26.464779735159595,29.633618065344137,0.9559698068329399,1.0900487898591853,,130.864897270632,410.87677749153465
171.0121428253325,liquid,58.368506426101575,0.8056588431444145,9975.795572182758,8.473174079009397,8.865280597714316,-0.1192924796607737,140.01990178780548,3.6482737722617773,1.124733276784375,0.006346805312904414,137868.6772574432,0.41000440046888653,12.72036680770288,,,21.754329660633402,26.458038236968775,29.629538153631756,0.957255493364176,1.091885095945086,,130.83611650838964,411.90842362313754
170.69979734247883,liquid,58.35974539324562,0.8055379148557249,10006.455740563617,8.50988058008241,8.909092400428696,-0.11594560666718101,140.05665643346026,3.6496081556736115,1.1256641549545439,0.00635695928979231,138486.1610149938,0.4104325930847141,12.781973302174713,,,21.89551049040699,26.451225919418732,29.62541603522095,0.9585557640844392,1.0937444533831728,,130.80357189225793,412.95164422365826
170.3875312410364,liquid,58.35089299305596,0.8054157254263125,10037.540463893998,8.547122804899265,8.953602507699397,-0.11259262505897139,140.09378419629257,3.6509566928745567,1.1266049906168074,0.006367246077112732,139112.94026373373,0.41086645043811737,12.844460176436577,,,22.036058278788914,26.444334978311588,29.621247009316505,0.9598732241193767,1.0956271886570106,,130.76713253836976,414.0065463730108
170.07534514105782,liquid,58.34194734487603,0.8052922488975283,10069.055899632162,8.584909034128536,8.998823838270631,-0.109234004601052,140.131292655544,3.652319678131403,1.1275559914919058,0.006377667447959503,139749.15021757226,0.41130606592640506,12.907842739942067,,,22.17596149442403,26.43738094240649,29.617040491431112,0.961202036590466,1.0975336349628586,,130.72667867755655,415.0732484590786
169.76323966239224,liquid,58.33290646738635,0.8051674579212752,10101.008341601808,8.623247819483936,9.044769898259753,-0.10586934160259762,140.1691898009401,3.6536974213551,1.1285173763039151,0.006388225380820412,140394.92807603485,0.4117515359071031,12.972137363227727,,,22.315203966351703,26.430348227877232,29.612787075681695,0.9625476040290286,1.0994641350699854,,130.6820654737645,416.15185714381244
169.45121542466998,liquid,58.32376784541194,0.8050413177806643,10133.404223603939,8.662148040896007,9.091455248495809,-0.10249795812717565,140.20748584697498,3.655090314153976,1.1294894208842723,0.00639892229639818,141050.406674957,0.41220296578570575,13.037365777673909,,,22.453802736844636,26.423236804757323,29.60848676730876,0.963909635967094,1.1014190585524917,,130.63310993984567,417.24245924680883
169.13927304728682,liquid,58.314529945036455,0.8049138073030916,10166.250123146267,8.701618446224703,9.138893299276992,-0.09912060313143345,140.24618688302854,3.6564985989212153,1.1304722970322079,0.006409759785320939,141715.73695112535,0.4126604489348695,13.103539654672021,,,22.591711636435605,26.41604664273973,29.604139571614667,0.965287971943843,1.103398742263479,,130.57970919264585,418.34519723472715
168.82741315813266,liquid,58.30519065767594,0.8047848973838324,10199.552790876354,8.741668183109311,9.18709865393491,-0.09573731199567874,140.28530139458854,3.6579226059652115,1.131466237989971,0.006420739944834244,142391.06573756633,0.41312408868458855,13.170676308862527,,,22.728915928121978,26.4087777111763,29.59974549396395,0.9666823747121726,1.1054035529963415,,130.52171391961792,419.460189482803
168.51563639027952,liquid,58.29574726240118,0.8046545504659779,10233.319144815163,8.782306818303967,9.236087200979783,-0.09234740750647528,140.32484041730692,3.659362759345393,1.1324715425461467,0.00643186542441869,143076.53489164656,0.41359399881865244,13.238798975387716,,,22.865431267296458,26.401429979077193,29.595304539783115,0.9680925248457141,1.1074338887517632,,130.45892241185595,420.58752648561915
168.20394334033446,liquid,58.28619749266865,0.8045227352644916,10267.556152834746,8.823543865758554,9.28587440494277,-0.08895071507244261,140.3648130686093,3.6608194142429062,1.1334884615276932,0.006443138502103226,143772.2942906497,0.41407028751781055,13.307926106605848,,,23.00124055891615,26.39399562992736,29.5908120104329,0.9695209943072143,1.1094901308461529,,130.3911645329586,421.7273201793165
167.8923346265956,liquid,58.27653903787367,0.8043894198861627,10302.271007090914,8.865389120659364,9.336476212037045,-0.08554727413220736,140.40522863565448,3.662292932955216,1.1345172508396277,0.006454561511000326,144478.49871133248,0.4145530660669151,13.378076534286743,,,23.136327579037413,26.38647462886803,29.586267912017775,0.9709675251640361,1.1115726720879329,,130.31826987319317,422.87968966378196
167.58081086704877,liquid,58.26677010210787,0.8042545795421189,10337.47106402057,8.90785240853138,9.387908138850598,-0.08213783619650947,140.4460942377466,3.6637835996411523,1.1355581119364626,0.006466136351270235,145195.31484386724,0.415042440445337,13.449263939561309,,,23.27064581723465,26.37886694062746,29.581672250717475,0.9724319278205861,1.1136818916393505,,130.24011253105368,424.0447873522195
167.2693726793514,liquid,58.256887092957164,0.8041181646463698,10373.163848877448,8.950944400955587,9.440188889122512,-0.0787210165689067,140.48742449321443,3.6652919730294586,1.1366114381122616,0.006477866530067454,145922.88631977915,0.41553854371836996,13.521519367072093,,,23.404238678741592,26.37117252952038,29.57702503278699,0.9739137718793925,1.115818246807891,,130.15640860072045,425.22267130308467
166.9580206808175,liquid,58.2468880716361,0.803980148437915,10409.35706042094,8.99467544373365,9.49333508205255,-0.07529736086437289,140.5292270859836,3.6668183599753275,1.1376774469158384,0.00648975417805672,146661.38610388144,0.41604148783187445,13.594857783512536,,,23.537057576647555,26.363383569938037,29.5723215611805,0.9754156900089392,1.1179821365325684,,130.06701094626385,426.41349154091824
166.64675548840208,liquid,58.23677043483108,0.8038404949832902,10446.05857576433,9.03905631320363,9.547364688754328,-0.0718669120788867,140.57151246283695,3.6683631692001004,1.1387564271503263,0.006501801967858723,147410.98149250026,0.41655139609678493,13.669300084639799,,,23.6690850417545,26.35550002202757,29.56756184288497,0.9769373912304371,1.1201739934214991,,129.97172134764884,427.6173715442825
166.33557771868522,liquid,58.2265309326234,0.8036991594239599,10483.276455388546,9.083925918825061,9.6017231014145,-0.0684290021001206,140.61429375393408,3.669926908667882,1.1398487370769073,0.00651362375288967,148171.83429429177,0.4170684030236277,13.744873619834408,,,23.800332375981213,26.347521845443964,29.562745884976664,0.9784784971475841,1.1223942833681406,,129.91285645841845,428.86108532154196
166.02448798785696,liquid,58.21616732736158,0.8035561108736836,10521.018948328147,9.129556252638091,9.657294425227857,-0.06498438563824094,140.65757984061503,3.671509932284826,1.1409546274879734,0.006525811556537834,148944.12650458535,0.41759263113136125,13.821594654107608,,,23.930751911056007,26.339448999349372,29.55787369462172,0.980038764441846,1.1246434397806424,,129.82562182372425,430.1042164835968
165.71348691170166,liquid,58.20567681457314,0.8034113106224072,10559.294497536359,9.17586533002694,9.71378752445285,-0.06153290412979059,140.70138195405036,3.6731126810287753,1.1420744101321834,0.006538156835915016,149728.0361574513,0.4181242131420395,13.899486023160051,,,24.06032387371431,26.331273648364743,29.552940576490187,0.9816207274362838,1.1269219265712411,,129.73296711682326,431.36143420446217
165.40257510558243,liquid,58.19505587445777,0.8032647100864266,10598.11174543654,9.22286496652304,9.771222502071371,-0.05807389366037439,140.74571429087572,3.6747357057500523,1.143208473679209,0.006550662567459384,150523.73493862496,0.41866329415704384,13.978577080383163,,,24.189057800166836,26.322995747157734,29.54794653853901,0.983223977945582,1.1292302444214515,,129.63466567127512,432.63286419122244
165.09175318442573,liquid,58.184301493644696,0.8031162676722702,10637.47953966746,9.270567067372788,9.829619150603184,-0.054607202073359305,140.79058891074217,3.676379480542795,1.1443571533370496,0.006563331318243195,151331.40731446905,0.41921001457966117,14.058892143434733,,,24.31693241614431,26.314607453413487,29.54288688665531,0.9848510354825744,1.1315688823133863,,129.53053224939435,433.9186644320022
164.78102176270562,liquid,58.173410568148235,0.8029659405357114,10677.406939030481,9.318983787775633,9.888997747638774,-0.051133078496755933,140.83601822938195,3.678044493962768,1.1455207945802213,0.006576165660551079,152151.24141705668,0.4197645185634614,14.140455767085147,,,24.443928749126826,26.306116514646703,29.537766331600835,0.9864986917623221,1.1339383415467954,,129.4203851523838,435.219001586962
164.47038145442858,liquid,58.16237990079547,0.8028136845462629,10717.903219646749,9.368127622805444,9.949379307978644,-0.04765137317320948,140.88201502827908,3.6797312494517853,1.146699753453783,0.006589168328691054,152983.42912504217,0.42032695412602855,14.223293630287303,,,24.57002473184673,26.297515084922736,29.532580179902993,0.9881694460854478,1.1363391360998976,,129.30402611873694,436.5340386661775
164.15983287311778,liquid,58.15120548878408,0.8026594444533574,10758.977881333303,9.418011611466556,10.010786547702173,-0.044161427446540814,140.9285954228649,3.6814403743506934,1.1478944727876386,0.006602342702466995,153828.1548041036,0.42089748326498644,14.307438312860354,,,24.695226625394127,26.288803112855646,29.527328440593863,0.9898628305838993,1.1387718214756115,,129.1811930321253,437.8639060250149
163.84937663179795,liquid,58.139885293324895,0.8025031921156457,10800.640654206945,9.468648373007055,10.073239616682336,-0.040664516751461384,140.97576731699567,3.6831721962962627,1.1491051860890196,0.00661569051830937,154685.63963416946,0.4214762430349432,14.39290423506712,,,24.81945645754405,26.279972745084592,29.52200642150632,0.9915815151156463,1.1412368839104208,,129.05179523800416,439.20884726496354
163.53901334297947,liquid,58.12841443206788,0.8023448601421884,10842.90150552564,9.520051879889087,10.136763817705678,-0.03715908282344755,141.0235504396185,3.684927478635211,1.1503324316421153,0.006629216011054288,155556.06496949372,0.42206341334833475,14.479732210590672,,,24.942745295754207,26.271016122515732,29.51660943147948,0.993327796975302,1.1437349334836506,,128.91548653234867,440.5689551510087
163.2287436186431,liquid,58.116790004317416,0.802184408494766,10885.770646777275,9.572235601469393,10.201381631494762,-0.03364627857318239,141.0719562342006,3.686706682333707,1.1515765365377402,0.006642921588003,156439.64964280618,0.4226591490892434,14.567943851122,,,25.065046208200442,26.261948791707823,29.511146883018114,0.9950956147095326,1.146266510817211,,128.77211610133537,441.94445077820967
162.91856807022475,liquid,58.10500750422116,0.802021774979226,10929.25854102628,9.625213988702967,10.267118902808367,-0.030125063519209922,141.1210028007361,3.6885105148237938,1.1528380004043843,0.006656811174185961,157336.5924783665,0.4232636307682145,14.657575666104105,,,25.186359767917622,26.25275508813678,29.50560938437303,0.9968901939497792,1.1488322314475736,,128.62137278648407,443.33546414773457
162.6084873429434,liquid,58.093063053039394,0.8018569060574338,10973.37601153642,9.679001692438671,10.33400122577152,-0.026595306132718943,141.1707055960346,3.690339588450358,1.1541172566094633,0.006670888203329995,158247.1109273426,0.42387703415935507,14.748658462403137,,,25.30666030859743,26.24342714253646,29.499992246178294,0.9987139844801485,1.1514327012784333,,128.4630049321047,444.7421735165941
162.29850202269841,liquid,58.08095264716752,0.8016897464677482,11018.133976253246,9.73361348567129,10.402054656438178,-0.02305725806451038,141.22108056515506,3.6921945355729466,1.1554147527416934,0.006685156094837945,159171.4222856996,0.4244995382461873,14.84122321529294,,,25.42592465685459,26.233972695030673,29.494300180533685,1.0005636518784056,1.154068533977498,,128.29676198075066,446.16476020319953
161.98861271002542,liquid,58.068672154624736,0.8015202391765552,11063.543672919299,9.789064630783258,10.471306334369702,-0.019510790267493094,141.27214415439232,3.6940760091523814,1.1567309510323378,0.00669961850785789,160109.74921045324,0.42513132756176486,14.935302381897994,,,25.5441261475969,26.2243838718461,29.48852849887561,1.0024416162326177,1.15674036190136,,128.12237162819264,447.6034022595942
161.6788200140127,liquid,58.0562173086844,0.8013483252903479,11109.616649947893,9.845370799005734,10.541784285424459,-0.01595596533285186,141.32391333606765,3.6959846837783648,1.1580663290854474,0.00671427920570048,161062.31932969915,0.42577259221151487,15.030929166660824,,,25.66123910303503,26.21466060336951,29.482677213470765,1.0043473950116557,1.1594488358560764,,127.93955656171983,449.05828442370205
161.369124543126,liquid,58.04358367314076,0.8011739435763034,11156.364748334998,9.90254813045496,10.61351766032913,-0.012392474333702112,141.37640575103075,3.6979212610487124,1.1594213836539364,0.006729142199587966,162029.3641437544,0.4264235282085505,15.128138303418494,,,25.777234167107622,26.20478719511715,29.47673693784151,1.0062862826731807,1.1621946255850433,,127.7480152659706,450.52958580517236
161.0595269051933,liquid,58.030765915525954,0.800997020430519,11203.800110803812,9.960613424493783,10.68653773416202,-0.008820049200926387,141.4296427245644,3.6998865810840544,1.160796708696105,0.006744212214741447,163011.10695400168,0.427084347903436,15.226971776669199,,,25.892112369876315,26.194779193702175,29.470717084535636,1.0082518613624183,1.1649784496660958,,127.5473803346016,452.01745500977006
160.75002770738956,liquid,58.017760052186766,0.8008175008667416,11251.935191296436,10.019583410338985,10.760874468931421,-0.005238909918602116,141.48363993909305,3.701881278372843,1.1621927545551507,0.006759492939589186,164007.80063262963,0.42775524827718836,15.327459637193954,,,26.005816352717886,26.18461308203166,29.46460356949666,1.0102524072531331,1.167800984853537,,127.33739262670554,453.5221162056033
160.44062755622127,liquid,58.004560410188546,0.8006353065816152,11300.782764828262,10.079475842064104,10.836561480819114,-0.0016486056778492542,141.53842005026024,3.703906247666273,1.1636101540062478,0.006774989544689457,165019.6768410519,0.42843645415099907,15.429646533010189,,,26.118343832938194,26.174296589526534,29.458401106747658,1.0122843611488836,1.1706629897531353,,127.1176472077708,455.0437152946939
160.13132705751138,two-phase,57.984558856715374,0.8003592257048038,11350.355937721168,10.139251853158363,10.909148554865617,0.002070521008409738,141.62138748138116,3.7069757670525325,1.165759016511322,0.006786604332486082,165934.24501290268,0.4292220570293434,15.598531400939931,61.96025063540195,0.25175061819436007,26.158661866833995,26.158661866833995,29.449004079301403,1.015368010788417,1.1681861633468276,-3.827809831239157,127.12941434779259,456.7258933189479
159.82212681638381,two-phase,57.95839022045154,0.7999980207586797,11400.668158232753,10.199066614654663,10.979150032243682,0.005904597475949907,141.72986108039714,3.7109936501441743,1.168572371339387,0.006794805875465371,166761.2369571056,0.43010334812847795,15.825338006704438,62.44138058430101,0.25344311510439665,26.138197144951732,26.138197144951732,29.436709240749565,1.0194129426663752,1.161123188498092,-3.833506968606357,127.34566432165741,458.5561227063032
159.5130274372484,two-phase,57.931820337048926,0.7996312774096489,11451.733227599334,10.259788672094967,11.050281086026256,0.009746826297896227,141.83991097969377,3.7150753949572612,1.17143110572892,0.006803049843178252,167598.94043690656,0.43099857342081066,16.055276443183775,62.9225657380036,0.2551592779931223,26.1174118669079,26.1174118669079,29.424227840205106,1.0235305718097525,1.1540087394188898,-3.8392490534980928,127.56413850371905,460.41052212972465
159.20402952378566,two-phase,57.90483009415063,0.7992587318503899,11503.565311511953,10.321434778091898,11.122564167924798,0.013599521604373903,141.95161258154045,3.7192240510260395,1.1743373808647022,0.006811333216797847,168447.30775290597,0.43190817586218144,16.288514091356703,63.40384121856391,0.256901061170843,26.096290020580568,26.096290020580568,29.411550547810236,1.0277246539252927,1.1468356134489568,-3.8450358039889876,127.78487730163897,462.28947646601557
158.8951336789314,two-phase,57.877420530519665,0.7988803984189189,11556.178952044898,10.384022243321178,11.196022980422496,0.017460405474517576,142.06495770088478,3.723439576864973,1.1772911937029165,0.006819657382785795,169306.6432232574,0.4328323166854431,16.525028445598686,63.88521760147653,0.25866748312080184,26.074831224494858,26.074831224494858,29.39867743153843,1.031995890118405,1.1396083906415304,-3.8508676702962785,128.00789204870762,464.1933613429543
158.58634050486194,two-phase,57.84957107579426,0.7984959931831146,11609.589080057944,10.447568697078935,11.2706812660537,0.021331775891228706,142.1800273781255,3.727725259453024,1.1802948741316617,0.006828019086117984,170176.88443631312,0.4337714698411377,16.764991912834343,64.36673164628554,0.2604605125045496,26.053019424007232,26.053019424007232,29.385599169173815,1.036347898969448,1.1323198016535017,-3.8567444702028055,128.23322330503584,466.1225783347028
158.27765060297875,two-phase,57.821278853898875,0.7981054764445875,11663.811028094347,10.5120923560158,11.346564071025458,0.025212053593667075,142.296829314383,3.7320816705130784,1.1833488503891902,0.006836418990024239,171058.28067372114,0.43472586270904245,17.008415662381132,64.84839860118839,0.2622796557703962,26.03085420617191,26.03085420617191,29.37231583440422,1.0407808840251194,1.1249725724017539,-3.862665418504416,128.46088260093245,468.07752036399745
157.96906457389332,two-phase,57.79252950679331,0.7977086500197148,11718.860543797742,10.577611784395959,11.423696521634412,0.029102114280951344,142.415418472495,3.7365111552001444,1.1864547946259305,0.006844855129844107,171950.88843359836,0.43569589172618217,17.255416494034318,65.3302475808986,0.2641259926753973,26.008319471571326,26.008319471571326,29.35881811308019,1.0452993957605687,1.1175629901382922,-3.8686304119056594,128.69091065913466,470.0586067302935
157.66058301741222,two-phase,57.76331180298496,0.7973053588805219,11774.753803872456,10.644146101209728,11.502104786379535,0.033001948922198446,142.53583669166346,3.7410155848429603,1.1896140480399482,0.006853326381542427,172854.82445198027,0.4366819145622916,17.506077012814863,65.8123038582435,0.2660000636130609,25.98540693087017,25.98540693087017,29.34510139095977,1.049905498757559,1.1100896127433533,-3.874639085371954,128.9233337385757,472.06625733009525
157.35220655065982,two-phase,57.733614920316015,0.7968954536490706,11831.507484318941,10.71171499956896,11.581815870687064,0.03691154345108857,142.65812392262163,3.74559677501877,1.192827913798325,0.006861831748945539,173770.22047182827,0.43768428956910654,17.760482254860424,66.2945921667177,0.2679024287561246,25.962108273914964,25.962108273914964,29.331161057578413,1.054601344832959,1.102550937495912,-3.880689796056288,129.15817838694522,474.100903621306
157.0439357859314,two-phase,57.70342770094941,0.7964787803140516,11889.138708377975,10.780338748542466,11.662857872198636,0.040830711033612306,142.7823212951084,3.750256600643584,1.1960977377461401,0.0068703703897064474,174697.20875818556,0.4387033859330027,18.01871307477619,66.77713760501038,0.2698335646154474,25.938423018837852,25.938423018837852,29.316997199188847,1.0593860699903013,1.0949458992913095,-3.8867872989459826,129.39545672459053,476.16297798545577
156.73577128873313,two-phase,57.67273336031561,0.7960551071985261,11947.66493231543,10.850037732065486,11.745258210803016,0.044760630602123576,142.908492847665,3.7549978139535303,1.1994254826335602,0.0068789395864523395,175635.82515157576,0.4397396581632384,18.280910389832997,67.25997199695517,0.2717947963264178,25.914319263082234,25.914319263082234,29.30259113471874,1.0642700435874406,1.0872696628438012,-3.8929243318474347,129.63523847483998,478.25295223281057
156.4277136554808,two-phase,57.64152067006069,0.795624279317843,12007.104200509495,10.920833335320003,11.82904689876974,0.048700933042276975,143.03667951285357,3.7598223185934994,1.2028125170333002,0.006887538735432327,176586.2125967405,0.44079348912331023,18.547154159109486,67.74312042117599,0.2737865342457975,25.889804323001442,25.889804323001442,29.287947652580954,1.0692494671403037,1.0795215069426685,-3.8991040877531873,129.87752132955035,480.3712693539802
156.11976348170987,two-phase,57.609779426465025,0.7951861558303485,12067.475065308441,10.992747330358268,11.914253854666836,0.05265104766778523,143.16691780076192,3.764731868218959,1.2062601052267063,0.006896166903721433,177548.53978930318,0.4418652538883755,18.817515197747152,68.2266067021869,0.27580904440824233,25.864861939001514,25.864861939001514,29.27305746758566,1.0743297296794108,,-3.9053267891455605,130.1223465674326,482.51840886600905
155.81192136206076,two-phase,57.577493082082924,0.794740508332118,12128.79660484673,11.065802090448726,12.000909898501062,0.05661179169906355,143.29927000597706,3.7697292071210566,1.2097702083186184,0.006904821945782808,178522.86974562934,0.44295542537696003,19.092130496896278,68.71046223062783,0.27786351418817734,25.839475813251,25.839475813251,29.257911301444608,1.0795153880678163,,-3.911588717811099,130.3697555478489,484.6948614394056
155.50418789026395,two-phase,57.54464756092075,0.7942871425326093,12191.088441618296,11.140020743106323,12.08904745284797,0.060582950214818285,143.4337879960841,3.7748167081412674,1.2133445279991066,0.006913502629841306,179509.31662643797,0.44406444866369976,19.37109500122057,69.19471538416344,0.2799504975730274,25.813645343164296,25.813645343164296,29.24250926241166,1.0848053258862826,,-3.917893576458403,130.61976087708638,486.901112447708
155.19656365912496,two-phase,57.51122832795765,0.793825857805341,12254.370761844832,11.215426865036319,12.178698924020404,0.06456478780184471,143.57052523818348,3.779996826110034,1.216984824886538,0.006922207108460212,180507.99394268388,0.4451927831363738,19.65452743386138,69.67939505443425,0.2820708678441749,25.787346301813955,25.787346301813955,29.2268373937286,1.0902075230538844,,-3.924238112245198,130.87241859452166,489.13768458559264
154.88904926050998,two-phase,57.47721725338621,0.793356403905094,12318.664335678894,11.292044833529877,12.269898395776707,0.06855793255403296,143.70954959601605,3.785272585105575,1.2206932611181436,0.006930933255842482,181518.95792106036,0.44634094773569005,19.942568528875935,70.16453437527441,0.28422576600043087,25.760570155486846,25.760570155486846,29.21089112556541,1.095723420712257,,-3.930621136832241,131.12775600867434,491.40509607361776
154.5816452853308,two-phase,57.44260270836238,0.7928786203192628,12383.990538284415,11.369899654380836,12.362680671986064,0.0725617716167183,143.8509020450991,3.790646013181442,1.2244713001461633,0.006939680089282938,182542.39023497363,0.44750937665600443,20.235304922532023,70.65015868839342,0.2864155622322237,25.733300463929027,25.733300463929027,29.194661205512148,1.101358505331477,,-3.9370432183266724,131.38581498430176,493.7038863740087
154.27435232353037,two-phase,57.40736459557837,0.7923922296452767,12450.37137183903,11.449017120073755,12.457081992096965,0.0765769179362958,143.99465783607064,3.796120465456498,1.2283213397954436,0.006948445203465172,183578.32731532154,0.44869863414356304,20.532884634122517,71.13630339086171,0.2886414341957528,25.705528625363684,25.705528625363684,29.178143076175388,1.1071140300270843,,-3.9435033071093204,131.64662316765703,496.03459991578995
153.96717096406795,two-phase,57.37149119179427,0.7918970700675866,12517.829488505688,11.529423771569913,12.553139742632073,0.08060258932660296,144.14085770941213,3.8016980100405524,1.2322448742950942,0.006957227900520615,184626.96640224804,0.4499091734275676,20.83539392736791,71.62299387893772,0.29090370004059557,25.67724600833435,25.67724600833435,29.161332185626748,1.1129924942703944,,-3.950001744867414,131.91020842816863,498.39779500563975
153.66010179490476,two-phase,57.33496029540914,0.7913928351381229,12586.388214423836,11.611146793528373,12.650891810584401,0.08463969357955471,144.28958477628333,3.8073823580590123,1.2362445550036238,0.006966025101435718,185688.32215504246,0.4511416074683852,21.143003197836315,72.11026797306293,0.2932037807117062,25.648428169195654,25.648428169195654,29.14421461649829,1.1190011286343635,,-3.956537024933053,132.17662751355175,500.7940608198443
153.35314540298927,two-phase,57.29775074709039,0.7908792327952161,12656.071574773094,11.694199382327922,12.750356409238432,0.08868896848259573,144.44091746113298,3.813177075973691,1.2403229334842103,0.006974822568746861,186762.4361028633,0.452396544208509,21.45588063208565,72.59816219374186,0.29554302731282084,25.61905849467678,25.61905849467678,29.126781147929023,1.1251443095890907,,-3.9631058633885345,132.44574497419524,503.2216789650789
153.04630237424263,two-phase,57.25985142884808,0.7903561095775659,12726.904319966003,11.77864132804827,12.85161864615094,0.09274891376932407,144.5948929725215,3.8190841824038544,1.2444814733758887,0.006983644066986276,187849.54403421833,0.4536744575402533,21.774091055163627,73.08670056814503,0.29792138495651155,25.589128220748364,25.589128220748364,29.109027252227577,1.1314248340962485,,-3.969711926285565,132.71795888333503,505.68604412876186
152.73957329354425,two-phase,57.22123138045984,0.7898230381420985,12798.911953029405,11.864486370718545,12.954697509150357,0.09682178228176991,144.7516287275988,3.8251088058316247,1.2487238291729355,0.0069924724862528214,188949.52443690822,0.4549761171763951,22.097886355077886,73.5759317553817,0.3003412369760651,25.558612741720594,25.558612741720594,29.090939041567026,1.1378489075594442,,-3.9763510391045225,132.99313499375836,508.1853149114901
152.43295874471755,two-phase,57.181883487018446,0.7892799202819507,12872.120758237852,11.951765257848955,13.059636841771217,0.10090536690030545,144.91114489598547,3.831252374651359,1.2530510517617275,0.007001308384476102,190062.70712393947,0.45630196107718995,22.4273060562901,74.06587556296881,0.30280214587111726,25.52750319735884,25.52750319735884,29.072512005905367,1.1444200650033218,,-3.983023944841233,133.2713023885089,510.72012698239416
152.12645931051526,two-phase,57.14177413540149,0.7887262920361449,12946.557831066577,12.040509549418282,13.166481239770993,0.10500189311842001,145.07356867491254,3.8375204723496745,1.257467119929975,0.00701014683183408,191188.93932408793,0.4576528199511696,22.762613002638048,74.55658307760761,0.305306547899921,25.495774865042392,25.495774865042392,29.053732278805455,1.1511442995259176,,-3.9897282681869424,133.55251897820187,513.291149656021
151.82007560312064,two-phase,57.100890602740655,0.7881619777912895,13022.251211913735,12.130752050726914,13.275277686734603,0.10910982959957329,145.2389421056755,3.8439154412335506,1.2619737311356938,0.007018987488200608,192328.47011715194,0.4590292370057582,23.103889854743358,75.04808068719143,0.30785450664678404,25.46341878152424,25.46341878152424,29.03459536917626,1.1580244712142371,,-3.9964649729118706,133.83681488149676,515.8990576345883
151.51380819293885,two-phase,57.059205240058226,0.7875865959093271,13099.229681790326,12.222526300791845,13.386073846483894,0.11322999672752204,145.40736716887744,3.850441978453534,1.2665742435864304,0.007027826778464778,193481.27668740493,0.4604319815384368,23.451342367843555,75.54041235856228,0.3104476350556407,25.430410099529922,25.430410099529922,29.015087433445842,1.165067645833778,,-4.003231865225221,134.12424864343097,518.5445560623504
151.20765763912573,two-phase,57.01669036746139,0.7869997643254805,13177.522896202036,12.315866803385433,13.498918621223638,0.11736333836819968,145.57894535163007,3.8571048125205545,1.271272039834839,0.007036661033265839,194647.34417465955,0.4618618362195335,23.805191042935007,76.03362203526035,0.31308768944211846,25.396715965453268,25.396715965453268,28.995189963486496,1.1722842186992697,,-4.0100231752081115,134.41489322177154,521.2283764780601
150.90162451998088,two-phase,56.97332289816493,0.7864011643735059,13257.16152395116,12.410809471695167,13.613863843717496,0.1215096663158363,145.75375900434435,3.8639079787533204,1.2760700156360616,0.007045488185769871,195826.75663644145,0.4633195319521087,24.165604181630087,76.52774821578146,0.31577571201352406,25.362327218263374,25.362327218263374,28.974898504566283,1.1796758083085173,,-4.016842941802724,134.70877978074998,523.9512493139997
150.59570941266188,two-phase,56.92908606998205,0.7857905646854135,13338.177217258888,12.507378273808117,13.730943835346197,0.12566741749753169,145.9318644705064,3.870854544772905,1.280970385524164,0.007054297581451296,197019.7305162072,0.4648057225169363,24.532684764486692,77.02282197467888,0.3185118921318122,25.327234650605874,25.327234650605874,28.95420861061558,1.1872450362252112,,-4.023689900322466,135.0057856448721,526.7118070080707
150.2899128931702,two-phase,56.88393888409061,0.7851673993556209,13420.602651302283,12.605640276709744,13.850255154300397,0.12983914286830575,146.11341505196737,3.877951412945869,1.2859780709278497,0.007063105032228599,198226.03270991176,0.46632142670318466,24.906759984003596,77.51890230656547,0.3212991830754306,25.29138929903303,25.29138929903303,28.933092462310128,1.195007124504316,,-4.030558261130733,135.3063566177275,529.5155553106262
149.98423553633717,two-phase,56.83786003577804,0.7845313743157831,13504.471565676438,12.705619119067553,13.971831914529345,0.13402393479250915,146.29848406631362,3.8852024250356423,1.2910958361325697,0.0070718970784629685,199445.81640762687,0.4678673945575163,25.28798192224614,78.01602610934235,0.3241382980312801,25.25478178178912,25.25478178178912,28.91154564566864,1.202964286787639,,-4.037450880041608,135.61033743273106,532.3607243344692
149.67867791580983,two-phase,56.79082030969901,0.7838820863073149,13589.81880789185,12.807343495774408,14.095714949745801,0.13822183793463144,146.4871759829396,3.892612698113125,1.2963273468022791,0.007080661545072696,200679.09658488788,0.46944450673501636,25.67656139445577,78.51423895905889,0.3270306346323343,25.21738675943044,25.21738675943044,28.88955440762527,1.2111241299389206,,-4.04436239962171,135.9176481250948,535.2461652191524
149.3732406040371,two-phase,56.742785565968404,0.7832190640983481,13676.68037902461,12.910875021918487,14.221994194846182,0.14243356374699662,146.67961425492075,3.9001881615649148,1.3016768439568458,0.007089409129589405,201925.8057316989,0.4710537323288269,26.072753189214623,79.01359172762895,0.32997807869677787,25.179178794486972,25.179178794486972,28.86710501320124,1.2194936569206491,,-4.051294783216597,136.2285790977068,538.1759032105589
149.067924172256,two-phase,56.69372787649015,0.782541922198162,13765.093481644619,13.016282126881856,14.350770110495555,0.14665857588183326,146.87589664698632,3.9079338038579547,1.307147905955623,0.007098155534654679,203186.00903432543,0.47269596842524125,26.476756244466916,79.51412868423371,0.332981781761218,25.140124384452236,25.140124384452236,28.84417907367265,1.2280842896711694,,-4.0582455517303515,136.54349724091264,541.1549557421187
148.7627291904778,two-phase,56.643611696576464,0.781850169984437,13855.096570155541,13.123551163369035,14.482020105869157,0.15089755015926,147.07615059937984,3.915855855803872,1.312744990136542,0.007106853029855715,204459.6379524312,0.47437224118224003,26.888842204507537,80.01590378864925,0.33604372295201,25.100197867513543,25.100197867513543,28.82076289546802,1.2369031771970131,,-4.065208134634473,136.8617784140866,544.1745144197213
148.45765622747408,two-phase,56.592402688581146,0.7811433334956137,13946.729403689513,13.232745753922282,14.615837390939028,0.1551504650136455,147.2804978219162,3.923960402254243,1.3184724524346936,0.007115510836803011,205746.66088230396,0.47608357895578846,27.30925506358985,80.5189675449759,0.33916548977525796,25.059373471616766,25.059373471616766,28.796842805444726,1.2459578176410993,,-4.072183334075855,137.18368464500378,547.2382463313576
148.15270585076328,two-phase,56.54006509604376,0.7804209191862803,14040.0331017087,13.343935158548959,14.752324252825378,0.1594172842782968,147.48906476326863,3.932253799397716,1.3243348419795276,0.00712414083068694,207047.0329276863,0.47783105126490655,27.738247769650037,81.02337266942753,0.34234871810164086,25.017625310349104,25.017625310349104,28.77240515168188,1.2552556560089647,,-4.079172471231976,137.50952356921528,550.350563458811
147.84787862659695,two-phase,56.48655639441776,0.7796823400913238,14135.05020247696,13.457159556757624,14.891538154246986,0.16369901505649112,147.70200382467107,3.9407435276471343,1.330337504125686,0.007132730514082293,208360.59104043944,0.4796158475628076,28.176148110267892,81.52918039743928,0.3455958709864924,24.974903417790358,24.974903417790358,28.747422299501693,1.2648133547792446,,-4.086167312841046,137.83928789272034,553.5108112313193
147.54317511994623,two-phase,56.43184290035097,0.7789271312803865,14231.82472457594,13.572456524660874,15.033533116250537,0.1679949009796149,147.91943116212036,3.94943571964867,1.3364848326135514,0.007141266559236257,209687.36094452572,0.48143905148657545,28.623191946044862,82.03644134245022,0.34890825927664454,24.9311816095846,24.9311816095846,28.721880652116624,1.274639180447955,,-4.093164834963336,138.17287599773778,556.7174950098916
147.2385958944881,two-phase,56.37587590942565,0.7781546204877683,14330.402231651944,13.689907931834522,15.178431242469093,0.17230620056660303,148.1415215358069,3.958338952211384,1.342782950731874,0.007149763990126218,211027.0882781597,0.4833019888493183,29.079739642947303,82.54522301472817,0.3522885829233115,24.88643357116257,24.88643357116257,28.695766637007182,1.284739200539519,,-4.100168991814849,138.5106785963771,559.976330465786
146.9341415125923,two-phase,56.31861433698816,0.7773642406231571,14430.829900593433,13.809558153591505,15.326295930028811,0.17663261914856115,148.36841820649036,3.967460656272749,1.349237172480151,0.007158209961205565,212379.6847708702,0.485205899668978,29.546086718122694,83.05558497795322,0.3557387107196414,24.840600828110894,24.840600828110894,28.669048047743956,1.2951345650674797,,-4.107169747901455,138.85268612757983,563.2864176523432
146.62981253530754,two-phase,56.26001796576018,0.7765554365685978,14533.156593352987,13.931466587291458,15.477215372492221,0.18097377485708238,148.60025982499405,3.976808189693689,1.3558527604452921,0.007166602293274629,213745.0972153776,0.48715203738160195,30.022521726248794,83.56758539757976,0.35926037091312546,24.793672736020767,24.793672736020767,28.641720704933334,1.3058263889465627,,-4.114170690406963,139.19895194954267,566.6489271867755
146.32560952234837,two-phase,56.200030757121866,0.7757274348246062,14637.432932643052,14.055694680077238,15.631278788174631,0.1853307950272722,148.83724631365402,3.986391507557743,1.3626368157391198,0.0071749348895648185,215122.9749252419,0.4891419135742425,30.509452218064347,84.0813006986399,0.36285656816150885,24.745582417778223,24.745582417778223,28.613747810943494,1.3168375204008098,,-4.1211640110402765,139.54962888063977,570.0651305086263
146.0215330320819,two-phase,56.13860555480595,0.7748795844945586,14743.711381751385,14.182306963791875,15.788581583135219,0.18970349768557623,149.07954098884738,3.996219229213226,1.369595494414448,0.007183204786847352,216513.16183265316,0.4911769394036527,31.007212633861542,84.59679704670208,0.3665293925577804,24.696302837009227,24.696302837009227,28.58511592749568,1.3281753920753538,,-4.128149284595153,139.9048057732167,573.5363153887016
145.7175836215146,two-phase,56.075690187778044,0.7740111654631434,14852.04632874018,14.311370627656832,15.949221946374227,0.19409215643493416,149.32732548648104,4.006300860458519,1.3767355796770955,0.007191407846402221,217915.42079949589,0.4932586296153683,31.51619090298891,85.11414640826695,0.37028146592477384,24.645774657472487,24.645774657472487,28.55579300817817,1.3398608371911926,,-4.135120143175409,140.26463088492676,577.0638564855896
145.413761864562,two-phase,56.011231562002536,0.7731214448748888,14962.494247870736,14.442956339154584,16.11330419511994,0.19849666212545597,149.58078349651444,4.016646146995054,1.3840640237840947,0.007199540943084919,219329.51787642905,0.49538854524134285,32.03676045178728,85.6334218349437,0.37411514996489736,24.59396237963614,24.59396237963614,28.525761035050834,1.3519044928782804,,-4.142074504778892,140.6292178644665,580.6491719872362
145.11006831974882,two-phase,55.94516811465917,0.7722095729799282,15075.113667675549,14.577138008504173,16.28093687397816,0.20291778357435797,149.8401302962287,4.027266294540117,1.3915888119758975,0.007207599640616184,220755.06747926687,0.4975684043599445,32.56937119777004,86.15470614042763,0.37803357073360194,24.54081419522663,24.54081419522663,28.494992715682883,1.364322980488054,,-4.149008932388752,140.99871423358536,584.2937618595621
144.80650351674365,two-phase,55.87743222311323,0.7712746163849475,15189.965212947234,14.713978501986897,16.452209517712568,0.20735648194322268,150.10560300358185,4.0381735973842225,1.39931869936461,0.007215568414629887,222191.57895651832,0.49980004836558883,33.114512289323436,86.67808911014548,0.38204017450411765,24.486261900394993,24.486261900394993,28.463451499108373,1.377139500066187,,-4.155915966441759,141.37313480948148,587.9965741804091
144.50306800694318,two-phase,55.80797329019609,0.7703158766986593,15307.111910819447,14.853587848785956,16.627288504579298,0.21181123181526057,150.37737008295983,4.049377726114944,1.4072605789800436,0.007223466945214436,223638.93210034276,0.5020851077336723,33.672526595626664,87.20364066577673,0.3861367064327341,24.43026919331203,24.43026919331203,28.43111951719169,1.3903663803470487,,-4.162795689715355,141.75294176487262,591.7643394270336
144.19976234031813,two-phase,55.73671466064305,0.7693322958506134,15426.619210645662,14.996038606262987,16.806277791951818,0.21628359628127578,150.65570000501685,4.060892678168024,1.415424406965186,0.007231280540282088,225096.50089106837,0.5044256342853309,34.24398240760441,87.73146150917515,0.39032727619638596,24.3727672343378,24.3727672343378,28.39796033764071,1.4040263679013645,,-4.169642997547027,142.13818180147882,595.596377037025
143.8965870654003,two-phase,55.663585419650545,0.768322895005782,15548.555101259062,15.141422075859976,16.98931130480275,0.22077354641037875,150.94083644150575,4.072731670377511,1.4238195821508477,0.00723900680496064,226563.79976879456,0.5068236376921595,34.82936573082056,88.26164545538361,0.39461496045218025,24.313702958043677,24.313702958043677,28.363946902750342,1.4181365603988023,,-4.17645183042136,142.5290450323049,599.4945455479593
143.59354272926964,two-phase,55.588504582007936,0.7672865563275937,15672.990235113128,15.289834787652703,17.176528722938297,0.22528222434003237,151.23305988741822,4.084909705799216,1.4324567646448911,0.0072466418482609535,228040.1623621179,0.5092813197704337,35.429281827511694,88.79429794767012,0.39900401992469753,24.25298250627651,24.25298250627651,28.329028971665082,1.4327311709717157,,-4.18321405429342,142.9258037640961,603.4608567297083
143.2906298775419,two-phase,55.51140209739132,0.7662223129134088,15799.998059778965,15.441380047525822,17.368081657594875,0.22980864881399127,151.53260571566236,4.097440181617122,1.4413454687905776,0.007254186677024649,229525.17395349624,0.5118007682980763,36.04419790466937,89.32951216436872,0.40349708658821587,24.19056818455789,24.19056818455789,28.293188936918398,1.447821471833338,,-4.1899305216940395,143.3286575130844,607.4974096012417
142.9878490543558,two-phase,55.432189123279194,0.7651289384724164,15929.654957312656,15.596167830271366,17.56412894075208,0.2343537737250973,151.83977967703584,4.110339727145616,1.4504974930466723,0.007261639467065506,231018.06248323116,0.5143843966743668,36.67475731504165,89.86740293873527,0.4080985553799046,24.126373340356167,24.126373340356167,28.256381372573003,1.4634381540132153,,-4.196592223229398,143.73790853620858,611.6064997933964
142.68520080236044,two-phase,55.35077908142943,0.7640052379675891,16062.040392048097,15.754316291841185,17.7648409712509,0.2389177383098334,152.15487573231192,4.123624806328495,1.459924508649156,0.007269001135403403,232518.13238962286,0.5170346373388298,37.32157704756781,90.40808282820655,0.41281239331760056,24.06031889509603,24.06031889509603,28.2185655987264,1.4796095170794263,,-4.203194481090831,144.1538746666996,615.7905962230894
142.38268566270307,two-phase,55.26707570953371,0.7628498826930085,16197.237067415062,15.91595294576569,17.970400813043888,0.2435012950060881,152.47822217444065,4.137313682459071,1.4696394514986704,0.007276273340469807,234024.5198878378,0.5197541207870264,37.98534674597204,90.95167577315831,0.41764317614895763,23.99232523609851,23.99232523609851,28.179701035563482,1.4963630636804701,,-4.20973052085307,144.57690925580124,620.0523790641402
142.08030417501658,two-phase,55.18097906347473,0.7616614931228503,16335.33109243271,16.08121608359893,18.18100517392244,0.2481046954451549,152.81015806794474,4.151425464388022,1.4796558432216715,0.007283459741448206,235536.3185464507,0.5225455905942499,38.666767013682076,91.49831037381031,0.4225954212237532,23.92229591206575,23.92229591206575,28.13973792752563,1.5137341632769645,,-4.216194319311307,145.00743550204362,624.3947921365212
141.77805687740704,two-phase,55.09238038844231,0.7604385681175458,16476.412158581614,16.250256983480696,18.39686817343426,0.25272869241267515,153.1510527361927,4.165980972471854,1.4899884031165789,0.0072905662802064935,237052.47475631445,0.5254119827613015,39.36660472866927,92.0481258154667,0.427674158272265,23.850141946817416,23.850141946817416,28.098631283948293,1.5317539585649884,,-4.222580172092559,145.44591880210817,628.8210734033561
141.47594430644176,two-phase,55.00117787845705,0.7591797024520415,16620.573727817344,16.42324241839977,18.618223968033565,0.2573726835607908,153.50124487422357,4.181000174557181,1.5006512248155892,0.007297604744884322,238572.11867700188,0.5283561965566562,40.0855717042261,92.60125424376241,0.43288367994136806,23.775773696719057,23.775773696719057,28.056336239501434,1.5504559318152993,,-4.228881983860262,145.89289469279998,633.3348275896307
141.1739669971368,two-phase,54.907233821627145,0.75788299529299,16767.91323255295,16.60035770162168,18.845328392292448,0.2620391093161228,153.8612067648626,4.196509274464962,1.5116628050608805,0.007304585171823936,240093.67225408225,0.5313817326985971,40.82466185285134,93.15786932021987,0.43823095301290205,23.699059960696957,23.699059960696957,28.012784888141823,1.5698877076051614,,-4.235091345596347,146.34905200414016,637.9401455229546
140.87212548294514,two-phase,54.810441235440614,0.7565469699638045,16918.532288508693,16.78181207816791,19.078469529123858,0.2667265066252665,154.23128820514336,4.21252976557514,1.523038267911001,0.007311531614443927,241616.24393354025,0.5344917117255955,41.58460780774974,93.71811135881606,0.4437200793402233,23.61991766268727,23.61991766268727,27.967937300117,1.5900806698830434,,-4.241205705246824,146.81512057243413,642.6416525570563
140.57042029574444,two-phase,54.71065927240681,0.7551696823505558,17072.536921405583,16.9678442161318,19.317969400758017,0.2714358894449396,154.61196382678125,4.22908912271325,1.5347969508413861,0.007318470334533726,243138.2819796377,0.5376898350287612,42.366398109351245,94.28216051424482,0.4493575229743513,23.538213818331712,23.538213818331712,27.92172590421694,1.6110849184111578,,-4.247217152564936,147.29206163447583,647.4447506186785
140.26885196582526,two-phase,54.60773518913244,0.753749024140507,17230.037808564277,17.15873169100961,19.5641972240941,0.27616884018177934,155.00374801966723,4.24621724347061,1.5469598726241023,0.007325438087609326,244658.0357584782,0.5409800655549707,43.17111913141817,94.85021244329963,0.4551504737770132,23.453814368756355,23.453814368756355,27.874083330940266,1.6329502219087473,,-4.253121598022487,147.78104683431116,652.3558164111547
139.96742102187906,two-phase,54.50152494978978,0.7522830072112023,17391.150536565976,17.354804237766217,19.817584202610053,0.28092501929144287,155.40711611356716,4.2639430647020164,1.5595473237041875,0.00733249028899425,246173.99351835402,0.544366327232079,43.99978155445088,95.42245591160307,0.46110510502067936,23.366575897167763,23.366575897167763,27.824937799104532,1.6557339779889582,,-4.258912831972262,148.2835532414809,657.3825580655167
139.6661279909866,two-phase,54.391857799217796,0.7507692746339839,17555.995876234196,17.55646438607524,20.078648309625148,0.28570576625292143,155.82263868663998,4.28230051536528,1.5725830853741707,0.007339702352631479,247684.1426490892,0.5478530373358431,44.853568381093275,95.99911351391991,0.4672289851363001,23.276370192714978,23.276370192714978,27.77422701041445,1.6794826090947768,,-4.2645914538247975,148.80145421930956,662.5345363486387
139.36497339860605,two-phase,54.27856009596038,0.749205429640745,17724.700076312172,17.764219740767356,20.348027669759613,0.29051159503798674,156.2508902319329,4.30132461579218,1.5860916504185973,0.007347184130708203,249186.47606015,0.5514447591266552,45.733709224493765,96.58041638011271,0.4735298411274088,23.183018340944955,23.183018340944955,27.72186117380511,1.704268648941608,,-4.270157935924482,149.33732501650945,667.8240844811977
139.06395776856138,two-phase,54.1614347931633,0.7475887523993306,17897.395177335056,17.978739697890205,20.62654767771524,0.2953441161936309,156.6925261208719,4.321054993278489,1.6001007083428715,0.0073550975209919715,250678.56605122858,0.5551465146903558,46.64158648751284,97.16662925884525,0.48001651228697917,23.086348050576305,23.086348050576305,27.667755423682934,1.7301589465341243,,-4.275617248833418,149.89471344329905,673.2677612639787
138.76308162303076,two-phase,54.040287664814926,0.7459165620135959,18074.219347336046,18.2009595188534,20.915338661864848,0.30020348159064963,157.14818279558665,4.341531558996061,1.6146380626624341,0.007363698343743036,252158.1247255926,0.5589634018509438,47.578542600030644,97.75802469270337,0.48669705376710515,22.98619362049135,22.98619362049135,27.61182982642157,1.7572195858333879,,-4.280992245996292,150.47880633326497,678.8891304330949
138.4623454825354,two-phase,53.91489777223227,0.7441858088731494,18255.317241179295,18.432294320993964,21.2160742559063,0.3050909039277562,157.61858834718038,4.3627995772499855,1.6297352148326776,0.007373407029292919,253622.38912846852,0.5629010431854998,48.54613400067642,98.35492177905094,0.49358113577409685,22.882337876392057,22.882337876392057,27.553977099734766,1.7855398321546694,,-4.286317376510313,151.0978931875096,684.7245449561855
138.16156701558984,two-phase,53.785004240044906,0.7423928921226325,18439.839946089014,18.673819445513562,21.529790452669925,0.3100095419687592,158.104610405321,4.384912069128633,1.6454290507784564,0.007384789515944475,255045.32941649717,0.5669543393069701,49.54350350412973,98.95772018679553,0.500653242724367,22.774544811496355,22.774544811496355,27.494081159507346,1.8152136011106348,,-4.291519486712428,151.7637499826928,690.8039073651865
137.85686899137957,two-phase,53.65035701967955,0.740534360348661,18604.603693951783,18.8975194693712,21.818835331891076,0.3149615294864855,158.60706469540432,4.4079213302359825,1.6617557976604707,0.00739415607743412,255902.12943787445,0.5708612848743252,50.509032961711945,99.56703431497556,0.5072867069830466,22.662600882083723,22.662600882083723,27.432040211137746,1.8463283460551256,,-4.2932829159031725,152.42858692424647,696.4392255728086
137.54744117683111,two-phase,53.51115287442634,0.7386129294693632,18737.908476239085,19.0888428488044,22.063450718477323,0.3199437846165015,159.12509508443694,4.4318040361386455,1.6786978801378556,0.007399692070547108,255947.44930260367,0.5744817497831753,51.409228629227265,100.18259041129822,0.5131553138940349,22.546623656102383,22.546623656102383,27.367937052374202,1.8788912514377611,,-4.29006580777436,153.06700428624708,701.2867236627368
137.23436546095516,two-phase,53.36786762618772,0.7366351672409988,18837.87159774818,19.245761462827094,22.260517356961984,0.3249494900253195,159.65681852522812,4.456488676644189,1.696203437235124,0.007401435355841674,255168.33800801617,0.5777828869511459,52.2357438918548,100.80357586355228,0.5181933621339099,22.427006694264037,22.427006694264037,27.30200624237807,1.9128204940250955,,-4.281822355549066,153.67791246725415,705.3043661656237
136.91873714718673,two-phase,53.221084749683506,0.7346091273486209,18903.098020454916,19.36673469323331,22.407679221497663,0.3299698026799437,160.19997379737805,4.481884184153991,1.714206679965818,0.007399484276006856,253568.7266192357,0.5807353721942644,52.9809672063656,101.42905179589259,0.5223450901717991,22.304196505471964,22.304196505471964,27.234509417545496,1.9480253712576554,,-4.268574919683565,154.260550466371,708.4629719254957
136.60165208029025,two-phase,53.071449073698666,0.7325437103457085,18932.519011712888,19.45022392237552,22.502764226368228,0.3349966529710198,160.7520985356822,4.507887461415211,1.7326332745808382,0.007393853088307758,251164.09712015183,0.5833123759162195,53.63781814606823,102.05801029336783,0.5255620601644616,22.178735331320183,22.178735331320183,27.165758102909535,1.9843726948258307,,-4.250376185764768,154.81211455310984,710.7309063607173
136.28416441293263,two-phase,52.919664099987365,0.7304486266470742,18932.082812585828,19.48481148311932,22.534599882304747,0.34002167865193555,161.31054280054425,4.534383469150474,1.751400454382311,0.0073788503614345006,248122.73231711594,0.5855680902893103,54.2189612040481,102.68931571858283,0.5279902862789896,22.051178311651597,22.051178311651597,27.096067573579887,2.0217297241878343,,-4.227378627054817,155.22181967236457,711.7808963843958
135.96671988058867,two-phase,52.76642817184481,0.7283335154654682,18921.19371965385,19.49911403678148,22.54074857784703,0.3450323055936841,161.8727061116943,4.561256069786586,1.7704247517917142,0.00735946383714814,244889.490586374,0.5877160455924488,54.776177764258684,103.32136564470179,0.5301534433122115,21.922119128401903,21.922119128401903,27.02577054591461,2.0599360490982215,,-4.202645723980445,155.56082836857217,712.3191753408331
135.6493977874041,two-phase,52.611996059396034,0.7262018933857196,18901.019537274657,19.50389553205316,22.533630198541633,0.3500229822316399,162.43763836974134,4.588465344346535,1.7896767298174643,0.007339378156031321,241501.71038640683,0.5897647435563008,55.3112780000463,103.95356374044758,0.5320767851513789,21.791751113823636,21.791751113823636,26.95497878860516,2.098952232009879,,-4.176829942676622,155.89311876886416,712.6337546322337
135.33226684081126,two-phase,52.45654257401205,0.7240561733242376,18871.80389113466,19.498939931041917,22.513101943670748,0.35499312705656866,163.00469184458765,4.615984829826013,1.8091364859904273,0.007318495631889835,237974.67609253837,0.5917131648444423,55.82394878077038,104.58564984414984,0.5337629862601363,21.660210029366624,21.660210029366624,26.883771693412825,2.1387519464418396,,-4.1499814847571095,156.215765340291,712.7179962678728
135.01540269729165,two-phase,52.30027377079423,0.7218991994537577,18833.48312994377,19.4842685009426,22.47920903147665,0.35994005449783767,163.57311290967112,4.643781996032334,1.8287798425439132,0.007296901095477589,234317.454531557,0.5935562478548777,56.312717853744154,105.21732590231714,0.5352038494689021,21.52767531501189,21.52767531501189,26.812251293510315,2.1792895721128813,,-4.122145479560095,156.5292381200701,712.5727135914459
134.69887291299406,two-phase,52.14338836876919,0.7197337146873835,18786.302221040198,19.459973745077868,22.43216766034577,0.3648619504026881,164.14218317529702,4.671824996669783,1.8485831368936068,0.007274610282102781,230544.8095904897,0.5952927477806386,56.77709933434314,105.84830386217833,0.5364006532241724,21.394311044544168,21.394311044544168,26.740510165599915,2.220524753699331,,-4.093385375166062,156.83261061433973,712.1993936998555
134.38275285385876,two-phase,51.98608158513834,0.717562413602624,18730.315025751428,19.42609774079103,22.372088704821596,0.36975723766955576,164.71120502147258,4.700081982987204,1.8685227468408425,0.007251674571036364,226667.03917662118,0.5969192649420568,57.21606563440297,106.47830207756775,0.5373495305430582,21.26026576147018,21.26026576147018,26.6686314604014,2.2624237428015785,,-4.06374500412254,157.1258175091964,711.5987838269356
134.06711153699456,two-phase,51.82855071812009,0.7153880195012065,18665.744852107506,19.38277495983689,22.299239730555996,0.3746248340386815,165.27948105102763,4.728520083188055,1.8885743819750844,0.007228127270752354,222697.31582960297,0.5984344604488131,57.6291007605863,107.1070381492982,0.5380514834165816,21.1257150631493,21.1257150631493,26.596711752721262,2.3049357977432563,,-4.033283123333344,157.408325543405,710.7733688663892
133.75202053368128,two-phase,51.671016219992346,0.7132135752796874,18592.78237049555,19.33013482162313,22.213878152289833,0.37946187333104436,165.8462382019425,4.757101536043335,1.908710374376814,0.00720401111723912,218647.93947449414,0.5998363542238514,58.015415047872736,107.73420706858163,0.5385050544897145,20.990844785532374,20.990844785532374,26.524851860485796,2.3480075346304705,,-4.002058955649083,157.67975238989186,709.7255098895924
133.4375545442867,two-phase,51.51365402914,0.7110415094106166,18511.596556363216,19.26829253476602,22.116240955727502,0.38426839201435226,166.41087103068887,4.785795931932087,1.9289083168197698,0.0071793601890699985,214529.44688219356,0.6011234342330806,58.37447722424172,108.3595548725106,0.5387109359476574,20.855790981804148,20.855790981804148,26.453124930128013,2.3916029686973643,,-3.9701158490557438,157.93981243518965,708.4572023895265
133.12377586408857,two-phase,51.356682086702946,0.7088748301293833,18422.540716663705,19.197508708721593,22.006784085441282,0.3890421777768591,166.9726300765037,4.814564500821268,1.949140005362846,0.007154211407003744,210355.92997764592,0.6022959081329172,58.706047896487426,108.98278301794163,0.5386726808657727,20.72075990195293,20.72075990195293,26.381640278077043,2.4356520367812418,,-3.9375286537627163,158.18794334771326,706.9735405361263
132.81077139925253,two-phase,51.20029046105177,0.7067161609443302,18325.68820880876,19.117829722978826,21.885648403454574,0.3937820931062624,167.53087259938974,4.843372803004544,1.9693803883157386,0.007128600457117361,206135.13466918582,0.6033510870206662,59.00917643636134,109.60362824197482,0.5383870715126804,20.58590795841002,20.58590795841002,26.310479560072395,2.480106089265942,,-3.904327361298095,158.42395276266473,705.2748071889397
132.4985888795291,two-phase,51.04467208048685,0.7045681648393299,18221.559910022937,19.029666956309725,21.753504767150087,0.3984870083705,168.08495168296506,4.872185138530363,1.9896036388870304,0.007102559005719907,201882.49654140382,0.6042917965690293,59.284348064403005,110.22182262467851,0.5378639787719254,20.451401693004243,20.451401693004243,26.239728696494183,2.5249092238894697,,-3.8705926995482316,158.6472551903364,703.3694136037535
132.18732829297932,two-phase,50.8900040127752,0.7024332858757623,18110.165480868935,18.93301322876708,21.61042107128857,0.4031565160922607,168.63428244548368,4.900968013151576,2.0097855968262284,0.007076115960781114,197603.2241380006,0.605114949377481,59.530497929856224,110.83712280847688,0.5370989107388062,20.317400532057206,20.317400532057206,26.169468772323114,2.5700041588807694,,-3.8363442906193885,158.85766761707947,701.25624982072
131.87703323936418,two-phase,50.736486007217586,0.7003142811875753,17992.054708908658,18.82832263283007,21.457124505925087,0.4077883135033182,169.1782046395539,4.929682975588593,2.029898753326283,0.007049305729791868,193312.0027484241,0.6058238657199744,59.74813364250426,111.44925824114566,0.5361016716075908,20.184091457437262,20.184091457437262,26.099794204975808,2.6153200426937997,,-3.8016673397109133,159.05464406868697,698.9446174665483
131.56778703489977,two-phase,50.584268286783406,0.6982132242981661,17867.431379081627,18.715758113981583,21.29392264687274,0.4123830025730686,169.71623822171225,4.95830011116199,2.049921712356481,0.007022150809328727,189015.95654609622,0.6064184323058268,59.937025506744405,112.05801780577283,0.5348749396105832,20.051593442512626,20.051593442512626,26.030762825912518,2.660814801482678,,-3.7665915120078957,159.23792458243463,696.4371846160608
131.25966307225596,two-phase,50.43353156065805,0.6961326095313092,17736.60379957788,18.595575894824147,21.121256221504577,0.41693910339288315,170.2477991595496,4.986783116025413,2.069828737582671,0.006994678760735259,184723.95474085954,0.6068994970180298,60.09705446800456,112.66315894120366,0.5334224162786687,19.920078914875717,19.920078914875717,25.962459445356842,2.706418508049069,,-3.731167198839202,159.40713068411713,693.7386614218332
130.95271049030458,two-phase,50.284439661666816,0.6940746982668577,17600.043671094034,18.46818863777647,20.939778761905238,0.4214553119842799,170.7723668430506,5.0150981665496,2.089595970119715,0.006966918751327414,180446.8138967561,0.6072702929408954,60.22873606065014,113.26445816970455,0.5317531821889724,19.789704307518434,19.789704307518434,25.894959538522755,2.7520652584597127,,-3.695457949480397,159.56189012145535,690.8573808072739
130.64703246003123,two-phase,50.137117918916914,0.6920412204189335,17457.881113619595,18.333697891435815,20.74970734042678,0.4259324038125541,171.28955896900877,5.043218138742392,2.1092043630117105,0.006938882810874444,176188.5193355768,0.6075304435085004,60.331715974074875,113.86173918510595,0.5298682103914917,19.660583512341248,19.660583512341248,25.828315722238926,2.7977052425141937,,-3.6594826827982834,159.7019298980473,687.7944366128273
130.342672429858,two-phase,49.9917091632542,0.6900341474776615,17310.621598615864,18.192559948292555,20.551745827875635,0.4303698938251165,171.79893384954283,5.071112024511699,2.128632289255468,0.006910597406076772,171959.11560688913,0.6076841123738316,60.4068266481893,114.4548050677177,0.5277788609438401,19.532848921768903,19.532848921768903,25.762589479808128,2.84327993158811,,-3.6233018766884744,159.8269264774711,684.5591694366614
130.0396919427566,two-phase,49.84834729151235,0.6880553276172494,17158.64261145966,18.045120572292696,20.346438564810068,0.43476674824334166,172.3000831759327,5.0987499614725005,2.147859056147596,0.006882084262152953,167765.8362374004,0.6077341048465765,60.45446879339995,115.04347263922338,0.5254923848047017,19.406633975552268,19.406633975552268,25.697842100095954,2.888726286079171,,-3.586962709852708,159.93659699949887,681.1583616508402
129.7381979588742,two-phase,49.70715072158712,0.6861063953565628,17002.10240323766,17.891517216153144,20.134041453026157,0.439122705276825,172.79265429283407,5.126104553050107,2.166865818013455,0.006853352258497529,163611.7745607513,0.6076807721707117,60.47442480118493,115.62757969947012,0.5230103834947093,19.282046633840878,19.282046633840878,25.634121150351007,2.933992950790664,,-3.5504828966971766,160.03065379482257,677.5938776004351
129.4382269261101,two-phase,49.56822909396358,0.6841888640601158,16841.50873191812,17.732232266361837,19.91527339300675,0.4434374695879978,173.2763261627904,5.153149642065126,2.1856347151801008,0.006824424705395516,159505.13904625084,0.607529081527172,60.46774096484454,116.2069714449906,0.5203452100416232,19.15920446888606,19.15920446888606,25.57147856571504,2.9790185115359047,,-3.513918214444664,160.10886319485826,673.8757475503932
129.13984234580568,two-phase,49.431662766101205,0.6823038428996483,16677.218634506644,17.56761924699138,19.690675557790716,0.4477121697073277,173.75088010207412,5.179864382241028,2.204151688252776,0.006795321063641137,155450.96520407943,0.6072825935572282,60.43518304246503,116.7815284455021,0.5175063543603818,19.038181506034505,19.038181506034505,25.509943613446353,3.0237622401357345,,-3.4773055596465987,160.17117667180366,670.0133107397052
128.8431295856842,two-phase,49.29755411966447,0.6804527450463792,16509.497650336998,17.397918097979918,19.46061194479914,0.4519454296266739,174.21602091449697,5.206223276577028,2.2223995619537527,0.006766039730077817,151452.79459095636,0.6069434899436045,60.37696184159307,117.35111124750242,0.5144984244269615,18.919087733933054,18.919087733933054,25.44956349047459,3.0681640829480035,,-3.4406690096508803,160.21707771130605,666.0062855991065
128.5481641713978,two-phase,49.165969235640894,0.6786364826143099,16338.657040876917,17.223447088972982,19.22556511525851,0.45613781410083315,174.6715792446135,5.232207630442412,2.2403659770136635,0.006736596118569215,147514.2100859725,0.6065150926439962,60.29372490112821,117.91561955257951,0.5113294161529021,18.80199818644354,18.80199818644354,25.39036728263875,3.1121770320964464,,-3.4040395323962622,160.24651933822503,661.8632676913454
128.25498975941053,two-phase,49.03697714729559,0.6768560084676459,16165.113409315787,17.04462948028641,18.98614187220473,0.46028936078721905,175.11737483168096,5.257797924657453,2.258038094929755,0.006707006508847291,143640.12461056793,0.6060021033346195,60.18652906280956,118.47495097960274,0.5080105842219051,18.686979326657365,18.686979326657365,25.332379519532708,3.155760488206355,,-3.367456414668628,160.25939973490733,657.5931179167998
127.96367383087318,two-phase,48.910630670646654,0.6751120516243913,15989.18025182103,16.86179105644825,18.742811617636473,0.46440015325802714,175.55328263523862,5.282977642049218,2.2754052362649198,0.006677279984535144,139833.4667845938,0.6054081916975597,60.05612600999315,119.02902367013932,0.5045502698268318,18.574088934594272,18.574088934594272,25.275620195627198,3.19887489428487,,-3.3309451110009167,160.25560530206712,653.2024194801407
127.67428369045908,two-phase,48.78698003351871,0.6734053053777883,15811.16340132709,16.675255849491585,18.496034697667756,0.4684702240485391,175.9791854295343,5.307730617165554,2.2924570401684767,0.006647425846988515,136096.82079758024,0.6047370215856862,59.90327143852149,119.57776040695647,0.5009566263379909,18.463393920343833,18.463393920343833,25.220113765443728,3.241472985150254,,-3.2945332278505224,160.2350315139131,648.6977707223042
127.3869065672359,two-phase,48.666046210246485,0.6717360592359861,15631.304753180844,16.485286296375897,18.246183512237675,0.47250092128902876,176.39506534805363,5.332046431899069,2.3091871696914414,0.006617445551441206,132431.41352761086,0.603991865784637,59.728693720376675,120.12111706793453,0.49723724835656574,18.35492549951016,18.35492549951016,25.16586671047014,3.2835241158906356,,-3.2582361706864456,160.19758134913474,644.0843419104582
127.10159886233654,two-phase,48.5478714560882,0.6701048964471183,15449.92925158943,16.292237661604563,17.993744820466432,0.47649126198248437,176.80082972965232,5.355910326588864,2.3255863554706377,0.006587350368346253,128839.71550433329,0.6031768347007045,59.533270180440574,120.65902773182496,0.49340087765963414,18.24872380869772,18.24872380869772,25.112890011196498,3.324997640475936,,-3.222081781266482,160.14323209047825,639.3696490587441
126.81841458380907,two-phase,48.43246981313474,0.6685120108337685,15267.349746093254,16.09645942432584,17.73918996249393,0.4804419568960308,177.19648126509426,5.379313175835564,2.341649253388219,0.006557148758382843,125323.61061158824,0.6022962959599543,59.31802813126816,121.19145805247427,0.4894571703690886,18.14482896530376,18.14482896530376,25.061194656013924,3.3658541425640873,,-3.186093497710009,160.07198918003388,634.5611662114167
126.53741904916457,two-phase,48.31984536259059,0.6669574587286868,15083.83441509859,15.89825949756668,17.482928673753033,0.48435383321914166,177.5820548755197,5.402247893306277,2.357371954688084,0.0065268458006998474,121884.1633248527,0.6013542023143603,59.083920255928646,121.71838634921184,0.48541491575821594,18.043253970923786,18.043253970923786,25.010778218368273,3.4060710598860466,,-3.1502917436047166,159.9838779040764,629.6654496320372
126.25867699337343,two-phase,48.21000032902183,0.6654412708374957,14899.64090015733,15.697939821735375,17.225356175183318,0.4882271769809766,177.95758984704545,5.424707819964707,2.372750871547239,0.006496446914158048,118522.19924280052,0.6003544217641373,58.831869698537616,122.23979452066777,0.4812824655770391,17.944002546450747,17.944002546450747,24.961633847456994,3.4456324278718435,,-3.114692580322095,159.8789523233903,624.6890054011216
125.98225245602937,two-phase,48.10293594673508,0.6639634641972946,14715.016031288931,15.495795903049865,16.966853770887553,0.4920621283083649,178.3231269024474,5.446686559652402,2.3877826199966474,0.00646595840342324,115238.32368514073,0.5993007190032997,58.56274541496492,122.75566712910164,0.4770675503997279,17.847105284103066,17.847105284103066,24.913768161176677,3.4845020006755894,,-3.0793157003826463,159.7572650944383,619.6382612388921
125.70820864991965,two-phase,47.99863724492926,0.6625238321665398,14530.195638078998,15.292115927520197,16.707786062018222,0.4958590245874801,178.67876009495862,5.468181130632287,2.4024661676529053,0.006435384701186198,112032.81926607969,0.5981969410802117,58.27749812760751,123.26600718425162,0.4727783389665355,17.752547283917295,17.752547283917295,24.867165470895202,3.5226727841666086,,-3.0441722159106357,159.61892954625193,614.5195879699828
125.43660780785068,two-phase,47.897087532078515,0.6611221443525717,14345.404441098797,15.08718055615138,16.448502681510046,0.4996186566368837,179.024587240905,5.489189032407815,2.416800817342616,0.006404730970655098,108905.78038270307,0.5970468259058951,57.97708050114031,123.77082100265562,0.4684228482244321,17.660331391973273,17.660331391973273,24.821819099175286,3.5601241781993824,,-3.0092779123307833,159.4640658881184,609.3392609327653
125.16751100396672,two-phase,47.79826431665911,0.6597580903055247,14160.856018008211,14.881262338173734,16.189336938216567,0.5033413166469033,179.36072384184078,5.509709104106845,2.430786787655262,0.006374002167933844,105857.09646317037,0.5958540492007924,57.66242250004528,124.27012241432551,0.46400873661164205,17.570441939583645,17.570441939583645,24.777713506477767,3.596848148318641,,-2.974646545057835,159.29283184534307,604.1034670013847
124.90097794504703,two-phase,47.70213674339594,0.6584312441309095,13976.752838629765,14.674625504014548,15.930606792367882,0.5070277525326419,179.68731176534882,5.529742084190488,2.4444255865879163,0.006343203165502596,102886.45101907665,0.594622252128969,57.3344507278106,124.7639353590052,0.4595434615206077,17.482881068456493,17.482881068456493,24.734842152341912,3.63282055087848,,-2.940289375604375,159.10539283140776,598.8182803830429
124.6370667263432,two-phase,47.608669189416666,0.6571411141272263,13793.286363309686,14.467525405364867,15.672613001498968,0.510678331455832,180.00450698378884,5.549289889324105,2.457719512491921,0.006312338471179396,99993.36420676646,0.5933549929777493,56.99411597631709,125.25229010930802,0.455034522135908,17.39760496197357,17.39760496197357,24.693176274187863,3.6680515638628726,,-2.906217624952857,158.90197345473416,593.4896833455533
124.37580176117336,two-phase,47.51782584510023,0.6558872060152893,13610.682402657683,14.2602599860225,15.415704618921765,0.5142937943224613,180.31246406723375,5.568354668583998,2.470671006112279,0.006281418536629056,97177.7837833765,0.5920562880345587,56.64251495563914,125.73521801333989,0.45049045009513283,17.314605803323047,17.314605803323047,24.65270503384295,3.7025238905455664,,-2.872447693041812,158.68286340376187,588.1248686144869
124.11572277831664,two-phase,47.42957189169263,0.6546690391928212,13431.18589665366,14.055437818260446,15.163048367710475,0.5178738671202835,180.61133229504736,5.586938554860091,2.4832824799106756,0.006250678531540858,94463.7677925277,0.5907569452818536,56.2892014039018,126.21272876212271,0.4459867238112878,17.23384795618921,17.23384795618921,24.61340430551212,3.7362426830013615,,-2.839273485064025,158.4518170583541,582.7920085308648
123.85564379545991,two-phase,47.343828719539566,0.6534855286129877,13256.362135779507,13.854946532481708,14.916882481708786,0.5214193984820238,180.90140719354403,5.60505313652323,2.4955627347813647,0.006220306197146146,91865.81568504029,0.5894794600182801,55.941227294730346,126.68490430817971,0.4415776891510694,17.155286116546847,17.155286116546847,24.575245608106286,3.7692064724697634,,-2.806904798584962,158.21225414780486,577.5435441000606
123.59556481260319,two-phase,47.26047986117435,0.6523350666786406,13086.030999581577,13.658662194713667,14.676956172180518,0.5249325671037208,181.18310988168687,5.622718343286703,2.5075261726955094,0.006190280702475662,89377.14586601799,0.5882236418199334,55.59860315954975,127.15190021479061,0.43726128406756115,17.07881017580496,17.07881017580496,24.53816943087719,3.8014527875545703,,-2.775304734131348,157.96447894015967,572.3738104957275
123.33548582974646,two-phase,47.179444027301116,0.6512165313559283,12920.021507644195,13.466491448308657,14.443077975903758,0.5284125658709465,181.45674011964073,5.639947010157432,2.519182331120647,0.006160605721227083,86991.64114606602,0.5869889308325968,55.26105956722998,127.61383500908772,0.43303345255077313,17.00435513859054,17.00435513859054,24.50213864569514,3.8329962377049585,,-2.7444451372244805,157.70919371080504,567.2838527636555
123.07540684688973,two-phase,47.10061934748825,0.6501285165301648,12758.171247099282,13.27833197200608,14.215046037261143,0.5318613531837414,181.7226650317835,5.656756659708346,2.530543867696419,0.006131274301609167,84703.47620194448,0.5857750727311833,54.9285622837721,128.0708481773596,0.42889200052539656,16.931846222172567,16.931846222172567,24.46711178981093,3.863852750256745,,-2.714298104452565,157.4469071669942,562.2723330962464
122.81532786403302,two-phase,47.02391731827759,0.6490698005906209,12600.325842633478,13.094092235417621,13.992680899068132,0.5352797842443289,181.98120455319918,5.673162286258778,2.5416216758973,0.006102286852411703,82507.28385920574,0.5845817044986831,54.601019373476056,128.52306501225436,0.4248344012669631,16.861198821015478,16.861198821015478,24.4330430719437,3.8940513977228712,,-2.6848341177212762,157.17825463053828,557.3399496032026
122.55524888117628,two-phase,46.94925366369516,0.6480392202784113,12446.338465357172,12.913651323653449,13.775758914869403,0.5386686466441627,182.2326625182316,5.689178266796807,2.552426183032257,0.006073621254681886,80398.06776388589,0.5834084635386435,54.27833183671855,128.9706062326842,0.42085815847675795,16.792336930439546,16.792336930439546,24.399891255245734,3.923616525782555,,-2.6560245491851573,156.90331810529074,552.480430934858
122.29516989831956,two-phase,46.87655209151181,0.6470357225340555,12296.06937725123,12.736930223696474,13.564129966808448,0.5420285972563286,182.47731419511408,5.704817529717525,2.5629667933820137,0.006045284683171015,78371.19197770847,0.5822549413324739,53.96036177100925,129.41358326151502,0.4169605725387249,16.72521170412631,16.72521170412631,24.36762851613969,3.9525538169533916,,-2.627849659530141,156.62279122887207,547.6963594974401
122.03509091546285,two-phase,46.805731166131466,0.646058183304324,12149.385508220243,12.563814766767386,13.357589271566052,0.5453609166103436,182.71545061468345,5.720094358134674,2.573253780595707,0.006017256147576672,76422.28703313091,0.5811208373240204,53.64706659496969,129.8521127167806,0.4131397285154603,16.659746140315917,16.659746140315917,24.33621380194228,3.9808904544968002,,-2.6002828917899095,156.33674364565758,542.9821190489662
121.77501193260612,two-phase,46.73673127419733,0.6451057797477395,12006.16006306186,12.39424077583419,13.156016649415106,0.5486651169949701,182.94728802497698,5.735018556842668,2.583294362136185,0.005989551583136777,74547.36114321447,0.5800056384225633,53.3382475241596,130.28628790729954,0.40939264124334007,16.595890497987455,16.595890497987455,24.30561945430162,4.008639650200665,,-2.5733038050701857,156.04600517729443,538.3425504431704
121.5149329497494,two-phase,46.66946858036393,0.6441773546873998,11866.272155912053,12.228099607645593,12.959222368335459,0.5519434885161741,183.17312278113008,5.749605380930283,2.593099384500183,0.00596214985848752,72742.55171355352,0.578909160015062,53.033938157643036,130.7162270105696,0.40571809155228106,16.533576121087606,16.533576121087606,24.275809021800853,4.035821909942326,,-2.546889922093775,155.75061317844256,533.772298812558
121.25485396689267,two-phase,46.603894010534624,0.6432722307549369,11729.606469951354,12.065320691141057,12.7670805754012,0.5551949542832257,183.39313329962678,5.763862756718588,2.6026747295205905,0.005935059634450955,71004.39102039998,0.5778308508886569,52.733917828218324,131.14201182390332,0.402113076464231,16.47275247142437,16.47275247142437,24.24675499289401,4.062455734941072,,-2.521022538855716,155.4511805658792,529.2737873887592
120.99477498403596,two-phase,46.539934033290415,0.6423893929982547,11596.052940358564,11.905796210115913,12.579408499313049,0.5584216933443776,183.6075790139376,5.7778041033782905,2.6120299364760315,0.005908257662557498,69329.50673808293,0.5767704859758088,52.43820093831993,131.56374889545316,0.39857636604738156,16.413368664192546,16.413368664192546,24.21842991981697,4.088551486840391,,-2.4956826182664,155.14762616792905,524.8409250394835
120.73469600117922,two-phase,46.4775340378392,0.6415280876261343,11465.506458680044,11.749451929507428,12.396078831817814,0.5616236819119905,183.81665486163433,5.791438903845957,2.6211718680696627,0.005881745483640084,67714.80901187935,0.5757276572411303,52.146656799187085,131.98152438517826,0.3951057319735219,16.355373480419246,16.355373480419246,24.19080641618882,4.1141269604739525,,-2.4708500681804333,154.84038909001964,520.4744002899666
120.4746170183225,two-phase,46.416639293623625,0.6406875591942408,11337.8665969457,11.519623449792848,12.176606786514633,0.5648013938492665,184.0205552845022,5.80477682427616,2.6301074808637224,0.005836178982020734,66157.38618635526,0.5747019950489689,51.85918387440497,132.39542429987253,0.3916992158048086,16.29872468716013,16.29872468716013,24.163861579023376,4.139192767606853,,-2.4443612660699543,154.07320014025686,526.8556665380121
120.21453803546578,two-phase,46.35734463337571,0.6398691166760919,11213.037350009656,11.445993106767688,12.041926041131532,0.5679353659702052,184.21897354363753,5.817794808976894,2.638821807365672,0.00582959425679762,64655.108416184274,0.5736914478132975,51.57419090846542,132.80307295143868,0.3883508849778216,16.24350090020448,16.24350090020448,24.137630051007818,4.163713340255418,,-2.4226569995859997,154.21601508544472,511.93756704263944
119.95445905260905,two-phase,46.299300918436785,0.6390679409206577,11090.926894726621,11.298712938890416,11.870828221379048,0.5710665094903914,184.41308761115954,5.830567459170627,2.6473652159384065,0.005803920280602908,63204.16024442246,0.5726990998958894,51.2946604585278,133.20947806587554,0.38506764836328883,16.1893985653428,16.1893985653428,24.11196517444165,4.187810850146805,,-2.3992501951918346,153.89928475445413,507.7627795301802
119.69438006975233,two-phase,46.24261041521856,0.6382854435083263,10971.447364694059,11.154301626615553,11.703557820555652,0.5741747279178323,184.60256406001892,5.843070438732196,2.6557218123469113,0.005778515096590301,61802.75578673906,0.5717228739486756,51.01894688466457,133.61225006605395,0.38184333292375744,16.13650494318938,16.13650494318938,24.08690613719864,4.211445946869927,,-2.3762883444364027,153.57984482238624,503.6493433483994
119.4343010868956,two-phase,46.18722109509826,0.6375209062894893,10854.514639399154,11.012686726897437,11.53999812883691,0.5772615143797935,184.78758523599012,5.855313381672965,2.6638984249026074,0.0057533731131524605,60448.593732393194,0.570762500274515,50.74704180803042,134.0114700343239,0.3786768535188275,16.084776735677792,16.084776735677792,24.062430231248527,4.23463226083754,,-2.3537566672275085,153.25790728392906,499.59606874007306
119.17422210403888,two-phase,46.133095181340316,0.6367738078329344,10740.048146707008,10.873797913722253,11.38003714225101,0.5803261265793623,184.96828524848078,5.867302892010441,2.671899835005999,0.005728490283580406,59139.55231165494,0.5698175762988487,50.47877073371308,134.40720421810119,0.3755659603766603,16.03418911078262,16.03418911078262,24.038523624944958,4.257373289320775,,-2.331640975671103,152.93366201900443,495.6017825600867
118.91414312118215,two-phase,46.08018464872447,0.6360434852479047,10627.970677715692,10.737566783729827,11.223566436519391,0.5833700833252292,185.1448318607868,5.8790479509767435,2.679732389846553,0.005703861092355395,57873.58563200009,0.5688878443031097,50.21416357780953,134.79952862289588,0.37250993449898895,15.984679634641282,15.984679634641282,24.01515485608394,4.279700880414111,,-2.30992827715035,152.607312880829,491.66534995858285
118.65406413832542,two-phase,46.028458116983884,0.6353295053934646,10518.208213083957,10.603927069759914,11.070482682111832,0.5863925403565117,185.3173367619108,5.890553949366354,2.687400021786545,0.005679482203362088,56648.81685996761,0.5679728854378695,49.953012931560686,135.18850208292494,0.36950637193183333,15.936251160184213,15.936251160184213,23.99232341031791,4.301597738322847,,-2.2886074671792365,152.2790137496765,487.7856349771406
118.3939851554687,two-phase,45.97786441560118,0.6346311619644103,10410.68976001077,10.472814233876022,10.92068518775458,0.5893955544526165,185.48597715228362,5.901830776010337,2.6949096418786733,0.005655347565686784,55463.397551078335,0.5670725301071212,49.695404779538215,135.5742027114757,0.3665550214246751,15.888831480882288,15.888831480882288,23.969993485426585,4.3231033505619605,,-2.267664305587543,151.94895659313454,483.96155403271143
118.13390617261196,two-phase,45.928376656954995,0.6339480838316646,10305.347199112191,10.344165789675648,10.774078133196745,0.5923782632317115,185.65084880482053,5.912883006439799,2.702264603011815,0.005631454159599562,54315.65981224905,0.5661863602205462,49.44114155467425,135.9566838696714,0.36365362957858494,15.842423152939034,15.842423152939034,23.948164621320643,4.344202591237712,,-2.247090423296515,151.6172793107334,480.19201884709685
117.87382718975522,two-phase,45.87995264448563,0.6332796885573075,10202.115140501552,10.217930995433134,10.63058305596835,0.5953415920674415,185.81209809362386,5.923718714830401,2.709470570694921,0.005607804659076796,53203.969038449366,0.5653141536710379,49.19023349960565,136.33601371113483,0.3608014651493964,15.796962949360022,15.796962949360022,23.926805499867214,4.364931154249827,,-2.2268732422294875,151.28434158326525,476.47805478126895
117.61374820689849,two-phase,45.83256260007321,0.6326255651147931,10100.930788433978,10.094031381815405,10.490082050015014,0.5982857652623117,185.96982962542373,5.934343282518564,2.7165314022878384,0.005584380431463058,52126.81502919288,0.5644555722443685,48.9425740095992,136.71224786146018,0.35799699569855686,15.752443774925666,15.752443774925666,23.90591129895489,4.385281349706397,,-2.207001363806211,150.94990764673867,472.81461882620954
117.35366922404175,two-phase,45.786173568606294,0.6319852586256499,10001.733813926516,9.972419104372092,10.352502806157485,0.6012110734781899,186.12415822665653,5.944762875562028,2.723451462219096,0.005561184686918764,51082.75277694561,0.5636103354725803,48.69810368378296,137.08544402196563,0.3552390556941984,15.708830246546086,15.708830246546086,23.885463988750985,4.4052687730389595,,-2.187465968133977,150.614293260748,469.2026458181523
117.09359024118501,two-phase,45.740750605283466,0.6313582867477727,9904.466234810981,9.853038554229101,10.217762276822318,0.6041183107323872,186.27520498816864,5.954984181959031,2.730235446306783,0.005538213176095412,50070.40285946899,0.5627782059270826,48.45678472670333,137.45566170445733,0.35252665569272806,15.666096237071542,15.666096237071542,23.86544997347255,4.424900405191845,,-2.168257802767215,150.27762628402365,465.6411502190182
116.83351125832827,two-phase,45.696267948930014,0.6307442939003955,9809.072302718307,9.73583573269311,10.08578037415861,0.6070071883227899,186.42306013608217,5.965011892546436,2.7368867107030326,0.00551546252928599,49088.482175614154,0.5619588646842485,48.21851779525231,137.82295086120095,0.34985840525075046,15.624215496176248,15.624215496176248,23.84585567966826,4.444186993070087,,-2.1493659337242272,149.94002869520307,462.1291686757496
116.57343227547153,two-phase,45.65269449484165,0.630142850746165,9715.49839653164,9.620758182507481,9.95647972004237,0.6098785055082384,186.56783136780197,5.97485196424275,2.7434094388763492,0.005492928749050748,48135.753492462245,0.5611520715438164,47.98328548790931,138.18736630319788,0.34723351903696353,15.583152228278891,15.583152228278891,23.82666315211958,4.463145701138857,,-2.130782584197185,149.60162221965163,458.6657630090623
116.31335329261482,two-phase,45.61000340986741,0.6295535869078575,9623.692921880209,9.507755020058902,9.829786034846578,0.6127324491936529,186.70961190151368,5.984509451944871,2.7498072034804757,0.0054706084451835585,47211.051870577874,0.5603575578361478,47.75099908187149,138.54895817801795,0.34465072642781963,15.542898793215329,15.542898793215329,23.807867667812445,4.4817708811776065,,-2.1124994177876473,149.2625072464292,455.2500062188102
116.05327430975807,two-phase,45.56817056243349,0.6289761692980422,9533.606216278182,9.396776787186276,9.705627381786258,0.6155687098194912,186.84848572866758,5.99398885463587,2.7560831975904514,0.005448498326045805,46313.27550546672,0.5595750433561275,47.521570010513436,138.9077735499539,0.34210878769447534,15.503428613716665,15.503428613716665,23.789455712480958,4.5000745506363184,,-2.094509173006439,148.92278998753437,451.88099910414724
115.79319532690134,two-phase,45.52716640579446,0.6284101900838278,9445.19045954209,9.287775446888713,9.583934321658296,0.6183885762541215,186.98455457217491,6.003295952676754,2.7622414514159863,0.00542659455797321,45441.35894635944,0.5588043244977642,47.29500642210849,139.2638644089968,0.33960716674650254,15.464715003309266,15.464715003309266,23.77141379154756,4.518066844822773,,-2.076801981123085,148.5825718567637,448.5578629685766
115.5331163440446,two-phase,45.48696575833402,0.6278553016840769,9358.399589147173,9.180704338849324,9.464639810118278,0.6211922580204138,187.11790542553237,6.012435591100882,2.768285364653134,0.005404893720548215,44594.29885895221,0.5580451662397674,47.07125583761767,139.6172780247059,0.3371449186202312,15.4267311697796,15.4267311697796,23.753728429473256,4.535759823367351,,-2.0593710591227206,148.24194969926128,445.27973917870725
115.27303736118786,two-phase,45.447551377643244,0.6273112661023066,9273.189220207969,9.075518154306659,9.347679214261413,0.6239788693471517,187.24859874186947,6.02141085557101,2.7742171641296216,0.00538339320693007,43771.1598085603,0.557297263188951,46.85019403518129,139.9680534657626,0.33472062285013665,15.389459676601803,15.389459676601803,23.736390566820774,4.553160534901679,,-2.0422089104095265,147.90101093479814,442.04578543203445
115.01295837833113,two-phase,45.40889374860466,0.6267776759421856,9189.516569791023,8.972172874494426,9.232990095971743,0.6267501905090559,187.3767354745009,6.030227670342059,2.7800409435872813,0.005362089223449851,42971.01584869665,0.5565604588853802,46.63185234392099,140.31624147915062,0.33233396114625796,15.352883012474706,15.352883012474706,23.719391157660027,4.570271329189059,,-2.0253082858638143,147.55983903162797,438.85517868254703
114.7528793954744,two-phase,45.370975850872455,0.6262542962723617,9107.340385288526,8.870625747339744,9.12051223359342,0.6295053064797115,187.5023749595933,6.03888915699572,2.78575893553878,0.005340979224635958,42193.016118140964,0.5558344758214492,46.416098789292654,140.6618801547524,0.3299834947338036,15.316993063534824,15.316993063534824,23.702725564743275,4.587091198949113,,-2.0086640051126166,147.2185087199552,435.7071114508627
114.49280041261765,two-phase,45.33377428526035,0.625740804114529,9026.620876600968,8.770835160386742,9.010186985413737,0.6322449752240156,187.6255975019842,6.0473999324453045,2.791374351686151,0.005320059791924524,41436.33111007769,0.5551191199173146,46.20294880984793,141.00501347239884,0.3276688372423862,15.281743764712871,15.281743764712871,23.686371581283765,4.603650395970284,,-1.9922680997141942,146.87711103238814,432.6008076197269
114.23272142976091,two-phase,45.29727157867721,0.6252369582881049,8947.319651894572,8.67276077737867,8.901958312578401,0.6349693011403126,187.74646360855965,6.055763297594985,2.7968895270124072,0.005299328448035787,40700.183193101664,0.554414146712003,45.9923090073386,141.34567924044546,0.3253888569816154,15.247145803081594,15.247145803081594,23.67033338625572,4.619931185163873,,-1.9761139841043065,146.53570373934429,429.5354895261372
113.97264244690417,two-phase,45.261443454153714,0.624742423698768,8869.3996567155,8.576363309526549,8.795771493804406,0.6376790100732367,187.86505615794928,6.063984149365743,2.802307841105692,0.005278781753673853,39983.81188025189,0.5537193981467943,45.7841846920205,141.68392156389717,0.3231431215811779,15.213162430998239,15.213162430998239,23.654593195832717,4.635955375728573,,-1.9601968864460304,146.19436606208717,426.5104131860504
113.71256346404746,two-phase,45.22627521658672,0.6242569975104257,8792.825116258105,8.481604633492859,8.69157402318308,0.6403736849546271,187.98142615863196,6.072065223196112,2.8076312409885515,0.005258417416609114,39286.51334036397,0.5530346256881733,45.57847118580737,142.01977483045437,0.320930456622817,15.179794762910603,15.179794762910603,23.63915081193329,4.651714901995654,,-1.9445104861006532,145.85315459842133,423.5248388720503
113.45248448119071,two-phase,45.19174639830603,0.6237803972084053,8717.561480598113,8.38844762280029,8.589314696513389,0.6430540396085292,188.09564358899206,6.080010612094887,2.8128625613932097,0.005238232354665967,38607.60004002134,0.5523596550201091,45.375177427869275,142.35327872455736,0.3187504905711849,15.147005900692307,15.147005900692307,23.623988477642968,4.667233437232881,,-1.929049390656737,145.51214227353177,420.57805625611957
113.19240549833398,two-phase,45.157842240522776,0.6233124190775613,8643.575372714678,8.296865163107103,8.488956546344589,0.6457196663865045,188.20775941056542,6.087823127695192,2.818003786453499,0.005218231745848775,37946.42730200006,0.5516942624171308,45.17421671679292,142.6844670287151,0.3166022038523763,15.114787353069971,15.114787353069971,23.609101623565778,4.682511615183829,,-1.9138074592137237,145.17157276058657,417.67112664880517
112.93232651547724,two-phase,45.12454466911728,0.622852813641331,8570.834539136964,8.206804606529584,8.39042770015087,0.648371218048273,188.3178354303129,6.095506374109967,2.823057415727783,0.0051983980935475385,37302.36992641997,0.5510382709358969,44.97556199844403,143.01337674799163,0.3144850014813431,15.08313059110111,15.08313059110111,23.594485687113036,4.697548781701655,,-1.8987790200797823,144.83113000899436,414.7998838384616
112.6722475326205,two-phase,45.09183623617623,0.6224013400666609,8499.307803061989,8.11824052639588,8.293693955886145,0.6510093432759421,188.42593126420584,6.103063841100638,2.828025867030396,0.005178736063656129,36674.83041390737,0.550391507714657,44.779187444567434,143.34004332422444,0.3123983110796211,15.052027048988805,15.052027048988805,23.58013611234753,4.71234457499272,,-1.883960005543544,144.49104588232132,411.9653691185905
112.41216854976376,two-phase,45.059703936008084,0.6219578188363583,8428.965019800517,8.031139723403218,8.198710354425891,0.6536331411138606,188.53209173917284,6.110498018900759,2.8329108952675566,0.005159243270101359,36063.24599903343,0.5497537631611125,44.58502356098357,143.6644978807473,0.3103412758104832,15.021439566353195,15.021439566353195,23.566035189143747,4.726926291720102,,-1.869344667960404,144.15138238177184,409.16693463399463
112.15208956690704,two-phase,45.02813010785505,0.6215220061794827,8359.777034417237,7.945469978351351,8.105433823095865,0.6562437518342672,188.6363769615525,6.117812499715364,2.8377149740698697,0.005139917205105547,35467.066785224066,0.5491248872151956,44.39305011458641,143.98677574772466,0.3083133842261061,14.991378509877222,14.991378509877222,23.55218715437195,4.741276507152118,,-1.8549293813316066,143.81217624802537,406.40393184578636
111.8920105840503,two-phase,44.9971024991594,0.6210937329743268,8291.715641440207,7.861199888235585,8.013822266660625,0.6588407819851957,188.7388290749413,6.125009648312692,2.8424397653558082,0.005120755616759742,34885.77703675004,0.5485046822271189,44.20321638000457,144.30690671309114,0.3063139345637056,14.961816134900914,14.961816134900914,23.538578703307337,4.755414455887574,,-1.840708683252705,143.47348029356664,403.67573883512125
111.63193160119356,two-phase,44.96660466990265,0.6206727722997801,8224.75354652255,7.778298928252293,7.923835082248909,0.6614248645377231,188.83950396015936,6.132092823472617,2.847087578671146,0.0051017559990615136,34318.872933369516,0.5478930042155812,44.01550278473093,144.62492432218326,0.30434244298497876,14.932743693335397,14.932743693335397,23.525205312594153,4.769340544045194,,-1.8266790970795805,143.13533613011276,400.98174154398896
111.37185261833683,two-phase,44.93662402125885,0.6202589502546046,8158.86432994695,7.696737395008199,7.83543291985743,0.6639960995083829,188.93844472733358,6.139064515380917,2.8516601484467325,0.005082916195392745,33765.878931735126,0.5472896776498063,43.82986365122979,144.9408581128001,0.30239826244935875,14.904152405610773,14.904152405610773,23.51206246452358,4.783056789956379,,-1.8128345801156918,142.79778343921674,398.3213395792046
111.11177363548009,two-phase,44.907149522184795,0.6198521145776231,8094.022411870385,7.616486380842012,7.748577635826269,0.6665540554086794,189.03568923575398,6.1459268692122935,2.856158978588448,0.005064234191278565,33226.341519720285,0.5466945193401378,43.64622815019258,145.25473583268382,0.3004805860544736,14.876033461397071,14.876033461397071,23.499145646897546,4.796565906864854,,-1.7991727343722907,142.460860055063,395.6939458649746
110.85169465262335,two-phase,44.87816395856234,0.6194520276628497,8030.203019213151,7.537517722440579,7.663232079322405,0.6690999109723181,189.1312956655345,6.152683490318443,2.860586525738151,0.005045707319418206,32699.81258569496,0.5461074194296364,43.46463279594066,145.56659091136763,0.2985893433638584,14.848358923195406,14.848358923195406,23.486441589266406,4.8098855521757296,,-1.7856876940655928,142.12461059607614,393.0989921650936
110.59161566976663,two-phase,44.84966125769566,0.6190586056890355,7967.382154101985,7.459804057573215,7.579360562391773,0.6716326740206167,189.2252853726244,6.159335406757772,2.8649435532987373,0.005027334126447516,32185.883674422257,0.5455281593382545,43.284957950508925,145.87644577319054,0.29672342043354005,14.821139000098754,14.821139000098754,23.473954556880585,4.823003214503186,,-1.7723781656559419,141.78906070612766,390.53591108270723
110.33153668690989,two-phase,44.82162408454501,0.6186716093811175,7905.536563782968,7.383318694636948,7.4969281372346055,0.674153515778482,189.3177167880581,6.16588629131019,2.8692325534227137,0.005009111951314283,31684.140056411034,0.5449566463231441,43.107242131445965,146.18433341883792,0.29488277658275375,14.794345678870116,14.794345678870116,23.46167129274704,4.835936663798192,,-1.759237614917045,141.45425151464758,388.00415926841345
110.07145770405315,two-phase,44.794041791086904,0.6182908917647285,7844.643711924894,7.308035683085925,7.415901147209459,0.6766625094183167,189.40862622143968,6.172338275197326,2.8734550042931186,0.004991038895454247,31194.195944255942,0.5443927251255655,42.93143407874823,146.49028014844183,0.29306677572904405,14.767979569042097,14.767979569042097,23.449591689420856,4.8486802982275865,,-1.7462640337792077,141.1202098125624,385.5031966134835
109.8113787211964,two-phase,44.76690513062094,0.6179163252079247,7784.6817512387515,7.23392973892733,7.33624685287966,0.6791592108182148,189.49804530538904,6.178693177215659,2.8776121762579403,0.004973113132000704,30715.682836434535,0.5438362332786306,42.75747058686437,146.79431066627015,0.2912747121655923,14.742031704675185,14.742031704675185,23.43771126243729,4.861237867020615,,-1.7334537176032658,140.78696517845935,383.0324976447065
109.55129973833967,two-phase,44.74020406926456,0.6175477712133086,7725.629497343371,7.160976212898367,7.257933325297348,0.6816437234434294,189.58600821181005,6.184953014935928,2.8817054665314643,0.004955332665265883,30248.244623344814,0.543287023673519,42.58534071930674,147.09645018683085,0.28950624345603204,14.716473952042634,14.716473952042634,23.4260167761218,4.873630456769925,,-1.7208021411541308,140.45455388505337,380.59155394103084
109.29122075548294,two-phase,44.71392488833309,0.6171850404222641,7667.466403811622,7.089151143960548,7.1809298827888846,0.6841171585512112,189.67256119310494,6.191120685845271,2.885736844121547,0.004937695404854124,29791.5318373255,0.5427449942472782,42.41503653392141,147.39672720428354,0.28776104692702276,14.691316417865721,14.691316417865721,23.41451251408273,4.885842512998338,,-1.7083075593615995,140.12299442381516,378.17985682035
109.0311417726262,two-phase,44.68806121063731,0.6168280448106285,7610.172538335397,7.018431165292282,7.105206581582545,0.6865785383249681,189.75772626645656,6.197197379631424,2.8897071583613756,0.004920199792197648,29345.221270090642,0.5422099733323958,42.24647331364196,147.69516294570832,0.2860382999081118,14.666550059672034,14.666550059672034,23.40319400546406,4.897879129088028,,-1.6959656459674828,139.79231226514025,375.7969141663099
108.77106278976947,two-phase,44.66259910478259,0.6164765920837559,7553.728559951271,6.948793499168461,7.030734270919003,0.689029001200451,189.84155027564861,6.203186073967532,2.893618423886577,0.004902843578248877,28908.98820255118,0.5416818739012106,42.07968164991879,147.99178562551873,0.28433795478620705,14.642156227275677,14.642156227275677,23.3920524079831,4.909751150161982,,-1.683773017826261,139.46253555408532,373.44224717882673
108.51098380691272,two-phase,44.637533596870405,0.6161306135870657,7498.115697272192,6.880215962381135,6.957484714197008,0.6914675648125028,189.92405052469846,6.209087653920126,2.897471285443225,0.004885625340051993,28482.535489915274,0.5411605224248888,41.91457968573508,148.28661467094915,0.28265922570789237,14.618125817799466,14.618125817799466,23.381083261457206,4.921464407077479,,-1.6717272100881608,139.13368716692514,371.11538452590423
108.25090482405598,two-phase,44.61285232894427,0.615789938744034,7443.315727673761,6.812676947632195,6.885430553799087,0.6938953429648871,190.00526858046302,6.214904754215029,2.901267527592889,0.004868543085355487,28065.564011731723,0.540645827637631,41.75117527370503,148.57967633133774,0.2810019264047829,14.594459296832724,14.594459296832724,23.370286484115695,4.933012801266218,,-1.6598258645621615,138.80578496773848,368.81586219173926
107.99082584119927,two-phase,44.5885461352058,0.6154544410394049,7389.3109573865495,6.746155383847556,6.814545136656562,0.6963124033277595,190.0852354561535,6.220639271396438,2.9050084499397246,0.004851595051545865,27657.79092522966,0.5401376709989508,41.58943882758178,148.87099358367524,0.27936562943812016,14.57114752810844,14.57114752810844,23.359657621724978,4.944400454351487,,-1.6480649668708347,138.47884968198377,366.54322871673514
107.73074685834253,two-phase,44.564607937331665,0.615124022771282,7336.084202448838,6.680630720821766,6.74480249334959,0.6987182936395905,190.16397525718634,6.226292620731176,2.908695035613905,0.0048347796105934465,27258.94697006991,0.5396359180897454,41.42932920279832,149.16058720380144,0.27774983981654955,14.5481717540668,14.5481717540668,23.34918785096113,4.955641332344342,,-1.6364413954474544,138.1529047350682,364.2970448420266
107.47066787548579,two-phase,44.54102899792211,0.6147985633375833,7283.618770476683,6.6160829457768555,6.676177522471889,0.7011135950462718,190.24151750921254,6.231866619641084,2.912328527682331,0.00481809510389058,26868.769685405685,0.5391404569681547,41.27083162176332,149.44847933316188,0.27615424262537497,14.525532386267116,14.525532386267116,23.33887709964148,4.966730947212013,,-1.6249538121398615,137.8279649003905,362.0768752145442
107.21058889262905,two-phase,44.517802652907456,0.6144779707543437,7231.898443210652,6.552492535280613,6.6086457536368535,0.7034978437041249,190.31788488293378,6.237362605789649,2.915909854142602,0.004801540004293195,26487.009202572906,0.538651159661191,41.11389528989972,149.73468993697273,0.274578291157551,14.5032202238732,14.5032202238732,23.328720924937613,4.977674620448376,,-1.613598396499304,137.50404781490295,359.88229625227916
106.95050990977231,two-phase,44.49491802740706,0.6141620949158934,7180.9074598009465,6.489840461622053,6.542183461392074,0.705872143472026,190.39311385789716,6.242782923638615,2.9194405966947166,0.004785112492851117,26113.417684932363,0.5381679463344342,40.958531191104164,150.01924276835655,0.2730218499659266,14.48123565602583,14.48123565602583,23.31871925867472,4.988466976017539,,-1.602373922417614,137.18116651393018,357.7128905983542
106.69043092691558,two-phase,44.472370629402874,0.613850873819034,7130.630500794683,6.428108147874569,6.476767442241605,0.7082355089340089,190.46721989547748,6.248128416250399,2.922921356675764,0.004768811192041678,25747.76595685572,0.5376906767404438,40.80467816818307,150.30215532839233,0.27148431823236135,14.459559838187715,14.459559838187715,23.308863292862043,4.99912328127988,,-1.5912758394218365,136.8593405001892,355.5682547587586
106.43035194405884,two-phase,44.45015093226562,0.6135441759679715,7081.052672791179,6.367277494838422,6.412375259130561,0.7105890399817028,190.54023497491616,6.253401128595807,2.9263535161924654,0.004752634414045057,25389.824900225598,0.5372192668179521,40.652348386633136,150.58344969047695,0.2699655803489275,14.43819312710076,14.43819312710076,23.299152965050155,5.009638791992429,,-1.5803038495949173,136.53858109451141,353.44798842428384
106.17027296120212,two-phase,44.42825224754272,0.6132419090421838,7032.159493732935,6.307330837227196,6.348985021262262,0.7129322663263908,190.61218171545292,6.25860244212655,2.9297380231654695,0.004736580666626164,25039.37760855712,0.5367536080850175,40.50149480111461,150.86314504697614,0.2684651363227457,14.41712625339295,14.41712625339295,23.28958384451056,5.020018960628734,,-1.5694543687009517,136.2189024620103,351.3517020983519
105.91019397834536,two-phase,44.406667207114516,0.6129439713397239,6983.936878801854,6.24825095041319,6.286575493030232,0.7152657600985695,190.68308494044985,6.263733908174159,2.9330759341402657,0.00472064845813298,24696.21351377694,0.5362936034185557,40.35210696173896,151.1412610419354,0.2669827331303193,14.39635955372313,14.39635955372313,23.280155872370074,5.030259977002195,,-1.5587255339270962,135.900314458776,349.2790117497731
105.65011499548864,two-phase,44.385389492969274,0.6126502756532543,6936.371126891751,6.190021009476762,6.225125886580686,0.717589053737,190.75296599572195,6.26879683672861,2.9363681467843894,0.00470483629840243,24360.130708273122,0.5358391493124953,40.20415132780923,151.41781614304193,0.26551797108095276,14.375874103546323,14.375874103546323,23.2708602546968,5.040376534020473,,-1.5481138611220284,135.58283322361882,347.2295462112612
105.3900360126319,two-phase,44.36441373476433,0.6123607478560873,6889.448907629959,6.1326246149886545,6.164616093244608,0.7199021919554476,190.8218430897855,6.273792319569479,2.9396154152246297,0.00468914287628843,24030.935405502394,0.5353901368454875,40.05759565079383,151.69282774482187,0.26407046560025127,14.355670209972573,14.355670209972573,23.26169693782157,5.050365738229302,,-1.5376192085840419,135.26646715104624,345.202936874006
105.12995702977517,two-phase,44.34373073154283,0.6120752609476758,6843.15724892214,6.076045761909447,6.105026537751317,0.7222062668250767,190.88974698340394,6.2787223685948215,2.942819089909366,0.004673566579587151,23708.43474873556,0.5349464999279901,39.912454436772066,151.96631666705056,0.26264013836841194,14.33574817616477,14.33574817616477,23.25266586879883,5.060223046023331,,-1.5272382245079323,134.9512240617927,343.1988226232771
104.86987804691843,two-phase,44.32333705009079,0.6117937675394644,6797.483524995885,6.020268819621778,6.046338102789889,0.7245002777448485,190.95668947543854,6.283587628765261,2.9459796312051316,0.004658106224801737,23392.450471567972,0.5345081179689303,39.76866210465634,152.23829812692765,0.2612263969970256,14.316098662816046,14.316098662816046,23.24376262922243,5.069955447914182,,-1.5169691997740296,134.6371145696799,341.2168520865986
104.60979906406169,two-phase,44.30322467686942,0.6115161570208032,6752.415444919945,5.965278521837298,5.988532116950437,0.7267847977898568,191.02269737875937,6.288389843930983,2.949098211934435,0.0046427602251614694,23082.803698399784,0.5340749205072237,39.62623415231483,152.50879147638466,0.25982917947684864,14.296702671674325,14.296702671674325,23.234978438073142,5.079577101327247,,-1.5068088575821108,134.32415191754637,339.2566833475445
104.34972008120496,two-phase,44.28338964595421,0.6112423746501491,6707.941041577183,5.9110599987423695,5.931590625910435,0.7290598601573588,191.0877841987754,6.293129798639593,2.952175380300252,0.004627527506038637,22779.326991725517,0.5336467998753031,39.485118322502544,152.7778120960752,0.25844798914695877,14.277579754979115,14.277579754979115,23.226321979718136,5.0890676013659375,,-1.4967572240432232,134.01233547917002,337.31797173449024
104.08964109834821,two-phase,44.26382355466238,0.610972304445509,6664.048661070403,5.857606245012657,5.87550541880094,0.731326037719933,191.15197797889547,6.297809343992026,2.9552123754654027,0.004612413931024697,22481.85227102433,0.5332236966921049,39.34534206640466,153.04537936152843,0.25708284843714163,14.258701246121461,14.258701246121461,23.21778011218089,5.098450081245507,,-1.4868119021175605,133.70187495419185,335.40185802162034
103.82956211549148,two-phase,44.24452419883327,0.6107059159829157,6620.726952541478,5.80488806462425,5.820240396249617,0.7335823193870944,191.2152864047672,6.302428855155141,2.958209477212186,0.004597403659726595,22190.225208463406,0.5328054926164494,39.206821042198555,153.3115069974758,0.25573306146448666,14.240077042478958,14.240077042478958,23.20935715653502,5.107713993040667,,-1.4769705629613352,133.392386910901,333.5050994739505
103.56948313263476,two-phase,44.22548205451319,0.6104430778035059,6577.964858384937,5.752899042868997,5.765788248220231,0.7358303147378542,191.27774115520907,6.306990464898048,2.961168104376574,0.0045825024431489884,21904.286665883486,0.5323921462657105,39.06960571515651,153.57621478502188,0.25439880628550904,14.221697741837886,14.221697741837886,23.20104870541553,5.116863844920806,,-1.4672309091965345,133.0840697964676,331.6288255022247
103.309404149778,two-phase,44.20669585909623,0.6101837724795659,6535.751604838421,5.70162564140602,5.712132697251221,0.7380684920854331,191.3393467925015,6.311494333519217,2.964088394938487,0.004567709364037549,21623.893401066936,0.5319835365134123,38.93360258159275,153.8395149361872,0.2530793378914543,14.203563584042058,14.203563584042058,23.192854717057287,5.1258986084389635,,-1.4575914716771832,132.7769276205628,329.77272236897045
103.04932516692128,two-phase,44.18815790462103,0.6099278936183231,6494.076692933134,5.651054620435485,5.6592577735872736,0.7402979365413326,191.400129000566,6.31594217090029,2.9669714906381723,0.004553022921722442,21348.898307234856,0.5315796100887746,38.79885173846392,154.10142553311923,0.25177477498496814,14.185655484544327,14.185655484544327,23.184766425534463,5.1348327833179574,,-1.4480508152743718,132.47097016284232,327.93648706240776
102.78924618406454,two-phase,44.16986352666424,0.609675376836874,6452.92988978828,5.6011730614278115,5.607148017112963,0.7425186821561358,191.4601034641169,6.320334963114391,2.96981806253779,0.004538441950044353,21079.162801898463,0.5311802862282858,38.665327114221405,154.3619616614766,0.25048481308508097,14.167973659113215,14.167973659113215,23.176783793290383,5.143663928980947,,-1.4386067580228215,132.16620043755336,326.11981791347773
102.5291672012078,two-phase,44.15180817972589,0.609426159393811,6412.301220234437,5.551968349931975,5.555788406324526,0.7447307620656285,191.51928546234103,6.324673672544648,2.9726287652274794,0.004523965341463414,20814.55274954194,0.5307854859658819,38.53299232358946,154.62113814786235,0.2492090847678331,14.150527987639009,14.150527987639009,23.168911144556205,5.152380465175719,,-1.4292587340933125,131.8626180843305,324.32241690569265
102.26908821835109,two-phase,44.13398811620143,0.6091801895610545,6372.180958751344,5.503428137910272,5.505164141978177,0.7469336895215725,191.5776876445404,6.328959074344261,2.975404130970503,0.004509591933056932,20554.939132202093,0.5303951252766819,38.40182316747423,154.8789689321167,0.2479473064177339,14.133299350344885,14.133299350344885,23.161139719558378,5.160998696934235,,-1.4200038213468453,131.56023146973547,322.5439984903593
102.00900923549435,two-phase,44.11639696406158,0.6089373793856645,6332.55962170647,5.455540373316443,5.455260894271258,0.7491285409041901,191.63533124603669,6.333192579562645,2.9781451027515877,0.004495320451775852,20300.193671190093,0.5300091491178065,38.27183841459834,155.13547025185392,0.24669947080745697,14.116287946490615,14.116287946490615,23.153469483658967,5.169515457316287,,-1.4108415112204495,131.25904246201986,320.78427817909926
101.74866436337686,two-phase,44.09903119308576,0.6086976801401064,6293.509248228731,5.408391340670479,5.406166564061358,0.751314825720062,191.6922281741873,6.337374920427378,2.980852182864355,0.004481176418912591,20050.669796839094,0.5296286289045027,38.14349637562751,155.39065420846978,0.24546840715693727,14.09948429759271,14.09948429759271,23.145896042826337,5.177938030481333,,-1.4017858091826836,130.95969178349543,319.04660758361945
101.48763788376222,two-phase,44.08188756229616,0.6084610470892551,6255.144380133452,5.36211814480306,5.358021670895041,0.753492053934376,191.74838937681463,6.34150676317315,2.9835258300478698,0.004467200062167722,19806.959497597498,0.5292552367062412,38.01749713367931,155.6445334077037,0.24425847989208993,14.082898267901669,14.082898267901669,23.138423724078905,5.186255407040763,,-1.3928628935915748,130.66316774767665,317.3362564440996
101.22591874073956,two-phase,44.064957555982815,0.6082273626910067,6217.453760814278,5.3167057786677905,5.310808368012682,0.7556612981638849,191.80384306651442,6.345590050163456,2.986167327665795,0.004453390333790563,19568.909128521635,0.5288889145609846,37.89387748671435,155.89712979518427,0.2430697571950097,14.066510687661207,14.066510687661207,23.131043776340277,5.194481945681933,,-1.3840691263066398,130.36949540115882,315.65289979279135
100.96351053156945,two-phase,44.04823683580949,0.6079965670634291,6180.422114271597,5.272134410283667,5.264503983215015,0.7578225872413598,191.85860375546116,6.349625722180464,2.9887773097400605,0.004439745147332569,19336.350130424493,0.5285295052307214,37.77258423793859,156.14846136882417,0.24190173829967737,14.050321730180428,14.050321730180428,23.12375616952454,5.202615405243711,,-1.3754038791330727,130.0786586365275,313.99602099383185
100.70041689113486,two-phase,44.03172115691377,0.6077686016148063,6144.03463563404,5.2283847865800555,5.219086510056818,0.7599754269804265,191.91268563731512,6.353614701467991,2.991356397363887,0.004426262409537097,19109.120232579156,0.5281768565303154,37.65355580727726,156.39854581515866,0.24075387409150548,14.034321880287507,14.034321880287507,23.116556515995228,5.210662843887965,,-1.366862712087723,129.79064388546607,312.3651186879812
100.43664149039844,two-phase,44.015404512078334,0.6075433834276875,6108.276973426827,5.185438226297,5.174534675271333,0.7621203661606624,191.96610866358625,6.357558340276378,2.9939054886280285,0.004412939959662734,18887.06108178665,0.527830839466119,37.53676304881579,156.64740222623735,0.23962582535906649,14.01851129923449,14.01851129923449,23.109444787776226,5.218621308016159,,-1.3584451117458851,129.50543450525117,310.75970217005545
100.1721845199465,two-phase,43.99928233457149,0.6073208494676045,6073.136269345544,5.1432778604663305,5.1308291761477856,0.7642574320087745,192.01888805568274,6.3614576473396305,2.9964252584807127,0.004399776130433409,18670.02764682149,0.5274913312848286,37.422163891968154,156.8950481249273,0.23851717654065693,14.002890146479444,14.002890146479444,23.102420957216907,5.226488468623782,,-1.3501485241692883,129.22302233129926,309.1793408135733
99.90704981116983,two-phase,43.98334829751896,0.6071009124048904,6038.598992107825,5.101886026112142,5.087949937997092,0.7663871694408713,192.07104478424438,6.365314061488441,2.9989166587619276,0.0043867687452235704,18457.87211443557,0.527158216425072,37.30974202925919,157.14150248135243,0.23742767785796523,13.987448885165122,13.987448885165122,23.095480640460437,5.23427051090441,,-1.34197022814142,128.9433929453595,307.6235689764386
99.64124528623779,two-phase,43.96759994995166,0.6068835384088885,6004.650802775449,5.061244119212451,5.045876001990786,0.768508559784266,192.12258712089724,6.369128087569834,3.0013800369541483,0.004373915527846932,18250.449415264655,0.5268313289388101,37.19941363830327,157.38678050137005,0.23635665917938672,13.972177966193726,13.972177966193726,23.088619455768992,5.241975362413749,,-1.3339080515440378,128.66652158283966,306.091877745083
99.37477472080361,two-phase,43.95203131729114,0.6066686450126613,5971.279011542311,5.021335544525593,5.004588608894853,0.770622668855995,192.17353485968022,6.372901087086792,3.003816293059251,0.004361214427014135,18047.622693556266,0.5265105604946674,37.09117489089651,157.63090038694565,0.23530395880405852,13.957077528224602,13.957077528224602,23.081837379112358,5.249600116883003,,-1.3259593923105932,128.3923908766493,304.5838241971711
99.10764192048,two-phase,43.93663837860015,0.6064561767153257,5938.471303994611,4.982144181015155,4.964069566929525,0.772729520753373,192.22390138934452,6.37663395225168,3.006226023060331,0.0043486635622304905,17849.262006212695,0.5261957882402069,36.98498229012608,157.87387833761554,0.23426916903272094,13.942147708461903,13.942147708461903,23.075134386724073,5.25714272250653,,-1.318123208912686,128.12098337027254,303.09897641025975
98.83985071961197,two-phase,43.921417798096215,0.6062460874731705,5906.215727602057,4.943654360277567,4.924301189454751,0.7748286152255248,192.27369784738806,6.380327412278888,3.008609716974095,0.004336261090782619,17655.24266720634,0.5258868871992896,36.8807841109031,158.11572972795764,0.23325183506003785,13.927378937859146,13.927378937859146,23.06850610033416,5.2646107625927305,,-1.3103969830535274,127.85228408005383,301.63691507678425
98.57140498009876,two-phase,43.906364592980275,0.6060383085087614,5874.500678788936,4.905850857300166,4.88526631950172,0.7769204909949331,192.32294075031822,6.383982599268285,3.0109681240708084,0.004324005073339288,17465.442590539245,0.5255837530469393,36.77856986671312,158.3564712527202,0.23225176448910892,13.912761635906179,13.912761635906179,23.061948143652955,5.272011126692113,,-1.3027775018702021,127.58627784402307,300.19723117782735
98.30230859026263,two-phase,43.89147453100196,0.6058327814044662,5843.3148905563285,4.868718886612139,4.846948392580478,0.7790056943092121,192.3716441489973,6.38760046669488,3.013301877502908,0.004311893724101201,17279.74467797161,0.5252862783479575,36.67830894192062,158.59611872779195,0.23126864160448848,13.898305630430741,13.898305630430741,23.055464850152077,5.279332355756677,,-1.2952653641053198,127.32294437558022,298.7795218962257
98.03256546376281,two-phase,43.87674575248296,0.6056294804911976,5812.6474206283565,4.832244071092644,4.809331292480975,0.7810832078910528,192.41981432587272,6.391181394290438,3.015611239679104,0.004299925417284222,17098.03825744707,0.5249943365413416,36.57992297028533,158.8346856099878,0.23030185648559073,13.884011045691807,13.884011045691807,23.049056198337553,5.286573365996588,,-1.2878581809136533,127.06226594167583,297.3833961536858
97.76217953855235,two-phase,43.86217127626231,0.6054283094081884,5782.4876400969115,4.796412418384842,4.772399257128108,0.7831540773771849,192.46747430457816,6.394727009884944,3.017897277215452,0.004288098068190837,16920.21123558647,0.5247078553027315,36.483444759462266,159.07218986839118,0.22935149625869203,13.869848860708657,13.869848860708657,23.0427091077172,5.293758924335695,,-1.2805521321329958,126.8042320681165,296.00847793897185
97.4911547758761,two-phase,43.847748954098364,0.60522923850332,5752.82522254062,4.761210350441461,4.736137183962099,0.7852183331617009,192.51463129419344,6.398237769302198,3.020160300178962,0.004276410149801327,16746.160151435142,0.5244267187676276,36.38881660053868,159.30864486423238,0.2284170870422652,13.85583860962123,13.85583860962123,23.036432266302995,5.300869123874113,,-1.2733471718771077,126.54881996598476,294.65439106351334
97.21949515930831,two-phase,43.833476048807825,0.6050322299953288,5723.650133595262,4.726624648087526,4.700530291091122,0.7872754706041821,192.56129442348256,6.401714273720558,3.0224007118666365,0.0042648600059454565,16575.784417786726,0.5241508206225288,36.295993510206046,159.54406432943782,0.22749823794923216,13.841970686448747,13.841970686448747,23.030221302229336,5.307911902940443,,-1.266241789610761,126.2960141936918,293.3207739163687
96.9472046938279,two-phase,43.81934826551778,0.6048372246022053,5694.95262095398,4.692642455214832,4.665564224489077,0.7893260225233948,192.60747790657513,6.40515750625167,3.02461916111068,0.0042534458907845995,16408.985269013578,0.5238800734127036,36.20497035418914,159.77846324947208,0.22659480894906384,13.828235474637552,13.828235474637552,23.024071845452056,5.314894539888298,,-1.2592330344769347,126.04579922333812,292.0072735294326
96.67428740492997,two-phase,43.80536361808379,0.6046441949092541,5666.723204776911,4.659251271978292,4.631225081190943,0.791369488410614,192.6531884031404,6.4085678898657115,3.026815935241808,0.0042421662832274965,16245.669445264934,0.5236143706184275,36.11569387949133,160.01185433558967,0.22570636425315468,13.814633071402227,13.814633071402227,23.01798387916432,5.321815961225757,,-1.2523202160878353,125.79815714893107,290.7135435591505
96.40074733777212,two-phase,43.79151691251586,0.6044530692239782,5638.95266849088,4.626438943113624,4.597499392922087,0.7934069320100197,192.6984430513299,6.411946632177874,3.0289918264521463,0.0042310194870500695,16085.743672158367,0.5233536404279674,36.028159297173985,160.24425306186822,0.22483277002928762,13.801173299500988,13.801173299500988,23.01196173777936,5.32866423358448,,-1.2455019420811508,125.55306784164173,289.4392441487513
96.12658855635377,two-phase,43.777805750638926,0.604263814444435,5611.632049960836,4.594193627904336,4.564373962586033,0.7954378387163492,192.74324984387593,6.415294261465816,3.0311471887525103,0.004220003925672419,15929.120383409158,0.5230977869979606,35.94233553941105,160.4756721926146,0.22397373413878233,13.787836803824291,13.787836803824291,23.00599670229741,5.3354569285284725,,-1.2387761107288535,125.3105180946178,288.18404874389137
95.8518151427277,two-phase,43.76422622755375,0.6040763766714108,5584.752633015793,4.562503814136154,4.531836040662957,0.7974627445059919,192.78762169123056,6.418611676027447,3.033282613878285,0.004209118005462106,15775.713435233038,0.5228467323451005,35.85821018170919,160.70612570804255,0.22312908125763287,13.774623672069936,13.774623672069936,23.000088757566687,5.342192129544445,,-1.2321406627846025,125.07049010617709,286.9476349946482
95.57643119624196,two-phase,43.75077665455853,0.6038907325958024,5558.305939312774,4.5313582981479845,4.4998732361582565,0.7994811476071905,192.83156425615758,6.4218992349317015,3.0353983459416414,0.0041983603120041985,15625.441524074644,0.5226003799686126,35.77573361541063,160.93562541786045,0.2222984098301474,13.76153399117618,13.76153399117618,22.994237888573025,5.348868908292827,,-1.225595767020587,124.83296615600364,285.7296881319554
95.30044083281123,two-phase,43.73745490533628,0.6037068528681165,5532.283720523286,4.500746170728735,4.468473469033705,0.8014930567792677,192.87508462687126,6.425157405676895,3.037494698493494,0.004187729385947117,15478.225539877094,0.5223586406304348,35.694886261336514,161.16418338370033,0.2214815073170072,13.748558111863247,13.748558111863247,22.98843973092505,5.355495598184909,,-1.219138688637377,124.59793077832808,284.529902440721
95.02384818421633,two-phase,43.72425675216064,0.6035246791331661,5506.6779508275695,4.470656825691455,4.437625101878892,0.8034990236635157,192.9181967509263,6.428387171741292,3.039572316588301,0.004177223739546922,15333.986972748755,0.5221214483980335,35.615637782159354,161.39181342808902,0.22067809404736957,13.735715588251594,13.735715588251594,22.982702969292404,5.362051215612909,,-1.212768922992389,124.36536207847217,283.3479743212903
94.74665739743067,two-phase,43.71117910726048,0.6033441687705332,5481.4808197026305,4.441079915392388,4.407316643925653,0.8054990389018275,192.96091084542743,6.431589240123085,3.0416316668279006,0.004166841819930979,15192.650833233705,0.5218887290177416,35.53799003341728,161.6185281923788,0.21988809346856245,13.722977292056783,13.722977292056783,22.977014541651272,5.368562600159063,,-1.2064838129817694,124.13524903946308,282.1836155165885
94.46887263397271,two-phase,43.69822005084255,0.603165295281366,5456.684724990852,4.4120053819673615,4.377537060690332,0.8074931263088335,193.00323330756044,6.434764033655612,3.0436730326245596,0.004156582310087342,15054.145535018686,0.5216603995982031,35.461905328477975,161.84433911716258,0.21911118746517508,13.71035303617333,13.71035303617333,22.97137878415606,5.375019273964894,,-1.2002836325301551,123.90757209056812,281.03653784326946
94.19049806928336,two-phase,43.685376624367244,0.6029880178290261,5432.282266236583,4.3834234267575685,4.3482755854507005,0.8094813013001532,193.04517392238827,6.437912231254184,3.0456968616671554,0.004146443805569113,14918.400805368614,0.5214363899486736,35.38735680486695,162.06925844698281,0.21834712606180706,13.697842897389592,13.697842897389592,22.96579568356367,5.3814197487588675,,-1.1941657772099854,123.68231394177906,279.9064614096293
93.91153789212726,two-phase,43.6726464847627,0.6028123040721588,5408.266238278777,4.355324502663556,4.31952171145277,0.8114635693203915,193.08674046016455,6.441034362774182,3.0477035053874135,0.004136424932153039,14785.349095981039,0.5212166264424622,35.31432827746961,162.29329773309087,0.21759572804754945,13.685437205535607,13.685437205535607,22.960260879087627,5.387772313425511,,-1.1881298517488925,123.4594594563356,278.7931143473194
93.63199630401687,two-phase,43.66002688982871,0.6026381161602521,5384.629625088334,4.327699314746357,4.291265251015262,0.813440462474481,193.12794198980617,6.444131057611047,3.049693378796931,0.004126524339451767,14654.92459647936,0.5210010417755254,35.24281253786831,162.51646875468694,0.2168568687710421,13.673136029752243,13.673136029752243,22.954774358803547,5.394075596182662,,-1.1821747566316718,123.23899151169496,277.69622941174714
93.35187751865895,two-phase,43.64751606407218,0.6024654295862253,5361.365593839458,4.300538013551072,4.263496199536371,0.8154114769882672,193.1687844197027,6.44720270951034,3.0516667451075303,0.004116740674211593,14527.06435019601,0.5207895616715372,35.17276630809882,162.73878228695955,0.2161302045758103,13.660939438636206,13.660939438636206,22.949336110885667,5.400328658499983,,-1.1762979642838007,123.02089075357185,276.6159445839759
93.07118576142194,two-phase,43.63511129998362,0.6022942069784013,5338.467489204698,4.2738092149000675,4.236198572697678,0.8173766162055791,193.2092766969436,6.45024994245759,3.053624015110117,0.0041070664791383795,14401.706523367995,0.5205821231846434,35.10417531000604,162.9602497809799,0.2154155713260527,13.648837747633593,13.648837747633593,22.943941777021166,5.406539666908991,,-1.1704984939977459,122.80497976768243,275.5609966151611
92.78992382166557,two-phase,43.62281056753783,0.6021244203163999,5315.929250857078,4.247528796933575,4.2093699620209275,0.8193364218802105,193.2494255528715,6.453273215576939,3.0555654933271525,0.004097506900877956,14278.793839198393,0.520378665106914,35.03702695893256,163.18088083772636,0.21471281916767435,13.636840772723815,13.636840772723815,22.938595692872696,5.412698050686109,,-1.1647767985752158,122.5914084472218,274.521506834477
92.50809330782033,two-phase,43.61061074855311,0.6019560265600469,5293.745335047358,4.221689442595402,4.183002337856819,0.8212908962707041,193.28924126634593,6.4562732569713805,3.0574916566441104,0.004088061127461592,14158.271600181255,0.5201791439170238,34.971313107759045,163.400687088734,0.2140218240867496,13.624938824195453,13.624938824195453,22.933293501018056,5.418811800683123,,-1.1591306483222072,122.38017554243095,273.4973154804153
92.22570232940231,two-phase,43.59851035380633,0.601789005153638,5271.908462350997,4.196281653947366,4.157085461425221,0.8232400520807517,193.32872879573804,6.459250395714852,3.0594027253780682,0.004078727552549443,14040.078788029145,0.5199834753418027,34.9070037964806,163.61967863582066,0.21334233197081062,13.6131319624115,13.6131319624115,22.928035191057972,5.424880122099632,,-1.1535595246194197,122.17125375127938,272.4881382456557
91.94275516610932,two-phase,43.58650690038243,0.6016233218255664,5250.4126316665715,4.171297452649404,4.1316106674522235,0.8251839019503932,193.36789633885766,6.462205206560961,3.0612990772655975,0.0040695049533112084,13924.160823201557,0.5197916027802777,34.844077033514246,163.83786631268123,0.21267413826676085,13.601420247284466,13.601420247284466,22.92282075267468,5.430901767433995,,-1.1480617566459628,121.96462675903018,271.49374856416136
91.65925610662889,two-phase,43.574598477211666,0.6014589501973909,5229.251994025559,4.146729056544908,4.10656948505423,0.8271224461029791,193.40675022383874,6.465138124880804,3.0631810002554056,0.004060392130378838,13810.465213805566,0.5196034661049677,34.78252118413928,164.05526032159784,0.21201710396823018,13.589793975501493,13.589793975501493,22.917645830780202,5.436885315371654,,-1.1426364150975596,121.76028017309858,270.5139258804644
91.37520944822538,two-phase,43.562782796334226,0.6012958586884667,5208.42084803604,4.122568877007094,4.081953688783241,0.8290562130815794,193.44529800510128,6.468049680126669,3.0650488423611324,0.0040513878992538095,13698.940710579544,0.5194190107490748,34.72233307085167,164.27187108872516,0.21137114248913455,13.578253200109145,13.578253200109145,22.912510416236557,5.442829625578979,,-1.1372818762589023,121.55819765606998,269.5484517906722
91.09061949634277,two-phase,43.55105937516024,0.6011340406376197,5187.913635491598,4.098809519185442,4.057755297934435,0.8309841934048128,193.48354134435843,6.470939957902905,3.06690266661199,0.0040424912456044765,13589.539019566078,0.5192381666552656,34.66344704221256,164.48770730875603,0.21073579059100517,13.566807740529327,13.566807740529327,22.90741884414814,5.448724791115681,,-1.1319993627682952,121.3583612456863,268.5971113430643
90.80549056422306,two-phase,43.53942458986637,0.6009734460253185,5167.724937138557,4.075443755238673,4.033966439065721,0.8329074067234205,193.5214921476144,6.473809819281235,3.068743033174973,0.004033700856798921,13482.210748107735,0.5190608958071481,34.605898171624666,164.7027803837967,0.21011119600400602,13.555438117567064,13.555438117567064,22.902362416821916,5.454588222095408,,-1.126785179380006,121.16075827830781,267.65969679172906
90.51982697253894,two-phase,43.52787670523623,0.6008140509004208,5147.849468595003,4.052464566200492,4.0105795809428155,0.8348258903887628,193.55915615630738,6.476659661121041,3.070570204129867,0.0040250157056499125,13376.909435056541,0.518887143779586,34.54964748006146,164.9170999117815,0.20949705942284322,13.544163918584445,13.544163918584445,22.89734981334226,5.460399843325187,,-1.1216405809550702,120.96536961628306,266.73600285670557
90.23362790602219,two-phase,43.516414434628395,0.6006558375034512,5128.283601847956,4.029866844010101,3.9875890176092557,0.8367390982440776,193.59653764622172,6.4794897705351895,3.0723843709638587,0.0040164352589281,13273.597649385421,0.5187168754207998,34.49469784679253,165.13067495868728,0.20889333768800064,13.532955883243801,13.532955883243801,22.892367994301082,5.466187764266067,,-1.1165629822833725,120.77220006268533,265.8259049685886
89.94690020768877,two-phase,43.505036205359154,0.600498784126701,5109.021573963195,4.007643054111511,3.9649867525252263,0.8386475987468882,193.63364182364094,6.482300506121527,3.074185770782601,0.004007958263327198,13172.228074078324,0.5185500276071843,34.441014351639936,165.34351481470824,0.20829975938418974,13.521843374699074,13.521843374699074,22.887429981425157,5.471922355824401,,-1.1115534884942029,120.58122167981332,264.9291694954196
89.65965072873205,two-phase,43.493738909917205,0.6003428478772794,5090.057740031489,3.9857858050243244,3.9427647955983254,0.8405513603739876,193.67047889671815,6.48509260683404,3.07597488416729,0.0039995831939225145,13072.753482831336,0.518386553467939,34.388602975396665,165.5556300260685,0.2077163003757819,13.510797120369887,13.510797120369887,22.882522737398176,5.477630938603438,,-1.1066090415503624,120.39241684283661,264.04557474033675
89.37188382622477,two-phase,43.48252195617695,0.6001880205820939,5071.387315341162,3.9642887333901875,3.9209163222376406,0.842450407020529,193.70705086855708,6.487866191159329,3.077751793824693,0.003991309122745132,12975.133393499804,0.5182263941871906,34.33743639456849,165.7670287586394,0.20714273913037667,13.499826937688908,13.499826937688908,22.877650597685943,5.483303544304842,,-1.1017295511840053,120.2057685860375,263.1749322890265
89.08360386280648,two-phase,43.471383794995006,0.6000342808583617,5053.00563179789,3.9431456285070157,3.899434652197779,0.8443447486700393,193.7433628608067,6.4906216148347555,3.079516734313414,0.00398313504246486,12879.327739565555,0.5180695016728001,34.28749742508264,165.97771993699715,0.20657891576108953,13.488932871227291,13.488932871227291,22.872813554624088,5.4889393749164865,,-1.096914249595354,120.02126183658515,262.31705913562894
88.79481520639995,two-phase,43.46032242451757,0.5998816010745519,5034.908134629469,3.922350431172389,3.8783132739114774,0.8462343952606832,193.77942146846624,6.493359346559893,3.081270012313709,0.00397505993025424,12785.297240651385,0.5179158336605482,34.238769325008434,166.18771279206874,0.2060246738448552,13.478114965268503,13.478114965268503,22.86801160060014,5.494537423159284,,-1.0921623865493313,119.83888169481003,261.47177624455674
88.50551856772267,two-phase,43.449336851832726,0.5997299675255291,5017.091483793665,3.9018984966435353,3.8575471243269432,0.8481193566854902,193.81522999511225,6.4960796062291095,3.083011774947208,0.0039670832932204225,12693.009673374485,0.5177653555283045,34.19124331027529,166.3970155421279,0.20547990718991505,13.467373263808327,13.467373263808327,22.863244728054383,5.500097142109691,,-1.0874734821420717,119.65862474047844,260.6389601928473
88.21571674001868,two-phase,43.43842379905277,0.599579334966702,4999.551829981595,3.8817846064930723,3.8371305219386493,0.8500001267548252,193.85079918981074,6.49878318055058,3.084742532017542,0.003959204198465777,12602.42919520965,0.517618047088484,34.14494307500594,166.60563838160843,0.2049447029925681,13.456688239068285,13.456688239068285,22.8585042475936,5.505636258883063,,-1.0828462590253574,119.48048470182852,259.81846506650584
87.92541929045683,two-phase,43.42758280993606,0.5994296971005804,4982.2833811846085,3.862001347533958,3.8170556735164323,0.8518767457109067,193.88613060200188,6.50147015837073,3.0864623462897613,0.003951421197369253,12513.51350308688,0.5174738331706086,34.099823174900415,166.81358895003072,0.2044187370437493,13.44607949862467,13.44607949862467,22.853798834893098,5.511135174537402,,-1.0782803257656077,119.30442808919236,259.0100477119091
87.6346306141511,two-phase,43.41681372197764,0.5992810516841127,4965.2820038527225,3.8425432218448936,3.7973166665802274,0.8537481751555963,193.92122482290125,6.5041405560195695,3.0881712340506744,0.003943733418025275,12426.2288299179,0.5173326594957601,34.05584396961482,167.0208744761937,0.20390172232315168,13.435537296282973,13.435537296282973,22.849124142215203,5.516603395859378,,-1.073774302309615,119.1304422125512,258.2135451857422
87.34335511004564,two-phase,43.40611264287151,0.5991333449919096,4948.543662964789,3.823404866351072,3.7779077623850545,0.8556159709535811,193.95609459618458,6.5067953155430756,3.0898698037830923,0.003936139783399647,12340.539623193683,0.5171945087056009,34.0130415937326,167.22750541285163,0.20339382274322115,13.425061669529214,13.425061669529214,22.84448016311819,5.522039058988377,,-1.0693275232801804,118.95851296781132,257.4287968227601
87.05159530778887,two-phase,43.39547945910585,0.5989865754571703,4932.064994682311,3.8045817007969682,3.7588240260613217,0.8574791103790311,193.99074034910484,6.509434442781639,3.0915580646579808,0.003928639714342317,12256.416697272858,0.5170593368851458,33.97137161299107,167.43348876090351,0.20289472473157677,13.41465265563022,13.41465265563022,22.839866891200302,5.52744203502446,,-1.0649401509872765,118.7886323417539,256.65567192337096
86.7593497225448,two-phase,43.3849125087089,0.5988407201397459,4915.8439747611865,3.78607069098162,3.740062075338658,0.8593381001830654,194.02516755300195,6.512058328325644,3.093236271872549,0.003921233037409743,12173.836339540607,0.516927134048767,33.9308589241751,167.63883280133842,0.20240452857593622,13.404300496832718,13.404300496832718,22.835279980695645,5.532821180129551,,-1.0606105977233593,118.62080724357048,255.89410403241402
86.46663051190475,two-phase,43.374410509437325,0.5986957613408677,4899.8744769947325,3.767864142501719,3.7216138688373146,0.8611929656552036,194.05938044001593,6.514667269270259,3.094904620631872,0.003913917944252703,12092.756584940318,0.5167978275821526,33.89146391765381,167.84354551285224,0.2019229504125236,13.394015021207679,13.394015021207679,22.83072376529026,5.538166141133582,,-1.0563390440663765,118.45499796255251,255.1438300313822
86.17344209571193,two-phase,43.36397093218065,0.5985516641512955,4884.152833587617,3.7499571823511193,3.7034741852698407,0.8630442124402747,194.09338730202163,6.517261873350754,3.096563504569292,0.003906693474449537,12013.146431123449,0.5166713919449113,33.85319931908611,168.0476357991042,0.20145001837191315,13.383786467045923,13.383786467045923,22.826193899894918,5.543485384662028,,-1.0521235051570499,118.29119250968495,254.4047036282965
85.87978889646739,two-phase,43.35359466203863,0.598408440788036,4868.675462796288,3.7323450555688438,3.685637956748255,0.8648908175378135,194.1271853074184,6.51984190040723,3.098212775049427,0.0038995589320648585,11934.978107766265,0.5165477702227502,33.81601853935969,168.25110946224422,0.20098541190866887,13.373614865491106,13.373614865491106,22.821690379157246,5.548779260009975,,-1.0479633698335944,118.12937758429035,253.67658049809336
85.58566927399401,two-phase,43.3432792243489,0.5982660570933949,4853.440770983276,3.715025285637048,3.6681024515303164,0.8667333223178074,194.1607825673659,6.522407945934806,3.0998528175665316,0.0038925142339550564,11858.230920551969,0.5164269659890127,33.77992934698968,168.45397516540262,0.2005291315554984,13.363510049388708,13.363510049388708,22.8172175359598,5.554036837774182,,-1.0438598629207645,117.96955886124397,252.95940809974593
85.29108966930629,two-phase,43.333022638773684,0.5981244857328256,4838.444730523755,3.6979926348484264,3.6508620852290523,0.8685722123305767,194.1941855803094,6.52496048356651,3.101483939455463,0.003885558218030361,11782.87376691357,0.5163089430359739,33.74495054519811,168.65624114282133,0.20008124405323513,13.353452447583152,13.353452447583152,22.812766688301906,5.559276587820514,,-1.0398109096500168,117.81171988080331,252.25302170455655
84.9960585891646,two-phase,43.32282421419328,0.5979837171668225,4823.682730865189,3.68124123084415,3.633910711314899,0.8704075130265948,194.22739664417605,6.5274996668347205,3.103106243318145,0.003878689619424177,11708.874218137213,0.5161936444173171,33.71105155026742,168.85791441352626,0.19964152504993285,13.343451890849849,13.343451890849849,22.808342169421564,5.564488407763603,,-1.0358156276108752,117.65583299338368,251.5572248297991
84.70058047183778,two-phase,43.312683967027816,0.5978437516220322,4809.151511840177,3.664766750417021,3.617243735279596,0.872238201999308,194.2604157520088,6.53002547337829,3.1047197193150873,0.003871907733090898,11636.206851754157,0.5160810258008336,33.67818746694001,169.05900124766708,0.19920966773962145,13.333508409694048,13.333508409694048,22.803943974083325,5.56967224230431,,-1.031874138407768,117.50188558234225,250.87188497085629
84.40465527301161,two-phase,43.30259841406099,0.5977045410197185,4794.849326407189,3.648566599152842,3.600858316977385,0.8740658309408128,194.2932542908878,6.532538753195355,3.106324914709407,0.003865212243877363,11564.851007934772,0.5159710977894185,33.64640625135534,169.25951089993825,0.1987859120734799,13.323622034460413,13.323622034460413,22.79957209708101,5.574826413616875,,-1.0279855629947534,117.34988064043341,250.19694039690205
84.10828597015602,two-phase,43.29256805386435,0.5975660922416506,4780.773555434203,3.632637203841102,3.584750612353235,0.8758893574690465,194.3259106809137,6.535039364977985,3.107921743398844,0.003858602687335994,11494.78510675903,0.5158638205492366,33.61567656943856,169.4594490946845,0.19837003335621609,13.313782984860609,13.313782984860609,22.79522219649226,5.579960848945518,,-1.024149492212765,117.19981263265981,249.53228857020633
83.81148301088197,two-phase,43.28259181472974,0.5974283904950709,4766.919244693771,3.616972368210844,3.568914159515783,0.8777087880457225,194.35838845422307,6.537527559005815,3.1095103693171247,0.003852077518545006,11425.976340921789,0.5157591355005117,33.58597405408033,169.65882292707144,0.19796184763416286,13.303991285831671,13.303991285831671,22.790894268031366,5.585075006157505,,-1.0203649455570318,117.05164890192174,248.87771468753147
83.5142508456956,two-phase,43.27266709637161,0.5972913998883116,4753.283424147359,3.6015681609481542,3.5533448138486943,0.8795251785382203,194.3906961173522,6.540003967580913,3.1110912001144237,0.003845635935479364,11358.40015554338,0.5156570270224003,33.55731124103225,169.85764068442722,0.1975613879117587,13.294256776060081,13.294256776060081,22.786592643604706,5.590157855984612,,-1.0166314027464858,116.9053761911656,248.23309601724543
83.21658781845228,two-phase,43.262794436140155,0.5971551278384022,4739.865196332644,3.5864229969629005,3.5380407395091376,0.8813374652944329,194.42283196131427,6.542468440780266,3.1126641439365486,0.003839278123647588,11292.04363085883,0.5155574794968996,33.529677908021945,170.05590779392938,0.19716855675871367,13.284559854229087,13.284559854229087,22.78230864633838,5.595229144505735,,-1.0129481837418506,116.76100700009937,247.59841040245976
82.9184999835837,two-phase,43.25297127736333,0.5970195390556708,4726.661229557123,3.5715325625805185,3.522997440609183,0.8831467246523106,194.45480434738946,6.544921601356716,3.1142296020098255,0.003833003126461342,11226.88117811672,0.5154604715504703,33.50307419738137,170.25363242468526,0.1967833151060789,13.2749201743286,13.2749201743286,22.77805094406932,5.600268077105529,,-1.0093160148996771,116.6185219437524,246.97351581964415
82.61999638413118,two-phase,43.2431974047068,0.5968846305678638,4713.667256414787,3.556891500144058,3.508209310302206,0.884952427719548,194.4866140144132,6.547363488127839,3.115787602737306,0.0038268096417833743,11162.884941542286,0.5153659460693816,33.47747264963065,170.45082063154996,0.19640546478797102,13.265327946976242,13.265327946976242,22.773815196424778,5.605284279473292,,-1.0057333848218852,116.47789457253691,246.3582281830769
82.3210814798642,two-phase,43.23347217487465,0.5967503934955858,4700.8805693523045,3.54249622676605,3.493672539826318,0.8867540447890396,194.51826309343116,6.549794247047853,3.1173382428288194,0.003820696985592707,11100.0340097602,0.5152738723913179,33.452856764796195,170.64747872029503,0.1960348726841029,13.255773376007312,13.255773376007312,22.76959706418228,5.610287204716676,,-1.0021991568549466,116.33911475174091,245.752436639964
82.02174939631105,two-phase,43.22379355975545,0.596616799844872,4688.302003418821,3.5283471597455853,3.479387401949188,0.8885526313350344,194.54975822078725,6.552214370740801,3.11888184000975,0.0038146659397345377,11038.322427167403,0.5151842839325731,33.429264857369446,170.84361408205504,0.19567172608110242,13.246266302911238,13.246266302911238,22.765400878781634,5.615266067930011,,-0.9987137017490186,116.2022083470871,245.1561960540604
81.72201459246894,two-phase,43.21416061793987,0.5964838366214761,4675.925648074048,3.514437137221432,3.4653465119769455,0.8903481931543056,194.58110249484312,6.554624080833626,3.120418538977467,0.0038087144282644672,10977.715447553894,0.5150971066034492,33.40666401212969,171.03923329885984,0.19531579607678456,13.236806751857557,13.236806751857557,22.76122663607856,5.620220377928359,,-0.9952764389885316,116.0671280296271,244.56924155763375
81.42188197493665,two-phase,43.204572752925046,0.596351495591886,4663.748828999571,3.5007626531023743,3.4515461571004575,0.8921401996360215,194.61229789070023,6.557023513061526,3.121948429561104,0.003802841738413818,10918.193120987971,0.5150123095976509,33.38503742019803,171.23434245469423,0.19496694962945976,13.227384921447708,13.227384921447708,22.757069997740757,5.625159625939006,,-0.9918868992538659,115.9338624891401,243.9914621691256
81.12135013656705,two-phase,43.195029500588596,0.5962197703498335,4651.771099543821,3.4873227165679443,3.4379852062512617,0.8939286787722797,194.64334595201424,6.559412770304846,3.1234715805759405,0.0037970481621260256,10859.745552617675,0.5149298929131545,33.36438158468954,171.42894741605005,0.19462513238044765,13.21801065783444,13.21801065783444,22.752935294423253,5.630073733088491,,-0.9885444504845906,115.80242228196357,243.42285045637811
80.8204245474171,two-phase,43.185528793219326,0.5960886323547596,4639.989738105501,3.474113788905409,3.424659923906358,0.8957141271220107,194.67425343837303,6.561792357406303,3.1249883169686283,0.0037913328484080735,10802.352066174259,0.5148498388750593,33.34471112768506,171.62305548103245,0.19429039434256123,13.20867415617272,13.20867415617272,22.748818188379573,5.6349715145013715,,-0.9852486113733061,115.67279475726383,242.86329225902193
80.5191146714608,two-phase,43.17607049826149,0.595958079777001,4628.400677573373,3.4611308401075207,3.4115650993656144,0.8974960359730981,194.7050208125354,6.564162295118195,3.12649865498134,0.003785694496230885,10745.98762308542,0.5147720920640023,33.32598957722466,171.81667221742188,0.19396249006064423,13.199375435372986,13.199375435372986,22.744718676360776,5.639852872867457,,-0.9819985486730758,115.54495063172726,242.31260792357318
80.21742188470807,two-phase,43.16665229086046,0.595828080526655,4617.002704610422,3.448372050976424,3.3986987612563997,0.899275437470927,194.7356556676403,6.566523153942983,3.1280029611005093,0.0037801328851811344,10690.638461712033,0.5146966588492077,33.30824850567012,172.00980495705022,0.1936415689442063,13.190114514277127,13.190114514277127,22.74063675513088,5.644716683835461,,-0.9787941244376956,115.4188918494234,241.7707530793424
79.91534609681005,two-phase,43.15727522656991,0.5956986491734991,4605.795209740494,3.4358362869477617,3.3860596515779675,0.9010513332912201,194.76615460014472,6.568874657488829,3.129501062067195,0.003774648286110495,10636.295723396697,0.5146235223550681,33.291450946166115,172.20245804674514,0.1933273852405115,13.180901245190569,13.180901245190569,22.736576754309567,5.649553549795996,,-0.9756359872162585,115.2946257402973,241.23771090941966
79.61289957956707,two-phase,43.14793688443197,0.5955697523011204,4594.773260206331,3.4235226377373,3.3736476114621197,0.9028241942725221,194.79652551346666,6.571217401312358,3.130993340094021,0.003769245507203381,10582.929875873033,0.5145526361274475,33.275603980780815,172.39463892446392,0.19301994649242418,13.171715981349166,13.171715981349166,22.732530004730677,5.6543820023085205,,-0.9725225118731775,115.1722960189527,240.71436618076598
79.31008503434951,two-phase,43.13863730678774,0.595441390493952,4583.935346105618,3.4114188910542884,3.3614483808338895,0.9045940488964275,194.8267682981758,6.573551363637651,3.132479784005383,0.0037639109184150984,10530.52796293558,0.5144839797759965,33.26069555619813,172.58635297441654,0.19271915179254384,13.162568573318083,13.162568573318083,22.72850083631039,5.659192174242531,,-0.9694526561933563,115.05153599718471,240.19845023345636
79.00689978230537,two-phase,43.129375267266234,0.5953135468244295,4573.281987466485,3.3995302433536496,3.349467997554306,0.9063609019696462,194.85688697021897,6.575876841312303,3.1339605854996555,0.0037586517765248297,10479.085114289976,0.5144175741338436,33.24673753814817,172.7776060708524,0.19242503872008962,13.153459039663574,13.153459039663574,22.724489245864106,5.663983451185756,,-0.9664274183439732,114.9325468097424,239.69110238414362
78.70335738437451,two-phase,43.120149967814086,0.5951862102770452,4562.807866778595,3.3878503431202116,3.337699931357884,0.9081247332450749,194.88688415162335,6.5781940241057475,3.135435867976335,0.0037534660840906424,10428.571833408692,0.5143533517245821,33.23370851628127,172.96840410222202,0.19213745243692362,13.14437755900343,13.14437755900343,22.720490898448986,5.668765299323905,,-0.9634456475588424,114.81528340160457,239.19208137052294
78.39946062059433,two-phase,43.11096063399933,0.5950593701623366,4552.5116070837785,3.376377252228468,3.326142137158141,0.9098855719889609,194.91676238676206,6.580503096201739,3.1369057511933915,0.003748353601227186,10378.975777608055,0.5142913016573675,33.22159704533603,173.15875273720502,0.19185629672301294,13.135333986500825,13.135333986500825,22.71651012320774,5.673527446426361,,-0.9605071221276011,114.69974257734953,238.7013317823563
78.09520676967442,two-phase,43.101805790343604,0.5949330061143172,4542.393960482846,3.365111408643833,3.314794942589458,0.911643935925012,194.9465264983426,6.582804418385623,3.138370467217714,0.003743314946741552,10330.293400387585,0.514231450345479,33.21043201409906,173.34865817938442,0.19158170800337138,13.126328340533007,13.126328340533007,22.71254691699096,5.6782691573164845,,-0.9576114932334467,114.58594604125705,238.21890041144854
77.79060937828234,two-phase,43.09268496680493,0.5948071116450114,4532.449663783848,3.354046558875169,3.3036519107492515,0.9133992649644821,194.9761780391179,6.585098099164355,3.1398300874335496,0.003738348102513538,10282.496279461518,0.5141737278568527,33.20018540719466,173.5381258850954,0.19131349516346316,13.117340950245364,13.117340950245364,22.708592614707868,5.683009968200457,,-0.9547576259661188,114.4738489238128,237.744548024683
77.48567025531449,two-phase,43.0835982599915,0.5946816880878989,4522.677865714226,3.3431813809255417,3.2927116658596773,0.9151516406012891,195.00571671931877,6.587384104672976,3.1412845925949346,0.0037334531303395324,10235.5753307157,0.5141181225790425,33.19083086111465,173.7271606145352,0.19105147832789526,13.108401362954964,13.108401362954964,22.704660206953065,5.687720202086038,,-0.9519467087523972,114.36345109227625,237.27824175908438
77.18038878594056,two-phase,43.07454340068134,0.5945567041209734,4513.078730133546,3.3325156775345737,3.2819738485169214,0.9169015018886133,195.03514993910693,6.589662996573028,3.1427343422851064,0.0037286302431189912,10189.52446831287,0.5140646597983011,33.182420240485676,173.91576913384247,0.19079592612990187,13.099480058450695,13.099480058450695,22.700736698466756,5.692428464808464,,-0.9491769660657612,114.25476956653159,236.82000170099593
76.87477739991067,two-phase,43.06552077685532,0.5944321650995235,4503.647449391655,3.3220437449288602,3.2714326650963717,0.9186483923712616,195.064476460077,6.591934668299038,3.144179270853357,0.0037238777327130226,10144.318304846263,0.5140132679565367,33.17489159784375,174.10395600175568,0.1905464548864657,13.090596744049662,13.090596744049662,22.69683074809518,5.69711509587296,,-0.9464492803511861,114.14775952773175,236.3696060740723
76.56883606879614,two-phase,43.05652898443098,0.5943080516430388,4494.384057325313,3.3117652629538172,3.2610876785077116,0.9203928023706278,195.09370086826277,6.59419946461566,3.1456195996925023,0.0037191958362753443,10099.951036358705,0.5139639622467488,33.16827712115261,174.29172712205695,0.19030322132228789,13.081741587059014,13.081741587059014,22.692938022811745,5.7017893134599005,,-0.9437618081950607,114.04243392280472,235.9270665467717
76.26256806269828,two-phase,43.04756690577701,0.594184348324886,4485.287379112926,3.301678577152362,3.250937132659455,0.9221347355247934,195.12282681748627,6.596457658669352,3.1470555045157527,0.0037145842911501252,10056.412040812793,0.5139167376776127,33.16257528209452,174.47908816986617,0.19006618861859656,13.072914600887941,13.072914600887941,22.689058520311164,5.706450563350509,,-0.9411156925617052,113.9387907064858,235.49233597820933
75.95598377904508,two-phase,43.038634952353135,0.5940610608244322,4476.353429587333,3.291778926437021,3.2409761350511683,0.9238736555525301,195.15185299159393,6.59870913855095,3.1484869161363633,0.0037100416482413684,10013.679940251197,0.5138715342398912,33.1577574384186,174.66604352172524,0.1898351664116923,13.064105945059623,13.064105945059623,22.68518790888146,5.711108950489206,,-0.9385094100138578,113.83679609085743,235.0652331016305
75.64908065713291,two-phase,43.02973175242903,0.5939381702077223,4467.583456901307,3.2820673620099985,3.2312056916188796,0.9256101333513456,195.18078386894362,6.600954241959149,3.149914051184579,0.0037055687327848157,9971.7544249411,0.5138283842844684,33.153836850558214,174.85259889844514,0.18961020344807145,13.055335339078226,13.055335339078226,22.6813348453166,5.715743930694493,,-0.9359433439410527,113.73647349705516,234.6458247462748
75.34186728501655,two-phase,43.02085552966611,0.5938156519560052,4458.974260479179,3.272540010278098,3.22162180745266,0.9273446575808328,195.2096252412931,6.603193409234686,3.151337191382549,0.003701164289945016,9930.616421273067,0.5137872596254234,33.15082123219357,175.03876047666748,0.18939131619714908,13.046592943924338,13.046592943924338,22.67749499766046,5.7203645661493665,,-0.9334174822421519,113.63779755681185,234.2339666365857
75.03435107881673,two-phase,43.01200699310178,0.5936935158561041,4450.523100770843,3.2631935204525977,3.2122210168098775,0.9290761789279126,195.23837482391104,6.605426454087764,3.1527562201011308,0.003696827411299207,9890.250412930302,0.5137481153599952,33.148675432934695,175.224532203354,0.18917827895505257,13.037868914437865,13.037868914437865,22.673664034992726,5.724981119409516,,-0.9309299435195095,113.54074776021832,233.82953618310842
74.72652703481424,two-phase,43.003185215990364,0.5935717491161746,4442.23248020814,3.2540303471094347,3.203005722476362,0.9308052410847452,195.26703564683882,6.60765360301709,3.1541712830331594,0.0036925594663548326,9850.661893725906,0.5137109977256666,33.14743100829814,175.40991927070462,0.1889712460168387,13.029173119231189,13.029173119231189,22.669846284197604,5.729583178861203,,-0.9284827425243376,113.4453623303076,233.43266042658217
74.41840954539057,two-phase,42.99438913022743,0.5934503369932015,4434.096804720671,3.245044000122319,3.1939693124782673,0.9325318187989601,195.29561119847838,6.60987511860338,3.155582548698231,0.0036883581454860044,9811.822675275394,0.5136758371693633,33.147062095482156,175.5949271953891,0.18877004378719067,13.020495710054831,13.020495710054831,22.666037414876484,5.734180176471754,,-0.9260732932459415,113.35158712007484,233.0430794180321
74.10999910727011,two-phase,42.98561783079397,0.5933292669952328,4426.11636056663,3.23623449952417,3.185111750339227,0.9342564559065392,195.3241044365115,6.612091222641912,3.1569901596051935,0.003684223813668504,9773.729277169035,0.513642647615702,33.147583446805015,175.7795611086226,0.18857473097410646,13.01184655850318,13.01184655850318,22.66224175341256,5.738761696283813,,-0.9237023982862609,113.25943418641623,232.66081350252364
73.80129859201273,two-phase,42.976870954124585,0.593208534103986,4418.290501918539,3.2276008381272137,3.1764319334161106,0.9359786144841361,195.35251655907507,6.614302000410615,3.1583941714803063,0.0036801564010904746,9736.37473868731,0.5136114244121579,33.14899062386976,175.96382569681313,0.18838525755279778,13.003215813252382,13.003215813252382,22.658454969926424,5.743337514873316,,-0.9213700029036846,113.16890624198959,232.2858394900096
73.49231830226063,two-phase,42.96814787009352,0.5930881296218529,4410.615343306991,3.2191384465000614,3.16792522384814,0.9376983269169358,195.38084962970981,6.61650760475051,3.159794682910922,0.0036761544040940612,9699.73867388022,0.5135821185018338,33.15125174283335,176.14772591416028,0.1882014177065704,12.994613348863368,12.994613348863368,22.65468139030287,5.747897333081718,,-0.9190752107062155,113.0799663152581,231.91797715377527
73.18305467271327,two-phase,42.95944796866435,0.5929680451285179,4403.093183314399,3.2108495783018722,3.159593795667951,0.9394155668502303,195.4091056461264,6.6187081836730925,3.161191789355696,0.003672219045684708,9663.826361135098,0.5135547701055957,33.15439961220729,176.3312664884604,0.18802337369009375,12.986029310953143,12.986029310953143,22.650916685179027,5.752450821412308,,-0.9168180425072965,112.99265098839976,231.55734417800033
72.87351905612412,two-phase,42.95076996076017,0.5928482628308891,4395.7196892796355,3.202729186629075,3.1514325187886985,0.9411308486945349,195.4372888106929,6.620904057290184,3.1625856954509413,0.0036683485416334543,9628.615442674778,0.5135293298113642,33.158423117170436,176.514452900261,0.18785103753462334,12.977463708081018,12.977463708081018,22.647160853074126,5.756997352074817,,-0.9145988100608577,112.90691830602486,231.20373902974063
72.56371415282716,two-phase,42.942114317090976,0.5927287892261632,4388.494436939565,3.194776539528878,3.143440594545041,0.9428436633600839,195.465397610026,6.623095100669129,3.1639763232634968,0.0036645429648597574,9594.100782371917,0.5135057882609798,33.16331006524937,176.69728894439092,0.1876843174186239,12.968916548791412,12.968916548791412,22.64341389251058,5.7615371339724994,,-0.9124155273584522,112.82277175003833,230.85714760033363
72.25364175156446,two-phase,42.933479370923415,0.5926096013084668,4381.41750548397,3.1869914647606614,3.135617805143359,0.9445545557913552,195.4934374716622,6.625281730073048,3.165363938317603,0.0036608025023691987,9560.278182703585,0.5134841633940549,33.16907319609847,176.87978022016188,0.18752326102403,12.960397713545774,12.960397713545774,22.63968012838228,5.766059347025184,,-0.9102702335031996,112.74021981517069,230.51757921662158
71.94331245715709,two-phase,42.9248645288907,0.5924906908875752,4374.484850019392,3.1793692580298885,3.127959336198385,0.9462634673621828,195.52141033657298,6.627464090446702,3.166748633837404,0.0036571254699828875,9527.127257393751,0.5134644033489785,33.175706296352864,177.06193148080732,0.18736780977648465,12.951887468479015,12.951887468479015,22.635950906230505,5.770583707379981,,-0.9081607274604171,112.65922450991843,230.18484662871845
71.63272289583686,two-phase,42.9162698714767,0.5923720590744047,4367.6991165302215,3.1719125826252257,3.1204678349104538,0.9479699508366789,195.5493159573734,6.629642156167891,3.1681303947898583,0.003653513330760144,9494.655471009612,0.513446546838032,33.18320200186887,177.24374668121598,0.18721789977477143,12.943405567432592,12.943405567432592,22.63223487707552,5.77509020899906,,-0.9060883562323527,112.57982340420631,229.85908158702853
71.32188459868229,two-phase,42.907693495201876,0.5922536795952811,4361.055810599852,3.164616256010539,3.1131380121152037,0.9496749693524896,195.57716052774146,6.631816404650899,3.169509525202588,0.003649964102352257,9462.840093903664,0.5134305476991692,33.19158066746684,177.4252316573043,0.1870736217021047,12.93493227057263,12.93493227057263,22.628523387463588,5.7795979657374446,,-0.9040508096599529,112.50197265803814,229.54007477195148
71.01079909824621,two-phase,42.899136800758264,0.5921355717839168,4354.555314046672,3.157480464986228,3.105970035190472,0.9513770541763351,195.60493951326086,6.6339864759081575,3.170885797872761,0.0036464782910118395,9431.680234673066,0.5134163994642333,33.20078755481292,177.60638922551638,0.18693464632432844,12.926487337636729,12.926487337636729,22.624825087424256,5.784087576787338,,-0.9020501579759705,112.42568281270837,229.2278487775062
70.69947040375334,two-phase,42.89059685565,0.5920176951631548,4348.19685294519,3.1505041275895085,3.098962730222183,0.9530776784685159,195.63266244681935,6.636153108986038,3.1722596825899707,0.003643055523806771,9401.167971959043,0.5134041194460643,33.21088612698467,177.7872259215461,0.18680130675777548,12.918051022845987,12.918051022845987,22.62113132450446,5.788577686457743,,-0.9000850206187658,112.35095345393017,228.9223727931968
70.3879070633982,two-phase,42.882074147417974,0.5919000564625078,4341.977341372245,3.1436836352670605,3.09211242852538,0.9547763326026377,195.66032775761502,6.638316175878111,3.1736310991765,0.0036396946217870613,9371.287979160099,0.513393659433326,33.22184354687863,177.96774538356956,0.18667339677353556,12.909623330217812,12.909623330217812,22.61744209799093,5.793068526189298,,-0.8981546874994846,112.27775509205088,228.6235033872532
70.07610660206494,two-phase,42.87356852173676,0.5917826535518264,4335.899445109924,3.1370216941085904,3.0854218263719906,0.9564730833289916,195.68793595853765,6.640475711394283,3.175000070706803,0.003636397019206418,9342.04798026213,0.513385060573063,33.23366759724551,178.14795161473518,0.18655093867774028,12.901224028301499,12.901224028301499,22.613766056433292,5.797539915088707,,-0.896259851849802,112.20612493721762,228.33137270463942
69.76408136866428,two-phase,42.86507862191141,0.5916654677046888,4329.958083889063,3.1305125212683937,3.078885044798148,0.9581678682954411,195.71549146470497,6.6426320558526255,3.1763668138645595,0.0036331604610203194,9313.42374539524,0.5133782629494221,33.246343413788786,178.32784983886256,0.18643382648212412,12.89283336244688,12.89283336244688,22.61009454887062,5.802011283370705,,-0.8943999888942238,112.13601076066556,228.04574208022643
69.45183001027186,two-phase,42.85660430508132,0.5915484969491939,4324.155485353383,3.1241583501039507,3.072504274217097,0.9598606891706689,195.7429947507752,6.644785241613875,3.1777313500557383,0.0036299861296173923,9285.421361772738,0.513373301226171,33.259893718806495,178.50744398868423,0.18632216660339876,12.884451336656241,12.884451336656241,22.606427574593226,5.806482559793662,,-0.8925744220382372,112.06744560864854,227.76672340240077
69.13936088617518,two-phase,42.84814437468901,0.5914317247692926,4318.488662563998,3.1179557086478424,3.066276007337495,0.9615520917425014,195.7704497107122,6.646935568971669,3.1790938704315646,0.0036268727841229278,9258.025348845176,0.513370144290046,33.274306916746596,178.68673903260745,0.1862158719605632,12.876087841588742,12.876087841588742,22.602769456785268,5.810943096827285,,-0.8907837358983033,112.0003996548433,227.49417676190535
68.82667752611546,two-phase,42.8396995854409,0.5913151615821766,4312.95728899965,3.1119040436341376,3.0601996453275113,0.9632410567785119,195.79785390565903,6.64908284242902,3.1804542519490413,0.0036238204861731133,9231.232100894766,0.513368781359396,33.289556155203165,178.86573815937973,0.18611477244199917,12.867742885623898,12.867742885623898,22.59912019400241,5.815393234894945,,-0.8890272530813683,111.9348752358078,227.22809081039907
68.51378318961062,two-phase,42.831267720882806,0.5911987767941913,4307.561257334921,3.106003044985021,3.0542748170079483,0.9649285744095487,195.82521453816526,6.651227622109398,3.181812850246013,0.003620829192947503,9205.037353097605,0.5133692325738698,33.30568514570569,179.04444705906306,0.186019090191157,12.859406587550438,12.859406587550438,22.59547546139953,5.819841970943609,,-0.8873050257319981,111.87087778985892,226.9684651429808
68.2006861228757,two-phase,42.82284888921435,0.591082571898813,4302.297576085969,3.1002492561083446,3.0484980186025257,0.9666141354872344,195.85253126642618,6.6533698773307,3.183169646588804,0.003617897698338688,9179.426587145996,0.5133714544990317,33.32266130712655,179.2228694936974,0.18592862284407508,12.85107895135235,12.85107895135235,22.591835258270862,5.8242893516951915,,-0.88561635189808,111.80837741753407,226.7151596655964
67.88738527135943,two-phase,42.81444232505085,0.5909665363314585,4297.168789875789,3.094645276815912,3.0428718132158785,0.9682982521794489,195.8798065829749,6.655509799786742,3.184524763064883,0.003615027271557514,9154.407092071213,0.5133754921723193,33.34052463612654,179.40100978807746,0.18584357287348036,12.842759981011,12.842759981011,22.588199583911546,5.828735003918541,,-0.8839619231798506,111.74741032806776,226.46830101101216
67.57389179894888,two-phase,42.806047496623805,0.5908506627521424,4292.170115767832,3.089185706665701,3.0373907706024097,0.9699809605397278,195.9070422218237,6.65764752195892,3.185878284200475,0.003612215856945779,9129.956990829736,0.5133812821018845,33.3592342074036,179.57887225612194,0.1857636913980919,12.834459574446157,12.834459574446157,22.584572760288495,5.833168565550453,,-0.8823405646667479,111.68792415932188,226.22766192535585
67.26020419254158,two-phase,42.797664136618764,0.5907349474711308,4287.3045692828,3.0838736661518116,3.0320579433597223,0.9716616826456886,195.93423905865325,6.659783109149217,3.1872302519454316,0.0036094649184244465,9106.085824237807,0.513388871495734,33.378822294260225,179.7564607270504,0.18568913828885406,12.8261579492044,12.8261579492044,22.580946141111667,5.837610096274059,,-0.880752478154714,111.62996172318782,225.99339252918037
66.94633215060219,two-phase,42.789292114341194,0.5906193886844507,4282.568178305054,3.078704654650595,3.026868822451056,0.9733404896351996,195.96139752573976,6.66191659193858,3.1885806862487454,0.0036067728043882264,9082.775338824722,0.513398204849561,33.39924493281698,179.93377910676074,0.18561964906544917,12.817874898589821,12.817874898589821,22.577328370777934,5.84203931999488,,-0.8791979540244765,111.57347937819225,225.7653038735731
66.63227707814936,two-phase,42.780929260438846,0.5905039564485945,4277.962281550219,3.0736799713063467,3.021824656034199,0.9750183689948835,195.98852466797277,6.664048520764661,3.189929936028577,0.003604140109049825,9060.02747552847,0.5134093227580937,33.42055663104553,180.11083282478103,0.18555550550120645,12.809600532628167,12.809600532628167,22.57371512591436,5.846465284570825,,-0.8776761121704131,111.51849892818376,225.54346450721152
66.3180451998815,two-phase,42.77257632943674,0.5903886611782496,4273.4851088108235,3.0687975285942124,3.0169233198941576,0.9766943016093772,196.0156180450343,6.666178701087537,3.1912778786211238,0.003601566190568176,9037.83338135457,0.513422193392138,33.442719156466,180.2876249237871,0.18549647636992958,12.801334855283812,12.801334855283812,22.57010640582007,5.8508883453403335,,-0.8761871871044737,111.46500403123775,225.3277923973602
66.00364111244363,two-phase,42.76423218418055,0.5902734871773072,4269.1359797163295,3.0640564325749042,3.012163869246053,0.9783687632946984,196.0426813524313,6.6683074207700885,3.1926246966239713,0.0035990507685074342,9016.187615063547,0.5134368183772303,33.46575638588332,180.46415997387746,0.1854426739953659,12.793067969332867,12.793067969332867,22.566497888338176,5.85531807532731,,-0.8747304279391674,111.41299185348225,225.11825842447718
65.68906814546301,two-phase,42.755897345223616,0.59015844163095,4264.9151435252315,3.059456809416364,3.007546431742165,0.9800413170075326,196.0697129086722,6.67043454496124,3.1939703051393042,0.003596594147604201,8995.089348290063,0.5134531973779205,33.48964222730071,180.6404411085397,0.18539393516636793,12.784819679660131,12.784819679660131,22.562898215924463,5.859734463201713,,-0.8733071755249946,111.3624689623266,224.91487686212133
65.37433353458731,two-phase,42.74756965760134,0.590043494794263,4260.820074651169,3.0549957636698513,3.003068044997321,0.981712912204519,196.09671970912794,6.672560621805839,3.195315051283499,0.0035941951070662557,8974.525408763428,0.5134713146761513,33.51440995240454,180.8164737640361,0.1853504233034682,12.776570186407469,12.776570186407469,22.55929874520882,5.864156724617082,,-0.8719155922776629,111.31341048508216,224.71752974251297
65.05943823968529,two-phase,42.73924925441356,0.5899286485044191,4256.852872020691,3.050675444419164,2.9987308464556075,0.98338307611593,196.12370132795883,6.674685615785112,3.1966589128811553,0.0035918547507742303,8954.502199724231,0.5134912004046639,33.540057149980925,180.9922612981377,0.1853121062161459,12.768329394717341,12.768329394717341,22.555703796948706,5.86857478367919,,-0.8705562218342389,111.2658456433125,224.52632090485633
64.74439163449838,two-phase,42.73093563366848,0.5898138958324401,4253.009326459808,3.0464911356062587,2.9945300878367926,0.9850518101535157,196.15065939872414,6.676809653618617,3.198001970348046,0.003589571212009651,8935.000884429757,0.5135127989403878,33.56655572811415,181.16780776087,0.1852788094252367,12.760097308544516,12.760097308544516,22.552113370446023,5.872988387199353,,-0.869228675420457,111.21972774448955,224.34104993346966
64.42919278448299,two-phase,42.722628310496745,0.5896992300856877,4249.293228913303,3.0424468340424204,2.990469723913083,0.9867190785354512,196.17759549907893,6.6789328578359335,3.1993443014035887,0.0035873462888765346,8916.034311681347,0.5135361707613342,33.593949854471084,181.34311693519822,0.1852507579125579,12.75186402343644,12.75186402343644,22.548523144755677,5.877407448953194,,-0.8679339640941166,111.17510735883894,224.16190310311106
64.11385195283174,two-phase,42.71432717513106,0.5895846497490473,4245.699508698097,3.0385368984763943,2.9865440998874067,0.9883849193488252,196.20450999015935,6.681055255225273,3.200685923205132,0.003585177750586569,8897.58058456267,0.5135612440352557,33.62219525094994,181.5181925344244,0.1852276886492994,12.743639448864883,12.743639448864883,22.54493743991054,5.881821757087493,,-0.8666701742382683,111.13192646154903,223.98863769795582
63.798369127517724,two-phase,42.70603135411765,0.589470142766261,4242.231486153538,3.034764820445777,2.9827566665982834,0.9900492962973274,196.2314057088707,6.683177067978074,3.2020269763919327,0.0035830671481425986,8879.650564189049,0.5135880760167882,33.651332408854955,181.69303863087273,0.18520980584853855,12.73541367749226,12.73541367749226,22.541351935449256,5.886241047952531,,-0.8654381977771715,111.090229701162,223.82141710170993
63.48275276212112,two-phase,42.69773972706232,0.5893556936725595,4238.885391038604,3.031126384945026,2.979103198674875,0.9917127575086138,196.25828629199088,6.685298581805559,3.2033676416575196,0.0035810127806891645,8862.227098230345,0.5136166231567357,33.68134185918533,181.86765970494187,0.18519698287111191,12.727196621674182,12.727196621674182,22.537770950921697,5.890654606773458,,-0.8642370898915772,111.04997449315783,223.66006119000087
63.16700465849152,two-phase,42.68945243710057,0.5892413044436379,4235.663245874793,3.027623679126431,2.9755857435672852,0.9933747565010478,196.28515127958119,6.6874197593703055,3.2047078954870614,0.003579015652962697,8845.316534948952,0.513646914365882,33.712239126600615,182.04205897442225,0.18518928711599192,12.718978371189166,12.718978371189166,22.534190166349447,5.8950726727653855,,-0.8630680470810217,111.01118950389395,223.50467048054145
62.85113155393786,two-phase,42.68116899416851,0.5891269683151582,4232.562667823484,3.0242540068105206,2.9722015974968983,0.9950353323766318,196.31200226427404,6.689540725440454,3.2060478167825015,0.0035770747329094124,8828.907623542227,0.5136789203753718,33.744000917849476,182.2162403092834,0.18518657206720074,12.710768841275183,12.710768841275183,22.530613900800233,5.8994848239710045,,-0.8619304688737455,110.97384870871895,223.35513168663613
62.535136805627666,two-phase,42.67288829825717,0.589012670103728,4229.58443378001,3.0210181089488204,2.9689514629905562,0.9966949571375774,196.33884281531476,6.6916617612277784,3.2073875832104135,0.00357519036830608,8813.00126039349,0.5137126635451685,33.77666224894623,182.390207967617,0.18518901110603048,12.702558118828676,12.702558118828676,22.527037834778184,5.903900707032584,,-0.8608233219586414,110.93796538147865,223.21148495588807
62.219025765303336,two-phase,42.66460986378515,0.5888984031068807,4226.727426827831,3.017914673645888,2.965834006533037,0.9983536312097694,196.36567450973388,6.693782990887565,3.20872727314831,0.0035733620837131675,8797.591271727722,0.5137481329576258,33.81021907196316,182.5639657381861,0.1851965634907942,12.694346203476414,12.694346203476414,22.523461968310073,5.908320089128747,,-0.8597476224018641,110.90352911332849,223.07367839864912
61.90280303230587,vapour,42.65631719991106,0.588783939701999,4223.991293048192,3.0279624152632487,2.992636217285277,1.000010806607929,196.392550795316,6.6959086421183835,3.210069555995093,0.003607496366288508,8782.666382087087,0.5137854777130476,33.84488189907912,,,12.687044077381358,12.686123174910222,22.519881983105392,5.912745155872173,,,101.81847548772265,215.53321250842066
61.586472867520186,vapour,42.646634739465156,0.5886502929743496,4221.376070366132,3.024722520656663,2.9890782408820957,1.0016686324089024,196.42392943805265,6.698391521500385,3.211637164345166,0.0036048636641608897,8767.526951548172,0.513837496790523,33.91454821565762,,,12.819233137850347,12.676509939625987,22.515697670195152,5.917925756314232,,,102.05833994216391,215.6276393782274
61.27004083383796,vapour,42.63694914102853,0.5885166029331029,4218.880378744202,3.0216173973895484,2.985663123249665,1.0033249666655433,196.45531616874115,6.700876265613867,3.2132056770956114,0.0036022994095052216,8752.87276589657,0.5138912667788552,33.98505662793982,,,12.95234940080104,12.666904992251716,22.511517948459925,5.923097903335293,,,102.29730618612359,215.72606787803682
60.95351036299909,vapour,42.6272584749344,0.5883828429431229,4216.505309955284,3.0186479820966707,2.9823915632824796,1.0049802398975494,196.48671724066327,6.703363371612545,3.214775407367984,0.003599803656119368,8738.705621859333,0.5139468224388927,34.05646509052109,,,13.086406142353724,12.657288487255869,22.507334182154068,5.9282810873994505,,,102.53547395773995,215.8286152394072
60.636887734371975,vapour,42.61756324311465,0.5882490199325615,4214.248552716666,3.015811737412027,2.9792609648268216,1.0066339430356805,196.51813102701976,6.70585271303054,3.2163462745717406,0.003597375519374481,8725.015318614836,0.5140041263541564,34.128737612559085,,,13.221355181231388,12.647660418972691,22.503146372167464,5.933475570131704,,,102.77274340035274,215.9351037407224
60.320175782208636,vapour,42.607862917219876,0.5881151266086266,4212.112161458396,3.0128481807056957,2.9756616566451144,1.008286116587996,196.5495592393586,6.708344427889506,3.217918365029234,0.0035942770295914403,8711.808185596128,0.514063214266887,34.20188957433157,,,13.357205170149143,12.638030710108637,22.498958836296765,5.93867086999497,,,103.19246646498743,216.19555663228095
60.00338128391207,vapour,42.598155949479995,0.5879811416074915,4210.092978970241,3.0099723183967337,2.972100987888914,1.0099372700320126,196.5810068912873,6.710838916473174,3.2194919304262704,0.0035911233238996995,8699.069791936183,0.514124055481819,34.27592736164483,,,13.49399667265186,12.628399360061167,22.494771574585286,5.943866226660488,,,103.64225647772554,216.48531344843616
59.686506680736755,vapour,42.588442858018965,0.5878470720808068,4208.193940696314,3.00723149814264,2.968685041663439,1.0115868133516042,196.6124723028824,6.7133360485183635,3.221066887681129,0.0035880403078440443,8686.810483644053,0.5141866888472951,34.35087471152043,,,13.631654271090099,12.618746504692183,22.490575954395524,5.9490823971379685,,,104.09124322167668,216.7792384081646
59.36955905544286,vapour,42.578723097742795,0.5877129105046551,4206.411119499839,3.004621230620804,2.965409045489835,1.0132348282747303,196.64395723860866,6.71583596705653,3.222643326092174,0.0035850258031791295,8675.013444337272,0.5142510631030891,34.42668963885792,,,13.770199671403645,12.6090920001526,22.486380609583478,5.954298627972614,,,104.53943516726179,217.0771762088558
59.05254063645207,vapour,42.56899510636665,0.5875786353148633,4204.748259515162,3.0021451935111836,2.9622762429749794,1.0148818240348165,196.67546675710113,6.718339077154603,3.2242215000886216,0.003582080706985034,8663.691166969911,0.5143172482342083,34.50343468711583,,,13.909674253788012,12.59943584583499,22.482185540192575,5.9595141484168455,,,104.98705891321447,217.37944698255671
58.73545861578543,vapour,42.55925900913402,0.5874442482401638,4203.200781571228,2.9997984307454333,2.9592815444333436,1.0165272093770867,196.70700045020757,6.7208453500786,3.2258013904861844,0.0035792030226090414,8652.82474681109,0.5143851772169612,34.58107227256428,,,14.050001803306543,12.589758167403545,22.477982115287148,5.964749563459105,,,105.43395443726303,217.6857328537459
58.41831524675391,vapour,42.54951501030339,0.5873097520999307,4201.773022299425,2.9975854654633323,2.95642927295113,1.0181710675169993,196.73855765399892,6.723354736692764,3.227382965254738,0.0035763945328707515,8642.429904334957,0.5144549122688749,34.659627906108604,,,14.191203859072743,12.580078831175513,22.473778967024828,5.969984442873463,,,105.8802189613159,217.99627103069508
58.10111749067228,vapour,42.539760791655006,0.5871751148958422,4200.460235611339,2.9955007726438367,2.9537134105848084,1.019813823037561,196.77014587329344,6.725867837815002,3.228966601918509,0.003573652087092876,8632.485967931363,0.5145264066149647,34.73911188380267,,,14.333296569668562,12.57037795599291,22.469567465607554,5.975238220784442,,,106.32597010532828,218.31096511217322
57.783868125900206,vapour,42.52999655414491,0.5870403394016888,4199.2664229213415,2.9935485228001424,2.9511379422767794,1.021455559898215,196.8017644536067,6.728384605834781,3.2305522692325095,0.0035709773255214214,8623.007405390312,0.5145997176300581,34.81954701996687,,,14.476302216260535,12.560675414966909,22.46535624205842,5.9804904354314825,,,106.77129758382341,218.63003344902893
57.466573477557844,vapour,42.52022204637656,0.5869054221474512,4198.187520712887,2.991724348532812,2.94869839636974,1.0230956852043755,196.83341420529837,6.730905109732248,3.23214000940867,0.003568368480622336,8613.977315104552,0.5146747892607341,34.90089974355395,,,14.620143540380013,12.550951320098136,22.461136667719813,5.98576156078129,,,107.2160438228189,218.95318091825368
57.149236902402905,vapour,42.51043606514819,0.5867703465253696,4197.226942118559,2.9900315906781985,2.9463977514965918,1.0247347921084562,196.8650990201538,6.733429664205493,3.233730019370322,0.0035658263741866346,8605.407237085148,0.5147516833646394,34.98321274945711,,,14.764889578028829,12.541225551311072,22.456917372477676,5.99103041664273,,,107.66042974412812,219.28071086393004
56.83186420787309,vapour,42.50063768647559,0.586635099781716,4196.381262343392,2.9884663914589362,2.9442318849662987,1.026372794780625,196.89682188498693,6.7359585124221795,3.235322450859016,0.003563349051954116,8597.28249280009,0.5148303594325578,35.06648237036573,,,14.910510555253722,12.531478213745743,22.45268972881746,5.996317172234755,,,108.10444174080072,219.6124712653974
56.514459216480226,vapour,42.490827772864364,0.5864996938216308,4195.653345293161,2.987031906073442,2.9422039386969456,1.028009227922108,196.92858000253136,6.738491436602439,3.2369171653211564,0.00356093810202136,8589.61357812822,0.5149108521326076,35.15070624430355,,,15.05696732501417,12.521719245320412,22.448458051992418,6.001611958157523,,,108.54801131039233,219.94850707063563
56.19702732416889,vapour,42.481003698063724,0.5863640923950486,4195.0403696654175,2.9857245465183757,2.9403097412770225,1.029645063345431,196.9603818694741,6.741029119977104,3.238514591418057,0.0035585908738493136,8582.387380578572,0.5149931455574802,35.235926260447826,,,15.204339395222917,12.511938689690396,22.44421802970021,6.00692382157401,,,108.99140910534425,220.28892313099288
55.87957271755615,vapour,42.471166980901,0.5862283164663004,4194.544680726265,2.984547104984421,2.9385522639436337,1.0312793724453504,196.992222563416,6.743571175544702,3.240114483989993,0.0035563092080651117,8575.61277276013,0.5150772607232571,35.3221021848167,,,15.3525518690642,12.50215644046159,22.439978289544513,6.012232862981,,,109.43442542964948,220.6336286904367
55.562100477630885,vapour,42.46131462060115,0.5860923246157727,4194.164033962942,2.98349664473067,2.9369279803164194,1.0329130386332317,197.02411179142047,6.746118384376496,3.241717333000931,0.003554090700054215,8569.278757296926,0.5151631936057378,35.40929847042203,,,15.501659599484356,12.492342634966292,22.43572589367659,6.017568625880653,,,109.87732652420584,220.98274758945092
55.24461506179684,vapour,42.45144850095681,0.5859561428454022,4193.900278203579,2.982575421258513,2.935439338550349,1.0345451782833366,197.0560434496394,6.748670265239659,3.2433228339595748,0.0035519369797117686,8563.392527957549,0.5152509545967463,35.49746181914325,,,15.651599364640958,12.482527124243177,22.431473781760303,6.022901030820591,,,110.3199007339615,221.33616844895198
54.927121325627475,vapour,42.44156561558677,0.5858197296581942,4193.751727476669,2.9817811122832714,2.934083460283213,1.036176717667856,197.08802726130313,6.751227601742938,3.2449314781421803,0.0035498459306295173,8557.945306424297,0.5153405478698344,35.586652495508105,,,15.8024400293599,12.472689992700282,22.4272133297319,6.0282492978418825,,,110.76242102310442,221.69404246647412
54.60962389489716,vapour,42.43166643284473,0.5856830915188215,4193.715893487845,2.981111104940967,2.9328577125556117,1.0378071483208196,197.1200617029757,6.753790279147098,3.246543191530622,0.00354781660289116,8552.926998738209,0.5154319335911781,35.67683187953739,,,15.954128600638114,12.462831229290202,22.422944539368814,6.033613684507807,,,111.20474887592536,222.05615239301335
54.292126081554734,vapour,42.42175077668207,0.5855462259972899,4193.715893487845,2.9804820267798977,2.931678407296116,1.0394364693315072,197.15214733675418,6.756358349449682,3.2481580049904037,0.0035458128628175598,8548.041995294432,0.5155239904783138,35.767351352912335,,,16.10666117805812,12.452950822936145,22.418667412452464,6.038994130118827,,,111.6460016824243,222.41882365386084
53.974628268212314,vapour,42.411818473756526,0.5854091307009612,4193.715893487845,2.979855024703527,2.9305065489297215,1.041064725164803,197.18428471583786,6.758931864045397,3.2497759489806706,0.003543817850283857,8543.152672542925,0.5156161965311106,35.857897607011125,,,16.260046599265877,12.443058725235687,22.4143862619527,6.044380193877041,,,112.0857766561362,222.78035203397678
53.65713045486988,vapour,42.401868113161235,0.5852717861551276,4193.715893487845,2.9792298929386614,2.9293416918286526,1.0426923770840208,197.21647839720964,6.761511195299159,3.251397255669308,0.003541830941951422,8538.258351943097,0.5157085648284151,35.94850417771495,,,16.414318882679197,12.433144965848783,22.410096777892363,6.049781569412235,,,112.52421845508405,223.1408556826933
53.33963264152745,vapour,42.39190072950088,0.5851342066404087,4193.715893487845,2.978606803718389,2.9281841040334484,1.0443189169641256,197.24872502515953,6.764096081896395,3.253021758842648,0.003539852519807076,8533.359558606198,0.5158010857465752,36.039146144826866,,,16.569423882510478,12.42320953362298,22.405798962063216,6.055198794766376,,,112.96120660709607,223.5002347824617
53.02213482818503,vapour,42.38191670672765,0.5849963974564852,4193.715893487845,2.9779857328508466,2.9270337101526844,1.0459443900019958,197.28102334966619,6.766686430916631,3.254649398202857,0.0035378825125742795,8528.456496617302,0.5158937557032953,36.129814205743095,,,16.72537032973878,12.413262385337191,22.401497126571087,6.06062168368809,,,113.39675840774333,223.85850277531028
52.7046370148426,vapour,42.37191463031641,0.5848583390787071,4193.715893487845,2.9773664827449173,2.9258900681615603,1.0475692101574916,197.3133779385441,6.7692826162065085,3.256280406702375,0.003535920301628127,8523.548487296572,0.5159865878088397,36.220551118708144,,,16.882180398071455,12.403283575619014,22.39718265230249,6.066070358128476,,,113.83101274103188,224.21577316161313
52.38713920150018,vapour,42.36189591701225,0.5847200510623665,4193.715893487845,2.9767492102103157,2.9247534702160527,1.0491930085729437,197.3457842007614,6.7718842768977305,3.257914555672427,0.0035339663200369123,8518.636241814149,0.5160795688949332,36.31130454930376,,,17.03983709551693,12.393303002401979,22.392868471112763,6.07151431737586,,,114.26385989409351,224.57195493383153
52.069641388157756,vapour,42.351860190887145,0.5845815282185398,4193.715893487845,2.9761339124288155,2.9236238125182266,1.0508156453462463,197.37824334446324,6.774491517319441,3.2595519087246982,0.003532020418264589,8513.719591208146,0.5161727024322902,36.40210170672762,,,17.198298419712444,12.383290745265356,22.388541654754306,6.076984630963435,,,114.69530202504836,224.92704908268172
51.75214357481533,vapour,42.34180679861816,0.5844427615294286,4193.715893487845,2.975520374867796,2.9225006977598595,1.0524377195413916,197.4107574745924,6.777104514109059,3.2611925748159316,0.0035300820763412527,8508.79823136496,0.5162659944649093,36.49294883470704,,,17.357637970860424,12.373266737665176,22.38421082419211,6.082460157911168,,,115.12549005485164,225.28117915956284
51.43464576147291,vapour,42.33173639379753,0.5843037600165485,4193.715893487845,2.974908774140466,2.9213843835167186,1.0540586769700433,197.443324469206,6.779723104317016,3.2628364496537943,0.0035281516411428356,8503.872498187035,0.5163594389087514,36.58383014161564,,,17.517787268592542,12.363220996811492,22.379871671513456,6.087951666690573,,,115.55430044522933,225.63424276660555
51.11714794813048,vapour,42.32164897840146,0.5841645237071768,4193.715893487845,2.9742990936937854,2.9202747958929454,1.0556785167491056,197.47594431400535,6.782347294262129,3.2644835352496866,0.0035262290213339802,8498.942408204368,0.516453035727131,36.6747454399352,,,17.678742278306117,12.353153511369328,22.375524198534663,6.093459184566813,,,115.98174510251152,225.98624898268383
50.79965013478806,vapour,42.31154390395095,0.584025043650376,4193.715893487845,2.9736911314627754,2.9191715308765405,1.057297744305656,197.5086190978822,6.784977259608841,3.266133939869091,0.0035243136895485175,8494.007660421104,0.5165467909181765,36.76571932831585,,,17.840552076101062,12.343064269974093,22.37116840707614,6.0989824142336735,,,116.40796598089332,226.33731402432988
50.48215232144563,vapour,42.301421819161156,0.5838853288003434,4193.715893487845,2.973085053611206,2.9180748609092126,1.0589159003011457,197.54134671512037,6.787612838507683,3.2677875599474944,0.0035224060101797143,8489.068587567639,0.5166406984443045,36.85671754772555,,,18.00317252381018,12.332963243376184,22.36680860691689,6.104511244420144,,,116.83284687150075,226.68734149864542
50.164654508103204,vapour,42.291283119389846,0.5837453846141907,4193.715893487845,2.972480849552298,2.916984707983132,1.060532936324928,197.5741258796651,6.790253934838489,3.269444333220283,0.003520505909723363,8484.125397872418,0.5167347546196921,36.94774916489059,,,18.166586992130988,12.322840441587005,22.362440491336656,6.110056345570439,,,117.2563954833098,227.03633705929417
49.84715669476078,vapour,42.28112741669076,0.583605205737107,4193.715893487845,2.971878499202719,2.915901011715221,1.0621488999943551,197.60695783804184,6.792900656501254,3.27110432541091,0.0035186132908348994,8479.1779174929,0.5168289630254578,37.03880465097181,,,18.330803881230167,12.3127058388921,22.35806836952645,6.11560707488314,,,117.67862617770095,227.38431185111097
49.52965888141835,vapour,42.270953675426924,0.5834647778742243,4193.715893487845,2.971277813573377,2.91482336445992,1.0637641996708713,197.63984593013754,6.795553280510924,3.2727677082253352,0.003516727600050386,8474.225658044339,0.5169233332496347,37.129927295542224,,,18.495848282297572,12.302539454163025,22.35368362830212,6.121183884569182,,,118.09967170151037,227.73137462399893
49.21216106807592,vapour,42.26076332425072,0.583324120745191,4193.715893487845,2.9706789531435622,2.9137520441064844,1.0653784255647425,197.67278552958226,6.79821144143572,3.274434250488848,0.0035148492529972924,8469.269330851712,0.517017852021652,37.221073408058714,,,18.661687392587908,12.292361249157409,22.349294883924017,6.126766557058749,,,118.51941983478116,228.07743223287582
48.8946632547335,vapour,42.250554934273595,0.5831832146270989,4193.715893487845,2.9700817255774288,2.9126866570418555,1.0669920341252268,197.7057812471263,6.800875519087485,3.2761041882957245,0.00351297769081111,8464.308256836617,0.5171125325763659,37.31227696717642,,,18.828359290116282,12.282161226628489,22.344897830872924,6.132364878830982,,,118.93800565076504,228.4225954024356
48.577165441391074,vapour,42.24032993904767,0.5830420793072273,4193.715893487845,2.9694862957777532,2.9116274714920265,1.0686045679583513,197.7388284412,6.803545146457862,3.2777772895558326,0.0035111133175580243,8459.343148565136,0.5172073615994076,37.40350355010014,,,18.99581810016855,12.271949367965249,22.340496777158705,6.137969089453563,,,119.3553138311471,228.76676841420942
48.25966762804865,vapour,42.230087948142895,0.5829007093964813,4193.715893487845,2.9688926547021954,2.910574416565131,1.0702159772413762,197.77192836600196,6.806220432422927,3.2794536205088827,0.0035092560233618737,8454.37383171521,0.5173023426941206,37.49476237296699,,,19.164047267426213,12.261715672274534,22.336087417865258,6.143589510651129,,,119.77135097678939,229.1099560627896
47.942169814706226,vapour,42.219827922381164,0.5827590905511149,4193.715893487845,2.9683006073400096,2.909527115196382,1.0718267666669319,197.80508437181217,6.808901655639569,3.281133353693198,0.0035074052922005917,8449.399818193571,0.5173974854788136,37.586078085095814,,,19.33309807621589,12.251460127959092,22.33166975484386,6.149225647133253,,,120.18625400763858,229.45227067905864
47.6246720013638,vapour,42.20955089994572,0.582617237101142,4193.715893487845,2.9677103226030668,2.9084858253001316,1.0734364296646666,197.8382930955579,6.811588552039311,3.282816321600491,0.003505561492800641,8444.421627407897,0.517492780307591,37.67742569539628,,,19.50291147778188,12.241182723391262,22.327243789950046,6.154878046789495,,,120.59990479980672,229.7936141984452
47.30717418802138,vapour,42.19925728244539,0.5824751545899577,4193.715893487845,2.9671217825349516,2.907450494884389,1.0750450157663791,197.87155323186357,6.814281023621641,3.2845024608327806,0.003503724583605269,8439.43946913919,0.517588223439042,37.76879549491134,,,19.673495632874733,12.230893447122128,22.322813830004122,6.160536403579892,,,121.01231618904387,230.13399658536866
46.98967637467895,vapour,42.18894563388075,0.582332823196503,4193.715893487845,2.9665347989625066,2.9064207469098884,1.0766529795077204,197.90486941269123,6.816979453202822,3.2861920090564305,0.003501894026322507,8434.45266420617,0.5176838281696137,37.86022163723079,,,19.844890201944338,12.220582290910215,22.31837557130399,6.16621054204454,,,121.42362027656009,230.4735262768778
46.67217856133653,vapour,42.1786169928643,0.5821902572567167,4193.715893487845,2.965949539947407,2.9053968368440857,1.0782598145806943,197.93823827428918,6.819683576289853,3.2878847985716066,0.0035000701865361317,8429.461730970112,0.5177795848512694,37.95167912332107,,,20.017035366402638,12.210249243049361,22.31392901571553,6.171901011656103,,,121.83369953847284,230.81210567127857
46.3546807479941,vapour,42.168271763925084,0.5820474623543015,4193.715893487845,2.9653659928525093,2.9043787074865453,1.0798655201437872,197.971658502147,6.822393294032235,3.2895807654638376,0.003498253016636851,8424.466880120486,0.517875489716335,38.04316778468077,,,20.189926964909205,12.199894291803332,22.30947416510884,6.177608043714284,,,122.24256307188847,231.1497416719327
46.037182934651675,vapour,42.15790890876422,0.5819044241576475,4193.715893487845,2.9647839620014254,2.9033660050586656,1.0814706517161934,198.0051334426996,6.82510888558501,3.2912800823812636,0.00349644202952345,8419.46762593494,0.5179715523725438,38.13470267031622,,,20.363629939729435,12.189527432945681,22.3050153251055,6.183320576493807,,,122.65034820938916,231.48654711442634
45.71968512130925,vapour,42.147529066136265,0.5817611514834659,4193.715893487845,2.9642036192745747,2.9023589746533633,1.0830746524018424,198.03866102468714,6.827830190850078,3.2929826470444388,0.0034946375552201143,8414.464292378758,0.5180677668806709,38.22626835817227,,,20.5380714554297,12.179138650824427,22.300548193226575,6.189049509566948,,,123.05693475581688,231.82242215892086
45.40218730796682,vapour,42.13713223762093,0.5816176443535611,4193.715893487845,2.9636249525398672,2.90135756150295,1.0846775213673054,198.07224123532498,6.830557216605505,3.2946884616214978,0.0034928395261509104,8409.456895642908,0.5181641332086123,38.31786468442835,,,20.713247336367203,12.16872793362461,22.296072771352556,6.194794871163177,,,123.46233144366141,232.1573734312825
45.0846894946244,vapour,42.12671778925093,0.5814738940173009,4193.715893487845,2.963047768014491,2.900361418917088,1.0862798145838877,198.10587611435741,6.833290136465976,3.2963976326028694,0.0034910474872295507,8404.4451461908,0.5182606572145697,38.40950664107192,,,20.88922317001351,12.158305282578283,22.29159336419974,6.200545779862583,,,123.8666742535836,232.49151272927395
44.76719168128197,vapour,42.11628635711654,0.5813299092546211,4193.715893487845,2.9624722366099374,2.899370789454322,1.0878809747171097,198.1395635995843,6.836028790861047,3.298110058076841,0.003489261765112648,8399.42936591974,0.5183573329852119,38.50117887207064,,,21.06592544384455,12.147860676439052,22.287105670212213,6.206313157506141,,,124.26984367401792,232.8247407438563
44.449693867939544,vapour,42.10583794268272,0.5811856900857427,4193.715893487845,2.961898346637895,2.8983856205693956,1.0894810009416087,198.17330367863093,6.838773186659983,3.29982574024594,0.003487482294993606,8394.409570939253,0.5184541604896536,38.5928812185601,,,21.24334997155114,12.137394103312317,22.28260969128081,6.21209703245123,,,124.67184811636764,233.157063858083
44.132196054597124,vapour,42.095371914493384,0.5810412277946952,4193.715893487845,2.961325910722596,2.8974055647405246,1.0910803969579703,198.2070983827671,6.841523497113362,3.3015447852895,0.0034857086212896193,8389.385473648337,0.5185511455619629,38.68463839066427,,,21.42155089237326,12.126905551272557,22.278105429300524,6.217897112158088,,,125.07281904916965,233.48859021602595
43.814698241254696,vapour,42.08488931417942,0.5808965367590803,4193.715893487845,2.9607550895654167,2.896430877136937,1.0926787102031819,198.24094434088835,6.8442794558334255,3.3032670245884335,0.0034839411086748035,8384.357589592117,0.5186482785323229,38.77641557202616,,,21.60047822583391,12.116405028879285,22.273597187773646,6.22370333354092,,,125.47264411738956,233.8192263916468
43.49720042791227,vapour,42.074388692810935,0.5807515969793594,4193.715893487845,2.960185701535963,2.895461207000366,1.0942763917236422,198.27484622345858,6.847041451189296,3.3049926986967315,0.0034821792515065146,8379.325239562377,0.5187455728090287,38.86824723379206,,,21.780174467066104,12.105882507368904,22.269080666382877,6.229525592369607,,,125.87145074983852,234.14907723812996
43.17970261456985,vapour,42.06387109017447,0.5806064228076772,4193.715893487845,2.959617911279307,2.894496800131125,1.095872936182041,198.30880066553902,6.849809217215653,3.3067216392708922,0.003480423402988401,8374.288937864925,0.5188430187399224,38.96010835679909,,,21.960577091662003,12.095337974736253,22.264555867033664,6.235364443843777,,,126.26912383230263,234.4780470257466
42.86220480122742,vapour,42.053336921451965,0.5804610199747776,4193.715893487845,2.959051703179195,2.89353761473841,1.0974683964126772,198.3428063193398,6.852582651937537,3.308453780503196,0.0034786735348271178,8369.248898426646,0.5189406124616299,39.051988918662985,,,22.141693901530175,12.08478144507825,22.260027092311475,6.241209485206546,,,126.66567451118442,234.80614443600336
42.544706987885,vapour,42.04278473421108,0.5803153684327788,4193.715893487845,2.9584869017493673,2.8925832990820033,1.099063168637775,198.37686786573596,6.855362145248379,3.3101893637362467,0.0034769291404641383,8364.204442067447,0.5190383674127046,39.143933372946634,,,22.32355617269127,12.074192855943124,22.255485742468068,6.247081281637944,,,127.06122589041667,235.13347081406675
42.22720917454257,vapour,42.03221598175179,0.5801694882415388,4193.715893487845,2.9579236570339,2.8916341185210515,1.100656909416526,198.4109806058522,6.858147321861255,3.3119281524604927,0.0034751906197667843,8359.156279258568,0.5191362701124101,39.235887007887854,,,22.506136607155156,12.063602279284567,22.25094472051603,6.252948651414563,,,127.45567308551722,235.4599388636717
41.90971136120014,vapour,42.02162983856921,0.5800233680066371,4193.715893487845,2.9573619719193536,2.890690003314352,1.1022494563158811,198.44514719663732,6.860938406743921,3.313670284975745,0.003473457840744792,8354.104031038472,0.5192343281908637,39.32787936855075,,,22.689395074506308,12.052979618946836,22.246391127278798,6.258843151267468,,,127.84901427612357,235.78554655569917
41.59221354785772,vapour,42.011026093324226,0.579877004810966,4193.715893487845,2.9568016543261724,2.8897506375179183,1.103841420810215,198.47936831233093,6.86373546325644,3.315415798624386,0.0034717304104764936,8349.047612498733,0.5193325435880117,39.419915335541155,,,22.87341144566659,12.042344924472388,22.2418335644777,6.264743378388119,,,128.24138416521953,236.11040490476682
41.27471573451529,vapour,42.000404328117355,0.5797303928862707,4193.715893487845,2.956242703991048,2.8888159643901172,1.1054326929363518,198.5136452935634,6.866538609413101,3.317164764809955,0.0034700082360276615,8343.98684068585,0.5194309201564639,39.51201468951896,,,23.058158359471122,12.031678118224931,22.237263434865326,6.270670485134314,,,128.63278312074937,236.43451375340157
40.95721792117287,vapour,41.98976704437887,0.5795835667597227,4193.715893487845,2.955685441343889,2.8878865262353757,1.107022428715491,198.54797006073525,6.869347192481129,3.318916774124529,0.0034682921085630557,8338.922922481626,0.5195294347121219,39.60409753200004,,,23.24354670269389,12.021009294725502,22.232693637729483,6.276593734561041,,,129.02298695827142,236.7576869527021
40.63972010783044,vapour,41.97911174599937,0.5794364919775941,4193.715893487845,2.955129525968951,2.886961692481566,1.1086114703645127,198.5823506610428,6.872161878943344,3.320672240168339,0.0034665811285358498,8333.854684660162,0.5196281103557717,39.69624349077298,,,23.42965764653735,12.010308335027219,22.228111277647827,6.282543922575432,,,129.41223423305786,237.08012157656606
40.322222294488014,vapour,41.96843989265737,0.5792891886877864,4193.715893487845,2.954575110609171,2.8860417152610487,1.1101994236313781,198.6167823769974,6.87498229086132,3.3224309250149604,0.0034648756797134666,8328.782837193126,0.5197269335526533,39.78840748057881,,,23.61645030476069,11.999595303726096,22.223524953856383,6.288500438407792,,,129.80041817807734,237.40172871193965
40.004724481145594,vapour,41.95775002262583,0.5791416367141228,4193.715893487845,2.9540220192182227,2.8851262662187183,1.1117867360972005,198.65126991707612,6.877808822218728,3.324193072114375,0.0034631752843086723,8323.70670105048,0.5198259178215721,39.880624286090715,,,23.803969918080156,11.988860151071265,22.218930369490465,6.294473250898209,,,130.18766223533373,237.72261016278674
39.687226667803166,vapour,41.94704317627008,0.5789938504167361,4193.715893487845,2.953470412841428,2.8842155811613592,1.1133729034080504,198.68580991709516,6.880641205703794,3.3259585125671007,0.0034614802827362505,8318.626786162196,0.5199250535118003,39.972868881384535,,,23.9921514412747,11.978102864752486,22.214327526495254,6.300462920797689,,,130.57385382758162,238.04267218191592
39.369728854460746,vapour,41.93631873507582,0.5788458212582913,4193.715893487845,2.9529201074714684,2.8833093497824147,1.1149584841705542,198.72040436474916,6.883479612653719,3.3277273509330665,0.0034597902665712017,8313.542814717437,0.5200243463332942,40.065155901961155,,,24.18106418496842,11.96733347945667,22.20972072405266,6.306458431306416,,,130.95912195766687,238.36202122511042
39.05223104111832,vapour,41.92557731805475,0.5786975577829893,4193.715893487845,2.9523712679508987,2.88240779890451,1.116542918497911,198.75505125565306,6.88632388697431,3.329499487694757,0.0034581055415986417,8308.45509579963,0.5201237905380277,40.157470412565594,,,24.37063086253295,11.956541939628949,22.20510566625086,6.312470840535583,,,131.3433513927494,238.6805613233256
38.73473322777589,vapour,41.91481892571322,0.5785490599978189,4193.715893487845,2.9518238844012643,2.88151088616492,1.1181262056136043,198.78975058078828,6.889174036172939,3.3312749253106264,0.003456426055727265,8303.363644905876,0.5202233861050065,40.24981228899535,,,24.56084729317456,11.945728232877684,22.200482355045835,6.3185001775269996,,,131.72654922533934,238.99829788402133
38.41723541443347,vapour,41.90404294220205,0.5784003194022318,4193.715893487845,2.9512777786532687,2.880618299511092,1.119708847700349,198.82450431889794,6.892030231184454,3.333053768003588,0.003454751398912955,8298.268186201896,0.5203231387186873,40.34220631767303,,,24.751771691908743,11.934892346779293,22.19585079239755,6.324546154390005,,,132.10884035240298,239.31533402429534
38.09973760109104,vapour,41.89325041001555,0.578251350385747,4193.715893487845,2.9507331057242334,2.8797302772390676,1.1212903979323332,198.85930910040526,6.894892203415894,3.3348358462505314,0.0034530819142499333,8293.169227988095,0.5204230387124195,40.43461723649447,,,24.943349597467602,11.924044323621331,22.191215276233493,6.330598575983058,,,132.49011642354793,239.63157944990792
37.782239787748615,vapour,41.88244090397942,0.5781021470796962,4193.715893487845,2.9501898603638397,2.8788467712803127,1.122870798917848,198.89416628924982,6.897760073240202,3.336621232785508,0.00345141751901098,8288.066584363627,0.5205230900059945,40.527055116019255,,,25.135565128052633,11.913174100052345,22.186571511921272,6.336667996763813,,,132.8703812841714,239.9470368926169
37.46474197440619,vapour,41.87161337964301,0.5779526950675562,4193.715893487845,2.949647865636942,2.877967474610156,1.12445055258319,198.9290792457867,6.9006341256928065,3.3384101027560256,0.0034497577855381874,8282.959778142813,0.5206233022497856,40.61954475369419,,,25.328477153658582,11.902281663566498,22.18191950143148,6.342753907298983,,,133.24975885421787,240.2618086994945
37.14724416106376,vapour,41.860769309768045,0.5778030146778155,4193.715893487845,2.9491072751751033,2.8770926222636373,1.1260292130522513,198.96404321364147,6.903513977716523,3.3402022154528637,0.003448103076884376,8277.849519536756,0.5207236617963953,40.71205081562548,,,25.522030514065023,11.891377062194977,22.177263541744537,6.348846311327416,,,133.62814142605447,240.57580499872813
36.82974634772134,vapour,41.84990722111313,0.5776530855753648,4193.715893487845,2.9485679180165776,2.876221904427826,1.1276072247764868,198.99906293541613,6.906400028454173,3.341997816965899,0.0034464529383011213,8272.735129855713,0.5208241822639063,40.80460836788842,,,25.71627286270507,11.880450226700418,22.17259933919297,6.35495524572874,,,134.00564924963243,240.88912526186198
36.51224853437891,vapour,41.839028154101975,0.5775029221211433,4193.715893487845,2.948029951965445,2.8753555480169886,1.1291840843064092,199.03413504913274,6.90929200946827,3.3437967379590146,0.0034448076988043844,8267.617114806812,0.5209248540072354,40.89719238880715,,,25.911137019530145,11.869501144494336,22.167926895757944,6.361081276148286,,,134.38217203100913,241.20167753077214
36.194750721036485,vapour,41.82813106379295,0.5773525098918509,4193.715893487845,2.9474932019652096,2.87449325276549,1.130760293225063,199.06926291588894,6.912190206562624,3.3455991538814582,0.0034431669393006417,8262.494998621089,0.5210256866792891,40.98982768963835,,,26.106682714134877,11.858529802956127,22.16324621342477,6.367223891435718,,,134.7578324469588,241.51356322634012
35.877252907694064,vapour,41.817217427011364,0.577201869272066,4193.715893487845,2.9469578208485454,2.873635250599079,1.1323354069199447,199.10444176754075,6.915094234925233,3.3474048230981386,0.0034415310189741936,8257.369491022735,0.5211266665984698,41.08247884161084,,,26.30285387265002,11.84754625782557,22.15856158790433,6.373373067784499,,,135.1325236855214,241.8246932612102
35.55975509435164,vapour,41.806286810913726,0.5770509942872619,4193.715893487845,2.946423803739379,2.872781496501553,1.1339093664361268,199.139672992217,6.9180042175152225,3.3492138197918533,0.0034398998586358137,8252.240403641943,0.5212277977543505,41.175156102579344,,,26.49963480641486,11.836540431958156,22.153868726823703,6.379539411079943,,,135.50624931510998,242.13507017140876
35.242257281009216,vapour,41.79533817020894,0.5768998705093151,4193.715893487845,2.9458909768574415,2.87193169499553,1.1354826730980552,199.17495995151003,6.920920440710495,3.3510263196356878,0.00343827304527141,8247.107261779951,0.5213290898015668,41.26788429367256,,,26.697085882780243,11.82551231265029,22.149167632179058,6.385722408871831,,,135.87913110270728,242.44479468278462
34.92475946766679,vapour,41.784372984735946,0.5767485183644007,4193.715893487845,2.9453594964307857,2.871086068699696,1.1370548239127718,199.21029786857008,6.923842518383627,3.3528420803030374,0.0034366509268151696,8241.970774764488,0.5214305290332075,41.36063839876447,,,26.895138909371326,11.814461887165749,22.144458305970602,6.391922857311818,,,136.25105986419732,242.75377570758212
34.60726165432436,vapour,41.773391256127184,0.5765969378750514,4193.715893487845,2.9448293490991895,2.8702445871528504,1.1386258776885345,199.24568673123227,6.926770457863696,3.354661104077725,0.0034350334657681906,8236.830957979264,0.5215321154193346,41.453407815224885,,,27.09380120842468,11.803399219015375,22.13974504263001,6.398129938471916,,,136.62204509904262,243.06202072295457
34.28976384098194,vapour,41.76239150199908,0.5764451085799684,4193.715893487845,2.9443003666452436,2.8694069528304764,1.140196276387836,199.28113130914394,6.929704662463523,3.3564836391689226,0.0034334202227071374,8231.687133122234,0.5216338626567613,41.54622783190918,,,27.293122305239592,11.792314223083793,22.135023551088693,6.4043537448007175,,,136.99220466535894,243.3696272668177
33.97226602763951,vapour,41.75137371738472,0.5762930304105938,4193.715893487845,2.9437725411872604,2.868573132864259,1.1417660190068326,199.31663161048007,6.9326451419090205,3.3583096891780317,0.0034318111572719146,8226.539314262782,0.5217357707743382,41.63909836069899,,,27.493098712469987,11.781206886550933,22.13029383335737,6.410594302172013,,,137.36154421525202,243.67659967310158
33.654768214297086,vapour,41.740340431263924,0.5761407382743641,4193.715893487845,2.9432461862690684,2.867743604859056,1.143334161511602,199.35217947964077,6.935591229174942,3.360138837563632,0.003430206980191129,8221.38869786916,0.5218378163654653,41.73195888508665,,,27.69360732162579,11.77008727879985,22.12556018290246,6.416842081992073,,,137.7298444947761,243.98275530882813
33.33727040095466,vapour,41.72928807183796,0.5759881828698428,4193.715893487845,2.9427208088410493,2.866917571062956,1.1449021482733062,199.38778641719526,6.938543886149286,3.3619716791586343,0.0034286065381901295,8216.233632013942,0.5219400324495149,41.824894624706694,,,27.894829131955817,11.7589453086984,22.120818309638935,6.423106112315613,,,138.09745063802063,244.2883806954202
33.01977258761223,vapour,41.718219765179,0.5758354073461155,4193.715893487845,2.942196888611282,2.866095751621711,1.146468473689394,199.42344234456266,6.94150228596263,3.363807698280438,0.003427010864969972,8211.075590503895,0.5220423900994192,41.917830723762094,,,28.096563599404476,11.747780963341427,22.116068215587973,6.429388050444572,,,138.4640271302069,244.59319651450426
32.70227477426981,vapour,41.70713387108775,0.5756823890635578,4193.715893487845,2.9416740922133635,2.8652776112754434,1.1480341400154297,199.45915253860292,6.944466875007791,3.365647169626971,0.003425419228627175,8205.913823804476,0.5221449044686187,42.01081695152178,,,28.2989382470862,11.736594229792331,22.11130990277553,6.43568707181388,,,138.82980736062746,244.89739644249596
32.38477696092738,vapour,41.696029938446024,0.5755291217953982,4193.715893487845,2.9411524077312206,2.864463125087562,1.149599207363066,199.49491844486485,6.947437782358952,3.3674901708296208,0.003423831573677366,8200.748137952332,0.5222475797123064,42.10384254963053,,,28.501960890509224,11.725395185314085,22.106547663373192,6.441992063418527,,,139.19479979494213,245.20098717558733
32.06727914758496,vapour,41.68490900990852,0.5753756199333699,4193.715893487845,2.9406319929244327,2.8636525017963748,1.1511631129054685,199.53073669754568,6.950414737390265,3.3693365315722725,0.003422248206493605,8195.579033720125,0.5223504061734321,42.19689314847391,,,28.705550284938624,11.714173730691755,22.101777208615715,6.4483144892162,,,139.5588941894863,245.50387665402025
31.749781334242535,vapour,41.67377153424939,0.5752218896718899,4193.715893487845,2.940112839197769,2.8628457073645652,1.1527258559251625,199.56660584433774,6.953397628032839,3.371186179985413,0.003420669110236938,8190.406734505503,0.5224533796879136,42.28996867459663,,,28.909702403457402,11.702929852903424,22.096998540539573,6.454654614189702,,,139.92209669220557,245.80606961199112
31.432283520900107,vapour,41.662616016047856,0.5750679103697074,4193.715893487845,2.939594773326813,2.862042470299971,1.1542879984682701,199.6025306941461,6.956386863096328,3.373039367140522,0.0034190938771047393,8185.230561254732,0.5225565140665331,42.3830832276107,,,29.114491294286836,11.691673635166183,22.09221595033904,6.461000754509064,,,140.28452862000643,246.10766663305742
31.114785707557683,vapour,41.651443497755096,0.5749136964157466,4193.715893487845,2.9390779564041165,2.8612429908165424,1.1558489153373055,199.63850788254746,6.959382171660602,3.3748959226220974,0.0034175228030634635,8180.051013357716,0.5226597996559853,42.47623329975898,,,29.31982403899258,11.680384873871333,22.08742086142115,6.46737534061027,,,140.64607740169384,246.4085736894432
30.797287894215255,vapour,41.64025442817032,0.5747592540047703,4193.715893487845,2.9385623715152094,2.8604472483645207,1.157408729572705,199.67453595749421,6.962383441539758,3.376755774508995,0.003415955887400877,8174.868313653575,0.5227632322928665,42.56939728810294,,,29.525719039829994,11.669083750471543,22.08262185381045,6.473756766348372,,,141.00675499967275,246.7088003678192
30.47979008087283,vapour,41.629047765451304,0.5746045687562598,4193.715893487845,2.9380478499445357,2.8596549681615744,1.1589679418511354,199.71061826662782,6.9653909604696365,3.3786190986823725,0.0034143927437438617,8169.681994694205,0.5228668215932076,42.66259998075089,,,29.732239669494334,11.657770257902428,22.077818928565023,6.480144490799706,,,141.3666789102167,247.00844397105277
30.162292267530407,vapour,41.61782259830216,0.5744496280916236,4193.715893487845,2.9375343929941358,2.858866108728162,1.1605264265690987,199.74675773643014,6.968404981718648,3.3804860495179194,0.0034128332718031504,8164.4916510418125,0.5229705759642836,42.75586295309169,,,29.939360208130893,11.646424180329689,22.07300351108779,6.486559970577246,,,141.72584851789702,247.3075037087557
29.844794454187983,vapour,41.6065808734951,0.5742944588821035,4193.715893487845,2.9370221443477704,2.8580808928825827,1.16208380727617,199.7829480919779,6.971424991084845,3.3823563060169897,0.0034112778440145153,8159.29819851547,0.5230744773966157,42.84913953299356,,,30.147031725246563,11.635065711283573,22.068184179425543,6.492982335432749,,,142.0841639135736,247.60589616913796
29.527296640845556,vapour,41.59532213692519,0.5741390548597021,4193.715893487845,2.9365110999567396,2.8572992825255565,1.163640020849753,199.81919078838436,6.974451118795029,3.3842299464091927,0.003409726389073399,8154.10144207294,0.5231785300730851,42.94244049502027,,,30.355239126021218,11.623684735190238,22.06335664748036,6.4994223346608395,,,142.44162805283565,247.9036234586839
29.209798827503132,vapour,41.58404579981498,0.5739834078975407,4193.715893487845,2.9360010892336015,2.8565210153248124,1.1651956302532194,199.8554877138669,6.9774835315749675,3.3861070714410477,0.0034081785608427576,8148.901125316139,0.5232827394202064,43.03577978019877,,,30.564057690202446,11.612291349294878,22.058525204146463,6.505868698177926,,,142.79836037560784,248.20078472626494
28.892301014160704,vapour,41.57275244675168,0.5738275260646601,4193.715893487845,2.9354922712097,2.855746286613049,1.166750007872349,199.89183697963912,6.9805220807177175,3.3879875865692077,0.003406634623809513,8143.697533198596,0.5233871000206899,43.12915424787177,,,30.7733935618715,11.600865321345793,22.053681277504154,6.512343737219135,,,143.15424976245617,248.49728708009764
28.57480320081828,vapour,41.561441488029715,0.5736714012213711,4193.715893487845,2.9349844718250013,2.854974842649441,1.16830378000913,199.92824047668583,6.983566933412514,3.3898715927656085,0.0034050942422237536,8138.490409355127,0.5234916173091326,43.222566887147195,,,30.98333344307099,11.589426861084121,22.048833442948307,6.518825181525695,,,143.50941807360869,248.79323172046873
28.257305387475853,vapour,41.55011350593396,0.5735150414049351,4193.715893487845,2.934477845361963,2.854206883378269,1.1698563823158648,199.96469632391566,6.986617941462523,3.3917589958256906,0.0034035576858422838,8133.2800371916555,0.523596285890272,43.31600365685049,,,31.193794212924274,11.577965844659047,22.043977415728307,6.525324359443781,,,143.86375751363255,249.08852850525693
27.93980757413343,vapour,41.53876849821495,0.5733584465843029,4193.715893487845,2.9339723796062356,2.8534423842335843,1.1714078782742154,200.00120452172422,6.989675113928768,3.393649798870704,0.0034020249244843728,8128.066430654553,0.5237011057706821,43.40945348159027,,,31.404782952135236,11.566492377418172,22.03911748341193,6.531830275879012,,,144.21727674162378,249.38318431256596
27.622309760791005,vapour,41.527405420295416,0.5732016023412041,4193.715893487845,2.9334679141274793,2.8526810771757836,1.1729587033734967,200.03776842439456,6.99273874099513,3.3955441788244425,0.003400495580742619,8122.849125313751,0.523806086586548,43.50295222481446,,,31.616353832652635,11.554996331353095,22.034249361924765,6.538353417346676,,,144.57008807250838,249.67729244103487
27.30481194744858,vapour,41.516025310632024,0.5730445230094265,4193.715893487845,2.932964595802312,2.8519231632666777,1.1745083568448693,200.0743846832546,6.995808551405981,3.3974419653992083,0.0033989699505385623,8117.6286135706105,0.5239112187289087,43.59647492298415,,,31.828434286382674,11.543477693030923,22.029373053354902,6.544894363154376,,,144.92208710030565,249.970765116164
26.987314134106157,vapour,41.504627587331626,0.5728872005571157,4193.715893487845,2.9324622622089334,2.8511683846410367,1.17605733773335,200.11105516360456,6.9988847107831225,3.399343258442737,0.0033974476940906604,8112.404643797453,0.5240165075589583,43.69004646202745,,,32.041089876946046,11.531936448984595,22.024488559794406,6.5514528362938735,,,145.27338864263288,250.26369802299962
26.669816320763726,vapour,41.49321282395577,0.5727296429011253,4193.715893487845,2.9319610630225124,2.8504169447779684,1.1776051454584995,200.1477780131332,7.001967073008259,3.4012479650932326,0.0033959290846309505,8107.1774941809845,0.5241219477638982,43.78364188444701,,,32.254247705359376,11.520372585713687,22.01959588333989,6.558029171324439,,,145.62388881671194,250.55600439562625
26.3523185074213,vapour,41.481780440598094,0.5725718420370242,4193.715893487845,2.931460830851441,2.8496685922450267,1.1791523441342646,200.1845550905332,7.005055803383566,3.403156184938507,0.003394413790330917,8101.946914461305,0.5242275446860911,43.877274921998904,,,32.4679845720504,11.508796218780674,22.014699309888783,6.5646120239471655,,,145.97370478918828,250.84778164442253
26.034820694078878,vapour,41.47033101138479,0.57241380588946,4193.715893487845,2.9309617163560238,2.8489235202326704,1.1806983685523662,200.22138454195795,7.008150755529868,3.4050678249782558,0.0033929020720883715,8096.713182602563,0.5243332930082641,43.97093173052801,,,32.68221634685352,11.497197209694548,22.00979455706971,6.571212780332063,,,146.32273001141516,251.1389402903725
25.717322880736454,vapour,41.4588639584173,0.5722555264817153,4193.715893487845,2.9304635531355947,2.8481814694897443,1.1822437174009301,200.25826821942883,7.01125209442282,3.406982984536266,0.0033913935890560517,8091.476049716083,0.5244391980537606,44.064637202728726,,,32.89700933908904,11.485575544867118,22.004881626990198,6.5778311648196155,,,146.67107809172063,251.42957413003535
25.39982506739403,vapour,41.44737985052591,0.5720970116653386,4193.715893487845,2.9299664872252302,2.8474426481485837,1.1837879563675704,200.29520428641607,7.0143596750068795,3.408901571452347,0.003389888619536294,8086.235790865707,0.5245452545549626,44.15835516008066,,,33.11230080063342,11.473941346043091,21.999964804537683,6.584456416688612,,,147.018648835536,251.71959970932005
25.082327254051602,vapour,41.43587868754895,0.571938261438098,4193.715893487845,2.9294704958161657,2.8467070000881622,1.1853310193282502,200.3321927367506,7.017473506018396,3.4108235885591256,0.0033883870960708397,8080.9924208920565,0.5246514624997558,44.25209676402999,,,33.32807612217448,11.462284468396831,21.99503980836903,6.5910996440676275,,,147.36544390348246,252.00901468873974
24.764829440709175,vapour,41.42435989461063,0.5717792678649996,4193.715893487845,2.9289723218304315,2.8459738261767775,1.186873404702366,200.3692354124144,7.0205937519401935,3.412749134782313,0.0033868881547826648,8075.745692962548,0.5247578271828661,44.34588691186456,,,33.54440216450621,11.450604898251754,21.99010664060262,6.597760572313308,,,147.71155840587295,252.29967131266778
24.44733162736675,vapour,41.41282299217443,0.5716200243270142,4193.715893487845,2.9284722348834746,2.8452433514642714,1.188415111556515,200.40633384834965,7.023720551762821,3.4146782932256015,0.0033853920373013422,8070.495404535482,0.5248643530175915,44.439725583993415,,,33.761275692245476,11.438902621896773,21.985165303360816,6.604438976673027,,,148.0570070896011,252.5915770896396
24.129833814024327,vapour,41.40126949271175,0.5714605517007416,4193.715893487845,2.9279732429415337,2.8445160102687637,1.1899557068116358,200.44348317418385,7.026853504464369,3.4166108138485916,0.0033838993422039406,8065.242259158342,0.5249710260246943,44.53357651370832,,,33.978633244246225,11.427187769372438,21.980220080177276,6.611124565676113,,,148.40169962702657,252.88287841519707
23.8123360006819,vapour,41.3896989214821,0.5713008434333525,4193.715893487845,2.9274753425280733,2.8437917697436195,1.1914951234970463,200.48068490993973,7.029992747479456,3.4185467788563293,0.00338241000401176,8059.986055573424,0.5250778505744742,44.6274509737357,,,34.19646035418464,11.415450187345016,21.975266691088507,6.61782822971597,,,148.745638457665,253.17357709611645
23.494838187339475,vapour,41.37811023026319,0.5711408850562644,4193.715893487845,2.9269783713464816,2.8430703826952497,1.1930338596724739,200.51794241892935,7.033138574257387,3.420486366554283,0.0033809236713577824,8054.726333115065,0.5251848363304894,44.721373866722246,,,34.41482460348158,11.403689862014744,21.9703051382279,6.624549440320018,,,149.0889357300378,253.46376768394623
23.17734037399705,vapour,41.36650445582208,0.5709806908799433,4193.715893487845,2.9264824770852735,2.8423520442793233,1.1945714157981029,200.55525236103958,7.03629071244302,3.4224294063460676,0.003379440632121437,8049.463577846188,0.5252919737073849,44.81532027180039,,,34.633651362545834,11.391906779547355,21.965335423733052,6.631288782776557,,,149.43148946107328,253.75336373741095
22.859842560654624,vapour,41.3548810293958,0.5708202530537702,4193.715893487845,2.9259874939403008,2.8416365148850375,1.1961083573491647,200.59261655796703,7.03944932552015,3.4243759963507685,0.003377960570116365,8044.197547066681,0.5253992679420565,44.90930365681089,,,34.85301919436279,11.380111078344385,21.960361829774456,6.638034820213379,,,149.77341422140609,254.04246188295213
22.5423447473122,vapour,41.343240511953795,0.5706595793207906,4193.715893487845,2.92549357328076,2.8409239829313395,1.1976441178046933,200.6300331997128,7.042614270083049,3.4263260455257787,0.0033764837392800443,8038.928510129044,0.5255067138427739,45.003310494274096,,,35.072842500560455,11.368292596496872,21.95538007777742,6.6447990312647205,,,150.11460548425026,254.33097351329445
22.224846933969772,vapour,41.331583381218266,0.5704986762749903,4193.715893487845,2.925000707671059,2.8402144223508694,1.1991786965263627,200.66750074433958,7.045785425078757,3.4282794766717952,0.0033750101339209597,8033.656697829355,0.5256143069873944,45.09734078482452,,,35.2931176454847,11.356451320081135,21.95039016989068,6.651581704353679,,,150.45506842131948,254.6189027580723
21.907349120627348,vapour,41.31990810812252,0.5703375228107053,4193.715893487845,2.9245087322786545,2.8395075966551,1.2007126593521023,200.70502409977593,7.048963215558052,3.4302365489376596,0.0033735393898938772,8028.381433849846,0.5257220614755628,45.191407922853685,,,35.5139236555936,11.34459739381498,21.945396387255755,6.6583708604335365,,,150.79491693106468,254.90634571588282
21.589851307284924,vapour,41.30821468738101,0.570176118854979,4193.715893487845,2.9240176488736354,2.838803472094777,1.2022458691211968,200.74260327584705,7.052147652412008,3.432197266251511,0.00337207146656687,8023.102731913175,0.5258299773415823,45.285534911949135,,,35.73523625578338,11.332710488497582,21.940390173704202,6.665188900668648,,,151.13414982570572,255.19330117419634
21.2723534939425,vapour,41.29650463677641,0.5700144853577229,4193.715893487845,2.9235275954268274,2.838102250629361,1.203777963536404,200.78023338819537,7.055338331455549,3.434161377047843,0.0033706066854293005,8017.821292358905,0.5259380405649755,45.379673799855546,,,35.95700103643128,11.320810909606791,21.935380089026182,6.672014281271609,,,151.47267183119004,255.47968831973742
20.95485568060007,vapour,41.284777471093825,0.5698526156215296,4193.715893487845,2.9230385646853594,2.837403906998058,1.2053089426012764,200.8179159897507,7.058535393845012,3.4361289655690106,0.0033691449897809284,8012.536910877464,0.5260462556110989,45.47382451996802,,,36.1792143599709,11.308898649538094,21.930366134340375,6.6788467473115505,,,151.81048799113034,255.76551118552027
20.637357867257645,vapour,41.27303214476772,0.5696904952144873,4193.715893487845,2.9225504054890075,2.8367081931222797,1.2068391660484088,200.8556544334308,7.061739133934057,3.4381002102235163,0.0033676860282995415,8007.249131779712,0.5261546321146988,45.568035140332654,,,36.401924357773225,11.29695336612366,21.92533975557774,6.685708194760513,,,152.14770275841238,256.05085793097226
20.31986005391522,vapour,41.26127017831837,0.5695281451242947,4193.715893487845,2.9220632551447387,2.8360153089705262,1.2083682731301029,200.89344382711343,7.064949146208,3.4400748587715397,0.003366230119988902,8001.958654758672,0.5262631560326333,45.662257566362676,,,36.625076067648706,11.284995377651398,21.920309510447453,6.692577029849808,,,152.48422131568623,256.3356481078541
20.002362240572797,vapour,41.249490039049476,0.5693655441951879,4193.715893487845,2.9215769589629237,2.835325013718221,1.2098966920475611,200.93128908853734,7.068165858225371,3.442053171488622,0.0033647768960871406,7996.664805559604,0.5263718414936841,45.756528302422645,,,36.84872848038793,11.273014504860896,21.915271123180617,6.699463676591269,,,152.82015055342163,256.6199719632492
19.684864427230373,vapour,41.23769276201837,0.5692027067140342,4193.715893487845,2.921091662074862,2.8346374957802625,1.2114239243132618,200.96918688572572,7.071388996751536,3.444034977556334,0.003363326635608304,7991.368064760907,0.5264806789350156,45.85082246925864,,,37.07280537623234,11.261010733577507,21.91022459595621,6.706368725268262,,,153.15539024813813,256.90374445906
19.367366613887945,vapour,41.22587778991778,0.5690396249883369,4193.715893487845,2.9206072021338456,2.833952526562048,1.212950536714896,201.00713900244153,7.074618723370615,3.4460203735703248,0.003361879037000967,7986.068197273851,0.5265896734853721,45.94515326218372,,,37.29738697514364,11.248994225537217,21.905174207148036,6.713280644377581,,,153.49005257929804,257.1870603439894
19.04986880054552,vapour,41.21404567019722,0.5688763065745261,4193.715893487845,2.920123727959976,2.8332702882122494,1.2144759614672018,201.0451436736408,7.07785489778359,3.448009270518436,0.0033604343454730376,7980.765463793148,0.5266988200817656,46.039507477926236,,,37.52238634580738,11.236954794905444,21.90011568204835,6.720211007004862,,,153.82403477398498,257.4698324068178
18.732370987203094,vapour,41.20219639779253,0.5687127514027015,4193.715893487845,2.9196412325941887,2.832590757081708,1.2160001979602877,201.08320090926293,7.081097530632693,3.4500016721973705,0.003358992532298852,7975.459876828197,0.5268081187587156,46.13388514354107,,,37.74780002679563,11.224892427416023,21.895049022847275,6.727159843262052,,,154.15734166982946,257.7520645235155
18.41487317386067,vapour,41.1903289239305,0.5685489449966761,4193.715893487845,2.9191595587043278,2.831913702453895,1.2175237427996328,201.12131407109345,7.084346918442086,3.4519977579884973,0.0033575532673122185,7970.150982194609,0.5269175791772627,46.22831117566239,,,37.97369834096105,11.212807108767436,21.889974231739018,6.734126617652449,,,154.49008198190245,258.03384854706667
18.097375360518242,vapour,41.17844373501668,0.5683848940702919,4193.715893487845,2.918678700171581,2.8312391033561473,1.2190465950982488,201.15948159021022,7.087602937705381,3.453997449165231,0.003356116551580107,7964.839013226721,0.5270271968377278,46.322785600612086,,,38.2000783039428,11.200698824622805,21.8848913109224,6.741111625581659,,,154.82225996744893,258.3151878965224
17.77987754717582,vapour,41.16654186725309,0.5682206129262162,4193.715893487845,2.918198796722615,2.830567149671162,1.2205683278942483,201.19770013271562,7.0908653139088385,3.4560005743580997,0.0033546826654460345,7959.524447841076,0.5271369621711526,46.41727171462697,,,38.42687317331945,11.188577747487102,21.879804537022835,6.748104153380256,,,155.15377913257117,258.59600064724475
17.462379733833394,vapour,41.15462282251026,0.5680560946887819,4193.715893487845,2.917719845683364,2.8298978136207125,1.2220888700564163,201.23597129207766,7.094134192858587,3.45800722033998,0.003353251548920641,7954.207078060039,0.5272468797600323,46.51178135118893,,,38.65406922096906,11.176433680474872,21.874709637114165,6.755115254451247,,,155.48464135331767,258.87628817678126
17.14488192049097,vapour,41.142685551938264,0.5678913248807432,4193.715893487845,2.917241686773889,2.829230873075583,1.2236087891822238,201.27429842950968,7.0974098718514655,3.460017566756447,0.003351822882413007,7948.8864513534245,0.5273569592642428,46.606327527873134,,,38.88174766716935,11.164276800435005,21.86961088711763,6.762133064577298,,,155.81495738078354,259.156144112129
16.827384107148543,vapour,41.13073004891685,0.567726303410721,4193.715893487845,2.9167643222341524,2.8285662981135684,1.2251279418807646,201.3126815593873,7.100692362614444,3.462031617878163,0.003350396630033898,7943.562580790366,0.5274672007314686,46.70093405539359,,,39.109885063590355,11.152086712554933,21.864499741467796,6.769180256615667,,,156.144725696619,259.4355669879375
16.509886293806115,vapour,41.11875784485949,0.5675610514167718,4193.715893487845,2.9162878868675683,2.8279042811668913,1.2266459735566888,201.35111575874024,7.103981254277089,3.464049118760929,0.0033489731013636053,7938.236163392557,0.5275775900284765,46.795552268061876,,,39.33842433312702,11.139883787106214,21.85938474944811,6.7762350336582164,,,156.47385320526746,259.71447772970316
16.19238848046369,vapour,41.106768436909526,0.5673955619579798,4193.715893487845,2.9158123781595378,2.827244795374729,1.2281628122610355,201.3896026358648,7.107276694366078,3.466070157109533,0.0033475522373880217,7932.906989867992,0.5276881317806212,46.8901941122372,,,39.5673518968016,11.127657818288526,21.854261639567937,6.783308482506294,,,156.8023416711414,259.9928776286798
15.874890667121267,vapour,41.094760776161024,0.5672298205563259,4193.715893487845,2.9153376410607446,2.8265876174204863,1.2296789538624466,201.42814555133685,7.11057898095473,3.468094912832817,0.0033461337175047195,7927.574609353557,0.5277988356464349,46.98488450726638,,,39.79673936062903,11.115408791544041,21.84913041405241,6.790400064108728,,,157.13029823198696,260.27085729794146
15.557392853778842,vapour,41.08273639983394,0.5670638484300137,4193.715893487845,2.9148638138914498,2.8259329332140752,1.2311939735202515,201.46673956458474,7.113887700969339,3.4701231297853687,0.0033447178436138525,7922.239719552591,0.527909687441747,47.0795865969028,,,40.02651893718718,11.10314689463712,21.84399534705375,6.797499277023945,,,157.45762736082435,260.54833558184976
15.239895040436416,vapour,41.0706937587516,0.5668976241958013,4193.715893487845,2.9143907503435975,2.825280511843561,1.2327082223473043,201.50538964163124,7.117203290409543,3.4721550723466823,0.0033433042596273913,7916.901648182819,0.5280207014365114,47.17434933650354,,,40.256742232603926,11.090851710451773,21.838847896600498,6.80462804566365,,,157.78443015693642,260.82539799814924
14.922397227093992,vapour,41.05863438884627,0.5667311690541182,4193.715893487845,2.9139185842547835,2.8246305428223986,1.2342213482904572,201.54409084673048,7.120525336148557,3.474190484439484,0.0033418932714676616,7911.561091107761,0.5281318634601623,47.269123821425396,,,40.48735133574348,11.078543631276602,21.833696608415664,6.811764486943778,,,158.11061418865728,261.1019660007429
14.604899413751566,vapour,41.04655673874395,0.5665644615913934,4193.715893487845,2.913447161676453,2.8239828062525465,1.2357338474608495,201.582848152337,7.12385427532965,3.4762296309957996,0.0033404845361962535,7906.2173763280225,0.5282431878014711,47.363934893017074,,,40.718418411440325,11.066222649123688,21.828541483659706,6.818907757558751,,,158.43628583355002,261.3781296057174
14.28740160040914,vapour,41.034461843596894,0.5663975160958038,4193.715893487845,2.912976632426474,2.8233374721471463,1.2372450772218755,201.62165823024492,7.12718983256314,3.478272340379589,0.0033390783098782143,7900.870977180818,0.5283546649070961,47.45878193565958,,,40.94984484411293,11.053868333396167,21.823373982530825,6.826081250309466,,,158.76134161918498,261.653800890993
13.969903787066714,vapour,41.02234916125989,0.5662303250841344,4193.715893487845,2.912506834912193,2.822694331530525,1.2387556790914689,201.6605228138801,7.130532167205603,3.480318707256266,0.003337674316377347,7895.5216690383595,0.528466299762448,47.55366562427719,,,41.181723312820964,11.041501089700262,21.818202648601073,6.833261889733759,,,159.08589320397044,261.9290743733874
13.65240597372429,vapour,41.01021921768052,0.566062895816025,4193.715893487845,2.912037914484905,2.8220535580249204,1.2402650834257054,201.69944020950345,7.133881144003615,3.4823686458803738,0.0033362727888157266,7890.169699190924,0.5285780875088026,47.64857326886731,,,41.41396506536512,11.029110694196163,21.813023213279507,6.840461398975626,,,159.40984019966106,262.203864731424
13.334908160381863,vapour,40.99807096390258,0.5658952138127626,4193.715893487845,2.911569718254738,2.8214149352153037,1.2417737853501263,201.73841377622685,7.137237062591075,3.4844223366832434,0.0033348734155389504,7884.814620141508,0.5286900378014757,47.7435297889479,,,41.64664293422271,11.01669713206553,21.80783567882213,6.847679235395712,,,159.73328825286632,262.47826140617974
13.017410347039439,vapour,40.98590543119133,0.5657272933088725,4193.715893487845,2.9111023830362264,2.8207786447430316,1.243281362435918,201.77744019927243,7.140599648143353,3.486479608494982,0.0033334764658854176,7879.456901802453,0.5288021411253759,47.83849815363987,,,41.87968799623553,11.004270608764102,21.80264431651983,6.854904550585683,,,160.05614287134057,262.75218406293254
12.699912533697015,vapour,40.97372261574251,0.5655591342518447,4193.715893487845,2.910635910831695,2.8201446577468903,1.2447876662904631,201.81651948488155,7.143968911560423,3.4885404650499634,0.003332081905343314,7874.096557173122,0.5289143975048008,47.93350288765948,,,42.113077121738854,10.991810671044561,21.797440590211863,6.862160263600478,,,160.37840269546837,263.0256313632191
12.382414720354587,vapour,40.96152093897483,0.5653907148525662,4193.715893487845,2.9101699953819073,2.8195125749631207,1.2462938353996558,201.85565669029245,7.147345299661242,3.4906051766095136,0.003330689178524324,7868.732907321242,0.529026821473435,48.028569249549456,,,42.34697994022008,10.979337746872716,21.792233039862992,6.869422632556061,,,160.7002793273054,263.2987827020362
12.064916907012163,vapour,40.94930300002955,0.5652220709869102,4193.715893487845,2.90970507332411,2.818882956672234,1.2477983086918232,201.8948434725992,7.150728103262727,3.492673306509407,0.0033292990848680713,7863.367109775638,0.5291393890722743,48.123635006827065,,,42.581154534273935,10.966841600988118,21.78701739871417,6.876704571368269,,,161.0214711407873,263.5713819455883
11.747419093669738,vapour,40.93706722987111,0.5650531809975234,4193.715893487845,2.9092408427765037,2.8182554000680096,1.2493021511495397,201.93408485845694,7.154117766612297,3.494745123413214,0.003327911065375194,7857.998489800215,0.5292521147471976,48.218737581244355,,,42.8157606523547,10.954332447795707,21.78179793661144,6.883993763264225,,,161.34218671386617,263.84360593671875
11.429921280327312,vapour,40.92481310380956,0.5648840376421251,4193.715893487845,2.908777306532312,2.8176298791098215,1.2508052124855378,201.9733825242236,7.1575144454127875,3.496820719415277,0.0033265250616088173,7852.626832793751,0.5293650033204392,48.31390170948328,,,43.05077578081733,10.941789815771074,21.776566120328084,6.891312914838798,,,161.6624241407518,264.1154529065931
11.112423466984886,vapour,40.9125421686327,0.5647146622709837,4193.715893487845,2.9083145962723127,2.817006576757715,1.252307146694877,202.01273150349084,7.160917721052406,3.4988998356961067,0.003325141371260932,7847.252831770075,0.5294780405317825,48.409077909806584,,,43.28614010660334,10.929234150927414,21.77133048692116,6.898639932403826,,,161.9820924715973,264.38684548528965
10.794925653642462,vapour,40.90025390121995,0.5645450476634806,4193.715893487845,2.90785271015752,2.8163854697624653,1.2538078784072753,202.05213346806292,7.164327748539676,3.500982563987253,0.0033237599390953656,7841.876271958738,0.5295912311902169,48.50427861086514,,,43.521840684834046,10.916655208790246,21.766086771107496,6.9059860478218775,,,162.30119299881017,264.657784595148
10.477427840300034,vapour,40.887947252641666,0.5643751793412696,4193.715893487845,2.9073914935218483,2.8157663531135917,1.2553079775325127,202.09159177515303,7.167744829282144,3.5030690853043627,0.0033223804677892754,7836.4967096937435,0.5297045849467408,48.5995162780175,,,43.757961484067266,10.90406321278283,21.760839241278916,6.913339189801979,,,162.61983259792544,264.92836082122506
10.15993002695761,vapour,40.875622214397914,0.5642050571870263,4193.715893487845,2.906930949289342,2.8151492016184445,1.2568072921858937,202.13110644555644,7.171168976249231,3.505159404416489,0.00332100292728669,7831.114157172925,0.5298181018679533,48.694815867536505,,,43.994480208183006,10.891437672962695,21.75557936716166,6.9207224261997595,,,162.93800927173834,265.1985723221975
9.842432213615186,vapour,40.86328033690229,0.5640347026010658,4193.715893487845,2.9064712084719737,2.814534196193381,1.2583054783621774,202.17067250262937,7.174599768976765,3.507253261581923,0.0033196276127071466,7825.729306439139,0.5299317676636998,48.79012770403969,,,44.23133644095941,10.878799053529235,21.75031568288614,6.928113591938708,,,163.25563252963457,265.4683420915586
9.52493440027276,vapour,40.850921092227985,0.5638641082964291,4193.715893487845,2.906012269386873,2.813921314372005,1.259802459898566,202.21029163322547,7.178037364275367,3.509350749495517,0.0033182544696183924,7820.341941461547,0.5300455871865031,48.885464330221346,,,44.468517385078144,10.866137100723336,21.74504392465485,6.935523953737934,,,163.57270355513646,265.7376709657311
9.207436586930335,vapour,40.83854343148561,0.5636932597953259,4193.715893487845,2.905553982405513,2.8133103499881527,1.2612987307001502,202.2499671936271,7.1814820643482475,3.5114520494317434,0.003316883199713336,7814.951620293116,0.5301595700852026,48.98085066108574,,,44.706097748584625,10.85345179929135,21.739764094774785,6.942952963055134,,,163.88932574466008,266.00664661806024
8.88993877358791,vapour,40.826147870263085,0.5635221642144015,4193.715893487845,2.9050963383975144,2.812701290876512,1.2627943665697448,202.289697524953,7.18493373633227,3.5135570771805935,0.0033155138158862713,7809.558583039921,0.5302737116009143,49.07627419954232,,,44.94408467874547,10.840753384023856,21.73448045980672,6.950389367207431,,,164.2055054281072,266.27527428644555
8.572440960245485,vapour,40.8137349137256,0.5633508285264367,4193.715893487845,2.9046394839744325,2.8120942997650955,1.2642887193960564,202.3294810021861,7.18839224996904,3.5156657501954336,0.00331414653653627,7804.163064419496,0.530388007071852,49.17173536062115,,,45.18237824095178,10.828021341751594,21.72918449319576,6.957856617892692,,,164.52114133463328,266.5434677791228
8.254943146903058,vapour,40.801305080231955,0.5631792598863234,4193.715893487845,2.9041834013685537,2.8114893710425815,1.265782019120377,202.36931595847858,7.191857471025759,3.517777983581577,0.0033127813821738376,7798.765304032605,0.5305024517158646,49.26719640993269,,,45.42100463556392,10.815286414329819,21.72388898889227,6.965320291097266,,,164.83624575947852,266.8112373802884
7.937445333560634,vapour,40.78885626761634,0.5630074292779265,4193.715893487845,2.9037279540723833,2.810886289440577,1.267274528802186,202.4092091248411,7.195329996156598,3.5198941378674684,0.003311417988865483,7793.364404240562,0.5306170648778089,49.3627200934698,,,45.66001000976365,10.802517829163378,21.71858115758687,6.972813997314423,,,165.150913035308,267.07866310357815
7.619947520218208,vapour,40.77638899010154,0.5628353437990484,4193.715893487845,2.9032731330967314,2.810285043336438,1.2687663244516267,202.44915884695376,7.198809692946306,3.522014129083746,0.003310056370104852,7787.9606043438025,0.5307318418119507,49.45829389522159,,,45.89940154837865,10.789725823228196,21.713265265483983,6.980326473840925,,,165.46514939370468,267.34575011017125
7.302449706875783,vapour,40.76390480861069,0.562663024995067,4193.715893487845,2.902819076299809,2.80968580188204,1.2702569114053006,202.48916011727343,7.202296136282892,3.5241376950796814,0.003308696807000275,7782.554595821133,0.5308467681382729,49.55389310614405,,,46.13909836490569,10.776910381060134,21.707941314915217,6.987858627024157,,,165.77885960826018,267.6124173156919
6.984951893533357,vapour,40.75140371668968,0.5624904727768966,4193.715893487845,2.9023657741963564,2.8090885519255964,1.2717463669584608,202.5292129512232,7.205789338171983,3.526264840104883,0.003307339283635447,7777.1463898202055,0.5309618439076971,49.64950508839427,,,46.37910722280071,10.764081751233903,21.702613570224514,6.995398857654872,,,166.09205025126954,267.87867014952565
6.667454080190931,vapour,40.73888413556227,0.5623176653527332,4193.715893487845,2.9019130830728432,2.808493089129888,1.2732351068411514,202.56932240138903,7.209289750394645,3.52839583609104,0.0033059834768445315,7771.735318234531,0.5310770836436817,49.745167442846544,,,46.61949426832655,10.751229658831733,21.697277770992798,7.002957929380206,,,166.4048206353483,268.144592897249
6.3499562668485074,vapour,40.72634762891038,0.5621446243060341,4193.715893487845,2.9014611362799507,2.8078995852412425,1.2747227148923939,202.60948345244012,7.212796946408784,3.530530420179715,0.0033046296706754218,7766.322071796195,0.5311924729434157,49.840842675701154,,,46.860187877897715,10.738364357066303,21.691938180819136,7.010525101300538,,,166.71707864605673,268.41010709982277
6.032458453506082,vapour,40.71379207801055,0.5619713203921194,4193.715893487845,2.9010097946008813,2.8073078335751487,1.2762095278584715,202.6497028859135,7.216311529769418,3.532668956479662,0.003303277511231188,7760.9057508640535,0.5313080312983772,49.93658126507239,,,47.101244952524894,10.725465295143636,21.686586279160906,7.018122513406574,,,167.0289204899439,268.67529442121224
5.714960640163656,vapour,40.70121854211249,0.561797768231783,4193.715893487845,2.9005590452104295,2.8067178269135695,1.2776957015414512,202.68997730253858,7.219833215085582,3.5348112680253343,0.0033019270455843302,7755.4868282429115,0.5314237489489874,50.03235769349401,,,47.34268217232818,10.712552997342584,21.681230590504867,7.025727481100642,,,167.34035504799482,268.9401622868428
5.397462826821231,vapour,40.688627513162956,0.5616239746153516,4193.715893487845,2.900109029115316,2.806129728187068,1.2791806636757375,202.73030512091447,7.223361875336349,3.5369572743254287,0.003300578491209817,7750.06553083773,0.531539621358489,50.128160077863114,,,47.584408483148934,10.699617179225129,21.675866855948414,7.033351967005545,,,167.65128491380608,269.2046277168589
5.079965013478805,vapour,40.676018981903226,0.5614499394150279,4193.715893487845,2.899659741117551,2.8055435212730666,1.2806644137613856,202.77068636523381,7.226897523795739,3.539106980251955,0.0032992318286794702,7744.6418692354255,0.5316556486033109,50.2239885364891,,,47.82642114309084,10.686657825091118,21.670495077850035,7.040996001453566,,,167.96171369644753,269.4686936312852
4.76246720013638,vapour,40.663392441964405,0.5612756556414161,4193.715893487845,2.8992110347723723,2.8049590098174773,1.2821474443709449,202.811122651645,7.23044031329695,3.541260475483933,0.00329788680078724,7739.2156404919015,0.5317718353341434,50.31986797382302,,,48.06879671932376,10.673674919202256,21.66511525857294,7.0486593348497975,,,168.27174259806947,269.73244598180065
4.444969386793955,vapour,40.650747338834734,0.561101115640606,4193.715893487845,2.8987629014472,2.804376183180235,1.2836298340888095,202.8516157500639,7.233990410561253,3.5434178580381577,0.00329654336638016,7733.786621818133,0.5318881866437456,50.415785543428875,,,48.311542286146505,10.66067872876829,21.659731659470765,7.056329978474663,,,168.5813776023748,269.9958897372468
4.127471573451529,vapour,40.63808574046224,0.5609263479564258,4193.715893487845,2.898315622505753,2.803795382228416,1.2851105173968733,202.89215903295536,7.237547245804931,3.5455787784226787,0.0032952020338805326,7728.355715625843,0.5320046834958023,50.51170470952468,,,48.55448696936264,10.64765895975728,21.654340023167947,7.064020824400913,,,168.89042431993494,270.2588593616389
3.809973760109104,vapour,40.625404524318675,0.5607513094887067,4193.715893487845,2.897868774142109,2.803216049738952,1.2865908926612666,202.93276249316602,7.241111707279791,3.5477437729696066,0.003293861986073143,7722.921597773522,0.5321213546108842,50.60771294804746,,,48.79785721431847,10.634605308570485,21.64893609381369,7.071741877437686,,,169.19917559659677,270.5216039066214
3.4924759467666786,vapour,40.61270629399088,0.5605760361746838,4193.715893487845,2.8974226214342123,2.802638540797237,1.2880702127379688,202.97341778854832,7.2446830744132535,3.549912400653576,0.003292523775852927,7717.485399442212,0.5322381760257164,50.70372178065863,,,49.041519792530835,10.621548622610078,21.64353264846187,7.079459448878935,,,169.50744829447643,270.7839674052922
3.1749781334242537,vapour,40.59999050060672,0.5604005204382906,4193.715893487845,2.8969771715466774,2.802062829371393,1.2895482378565808,203.01412667123944,7.248261512341452,3.5520847585133843,0.0032911873441600044,7712.046899874493,0.5323551527819724,50.799770379413665,,,49.2854438238889,10.60845802268068,21.6381169148205,7.087208458145642,,,169.81523747974381,271.0459455167503
2.857480320081828,vapour,40.58725664144415,0.560224755340469,4193.715893487845,2.896532271215067,2.801488730054742,1.2910256201167203,203.05489074521572,7.2518471736015,3.554260935832972,0.0032898524472681624,7706.605898907139,0.5324722894958375,50.895857532851096,,,49.52972539065712,10.595354075542161,21.632697410580477,7.09496516410793,,,170.1226490695745,271.3076282648723
2.5399825067394026,vapour,40.574504157965116,0.5600487331717341,4193.715893487845,2.896087924139626,2.800916222286042,1.2925021982517049,203.09571179272854,7.255440226832693,3.5564410315631783,0.003288519032342669,7701.162173370598,0.5325895912960191,50.99200952943419,,,49.77434347173039,10.582216177700559,21.627265623593928,7.10275279794318,,,170.42968052542994,271.56901337353986
2.2224846933969773,vapour,40.56173462254943,0.5598724756356,4193.715893487845,2.895644257795001,2.8003454760454805,1.2939776400839014,203.13658477513235,7.259040240152602,3.5586247803166535,0.0032871873806795326,7695.71640932103,0.5327070437108754,51.08817551490901,,,50.01923432643548,10.569064905450034,21.621830070028807,7.110548753592518,,,170.73624378277344,271.83002574435125
1.904986880054552,vapour,40.54894747811141,0.5596959750426287,4193.715893487845,2.8952012673635643,2.799776476526424,1.295451945715715,203.1775114704891,7.262647381532238,3.5608122806995306,0.0032858574461030656,7690.2683833842175,0.5328246518569126,51.18435554386646,,,50.26439531868556,10.555900249970762,21.61639075113169,7.118352721234678,,,171.04234218629404,272.09066808824684
1.5874890667121269,vapour,40.53614167961278,0.5595192169681865,4193.715893487845,2.8947588165626534,2.799209026815512,1.296925445110494,203.21849521802235,7.2662619571233495,3.563003714970776,0.0032845289436063095,7684.817665489768,0.5329424253371772,51.280600837699794,,,50.509885630968995,10.542701593207482,21.610939157069367,7.126187716323031,,,171.348069921547,272.3510204799737
1.2699912533697013,vapour,40.523317209435525,0.5593422011690924,4193.715893487845,2.89431689305942,2.798643120697279,1.2983982995300167,203.25953606828057,7.269883983559487,3.5651990897296857,0.00328320186533357,7679.364263949167,0.5330603643044798,51.376885145585284,,,50.75572160455954,10.529489525838358,21.605483801714513,7.134030169753975,,,171.65343552781582,272.6110900805189
0.952493440027276,vapour,40.51047509443353,0.5591649418189815,4193.715893487845,2.893875635929681,2.798078916337538,1.2998699354072756,203.3006307296329,7.2735131822631,3.567398232696931,0.003281876450190485,7673.90863058835,0.5331784593070803,51.473197027280186,,,51.001811151462505,10.516253729513721,21.60002043155191,7.141892492803012,,,171.95834292122856,272.8707949368801
0.6349956266848507,vapour,40.49761532405653,0.5589874387722288,4193.715893487845,2.89343504050072,2.7975163995375953,1.3013403522773708,203.3417792306918,7.27714956742733,3.5696011491021205,0.003280552681109028,7668.450775455194,0.5332967104344698,51.569536625832555,,,51.24815175584462,10.502994188036041,21.59454904899644,7.149774715836901,,,172.26279534571734,273.1301376791363
0.31749781334242533,vapour,40.484736370659625,0.558809670942795,4193.715893487845,2.89299482425941,2.7969552090420997,1.3028105330447557,203.38298645399857,7.280793582667671,3.5718081042005116,0.00327923005587202,7662.990065657088,0.5334151317254661,51.66595357509215,,,51.4949024540681,10.489710885168392,21.58906965646753,7.1576760035866585,,,172.5669880355515,273.38928450654714
0.0,vapour,40.47184077112239,0.558631673347157,4193.715893487845,2.8925553999004263,2.796395853070186,1.3042790019012815,203.42424427735546,7.284444521605347,3.574018666753217,0.0032779093015378167,7657.527591659403,0.5335336998458992,51.76237377918719,,,51.741818760801436,10.476403804634344,21.583582256389093,7.165597839144418,,,172.87063583156282,273.64799236852616
